 -12.00000    0.000000    0.000000    0.000000    0.000000    0.000000    0.000000    0.000000    0.000000    0.000000    0.000000    0.000000
 -11.99400    0.000000    0.000000    0.000000    0.000000    0.000000    0.000000    0.000000    0.000000    0.000000    0.000000    0.000000
 -11.98800    0.000000    0.000000    0.000000    0.000000    0.000000    0.000000    0.000000    0.000000    0.000000    0.000000    0.000000
 -11.98199    0.000000    0.000000    0.000000    0.000000    0.000000    0.000000    0.000000    0.000000    0.000000    0.000000    0.000000
 -11.97599    0.000000    0.000000    0.000000    0.000000    0.000000    0.000000    0.000000    0.000000    0.000000    0.000000    0.000000
 -11.96999    0.000000    0.000000    0.000000    0.000000    0.000000    0.000000    0.000000    0.000000    0.000000    0.000000    0.000000
 -11.96399    0.000000    0.000000    0.000000    0.000000    0.000000    0.000000    0.000000    0.000000    0.000000    0.000000    0.000000
 -11.95799    0.000000    0.000000    0.000000    0.000000    0.000000    0.000000    0.000000    0.000000    0.000000    0.000000    0.000000
 -11.95198    0.000000    0.000000    0.000000    0.000000    0.000000    0.000000    0.000000    0.000000    0.000000    0.000000    0.000000
 -11.94598    0.000000    0.000000    0.000000    0.000000    0.000000    0.000000    0.000000    0.000000    0.000000    0.000000    0.000000
 -11.93998    0.000000    0.000000    0.000000    0.000000    0.000000    0.000000    0.000000    0.000000    0.000000    0.000000    0.000000
 -11.93398    0.000000    0.000000    0.000000    0.000000    0.000000    0.000000    0.000000    0.000000    0.000000    0.000000    0.000000
 -11.92798    0.000000    0.000000    0.000000    0.000000    0.000000    0.000000    0.000000    0.000000    0.000000    0.000000    0.000000
 -11.92197    0.000000    0.000000    0.000000    0.000000    0.000000    0.000000    0.000000    0.000000    0.000000    0.000000    0.000000
 -11.91597    0.000000    0.000000    0.000000    0.000000    0.000000    0.000000    0.000000    0.000000    0.000000    0.000000    0.000000
 -11.90997    0.000000    0.000000    0.000000    0.000000    0.000000    0.000000    0.000000    0.000000    0.000000    0.000000    0.000000
 -11.90397    0.000000    0.000000    0.000000    0.000000    0.000000    0.000000    0.000000    0.000000    0.000000    0.000000    0.000000
 -11.89797    0.000000    0.000000    0.000000    0.000000    0.000000    0.000000    0.000000    0.000000    0.000000    0.000000    0.000000
 -11.89196    0.000000    0.000000    0.000000    0.000000    0.000000    0.000000    0.000000    0.000000    0.000000    0.000000    0.000000
 -11.88596    0.000000    0.000000    0.000000    0.000000    0.000000    0.000000    0.000000    0.000000    0.000000    0.000000    0.000000
 -11.87996    0.000000    0.000000    0.000000    0.000000    0.000000    0.000000    0.000000    0.000000    0.000000    0.000000    0.000000
 -11.87396    0.000000    0.000000    0.000000    0.000000    0.000000    0.000000    0.000000    0.000000    0.000000    0.000000    0.000000
 -11.86796    0.000000    0.000000    0.000000    0.000000    0.000000    0.000000    0.000000    0.000000    0.000000    0.000000    0.000000
 -11.86195    0.000000    0.000000    0.000000    0.000000    0.000000    0.000000    0.000000    0.000000    0.000000    0.000000    0.000000
 -11.85595    0.000000    0.000000    0.000000    0.000000    0.000000    0.000000    0.000000    0.000000    0.000000    0.000000    0.000000
 -11.84995    0.000000    0.000000    0.000000    0.000000    0.000000    0.000000    0.000000    0.000000    0.000000    0.000000    0.000000
 -11.84395    0.000000    0.000000    0.000000    0.000000    0.000000    0.000000    0.000000    0.000000    0.000000    0.000000    0.000000
 -11.83795    0.000000    0.000000    0.000000    0.000000    0.000000    0.000000    0.000000    0.000000    0.000000    0.000000    0.000000
 -11.83194    0.000000    0.000000    0.000000    0.000000    0.000000    0.000000    0.000000    0.000000    0.000000    0.000000    0.000000
 -11.82594    0.000000    0.000000    0.000000    0.000000    0.000000    0.000000    0.000000    0.000000    0.000000    0.000000    0.000000
 -11.81994    0.000000    0.000000    0.000000    0.000000    0.000000    0.000000    0.000000    0.000000    0.000000    0.000000    0.000000
 -11.81394    0.000000    0.000000    0.000000    0.000000    0.000000    0.000000    0.000000    0.000000    0.000000    0.000000    0.000000
 -11.80794    0.000000    0.000000    0.000000    0.000000    0.000000    0.000000    0.000000    0.000000    0.000000    0.000000    0.000000
 -11.80193    0.000000    0.000000    0.000000    0.000000    0.000000    0.000000    0.000000    0.000000    0.000000    0.000000    0.000000
 -11.79593    0.000000    0.000000    0.000000    0.000000    0.000000    0.000000    0.000000    0.000000    0.000000    0.000000    0.000000
 -11.78993    0.000000    0.000000    0.000000    0.000000    0.000000    0.000000    0.000000    0.000000    0.000000    0.000000    0.000000
 -11.78393    0.000000    0.000000    0.000000    0.000000    0.000000    0.000000    0.000000    0.000000    0.000000    0.000000    0.000000
 -11.77793    0.000000    0.000000    0.000000    0.000000    0.000000    0.000000    0.000000    0.000000    0.000000    0.000000    0.000000
 -11.77192    0.000000    0.000000    0.000000    0.000000    0.000000    0.000000    0.000000    0.000000    0.000000    0.000000    0.000000
 -11.76592    0.000000    0.000000    0.000000    0.000000    0.000000    0.000000    0.000000    0.000000    0.000000    0.000000    0.000000
 -11.75992    0.000000    0.000000    0.000000    0.000000    0.000000    0.000000    0.000000    0.000000    0.000000    0.000000    0.000000
 -11.75392    0.000000    0.000000    0.000000    0.000000    0.000000    0.000000    0.000000    0.000000    0.000000    0.000000    0.000000
 -11.74792    0.000000    0.000000    0.000000    0.000000    0.000000    0.000000    0.000000    0.000000    0.000000    0.000000    0.000000
 -11.74191    0.000000    0.000000    0.000000    0.000000    0.000000    0.000000    0.000000    0.000000    0.000000    0.000000    0.000000
 -11.73591    0.000000    0.000000    0.000000    0.000000    0.000000    0.000000    0.000000    0.000000    0.000000    0.000000    0.000000
 -11.72991    0.000000    0.000000    0.000000    0.000000    0.000000    0.000000    0.000000    0.000000    0.000000    0.000000    0.000000
 -11.72391    0.000000    0.000000    0.000000    0.000000    0.000000    0.000000    0.000000    0.000000    0.000000    0.000000    0.000000
 -11.71791    0.000000    0.000000    0.000000    0.000000    0.000000    0.000000    0.000000    0.000000    0.000000    0.000000    0.000000
 -11.71190    0.000000    0.000000    0.000000    0.000000    0.000000    0.000000    0.000000    0.000000    0.000000    0.000000    0.000000
 -11.70590    0.000000    0.000000    0.000000    0.000000    0.000000    0.000000    0.000000    0.000000    0.000000    0.000000    0.000000
 -11.69990    0.000000    0.000000    0.000000    0.000000    0.000000    0.000000    0.000000    0.000000    0.000000    0.000000    0.000000
 -11.69390    0.000000    0.000000    0.000000    0.000000    0.000000    0.000000    0.000000    0.000000    0.000000    0.000000    0.000000
 -11.68790    0.000000    0.000000    0.000000    0.000000    0.000000    0.000000    0.000000    0.000000    0.000000    0.000000    0.000000
 -11.68189    0.000000    0.000000    0.000000    0.000000    0.000000    0.000000    0.000000    0.000000    0.000000    0.000000    0.000000
 -11.67589    0.000000    0.000000    0.000000    0.000000    0.000000    0.000000    0.000000    0.000000    0.000000    0.000000    0.000000
 -11.66989    0.000000    0.000000    0.000000    0.000000    0.000000    0.000000    0.000000    0.000000    0.000000    0.000000    0.000000
 -11.66389    0.000000    0.000000    0.000000    0.000000    0.000000    0.000000    0.000000    0.000000    0.000000    0.000000    0.000000
 -11.65789    0.000000    0.000000    0.000000    0.000000    0.000000    0.000000    0.000000    0.000000    0.000000    0.000000    0.000000
 -11.65188    0.000000    0.000000    0.000000    0.000000    0.000000    0.000000    0.000000    0.000000    0.000000    0.000000    0.000000
 -11.64588    0.000000    0.000000    0.000000    0.000000    0.000000    0.000000    0.000000    0.000000    0.000000    0.000000    0.000000
 -11.63988    0.000000    0.000000    0.000000    0.000000    0.000000    0.000000    0.000000    0.000000    0.000000    0.000000    0.000000
 -11.63388    0.000000    0.000000    0.000000    0.000000    0.000000    0.000000    0.000000    0.000000    0.000000    0.000000    0.000000
 -11.62788    0.000000    0.000000    0.000000    0.000000    0.000000    0.000000    0.000000    0.000000    0.000000    0.000000    0.000000
 -11.62187    0.000000    0.000000    0.000000    0.000000    0.000000    0.000000    0.000000    0.000000    0.000000    0.000000    0.000000
 -11.61587    0.000000    0.000000    0.000000    0.000000    0.000000    0.000000    0.000000    0.000000    0.000000    0.000000    0.000000
 -11.60987    0.000000    0.000000    0.000000    0.000000    0.000000    0.000000    0.000000    0.000000    0.000000    0.000000    0.000000
 -11.60387    0.000000    0.000000    0.000000    0.000000    0.000000    0.000000    0.000000    0.000000    0.000000    0.000000    0.000000
 -11.59787    0.000000    0.000000    0.000000    0.000000    0.000000    0.000000    0.000000    0.000000    0.000000    0.000000    0.000000
 -11.59186    0.000000    0.000000    0.000000    0.000000    0.000000    0.000000    0.000000    0.000000    0.000000    0.000000    0.000000
 -11.58586    0.000000    0.000000    0.000000    0.000000    0.000000    0.000000    0.000000    0.000000    0.000000    0.000000    0.000000
 -11.57986    0.000000    0.000000    0.000000    0.000000    0.000000    0.000000    0.000000    0.000000    0.000000    0.000000    0.000000
 -11.57386    0.000000    0.000000    0.000000    0.000000    0.000000    0.000000    0.000000    0.000000    0.000000    0.000000    0.000000
 -11.56786    0.000000    0.000000    0.000000    0.000000    0.000000    0.000000    0.000000    0.000000    0.000000    0.000000    0.000000
 -11.56185    0.000000    0.000000    0.000000    0.000000    0.000000    0.000000    0.000000    0.000000    0.000000    0.000000    0.000000
 -11.55585    0.000000    0.000000    0.000000    0.000000    0.000000    0.000000    0.000000    0.000000    0.000000    0.000000    0.000000
 -11.54985    0.000000    0.000000    0.000000    0.000000    0.000000    0.000000    0.000000    0.000000    0.000000    0.000000    0.000000
 -11.54385    0.000000    0.000000    0.000000    0.000000    0.000000    0.000000    0.000000    0.000000    0.000000    0.000000    0.000000
 -11.53785    0.000000    0.000000    0.000000    0.000000    0.000000    0.000000    0.000000    0.000000    0.000000    0.000000    0.000000
 -11.53184    0.000000    0.000000    0.000000    0.000000    0.000000    0.000000    0.000000    0.000000    0.000000    0.000000    0.000000
 -11.52584    0.000000    0.000000    0.000000    0.000000    0.000000    0.000000    0.000000    0.000000    0.000000    0.000000    0.000000
 -11.51984    0.000000    0.000000    0.000000    0.000000    0.000000    0.000000    0.000000    0.000000    0.000000    0.000000    0.000000
 -11.51384    0.000000    0.000000    0.000000    0.000000    0.000000    0.000000    0.000000    0.000000    0.000000    0.000000    0.000000
 -11.50784    0.000000    0.000000    0.000000    0.000000    0.000000    0.000000    0.000000    0.000000    0.000000    0.000000    0.000000
 -11.50183    0.000000    0.000000    0.000000    0.000000    0.000000    0.000000    0.000000    0.000000    0.000000    0.000000    0.000000
 -11.49583    0.000000    0.000000    0.000000    0.000000    0.000000    0.000000    0.000000    0.000000    0.000000    0.000000    0.000000
 -11.48983    0.000000    0.000000    0.000000    0.000000    0.000000    0.000000    0.000000    0.000000    0.000000    0.000000    0.000000
 -11.48383    0.000000    0.000000    0.000000    0.000000    0.000000    0.000000    0.000000    0.000000    0.000000    0.000000    0.000000
 -11.47783    0.000000    0.000000    0.000000    0.000000    0.000000    0.000000    0.000000    0.000000    0.000000    0.000000    0.000000
 -11.47182    0.000000    0.000000    0.000000    0.000000    0.000000    0.000000    0.000000    0.000000    0.000000    0.000000    0.000000
 -11.46582    0.000000    0.000000    0.000000    0.000000    0.000000    0.000000    0.000000    0.000000    0.000000    0.000000    0.000000
 -11.45982    0.000000    0.000000    0.000000    0.000000    0.000000    0.000000    0.000000    0.000000    0.000000    0.000000    0.000000
 -11.45382    0.000000    0.000000    0.000000    0.000000    0.000000    0.000000    0.000000    0.000000    0.000000    0.000000    0.000000
 -11.44782    0.000000    0.000000    0.000000    0.000000    0.000000    0.000000    0.000000    0.000000    0.000000    0.000000    0.000000
 -11.44181    0.000000    0.000000    0.000000    0.000000    0.000000    0.000000    0.000000    0.000000    0.000000    0.000000    0.000000
 -11.43581    0.000000    0.000000    0.000000    0.000000    0.000000    0.000000    0.000000    0.000000    0.000000    0.000000    0.000000
 -11.42981    0.000000    0.000000    0.000000    0.000000    0.000000    0.000000    0.000000    0.000000    0.000000    0.000000    0.000000
 -11.42381    0.000000    0.000000    0.000000    0.000000    0.000000    0.000000    0.000000    0.000000    0.000000    0.000000    0.000000
 -11.41781    0.000000    0.000000    0.000000    0.000000    0.000000    0.000000    0.000000    0.000000    0.000000    0.000000    0.000000
 -11.41180    0.000000    0.000000    0.000000    0.000000    0.000000    0.000000    0.000000    0.000000    0.000000    0.000000    0.000000
 -11.40580    0.000000    0.000000    0.000000    0.000000    0.000000    0.000000    0.000000    0.000000    0.000000    0.000000    0.000000
 -11.39980    0.000000    0.000000    0.000000    0.000000    0.000000    0.000000    0.000000    0.000000    0.000000    0.000000    0.000000
 -11.39380    0.000000    0.000000    0.000000    0.000000    0.000000    0.000000    0.000000    0.000000    0.000000    0.000000    0.000000
 -11.38780    0.000000    0.000000    0.000000    0.000000    0.000000    0.000000    0.000000    0.000000    0.000000    0.000000    0.000000
 -11.38179    0.000000    0.000000    0.000000    0.000000    0.000000    0.000000    0.000000    0.000000    0.000000    0.000000    0.000000
 -11.37579    0.000000    0.000000    0.000000    0.000000    0.000000    0.000000    0.000000    0.000000    0.000000    0.000000    0.000000
 -11.36979    0.000000    0.000000    0.000000    0.000000    0.000000    0.000000    0.000000    0.000000    0.000000    0.000000    0.000000
 -11.36379    0.000000    0.000000    0.000000    0.000000    0.000000    0.000000    0.000000    0.000000    0.000000    0.000000    0.000000
 -11.35779    0.000000    0.000000    0.000000    0.000000    0.000000    0.000000    0.000000    0.000000    0.000000    0.000000    0.000000
 -11.35178    0.000000    0.000000    0.000000    0.000000    0.000000    0.000000    0.000000    0.000000    0.000000    0.000000    0.000000
 -11.34578    0.000000    0.000000    0.000000    0.000000    0.000000    0.000000    0.000000    0.000000    0.000000    0.000000    0.000000
 -11.33978    0.000000    0.000000    0.000000    0.000000    0.000000    0.000000    0.000000    0.000000    0.000000    0.000000    0.000000
 -11.33378    0.000000    0.000000    0.000000    0.000000    0.000000    0.000000    0.000000    0.000000    0.000000    0.000000    0.000000
 -11.32778    0.000000    0.000000    0.000000    0.000000    0.000000    0.000000    0.000000    0.000000    0.000000    0.000000    0.000000
 -11.32177    0.000000    0.000000    0.000000    0.000000    0.000000    0.000000    0.000000    0.000000    0.000000    0.000000    0.000000
 -11.31577    0.000000    0.000000    0.000000    0.000000    0.000000    0.000000    0.000000    0.000000    0.000000    0.000000    0.000000
 -11.30977    0.000000    0.000000    0.000000    0.000000    0.000000    0.000000    0.000000    0.000000    0.000000    0.000000    0.000000
 -11.30377    0.000000    0.000000    0.000000    0.000000    0.000000    0.000000    0.000000    0.000000    0.000000    0.000000    0.000000
 -11.29777    0.000000    0.000000    0.000000    0.000000    0.000000    0.000000    0.000000    0.000000    0.000000    0.000000    0.000000
 -11.29176    0.000000    0.000000    0.000000    0.000000    0.000000    0.000000    0.000000    0.000000    0.000000    0.000000    0.000000
 -11.28576    0.000000    0.000000    0.000000    0.000000    0.000000    0.000000    0.000000    0.000000    0.000000    0.000000    0.000000
 -11.27976    0.000000    0.000000    0.000000    0.000000    0.000000    0.000000    0.000000    0.000000    0.000000    0.000000    0.000000
 -11.27376    0.000000    0.000000    0.000000    0.000000    0.000000    0.000000    0.000000    0.000000    0.000000    0.000000    0.000000
 -11.26776    0.000000    0.000000    0.000000    0.000000    0.000000    0.000000    0.000000    0.000000    0.000000    0.000000    0.000000
 -11.26175    0.000000    0.000000    0.000000    0.000000    0.000000    0.000000    0.000000    0.000000    0.000000    0.000000    0.000000
 -11.25575    0.000000    0.000000    0.000000    0.000000    0.000000    0.000000    0.000000    0.000000    0.000000    0.000000    0.000000
 -11.24975    0.000000    0.000000    0.000000    0.000000    0.000000    0.000000    0.000000    0.000000    0.000000    0.000000    0.000000
 -11.24375    0.000000    0.000000    0.000000    0.000000    0.000000    0.000000    0.000000    0.000000    0.000000    0.000000    0.000000
 -11.23775    0.000000    0.000000    0.000000    0.000000    0.000000    0.000000    0.000000    0.000000    0.000000    0.000000    0.000000
 -11.23174    0.000000    0.000000    0.000000    0.000000    0.000000    0.000000    0.000000    0.000000    0.000000    0.000000    0.000000
 -11.22574    0.000000    0.000000    0.000000    0.000000    0.000000    0.000000    0.000000    0.000000    0.000000    0.000000    0.000000
 -11.21974    0.000000    0.000000    0.000000    0.000000    0.000000    0.000000    0.000000    0.000000    0.000000    0.000000    0.000000
 -11.21374    0.000000    0.000000    0.000000    0.000000    0.000000    0.000000    0.000000    0.000000    0.000000    0.000000    0.000000
 -11.20774    0.000000    0.000000    0.000000    0.000000    0.000000    0.000000    0.000000    0.000000    0.000000    0.000000    0.000000
 -11.20173    0.000000    0.000000    0.000000    0.000000    0.000000    0.000000    0.000000    0.000000    0.000000    0.000000    0.000000
 -11.19573    0.000000    0.000000    0.000000    0.000000    0.000000    0.000000    0.000000    0.000000    0.000000    0.000000    0.000000
 -11.18973    0.000000    0.000000    0.000000    0.000000    0.000000    0.000000    0.000000    0.000000    0.000000    0.000000    0.000000
 -11.18373    0.000000    0.000000    0.000000    0.000000    0.000000    0.000000    0.000000    0.000000    0.000000    0.000000    0.000000
 -11.17773    0.000000    0.000000    0.000000    0.000000    0.000000    0.000000    0.000000    0.000000    0.000000    0.000000    0.000000
 -11.17172    0.000000    0.000000    0.000000    0.000000    0.000000    0.000000    0.000000    0.000000    0.000000    0.000000    0.000000
 -11.16572    0.000000    0.000000    0.000000    0.000000    0.000000    0.000000    0.000000    0.000000    0.000000    0.000000    0.000000
 -11.15972    0.000000    0.000000    0.000000    0.000000    0.000000    0.000000    0.000000    0.000000    0.000000    0.000000    0.000000
 -11.15372    0.000000    0.000000    0.000000    0.000000    0.000000    0.000000    0.000000    0.000000    0.000000    0.000000    0.000000
 -11.14772    0.000000    0.000000    0.000000    0.000000    0.000000    0.000000    0.000000    0.000000    0.000000    0.000000    0.000000
 -11.14171    0.000000    0.000000    0.000000    0.000000    0.000000    0.000000    0.000000    0.000000    0.000000    0.000000    0.000000
 -11.13571    0.000000    0.000000    0.000000    0.000000    0.000000    0.000000    0.000000    0.000000    0.000000    0.000000    0.000000
 -11.12971    0.000000    0.000000    0.000000    0.000000    0.000000    0.000000    0.000000    0.000000    0.000000    0.000000    0.000000
 -11.12371    0.000000    0.000000    0.000000    0.000000    0.000000    0.000000    0.000000    0.000000    0.000000    0.000000    0.000000
 -11.11771    0.000000    0.000000    0.000000    0.000000    0.000000    0.000000    0.000000    0.000000    0.000000    0.000000    0.000000
 -11.11170    0.000000    0.000000    0.000000    0.000000    0.000000    0.000000    0.000000    0.000000    0.000000    0.000000    0.000000
 -11.10570    0.000000    0.000000    0.000000    0.000000    0.000000    0.000000    0.000000    0.000000    0.000000    0.000000    0.000000
 -11.09970    0.000000    0.000000    0.000000    0.000000    0.000000    0.000000    0.000000    0.000000    0.000000    0.000000    0.000000
 -11.09370    0.000000    0.000000    0.000000    0.000000    0.000000    0.000000    0.000000    0.000000    0.000000    0.000000    0.000000
 -11.08770    0.000000    0.000000    0.000000    0.000000    0.000000    0.000000    0.000000    0.000000    0.000000    0.000000    0.000000
 -11.08169    0.000000    0.000000    0.000000    0.000000    0.000000    0.000000    0.000000    0.000000    0.000000    0.000000    0.000000
 -11.07569    0.000000    0.000000    0.000000    0.000000    0.000000    0.000000    0.000000    0.000000    0.000000    0.000000    0.000000
 -11.06969    0.000000    0.000000    0.000000    0.000000    0.000000    0.000000    0.000000    0.000000    0.000000    0.000000    0.000000
 -11.06369    0.000000    0.000000    0.000000    0.000000    0.000000    0.000000    0.000000    0.000000    0.000000    0.000000    0.000000
 -11.05769    0.000000    0.000000    0.000000    0.000000    0.000000    0.000000    0.000000    0.000000    0.000000    0.000000    0.000000
 -11.05168    0.000000    0.000000    0.000000    0.000000    0.000000    0.000000    0.000000    0.000000    0.000000    0.000000    0.000000
 -11.04568    0.000000    0.000000    0.000000    0.000000    0.000000    0.000000    0.000000    0.000000    0.000000    0.000000    0.000000
 -11.03968    0.000000    0.000000    0.000000    0.000000    0.000000    0.000000    0.000000    0.000000    0.000000    0.000000    0.000000
 -11.03368    0.000000    0.000000    0.000000    0.000000    0.000000    0.000000    0.000000    0.000000    0.000000    0.000000    0.000000
 -11.02768    0.000000    0.000000    0.000000    0.000000    0.000000    0.000000    0.000000    0.000000    0.000000    0.000000    0.000000
 -11.02167    0.000000    0.000000    0.000000    0.000000    0.000000    0.000000    0.000000    0.000000    0.000000    0.000000    0.000000
 -11.01567    0.000000    0.000000    0.000000    0.000000    0.000000    0.000000    0.000000    0.000000    0.000000    0.000000    0.000000
 -11.00967    0.000000    0.000000    0.000000    0.000000    0.000000    0.000000    0.000000    0.000000    0.000000    0.000000    0.000000
 -11.00367    0.000000    0.000000    0.000000    0.000000    0.000000    0.000000    0.000000    0.000000    0.000000    0.000000    0.000000
 -10.99767    0.000000    0.000000    0.000000    0.000000    0.000000    0.000000    0.000000    0.000000    0.000000    0.000000    0.000000
 -10.99166    0.000000    0.000000    0.000000    0.000000    0.000000    0.000000    0.000000    0.000000    0.000000    0.000000    0.000000
 -10.98566    0.000000    0.000000    0.000000    0.000000    0.000000    0.000000    0.000000    0.000000    0.000000    0.000000    0.000000
 -10.97966    0.000000    0.000000    0.000000    0.000000    0.000000    0.000000    0.000000    0.000000    0.000000    0.000000    0.000000
 -10.97366    0.000000    0.000000    0.000000    0.000000    0.000000    0.000000    0.000000    0.000000    0.000000    0.000000    0.000000
 -10.96766    0.000000    0.000000    0.000000    0.000000    0.000000    0.000000    0.000000    0.000000    0.000000    0.000000    0.000000
 -10.96165    0.000000    0.000000    0.000000    0.000000    0.000000    0.000000    0.000000    0.000000    0.000000    0.000000    0.000000
 -10.95565    0.000000    0.000000    0.000000    0.000000    0.000000    0.000000    0.000000    0.000000    0.000000    0.000000    0.000000
 -10.94965    0.000000    0.000000    0.000000    0.000000    0.000000    0.000000    0.000000    0.000000    0.000000    0.000000    0.000000
 -10.94365    0.000000    0.000000    0.000000    0.000000    0.000000    0.000000    0.000000    0.000000    0.000000    0.000000    0.000000
 -10.93765    0.000000    0.000000    0.000000    0.000000    0.000000    0.000000    0.000000    0.000000    0.000000    0.000000    0.000000
 -10.93164    0.000000    0.000000    0.000000    0.000000    0.000000    0.000000    0.000000    0.000000    0.000000    0.000000    0.000000
 -10.92564    0.000000    0.000000    0.000000    0.000000    0.000000    0.000000    0.000000    0.000000    0.000000    0.000000    0.000000
 -10.91964    0.000000    0.000000    0.000000    0.000000    0.000000    0.000000    0.000000    0.000000    0.000000    0.000000    0.000000
 -10.91364    0.000000    0.000000    0.000000    0.000000    0.000000    0.000000    0.000000    0.000000    0.000000    0.000000    0.000000
 -10.90764    0.000000    0.000000    0.000000    0.000000    0.000000    0.000000    0.000000    0.000000    0.000000    0.000000    0.000000
 -10.90163    0.000000    0.000000    0.000000    0.000000    0.000000    0.000000    0.000000    0.000000    0.000000    0.000000    0.000000
 -10.89563    0.000000    0.000000    0.000000    0.000000    0.000000    0.000000    0.000000    0.000000    0.000000    0.000000    0.000000
 -10.88963    0.000000    0.000000    0.000000    0.000000    0.000000    0.000000    0.000000    0.000000    0.000000    0.000000    0.000000
 -10.88363    0.000000    0.000000    0.000000    0.000000    0.000000    0.000000    0.000000    0.000000    0.000000    0.000000    0.000000
 -10.87763    0.000000    0.000000    0.000000    0.000000    0.000000    0.000000    0.000000    0.000000    0.000000    0.000000    0.000000
 -10.87162    0.000000    0.000000    0.000000    0.000000    0.000000    0.000000    0.000000    0.000000    0.000000    0.000000    0.000000
 -10.86562    0.000000    0.000000    0.000000    0.000000    0.000000    0.000000    0.000000    0.000000    0.000000    0.000000    0.000000
 -10.85962    0.000000    0.000000    0.000000    0.000000    0.000000    0.000000    0.000000    0.000000    0.000000    0.000000    0.000000
 -10.85362    0.000000    0.000000    0.000000    0.000000    0.000000    0.000000    0.000000    0.000000    0.000000    0.000000    0.000000
 -10.84762    0.000000    0.000000    0.000000    0.000000    0.000000    0.000000    0.000000    0.000000    0.000000    0.000000    0.000000
 -10.84161    0.000000    0.000000    0.000000    0.000000    0.000000    0.000000    0.000000    0.000000    0.000000    0.000000    0.000000
 -10.83561    0.000000    0.000000    0.000000    0.000000    0.000000    0.000000    0.000000    0.000000    0.000000    0.000000    0.000000
 -10.82961    0.000000    0.000000    0.000000    0.000000    0.000000    0.000000    0.000000    0.000000    0.000000    0.000000    0.000000
 -10.82361    0.000000    0.000000    0.000000    0.000000    0.000000    0.000000    0.000000    0.000000    0.000000    0.000000    0.000000
 -10.81761    0.000000    0.000000    0.000000    0.000000    0.000000    0.000000    0.000000    0.000000    0.000000    0.000000    0.000000
 -10.81160    0.000000    0.000000    0.000000    0.000000    0.000000    0.000000    0.000000    0.000000    0.000000    0.000000    0.000000
 -10.80560    0.000000    0.000000    0.000000    0.000000    0.000000    0.000000    0.000000    0.000000    0.000000    0.000000    0.000000
 -10.79960    0.000000    0.000000    0.000000    0.000000    0.000000    0.000000    0.000000    0.000000    0.000000    0.000000    0.000000
 -10.79360    0.000000    0.000000    0.000000    0.000000    0.000000    0.000000    0.000000    0.000000    0.000000    0.000000    0.000000
 -10.78760    0.000000    0.000000    0.000000    0.000000    0.000000    0.000000    0.000000    0.000000    0.000000    0.000000    0.000000
 -10.78159    0.000000    0.000000    0.000000    0.000000    0.000000    0.000000    0.000000    0.000000    0.000000    0.000000    0.000000
 -10.77559    0.000000    0.000000    0.000000    0.000000    0.000000    0.000000    0.000000    0.000000    0.000000    0.000000    0.000000
 -10.76959    0.000000    0.000000    0.000000    0.000000    0.000000    0.000000    0.000000    0.000000    0.000000    0.000000    0.000000
 -10.76359    0.000000    0.000000    0.000000    0.000000    0.000000    0.000000    0.000000    0.000000    0.000000    0.000000    0.000000
 -10.75759    0.000000    0.000000    0.000000    0.000000    0.000000    0.000000    0.000000    0.000000    0.000000    0.000000    0.000000
 -10.75158    0.000000    0.000000    0.000000    0.000000    0.000000    0.000000    0.000000    0.000000    0.000000    0.000000    0.000000
 -10.74558    0.000000    0.000000    0.000000    0.000000    0.000000    0.000000    0.000000    0.000000    0.000000    0.000000    0.000000
 -10.73958    0.000000    0.000000    0.000000    0.000000    0.000000    0.000000    0.000000    0.000000    0.000000    0.000000    0.000000
 -10.73358    0.000000    0.000000    0.000000    0.000000    0.000000    0.000000    0.000000    0.000000    0.000000    0.000000    0.000000
 -10.72758    0.000000    0.000000    0.000000    0.000000    0.000000    0.000000    0.000000    0.000000    0.000000    0.000000    0.000000
 -10.72157    0.000000    0.000000    0.000000    0.000000    0.000000    0.000000    0.000000    0.000000    0.000000    0.000000    0.000000
 -10.71557    0.000000    0.000000    0.000000    0.000000    0.000000    0.000000    0.000000    0.000000    0.000000    0.000000    0.000000
 -10.70957    0.000000    0.000000    0.000000    0.000000    0.000000    0.000000    0.000000    0.000000    0.000000    0.000000    0.000000
 -10.70357    0.000000    0.000000    0.000000    0.000000    0.000000    0.000000    0.000000    0.000000    0.000000    0.000000    0.000000
 -10.69757    0.000000    0.000000    0.000000    0.000000    0.000000    0.000000    0.000000    0.000000    0.000000    0.000000    0.000000
 -10.69156    0.000000    0.000000    0.000000    0.000000    0.000000    0.000000    0.000000    0.000000    0.000000    0.000000    0.000000
 -10.68556    0.000000    0.000000    0.000000    0.000000    0.000000    0.000000    0.000000    0.000000    0.000000    0.000000    0.000000
 -10.67956    0.000000    0.000000    0.000000    0.000000    0.000000    0.000000    0.000000    0.000000    0.000000    0.000000    0.000000
 -10.67356    0.000000    0.000000    0.000000    0.000000    0.000000    0.000000    0.000000    0.000000    0.000000    0.000000    0.000000
 -10.66756    0.000000    0.000000    0.000000    0.000000    0.000000    0.000000    0.000000    0.000000    0.000000    0.000000    0.000000
 -10.66155    0.000000    0.000000    0.000000    0.000000    0.000000    0.000000    0.000000    0.000000    0.000000    0.000000    0.000000
 -10.65555    0.000000    0.000000    0.000000    0.000000    0.000000    0.000000    0.000000    0.000000    0.000000    0.000000    0.000000
 -10.64955    0.000000    0.000000    0.000000    0.000000    0.000000    0.000000    0.000000    0.000000    0.000000    0.000000    0.000000
 -10.64355    0.000000    0.000000    0.000000    0.000000    0.000000    0.000000    0.000000    0.000000    0.000000    0.000000    0.000000
 -10.63755    0.000000    0.000000    0.000000    0.000000    0.000000    0.000000    0.000000    0.000000    0.000000    0.000000    0.000000
 -10.63154    0.000000    0.000000    0.000000    0.000000    0.000000    0.000000    0.000000    0.000000    0.000000    0.000000    0.000000
 -10.62554    0.000000    0.000000    0.000000    0.000000    0.000000    0.000000    0.000000    0.000000    0.000000    0.000000    0.000000
 -10.61954    0.000000    0.000000    0.000000    0.000000    0.000000    0.000000    0.000000    0.000000    0.000000    0.000000    0.000000
 -10.61354    0.000000    0.000000    0.000000    0.000000    0.000000    0.000000    0.000000    0.000000    0.000000    0.000000    0.000000
 -10.60754    0.000000    0.000000    0.000000    0.000000    0.000000    0.000000    0.000000    0.000000    0.000000    0.000000    0.000000
 -10.60153    0.000000    0.000000    0.000000    0.000000    0.000000    0.000000    0.000000    0.000000    0.000000    0.000000    0.000000
 -10.59553    0.000000    0.000000    0.000000    0.000000    0.000000    0.000000    0.000000    0.000000    0.000000    0.000000    0.000000
 -10.58953    0.000000    0.000000    0.000000    0.000000    0.000000    0.000000    0.000000    0.000000    0.000000    0.000000    0.000000
 -10.58353    0.000000    0.000000    0.000000    0.000000    0.000000    0.000000    0.000000    0.000000    0.000000    0.000000    0.000000
 -10.57753    0.000000    0.000000    0.000000    0.000000    0.000000    0.000000    0.000000    0.000000    0.000000    0.000000    0.000000
 -10.57152    0.000000    0.000000    0.000000    0.000000    0.000000    0.000000    0.000000    0.000000    0.000000    0.000000    0.000000
 -10.56552    0.000000    0.000000    0.000000    0.000000    0.000000    0.000000    0.000000    0.000000    0.000000    0.000000    0.000000
 -10.55952    0.000000    0.000000    0.000000    0.000000    0.000000    0.000000    0.000000    0.000000    0.000000    0.000000    0.000000
 -10.55352    0.000000    0.000000    0.000000    0.000000    0.000000    0.000000    0.000000    0.000000    0.000000    0.000000    0.000000
 -10.54752    0.000000    0.000000    0.000000    0.000000    0.000000    0.000000    0.000000    0.000000    0.000000    0.000000    0.000000
 -10.54151    0.000000    0.000000    0.000000    0.000000    0.000000    0.000000    0.000000    0.000000    0.000000    0.000000    0.000000
 -10.53551    0.000000    0.000000    0.000000    0.000000    0.000000    0.000000    0.000000    0.000000    0.000000    0.000000    0.000000
 -10.52951    0.000000    0.000000    0.000000    0.000000    0.000000    0.000000    0.000000    0.000000    0.000000    0.000000    0.000000
 -10.52351    0.000000    0.000000    0.000000    0.000000    0.000000    0.000000    0.000000    0.000000    0.000000    0.000000    0.000000
 -10.51751    0.000000    0.000000    0.000000    0.000000    0.000000    0.000000    0.000000    0.000000    0.000000    0.000000    0.000000
 -10.51150    0.000000    0.000000    0.000000    0.000000    0.000000    0.000000    0.000000    0.000000    0.000000    0.000000    0.000000
 -10.50550    0.000000    0.000000    0.000000    0.000000    0.000000    0.000000    0.000000    0.000000    0.000000    0.000000    0.000000
 -10.49950    0.000000    0.000000    0.000000    0.000000    0.000000    0.000000    0.000000    0.000000    0.000000    0.000000    0.000000
 -10.49350    0.000000    0.000000    0.000000    0.000000    0.000000    0.000000    0.000000    0.000000    0.000000    0.000000    0.000000
 -10.48750    0.000000    0.000000    0.000000    0.000000    0.000000    0.000000    0.000000    0.000000    0.000000    0.000000    0.000000
 -10.48149    0.000000    0.000000    0.000000    0.000000    0.000000    0.000000    0.000000    0.000000    0.000000    0.000000    0.000000
 -10.47549    0.000000    0.000000    0.000000    0.000000    0.000000    0.000000    0.000000    0.000000    0.000000    0.000000    0.000000
 -10.46949    0.000000    0.000000    0.000000    0.000000    0.000000    0.000000    0.000000    0.000000    0.000000    0.000000    0.000000
 -10.46349    0.000000    0.000000    0.000000    0.000000    0.000000    0.000000    0.000000    0.000000    0.000000    0.000000    0.000000
 -10.45749    0.000000    0.000000    0.000000    0.000000    0.000000    0.000000    0.000000    0.000000    0.000000    0.000000    0.000000
 -10.45148    0.000000    0.000000    0.000000    0.000000    0.000000    0.000000    0.000000    0.000000    0.000000    0.000000    0.000000
 -10.44548    0.000000    0.000000    0.000000    0.000000    0.000000    0.000000    0.000000    0.000000    0.000000    0.000000    0.000000
 -10.43948    0.000000    0.000000    0.000000    0.000000    0.000000    0.000000    0.000000    0.000000    0.000000    0.000000    0.000000
 -10.43348    0.000000    0.000000    0.000000    0.000000    0.000000    0.000000    0.000000    0.000000    0.000000    0.000000    0.000000
 -10.42748    0.000000    0.000000    0.000000    0.000000    0.000000    0.000000    0.000000    0.000000    0.000000    0.000000    0.000000
 -10.42147    0.000000    0.000000    0.000000    0.000000    0.000000    0.000000    0.000000    0.000000    0.000000    0.000000    0.000000
 -10.41547    0.000000    0.000000    0.000000    0.000000    0.000000    0.000000    0.000000    0.000000    0.000000    0.000000    0.000000
 -10.40947    0.000000    0.000000    0.000000    0.000000    0.000000    0.000000    0.000000    0.000000    0.000000    0.000000    0.000000
 -10.40347    0.000000    0.000000    0.000000    0.000000    0.000000    0.000000    0.000000    0.000000    0.000000    0.000000    0.000000
 -10.39747    0.000000    0.000000    0.000000    0.000000    0.000000    0.000000    0.000000    0.000000    0.000000    0.000000    0.000000
 -10.39146    0.000000    0.000000    0.000000    0.000000    0.000000    0.000000    0.000000    0.000000    0.000000    0.000000    0.000000
 -10.38546    0.000000    0.000000    0.000000    0.000000    0.000000    0.000000    0.000000    0.000000    0.000000    0.000000    0.000000
 -10.37946    0.000000    0.000000    0.000000    0.000000    0.000000    0.000000    0.000000    0.000000    0.000000    0.000000    0.000000
 -10.37346    0.000000    0.000000    0.000000    0.000000    0.000000    0.000000    0.000000    0.000000    0.000000    0.000000    0.000000
 -10.36746    0.000000    0.000000    0.000000    0.000000    0.000000    0.000000    0.000000    0.000000    0.000000    0.000000    0.000000
 -10.36145    0.000000    0.000000    0.000000    0.000000    0.000000    0.000000    0.000000    0.000000    0.000000    0.000000    0.000000
 -10.35545    0.000000    0.000000    0.000000    0.000000    0.000000    0.000000    0.000000    0.000000    0.000000    0.000000    0.000000
 -10.34945    0.000000    0.000000    0.000000    0.000000    0.000000    0.000000    0.000000    0.000000    0.000000    0.000000    0.000000
 -10.34345    0.000000    0.000000    0.000000    0.000000    0.000000    0.000000    0.000000    0.000000    0.000000    0.000000    0.000000
 -10.33745    0.000000    0.000000    0.000000    0.000000    0.000000    0.000000    0.000000    0.000000    0.000000    0.000000    0.000000
 -10.33144    0.000000    0.000000    0.000000    0.000000    0.000000    0.000000    0.000000    0.000000    0.000000    0.000000    0.000000
 -10.32544    0.000000    0.000000    0.000000    0.000000    0.000000    0.000000    0.000000    0.000000    0.000000    0.000000    0.000000
 -10.31944    0.000000    0.000000    0.000000    0.000000    0.000000    0.000000    0.000000    0.000000    0.000000    0.000000    0.000000
 -10.31344    0.000000    0.000000    0.000000    0.000000    0.000000    0.000000    0.000000    0.000000    0.000000    0.000000    0.000000
 -10.30744    0.000000    0.000000    0.000000    0.000000    0.000000    0.000000    0.000000    0.000000    0.000000    0.000000    0.000000
 -10.30143    0.000000    0.000000    0.000000    0.000000    0.000000    0.000000    0.000000    0.000000    0.000000    0.000000    0.000000
 -10.29543    0.000000    0.000000    0.000000    0.000000    0.000000    0.000000    0.000000    0.000000    0.000000    0.000000    0.000000
 -10.28943    0.000000    0.000000    0.000000    0.000000    0.000000    0.000000    0.000000    0.000000    0.000000    0.000000    0.000000
 -10.28343    0.000000    0.000000    0.000000    0.000000    0.000000    0.000000    0.000000    0.000000    0.000000    0.000000    0.000000
 -10.27743    0.000000    0.000000    0.000000    0.000000    0.000000    0.000000    0.000000    0.000000    0.000000    0.000000    0.000000
 -10.27142    0.000000    0.000000    0.000000    0.000000    0.000000    0.000000    0.000000    0.000000    0.000000    0.000000    0.000000
 -10.26542    0.000000    0.000000    0.000000    0.000000    0.000000    0.000000    0.000000    0.000000    0.000000    0.000000    0.000000
 -10.25942    0.000000    0.000000    0.000000    0.000000    0.000000    0.000000    0.000000    0.000000    0.000000    0.000000    0.000000
 -10.25342    0.000000    0.000000    0.000000    0.000000    0.000000    0.000000    0.000000    0.000000    0.000000    0.000000    0.000000
 -10.24742    0.000000    0.000000    0.000000    0.000000    0.000000    0.000000    0.000000    0.000000    0.000000    0.000000    0.000000
 -10.24141    0.000000    0.000000    0.000000    0.000000    0.000000    0.000000    0.000000    0.000000    0.000000    0.000000    0.000000
 -10.23541    0.000000    0.000000    0.000000    0.000000    0.000000    0.000000    0.000000    0.000000    0.000000    0.000000    0.000000
 -10.22941    0.000000    0.000000    0.000000    0.000000    0.000000    0.000000    0.000000    0.000000    0.000000    0.000000    0.000000
 -10.22341    0.000000    0.000000    0.000000    0.000000    0.000000    0.000000    0.000000    0.000000    0.000000    0.000000    0.000000
 -10.21741    0.000000    0.000000    0.000000    0.000000    0.000000    0.000000    0.000000    0.000000    0.000000    0.000000    0.000000
 -10.21140    0.000000    0.000000    0.000000    0.000000    0.000000    0.000000    0.000000    0.000000    0.000000    0.000000    0.000000
 -10.20540    0.000000    0.000000    0.000000    0.000000    0.000000    0.000000    0.000000    0.000000    0.000000    0.000000    0.000000
 -10.19940    0.000000    0.000000    0.000000    0.000000    0.000000    0.000000    0.000000    0.000000    0.000000    0.000000    0.000000
 -10.19340    0.000000    0.000000    0.000000    0.000000    0.000000    0.000000    0.000000    0.000000    0.000000    0.000000    0.000000
 -10.18740    0.000000    0.000000    0.000000    0.000000    0.000000    0.000000    0.000000    0.000000    0.000000    0.000000    0.000000
 -10.18139    0.000000    0.000000    0.000000    0.000000    0.000000    0.000000    0.000000    0.000000    0.000000    0.000000    0.000000
 -10.17539    0.000000    0.000000    0.000000    0.000000    0.000000    0.000000    0.000000    0.000000    0.000000    0.000000    0.000000
 -10.16939    0.000000    0.000000    0.000000    0.000000    0.000000    0.000000    0.000000    0.000000    0.000000    0.000000    0.000000
 -10.16339    0.000000    0.000000    0.000000    0.000000    0.000000    0.000000    0.000000    0.000000    0.000000    0.000000    0.000000
 -10.15739    0.000000    0.000000    0.000000    0.000000    0.000000    0.000000    0.000000    0.000000    0.000000    0.000000    0.000000
 -10.15138    0.000000    0.000000    0.000000    0.000000    0.000000    0.000000    0.000000    0.000000    0.000000    0.000000    0.000000
 -10.14538    0.000000    0.000000    0.000000    0.000000    0.000000    0.000000    0.000000    0.000000    0.000000    0.000000    0.000000
 -10.13938    0.000000    0.000000    0.000000    0.000000    0.000000    0.000000    0.000000    0.000000    0.000000    0.000000    0.000000
 -10.13338    0.000000    0.000000    0.000000    0.000000    0.000000    0.000000    0.000000    0.000000    0.000000    0.000000    0.000000
 -10.12738    0.000000    0.000000    0.000000    0.000000    0.000000    0.000000    0.000000    0.000000    0.000000    0.000000    0.000000
 -10.12137    0.000000    0.000000    0.000000    0.000000    0.000000    0.000000    0.000000    0.000000    0.000000    0.000000    0.000000
 -10.11537    0.000000    0.000000    0.000000    0.000000    0.000000    0.000000    0.000000    0.000000    0.000000    0.000000    0.000000
 -10.10937    0.000000    0.000000    0.000000    0.000000    0.000000    0.000000    0.000000    0.000000    0.000000    0.000000    0.000000
 -10.10337    0.000000    0.000000    0.000000    0.000000    0.000000    0.000000    0.000000    0.000000    0.000000    0.000000    0.000000
 -10.09737    0.000000    0.000000    0.000000    0.000000    0.000000    0.000000    0.000000    0.000000    0.000000    0.000000    0.000000
 -10.09136    0.000000    0.000000    0.000000    0.000000    0.000000    0.000000    0.000000    0.000000    0.000000    0.000000    0.000000
 -10.08536    0.000000    0.000000    0.000000    0.000000    0.000000    0.000000    0.000000    0.000000    0.000000    0.000000    0.000000
 -10.07936    0.000000    0.000000    0.000000    0.000000    0.000000    0.000000    0.000000    0.000000    0.000000    0.000000    0.000000
 -10.07336    0.000000    0.000000    0.000000    0.000000    0.000000    0.000000    0.000000    0.000000    0.000000    0.000000    0.000000
 -10.06736    0.000000    0.000000    0.000000    0.000000    0.000000    0.000000    0.000000    0.000000    0.000000    0.000000    0.000000
 -10.06135    0.000000    0.000000    0.000000    0.000000    0.000000    0.000000    0.000000    0.000000    0.000000    0.000000    0.000000
 -10.05535    0.000000    0.000000    0.000000    0.000000    0.000000    0.000000    0.000000    0.000000    0.000000    0.000000    0.000000
 -10.04935    0.000000    0.000000    0.000000    0.000000    0.000000    0.000000    0.000000    0.000000    0.000000    0.000000    0.000000
 -10.04335    0.000000    0.000000    0.000000    0.000000    0.000000    0.000000    0.000000    0.000000    0.000000    0.000000    0.000000
 -10.03735    0.000000    0.000000    0.000000    0.000000    0.000000    0.000000    0.000000    0.000000    0.000000    0.000000    0.000000
 -10.03134    0.000000    0.000000    0.000000    0.000000    0.000000    0.000000    0.000000    0.000000    0.000000    0.000000    0.000000
 -10.02534    0.000000    0.000000    0.000000    0.000000    0.000000    0.000000    0.000000    0.000000    0.000000    0.000000    0.000000
 -10.01934    0.000000    0.000000    0.000000    0.000000    0.000000    0.000000    0.000000    0.000000    0.000000    0.000000    0.000000
 -10.01334    0.000000    0.000000    0.000000    0.000000    0.000000    0.000000    0.000000    0.000000    0.000000    0.000000    0.000000
 -10.00734    0.000000    0.000000    0.000000    0.000000    0.000000    0.000000    0.000000    0.000000    0.000000    0.000000    0.000000
 -10.00133    0.000000    0.000000    0.000000    0.000000    0.000000    0.000000    0.000000    0.000000    0.000000    0.000000    0.000000
  -9.99533    0.000000    0.000000    0.000000    0.000000    0.000000    0.000000    0.000000    0.000000    0.000000    0.000000    0.000000
  -9.98933    0.000000    0.000000    0.000000    0.000000    0.000000    0.000000    0.000000    0.000000    0.000000    0.000000    0.000000
  -9.98333    0.000000    0.000000    0.000000    0.000000    0.000000    0.000000    0.000000    0.000000    0.000000    0.000000    0.000000
  -9.97733    0.000000    0.000000    0.000000    0.000000    0.000000    0.000000    0.000000    0.000000    0.000000    0.000000    0.000000
  -9.97132    0.000000    0.000000    0.000000    0.000000    0.000000    0.000000    0.000000    0.000000    0.000000    0.000000    0.000000
  -9.96532    0.000000    0.000000    0.000000    0.000000    0.000000    0.000000    0.000000    0.000000    0.000000    0.000000    0.000000
  -9.95932    0.000000    0.000000    0.000000    0.000000    0.000000    0.000000    0.000000    0.000000    0.000000    0.000000    0.000000
  -9.95332    0.000000    0.000000    0.000000    0.000000    0.000000    0.000000    0.000000    0.000000    0.000000    0.000000    0.000000
  -9.94732    0.000000    0.000000    0.000000    0.000000    0.000000    0.000000    0.000000    0.000000    0.000000    0.000000    0.000000
  -9.94131    0.000000    0.000000    0.000000    0.000000    0.000000    0.000000    0.000000    0.000000    0.000000    0.000000    0.000000
  -9.93531    0.000000    0.000000    0.000000    0.000000    0.000000    0.000000    0.000000    0.000000    0.000000    0.000000    0.000000
  -9.92931    0.000000    0.000000    0.000000    0.000000    0.000000    0.000000    0.000000    0.000000    0.000000    0.000000    0.000000
  -9.92331    0.000000    0.000000    0.000000    0.000000    0.000000    0.000000    0.000000    0.000000    0.000000    0.000000    0.000000
  -9.91731    0.000000    0.000000    0.000000    0.000000    0.000000    0.000000    0.000000    0.000000    0.000000    0.000000    0.000000
  -9.91130    0.000000    0.000000    0.000000    0.000000    0.000000    0.000000    0.000000    0.000000    0.000000    0.000000    0.000000
  -9.90530    0.000000    0.000000    0.000000    0.000000    0.000000    0.000000    0.000000    0.000000    0.000000    0.000000    0.000000
  -9.89930    0.000000    0.000000    0.000000    0.000000    0.000000    0.000000    0.000000    0.000000    0.000000    0.000000    0.000000
  -9.89330    0.000000    0.000000    0.000000    0.000000    0.000000    0.000000    0.000000    0.000000    0.000000    0.000000    0.000000
  -9.88730    0.000000    0.000000    0.000000    0.000000    0.000000    0.000000    0.000000    0.000000    0.000000    0.000000    0.000000
  -9.88129    0.000000    0.000000    0.000000    0.000000    0.000000    0.000000    0.000000    0.000000    0.000000    0.000000    0.000000
  -9.87529    0.000000    0.000000    0.000000    0.000000    0.000000    0.000000    0.000000    0.000000    0.000000    0.000000    0.000000
  -9.86929    0.000000    0.000000    0.000000    0.000000    0.000000    0.000000    0.000000    0.000000    0.000000    0.000000    0.000000
  -9.86329    0.000000    0.000000    0.000000    0.000000    0.000000    0.000000    0.000000    0.000000    0.000000    0.000000    0.000000
  -9.85729    0.000000    0.000000    0.000000    0.000000    0.000000    0.000000    0.000000    0.000000    0.000000    0.000000    0.000000
  -9.85128    0.000000    0.000000    0.000000    0.000000    0.000000    0.000000    0.000000    0.000000    0.000000    0.000000    0.000000
  -9.84528    0.000000    0.000000    0.000000    0.000000    0.000000    0.000000    0.000000    0.000000    0.000000    0.000000    0.000000
  -9.83928    0.000000    0.000000    0.000000    0.000000    0.000000    0.000000    0.000000    0.000000    0.000000    0.000000    0.000000
  -9.83328    0.000000    0.000000    0.000000    0.000000    0.000000    0.000000    0.000000    0.000000    0.000000    0.000000    0.000000
  -9.82728    0.000000    0.000000    0.000000    0.000000    0.000000    0.000000    0.000000    0.000000    0.000000    0.000000    0.000000
  -9.82127    0.000000    0.000000    0.000000    0.000000    0.000000    0.000000    0.000000    0.000000    0.000000    0.000000    0.000000
  -9.81527    0.000000    0.000000    0.000000    0.000000    0.000000    0.000000    0.000000    0.000000    0.000000    0.000000    0.000000
  -9.80927    0.000000    0.000000    0.000000    0.000000    0.000000    0.000000    0.000000    0.000000    0.000000    0.000000    0.000000
  -9.80327    0.000000    0.000000    0.000000    0.000000    0.000000    0.000000    0.000000    0.000000    0.000000    0.000000    0.000000
  -9.79727    0.000000    0.000000    0.000000    0.000000    0.000000    0.000000    0.000000    0.000000    0.000000    0.000000    0.000000
  -9.79126    0.000000    0.000000    0.000000    0.000000    0.000000    0.000000    0.000000    0.000000    0.000000    0.000000    0.000000
  -9.78526    0.000000    0.000000    0.000000    0.000000    0.000000    0.000000    0.000000    0.000000    0.000000    0.000000    0.000000
  -9.77926    0.000000    0.000000    0.000000    0.000000    0.000000    0.000000    0.000000    0.000000    0.000000    0.000000    0.000000
  -9.77326    0.000000    0.000000    0.000000    0.000000    0.000000    0.000000    0.000000    0.000000    0.000000    0.000000    0.000000
  -9.76726    0.000000    0.000000    0.000000    0.000000    0.000000    0.000000    0.000000    0.000000    0.000000    0.000000    0.000000
  -9.76125    0.000000    0.000000    0.000000    0.000000    0.000000    0.000000    0.000000    0.000000    0.000000    0.000000    0.000000
  -9.75525    0.000000    0.000000    0.000000    0.000000    0.000000    0.000000    0.000000    0.000000    0.000000    0.000000    0.000000
  -9.74925    0.000000    0.000000    0.000000    0.000000    0.000000    0.000000    0.000000    0.000000    0.000000    0.000000    0.000000
  -9.74325    0.000000    0.000000    0.000000    0.000000    0.000000    0.000000    0.000000    0.000000    0.000000    0.000000    0.000000
  -9.73725    0.000000    0.000000    0.000000    0.000000    0.000000    0.000000    0.000000    0.000000    0.000000    0.000000    0.000000
  -9.73124    0.000000    0.000000    0.000000    0.000000    0.000000    0.000000    0.000000    0.000000    0.000000    0.000000    0.000000
  -9.72524    0.000000    0.000000    0.000000    0.000000    0.000000    0.000000    0.000000    0.000000    0.000000    0.000000    0.000000
  -9.71924    0.000000    0.000000    0.000000    0.000000    0.000000    0.000000    0.000000    0.000000    0.000000    0.000000    0.000000
  -9.71324    0.000000    0.000000    0.000000    0.000000    0.000000    0.000000    0.000000    0.000000    0.000000    0.000000    0.000000
  -9.70724    0.000000    0.000000    0.000000    0.000000    0.000000    0.000000    0.000000    0.000000    0.000000    0.000000    0.000000
  -9.70123    0.000000    0.000000    0.000000    0.000000    0.000000    0.000000    0.000000    0.000000    0.000000    0.000000    0.000000
  -9.69523    0.000000    0.000000    0.000000    0.000000    0.000000    0.000000    0.000000    0.000000    0.000000    0.000000    0.000000
  -9.68923    0.000000    0.000000    0.000000    0.000000    0.000000    0.000000    0.000000    0.000000    0.000000    0.000000    0.000000
  -9.68323    0.000000    0.000000    0.000000    0.000000    0.000000    0.000000    0.000000    0.000000    0.000000    0.000000    0.000000
  -9.67723    0.000000    0.000000    0.000000    0.000000    0.000000    0.000000    0.000000    0.000000    0.000000    0.000000    0.000000
  -9.67122    0.000000    0.000000    0.000000    0.000000    0.000000    0.000000    0.000000    0.000000    0.000000    0.000000    0.000000
  -9.66522    0.000000    0.000000    0.000000    0.000000    0.000000    0.000000    0.000000    0.000000    0.000000    0.000000    0.000000
  -9.65922    0.000000    0.000000    0.000000    0.000000    0.000000    0.000000    0.000000    0.000000    0.000000    0.000000    0.000000
  -9.65322    0.000000    0.000000    0.000000    0.000000    0.000000    0.000000    0.000000    0.000000    0.000000    0.000000    0.000000
  -9.64722    0.000000    0.000000    0.000000    0.000000    0.000000    0.000000    0.000000    0.000000    0.000000    0.000000    0.000000
  -9.64121    0.000000    0.000000    0.000000    0.000000    0.000000    0.000000    0.000000    0.000000    0.000000    0.000000    0.000000
  -9.63521    0.000000    0.000000    0.000000    0.000000    0.000000    0.000000    0.000000    0.000000    0.000000    0.000000    0.000000
  -9.62921    0.000000    0.000000    0.000000    0.000000    0.000000    0.000000    0.000000    0.000000    0.000000    0.000000    0.000000
  -9.62321    0.000000    0.000000    0.000000    0.000000    0.000000    0.000000    0.000000    0.000000    0.000000    0.000000    0.000000
  -9.61721    0.000000    0.000000    0.000000    0.000000    0.000000    0.000000    0.000000    0.000000    0.000000    0.000000    0.000000
  -9.61120    0.000000    0.000000    0.000000    0.000000    0.000000    0.000000    0.000000    0.000000    0.000000    0.000000    0.000000
  -9.60520    0.000000    0.000000    0.000000    0.000000    0.000000    0.000000    0.000000    0.000000    0.000000    0.000000    0.000000
  -9.59920    0.000000    0.000000    0.000000    0.000000    0.000000    0.000000    0.000000    0.000000    0.000000    0.000000    0.000000
  -9.59320    0.000000    0.000000    0.000000    0.000000    0.000000    0.000000    0.000000    0.000000    0.000000    0.000000    0.000000
  -9.58720    0.000000    0.000000    0.000000    0.000000    0.000000    0.000000    0.000000    0.000000    0.000000    0.000000    0.000000
  -9.58119    0.000000    0.000000    0.000000    0.000000    0.000000    0.000000    0.000000    0.000000    0.000000    0.000000    0.000000
  -9.57519    0.000000    0.000000    0.000000    0.000000    0.000000    0.000000    0.000000    0.000000    0.000000    0.000000    0.000000
  -9.56919    0.000000    0.000000    0.000000    0.000000    0.000000    0.000000    0.000000    0.000000    0.000000    0.000000    0.000000
  -9.56319    0.000000    0.000000    0.000000    0.000000    0.000000    0.000000    0.000000    0.000000    0.000000    0.000000    0.000000
  -9.55719    0.000000    0.000000    0.000000    0.000000    0.000000    0.000000    0.000000    0.000000    0.000000    0.000000    0.000000
  -9.55118    0.000000    0.000000    0.000000    0.000000    0.000000    0.000000    0.000000    0.000000    0.000000    0.000000    0.000000
  -9.54518    0.000000    0.000000    0.000000    0.000000    0.000000    0.000000    0.000000    0.000000    0.000000    0.000000    0.000000
  -9.53918    0.000000    0.000000    0.000000    0.000000    0.000000    0.000000    0.000000    0.000000    0.000000    0.000000    0.000000
  -9.53318    0.000000    0.000000    0.000000    0.000000    0.000000    0.000000    0.000000    0.000000    0.000000    0.000000    0.000000
  -9.52718    0.000000    0.000000    0.000000    0.000000    0.000000    0.000000    0.000000    0.000000    0.000000    0.000000    0.000000
  -9.52117    0.000000    0.000000    0.000000    0.000000    0.000000    0.000000    0.000000    0.000000    0.000000    0.000000    0.000000
  -9.51517    0.000000    0.000000    0.000000    0.000000    0.000000    0.000000    0.000000    0.000000    0.000000    0.000000    0.000000
  -9.50917    0.000000    0.000000    0.000000    0.000000    0.000000    0.000000    0.000000    0.000000    0.000000    0.000000    0.000000
  -9.50317    0.000000    0.000000    0.000000    0.000000    0.000000    0.000000    0.000000    0.000000    0.000000    0.000000    0.000000
  -9.49717    0.000000    0.000000    0.000000    0.000000    0.000000    0.000000    0.000000    0.000000    0.000000    0.000000    0.000000
  -9.49116    0.000000    0.000000    0.000000    0.000000    0.000000    0.000000    0.000000    0.000000    0.000000    0.000000    0.000000
  -9.48516    0.000000    0.000000    0.000000    0.000000    0.000000    0.000000    0.000000    0.000000    0.000000    0.000000    0.000000
  -9.47916    0.000000    0.000000    0.000000    0.000000    0.000000    0.000000    0.000000    0.000000    0.000000    0.000000    0.000000
  -9.47316    0.000000    0.000000    0.000000    0.000000    0.000000    0.000000    0.000000    0.000000    0.000000    0.000000    0.000000
  -9.46716    0.000000    0.000000    0.000000    0.000000    0.000000    0.000000    0.000000    0.000000    0.000000    0.000000    0.000000
  -9.46115    0.000000    0.000000    0.000000    0.000000    0.000000    0.000000    0.000000    0.000000    0.000000    0.000000    0.000000
  -9.45515    0.000000    0.000000    0.000000    0.000000    0.000000    0.000000    0.000000    0.000000    0.000000    0.000000    0.000000
  -9.44915    0.000000    0.000000    0.000000    0.000000    0.000000    0.000000    0.000000    0.000000    0.000000    0.000000    0.000000
  -9.44315    0.000000    0.000000    0.000000    0.000000    0.000000    0.000000    0.000000    0.000000    0.000000    0.000000    0.000000
  -9.43715    0.000000    0.000000    0.000000    0.000000    0.000000    0.000000    0.000000    0.000000    0.000000    0.000000    0.000000
  -9.43114    0.000000    0.000000    0.000000    0.000000    0.000000    0.000000    0.000000    0.000000    0.000000    0.000000    0.000000
  -9.42514    0.000000    0.000000    0.000000    0.000000    0.000000    0.000000    0.000000    0.000000    0.000000    0.000000    0.000000
  -9.41914    0.000000    0.000000    0.000000    0.000000    0.000000    0.000000    0.000000    0.000000    0.000000    0.000000    0.000000
  -9.41314    0.000000    0.000000    0.000000    0.000000    0.000000    0.000000    0.000000    0.000000    0.000000    0.000000    0.000000
  -9.40714    0.000000    0.000000    0.000000    0.000000    0.000000    0.000000    0.000000    0.000000    0.000000    0.000000    0.000000
  -9.40113    0.000000    0.000000    0.000000    0.000000    0.000000    0.000000    0.000000    0.000000    0.000000    0.000000    0.000000
  -9.39513    0.000000    0.000000    0.000000    0.000000    0.000000    0.000000    0.000000    0.000000    0.000000    0.000000    0.000000
  -9.38913    0.000000    0.000000    0.000000    0.000000    0.000000    0.000000    0.000000    0.000000    0.000000    0.000000    0.000000
  -9.38313    0.000000    0.000000    0.000000    0.000000    0.000000    0.000000    0.000000    0.000000    0.000000    0.000000    0.000000
  -9.37713    0.000000    0.000000    0.000000    0.000000    0.000000    0.000000    0.000000    0.000000    0.000000    0.000000    0.000000
  -9.37112    0.000000    0.000000    0.000000    0.000000    0.000000    0.000000    0.000000    0.000000    0.000000    0.000000    0.000000
  -9.36512    0.000000    0.000000    0.000000    0.000000    0.000000    0.000000    0.000000    0.000000    0.000000    0.000000    0.000000
  -9.35912    0.000000    0.000000    0.000000    0.000000    0.000000    0.000000    0.000000    0.000000    0.000000    0.000000    0.000000
  -9.35312    0.000000    0.000000    0.000000    0.000000    0.000000    0.000000    0.000000    0.000000    0.000000    0.000000    0.000000
  -9.34712    0.000000    0.000000    0.000000    0.000000    0.000000    0.000000    0.000000    0.000000    0.000000    0.000000    0.000000
  -9.34111    0.000000    0.000000    0.000000    0.000000    0.000000    0.000000    0.000000    0.000000    0.000000    0.000000    0.000000
  -9.33511    0.000001    0.000000    0.000000    0.000000    0.000000    0.000000    0.000000    0.000000    0.000000    0.000000    0.000000
  -9.32911    0.000001    0.000000    0.000000    0.000000    0.000000    0.000000    0.000000    0.000000    0.000000    0.000000    0.000000
  -9.32311    0.000003    0.000000    0.000000    0.000000    0.000000    0.000000    0.000000    0.000000    0.000000    0.000000    0.000000
  -9.31711    0.000006    0.000000    0.000000    0.000000    0.000000    0.000000    0.000000    0.000000    0.000000    0.000000    0.000000
  -9.31110    0.000011    0.000000    0.000000    0.000000    0.000000    0.000000    0.000000    0.000000    0.000000    0.000000    0.000000
  -9.30510    0.000022    0.000000    0.000000    0.000000    0.000000    0.000000    0.000000    0.000000    0.000000    0.000000    0.000000
  -9.29910    0.000042    0.000000    0.000000    0.000000    0.000000    0.000000    0.000000    0.000000    0.000000    0.000000    0.000000
  -9.29310    0.000078    0.000000    0.000000    0.000000    0.000000    0.000000    0.000000    0.000000    0.000000    0.000000    0.000000
  -9.28710    0.000142    0.000000    0.000000    0.000000    0.000000    0.000000    0.000000    0.000000    0.000000    0.000000    0.000000
  -9.28109    0.000254    0.000000    0.000000    0.000000    0.000000    0.000000    0.000000    0.000000    0.000000    0.000000    0.000000
  -9.27509    0.000446    0.000000    0.000000    0.000000    0.000001    0.000000    0.000000    0.000000    0.000000    0.000000    0.000000
  -9.26909    0.000768    0.000000    0.000000    0.000000    0.000001    0.000000    0.000000    0.000000    0.000000    0.000000    0.000000
  -9.26309    0.001295    0.000000    0.000000    0.000000    0.000002    0.000000    0.000000    0.000000    0.000000    0.000000    0.000000
  -9.25709    0.002141    0.000000    0.000000    0.000000    0.000004    0.000000    0.000000    0.000000    0.000000    0.000000    0.000000
  -9.25108    0.003471    0.000001    0.000001    0.000000    0.000006    0.000000    0.000000    0.000000    0.000000    0.000000    0.000000
  -9.24508    0.005515    0.000001    0.000001    0.000000    0.000010    0.000000    0.000000    0.000000    0.000000    0.000000    0.000000
  -9.23908    0.008590    0.000001    0.000001    0.000000    0.000016    0.000000    0.000000    0.000000    0.000000    0.000000    0.000000
  -9.23308    0.013114    0.000002    0.000002    0.000000    0.000024    0.000000    0.000000    0.000000    0.000000    0.000000    0.000000
  -9.22708    0.019625    0.000003    0.000003    0.000000    0.000036    0.000000    0.000000    0.000000    0.000000    0.000000    0.000000
  -9.22107    0.028788    0.000005    0.000005    0.000000    0.000052    0.000000    0.000000    0.000000    0.000000    0.000000    0.000000
  -9.21507    0.041394    0.000007    0.000007    0.000000    0.000075    0.000000    0.000000    0.000000    0.000000    0.000000    0.000000
  -9.20907    0.058342    0.000010    0.000010    0.000000    0.000106    0.000000    0.000000    0.000000    0.000000    0.000000    0.000000
  -9.20307    0.080603    0.000014    0.000014    0.000000    0.000146    0.000000    0.000000    0.000000    0.000000    0.000000    0.000000
  -9.19707    0.109156    0.000019    0.000019    0.000000    0.000198    0.000000    0.000000    0.000000    0.000000    0.000000    0.000000
  -9.19106    0.144900    0.000025    0.000025    0.000000    0.000263    0.000000    0.000000    0.000000    0.000000    0.000000    0.000000
  -9.18506    0.188544    0.000033    0.000033    0.000000    0.000342    0.000000    0.000000    0.000000    0.000000    0.000000    0.000000
  -9.17906    0.240481    0.000042    0.000042    0.000000    0.000437    0.000000    0.000000    0.000000    0.000000    0.000000    0.000000
  -9.17306    0.300660    0.000052    0.000052    0.000000    0.000546    0.000000    0.000000    0.000000    0.000000    0.000000    0.000000
  -9.16706    0.368462    0.000064    0.000064    0.000000    0.000669    0.000000    0.000000    0.000000    0.000000    0.000000    0.000000
  -9.16105    0.442625    0.000077    0.000077    0.000000    0.000804    0.000000    0.000000    0.000000    0.000000    0.000000    0.000000
  -9.15505    0.521198    0.000090    0.000090    0.000000    0.000947    0.000000    0.000000    0.000000    0.000000    0.000000    0.000000
  -9.14905    0.601582    0.000104    0.000104    0.000000    0.001093    0.000000    0.000000    0.000000    0.000000    0.000000    0.000000
  -9.14305    0.680630    0.000118    0.000118    0.000000    0.001236    0.000000    0.000000    0.000000    0.000000    0.000000    0.000000
  -9.13705    0.754835    0.000131    0.000131    0.000000    0.001371    0.000000    0.000000    0.000000    0.000000    0.000000    0.000000
  -9.13104    0.820573    0.000142    0.000142    0.000000    0.001491    0.000000    0.000000    0.000000    0.000000    0.000000    0.000000
  -9.12504    0.874394    0.000152    0.000152    0.000000    0.001588    0.000000    0.000000    0.000000    0.000000    0.000000    0.000000
  -9.11904    0.913317    0.000158    0.000158    0.000000    0.001659    0.000000    0.000000    0.000000    0.000000    0.000000    0.000000
  -9.11304    0.935106    0.000162    0.000162    0.000000    0.001699    0.000000    0.000000    0.000000    0.000000    0.000000    0.000000
  -9.10704    0.938478    0.000163    0.000163    0.000000    0.001705    0.000000    0.000000    0.000000    0.000000    0.000000    0.000000
  -9.10103    0.923235    0.000160    0.000160    0.000000    0.001677    0.000000    0.000000    0.000000    0.000000    0.000000    0.000000
  -9.09503    0.890277    0.000154    0.000154    0.000000    0.001617    0.000000    0.000000    0.000000    0.000000    0.000000    0.000000
  -9.08903    0.841516    0.000146    0.000146    0.000000    0.001529    0.000000    0.000000    0.000000    0.000000    0.000000    0.000000
  -9.08303    0.779694    0.000135    0.000135    0.000000    0.001416    0.000000    0.000000    0.000000    0.000000    0.000000    0.000000
  -9.07703    0.708126    0.000123    0.000123    0.000000    0.001286    0.000000    0.000000    0.000000    0.000000    0.000000    0.000000
  -9.07102    0.630408    0.000109    0.000109    0.000000    0.001145    0.000000    0.000000    0.000000    0.000000    0.000000    0.000000
  -9.06502    0.550119    0.000095    0.000095    0.000000    0.000999    0.000000    0.000000    0.000000    0.000000    0.000000    0.000000
  -9.05902    0.470562    0.000082    0.000082    0.000000    0.000855    0.000000    0.000000    0.000000    0.000000    0.000000    0.000000
  -9.05302    0.394550    0.000068    0.000068    0.000000    0.000717    0.000000    0.000000    0.000000    0.000000    0.000000    0.000000
  -9.04702    0.324273    0.000056    0.000056    0.000000    0.000589    0.000000    0.000000    0.000000    0.000000    0.000000    0.000000
  -9.04101    0.261244    0.000045    0.000045    0.000000    0.000475    0.000000    0.000000    0.000000    0.000000    0.000000    0.000000
  -9.03501    0.206303    0.000036    0.000036    0.000000    0.000375    0.000000    0.000000    0.000000    0.000000    0.000000    0.000000
  -9.02901    0.159697    0.000028    0.000028    0.000000    0.000290    0.000000    0.000000    0.000000    0.000000    0.000000    0.000000
  -9.02301    0.121177    0.000021    0.000021    0.000000    0.000220    0.000000    0.000000    0.000000    0.000000    0.000000    0.000000
  -9.01701    0.090137    0.000016    0.000016    0.000000    0.000164    0.000000    0.000000    0.000000    0.000000    0.000000    0.000000
  -9.01100    0.065735    0.000011    0.000011    0.000000    0.000119    0.000000    0.000000    0.000000    0.000000    0.000000    0.000000
  -9.00500    0.047016    0.000008    0.000008    0.000000    0.000085    0.000000    0.000000    0.000000    0.000000    0.000000    0.000000
  -8.99900    0.033012    0.000006    0.000006    0.000000    0.000060    0.000000    0.000000    0.000000    0.000000    0.000000    0.000000
  -8.99300    0.022813    0.000004    0.000004    0.000000    0.000042    0.000000    0.000000    0.000000    0.000000    0.000000    0.000000
  -8.98700    0.015624    0.000003    0.000003    0.000000    0.000029    0.000000    0.000000    0.000000    0.000000    0.000000    0.000000
  -8.98099    0.010794    0.000002    0.000002    0.000000    0.000020    0.000000    0.000000    0.000000    0.000000    0.000000    0.000000
  -8.97499    0.007844    0.000002    0.000002    0.000000    0.000015    0.000000    0.000000    0.000000    0.000000    0.000000    0.000000
  -8.96899    0.006472    0.000002    0.000002    0.000000    0.000014    0.000000    0.000000    0.000000    0.000000    0.000000    0.000000
  -8.96299    0.006576    0.000003    0.000003    0.000000    0.000015    0.000000    0.000000    0.000000    0.000000    0.000000    0.000000
  -8.95699    0.008271    0.000005    0.000005    0.000000    0.000021    0.000000    0.000000    0.000000    0.000000    0.000000    0.000000
  -8.95098    0.011921    0.000008    0.000008    0.000000    0.000031    0.000000    0.000000    0.000000    0.000000    0.000000    0.000000
  -8.94498    0.018180    0.000012    0.000012    0.000000    0.000048    0.000000    0.000000    0.000000    0.000000    0.000000    0.000000
  -8.93898    0.028050    0.000019    0.000019    0.000000    0.000075    0.000000    0.000000    0.000000    0.000000    0.000000    0.000000
  -8.93298    0.042938    0.000030    0.000030    0.000000    0.000115    0.000000    0.000000    0.000000    0.000000    0.000000    0.000000
  -8.92698    0.064718    0.000045    0.000045    0.000000    0.000174    0.000000    0.000000    0.000000    0.000000    0.000000    0.000000
  -8.92097    0.095774    0.000067    0.000067    0.000000    0.000257    0.000000    0.000000    0.000000    0.000000    0.000000    0.000000
  -8.91497    0.139015    0.000097    0.000097    0.000000    0.000373    0.000000    0.000000    0.000000    0.000000    0.000000    0.000000
  -8.90897    0.197831    0.000139    0.000139    0.000000    0.000531    0.000000    0.000000    0.000000    0.000000    0.000000    0.000000
  -8.90297    0.275985    0.000193    0.000193    0.000000    0.000741    0.000000    0.000000    0.000000    0.000000    0.000000    0.000000
  -8.89697    0.377411    0.000264    0.000264    0.000000    0.001014    0.000000    0.000000    0.000000    0.000000    0.000000    0.000000
  -8.89096    0.505910    0.000355    0.000355    0.000000    0.001359    0.000000    0.000000    0.000000    0.000000    0.000000    0.000000
  -8.88496    0.664749    0.000466    0.000466    0.000000    0.001786    0.000000    0.000000    0.000000    0.000000    0.000000    0.000000
  -8.87896    0.856185    0.000600    0.000600    0.000000    0.002300    0.000000    0.000000    0.000000    0.000000    0.000000    0.000000
  -8.87296    1.080941    0.000758    0.000758    0.000000    0.002904    0.000000    0.000000    0.000000    0.000000    0.000000    0.000000
  -8.86696    1.337707    0.000937    0.000937    0.000000    0.003593    0.000000    0.000000    0.000000    0.000000    0.000000    0.000000
  -8.86095    1.622725    0.001137    0.001137    0.000000    0.004359    0.000000    0.000000    0.000000    0.000000    0.000000    0.000000
  -8.85495    1.929537    0.001352    0.001352    0.000000    0.005183    0.000000    0.000000    0.000000    0.000000    0.000000    0.000000
  -8.84895    2.248982    0.001576    0.001576    0.000000    0.006041    0.000000    0.000000    0.000000    0.000000    0.000000    0.000000
  -8.84295    2.569470    0.001801    0.001801    0.000000    0.006902    0.000000    0.000000    0.000000    0.000000    0.000000    0.000000
  -8.83695    2.877567    0.002017    0.002017    0.000000    0.007730    0.000000    0.000000    0.000000    0.000000    0.000000    0.000000
  -8.83094    3.158872    0.002214    0.002214    0.000000    0.008486    0.000000    0.000000    0.000000    0.000000    0.000000    0.000000
  -8.82494    3.399094    0.002382    0.002382    0.000000    0.009131    0.000000    0.000000    0.000000    0.000000    0.000000    0.000000
  -8.81894    3.585245    0.002513    0.002513    0.000000    0.009631    0.000000    0.000000    0.000000    0.000000    0.000000    0.000000
  -8.81294    3.706799    0.002598    0.002598    0.000000    0.009957    0.000000    0.000000    0.000000    0.000000    0.000000    0.000000
  -8.80694    3.756676    0.002633    0.002633    0.000000    0.010091    0.000000    0.000000    0.000000    0.000000    0.000000    0.000000
  -8.80093    3.731926    0.002615    0.002615    0.000000    0.010025    0.000000    0.000000    0.000000    0.000000    0.000000    0.000000
  -8.79493    3.634017    0.002547    0.002547    0.000000    0.009762    0.000000    0.000000    0.000000    0.000000    0.000000    0.000000
  -8.78893    3.468689    0.002431    0.002431    0.000000    0.009318    0.000000    0.000000    0.000000    0.000000    0.000000    0.000000
  -8.78293    3.245401    0.002274    0.002274    0.000000    0.008718    0.000000    0.000000    0.000000    0.000000    0.000000    0.000000
  -8.77693    2.976431    0.002086    0.002086    0.000000    0.007995    0.000000    0.000000    0.000000    0.000000    0.000000    0.000000
  -8.77092    2.675765    0.001875    0.001875    0.000000    0.007188    0.000000    0.000000    0.000000    0.000000    0.000000    0.000000
  -8.76492    2.357895    0.001652    0.001652    0.000000    0.006334    0.000000    0.000000    0.000000    0.000000    0.000000    0.000000
  -8.75892    2.036694    0.001427    0.001427    0.000000    0.005471    0.000000    0.000000    0.000000    0.000000    0.000000    0.000000
  -8.75292    1.724454    0.001208    0.001208    0.000000    0.004632    0.000000    0.000000    0.000000    0.000000    0.000000    0.000000
  -8.74692    1.431205    0.001003    0.001003    0.000000    0.003845    0.000000    0.000000    0.000000    0.000000    0.000000    0.000000
  -8.74091    1.164332    0.000816    0.000816    0.000000    0.003128    0.000000    0.000000    0.000000    0.000000    0.000000    0.000000
  -8.73491    0.928489    0.000651    0.000651    0.000000    0.002494    0.000000    0.000000    0.000000    0.000000    0.000000    0.000000
  -8.72891    0.725776    0.000509    0.000509    0.000000    0.001950    0.000000    0.000000    0.000000    0.000000    0.000000    0.000000
  -8.72291    0.556103    0.000390    0.000390    0.000000    0.001494    0.000000    0.000000    0.000000    0.000000    0.000000    0.000000
  -8.71691    0.417676    0.000293    0.000293    0.000000    0.001122    0.000000    0.000000    0.000000    0.000000    0.000000    0.000000
  -8.71090    0.307516    0.000216    0.000216    0.000000    0.000826    0.000000    0.000000    0.000000    0.000000    0.000000    0.000000
  -8.70490    0.221959    0.000156    0.000156    0.000000    0.000596    0.000000    0.000000    0.000000    0.000000    0.000000    0.000000
  -8.69890    0.157089    0.000110    0.000110    0.000000    0.000422    0.000000    0.000000    0.000000    0.000000    0.000000    0.000000
  -8.69290    0.109076    0.000077    0.000077    0.000000    0.000293    0.000000    0.000000    0.000000    0.000000    0.000000    0.000000
  -8.68690    0.074418    0.000052    0.000052    0.000000    0.000201    0.000000    0.000000    0.000000    0.000000    0.000000    0.000000
  -8.68089    0.050089    0.000036    0.000036    0.000000    0.000136    0.000000    0.000000    0.000000    0.000000    0.000000    0.000000
  -8.67489    0.033613    0.000024    0.000024    0.000000    0.000093    0.000000    0.000000    0.000000    0.000000    0.000000    0.000000
  -8.66889    0.023082    0.000018    0.000018    0.000000    0.000067    0.000000    0.000000    0.000000    0.000000    0.000000    0.000000
  -8.66289    0.017146    0.000015    0.000015    0.000000    0.000055    0.000000    0.000000    0.000000    0.000000    0.000000    0.000000
  -8.65689    0.014983    0.000015    0.000015    0.000000    0.000054    0.000000    0.000000    0.000000    0.000000    0.000000    0.000000
  -8.65088    0.016284    0.000018    0.000018    0.000000    0.000067    0.000000    0.000000    0.000000    0.000000    0.000000    0.000000
  -8.64488    0.021236    0.000026    0.000026    0.000000    0.000094    0.000000    0.000000    0.000000    0.000000    0.000000    0.000000
  -8.63888    0.030531    0.000039    0.000039    0.000000    0.000141    0.000000    0.000000    0.000000    0.000000    0.000000    0.000000
  -8.63288    0.045389    0.000059    0.000059    0.000000    0.000212    0.000000    0.000000    0.000000    0.000000    0.000000    0.000000
  -8.62688    0.067577    0.000088    0.000088    0.000000    0.000317    0.000000    0.000000    0.000000    0.000000    0.000000    0.000000
  -8.62087    0.099433    0.000130    0.000130    0.000000    0.000468    0.000000    0.000000    0.000000    0.000000    0.000000    0.000000
  -8.61487    0.143852    0.000188    0.000188    0.000000    0.000677    0.000000    0.000000    0.000000    0.000000    0.000000    0.000000
  -8.60887    0.204228    0.000267    0.000267    0.000000    0.000962    0.000000    0.000000    0.000000    0.000000    0.000000    0.000000
  -8.60287    0.284329    0.000371    0.000371    0.000000    0.001340    0.000000    0.000000    0.000000    0.000000    0.000000    0.000000
  -8.59687    0.388078    0.000507    0.000507    0.000000    0.001828    0.000000    0.000000    0.000000    0.000000    0.000000    0.000000
  -8.59086    0.519238    0.000678    0.000678    0.000000    0.002447    0.000000    0.000000    0.000000    0.000000    0.000000    0.000000
  -8.58486    0.681000    0.000889    0.000889    0.000000    0.003209    0.000000    0.000000    0.000000    0.000000    0.000000    0.000000
  -8.57886    0.875500    0.001143    0.001143    0.000000    0.004125    0.000000    0.000000    0.000000    0.000000    0.000000    0.000000
  -8.57286    1.103294    0.001441    0.001441    0.000000    0.005198    0.000000    0.000000    0.000000    0.000000    0.000000    0.000000
  -8.56686    1.362859    0.001780    0.001780    0.000000    0.006421    0.000000    0.000000    0.000000    0.000000    0.000000    0.000000
  -8.56085    1.650196    0.002155    0.002155    0.000000    0.007775    0.000000    0.000000    0.000000    0.000000    0.000000    0.000000
  -8.55485    1.958595    0.002558    0.002558    0.000000    0.009228    0.000000    0.000000    0.000000    0.000000    0.000000    0.000000
  -8.54885    2.278654    0.002976    0.002976    0.000000    0.010736    0.000000    0.000000    0.000000    0.000000    0.000000    0.000000
  -8.54285    2.598584    0.003393    0.003393    0.000000    0.012244    0.000000    0.000000    0.000000    0.000000    0.000000    0.000000
  -8.53685    2.904822    0.003793    0.003793    0.000000    0.013687    0.000000    0.000000    0.000000    0.000000    0.000000    0.000000
  -8.53084    3.182929    0.004156    0.004156    0.000000    0.014997    0.000000    0.000000    0.000000    0.000000    0.000000    0.000000
  -8.52484    3.418683    0.004464    0.004464    0.000000    0.016108    0.000000    0.000000    0.000000    0.000000    0.000000    0.000000
  -8.51884    3.599278    0.004700    0.004700    0.000000    0.016959    0.000000    0.000000    0.000000    0.000000    0.000000    0.000000
  -8.51284    3.714467    0.004851    0.004851    0.000000    0.017502    0.000000    0.000000    0.000000    0.000000    0.000000    0.000000
  -8.50684    3.757527    0.004907    0.004907    0.000000    0.017705    0.000000    0.000000    0.000000    0.000000    0.000000    0.000000
  -8.50083    3.725909    0.004865    0.004865    0.000000    0.017556    0.000000    0.000000    0.000000    0.000000    0.000000    0.000000
  -8.49483    3.621487    0.004729    0.004729    0.000000    0.017064    0.000000    0.000000    0.000000    0.000000    0.000000    0.000000
  -8.48883    3.450375    0.004506    0.004506    0.000000    0.016257    0.000000    0.000000    0.000000    0.000000    0.000000    0.000000
  -8.48283    3.222330    0.004208    0.004208    0.000000    0.015183    0.000000    0.000000    0.000000    0.000000    0.000000    0.000000
  -8.47683    2.949840    0.003852    0.003852    0.000000    0.013899    0.000000    0.000000    0.000000    0.000000    0.000000    0.000000
  -8.47082    2.646984    0.003457    0.003457    0.000000    0.012472    0.000000    0.000000    0.000000    0.000000    0.000000    0.000000
  -8.46482    2.328246    0.003040    0.003040    0.000000    0.010970    0.000000    0.000000    0.000000    0.000000    0.000000    0.000000
  -8.45882    2.007386    0.002621    0.002621    0.000000    0.009458    0.000000    0.000000    0.000000    0.000000    0.000000    0.000000
  -8.45282    1.696514    0.002215    0.002215    0.000000    0.007994    0.000000    0.000000    0.000000    0.000000    0.000000    0.000000
  -8.44682    1.405428    0.001835    0.001835    0.000000    0.006622    0.000000    0.000000    0.000000    0.000000    0.000000    0.000000
  -8.44081    1.141259    0.001490    0.001490    0.000000    0.005377    0.000000    0.000000    0.000000    0.000000    0.000000    0.000000
  -8.43481    0.908416    0.001186    0.001186    0.000000    0.004280    0.000000    0.000000    0.000000    0.000000    0.000000    0.000000
  -8.42881    0.708777    0.000926    0.000926    0.000000    0.003340    0.000000    0.000000    0.000000    0.000000    0.000000    0.000000
  -8.42281    0.542074    0.000708    0.000708    0.000000    0.002554    0.000000    0.000000    0.000000    0.000000    0.000000    0.000000
  -8.41681    0.406380    0.000531    0.000531    0.000000    0.001915    0.000000    0.000000    0.000000    0.000000    0.000000    0.000000
  -8.41080    0.298628    0.000390    0.000390    0.000000    0.001407    0.000000    0.000000    0.000000    0.000000    0.000000    0.000000
  -8.40480    0.215107    0.000281    0.000281    0.000000    0.001014    0.000000    0.000000    0.000000    0.000000    0.000000    0.000000
  -8.39880    0.151880    0.000198    0.000198    0.000000    0.000716    0.000000    0.000000    0.000000    0.000000    0.000000    0.000000
  -8.39280    0.105117    0.000137    0.000137    0.000000    0.000495    0.000000    0.000000    0.000000    0.000000    0.000000    0.000000
  -8.38680    0.071313    0.000093    0.000093    0.000000    0.000336    0.000000    0.000000    0.000000    0.000000    0.000000    0.000000
  -8.38079    0.047423    0.000062    0.000062    0.000000    0.000223    0.000000    0.000000    0.000000    0.000000    0.000000    0.000000
  -8.37479    0.030913    0.000040    0.000040    0.000000    0.000146    0.000000    0.000000    0.000000    0.000000    0.000000    0.000000
  -8.36879    0.019752    0.000026    0.000026    0.000000    0.000093    0.000000    0.000000    0.000000    0.000000    0.000000    0.000000
  -8.36279    0.012371    0.000016    0.000016    0.000000    0.000058    0.000000    0.000000    0.000000    0.000000    0.000000    0.000000
  -8.35679    0.007595    0.000010    0.000010    0.000000    0.000036    0.000000    0.000000    0.000000    0.000000    0.000000    0.000000
  -8.35078    0.004571    0.000006    0.000006    0.000000    0.000022    0.000000    0.000000    0.000000    0.000000    0.000000    0.000000
  -8.34478    0.002696    0.000004    0.000004    0.000000    0.000013    0.000000    0.000000    0.000000    0.000000    0.000000    0.000000
  -8.33878    0.001559    0.000002    0.000002    0.000000    0.000007    0.000000    0.000000    0.000000    0.000000    0.000000    0.000000
  -8.33278    0.000884    0.000001    0.000001    0.000000    0.000004    0.000000    0.000000    0.000000    0.000000    0.000000    0.000000
  -8.32678    0.000491    0.000001    0.000001    0.000000    0.000002    0.000000    0.000000    0.000000    0.000000    0.000000    0.000000
  -8.32077    0.000267    0.000000    0.000000    0.000000    0.000001    0.000000    0.000000    0.000000    0.000000    0.000000    0.000000
  -8.31477    0.000143    0.000000    0.000000    0.000000    0.000001    0.000000    0.000000    0.000000    0.000000    0.000000    0.000000
  -8.30877    0.000075    0.000000    0.000000    0.000000    0.000000    0.000000    0.000000    0.000000    0.000000    0.000000    0.000000
  -8.30277    0.000038    0.000000    0.000000    0.000000    0.000000    0.000000    0.000000    0.000000    0.000000    0.000000    0.000000
  -8.29677    0.000019    0.000000    0.000000    0.000000    0.000000    0.000000    0.000000    0.000000    0.000000    0.000000    0.000000
  -8.29076    0.000009    0.000000    0.000000    0.000000    0.000000    0.000000    0.000000    0.000000    0.000000    0.000000    0.000000
  -8.28476    0.000005    0.000000    0.000000    0.000000    0.000000    0.000000    0.000000    0.000000    0.000000    0.000000    0.000000
  -8.27876    0.000002    0.000000    0.000000    0.000000    0.000000    0.000000    0.000000    0.000000    0.000000    0.000000    0.000000
  -8.27276    0.000001    0.000000    0.000000    0.000000    0.000000    0.000000    0.000000    0.000000    0.000000    0.000000    0.000000
  -8.26676    0.000000    0.000000    0.000000    0.000000    0.000000    0.000000    0.000000    0.000000    0.000000    0.000000    0.000000
  -8.26075    0.000000    0.000000    0.000000    0.000000    0.000000    0.000000    0.000000    0.000000    0.000000    0.000000    0.000000
  -8.25475    0.000000    0.000000    0.000000    0.000000    0.000000    0.000000    0.000000    0.000000    0.000000    0.000000    0.000000
  -8.24875    0.000000    0.000000    0.000000    0.000000    0.000000    0.000000    0.000000    0.000000    0.000000    0.000000    0.000000
  -8.24275    0.000000    0.000000    0.000000    0.000000    0.000000    0.000000    0.000000    0.000000    0.000000    0.000000    0.000000
  -8.23675    0.000000    0.000000    0.000000    0.000000    0.000000    0.000000    0.000000    0.000000    0.000000    0.000000    0.000000
  -8.23074    0.000000    0.000000    0.000000    0.000000    0.000000    0.000000    0.000000    0.000000    0.000000    0.000000    0.000000
  -8.22474    0.000001    0.000000    0.000000    0.000000    0.000000    0.000000    0.000000    0.000000    0.000000    0.000000    0.000000
  -8.21874    0.000002    0.000000    0.000000    0.000000    0.000000    0.000000    0.000000    0.000000    0.000000    0.000000    0.000000
  -8.21274    0.000004    0.000000    0.000000    0.000000    0.000000    0.000000    0.000000    0.000000    0.000000    0.000000    0.000000
  -8.20674    0.000009    0.000000    0.000000    0.000000    0.000000    0.000000    0.000000    0.000000    0.000000    0.000000    0.000000
  -8.20073    0.000017    0.000000    0.000000    0.000000    0.000000    0.000000    0.000000    0.000000    0.000000    0.000000    0.000000
  -8.19473    0.000034    0.000000    0.000000    0.000000    0.000000    0.000000    0.000000    0.000000    0.000000    0.000000    0.000000
  -8.18873    0.000064    0.000000    0.000000    0.000000    0.000001    0.000000    0.000000    0.000000    0.000000    0.000000    0.000000
  -8.18273    0.000119    0.000000    0.000000    0.000000    0.000001    0.000000    0.000000    0.000000    0.000000    0.000000    0.000000
  -8.17673    0.000216    0.000000    0.000000    0.000000    0.000002    0.000000    0.000000    0.000000    0.000000    0.000000    0.000000
  -8.17072    0.000387    0.000000    0.000000    0.000000    0.000004    0.000000    0.000000    0.000000    0.000000    0.000000    0.000000
  -8.16472    0.000679    0.000000    0.000000    0.000000    0.000007    0.000000    0.000000    0.000000    0.000000    0.000000    0.000000
  -8.15872    0.001170    0.000000    0.000000    0.000000    0.000011    0.000000    0.000000    0.000000    0.000000    0.000000    0.000000
  -8.15272    0.001979    0.000001    0.000001    0.000000    0.000019    0.000000    0.000000    0.000000    0.000000    0.000000    0.000000
  -8.14672    0.003286    0.000001    0.000001    0.000000    0.000032    0.000000    0.000000    0.000000    0.000000    0.000000    0.000000
  -8.14071    0.005358    0.000003    0.000003    0.000000    0.000052    0.000000    0.000000    0.000000    0.000000    0.000000    0.000000
  -8.13471    0.008580    0.000004    0.000004    0.000000    0.000085    0.000000    0.000000    0.000000    0.000000    0.000000    0.000000
  -8.12871    0.013493    0.000008    0.000008    0.000000    0.000134    0.000000    0.000000    0.000000    0.000000    0.000000    0.000000
  -8.12271    0.020845    0.000013    0.000013    0.000000    0.000208    0.000000    0.000000    0.000000    0.000000    0.000000    0.000000
  -8.11671    0.031638    0.000021    0.000021    0.000000    0.000318    0.000000    0.000000    0.000000    0.000000    0.000000    0.000000
  -8.11070    0.047186    0.000034    0.000034    0.000000    0.000477    0.000000    0.000000    0.000000    0.000000    0.000000    0.000000
  -8.10470    0.069164    0.000054    0.000054    0.000000    0.000705    0.000000    0.000000    0.000000    0.000000    0.000000    0.000000
  -8.09870    0.099649    0.000084    0.000084    0.000000    0.001024    0.000000    0.000000    0.000000    0.000000    0.000000    0.000000
  -8.09270    0.141143    0.000129    0.000129    0.000000    0.001463    0.000000    0.000000    0.000000    0.000000    0.000000    0.000000
  -8.08670    0.196561    0.000193    0.000193    0.000000    0.002056    0.000000    0.000000    0.000000    0.000000    0.000000    0.000000
  -8.08069    0.269179    0.000283    0.000283    0.000000    0.002841    0.000000    0.000000    0.000000    0.000000    0.000000    0.000000
  -8.07469    0.362526    0.000409    0.000409    0.000000    0.003862    0.000000    0.000000    0.000000    0.000000    0.000000    0.000000
  -8.06869    0.480207    0.000578    0.000578    0.000000    0.005163    0.000000    0.000000    0.000000    0.000000    0.000000    0.000000
  -8.06269    0.625661    0.000801    0.000801    0.000000    0.006791    0.000000    0.000000    0.000000    0.000000    0.000000    0.000000
  -8.05669    0.801846    0.001089    0.001089    0.000000    0.008785    0.000000    0.000000    0.000000    0.000000    0.000000    0.000000
  -8.05068    1.010867    0.001452    0.001452    0.000000    0.011179    0.000000    0.000000    0.000000    0.000000    0.000000    0.000000
  -8.04468    1.253566    0.001898    0.001898    0.000000    0.013992    0.000000    0.000000    0.000000    0.000000    0.000000    0.000000
  -8.03868    1.529107    0.002432    0.002432    0.000000    0.017222    0.000000    0.000000    0.000000    0.000000    0.000000    0.000000
  -8.03268    1.834614    0.003057    0.003057    0.000000    0.020846    0.000000    0.000000    0.000000    0.000000    0.000000    0.000000
  -8.02668    2.164888    0.003767    0.003767    0.000000    0.024809    0.000000    0.000000    0.000000    0.000000    0.000000    0.000000
  -8.02067    2.512289    0.004550    0.004550    0.000000    0.029026    0.000000    0.000000    0.000000    0.000000    0.000000    0.000000
  -8.01467    2.866807    0.005390    0.005390    0.000000    0.033382    0.000000    0.000000    0.000000    0.000000    0.000000    0.000000
  -8.00867    3.216377    0.006258    0.006258    0.000000    0.037731    0.000000    0.000000    0.000000    0.000000    0.000000    0.000000
  -8.00267    3.547434    0.007124    0.007124    0.000000    0.041907    0.000000    0.000000    0.000000    0.000000    0.000000    0.000000
  -7.99667    3.845706    0.007950    0.007950    0.000000    0.045730    0.000000    0.000000    0.000000    0.000000    0.000000    0.000000
  -7.99066    4.097175    0.008698    0.008698    0.000000    0.049021    0.000000    0.000000    0.000000    0.000000    0.000000    0.000000
  -7.98466    4.289145    0.009329    0.009329    0.000000    0.051612    0.000000    0.000000    0.000000    0.000000    0.000000    0.000000
  -7.97866    4.411282    0.009809    0.009809    0.000000    0.053364    0.000000    0.000000    0.000000    0.000000    0.000000    0.000000
  -7.97266    4.456539    0.010110    0.010110    0.000000    0.054175    0.000000    0.000000    0.000000    0.000000    0.000000    0.000000
  -7.96666    4.421824    0.010215    0.010215    0.000000    0.053996    0.000000    0.000000    0.000000    0.000000    0.000000    0.000000
  -7.96065    4.308343    0.010117    0.010117    0.000000    0.052827    0.000000    0.000000    0.000000    0.000000    0.000000    0.000000
  -7.95465    4.121551    0.009823    0.009823    0.000000    0.050728    0.000000    0.000000    0.000000    0.000000    0.000000    0.000000
  -7.94865    3.870726    0.009350    0.009350    0.000000    0.047804    0.000000    0.000000    0.000000    0.000000    0.000000    0.000000
  -7.94265    3.568193    0.008723    0.008723    0.000000    0.044205    0.000000    0.000000    0.000000    0.000000    0.000000    0.000000
  -7.93665    3.228309    0.007978    0.007978    0.000000    0.040108    0.000000    0.000000    0.000000    0.000000    0.000000    0.000000
  -7.93064    2.866309    0.007153    0.007153    0.000000    0.035702    0.000000    0.000000    0.000000    0.000000    0.000000    0.000000
  -7.92464    2.497161    0.006286    0.006286    0.000000    0.031176    0.000000    0.000000    0.000000    0.000000    0.000000    0.000000
  -7.91864    2.134544    0.005415    0.005415    0.000000    0.026704    0.000000    0.000000    0.000000    0.000000    0.000000    0.000000
  -7.91264    1.790048    0.004573    0.004573    0.000000    0.022437    0.000000    0.000000    0.000000    0.000000    0.000000    0.000000
  -7.90664    1.472657    0.003786    0.003786    0.000000    0.018490    0.000000    0.000000    0.000000    0.000000    0.000000    0.000000
  -7.90063    1.188535    0.003072    0.003072    0.000000    0.014947    0.000000    0.000000    0.000000    0.000000    0.000000    0.000000
  -7.89463    0.941092    0.002444    0.002444    0.000000    0.011853    0.000000    0.000000    0.000000    0.000000    0.000000    0.000000
  -7.88863    0.731286    0.001907    0.001907    0.000000    0.009225    0.000000    0.000000    0.000000    0.000000    0.000000    0.000000
  -7.88263    0.558086    0.001459    0.001459    0.000000    0.007055    0.000000    0.000000    0.000000    0.000000    0.000000    0.000000
  -7.87663    0.419030    0.001097    0.001097    0.000000    0.005313    0.000000    0.000000    0.000000    0.000000    0.000000    0.000000
  -7.87062    0.310802    0.000812    0.000812    0.000000    0.003963    0.000000    0.000000    0.000000    0.000000    0.000000    0.000000
  -7.86462    0.229787    0.000595    0.000595    0.000000    0.002963    0.000000    0.000000    0.000000    0.000000    0.000000    0.000000
  -7.85862    0.172553    0.000436    0.000436    0.000000    0.002275    0.000000    0.000000    0.000000    0.000000    0.000000    0.000000
  -7.85262    0.136252    0.000329    0.000329    0.000000    0.001869    0.000000    0.000000    0.000000    0.000000    0.000000    0.000000
  -7.84662    0.118935    0.000266    0.000266    0.000000    0.001731    0.000000    0.000000    0.000000    0.000000    0.000000    0.000000
  -7.84061    0.119782    0.000244    0.000244    0.000000    0.001862    0.000000    0.000000    0.000000    0.000000    0.000000    0.000000
  -7.83461    0.139255    0.000261    0.000261    0.000000    0.002285    0.000000    0.000000    0.000000    0.000000    0.000000    0.000000
  -7.82861    0.179186    0.000320    0.000320    0.000000    0.003042    0.000000    0.000000    0.000000    0.000000    0.000000    0.000000
  -7.82261    0.242797    0.000427    0.000427    0.000000    0.004202    0.000000    0.000000    0.000000    0.000000    0.000000    0.000000
  -7.81661    0.334650    0.000591    0.000591    0.000000    0.005853    0.000000    0.000000    0.000000    0.000000    0.000000    0.000000
  -7.81060    0.460502    0.000826    0.000826    0.000000    0.008107    0.000000    0.000000    0.000000    0.000000    0.000000    0.000000
  -7.80460    0.627076    0.001149    0.001149    0.000000    0.011093    0.000000    0.000000    0.000000    0.000000    0.000000    0.000000
  -7.79860    0.841706    0.001581    0.001581    0.000000    0.014953    0.000000    0.000000    0.000000    0.000000    0.000000    0.000000
  -7.79260    1.111862    0.002144    0.002144    0.000000    0.019833    0.000000    0.000000    0.000000    0.000000    0.000000    0.000000
  -7.78660    1.444557    0.002864    0.002864    0.000000    0.025876    0.000000    0.000000    0.000000    0.000000    0.000000    0.000000
  -7.78059    1.845639    0.003767    0.003767    0.000000    0.033205    0.000000    0.000000    0.000000    0.000000    0.000000    0.000000
  -7.77459    2.319025    0.004877    0.004877    0.000000    0.041914    0.000000    0.000000    0.000000    0.000000    0.000000    0.000000
  -7.76859    2.865895    0.006215    0.006215    0.000000    0.052046    0.000000    0.000000    0.000000    0.000000    0.000000    0.000000
  -7.76259    3.483942    0.007793    0.007793    0.000000    0.063585    0.000000    0.000000    0.000000    0.000000    0.000000    0.000000
  -7.75659    4.166740    0.009616    0.009616    0.000000    0.076438    0.000000    0.000000    0.000000    0.000000    0.000000    0.000000
  -7.75058    4.903307    0.011674    0.011674    0.000000    0.090425    0.000000    0.000000    0.000000    0.000000    0.000000    0.000000
  -7.74458    5.677952    0.013943    0.013943    0.000000    0.105273    0.000000    0.000000    0.000000    0.000000    0.000000    0.000000
  -7.73858    6.470465    0.016380    0.016380    0.000000    0.120616    0.000000    0.000000    0.000000    0.000000    0.000000    0.000000
  -7.73258    7.256690    0.018925    0.018925    0.000000    0.136005    0.000000    0.000000    0.000000    0.000000    0.000000    0.000000
  -7.72658    8.009500    0.021499    0.021499    0.000000    0.150923    0.000000    0.000000    0.000000    0.000000    0.000000    0.000000
  -7.72057    8.700153    0.024011    0.024011    0.000000    0.164807    0.000000    0.000000    0.000000    0.000000    0.000000    0.000000
  -7.71457    9.299938    0.026357    0.026357    0.000000    0.177083    0.000000    0.000000    0.000000    0.000000    0.000000    0.000000
  -7.70857    9.782037    0.028432    0.028432    0.000000    0.187200    0.000000    0.000000    0.000000    0.000000    0.000000    0.000000
  -7.70257   10.123415    0.030134    0.030134    0.000000    0.194673    0.000000    0.000000    0.000000    0.000000    0.000000    0.000000
  -7.69657   10.306603    0.031374    0.031374    0.000000    0.199114    0.000000    0.000000    0.000000    0.000000    0.000000    0.000000
  -7.69056   10.321149    0.032082    0.032082    0.000000    0.200273    0.000000    0.000000    0.000000    0.000000    0.000000    0.000000
  -7.68456   10.164616    0.032214    0.032214    0.000000    0.198055    0.000000    0.000000    0.000000    0.000000    0.000000    0.000000
  -7.67856    9.842952    0.031759    0.031759    0.000000    0.192534    0.000000    0.000000    0.000000    0.000000    0.000000    0.000000
  -7.67256    9.370199    0.030737    0.030737    0.000000    0.183953    0.000000    0.000000    0.000000    0.000000    0.000000    0.000000
  -7.66656    8.767526    0.029198    0.029198    0.000000    0.172701    0.000000    0.000000    0.000000    0.000000    0.000000    0.000000
  -7.66055    8.061679    0.027221    0.027221    0.000000    0.159291    0.000000    0.000000    0.000000    0.000000    0.000000    0.000000
  -7.65455    7.283004    0.024902    0.024902    0.000000    0.144316    0.000000    0.000000    0.000000    0.000000    0.000000    0.000000
  -7.64855    6.463246    0.022352    0.022352    0.000000    0.128407    0.000000    0.000000    0.000000    0.000000    0.000000    0.000000
  -7.64255    5.633359    0.019683    0.019683    0.000000    0.112185    0.000000    0.000000    0.000000    0.000000    0.000000    0.000000
  -7.63655    4.821545    0.017003    0.017003    0.000000    0.096226    0.000000    0.000000    0.000000    0.000000    0.000000    0.000000
  -7.63054    4.051701    0.014408    0.014408    0.000000    0.081020    0.000000    0.000000    0.000000    0.000000    0.000000    0.000000
  -7.62454    3.342393    0.011975    0.011975    0.000000    0.066955    0.000000    0.000000    0.000000    0.000000    0.000000    0.000000
  -7.61854    2.706398    0.009761    0.009761    0.000000    0.054301    0.000000    0.000000    0.000000    0.000000    0.000000    0.000000
  -7.61254    2.150794    0.007804    0.007804    0.000000    0.043216    0.000000    0.000000    0.000000    0.000000    0.000000    0.000000
  -7.60654    1.677507    0.006118    0.006118    0.000000    0.033751    0.000000    0.000000    0.000000    0.000000    0.000000    0.000000
  -7.60053    1.284185    0.004706    0.004706    0.000000    0.025870    0.000000    0.000000    0.000000    0.000000    0.000000    0.000000
  -7.59453    0.965265    0.003551    0.003551    0.000000    0.019470    0.000000    0.000000    0.000000    0.000000    0.000000    0.000000
  -7.58853    0.713091    0.002631    0.002631    0.000000    0.014405    0.000000    0.000000    0.000000    0.000000    0.000000    0.000000
  -7.58253    0.518972    0.001917    0.001917    0.000000    0.010507    0.000000    0.000000    0.000000    0.000000    0.000000    0.000000
  -7.57653    0.374097    0.001380    0.001380    0.000000    0.007602    0.000000    0.000000    0.000000    0.000000    0.000000    0.000000
  -7.57052    0.270262    0.000991    0.000991    0.000000    0.005532    0.000000    0.000000    0.000000    0.000000    0.000000    0.000000
  -7.56452    0.200404    0.000722    0.000722    0.000000    0.004159    0.000000    0.000000    0.000000    0.000000    0.000000    0.000000
  -7.55852    0.158926    0.000554    0.000554    0.000000    0.003377    0.000000    0.000000    0.000000    0.000000    0.000000    0.000000
  -7.55252    0.141876    0.000469    0.000469    0.000000    0.003113    0.000000    0.000000    0.000000    0.000000    0.000000    0.000000
  -7.54652    0.146963    0.000458    0.000458    0.000000    0.003331    0.000000    0.000000    0.000000    0.000000    0.000000    0.000000
  -7.54051    0.173473    0.000516    0.000516    0.000000    0.004028    0.000000    0.000000    0.000000    0.000000    0.000000    0.000000
  -7.53451    0.222074    0.000641    0.000641    0.000000    0.005228    0.000000    0.000000    0.000000    0.000000    0.000000    0.000000
  -7.52851    0.294538    0.000838    0.000838    0.000000    0.006982    0.000000    0.000000    0.000000    0.000000    0.000000    0.000000
  -7.52251    0.393372    0.001110    0.001110    0.000000    0.009355    0.000000    0.000000    0.000000    0.000000    0.000000    0.000000
  -7.51651    0.521361    0.001467    0.001467    0.000000    0.012417    0.000000    0.000000    0.000000    0.000000    0.000000    0.000000
  -7.51050    0.681049    0.001913    0.001913    0.000000    0.016231    0.000000    0.000000    0.000000    0.000000    0.000000    0.000000
  -7.50450    0.874153    0.002454    0.002454    0.000000    0.020838    0.000000    0.000000    0.000000    0.000000    0.000000    0.000000
  -7.49850    1.100975    0.003090    0.003090    0.000000    0.026249    0.000000    0.000000    0.000000    0.000000    0.000000    0.000000
  -7.49250    1.359850    0.003817    0.003817    0.000000    0.032422    0.000000    0.000000    0.000000    0.000000    0.000000    0.000000
  -7.48650    1.646705    0.004621    0.004621    0.000000    0.039262    0.000000    0.000000    0.000000    0.000000    0.000000    0.000000
  -7.48049    1.954803    0.005486    0.005486    0.000000    0.046609    0.000000    0.000000    0.000000    0.000000    0.000000    0.000000
  -7.47449    2.274736    0.006384    0.006384    0.000000    0.054237    0.000000    0.000000    0.000000    0.000000    0.000000    0.000000
  -7.46849    2.594721    0.007282    0.007282    0.000000    0.061867    0.000000    0.000000    0.000000    0.000000    0.000000    0.000000
  -7.46249    2.901202    0.008142    0.008142    0.000000    0.069175    0.000000    0.000000    0.000000    0.000000    0.000000    0.000000
  -7.45649    3.179737    0.008924    0.008924    0.000000    0.075816    0.000000    0.000000    0.000000    0.000000    0.000000    0.000000
  -7.45048    3.416093    0.009587    0.009587    0.000000    0.081451    0.000000    0.000000    0.000000    0.000000    0.000000    0.000000
  -7.44448    3.597434    0.010096    0.010096    0.000000    0.085775    0.000000    0.000000    0.000000    0.000000    0.000000    0.000000
  -7.43848    3.713477    0.010421    0.010421    0.000000    0.088542    0.000000    0.000000    0.000000    0.000000    0.000000    0.000000
  -7.43248    3.757450    0.010545    0.010545    0.000000    0.089591    0.000000    0.000000    0.000000    0.000000    0.000000    0.000000
  -7.42648    3.726750    0.010459    0.010459    0.000000    0.088859    0.000000    0.000000    0.000000    0.000000    0.000000    0.000000
  -7.42047    3.623196    0.010168    0.010168    0.000000    0.086389    0.000000    0.000000    0.000000    0.000000    0.000000    0.000000
  -7.41447    3.452853    0.009690    0.009690    0.000000    0.082328    0.000000    0.000000    0.000000    0.000000    0.000000    0.000000
  -7.40847    3.225439    0.009052    0.009052    0.000000    0.076906    0.000000    0.000000    0.000000    0.000000    0.000000    0.000000
  -7.40247    2.953412    0.008288    0.008288    0.000000    0.070420    0.000000    0.000000    0.000000    0.000000    0.000000    0.000000
  -7.39647    2.650842    0.007439    0.007439    0.000000    0.063205    0.000000    0.000000    0.000000    0.000000    0.000000    0.000000
  -7.39046    2.332213    0.006545    0.006545    0.000000    0.055608    0.000000    0.000000    0.000000    0.000000    0.000000    0.000000
  -7.38446    2.011302    0.005644    0.005644    0.000000    0.047956    0.000000    0.000000    0.000000    0.000000    0.000000    0.000000
  -7.37846    1.700242    0.004772    0.004772    0.000000    0.040540    0.000000    0.000000    0.000000    0.000000    0.000000    0.000000
  -7.37246    1.408863    0.003954    0.003954    0.000000    0.033592    0.000000    0.000000    0.000000    0.000000    0.000000    0.000000
  -7.36646    1.144330    0.003211    0.003211    0.000000    0.027285    0.000000    0.000000    0.000000    0.000000    0.000000    0.000000
  -7.36045    0.911084    0.002557    0.002557    0.000000    0.021723    0.000000    0.000000    0.000000    0.000000    0.000000    0.000000
  -7.35445    0.711034    0.001995    0.001995    0.000000    0.016953    0.000000    0.000000    0.000000    0.000000    0.000000    0.000000
  -7.34845    0.543934    0.001526    0.001526    0.000000    0.012969    0.000000    0.000000    0.000000    0.000000    0.000000    0.000000
  -7.34245    0.407875    0.001145    0.001145    0.000000    0.009725    0.000000    0.000000    0.000000    0.000000    0.000000    0.000000
  -7.33645    0.299801    0.000841    0.000841    0.000000    0.007148    0.000000    0.000000    0.000000    0.000000    0.000000    0.000000
  -7.33044    0.216004    0.000606    0.000606    0.000000    0.005150    0.000000    0.000000    0.000000    0.000000    0.000000    0.000000
  -7.32444    0.152552    0.000428    0.000428    0.000000    0.003637    0.000000    0.000000    0.000000    0.000000    0.000000    0.000000
  -7.31844    0.105608    0.000296    0.000296    0.000000    0.002518    0.000000    0.000000    0.000000    0.000000    0.000000    0.000000
  -7.31244    0.071664    0.000201    0.000201    0.000000    0.001709    0.000000    0.000000    0.000000    0.000000    0.000000    0.000000
  -7.30644    0.047668    0.000134    0.000134    0.000000    0.001137    0.000000    0.000000    0.000000    0.000000    0.000000    0.000000
  -7.30043    0.031080    0.000087    0.000087    0.000000    0.000741    0.000000    0.000000    0.000000    0.000000    0.000000    0.000000
  -7.29443    0.019864    0.000056    0.000056    0.000000    0.000474    0.000000    0.000000    0.000000    0.000000    0.000000    0.000000
  -7.28843    0.012444    0.000035    0.000035    0.000000    0.000297    0.000000    0.000000    0.000000    0.000000    0.000000    0.000000
  -7.28243    0.007642    0.000021    0.000021    0.000000    0.000182    0.000000    0.000000    0.000000    0.000000    0.000000    0.000000
  -7.27643    0.004600    0.000013    0.000013    0.000000    0.000110    0.000000    0.000000    0.000000    0.000000    0.000000    0.000000
  -7.27042    0.002714    0.000008    0.000008    0.000000    0.000065    0.000000    0.000000    0.000000    0.000000    0.000000    0.000000
  -7.26442    0.001570    0.000004    0.000004    0.000000    0.000037    0.000000    0.000000    0.000000    0.000000    0.000000    0.000000
  -7.25842    0.000890    0.000002    0.000002    0.000000    0.000021    0.000000    0.000000    0.000000    0.000000    0.000000    0.000000
  -7.25242    0.000495    0.000001    0.000001    0.000000    0.000012    0.000000    0.000000    0.000000    0.000000    0.000000    0.000000
  -7.24642    0.000270    0.000001    0.000001    0.000000    0.000006    0.000000    0.000000    0.000000    0.000000    0.000000    0.000000
  -7.24041    0.000144    0.000000    0.000000    0.000000    0.000003    0.000000    0.000000    0.000000    0.000000    0.000000    0.000000
  -7.23441    0.000076    0.000000    0.000000    0.000000    0.000002    0.000000    0.000000    0.000000    0.000000    0.000000    0.000000
  -7.22841    0.000041    0.000000    0.000000    0.000000    0.000001    0.000000    0.000000    0.000000    0.000000    0.000000    0.000000
  -7.22241    0.000024    0.000000    0.000000    0.000000    0.000001    0.000000    0.000000    0.000000    0.000000    0.000000    0.000000
  -7.21641    0.000020    0.000000    0.000000    0.000000    0.000001    0.000000    0.000000    0.000000    0.000000    0.000000    0.000000
  -7.21040    0.000025    0.000000    0.000000    0.000000    0.000001    0.000000    0.000000    0.000000    0.000000    0.000000    0.000000
  -7.20440    0.000043    0.000000    0.000000    0.000000    0.000002    0.000000    0.000000    0.000000    0.000000    0.000000    0.000000
  -7.19840    0.000081    0.000001    0.000001    0.000000    0.000005    0.000000    0.000000    0.000000    0.000000    0.000000    0.000000
  -7.19240    0.000153    0.000001    0.000001    0.000000    0.000009    0.000000    0.000000    0.000000    0.000000    0.000000    0.000000
  -7.18640    0.000285    0.000002    0.000002    0.000000    0.000016    0.000000    0.000000    0.000000    0.000000    0.000000    0.000000
  -7.18039    0.000522    0.000003    0.000003    0.000000    0.000030    0.000000    0.000000    0.000000    0.000000    0.000000    0.000000
  -7.17439    0.000937    0.000006    0.000006    0.000000    0.000053    0.000000    0.000000    0.000000    0.000000    0.000000    0.000000
  -7.16839    0.001650    0.000011    0.000011    0.000000    0.000094    0.000000    0.000000    0.000000    0.000000    0.000000    0.000000
  -7.16239    0.002848    0.000019    0.000019    0.000000    0.000161    0.000000    0.000000    0.000000    0.000000    0.000000    0.000000
  -7.15639    0.004820    0.000032    0.000032    0.000000    0.000273    0.000000    0.000000    0.000000    0.000000    0.000000    0.000000
  -7.15038    0.007996    0.000052    0.000052    0.000000    0.000453    0.000000    0.000000    0.000000    0.000000    0.000000    0.000000
  -7.14438    0.013003    0.000085    0.000085    0.000000    0.000737    0.000000    0.000000    0.000000    0.000000    0.000000    0.000000
  -7.13838    0.020729    0.000136    0.000136    0.000000    0.001175    0.000000    0.000000    0.000000    0.000000    0.000000    0.000000
  -7.13238    0.032397    0.000212    0.000212    0.000000    0.001837    0.000000    0.000000    0.000000    0.000000    0.000000    0.000000
  -7.12638    0.049639    0.000325    0.000325    0.000000    0.002814    0.000000    0.000000    0.000000    0.000000    0.000000    0.000000
  -7.12037    0.074567    0.000488    0.000488    0.000000    0.004228    0.000000    0.000000    0.000000    0.000000    0.000000    0.000000
  -7.11437    0.109823    0.000718    0.000718    0.000000    0.006227    0.000000    0.000000    0.000000    0.000000    0.000000    0.000000
  -7.10837    0.158593    0.001037    0.001037    0.000000    0.008993    0.000000    0.000000    0.000000    0.000000    0.000000    0.000000
  -7.10237    0.224572    0.001469    0.001469    0.000000    0.012734    0.000000    0.000000    0.000000    0.000000    0.000000    0.000000
  -7.09637    0.311847    0.002040    0.002040    0.000000    0.017683    0.000000    0.000000    0.000000    0.000000    0.000000    0.000000
  -7.09036    0.424708    0.002778    0.002778    0.000000    0.024083    0.000000    0.000000    0.000000    0.000000    0.000000    0.000000
  -7.08436    0.567360    0.003711    0.003711    0.000000    0.032173    0.000000    0.000000    0.000000    0.000000    0.000000    0.000000
  -7.07836    0.743567    0.004863    0.004863    0.000000    0.042166    0.000000    0.000000    0.000000    0.000000    0.000000    0.000000
  -7.07236    0.956229    0.006254    0.006254    0.000000    0.054224    0.000000    0.000000    0.000000    0.000000    0.000000    0.000000
  -7.06636    1.206967    0.007893    0.007893    0.000000    0.068440    0.000000    0.000000    0.000000    0.000000    0.000000    0.000000
  -7.06035    1.495741    0.009780    0.009780    0.000000    0.084807    0.000000    0.000000    0.000000    0.000000    0.000000    0.000000
  -7.05435    1.820587    0.011900    0.011900    0.000000    0.103210    0.000000    0.000000    0.000000    0.000000    0.000000    0.000000
  -7.04835    2.177534    0.014227    0.014227    0.000000    0.123415    0.000000    0.000000    0.000000    0.000000    0.000000    0.000000
  -7.04235    2.560732    0.016719    0.016719    0.000000    0.145076    0.000000    0.000000    0.000000    0.000000    0.000000    0.000000
  -7.03635    2.962827    0.019325    0.019325    0.000000    0.167759    0.000000    0.000000    0.000000    0.000000    0.000000    0.000000
  -7.03034    3.375552    0.021985    0.021985    0.000000    0.190965    0.000000    0.000000    0.000000    0.000000    0.000000    0.000000
  -7.02434    3.790473    0.024637    0.024637    0.000000    0.214178    0.000000    0.000000    0.000000    0.000000    0.000000    0.000000
  -7.01834    4.199785    0.027221    0.027221    0.000000    0.236906    0.000000    0.000000    0.000000    0.000000    0.000000    0.000000
  -7.01234    4.597045    0.029682    0.029682    0.000000    0.258720    0.000000    0.000000    0.000000    0.000000    0.000000    0.000000
  -7.00634    4.977697    0.031977    0.031977    0.000000    0.279288    0.000000    0.000000    0.000000    0.000000    0.000000    0.000000
  -7.00033    5.339296    0.034073    0.034073    0.000000    0.298384    0.000000    0.000000    0.000000    0.000000    0.000000    0.000000
  -6.99433    5.681354    0.035952    0.035952    0.000000    0.315892    0.000000    0.000000    0.000000    0.000000    0.000000    0.000000
  -6.98833    6.004820    0.037602    0.037602    0.000000    0.331775    0.000000    0.000000    0.000000    0.000000    0.000000    0.000000
  -6.98233    6.311248    0.039020    0.039020    0.000000    0.346044    0.000000    0.000000    0.000000    0.000000    0.000000    0.000000
  -6.97633    6.601791    0.040204    0.040204    0.000000    0.358709    0.000000    0.000000    0.000000    0.000000    0.000000    0.000000
  -6.97032    6.876185    0.041147    0.041147    0.000000    0.369732    0.000000    0.000000    0.000000    0.000000    0.000000    0.000000
  -6.96432    7.131917    0.041839    0.041839    0.000000    0.378997    0.000000    0.000000    0.000000    0.000000    0.000000    0.000000
  -6.95832    7.363723    0.042260    0.042260    0.000000    0.386286    0.000000    0.000000    0.000000    0.000000    0.000000    0.000000
  -6.95232    7.563556    0.042384    0.042384    0.000000    0.391284    0.000000    0.000000    0.000000    0.000000    0.000000    0.000000
  -6.94632    7.721043    0.042182    0.042182    0.000000    0.393604    0.000000    0.000000    0.000000    0.000000    0.000000    0.000000
  -6.94031    7.824399    0.041624    0.041624    0.000000    0.392833    0.000000    0.000000    0.000000    0.000000    0.000000    0.000000
  -6.93431    7.861688    0.040686    0.040686    0.000000    0.388589    0.000000    0.000000    0.000000    0.000000    0.000000    0.000000
  -6.92831    7.822254    0.039358    0.039358    0.000000    0.380579    0.000000    0.000000    0.000000    0.000000    0.000000    0.000000
  -6.92231    7.698115    0.037642    0.037642    0.000000    0.368656    0.000000    0.000000    0.000000    0.000000    0.000000    0.000000
  -6.91631    7.485138    0.035564    0.035564    0.000000    0.352858    0.000000    0.000000    0.000000    0.000000    0.000000    0.000000
  -6.91030    7.183823    0.033164    0.033164    0.000000    0.333426    0.000000    0.000000    0.000000    0.000000    0.000000    0.000000
  -6.90430    6.799600    0.030504    0.030504    0.000000    0.310803    0.000000    0.000000    0.000000    0.000000    0.000000    0.000000
  -6.89830    6.342597    0.027657    0.027657    0.000000    0.285608    0.000000    0.000000    0.000000    0.000000    0.000000    0.000000
  -6.89230    5.826938    0.024706    0.024706    0.000000    0.258589    0.000000    0.000000    0.000000    0.000000    0.000000    0.000000
  -6.88630    5.269659    0.021736    0.021736    0.000000    0.230571    0.000000    0.000000    0.000000    0.000000    0.000000    0.000000
  -6.88029    4.689396    0.018829    0.018829    0.000000    0.202395    0.000000    0.000000    0.000000    0.000000    0.000000    0.000000
  -6.87429    4.105011    0.016057    0.016057    0.000000    0.174863    0.000000    0.000000    0.000000    0.000000    0.000000    0.000000
  -6.86829    3.534314    0.013483    0.013483    0.000000    0.148686    0.000000    0.000000    0.000000    0.000000    0.000000    0.000000
  -6.86229    2.993028    0.011153    0.011153    0.000000    0.124457    0.000000    0.000000    0.000000    0.000000    0.000000    0.000000
  -6.85629    2.494074    0.009103    0.009103    0.000000    0.102628    0.000000    0.000000    0.000000    0.000000    0.000000    0.000000
  -6.85028    2.047246    0.007351    0.007351    0.000000    0.083515    0.000000    0.000000    0.000000    0.000000    0.000000    0.000000
  -6.84428    1.659242    0.005910    0.005910    0.000000    0.067312    0.000000    0.000000    0.000000    0.000000    0.000000    0.000000
  -6.83828    1.334036    0.004784    0.004784    0.000000    0.054115    0.000000    0.000000    0.000000    0.000000    0.000000    0.000000
  -6.83228    1.073478    0.003976    0.003976    0.000000    0.043959    0.000000    0.000000    0.000000    0.000000    0.000000    0.000000
  -6.82628    0.878055    0.003491    0.003491    0.000000    0.036855    0.000000    0.000000    0.000000    0.000000    0.000000    0.000000
  -6.82027    0.747662    0.003339    0.003339    0.000000    0.032826    0.000000    0.000000    0.000000    0.000000    0.000000    0.000000
  -6.81427    0.682315    0.003539    0.003539    0.000000    0.031935    0.000000    0.000000    0.000000    0.000000    0.000000    0.000000
  -6.80827    0.682690    0.004119    0.004119    0.000000    0.034307    0.000000    0.000000    0.000000    0.000000    0.000000    0.000000
  -6.80227    0.750411    0.005118    0.005118    0.000000    0.040131    0.000000    0.000000    0.000000    0.000000    0.000000    0.000000
  -6.79627    0.888053    0.006579    0.006579    0.000000    0.049656    0.000000    0.000000    0.000000    0.000000    0.000000    0.000000
  -6.79026    1.098841    0.008551    0.008551    0.000000    0.063161    0.000000    0.000000    0.000000    0.000000    0.000000    0.000000
  -6.78426    1.386051    0.011077    0.011077    0.000000    0.080915    0.000000    0.000000    0.000000    0.000000    0.000000    0.000000
  -6.77826    1.752194    0.014189    0.014189    0.000000    0.103129    0.000000    0.000000    0.000000    0.000000    0.000000    0.000000
  -6.77226    2.198063    0.017899    0.017899    0.000000    0.129896    0.000000    0.000000    0.000000    0.000000    0.000000    0.000000
  -6.76626    2.721781    0.022192    0.022192    0.000000    0.161132    0.000000    0.000000    0.000000    0.000000    0.000000    0.000000
  -6.76025    3.318000    0.027018    0.027018    0.000000    0.196532    0.000000    0.000000    0.000000    0.000000    0.000000    0.000000
  -6.75425    3.977386    0.032285    0.032285    0.000000    0.235540    0.000000    0.000000    0.000000    0.000000    0.000000    0.000000
  -6.74825    4.686538    0.037865    0.037865    0.000000    0.277343    0.000000    0.000000    0.000000    0.000000    0.000000    0.000000
  -6.74225    5.428399    0.043592    0.043592    0.000000    0.320901    0.000000    0.000000    0.000000    0.000000    0.000000    0.000000
  -6.73625    6.183171    0.049271    0.049271    0.000000    0.364999    0.000000    0.000000    0.000000    0.000000    0.000000    0.000000
  -6.73024    6.929649    0.054695    0.054695    0.000000    0.408334    0.000000    0.000000    0.000000    0.000000    0.000000    0.000000
  -6.72424    7.646819    0.059657    0.059657    0.000000    0.449611    0.000000    0.000000    0.000000    0.000000    0.000000    0.000000
  -6.71824    8.315497    0.063967    0.063967    0.000000    0.487649    0.000000    0.000000    0.000000    0.000000    0.000000    0.000000
  -6.71224    8.919747    0.067468    0.067468    0.000000    0.521465    0.000000    0.000000    0.000000    0.000000    0.000000    0.000000
  -6.70624    9.447863    0.070052    0.070052    0.000000    0.550346    0.000000    0.000000    0.000000    0.000000    0.000000    0.000000
  -6.70023    9.892740    0.071661    0.071661    0.000000    0.573872    0.000000    0.000000    0.000000    0.000000    0.000000    0.000000
  -6.69423   10.251574    0.072293    0.072293    0.000000    0.591907    0.000000    0.000000    0.000000    0.000000    0.000000    0.000000
  -6.68823   10.524962    0.071999    0.071999    0.000000    0.604551    0.000000    0.000000    0.000000    0.000000    0.000000    0.000000
  -6.68223   10.715576    0.070868    0.070868    0.000000    0.612057    0.000000    0.000000    0.000000    0.000000    0.000000    0.000000
  -6.67623   10.826691    0.069018    0.069018    0.000000    0.614749    0.000000    0.000000    0.000000    0.000000    0.000000    0.000000
  -6.67022   10.860850    0.066578    0.066578    0.000000    0.612930    0.000000    0.000000    0.000000    0.000000    0.000000    0.000000
  -6.66422   10.818958    0.063676    0.063676    0.000000    0.606827    0.000000    0.000000    0.000000    0.000000    0.000000    0.000000
  -6.65822   10.699993    0.060430    0.060430    0.000000    0.596553    0.000000    0.000000    0.000000    0.000000    0.000000    0.000000
  -6.65222   10.501382    0.056935    0.056935    0.000000    0.582122    0.000000    0.000000    0.000000    0.000000    0.000000    0.000000
  -6.64622   10.219985    0.053267    0.053267    0.000000    0.563490    0.000000    0.000000    0.000000    0.000000    0.000000    0.000000
  -6.64021    9.853474    0.049481    0.049481    0.000000    0.540622    0.000000    0.000000    0.000000    0.000000    0.000000    0.000000
  -6.63421    9.401840    0.045618    0.045618    0.000000    0.513574    0.000000    0.000000    0.000000    0.000000    0.000000    0.000000
  -6.62821    8.868714    0.041709    0.041709    0.000000    0.482563    0.000000    0.000000    0.000000    0.000000    0.000000    0.000000
  -6.62221    8.262255    0.037787    0.037787    0.000000    0.448019    0.000000    0.000000    0.000000    0.000000    0.000000    0.000000
  -6.61621    7.595415    0.033884    0.033884    0.000000    0.410603    0.000000    0.000000    0.000000    0.000000    0.000000    0.000000
  -6.61020    6.885537    0.030041    0.030041    0.000000    0.371195    0.000000    0.000000    0.000000    0.000000    0.000000    0.000000
  -6.60420    6.153355    0.026303    0.026303    0.000000    0.330842    0.000000    0.000000    0.000000    0.000000    0.000000    0.000000
  -6.59820    5.421537    0.022721    0.022721    0.000000    0.290686    0.000000    0.000000    0.000000    0.000000    0.000000    0.000000
  -6.59220    4.713022    0.019344    0.019344    0.000000    0.251884    0.000000    0.000000    0.000000    0.000000    0.000000    0.000000
  -6.58620    4.049364    0.016219    0.016219    0.000000    0.215513    0.000000    0.000000    0.000000    0.000000    0.000000    0.000000
  -6.58019    3.449299    0.013383    0.013383    0.000000    0.182508    0.000000    0.000000    0.000000    0.000000    0.000000    0.000000
  -6.57419    2.927677    0.010863    0.010863    0.000000    0.153597    0.000000    0.000000    0.000000    0.000000    0.000000    0.000000
  -6.56819    2.494818    0.008671    0.008671    0.000000    0.129275    0.000000    0.000000    0.000000    0.000000    0.000000    0.000000
  -6.56219    2.156305    0.006806    0.006806    0.000000    0.109794    0.000000    0.000000    0.000000    0.000000    0.000000    0.000000
  -6.55619    1.913132    0.005256    0.005256    0.000000    0.095174    0.000000    0.000000    0.000000    0.000000    0.000000    0.000000
  -6.55018    1.762140    0.004000    0.004000    0.000000    0.085227    0.000000    0.000000    0.000000    0.000000    0.000000    0.000000
  -6.54418    1.696623    0.003006    0.003006    0.000000    0.079597    0.000000    0.000000    0.000000    0.000000    0.000000    0.000000
  -6.53818    1.707048    0.002244    0.002244    0.000000    0.077800    0.000000    0.000000    0.000000    0.000000    0.000000    0.000000
  -6.53218    1.781806    0.001678    0.001678    0.000000    0.079266    0.000000    0.000000    0.000000    0.000000    0.000000    0.000000
  -6.52618    1.907993    0.001279    0.001279    0.000000    0.083380    0.000000    0.000000    0.000000    0.000000    0.000000    0.000000
  -6.52017    2.072194    0.001018    0.001018    0.000000    0.089528    0.000000    0.000000    0.000000    0.000000    0.000000    0.000000
  -6.51417    2.261277    0.000875    0.000875    0.000000    0.097132    0.000000    0.000000    0.000000    0.000000    0.000000    0.000000
  -6.50817    2.463185    0.000833    0.000833    0.000000    0.105691    0.000000    0.000000    0.000000    0.000000    0.000000    0.000000
  -6.50217    2.667693    0.000884    0.000884    0.000000    0.114813    0.000000    0.000000    0.000000    0.000000    0.000000    0.000000
  -6.49617    2.867089    0.001025    0.001025    0.000000    0.124245    0.000000    0.000000    0.000000    0.000000    0.000000    0.000000
  -6.49016    3.056694    0.001259    0.001259    0.000000    0.133892    0.000000    0.000000    0.000000    0.000000    0.000000    0.000000
  -6.48416    3.235155    0.001591    0.001591    0.000000    0.143820    0.000000    0.000000    0.000000    0.000000    0.000000    0.000000
  -6.47816    3.404417    0.002033    0.002033    0.000000    0.154248    0.000000    0.000000    0.000000    0.000000    0.000000    0.000000
  -6.47216    3.569347    0.002593    0.002593    0.000000    0.165520    0.000000    0.000000    0.000000    0.000000    0.000000    0.000000
  -6.46616    3.736976    0.003280    0.003280    0.000000    0.178054    0.000000    0.000000    0.000000    0.000000    0.000000    0.000000
  -6.46015    3.915420    0.004098    0.004098    0.000000    0.192277    0.000000    0.000000    0.000000    0.000000    0.000000    0.000000
  -6.45415    4.112567    0.005045    0.005045    0.000000    0.208554    0.000000    0.000000    0.000000    0.000000    0.000000    0.000000
  -6.44815    4.334679    0.006111    0.006111    0.000000    0.227108    0.000000    0.000000    0.000000    0.000000    0.000000    0.000000
  -6.44215    4.585083    0.007274    0.007274    0.000000    0.247948    0.000000    0.000000    0.000000    0.000000    0.000000    0.000000
  -6.43615    4.863144    0.008504    0.008504    0.000000    0.270821    0.000000    0.000000    0.000000    0.000000    0.000000    0.000000
  -6.43014    5.163673    0.009759    0.009759    0.000000    0.295183    0.000000    0.000000    0.000000    0.000000    0.000000    0.000000
  -6.42414    5.476902    0.010988    0.010988    0.000000    0.320207    0.000000    0.000000    0.000000    0.000000    0.000000    0.000000
  -6.41814    5.789071    0.012137    0.012137    0.000000    0.344834    0.000000    0.000000    0.000000    0.000000    0.000000    0.000000
  -6.41214    6.083586    0.013149    0.013149    0.000000    0.367845    0.000000    0.000000    0.000000    0.000000    0.000000    0.000000
  -6.40614    6.342650    0.013971    0.013971    0.000000    0.387972    0.000000    0.000000    0.000000    0.000000    0.000000    0.000000
  -6.40013    6.549171    0.014555    0.014555    0.000000    0.404021    0.000000    0.000000    0.000000    0.000000    0.000000    0.000000
  -6.39413    6.688713    0.014868    0.014868    0.000000    0.414991    0.000000    0.000000    0.000000    0.000000    0.000000    0.000000
  -6.38813    6.751259    0.014893    0.014893    0.000000    0.420186    0.000000    0.000000    0.000000    0.000000    0.000000    0.000000
  -6.38213    6.732540    0.014626    0.014626    0.000000    0.419297    0.000000    0.000000    0.000000    0.000000    0.000000    0.000000
  -6.37613    6.634773    0.014084    0.014084    0.000000    0.412444    0.000000    0.000000    0.000000    0.000000    0.000000    0.000000
  -6.37012    6.466702    0.013299    0.013299    0.000000    0.400174    0.000000    0.000000    0.000000    0.000000    0.000000    0.000000
  -6.36412    6.242940    0.012314    0.012314    0.000000    0.383416    0.000000    0.000000    0.000000    0.000000    0.000000    0.000000
  -6.35812    5.982690    0.011183    0.011183    0.000000    0.363402    0.000000    0.000000    0.000000    0.000000    0.000000    0.000000
  -6.35212    5.708020    0.009964    0.009964    0.000000    0.341549    0.000000    0.000000    0.000000    0.000000    0.000000    0.000000
  -6.34612    5.441893    0.008712    0.008712    0.000000    0.319343    0.000000    0.000000    0.000000    0.000000    0.000000    0.000000
  -6.34011    5.206201    0.007481    0.007481    0.000000    0.298213    0.000000    0.000000    0.000000    0.000000    0.000000    0.000000
  -6.33411    5.020046    0.006313    0.006313    0.000000    0.279421    0.000000    0.000000    0.000000    0.000000    0.000000    0.000000
  -6.32811    4.898438    0.005245    0.005245    0.000000    0.263984    0.000000    0.000000    0.000000    0.000000    0.000000    0.000000
  -6.32211    4.851576    0.004300    0.004300    0.000000    0.252629    0.000000    0.000000    0.000000    0.000000    0.000000    0.000000
  -6.31611    4.884739    0.003494    0.003494    0.000000    0.245776    0.000000    0.000000    0.000000    0.000000    0.000000    0.000000
  -6.31010    4.998775    0.002833    0.002833    0.000000    0.243567    0.000000    0.000000    0.000000    0.000000    0.000000    0.000000
  -6.30410    5.191075    0.002318    0.002318    0.000000    0.245917    0.000000    0.000000    0.000000    0.000000    0.000000    0.000000
  -6.29810    5.456877    0.001945    0.001945    0.000000    0.252587    0.000000    0.000000    0.000000    0.000000    0.000000    0.000000
  -6.29210    5.790689    0.001709    0.001709    0.000000    0.263270    0.000000    0.000000    0.000000    0.000000    0.000000    0.000000
  -6.28610    6.187642    0.001606    0.001606    0.000000    0.277674    0.000000    0.000000    0.000000    0.000000    0.000000    0.000000
  -6.28009    6.644578    0.001637    0.001637    0.000000    0.295595    0.000000    0.000000    0.000000    0.000000    0.000000    0.000000
  -6.27409    7.160744    0.001804    0.001804    0.000000    0.316982    0.000000    0.000000    0.000000    0.000000    0.000000    0.000000
  -6.26809    7.738024    0.002118    0.002118    0.000000    0.341970    0.000000    0.000000    0.000000    0.000000    0.000000    0.000000
  -6.26209    8.380694    0.002593    0.002593    0.000000    0.370900    0.000000    0.000000    0.000000    0.000000    0.000000    0.000000
  -6.25609    9.094752    0.003251    0.003251    0.000000    0.404309    0.000000    0.000000    0.000000    0.000000    0.000000    0.000000
  -6.25008    9.886921    0.004117    0.004117    0.000000    0.442898    0.000000    0.000000    0.000000    0.000000    0.000000    0.000000
  -6.24408   10.763431    0.005221    0.005221    0.000000    0.487476    0.000000    0.000000    0.000000    0.000000    0.000000    0.000000
  -6.23808   11.728701    0.006594    0.006594    0.000000    0.538883    0.000000    0.000000    0.000000    0.000000    0.000000    0.000000
  -6.23208   12.784016    0.008264    0.008264    0.000000    0.597897    0.000000    0.000000    0.000000    0.000000    0.000000    0.000000
  -6.22608   13.926295    0.010257    0.010257    0.000000    0.665120    0.000000    0.000000    0.000000    0.000000    0.000000    0.000000
  -6.22007   15.147021    0.012590    0.012590    0.000000    0.740855    0.000000    0.000000    0.000000    0.000000    0.000000    0.000000
  -6.21407   16.431403    0.015269    0.015269    0.000000    0.824985    0.000000    0.000000    0.000000    0.000000    0.000000    0.000000
  -6.20807   17.757846    0.018282    0.018282    0.000000    0.916858    0.000000    0.000000    0.000000    0.000000    0.000000    0.000000
  -6.20207   19.097826    0.021600    0.021600    0.000000    1.015194    0.000000    0.000000    0.000000    0.000000    0.000000    0.000000
  -6.19607   20.416244    0.025173    0.025173    0.000000    1.118031    0.000000    0.000000    0.000000    0.000000    0.000000    0.000000
  -6.19006   21.672367    0.028927    0.028927    0.000000    1.222726    0.000000    0.000000    0.000000    0.000000    0.000000    0.000000
  -6.18406   22.821386    0.032765    0.032765    0.000000    1.326017    0.000000    0.000000    0.000000    0.000000    0.000000    0.000000
  -6.17806   23.816598    0.036572    0.036572    0.000000    1.424152    0.000000    0.000000    0.000000    0.000000    0.000000    0.000000
  -6.17206   24.612126    0.040218    0.040218    0.000000    1.513091    0.000000    0.000000    0.000000    0.000000    0.000000    0.000000
  -6.16606   25.166015    0.043563    0.043563    0.000000    1.588757    0.000000    0.000000    0.000000    0.000000    0.000000    0.000000
  -6.16005   25.443455    0.046471    0.046471    0.000000    1.647331    0.000000    0.000000    0.000000    0.000000    0.000000    0.000000
  -6.15405   25.419835    0.048812    0.048812    0.000000    1.685552    0.000000    0.000000    0.000000    0.000000    0.000000    0.000000
  -6.14805   25.083316    0.050484    0.050484    0.000000    1.701005    0.000000    0.000000    0.000000    0.000000    0.000000    0.000000
  -6.14205   24.436629    0.051414    0.051414    0.000000    1.692357    0.000000    0.000000    0.000000    0.000000    0.000000    0.000000
  -6.13605   23.497890    0.051572    0.051572    0.000000    1.659522    0.000000    0.000000    0.000000    0.000000    0.000000    0.000000
  -6.13004   22.300291    0.050975    0.050975    0.000000    1.603735    0.000000    0.000000    0.000000    0.000000    0.000000    0.000000
  -6.12404   20.890686    0.049693    0.049693    0.000000    1.527516    0.000000    0.000000    0.000000    0.000000    0.000000    0.000000
  -6.11804   19.327177    0.047850    0.047850    0.000000    1.434543    0.000000    0.000000    0.000000    0.000000    0.000000    0.000000
  -6.11204   17.675894    0.045612    0.045612    0.000000    1.329432    0.000000    0.000000    0.000000    0.000000    0.000000    0.000000
  -6.10604   16.007279    0.043189    0.043189    0.000000    1.217448    0.000000    0.000000    0.000000    0.000000    0.000000    0.000000
  -6.10003   14.392136    0.040816    0.040816    0.000000    1.104173    0.000000    0.000000    0.000000    0.000000    0.000000    0.000000
  -6.09403   12.897779    0.038741    0.038741    0.000000    0.995162    0.000000    0.000000    0.000000    0.000000    0.000000    0.000000
  -6.08803   11.584503    0.037210    0.037210    0.000000    0.895617    0.000000    0.000000    0.000000    0.000000    0.000000    0.000000
  -6.08203   10.502602    0.036452    0.036452    0.000000    0.810087    0.000000    0.000000    0.000000    0.000000    0.000000    0.000000
  -6.07603    9.690060    0.036659    0.036659    0.000000    0.742237    0.000000    0.000000    0.000000    0.000000    0.000000    0.000000
  -6.07002    9.170986    0.037980    0.037980    0.000000    0.694673    0.000000    0.000000    0.000000    0.000000    0.000000    0.000000
  -6.06402    8.954847    0.040501    0.040501    0.000000    0.668844    0.000000    0.000000    0.000000    0.000000    0.000000    0.000000
  -6.05802    9.036473    0.044243    0.044243    0.000000    0.665014    0.000000    0.000000    0.000000    0.000000    0.000000    0.000000
  -6.05202    9.396814    0.049154    0.049154    0.000000    0.682297    0.000000    0.000000    0.000000    0.000000    0.000000    0.000000
  -6.04602   10.004389    0.055112    0.055112    0.000000    0.718760    0.000000    0.000000    0.000000    0.000000    0.000000    0.000000
  -6.04001   10.817352    0.061930    0.061930    0.000000    0.771566    0.000000    0.000000    0.000000    0.000000    0.000000    0.000000
  -6.03401   11.786041    0.069361    0.069361    0.000000    0.837168    0.000000    0.000000    0.000000    0.000000    0.000000    0.000000
  -6.02801   12.855879    0.077114    0.077114    0.000000    0.911518    0.000000    0.000000    0.000000    0.000000    0.000000    0.000000
  -6.02201   13.970418    0.084869    0.084869    0.000000    0.990310    0.000000    0.000000    0.000000    0.000000    0.000000    0.000000
  -6.01601   15.074337    0.092297    0.092297    0.000000    1.069202    0.000000    0.000000    0.000000    0.000000    0.000000    0.000000
  -6.01000   16.116177    0.099074    0.099074    0.000000    1.144050    0.000000    0.000000    0.000000    0.000000    0.000000    0.000000
  -6.00400   17.050631    0.104903    0.104903    0.000000    1.211099    0.000000    0.000000    0.000000    0.000000    0.000000    0.000000
  -5.99800   17.840261    0.109528    0.109528    0.000000    1.267152    0.000000    0.000000    0.000000    0.000000    0.000000    0.000000
  -5.99200   18.456581    0.112747    0.112747    0.000000    1.309694    0.000000    0.000000    0.000000    0.000000    0.000000    0.000000
  -5.98600   18.880511    0.114422    0.114422    0.000000    1.336970    0.000000    0.000000    0.000000    0.000000    0.000000    0.000000
  -5.97999   19.102291    0.114483    0.114483    0.000000    1.348021    0.000000    0.000000    0.000000    0.000000    0.000000    0.000000
  -5.97399   19.120950    0.112932    0.112932    0.000000    1.342677    0.000000    0.000000    0.000000    0.000000    0.000000    0.000000
  -5.96799   18.943482    0.109837    0.109837    0.000000    1.321515    0.000000    0.000000    0.000000    0.000000    0.000000    0.000000
  -5.96199   18.583840    0.105327    0.105327    0.000000    1.285780    0.000000    0.000000    0.000000    0.000000    0.000000    0.000000
  -5.95599   18.061847    0.099586    0.099586    0.000000    1.237285    0.000000    0.000000    0.000000    0.000000    0.000000    0.000000
  -5.94998   17.402093    0.092837    0.092837    0.000000    1.178298    0.000000    0.000000    0.000000    0.000000    0.000000    0.000000
  -5.94398   16.632851    0.085333    0.085333    0.000000    1.111407    0.000000    0.000000    0.000000    0.000000    0.000000    0.000000
  -5.93798   15.785056    0.077342    0.077342    0.000000    1.039394    0.000000    0.000000    0.000000    0.000000    0.000000    0.000000
  -5.93198   14.891363    0.069130    0.069130    0.000000    0.965112    0.000000    0.000000    0.000000    0.000000    0.000000    0.000000
  -5.92598   13.985345    0.060954    0.060954    0.000000    0.891379    0.000000    0.000000    0.000000    0.000000    0.000000    0.000000
  -5.91997   13.100848    0.053048    0.053048    0.000000    0.820897    0.000000    0.000000    0.000000    0.000000    0.000000    0.000000
  -5.91397   12.271551    0.045613    0.045613    0.000000    0.756202    0.000000    0.000000    0.000000    0.000000    0.000000    0.000000
  -5.90797   11.530728    0.038815    0.038815    0.000000    0.699645    0.000000    0.000000    0.000000    0.000000    0.000000    0.000000
  -5.90197   10.911146    0.032781    0.032781    0.000000    0.653397    0.000000    0.000000    0.000000    0.000000    0.000000    0.000000
  -5.89597   10.445011    0.027606    0.027606    0.000000    0.619481    0.000000    0.000000    0.000000    0.000000    0.000000    0.000000
  -5.88996   10.163802    0.023352    0.023352    0.000000    0.599795    0.000000    0.000000    0.000000    0.000000    0.000000    0.000000
  -5.88396   10.097829    0.020061    0.020061    0.000000    0.596139    0.000000    0.000000    0.000000    0.000000    0.000000    0.000000
  -5.87796   10.275367    0.017762    0.017762    0.000000    0.610210    0.000000    0.000000    0.000000    0.000000    0.000000    0.000000
  -5.87196   10.721282    0.016482    0.016482    0.000000    0.643562    0.000000    0.000000    0.000000    0.000000    0.000000    0.000000
  -5.86596   11.455169    0.016252    0.016252    0.000000    0.697537    0.000000    0.000000    0.000000    0.000000    0.000000    0.000000
  -5.85995   12.489133    0.017119    0.017119    0.000000    0.773156    0.000000    0.000000    0.000000    0.000000    0.000000    0.000000
  -5.85395   13.825454    0.019148    0.019148    0.000000    0.870995    0.000000    0.000000    0.000000    0.000000    0.000000    0.000000
  -5.84795   15.454457    0.022422    0.022422    0.000000    0.991049    0.000000    0.000000    0.000000    0.000000    0.000000    0.000000
  -5.84195   17.352933    0.027039    0.027039    0.000000    1.132612    0.000000    0.000000    0.000000    0.000000    0.000000    0.000000
  -5.83595   19.483418    0.033104    0.033104    0.000000    1.294185    0.000000    0.000000    0.000000    0.000000    0.000000    0.000000
  -5.82994   21.794550    0.040715    0.040715    0.000000    1.473422    0.000000    0.000000    0.000000    0.000000    0.000000    0.000000
  -5.82394   24.222586    0.049946    0.049946    0.000000    1.667119    0.000000    0.000000    0.000000    0.000000    0.000000    0.000000
  -5.81794   26.694016    0.060823    0.060823    0.000000    1.871263    0.000000    0.000000    0.000000    0.000000    0.000000    0.000000
  -5.81194   29.129073    0.073304    0.073304    0.000000    2.081104    0.000000    0.000000    0.000000    0.000000    0.000000    0.000000
  -5.80594   31.445831    0.087258    0.087258    0.000000    2.291293    0.000000    0.000000    0.000000    0.000000    0.000000    0.000000
  -5.79993   33.564550    0.102441    0.102441    0.000000    2.496033    0.000000    0.000000    0.000000    0.000000    0.000000    0.000000
  -5.79393   35.411902    0.118495    0.118495    0.000000    2.689273    0.000000    0.000000    0.000000    0.000000    0.000000    0.000000
  -5.78793   36.924786    0.134938    0.134938    0.000000    2.864942    0.000000    0.000000    0.000000    0.000000    0.000000    0.000000
  -5.78193   38.053486    0.151186    0.151186    0.000000    3.017197    0.000000    0.000000    0.000000    0.000000    0.000000    0.000000
  -5.77593   38.764006    0.166576    0.166576    0.000000    3.140711    0.000000    0.000000    0.000000    0.000000    0.000000    0.000000
  -5.76992   39.039511    0.180409    0.180409    0.000000    3.230974    0.000000    0.000000    0.000000    0.000000    0.000000    0.000000
  -5.76392   38.880816    0.191997    0.191997    0.000000    3.284583    0.000000    0.000000    0.000000    0.000000    0.000000    0.000000
  -5.75792   38.305940    0.200725    0.200725    0.000000    3.299509    0.000000    0.000000    0.000000    0.000000    0.000000    0.000000
  -5.75192   37.348771    0.206097    0.206097    0.000000    3.275304    0.000000    0.000000    0.000000    0.000000    0.000000    0.000000
  -5.74592   36.056916    0.207790    0.207790    0.000000    3.213210    0.000000    0.000000    0.000000    0.000000    0.000000    0.000000
  -5.73991   34.488875    0.205684    0.205684    0.000000    3.116157    0.000000    0.000000    0.000000    0.000000    0.000000    0.000000
  -5.73391   32.710719    0.199874    0.199874    0.000000    2.988634    0.000000    0.000000    0.000000    0.000000    0.000000    0.000000
  -5.72791   30.792521    0.190666    0.190666    0.000000    2.836430    0.000000    0.000000    0.000000    0.000000    0.000000    0.000000
  -5.72191   28.804785    0.178550    0.178550    0.000000    2.666280    0.000000    0.000000    0.000000    0.000000    0.000000    0.000000
  -5.71591   26.815157    0.164157    0.164157    0.000000    2.485436    0.000000    0.000000    0.000000    0.000000    0.000000    0.000000
  -5.70990   24.885636    0.148203    0.148203    0.000000    2.301219    0.000000    0.000000    0.000000    0.000000    0.000000    0.000000
  -5.70390   23.070419    0.131434    0.131434    0.000000    2.120580    0.000000    0.000000    0.000000    0.000000    0.000000    0.000000
  -5.69790   21.414448    0.114562    0.114562    0.000000    1.949726    0.000000    0.000000    0.000000    0.000000    0.000000    0.000000
  -5.69190   19.952592    0.098226    0.098226    0.000000    1.793829    0.000000    0.000000    0.000000    0.000000    0.000000    0.000000
  -5.68590   18.709341    0.082949    0.082949    0.000000    1.656825    0.000000    0.000000    0.000000    0.000000    0.000000    0.000000
  -5.67989   17.698861    0.069120    0.069120    0.000000    1.541322    0.000000    0.000000    0.000000    0.000000    0.000000    0.000000
  -5.67389   16.925253    0.056991    0.056991    0.000000    1.448594    0.000000    0.000000    0.000000    0.000000    0.000000    0.000000
  -5.66789   16.382941    0.046679    0.046679    0.000000    1.378656    0.000000    0.000000    0.000000    0.000000    0.000000    0.000000
  -5.66189   16.057174    0.038188    0.038188    0.000000    1.330389    0.000000    0.000000    0.000000    0.000000    0.000000    0.000000
  -5.65589   15.924713    0.031431    0.031431    0.000000    1.301729    0.000000    0.000000    0.000000    0.000000    0.000000    0.000000
  -5.64988   15.954819    0.026258    0.026258    0.000000    1.289869    0.000000    0.000000    0.000000    0.000000    0.000000    0.000000
  -5.64388   16.110664    0.022484    0.022484    0.000000    1.291502    0.000000    0.000000    0.000000    0.000000    0.000000    0.000000
  -5.63788   16.351223    0.019907    0.019907    0.000000    1.303068    0.000000    0.000000    0.000000    0.000000    0.000000    0.000000
  -5.63188   16.633628    0.018331    0.018331    0.000000    1.320995    0.000000    0.000000    0.000000    0.000000    0.000000    0.000000
  -5.62588   16.915842    0.017578    0.017578    0.000000    1.341937    0.000000    0.000000    0.000000    0.000000    0.000000    0.000000
  -5.61987   17.159395    0.017493    0.017493    0.000000    1.362963    0.000000    0.000000    0.000000    0.000000    0.000000    0.000000
  -5.61387   17.331877    0.017946    0.017946    0.000000    1.381705    0.000000    0.000000    0.000000    0.000000    0.000000    0.000000
  -5.60787   17.408860    0.018832    0.018832    0.000000    1.396432    0.000000    0.000000    0.000000    0.000000    0.000000    0.000000
  -5.60187   17.374975    0.020062    0.020062    0.000000    1.406044    0.000000    0.000000    0.000000    0.000000    0.000000    0.000000
  -5.59587   17.224015    0.021560    0.021560    0.000000    1.410006    0.000000    0.000000    0.000000    0.000000    0.000000    0.000000
  -5.58986   16.958056    0.023254    0.023254    0.000000    1.408207    0.000000    0.000000    0.000000    0.000000    0.000000    0.000000
  -5.58386   16.585798    0.025067    0.025067    0.000000    1.400793    0.000000    0.000000    0.000000    0.000000    0.000000    0.000000
  -5.57786   16.120422    0.026918    0.026918    0.000000    1.387993    0.000000    0.000000    0.000000    0.000000    0.000000    0.000000
  -5.57186   15.577349    0.028720    0.028720    0.000000    1.369978    0.000000    0.000000    0.000000    0.000000    0.000000    0.000000
  -5.56586   14.972312    0.030378    0.030378    0.000000    1.346772    0.000000    0.000000    0.000000    0.000000    0.000000    0.000000
  -5.55985   14.320017    0.031798    0.031798    0.000000    1.318238    0.000000    0.000000    0.000000    0.000000    0.000000    0.000000
  -5.55385   13.633596    0.032892    0.032892    0.000000    1.284151    0.000000    0.000000    0.000000    0.000000    0.000000    0.000000
  -5.54785   12.924830    0.033588    0.033588    0.000000    1.244320    0.000000    0.000000    0.000000    0.000000    0.000000    0.000000
  -5.54185   12.204983    0.033838    0.033838    0.000000    1.198759    0.000000    0.000000    0.000000    0.000000    0.000000    0.000000
  -5.53585   11.485958    0.033621    0.033621    0.000000    1.147858    0.000000    0.000000    0.000000    0.000000    0.000000    0.000000
  -5.52984   10.781411    0.032957    0.032957    0.000000    1.092515    0.000000    0.000000    0.000000    0.000000    0.000000    0.000000
  -5.52384   10.107487    0.031897    0.031897    0.000000    1.034210    0.000000    0.000000    0.000000    0.000000    0.000000    0.000000
  -5.51784    9.482899    0.030533    0.030533    0.000000    0.974983    0.000000    0.000000    0.000000    0.000000    0.000000    0.000000
  -5.51184    8.928244    0.028983    0.028983    0.000000    0.917328    0.000000    0.000000    0.000000    0.000000    0.000000    0.000000
  -5.50584    8.464552    0.027387    0.027387    0.000000    0.863997    0.000000    0.000000    0.000000    0.000000    0.000000    0.000000
  -5.49983    8.111269    0.025898    0.025898    0.000000    0.817750    0.000000    0.000000    0.000000    0.000000    0.000000    0.000000
  -5.49383    7.883947    0.024668    0.024668    0.000000    0.781081    0.000000    0.000000    0.000000    0.000000    0.000000    0.000000
  -5.48783    7.792002    0.023838    0.023838    0.000000    0.755956    0.000000    0.000000    0.000000    0.000000    0.000000    0.000000
  -5.48183    7.836898    0.023528    0.023528    0.000000    0.743600    0.000000    0.000000    0.000000    0.000000    0.000000    0.000000
  -5.47583    8.011058    0.023830    0.023830    0.000000    0.744363    0.000000    0.000000    0.000000    0.000000    0.000000    0.000000
  -5.46982    8.297709    0.024801    0.024801    0.000000    0.757680    0.000000    0.000000    0.000000    0.000000    0.000000    0.000000
  -5.46382    8.671733    0.026461    0.026461    0.000000    0.782135    0.000000    0.000000    0.000000    0.000000    0.000000    0.000000
  -5.45782    9.101465    0.028793    0.028793    0.000000    0.815618    0.000000    0.000000    0.000000    0.000000    0.000000    0.000000
  -5.45182    9.551265    0.031747    0.031747    0.000000    0.855562    0.000000    0.000000    0.000000    0.000000    0.000000    0.000000
  -5.44582    9.984562    0.035245    0.035245    0.000000    0.899222    0.000000    0.000000    0.000000    0.000000    0.000000    0.000000
  -5.43981   10.367063    0.039191    0.039191    0.000000    0.943982    0.000000    0.000000    0.000000    0.000000    0.000000    0.000000
  -5.43381   10.669744    0.043478    0.043478    0.000000    0.987642    0.000000    0.000000    0.000000    0.000000    0.000000    0.000000
  -5.42781   10.871336    0.048007    0.048007    0.000000    1.028655    0.000000    0.000000    0.000000    0.000000    0.000000    0.000000
  -5.42181   10.960024    0.052692    0.052692    0.000000    1.066294    0.000000    0.000000    0.000000    0.000000    0.000000    0.000000
  -5.41581   10.934224    0.057475    0.057475    0.000000    1.100721    0.000000    0.000000    0.000000    0.000000    0.000000    0.000000
  -5.40980   10.802373    0.062331    0.062331    0.000000    1.132947    0.000000    0.000000    0.000000    0.000000    0.000000    0.000000
  -5.40380   10.581796    0.067274    0.067274    0.000000    1.164689    0.000000    0.000000    0.000000    0.000000    0.000000    0.000000
  -5.39780   10.296804    0.072354    0.072354    0.000000    1.198131    0.000000    0.000000    0.000000    0.000000    0.000000    0.000000
  -5.39180    9.976248    0.077650    0.077650    0.000000    1.235608    0.000000    0.000000    0.000000    0.000000    0.000000    0.000000
  -5.38580    9.650819    0.083258    0.083258    0.000000    1.279267    0.000000    0.000000    0.000000    0.000000    0.000000    0.000000
  -5.37979    9.350358    0.089273    0.089273    0.000000    1.330715    0.000000    0.000000    0.000000    0.000000    0.000000    0.000000
  -5.37379    9.101475    0.095772    0.095772    0.000000    1.390731    0.000000    0.000000    0.000000    0.000000    0.000000    0.000000
  -5.36779    8.925684    0.102797    0.102797    0.000000    1.459066    0.000000    0.000000    0.000000    0.000000    0.000000    0.000000
  -5.36179    8.838204    0.110341    0.110341    0.000000    1.534367    0.000000    0.000000    0.000000    0.000000    0.000000    0.000000
  -5.35579    8.847511    0.118338    0.118338    0.000000    1.614248    0.000000    0.000000    0.000000    0.000000    0.000000    0.000000
  -5.34978    8.955594    0.126663    0.126663    0.000000    1.695508    0.000000    0.000000    0.000000    0.000000    0.000000    0.000000
  -5.34378    9.158833    0.135141    0.135141    0.000000    1.774471    0.000000    0.000000    0.000000    0.000000    0.000000    0.000000
  -5.33778    9.449321    0.143551    0.143551    0.000000    1.847411    0.000000    0.000000    0.000000    0.000000    0.000000    0.000000
  -5.33178    9.816429    0.151649    0.151649    0.000000    1.911015    0.000000    0.000000    0.000000    0.000000    0.000000    0.000000
  -5.32578   10.248408    0.159186    0.159186    0.000000    1.962811    0.000000    0.000000    0.000000    0.000000    0.000000    0.000000
  -5.31977   10.733854    0.165921    0.165921    0.000000    2.001515    0.000000    0.000000    0.000000    0.000000    0.000000    0.000000
  -5.31377   11.262892    0.171643    0.171643    0.000000    2.027247    0.000000    0.000000    0.000000    0.000000    0.000000    0.000000
  -5.30777   11.828009    0.176179    0.176179    0.000000    2.041585    0.000000    0.000000    0.000000    0.000000    0.000000    0.000000
  -5.30177   12.424523    0.179402    0.179402    0.000000    2.047454    0.000000    0.000000    0.000000    0.000000    0.000000    0.000000
  -5.29577   13.050706    0.181240    0.181240    0.000000    2.048863    0.000000    0.000000    0.000000    0.000000    0.000000    0.000000
  -5.28976   13.707617    0.181677    0.181677    0.000000    2.050523    0.000000    0.000000    0.000000    0.000000    0.000000    0.000000
  -5.28376   14.398707    0.180753    0.180753    0.000000    2.057393    0.000000    0.000000    0.000000    0.000000    0.000000    0.000000
  -5.27776   15.129234    0.178568    0.178568    0.000000    2.074204    0.000000    0.000000    0.000000    0.000000    0.000000    0.000000
  -5.27176   15.905539    0.175280    0.175280    0.000000    2.105011    0.000000    0.000000    0.000000    0.000000    0.000000    0.000000
  -5.26576   16.734192    0.171106    0.171106    0.000000    2.152830    0.000000    0.000000    0.000000    0.000000    0.000000    0.000000
  -5.25975   17.621042    0.166324    0.166324    0.000000    2.219371    0.000000    0.000000    0.000000    0.000000    0.000000    0.000000
  -5.25375   18.570190    0.161263    0.161263    0.000000    2.304913    0.000000    0.000000    0.000000    0.000000    0.000000    0.000000
  -5.24775   19.582957    0.156301    0.156301    0.000000    2.408315    0.000000    0.000000    0.000000    0.000000    0.000000    0.000000
  -5.24175   20.656888    0.151851    0.151851    0.000000    2.527155    0.000000    0.000000    0.000000    0.000000    0.000000    0.000000
  -5.23575   21.784909    0.148347    0.148347    0.000000    2.657983    0.000000    0.000000    0.000000    0.000000    0.000000    0.000000
  -5.22974   22.954712    0.146224    0.146224    0.000000    2.796652    0.000000    0.000000    0.000000    0.000000    0.000000    0.000000
  -5.22374   24.148442    0.145895    0.145895    0.000000    2.938680    0.000000    0.000000    0.000000    0.000000    0.000000    0.000000
  -5.21774   25.342773    0.147725    0.147725    0.000000    3.079611    0.000000    0.000000    0.000000    0.000000    0.000000    0.000000
  -5.21174   26.509378    0.152004    0.152004    0.000000    3.215320    0.000000    0.000000    0.000000    0.000000    0.000000    0.000000
  -5.20574   27.615807    0.158913    0.158913    0.000000    3.342227    0.000000    0.000000    0.000000    0.000000    0.000000    0.000000
  -5.19973   28.626748    0.168509    0.168509    0.000000    3.457409    0.000000    0.000000    0.000000    0.000000    0.000000    0.000000
  -5.19373   29.505610    0.180690    0.180690    0.000000    3.558598    0.000000    0.000000    0.000000    0.000000    0.000000    0.000000
  -5.18773   30.216382    0.195191    0.195191    0.000000    3.644094    0.000000    0.000000    0.000000    0.000000    0.000000    0.000000
  -5.18173   30.725651    0.211580    0.211580    0.000000    3.712614    0.000000    0.000000    0.000000    0.000000    0.000000    0.000000
  -5.17573   31.004713    0.229265    0.229265    0.000000    3.763134    0.000000    0.000000    0.000000    0.000000    0.000000    0.000000
  -5.16972   31.031623    0.247528    0.247528    0.000000    3.794775    0.000000    0.000000    0.000000    0.000000    0.000000    0.000000
  -5.16372   30.793066    0.265564    0.265564    0.000000    3.806752    0.000000    0.000000    0.000000    0.000000    0.000000    0.000000
  -5.15772   30.285879    0.282545    0.282545    0.000000    3.798427    0.000000    0.000000    0.000000    0.000000    0.000000    0.000000
  -5.15172   29.518055    0.297682    0.297682    0.000000    3.769461    0.000000    0.000000    0.000000    0.000000    0.000000    0.000000
  -5.14572   28.509088    0.310295    0.310295    0.000000    3.720018    0.000000    0.000000    0.000000    0.000000    0.000000    0.000000
  -5.13971   27.289517    0.319880    0.319880    0.000000    3.650999    0.000000    0.000000    0.000000    0.000000    0.000000    0.000000
  -5.13371   25.899620    0.326149    0.326149    0.000000    3.564228    0.000000    0.000000    0.000000    0.000000    0.000000    0.000000
  -5.12771   24.387262    0.329062    0.329062    0.000000    3.462542    0.000000    0.000000    0.000000    0.000000    0.000000    0.000000
  -5.12171   22.805020    0.328819    0.328819    0.000000    3.349738    0.000000    0.000000    0.000000    0.000000    0.000000    0.000000
  -5.11571   21.206798    0.325833    0.325833    0.000000    3.230365    0.000000    0.000000    0.000000    0.000000    0.000000    0.000000
  -5.10970   19.644223    0.320670    0.320670    0.000000    3.109368    0.000000    0.000000    0.000000    0.000000    0.000000    0.000000
  -5.10370   18.163195    0.313984    0.313984    0.000000    2.991632    0.000000    0.000000    0.000000    0.000000    0.000000    0.000000
  -5.09770   16.800971    0.306432    0.306432    0.000000    2.881500    0.000000    0.000000    0.000000    0.000000    0.000000    0.000000
  -5.09170   15.584105    0.298599    0.298599    0.000000    2.782341    0.000000    0.000000    0.000000    0.000000    0.000000    0.000000
  -5.08570   14.527513    0.290947    0.290947    0.000000    2.696234    0.000000    0.000000    0.000000    0.000000    0.000000    0.000000
  -5.07969   13.634757    0.283770    0.283770    0.000000    2.623856    0.000000    0.000000    0.000000    0.000000    0.000000    0.000000
  -5.07369   12.899503    0.277192    0.277192    0.000000    2.564553    0.000000    0.000000    0.000000    0.000000    0.000000    0.000000
  -5.06769   12.307918    0.271187    0.271187    0.000000    2.516620    0.000000    0.000000    0.000000    0.000000    0.000000    0.000000
  -5.06169   11.841646    0.265615    0.265615    0.000000    2.477717    0.000000    0.000000    0.000000    0.000000    0.000000    0.000000
  -5.05569   11.480909    0.260278    0.260278    0.000000    2.445343    0.000000    0.000000    0.000000    0.000000    0.000000    0.000000
  -5.04968   11.207243    0.254974    0.254974    0.000000    2.417288    0.000000    0.000000    0.000000    0.000000    0.000000    0.000000
  -5.04368   11.005485    0.249541    0.249541    0.000000    2.391964    0.000000    0.000000    0.000000    0.000000    0.000000    0.000000
  -5.03768   10.864715    0.243890    0.243890    0.000000    2.368564    0.000000    0.000000    0.000000    0.000000    0.000000    0.000000
  -5.03168   10.778076    0.238008    0.238008    0.000000    2.347013    0.000000    0.000000    0.000000    0.000000    0.000000    0.000000
  -5.02568   10.741584    0.231953    0.231953    0.000000    2.327740    0.000000    0.000000    0.000000    0.000000    0.000000    0.000000
  -5.01967   10.752230    0.225821    0.225821    0.000000    2.311299    0.000000    0.000000    0.000000    0.000000    0.000000    0.000000
  -5.01367   10.805796    0.219710    0.219710    0.000000    2.297959    0.000000    0.000000    0.000000    0.000000    0.000000    0.000000
  -5.00767   10.894871    0.213687    0.213687    0.000000    2.287316    0.000000    0.000000    0.000000    0.000000    0.000000    0.000000
  -5.00167   11.007500    0.207756    0.207756    0.000000    2.278049    0.000000    0.000000    0.000000    0.000000    0.000000    0.000000
  -4.99567   11.126787    0.201849    0.201849    0.000000    2.267855    0.000000    0.000000    0.000000    0.000000    0.000000    0.000000
  -4.98966   11.231592    0.195832    0.195832    0.000000    2.253609    0.000000    0.000000    0.000000    0.000000    0.000000    0.000000
  -4.98366   11.298272    0.189530    0.189530    0.000000    2.231730    0.000000    0.000000    0.000000    0.000000    0.000000    0.000000
  -4.97766   11.303205    0.182765    0.182765    0.000000    2.198699    0.000000    0.000000    0.000000    0.000000    0.000000    0.000000
  -4.97166   11.225730    0.175406    0.175406    0.000000    2.151653    0.000000    0.000000    0.000000    0.000000    0.000000    0.000000
  -4.96566   11.051057    0.167416    0.167416    0.000000    2.088976    0.000000    0.000000    0.000000    0.000000    0.000000    0.000000
  -4.95965   10.772707    0.158893    0.158893    0.000000    2.010789    0.000000    0.000000    0.000000    0.000000    0.000000    0.000000
  -4.95365   10.394163    0.150100    0.150100    0.000000    1.919281    0.000000    0.000000    0.000000    0.000000    0.000000    0.000000
  -4.94765    9.929501    0.141475    0.141475    0.000000    1.818836    0.000000    0.000000    0.000000    0.000000    0.000000    0.000000
  -4.94165    9.402970    0.133629    0.133629    0.000000    1.715952    0.000000    0.000000    0.000000    0.000000    0.000000    0.000000
  -4.93565    8.847601    0.127318    0.127318    0.000000    1.618952    0.000000    0.000000    0.000000    0.000000    0.000000    0.000000
  -4.92964    8.303048    0.123403    0.123403    0.000000    1.537546    0.000000    0.000000    0.000000    0.000000    0.000000    0.000000
  -4.92364    7.812906    0.122800    0.122800    0.000000    1.482252    0.000000    0.000000    0.000000    0.000000    0.000000    0.000000
  -4.91764    7.421776    0.126412    0.126412    0.000000    1.463753    0.000000    0.000000    0.000000    0.000000    0.000000    0.000000
  -4.91164    7.172310    0.135062    0.135062    0.000000    1.492204    0.000000    0.000000    0.000000    0.000000    0.000000    0.000000
  -4.90564    7.102395    0.149413    0.149413    0.000000    1.576538    0.000000    0.000000    0.000000    0.000000    0.000000    0.000000
  -4.89963    7.242638    0.169893    0.169893    0.000000    1.723778    0.000000    0.000000    0.000000    0.000000    0.000000    0.000000
  -4.89363    7.614213    0.196628    0.196628    0.000000    1.938416    0.000000    0.000000    0.000000    0.000000    0.000000    0.000000
  -4.88763    8.227161    0.229380    0.229380    0.000000    2.221861    0.000000    0.000000    0.000000    0.000000    0.000000    0.000000
  -4.88163    9.079235    0.267510    0.267510    0.000000    2.572020    0.000000    0.000000    0.000000    0.000000    0.000000    0.000000
  -4.87563   10.155357    0.309961    0.309961    0.000000    2.983068    0.000000    0.000000    0.000000    0.000000    0.000000    0.000000
  -4.86962   11.427812    0.355283    0.355283    0.000000    3.445441    0.000000    0.000000    0.000000    0.000000    0.000000    0.000000
  -4.86362   12.857245    0.401690    0.401690    0.000000    3.946115    0.000000    0.000000    0.000000    0.000000    0.000000    0.000000
  -4.85762   14.394501    0.447158    0.447158    0.000000    4.469193    0.000000    0.000000    0.000000    0.000000    0.000000    0.000000
  -4.85162   15.983289    0.489556    0.489556    0.000000    4.996790    0.000000    0.000000    0.000000    0.000000    0.000000    0.000000
  -4.84562   17.563535    0.526798    0.526798    0.000000    5.510186    0.000000    0.000000    0.000000    0.000000    0.000000    0.000000
  -4.83961   19.075223    0.557014    0.557014    0.000000    5.991157    0.000000    0.000000    0.000000    0.000000    0.000000    0.000000
  -4.83361   20.462422    0.578701    0.578701    0.000000    6.423385    0.000000    0.000000    0.000000    0.000000    0.000000    0.000000
  -4.82761   21.677194    0.590856    0.590856    0.000000    6.793806    0.000000    0.000000    0.000000    0.000000    0.000000    0.000000
  -4.82161   22.683014    0.593066    0.593066    0.000000    7.093771    0.000000    0.000000    0.000000    0.000000    0.000000    0.000000
  -4.81561   23.457440    0.585545    0.585545    0.000000    7.319885    0.000000    0.000000    0.000000    0.000000    0.000000    0.000000
  -4.80960   23.993770    0.569111    0.569111    0.000000    7.474440    0.000000    0.000000    0.000000    0.000000    0.000000    0.000000
  -4.80360   24.301570    0.545117    0.545117    0.000000    7.565368    0.000000    0.000000    0.000000    0.000000    0.000000    0.000000
  -4.79760   24.406013    0.515330    0.515330    0.000000    7.605717    0.000000    0.000000    0.000000    0.000000    0.000000    0.000000
  -4.79160   24.346057    0.481784    0.481784    0.000000    7.612657    0.000000    0.000000    0.000000    0.000000    0.000000    0.000000
  -4.78560   24.171605    0.446612    0.446612    0.000000    7.606102    0.000000    0.000000    0.000000    0.000000    0.000000    0.000000
  -4.77959   23.939785    0.411891    0.411891    0.000000    7.607039    0.000000    0.000000    0.000000    0.000000    0.000000    0.000000
  -4.77359   23.710619    0.379495    0.379495    0.000000    7.635703    0.000000    0.000000    0.000000    0.000000    0.000000    0.000000
  -4.76759   23.542337    0.350982    0.350982    0.000000    7.709745    0.000000    0.000000    0.000000    0.000000    0.000000    0.000000
  -4.76159   23.486675    0.327511    0.327511    0.000000    7.842542    0.000000    0.000000    0.000000    0.000000    0.000000    0.000000
  -4.75559   23.584511    0.309800    0.309800    0.000000    8.041819    0.000000    0.000000    0.000000    0.000000    0.000000    0.000000
  -4.74958   23.862221    0.298116    0.298116    0.000000    8.308718    0.000000    0.000000    0.000000    0.000000    0.000000    0.000000
  -4.74358   24.329101    0.292296    0.292296    0.000000    8.637423    0.000000    0.000000    0.000000    0.000000    0.000000    0.000000
  -4.73758   24.976171    0.291795    0.291795    0.000000    9.015424    0.000000    0.000000    0.000000    0.000000    0.000000    0.000000
  -4.73158   25.776531    0.295751    0.295751    0.000000    9.424420    0.000000    0.000000    0.000000    0.000000    0.000000    0.000000
  -4.72558   26.687357    0.303070    0.303070    0.000000    9.841820    0.000000    0.000000    0.000000    0.000000    0.000000    0.000000
  -4.71957   27.653394    0.312511    0.312511    0.000000   10.242731    0.000000    0.000000    0.000000    0.000000    0.000000    0.000000
  -4.71357   28.611687    0.322789    0.322789    0.000000   10.602245    0.000000    0.000000    0.000000    0.000000    0.000000    0.000000
  -4.70757   29.497134    0.332665    0.332665    0.000000   10.897839    0.000000    0.000000    0.000000    0.000000    0.000000    0.000000
  -4.70157   30.248336    0.341040    0.341040    0.000000   11.111618    0.000000    0.000000    0.000000    0.000000    0.000000    0.000000
  -4.69557   30.813206    0.347041    0.347041    0.000000   11.232214    0.000000    0.000000    0.000000    0.000000    0.000000    0.000000
  -4.68956   31.153829    0.350083    0.350083    0.000000   11.256120    0.000000    0.000000    0.000000    0.000000    0.000000    0.000000
  -4.68356   31.250131    0.349926    0.349926    0.000000   11.188351    0.000000    0.000000    0.000000    0.000000    0.000000    0.000000
  -4.67756   31.102062    0.346701    0.346701    0.000000   11.042352    0.000000    0.000000    0.000000    0.000000    0.000000    0.000000
  -4.67156   30.730141    0.340912    0.340912    0.000000   10.839168    0.000000    0.000000    0.000000    0.000000    0.000000    0.000000
  -4.66556   30.174343    0.333416    0.333416    0.000000   10.605963    0.000000    0.000000    0.000000    0.000000    0.000000    0.000000
  -4.65955   29.491440    0.325375    0.325375    0.000000   10.374010    0.000000    0.000000    0.000000    0.000000    0.000000    0.000000
  -4.65355   28.750995    0.318180    0.318180    0.000000   10.176324    0.000000    0.000000    0.000000    0.000000    0.000000    0.000000
  -4.64755   28.030292    0.313357    0.313357    0.000000   10.045110    0.000000    0.000000    0.000000    0.000000    0.000000    0.000000
  -4.64155   27.408515    0.312455    0.312455    0.000000   10.009221    0.000000    0.000000    0.000000    0.000000    0.000000    0.000000
  -4.63555   26.960550    0.316925    0.316925    0.000000   10.091771    0.000000    0.000000    0.000000    0.000000    0.000000    0.000000
  -4.62954   26.750786    0.327984    0.327984    0.000000   10.308083    0.000000    0.000000    0.000000    0.000000    0.000000    0.000000
  -4.62354   26.827343    0.346497    0.346497    0.000000   10.664070    0.000000    0.000000    0.000000    0.000000    0.000000    0.000000
  -4.61754   27.217187    0.372858    0.372858    0.000000   11.155200    0.000000    0.000000    0.000000    0.000000    0.000000    0.000000
  -4.61154   27.922554    0.406911    0.406911    0.000000   11.766131    0.000000    0.000000    0.000000    0.000000    0.000000    0.000000
  -4.60554   28.919144    0.447890    0.447890    0.000000   12.471099    0.000000    0.000000    0.000000    0.000000    0.000000    0.000000
  -4.59953   30.156396    0.494421    0.494421    0.000000   13.235112    0.000000    0.000000    0.000000    0.000000    0.000000    0.000000
  -4.59353   31.560080    0.544567    0.544567    0.000000   14.015947    0.000000    0.000000    0.000000    0.000000    0.000000    0.000000
  -4.58753   33.037194    0.595930    0.595930    0.000000   14.766885    0.000000    0.000000    0.000000    0.000000    0.000000    0.000000
  -4.58153   34.482921    0.645810    0.645810    0.000000   15.440026    0.000000    0.000000    0.000000    0.000000    0.000000    0.000000
  -4.57553   35.789140    0.691404    0.691404    0.000000   15.989951    0.000000    0.000000    0.000000    0.000000    0.000000    0.000000
  -4.56952   36.853718    0.730023    0.730023    0.000000   16.377419    0.000000    0.000000    0.000000    0.000000    0.000000    0.000000
  -4.56352   37.589643    0.759320    0.759320    0.000000   16.572726    0.000000    0.000000    0.000000    0.000000    0.000000    0.000000
  -4.55752   37.932982    0.777488    0.777488    0.000000   16.558368    0.000000    0.000000    0.000000    0.000000    0.000000    0.000000
  -4.55152   37.848724    0.783414    0.783414    0.000000   16.330679    0.000000    0.000000    0.000000    0.000000    0.000000    0.000000
  -4.54552   37.333754    0.776769    0.776769    0.000000   15.900220    0.000000    0.000000    0.000000    0.000000    0.000000    0.000000
  -4.53951   36.416581    0.758021    0.758021    0.000000   15.290845    0.000000    0.000000    0.000000    0.000000    0.000000    0.000000
  -4.53351   35.153809    0.728372    0.728372    0.000000   14.537503    0.000000    0.000000    0.000000    0.000000    0.000000    0.000000
  -4.52751   33.623779    0.689630    0.689630    0.000000   13.683038    0.000000    0.000000    0.000000    0.000000    0.000000    0.000000
  -4.52151   31.918202    0.644032    0.644032    0.000000   12.774329    0.000000    0.000000    0.000000    0.000000    0.000000    0.000000
  -4.51551   30.132802    0.594046    0.594046    0.000000   11.858235    0.000000    0.000000    0.000000    0.000000    0.000000    0.000000
  -4.50950   28.358148    0.542167    0.542167    0.000000   10.977786    0.000000    0.000000    0.000000    0.000000    0.000000    0.000000
  -4.50350   26.671740    0.490741    0.490741    0.000000   10.169036    0.000000    0.000000    0.000000    0.000000    0.000000    0.000000
  -4.49750   25.132203    0.441823    0.441823    0.000000    9.458871    0.000000    0.000000    0.000000    0.000000    0.000000    0.000000
  -4.49150   23.776131    0.397091    0.397091    0.000000    8.863934    0.000000    0.000000    0.000000    0.000000    0.000000    0.000000
  -4.48550   22.617710    0.357797    0.357797    0.000000    8.390674    0.000000    0.000000    0.000000    0.000000    0.000000    0.000000
  -4.47949   21.650895    0.324770    0.324770    0.000000    8.036371    0.000000    0.000000    0.000000    0.000000    0.000000    0.000000
  -4.47349   20.853597    0.298449    0.298449    0.000000    7.790908    0.000000    0.000000    0.000000    0.000000    0.000000    0.000000
  -4.46749   20.193129    0.278935    0.278935    0.000000    7.638975    0.000000    0.000000    0.000000    0.000000    0.000000    0.000000
  -4.46149   19.632085    0.266048    0.266048    0.000000    7.562392    0.000000    0.000000    0.000000    0.000000    0.000000    0.000000
  -4.45549   19.133874    0.259396    0.259396    0.000000    7.542271    0.000000    0.000000    0.000000    0.000000    0.000000    0.000000
  -4.44948   18.667261    0.258422    0.258422    0.000000    7.560791    0.000000    0.000000    0.000000    0.000000    0.000000    0.000000
  -4.44348   18.209518    0.262452    0.262452    0.000000    7.602468    0.000000    0.000000    0.000000    0.000000    0.000000    0.000000
  -4.43748   17.747987    0.270731    0.270731    0.000000    7.654885    0.000000    0.000000    0.000000    0.000000    0.000000    0.000000
  -4.43148   17.280141    0.282456    0.282456    0.000000    7.708908    0.000000    0.000000    0.000000    0.000000    0.000000    0.000000
  -4.42548   16.812381    0.296801    0.296801    0.000000    7.758509    0.000000    0.000000    0.000000    0.000000    0.000000    0.000000
  -4.41947   16.357961    0.312948    0.312948    0.000000    7.800312    0.000000    0.000000    0.000000    0.000000    0.000000    0.000000
  -4.41347   15.934448    0.330107    0.330107    0.000000    7.833014    0.000000    0.000000    0.000000    0.000000    0.000000    0.000000
  -4.40747   15.561131    0.347546    0.347546    0.000000    7.856790    0.000000    0.000000    0.000000    0.000000    0.000000    0.000000
  -4.40147   15.256696    0.364619    0.364619    0.000000    7.872788    0.000000    0.000000    0.000000    0.000000    0.000000    0.000000
  -4.39547   15.037399    0.380789    0.380789    0.000000    7.882756    0.000000    0.000000    0.000000    0.000000    0.000000    0.000000
  -4.38946   14.915825    0.395653    0.395653    0.000000    7.888832    0.000000    0.000000    0.000000    0.000000    0.000000    0.000000
  -4.38346   14.900242    0.408963    0.408963    0.000000    7.893483    0.000000    0.000000    0.000000    0.000000    0.000000    0.000000
  -4.37746   14.994493    0.420641    0.420641    0.000000    7.899552    0.000000    0.000000    0.000000    0.000000    0.000000    0.000000
  -4.37146   15.198304    0.430798    0.430798    0.000000    7.910374    0.000000    0.000000    0.000000    0.000000    0.000000    0.000000
  -4.36546   15.507893    0.439736    0.439736    0.000000    7.929896    0.000000    0.000000    0.000000    0.000000    0.000000    0.000000
  -4.35945   15.916779    0.447950    0.447950    0.000000    7.962772    0.000000    0.000000    0.000000    0.000000    0.000000    0.000000
  -4.35345   16.416697    0.456120    0.456120    0.000000    8.014355    0.000000    0.000000    0.000000    0.000000    0.000000    0.000000
  -4.34745   16.998546    0.465086    0.465086    0.000000    8.090581    0.000000    0.000000    0.000000    0.000000    0.000000    0.000000
  -4.34145   17.653308    0.475817    0.475817    0.000000    8.197716    0.000000    0.000000    0.000000    0.000000    0.000000    0.000000
  -4.33545   18.372886    0.489358    0.489358    0.000000    8.341970    0.000000    0.000000    0.000000    0.000000    0.000000    0.000000
  -4.32944   19.150775    0.506772    0.506772    0.000000    8.528995    0.000000    0.000000    0.000000    0.000000    0.000000    0.000000
  -4.32344   19.982507    0.529068    0.529068    0.000000    8.763325    0.000000    0.000000    0.000000    0.000000    0.000000    0.000000
  -4.31744   20.865802    0.557124    0.557124    0.000000    9.047789    0.000000    0.000000    0.000000    0.000000    0.000000    0.000000
  -4.31144   21.800381    0.591614    0.591614    0.000000    9.383003    0.000000    0.000000    0.000000    0.000000    0.000000    0.000000
  -4.30544   22.787455    0.632941    0.632941    0.000000    9.766983    0.000000    0.000000    0.000000    0.000000    0.000000    0.000000
  -4.29943   23.828940    0.681190    0.681190    0.000000   10.194972    0.000000    0.000000    0.000000    0.000000    0.000000    0.000000
  -4.29343   24.926530    0.736098    0.736098    0.000000   10.659549    0.000000    0.000000    0.000000    0.000000    0.000000    0.000000
  -4.28743   26.080800    0.797060    0.797060    0.000000   11.151041    0.000000    0.000000    0.000000    0.000000    0.000000    0.000000
  -4.28143   27.290536    0.863169    0.863169    0.000000   11.658270    0.000000    0.000000    0.000000    0.000000    0.000000    0.000000
  -4.27543   28.552458    0.933284    0.933284    0.000000   12.169610    0.000000    0.000000    0.000000    0.000000    0.000000    0.000000
  -4.26942   29.861465    1.006144    1.006144    0.000000   12.674260    0.000000    0.000000    0.000000    0.000000    0.000000    0.000000
  -4.26342   31.211388    1.080502    1.080502    0.000000   13.163649    0.000000    0.000000    0.000000    0.000000    0.000000    0.000000
  -4.25742   32.596153    1.155272    1.155272    0.000000   13.632778    0.000000    0.000000    0.000000    0.000000    0.000000    0.000000
  -4.25142   34.011120    1.229679    1.229679    0.000000   14.081336    0.000000    0.000000    0.000000    0.000000    0.000000    0.000000
  -4.24542   35.454279    1.303379    1.303379    0.000000   14.514378    0.000000    0.000000    0.000000    0.000000    0.000000    0.000000
  -4.23941   36.926991    1.376538    1.376538    0.000000   14.942413    0.000000    0.000000    0.000000    0.000000    0.000000    0.000000
  -4.23341   38.433988    1.449846    1.449846    0.000000   15.380790    0.000000    0.000000    0.000000    0.000000    0.000000    0.000000
  -4.22741   39.982497    1.524447    1.524447    0.000000   15.848368    0.000000    0.000000    0.000000    0.000000    0.000000    0.000000
  -4.22141   41.580520    1.601795    1.601795    0.000000   16.365570    0.000000    0.000000    0.000000    0.000000    0.000000    0.000000
  -4.21541   43.234498    1.683443    1.683443    0.000000   16.952019    0.000000    0.000000    0.000000    0.000000    0.000000    0.000000
  -4.20940   44.946737    1.770777    1.770777    0.000000   17.624054    0.000000    0.000000    0.000000    0.000000    0.000000    0.000000
  -4.20340   46.713083    1.864751    1.864751    0.000000   18.392450    0.000000    0.000000    0.000000    0.000000    0.000000    0.000000
  -4.19740   48.521319    1.965642    1.965642    0.000000   19.260679    0.000000    0.000000    0.000000    0.000000    0.000000    0.000000
  -4.19140   50.350653    2.072883    2.072883    0.000000   20.223973    0.000000    0.000000    0.000000    0.000000    0.000000    0.000000
  -4.18540   52.172500    2.184986    2.184986    0.000000   21.269324    0.000000    0.000000    0.000000    0.000000    0.000000    0.000000
  -4.17939   53.952500    2.299592    2.299592    0.000000   22.376437    0.000000    0.000000    0.000000    0.000000    0.000000    0.000000
  -4.17339   55.653496    2.413642    2.413642    0.000000   23.519497    0.000000    0.000000    0.000000    0.000000    0.000000    0.000000
  -4.16739   57.239036    2.523631    2.523631    0.000000   24.669477    0.000000    0.000000    0.000000    0.000000    0.000000    0.000000
  -4.16139   58.676823    2.625947    2.625947    0.000000   25.796656    0.000000    0.000000    0.000000    0.000000    0.000000    0.000000
  -4.15539   59.941576    2.717207    2.717207    0.000000   26.872994    0.000000    0.000000    0.000000    0.000000    0.000000    0.000000
  -4.14938   61.016857    2.794573    2.794573    0.000000   27.874052    0.000000    0.000000    0.000000    0.000000    0.000000    0.000000
  -4.14338   61.895620    2.855985    2.855985    0.000000   28.780234    0.000000    0.000000    0.000000    0.000000    0.000000    0.000000
  -4.13738   62.579416    2.900291    2.900291    0.000000   29.577251    0.000000    0.000000    0.000000    0.000000    0.000000    0.000000
  -4.13138   63.076475    2.927259    2.927259    0.000000   30.255856    0.000000    0.000000    0.000000    0.000000    0.000000    0.000000
  -4.12538   63.398994    2.937473    2.937473    0.000000   30.810974    0.000000    0.000000    0.000000    0.000000    0.000000    0.000000
  -4.11937   63.560124    2.932145    2.932145    0.000000   31.240487    0.000000    0.000000    0.000000    0.000000    0.000000    0.000000
  -4.11337   63.571140    2.912880    2.912880    0.000000   31.543911    0.000000    0.000000    0.000000    0.000000    0.000000    0.000000
  -4.10737   63.439268    2.881432    2.881432    0.000000   31.721268    0.000000    0.000000    0.000000    0.000000    0.000000    0.000000
  -4.10137   63.166469    2.839499    2.839499    0.000000   31.772336    0.000000    0.000000    0.000000    0.000000    0.000000    0.000000
  -4.09537   62.749394    2.788581    2.788581    0.000000   31.696433    0.000000    0.000000    0.000000    0.000000    0.000000    0.000000
  -4.08936   62.180490    2.729923    2.729923    0.000000   31.492765    0.000000    0.000000    0.000000    0.000000    0.000000    0.000000
  -4.08336   61.450104    2.664550    2.664550    0.000000   31.161278    0.000000    0.000000    0.000000    0.000000    0.000000    0.000000
  -4.07736   60.549290    2.593367    2.593367    0.000000   30.703860    0.000000    0.000000    0.000000    0.000000    0.000000    0.000000
  -4.07136   59.472916    2.517304    2.517304    0.000000   30.125692    0.000000    0.000000    0.000000    0.000000    0.000000    0.000000
  -4.06536   58.222641    2.437479    2.437479    0.000000   29.436476    0.000000    0.000000    0.000000    0.000000    0.000000    0.000000
  -4.05935   56.809320    2.355335    2.355335    0.000000   28.651323    0.000000    0.000000    0.000000    0.000000    0.000000    0.000000
  -4.05335   55.254466    2.272714    2.272714    0.000000   27.791075    0.000000    0.000000    0.000000    0.000000    0.000000    0.000000
  -4.04735   53.590484    2.191872    2.191872    0.000000   26.881941    0.000000    0.000000    0.000000    0.000000    0.000000    0.000000
  -4.04135   51.859529    2.115394    2.115394    0.000000   25.954384    0.000000    0.000000    0.000000    0.000000    0.000000    0.000000
  -4.03535   50.110997    2.046037    2.046037    0.000000   25.041322    0.000000    0.000000    0.000000    0.000000    0.000000    0.000000
  -4.02934   48.397841    1.986505    1.986505    0.000000   24.175794    0.000000    0.000000    0.000000    0.000000    0.000000    0.000000
  -4.02334   46.772056    1.939190    1.939190    0.000000   23.388328    0.000000    0.000000    0.000000    0.000000    0.000000    0.000000
  -4.01734   45.279842    1.905923    1.905923    0.000000   22.704312    0.000000    0.000000    0.000000    0.000000    0.000000    0.000000
  -4.01134   43.957037    1.887755    1.887755    0.000000   22.141703    0.000000    0.000000    0.000000    0.000000    0.000000    0.000000
  -4.00534   42.825471    1.884828    1.884828    0.000000   21.709407    0.000000    0.000000    0.000000    0.000000    0.000000    0.000000
  -3.99933   41.890818    1.896354    1.896354    0.000000   21.406577    0.000000    0.000000    0.000000    0.000000    0.000000    0.000000
  -3.99333   41.142382    1.920708    1.920708    0.000000   21.223033    0.000000    0.000000    0.000000    0.000000    0.000000    0.000000
  -3.98733   40.555027    1.955660    1.955660    0.000000   21.140820    0.000000    0.000000    0.000000    0.000000    0.000000    0.000000
  -3.98133   40.093149    1.998685    1.998685    0.000000   21.136801    0.000000    0.000000    0.000000    0.000000    0.000000    0.000000
  -3.97533   39.716271    2.047346    2.047346    0.000000   21.186008    0.000000    0.000000    0.000000    0.000000    0.000000    0.000000
  -3.96932   39.385555    2.099665    2.099665    0.000000   21.265339    0.000000    0.000000    0.000000    0.000000    0.000000    0.000000
  -3.96332   39.070320    2.154443    2.154443    0.000000   21.357100    0.000000    0.000000    0.000000    0.000000    0.000000    0.000000
  -3.95732   38.753554    2.211451    2.211451    0.000000   21.451864    0.000000    0.000000    0.000000    0.000000    0.000000    0.000000
  -3.95132   38.435529    2.271463    2.271463    0.000000   21.550187    0.000000    0.000000    0.000000    0.000000    0.000000    0.000000
  -3.94532   38.134829    2.336101    2.336101    0.000000   21.662853    0.000000    0.000000    0.000000    0.000000    0.000000    0.000000
  -3.93931   37.886494    2.407511    2.407511    0.000000   21.809509    0.000000    0.000000    0.000000    0.000000    0.000000    0.000000
  -3.93331   37.737384    2.487897    2.487897    0.000000   22.015822    0.000000    0.000000    0.000000    0.000000    0.000000    0.000000
  -3.92731   37.739360    2.578987    2.578987    0.000000   22.309479    0.000000    0.000000    0.000000    0.000000    0.000000    0.000000
  -3.92131   37.941177    2.681517    2.681517    0.000000   22.715578    0.000000    0.000000    0.000000    0.000000    0.000000    0.000000
  -3.91531   38.380271    2.794796    2.794796    0.000000   23.252063    0.000000    0.000000    0.000000    0.000000    0.000000    0.000000
  -3.90930   39.075615    2.916458    2.916458    0.000000   23.925847    0.000000    0.000000    0.000000    0.000000    0.000000    0.000000
  -3.90330   40.022726    3.042418    3.042418    0.000000   24.730233    0.000000    0.000000    0.000000    0.000000    0.000000    0.000000
  -3.89730   41.191548    3.167073    3.167073    0.000000   25.644002    0.000000    0.000000    0.000000    0.000000    0.000000    0.000000
  -3.89130   42.527558    3.283725    3.283725    0.000000   26.632351    0.000000    0.000000    0.000000    0.000000    0.000000    0.000000
  -3.88530   43.955946    3.385162    3.385162    0.000000   27.649569    0.000000    0.000000    0.000000    0.000000    0.000000    0.000000
  -3.87929   45.388322    3.464345    3.464345    0.000000   28.643130    0.000000    0.000000    0.000000    0.000000    0.000000    0.000000
  -3.87329   46.731053    3.515087    3.515087    0.000000   29.558683    0.000000    0.000000    0.000000    0.000000    0.000000    0.000000
  -3.86729   47.894193    3.532663    3.532663    0.000000   30.345341    0.000000    0.000000    0.000000    0.000000    0.000000    0.000000
  -3.86129   48.799921    3.514259    3.514259    0.000000   30.960653    0.000000    0.000000    0.000000    0.000000    0.000000    0.000000
  -3.85529   49.389585    3.459230    3.459230    0.000000   31.374740    0.000000    0.000000    0.000000    0.000000    0.000000    0.000000
  -3.84928   49.628681    3.369131    3.369131    0.000000   31.573197    0.000000    0.000000    0.000000    0.000000    0.000000    0.000000
  -3.84328   49.509411    3.247559    3.247559    0.000000   31.558562    0.000000    0.000000    0.000000    0.000000    0.000000    0.000000
  -3.83728   49.050779    3.099816    3.099816    0.000000   31.350280    0.000000    0.000000    0.000000    0.000000    0.000000    0.000000
  -3.83128   48.296446    2.932467    2.932467    0.000000   30.983283    0.000000    0.000000    0.000000    0.000000    0.000000    0.000000
  -3.82528   47.310734    2.752834    2.752834    0.000000   30.505378    0.000000    0.000000    0.000000    0.000000    0.000000    0.000000
  -3.81927   46.173291    2.568499    2.568499    0.000000   29.973722    0.000000    0.000000    0.000000    0.000000    0.000000    0.000000
  -3.81327   44.972922    2.386849    2.386849    0.000000   29.450676    0.000000    0.000000    0.000000    0.000000    0.000000    0.000000
  -3.80727   43.801105    2.214705    2.214705    0.000000   28.999343    0.000000    0.000000    0.000000    0.000000    0.000000    0.000000
  -3.80127   42.745624    2.058039    2.058039    0.000000   28.679104    0.000000    0.000000    0.000000    0.000000    0.000000    0.000000
  -3.79527   41.884730    1.921792    1.921792    0.000000   28.541426    0.000000    0.000000    0.000000    0.000000    0.000000    0.000000
  -3.78926   41.282171    1.809790    1.809790    0.000000   28.626233    0.000000    0.000000    0.000000    0.000000    0.000000    0.000000
  -3.78326   40.983397    1.724729    1.724729    0.000000   28.959098    0.000000    0.000000    0.000000    0.000000    0.000000    0.000000
  -3.77726   41.013177    1.668231    1.668231    0.000000   29.549472    0.000000    0.000000    0.000000    0.000000    0.000000    0.000000
  -3.77126   41.374790    1.640943    1.640943    0.000000   30.390118    0.000000    0.000000    0.000000    0.000000    0.000000    0.000000
  -3.76526   42.050841    1.642666    1.642666    0.000000   31.457811    0.000000    0.000000    0.000000    0.000000    0.000000    0.000000
  -3.75925   43.005610    1.672510    1.672510    0.000000   32.715266    0.000000    0.000000    0.000000    0.000000    0.000000    0.000000
  -3.75325   44.188707    1.729034    1.729034    0.000000   34.114138    0.000000    0.000000    0.000000    0.000000    0.000000    0.000000
  -3.74725   45.539663    1.810402    1.810402    0.000000   35.598804    0.000000    0.000000    0.000000    0.000000    0.000000    0.000000
  -3.74125   46.992998    1.914498    1.914498    0.000000   37.110586    0.000000    0.000000    0.000000    0.000000    0.000000    0.000000
  -3.73525   48.483278    2.039036    2.039036    0.000000   38.592011    0.000000    0.000000    0.000000    0.000000    0.000000    0.000000
  -3.72924   49.949671    2.181630    2.181630    0.000000   39.990726    0.000000    0.000000    0.000000    0.000000    0.000000    0.000000
  -3.72324   51.339645    2.339844    2.339844    0.000000   41.262728    0.000000    0.000000    0.000000    0.000000    0.000000    0.000000
  -3.71724   52.611552    2.511220    2.511220    0.000000   42.374692    0.000000    0.000000    0.000000    0.000000    0.000000    0.000000
  -3.71124   53.735999    2.693294    2.693294    0.000000   43.305264    0.000000    0.000000    0.000000    0.000000    0.000000    0.000000
  -3.70524   54.696067    2.883594    2.883594    0.000000   44.045311    0.000000    0.000000    0.000000    0.000000    0.000000    0.000000
  -3.69923   55.486537    3.079656    3.079656    0.000000   44.597205    0.000000    0.000000    0.000000    0.000000    0.000000    0.000000
  -3.69323   56.112354    3.279025    3.279025    0.000000   44.973309    0.000000    0.000000    0.000000    0.000000    0.000000    0.000000
  -3.68723   56.586609    3.479272    3.479272    0.000000   45.193838    0.000000    0.000000    0.000000    0.000000    0.000000    0.000000
  -3.68123   56.928273    3.678017    3.678017    0.000000   45.284330    0.000000    0.000000    0.000000    0.000000    0.000000    0.000000
  -3.67523   57.159933    3.872951    3.872951    0.000000   45.272931    0.000000    0.000000    0.000000    0.000000    0.000000    0.000000
  -3.66922   57.305690    4.061873    4.061873    0.000000   45.187736    0.000000    0.000000    0.000000    0.000000    0.000000    0.000000
  -3.66322   57.389376    4.242726    4.242726    0.000000   45.054377    0.000000    0.000000    0.000000    0.000000    0.000000    0.000000
  -3.65722   57.433171    4.413652    4.413652    0.000000   44.894086    0.000000    0.000000    0.000000    0.000000    0.000000    0.000000
  -3.65122   57.456676    4.573054    4.573054    0.000000   44.722375    0.000000    0.000000    0.000000    0.000000    0.000000    0.000000
  -3.64522   57.476443    4.719674    4.719674    0.000000   44.548473    0.000000    0.000000    0.000000    0.000000    0.000000    0.000000
  -3.63921   57.505901    4.852670    4.852670    0.000000   44.375541    0.000000    0.000000    0.000000    0.000000    0.000000    0.000000
  -3.63321   57.555564    4.971687    4.971687    0.000000   44.201607    0.000000    0.000000    0.000000    0.000000    0.000000    0.000000
  -3.62721   57.633377    5.076900    5.076900    0.000000   44.021057    0.000000    0.000000    0.000000    0.000000    0.000000    0.000000
  -3.62121   57.745013    5.169005    5.169005    0.000000   43.826432    0.000000    0.000000    0.000000    0.000000    0.000000    0.000000
  -3.61521   57.893959    5.249151    5.249151    0.000000   43.610221    0.000000    0.000000    0.000000    0.000000    0.000000    0.000000
  -3.60920   58.081307    5.318800    5.318800    0.000000   43.366370    0.000000    0.000000    0.000000    0.000000    0.000000    0.000000
  -3.60320   58.305236    5.379531    5.379531    0.000000   43.091268    0.000000    0.000000    0.000000    0.000000    0.000000    0.000000
  -3.59720   58.560301    5.432807    5.432807    0.000000   42.784104    0.000000    0.000000    0.000000    0.000000    0.000000    0.000000
  -3.59120   58.836730    5.479756    5.479756    0.000000   42.446601    0.000000    0.000000    0.000000    0.000000    0.000000    0.000000
  -3.58520   59.120019    5.520995    5.520995    0.000000   42.082310    0.000000    0.000000    0.000000    0.000000    0.000000    0.000000
  -3.57919   59.391069    5.556565    5.556565    0.000000   41.695681    0.000000    0.000000    0.000000    0.000000    0.000000    0.000000
  -3.57319   59.627057    5.585970    5.585970    0.000000   41.291195    0.000000    0.000000    0.000000    0.000000    0.000000    0.000000
  -3.56719   59.803096    5.608360    5.608360    0.000000   40.872791    0.000000    0.000000    0.000000    0.000000    0.000000    0.000000
  -3.56119   59.894534    5.622807    5.622807    0.000000   40.443698    0.000000    0.000000    0.000000    0.000000    0.000000    0.000000
  -3.55519   59.879596    5.628632    5.628632    0.000000   40.006689    0.000000    0.000000    0.000000    0.000000    0.000000    0.000000
  -3.54918   59.741949    5.625726    5.625726    0.000000   39.564590    0.000000    0.000000    0.000000    0.000000    0.000000    0.000000
  -3.54318   59.472709    5.614765    5.614765    0.000000   39.120820    0.000000    0.000000    0.000000    0.000000    0.000000    0.000000
  -3.53718   59.071499    5.597283    5.597283    0.000000   38.679705    0.000000    0.000000    0.000000    0.000000    0.000000    0.000000
  -3.53118   58.546292    5.575549    5.575549    0.000000   38.246322    0.000000    0.000000    0.000000    0.000000    0.000000    0.000000
  -3.52518   57.912006    5.552254    5.552254    0.000000   37.825792    0.000000    0.000000    0.000000    0.000000    0.000000    0.000000
  -3.51917   57.188055    5.530037    5.530037    0.000000   37.422041    0.000000    0.000000    0.000000    0.000000    0.000000    0.000000
  -3.51317   56.395268    5.510938    5.510938    0.000000   37.036252    0.000000    0.000000    0.000000    0.000000    0.000000    0.000000
  -3.50717   55.552744    5.495864    5.495864    0.000000   36.665321    0.000000    0.000000    0.000000    0.000000    0.000000    0.000000
  -3.50117   54.675223    5.484175    5.484175    0.000000   36.300712    0.000000    0.000000    0.000000    0.000000    0.000000    0.000000
  -3.49517   53.771493    5.473493    5.473493    0.000000   35.928075    0.000000    0.000000    0.000000    0.000000    0.000000    0.000000
  -3.48916   52.844174    5.459784    5.459784    0.000000   35.527889    0.000000    0.000000    0.000000    0.000000    0.000000    0.000000
  -3.48316   51.890943    5.437741    5.437741    0.000000   35.077206    0.000000    0.000000    0.000000    0.000000    0.000000    0.000000
  -3.47716   50.907025    5.401429    5.401429    0.000000   34.552401    0.000000    0.000000    0.000000    0.000000    0.000000    0.000000
  -3.47116   49.888489    5.345125    5.345125    0.000000   33.932574    0.000000    0.000000    0.000000    0.000000    0.000000    0.000000
  -3.46516   48.835740    5.264223    5.264223    0.000000   33.203167    0.000000    0.000000    0.000000    0.000000    0.000000    0.000000
  -3.45915   47.756524    5.156079    5.156079    0.000000   32.359209    0.000000    0.000000    0.000000    0.000000    0.000000    0.000000
  -3.45315   46.667824    5.020665    5.020665    0.000000   31.407673    0.000000    0.000000    0.000000    0.000000    0.000000    0.000000
  -3.44715   45.596204    4.860922    4.860922    0.000000   30.368501    0.000000    0.000000    0.000000    0.000000    0.000000    0.000000
  -3.44115   44.576409    4.682754    4.682754    0.000000   29.274056    0.000000    0.000000    0.000000    0.000000    0.000000    0.000000
  -3.43515   43.648335    4.494640    4.494640    0.000000   28.166987    0.000000    0.000000    0.000000    0.000000    0.000000    0.000000
  -3.42914   42.852779    4.306925    4.306925    0.000000   27.096713    0.000000    0.000000    0.000000    0.000000    0.000000    0.000000
  -3.42314   42.226574    4.130853    4.130853    0.000000   26.114962    0.000000    0.000000    0.000000    0.000000    0.000000    0.000000
  -3.41714   41.797864    3.977490    3.977490    0.000000   25.270914    0.000000    0.000000    0.000000    0.000000    0.000000    0.000000
  -3.41114   41.582258    3.856647    3.856647    0.000000   24.606555    0.000000    0.000000    0.000000    0.000000    0.000000    0.000000
  -3.40514   41.580465    3.775955    3.775955    0.000000   24.152830    0.000000    0.000000    0.000000    0.000000    0.000000    0.000000
  -3.39913   41.777827    3.740178    3.740178    0.000000   23.927057    0.000000    0.000000    0.000000    0.000000    0.000000    0.000000
  -3.39313   42.145856    3.750852    3.750852    0.000000   23.931887    0.000000    0.000000    0.000000    0.000000    0.000000    0.000000
  -3.38713   42.645614    3.806270    3.806270    0.000000   24.155911    0.000000    0.000000    0.000000    0.000000    0.000000    0.000000
  -3.38113   43.232498    3.901807    3.901807    0.000000   24.575787    0.000000    0.000000    0.000000    0.000000    0.000000    0.000000
  -3.37513   43.861803    4.030537    4.030537    0.000000   25.159591    0.000000    0.000000    0.000000    0.000000    0.000000    0.000000
  -3.36912   44.494325    4.184056    4.184056    0.000000   25.870933    0.000000    0.000000    0.000000    0.000000    0.000000    0.000000
  -3.36312   45.101254    4.353411    4.353411    0.000000   26.673307    0.000000    0.000000    0.000000    0.000000    0.000000    0.000000
  -3.35712   45.667692    4.530024    4.530024    0.000000   27.534083    0.000000    0.000000    0.000000    0.000000    0.000000    0.000000
  -3.35112   46.194268    4.706505    4.706505    0.000000   28.427628    0.000000    0.000000    0.000000    0.000000    0.000000    0.000000
  -3.34512   46.696578    4.877243    4.877243    0.000000   29.337102    0.000000    0.000000    0.000000    0.000000    0.000000    0.000000
  -3.33911   47.202425    5.038729    5.038729    0.000000   30.254686    0.000000    0.000000    0.000000    0.000000    0.000000    0.000000
  -3.33311   47.747102    5.189547    5.189547    0.000000   31.180165    0.000000    0.000000    0.000000    0.000000    0.000000    0.000000
  -3.32711   48.367252    5.330062    5.330062    0.000000   32.118054    0.000000    0.000000    0.000000    0.000000    0.000000    0.000000
  -3.32111   49.094057    5.461853    5.461853    0.000000   33.073693    0.000000    0.000000    0.000000    0.000000    0.000000    0.000000
  -3.31511   49.946641    5.586967    5.586967    0.000000   34.048881    0.000000    0.000000    0.000000    0.000000    0.000000    0.000000
  -3.30910   50.926627    5.707136    5.707136    0.000000   35.037801    0.000000    0.000000    0.000000    0.000000    0.000000    0.000000
  -3.30310   52.014705    5.823074    5.823074    0.000000   36.023937    0.000000    0.000000    0.000000    0.000000    0.000000    0.000000
  -3.29710   53.169832    5.933985    5.933985    0.000000   36.978622    0.000000    0.000000    0.000000    0.000000    0.000000    0.000000
  -3.29110   54.331378    6.037371    6.037371    0.000000   37.861600    0.000000    0.000000    0.000000    0.000000    0.000000    0.000000
  -3.28510   55.424108    6.129189    6.129189    0.000000   38.623733    0.000000    0.000000    0.000000    0.000000    0.000000    0.000000
  -3.27909   56.365498    6.204342    6.204342    0.000000   39.211580    0.000000    0.000000    0.000000    0.000000    0.000000    0.000000
  -3.27309   57.074495    6.257437    6.257437    0.000000   39.573329    0.000000    0.000000    0.000000    0.000000    0.000000    0.000000
  -3.26709   57.480617    6.283681    6.283681    0.000000   39.665257    0.000000    0.000000    0.000000    0.000000    0.000000    0.000000
  -3.26109   57.532181    6.279774    6.279774    0.000000   39.457816    0.000000    0.000000    0.000000    0.000000    0.000000    0.000000
  -3.25509   57.202583    6.244645    6.244645    0.000000   38.940462    0.000000    0.000000    0.000000    0.000000    0.000000    0.000000
  -3.24908   56.493786    6.179897    6.179897    0.000000   38.124478    0.000000    0.000000    0.000000    0.000000    0.000000    0.000000
  -3.24308   55.436611    6.089884    6.089884    0.000000   37.043385    0.000000    0.000000    0.000000    0.000000    0.000000    0.000000
  -3.23708   54.087840    5.981392    5.981392    0.000000   35.750825    0.000000    0.000000    0.000000    0.000000    0.000000    0.000000
  -3.23108   52.524594    5.862983    5.862983    0.000000   34.316186    0.000000    0.000000    0.000000    0.000000    0.000000    0.000000
  -3.22508   50.836810    5.744092    5.744092    0.000000   32.818552    0.000000    0.000000    0.000000    0.000000    0.000000    0.000000
  -3.21907   49.118813    5.634029    5.634029    0.000000   31.339741    0.000000    0.000000    0.000000    0.000000    0.000000    0.000000
  -3.21307   47.461084    5.541037    5.541037    0.000000   29.957304    0.000000    0.000000    0.000000    0.000000    0.000000    0.000000
  -3.20707   45.943168    5.471557    5.471557    0.000000   28.738320    0.000000    0.000000    0.000000    0.000000    0.000000    0.000000
  -3.20107   44.628466    5.429788    5.429788    0.000000   27.734638    0.000000    0.000000    0.000000    0.000000    0.000000    0.000000
  -3.19507   43.561303    5.417597    5.417597    0.000000   26.980008    0.000000    0.000000    0.000000    0.000000    0.000000    0.000000
  -3.18906   42.766330    5.434750    5.434750    0.000000   26.489244    0.000000    0.000000    0.000000    0.000000    0.000000    0.000000
  -3.18306   42.249965    5.479394    5.479394    0.000000   26.259281    0.000000    0.000000    0.000000    0.000000    0.000000    0.000000
  -3.17706   42.003349    5.548666    5.548666    0.000000   26.271771    0.000000    0.000000    0.000000    0.000000    0.000000    0.000000
  -3.17106   42.006094    5.639285    5.639285    0.000000   26.496663    0.000000    0.000000    0.000000    0.000000    0.000000    0.000000
  -3.16506   42.230103    5.748029    5.748029    0.000000   26.896177    0.000000    0.000000    0.000000    0.000000    0.000000    0.000000
  -3.15905   42.642827    5.871972    5.871972    0.000000   27.428580    0.000000    0.000000    0.000000    0.000000    0.000000    0.000000
  -3.15305   43.209490    6.008482    6.008482    0.000000   28.051303    0.000000    0.000000    0.000000    0.000000    0.000000    0.000000
  -3.14705   43.894117    6.154979    6.154979    0.000000   28.723115    0.000000    0.000000    0.000000    0.000000    0.000000    0.000000
  -3.14105   44.659459    6.308546    6.308546    0.000000   29.405279    0.000000    0.000000    0.000000    0.000000    0.000000    0.000000
  -3.13505   45.466178    6.465508    6.465508    0.000000   30.061840    0.000000    0.000000    0.000000    0.000000    0.000000    0.000000
  -3.12904   46.271832    6.621103    6.621103    0.000000   30.659351    0.000000    0.000000    0.000000    0.000000    0.000000    0.000000
  -3.12304   47.030254    6.769363    6.769363    0.000000   31.166433    0.000000    0.000000    0.000000    0.000000    0.000000    0.000000
  -3.11704   47.691859    6.903279    6.903279    0.000000   31.553570    0.000000    0.000000    0.000000    0.000000    0.000000    0.000000
  -3.11104   48.205202    7.015253    7.015253    0.000000   31.793451    0.000000    0.000000    0.000000    0.000000    0.000000    0.000000
  -3.10504   48.519833    7.097809    7.097809    0.000000   31.861981    0.000000    0.000000    0.000000    0.000000    0.000000    0.000000
  -3.09903   48.590192    7.144429    7.144429    0.000000   31.739910    0.000000    0.000000    0.000000    0.000000    0.000000    0.000000
  -3.09303   48.379986    7.150402    7.150402    0.000000   31.414816    0.000000    0.000000    0.000000    0.000000    0.000000    0.000000
  -3.08703   47.866339    7.113503    7.113503    0.000000   30.883047    0.000000    0.000000    0.000000    0.000000    0.000000    0.000000
  -3.08103   47.042958    7.034406    7.034406    0.000000   30.151173    0.000000    0.000000    0.000000    0.000000    0.000000    0.000000
  -3.07503   45.921689    6.916717    6.916717    0.000000   29.236547    0.000000    0.000000    0.000000    0.000000    0.000000    0.000000
  -3.06902   44.532076    6.766630    6.766630    0.000000   28.166728    0.000000    0.000000    0.000000    0.000000    0.000000    0.000000
  -3.06302   42.918896    6.592246    6.592246    0.000000   26.977696    0.000000    0.000000    0.000000    0.000000    0.000000    0.000000
  -3.05702   41.137982    6.402665    6.402665    0.000000   25.711056    0.000000    0.000000    0.000000    0.000000    0.000000    0.000000
  -3.05102   39.250933    6.206996    6.206996    0.000000   24.410570    0.000000    0.000000    0.000000    0.000000    0.000000    0.000000
  -3.04502   37.319515    6.013439    6.013439    0.000000   23.118525    0.000000    0.000000    0.000000    0.000000    0.000000    0.000000
  -3.03901   35.400549    5.828573    5.828573    0.000000   21.872442    0.000000    0.000000    0.000000    0.000000    0.000000    0.000000
  -3.03301   33.541998    5.656943    5.656943    0.000000   20.702578    0.000000    0.000000    0.000000    0.000000    0.000000    0.000000
  -3.02701   31.780707    5.500978    5.500978    0.000000   19.630529    0.000000    0.000000    0.000000    0.000000    0.000000    0.000000
  -3.02101   30.141969    5.361236    5.361236    0.000000   18.669032    0.000000    0.000000    0.000000    0.000000    0.000000    0.000000
  -3.01501   28.640775    5.236890    5.236890    0.000000   17.822911    0.000000    0.000000    0.000000    0.000000    0.000000    0.000000
  -3.00900   27.284368    5.126372    5.126372    0.000000   17.090893    0.000000    0.000000    0.000000    0.000000    0.000000    0.000000
  -3.00300   26.075544    5.028057    5.028057    0.000000   16.467972    0.000000    0.000000    0.000000    0.000000    0.000000    0.000000
  -2.99700   25.016098    4.940896    4.940896    0.000000   15.947910    0.000000    0.000000    0.000000    0.000000    0.000000    0.000000
  -2.99100   24.109846    4.864904    4.864904    0.000000   15.525536    0.000000    0.000000    0.000000    0.000000    0.000000    0.000000
  -2.98499   23.364771    4.801463    4.801463    0.000000   15.198525    0.000000    0.000000    0.000000    0.000000    0.000000    0.000000
  -2.97899   22.794002    4.753402    4.753402    0.000000   14.968488    0.000000    0.000000    0.000000    0.000000    0.000000    0.000000
  -2.97299   22.415501    4.724860    4.724860    0.000000   14.841264    0.000000    0.000000    0.000000    0.000000    0.000000    0.000000
  -2.96699   22.250513    4.720949    4.720949    0.000000   14.826404    0.000000    0.000000    0.000000    0.000000    0.000000    0.000000
  -2.96099   22.320951    4.747241    4.747241    0.000000   14.935955    0.000000    0.000000    0.000000    0.000000    0.000000    0.000000
  -2.95498   22.646039    4.809125    4.809125    0.000000   15.182641    0.000000    0.000000    0.000000    0.000000    0.000000    0.000000
  -2.94898   23.238592    4.911095    4.911095    0.000000   15.577664    0.000000    0.000000    0.000000    0.000000    0.000000    0.000000
  -2.94298   24.101400    5.056022    5.056022    0.000000   16.128332    0.000000    0.000000    0.000000    0.000000    0.000000    0.000000
  -2.93698   25.224192    5.244499    5.244499    0.000000   16.835806    0.000000    0.000000    0.000000    0.000000    0.000000    0.000000
  -2.93098   26.581647    5.474335    5.474335    0.000000   17.693222    0.000000    0.000000    0.000000    0.000000    0.000000    0.000000
  -2.92497   28.132870    5.740279    5.740279    0.000000   18.684502    0.000000    0.000000    0.000000    0.000000    0.000000    0.000000
  -2.91897   29.822585    6.034049    6.034049    0.000000   19.784067    0.000000    0.000000    0.000000    0.000000    0.000000    0.000000
  -2.91297   31.584148    6.344682    6.344682    0.000000   20.957640    0.000000    0.000000    0.000000    0.000000    0.000000    0.000000
  -2.90697   33.344239    6.659233    6.659233    0.000000   22.164149    0.000000    0.000000    0.000000    0.000000    0.000000    0.000000
  -2.90097   35.028823    6.963741    6.963741    0.000000   23.358651    0.000000    0.000000    0.000000    0.000000    0.000000    0.000000
  -2.89496   36.569799    7.244390    7.244390    0.000000   24.495982    0.000000    0.000000    0.000000    0.000000    0.000000    0.000000
  -2.88896   37.911547    7.488725    7.488725    0.000000   25.534755    0.000000    0.000000    0.000000    0.000000    0.000000    0.000000
  -2.88296   39.016569    7.686766    7.686766    0.000000   26.441215    0.000000    0.000000    0.000000    0.000000    0.000000    0.000000
  -2.87696   39.869455    7.831895    7.831895    0.000000   27.192446    0.000000    0.000000    0.000000    0.000000    0.000000    0.000000
  -2.87096   40.478625    7.921389    7.921389    0.000000   27.778510    0.000000    0.000000    0.000000    0.000000    0.000000    0.000000
  -2.86495   40.875541    7.956532    7.956532    0.000000   28.203197    0.000000    0.000000    0.000000    0.000000    0.000000    0.000000
  -2.85895   41.111428    7.942297    7.942297    0.000000   28.483297    0.000000    0.000000    0.000000    0.000000    0.000000    0.000000
  -2.85295   41.251881    7.886652    7.886652    0.000000   28.646449    0.000000    0.000000    0.000000    0.000000    0.000000    0.000000
  -2.84695   41.369979    7.799582    7.799582    0.000000   28.727874    0.000000    0.000000    0.000000    0.000000    0.000000    0.000000
  -2.84095   41.538710    7.691962    7.691962    0.000000   28.766392    0.000000    0.000000    0.000000    0.000000    0.000000    0.000000
  -2.83494   41.823571    7.574413    7.574413    0.000000   28.800207    0.000000    0.000000    0.000000    0.000000    0.000000    0.000000
  -2.82894   42.276120    7.456295    7.456295    0.000000   28.862951    0.000000    0.000000    0.000000    0.000000    0.000000    0.000000
  -2.82294   42.929109    7.344910    7.344910    0.000000   28.980385    0.000000    0.000000    0.000000    0.000000    0.000000    0.000000
  -2.81694   43.793573    7.245005    7.245005    0.000000   29.168067    0.000000    0.000000    0.000000    0.000000    0.000000    0.000000
  -2.81094   44.858046    7.158579    7.158579    0.000000   29.430111    0.000000    0.000000    0.000000    0.000000    0.000000    0.000000
  -2.80493   46.089777    7.084984    7.084984    0.000000   29.759070    0.000000    0.000000    0.000000    0.000000    0.000000    0.000000
  -2.79893   47.437718    7.021265    7.021265    0.000000   30.136848    0.000000    0.000000    0.000000    0.000000    0.000000    0.000000
  -2.79293   48.836862    6.962686    6.962686    0.000000   30.536454    0.000000    0.000000    0.000000    0.000000    0.000000    0.000000
  -2.78693   50.213501    6.903355    6.903355    0.000000   30.924418    0.000000    0.000000    0.000000    0.000000    0.000000    0.000000
  -2.78093   51.490943    6.836894    6.836894    0.000000   31.263634    0.000000    0.000000    0.000000    0.000000    0.000000    0.000000
  -2.77492   52.595260    6.757097    6.757097    0.000000   31.516432    0.000000    0.000000    0.000000    0.000000    0.000000    0.000000
  -2.76892   53.460663    6.658523    6.658523    0.000000   31.647678    0.000000    0.000000    0.000000    0.000000    0.000000    0.000000
  -2.76292   54.034173    6.537010    6.537010    0.000000   31.627711    0.000000    0.000000    0.000000    0.000000    0.000000    0.000000
  -2.75692   54.279288    6.390079    6.390079    0.000000   31.434937    0.000000    0.000000    0.000000    0.000000    0.000000    0.000000
  -2.75092   54.178409    6.217204    6.217204    0.000000   31.057884    0.000000    0.000000    0.000000    0.000000    0.000000    0.000000
  -2.74491   53.733876    6.019958    6.019958    0.000000   30.496564    0.000000    0.000000    0.000000    0.000000    0.000000    0.000000
  -2.73891   52.967545    5.802009    5.802009    0.000000   29.763002    0.000000    0.000000    0.000000    0.000000    0.000000    0.000000
  -2.73291   51.918970    5.568974    5.568974    0.000000   28.880855    0.000000    0.000000    0.000000    0.000000    0.000000    0.000000
  -2.72691   50.642374    5.328124    5.328124    0.000000   27.884135    0.000000    0.000000    0.000000    0.000000    0.000000    0.000000
  -2.72091   49.202706    5.087972    5.087972    0.000000   26.815113    0.000000    0.000000    0.000000    0.000000    0.000000    0.000000
  -2.71490   47.671183    4.857756    4.857756    0.000000   25.721589    0.000000    0.000000    0.000000    0.000000    0.000000    0.000000
  -2.70890   46.120758    4.646860    4.646860    0.000000   24.653791    0.000000    0.000000    0.000000    0.000000    0.000000    0.000000
  -2.70290   44.621937    4.464217    4.464217    0.000000   23.661170    0.000000    0.000000    0.000000    0.000000    0.000000    0.000000
  -2.69690   43.239292    4.317739    4.317739    0.000000   22.789416    0.000000    0.000000    0.000000    0.000000    0.000000    0.000000
  -2.69090   42.028910    4.213831    4.213831    0.000000   22.077923    0.000000    0.000000    0.000000    0.000000    0.000000    0.000000
  -2.68489   41.036872    4.157026    4.157026    0.000000   21.557929    0.000000    0.000000    0.000000    0.000000    0.000000    0.000000
  -2.67889   40.298677    4.149760    4.149760    0.000000   21.251404    0.000000    0.000000    0.000000    0.000000    0.000000    0.000000
  -2.67289   39.839455    4.192328    4.192328    0.000000   21.170710    0.000000    0.000000    0.000000    0.000000    0.000000    0.000000
  -2.66689   39.674673    4.282988    4.282988    0.000000   21.318940    0.000000    0.000000    0.000000    0.000000    0.000000    0.000000
  -2.66089   39.811056    4.418212    4.418212    0.000000   21.690764    0.000000    0.000000    0.000000    0.000000    0.000000    0.000000
  -2.65488   40.247435    4.593041    4.593041    0.000000   22.273601    0.000000    0.000000    0.000000    0.000000    0.000000    0.000000
  -2.64888   40.975355    4.801511    4.801511    0.000000   23.048894    0.000000    0.000000    0.000000    0.000000    0.000000    0.000000
  -2.64288   41.979353    5.037091    5.037091    0.000000   23.993328    0.000000    0.000000    0.000000    0.000000    0.000000    0.000000
  -2.63688   43.236969    5.293106    5.293106    0.000000   25.079885    0.000000    0.000000    0.000000    0.000000    0.000000    0.000000
  -2.63088   44.718672    5.563119    5.563119    0.000000   26.278716    0.000000    0.000000    0.000000    0.000000    0.000000    0.000000
  -2.62487   46.387950    5.841245    5.841245    0.000000   27.557894    0.000000    0.000000    0.000000    0.000000    0.000000    0.000000
  -2.61887   48.201859    6.122417    6.122417    0.000000   28.884177    0.000000    0.000000    0.000000    0.000000    0.000000    0.000000
  -2.61287   50.112274    6.402604    6.402604    0.000000   30.223941    0.000000    0.000000    0.000000    0.000000    0.000000    0.000000
  -2.60687   52.067963    6.678999    6.678999    0.000000   31.544392    0.000000    0.000000    0.000000    0.000000    0.000000    0.000000
  -2.60087   54.017451    6.950187    6.950187    0.000000   32.815120    0.000000    0.000000    0.000000    0.000000    0.000000    0.000000
  -2.59486   55.912416    7.216278    7.216278    0.000000   34.009921    0.000000    0.000000    0.000000    0.000000    0.000000    0.000000
  -2.58886   57.711212    7.478986    7.478986    0.000000   35.108690    0.000000    0.000000    0.000000    0.000000    0.000000    0.000000
  -2.58286   59.381951    7.741609    7.741609    0.000000   36.099082    0.000000    0.000000    0.000000    0.000000    0.000000    0.000000
  -2.57686   60.904588    8.008860    8.008860    0.000000   36.977593    0.000000    0.000000    0.000000    0.000000    0.000000    0.000000
  -2.57086   62.271493    8.286504    8.286504    0.000000   37.749718    0.000000    0.000000    0.000000    0.000000    0.000000    0.000000
  -2.56485   63.486263    8.580772    8.580772    0.000000   38.428967    0.000000    0.000000    0.000000    0.000000    0.000000    0.000000
  -2.55885   64.560762    8.897582    8.897582    0.000000   39.034682    0.000000    0.000000    0.000000    0.000000    0.000000    0.000000
  -2.55285   65.510740    9.241602    9.241602    0.000000   39.588828    0.000000    0.000000    0.000000    0.000000    0.000000    0.000000
  -2.54685   66.350671    9.615278    9.615278    0.000000   40.112148    0.000000    0.000000    0.000000    0.000000    0.000000    0.000000
  -2.54085   67.088651   10.017947   10.017947    0.000000   40.620234    0.000000    0.000000    0.000000    0.000000    0.000000    0.000000
  -2.53484   67.722262   10.445193   10.445193    0.000000   41.120138    0.000000    0.000000    0.000000    0.000000    0.000000    0.000000
  -2.52884   68.236229   10.888583   10.888583    0.000000   41.608144    0.000000    0.000000    0.000000    0.000000    0.000000    0.000000
  -2.52284   68.602408   11.335874   11.335874    0.000000   42.069149    0.000000    0.000000    0.000000    0.000000    0.000000    0.000000
  -2.51684   68.782319   11.771739   11.771739    0.000000   42.477876    0.000000    0.000000    0.000000    0.000000    0.000000    0.000000
  -2.51084   68.732017   12.178965   12.178965    0.000000   42.801870    0.000000    0.000000    0.000000    0.000000    0.000000    0.000000
  -2.50483   68.408681   12.540022   12.540022    0.000000   43.005934    0.000000    0.000000    0.000000    0.000000    0.000000    0.000000
  -2.49883   67.778055   12.838832   12.838832    0.000000   43.057433    0.000000    0.000000    0.000000    0.000000    0.000000    0.000000
  -2.49283   66.821671   13.062511   13.062511    0.000000   42.931735    0.000000    0.000000    0.000000    0.000000    0.000000    0.000000
  -2.48683   65.542807   13.202875   13.202875    0.000000   42.617053    0.000000    0.000000    0.000000    0.000000    0.000000    0.000000
  -2.48083   63.970307   13.257499   13.257499    0.000000   42.117984    0.000000    0.000000    0.000000    0.000000    0.000000    0.000000
  -2.47482   62.159634   13.230173   13.230173    0.000000   41.457255    0.000000    0.000000    0.000000    0.000000    0.000000    0.000000
  -2.46882   60.190940   13.130689   13.130689    0.000000   40.675397    0.000000    0.000000    0.000000    0.000000    0.000000    0.000000
  -2.46282   58.164288   12.973950   12.973950    0.000000   39.828363    0.000000    0.000000    0.000000    0.000000    0.000000    0.000000
  -2.45682   56.192537   12.778511   12.778511    0.000000   38.983348    0.000000    0.000000    0.000000    0.000000    0.000000    0.000000
  -2.45082   54.392682   12.564721   12.564721    0.000000   38.213307    0.000000    0.000000    0.000000    0.000000    0.000000    0.000000
  -2.44481   52.876604   12.352701   12.352701    0.000000   37.590818    0.000000    0.000000    0.000000    0.000000    0.000000    0.000000
  -2.43881   51.742263   12.160406   12.160406    0.000000   37.181983    0.000000    0.000000    0.000000    0.000000    0.000000    0.000000
  -2.43281   51.066269   12.002020   12.002020    0.000000   37.041067    0.000000    0.000000    0.000000    0.000000    0.000000    0.000000
  -2.42681   50.898598   11.886872   11.886872    0.000000   37.206439    0.000000    0.000000    0.000000    0.000000    0.000000    0.000000
  -2.42081   51.259935   11.819006   11.819006    0.000000   37.698210    0.000000    0.000000    0.000000    0.000000    0.000000    0.000000
  -2.41480   52.141835   11.797404   11.797404    0.000000   38.517746    0.000000    0.000000    0.000000    0.000000    0.000000    0.000000
  -2.40880   53.509515   11.816819   11.816819    0.000000   39.648978    0.000000    0.000000    0.000000    0.000000    0.000000    0.000000
  -2.40280   55.306842   11.869030   11.869030    0.000000   41.061251    0.000000    0.000000    0.000000    0.000000    0.000000    0.000000
  -2.39680   57.462799   11.944336   11.944336    0.000000   42.713222    0.000000    0.000000    0.000000    0.000000    0.000000    0.000000
  -2.39080   59.898599   12.033020   12.033020    0.000000   44.557285    0.000000    0.000000    0.000000    0.000000    0.000000    0.000000
  -2.38479   62.534591   12.126596   12.126596    0.000000   46.543913    0.000000    0.000000    0.000000    0.000000    0.000000    0.000000
  -2.37879   65.296157   12.218660   12.218660    0.000000   48.625418    0.000000    0.000000    0.000000    0.000000    0.000000    0.000000
  -2.37279   68.118027   12.305269   12.305269    0.000000   50.758716    0.000000    0.000000    0.000000    0.000000    0.000000    0.000000
  -2.36679   70.946640   12.384851   12.384851    0.000000   52.906885    0.000000    0.000000    0.000000    0.000000    0.000000    0.000000
  -2.36079   73.740507   12.457718   12.457718    0.000000   55.039466    0.000000    0.000000    0.000000    0.000000    0.000000    0.000000
  -2.35478   76.468772   12.525337   12.525337    0.000000   57.131675    0.000000    0.000000    0.000000    0.000000    0.000000    0.000000
  -2.34878   79.108431   12.589501   12.589501    0.000000   59.162790    0.000000    0.000000    0.000000    0.000000    0.000000    0.000000
  -2.34278   81.640808   12.651584   12.651584    0.000000   61.114126    0.000000    0.000000    0.000000    0.000000    0.000000    0.000000
  -2.33678   84.047956   12.711991   12.711991    0.000000   62.967006    0.000000    0.000000    0.000000    0.000000    0.000000    0.000000
  -2.33078   86.309632   12.769895   12.769895    0.000000   64.701134    0.000000    0.000000    0.000000    0.000000    0.000000    0.000000
  -2.32477   88.401369   12.823270   12.823270    0.000000   66.293703    0.000000    0.000000    0.000000    0.000000    0.000000    0.000000
  -2.31877   90.293983   12.869205   12.869205    0.000000   67.719452    0.000000    0.000000    0.000000    0.000000    0.000000    0.000000
  -2.31277   91.954653   12.904428   12.904428    0.000000   68.951739    0.000000    0.000000    0.000000    0.000000    0.000000    0.000000
  -2.30677   93.349435   12.925947   12.925947    0.000000   69.964587    0.000000    0.000000    0.000000    0.000000    0.000000    0.000000
  -2.30077   94.446910   12.931712   12.931712    0.000000   70.735477    0.000000    0.000000    0.000000    0.000000    0.000000    0.000000
  -2.29476   95.222471   12.921221   12.921221    0.000000   71.248579    0.000000    0.000000    0.000000    0.000000    0.000000    0.000000
  -2.28876   95.662666   12.895996   12.895996    0.000000   71.498029    0.000000    0.000000    0.000000    0.000000    0.000000    0.000000
  -2.28276   95.768997   12.859879   12.859879    0.000000   71.490803    0.000000    0.000000    0.000000    0.000000    0.000000    0.000000
  -2.27676   95.560624   12.819109   12.819109    0.000000   71.248781    0.000000    0.000000    0.000000    0.000000    0.000000    0.000000
  -2.27076   95.075541   12.782185   12.782185    0.000000   70.809618    0.000000    0.000000    0.000000    0.000000    0.000000    0.000000
  -2.26475   94.369948   12.759480   12.759480    0.000000   70.226171    0.000000    0.000000    0.000000    0.000000    0.000000    0.000000
  -2.25875   93.515747   12.762646   12.762646    0.000000   69.564344    0.000000    0.000000    0.000000    0.000000    0.000000    0.000000
  -2.25275   92.596248   12.803791   12.803791    0.000000   68.899373    0.000000    0.000000    0.000000    0.000000    0.000000    0.000000
  -2.24675   91.700380   12.894498   12.894498    0.000000   68.310742    0.000000    0.000000    0.000000    0.000000    0.000000    0.000000
  -2.24075   90.915832   13.044701   13.044701    0.000000   67.876059    0.000000    0.000000    0.000000    0.000000    0.000000    0.000000
  -2.23474   90.321659   13.261523   13.261523    0.000000   67.664379    0.000000    0.000000    0.000000    0.000000    0.000000    0.000000
  -2.22874   89.980984   13.548141   13.548141    0.000000   67.729548    0.000000    0.000000    0.000000    0.000000    0.000000    0.000000
  -2.22274   89.934460   13.902826   13.902826    0.000000   68.104221    0.000000    0.000000    0.000000    0.000000    0.000000    0.000000
  -2.21674   90.195132   14.318257   14.318257    0.000000   68.795198    0.000000    0.000000    0.000000    0.000000    0.000000    0.000000
  -2.21074   90.745327   14.781251   14.781251    0.000000   69.780682    0.000000    0.000000    0.000000    0.000000    0.000000    0.000000
  -2.20473   91.536021   15.273007   15.273007    0.000000   71.009931    0.000000    0.000000    0.000000    0.000000    0.000000    0.000000
  -2.19873   92.489011   15.769933   15.769933    0.000000   72.405547    0.000000    0.000000    0.000000    0.000000    0.000000    0.000000
  -2.19273   93.501930   16.245060   16.245060    0.000000   73.868447    0.000000    0.000000    0.000000    0.000000    0.000000    0.000000
  -2.18673   94.455873   16.669990   16.669990    0.000000   75.285199    0.000000    0.000000    0.000000    0.000000    0.000000    0.000000
  -2.18073   95.225109   17.017236   17.017236    0.000000   76.537182    0.000000    0.000000    0.000000    0.000000    0.000000    0.000000
  -2.17472   95.688052   17.262768   17.262768    0.000000   77.510743    0.000000    0.000000    0.000000    0.000000    0.000000    0.000000
  -2.16872   95.738498   17.388508   17.388508    0.000000   78.107386    0.000000    0.000000    0.000000    0.000000    0.000000    0.000000
  -2.16272   95.296021   17.384524   17.384524    0.000000   78.252980    0.000000    0.000000    0.000000    0.000000    0.000000    0.000000
  -2.15672   94.314460   17.250657   17.250657    0.000000   77.905050    0.000000    0.000000    0.000000    0.000000    0.000000    0.000000
  -2.15072   92.787613   16.997382   16.997382    0.000000   77.057407    0.000000    0.000000    0.000000    0.000000    0.000000    0.000000
  -2.14471   90.751519   16.645771   16.645771    0.000000   75.741643    0.000000    0.000000    0.000000    0.000000    0.000000    0.000000
  -2.13871   88.283052   16.226498   16.226498    0.000000   74.025351    0.000000    0.000000    0.000000    0.000000    0.000000    0.000000
  -2.13271   85.494929   15.777941   15.777941    0.000000   72.007245    0.000000    0.000000    0.000000    0.000000    0.000000    0.000000
  -2.12671   82.527560   15.343521   15.343521    0.000000   69.809618    0.000000    0.000000    0.000000    0.000000    0.000000    0.000000
  -2.12071   79.538462   14.968474   14.968474    0.000000   67.568833    0.000000    0.000000    0.000000    0.000000    0.000000    0.000000
  -2.11470   76.690151   14.696342   14.696342    0.000000   65.424649    0.000000    0.000000    0.000000    0.000000    0.000000    0.000000
  -2.10870   74.137558   14.565453   14.565453    0.000000   63.509294    0.000000    0.000000    0.000000    0.000000    0.000000    0.000000
  -2.10270   72.016033   14.605721   14.605721    0.000000   61.937174    0.000000    0.000000    0.000000    0.000000    0.000000    0.000000
  -2.09670   70.430971   14.836018   14.836018    0.000000   60.796092    0.000000    0.000000    0.000000    0.000000    0.000000    0.000000
  -2.09070   69.449969   15.262396   15.262396    0.000000   60.140712    0.000000    0.000000    0.000000    0.000000    0.000000    0.000000
  -2.08469   69.098222   15.877319   15.877319    0.000000   59.988880    0.000000    0.000000    0.000000    0.000000    0.000000    0.000000
  -2.07869   69.357601   16.660017   16.660017    0.000000   60.321136    0.000000    0.000000    0.000000    0.000000    0.000000    0.000000
  -2.07269   70.169514   17.577958   17.577958    0.000000   61.083513    0.000000    0.000000    0.000000    0.000000    0.000000    0.000000
  -2.06669   71.441281   18.589331   18.589331    0.000000   62.193367    0.000000    0.000000    0.000000    0.000000    0.000000    0.000000
  -2.06069   73.055345   19.646322   19.646322    0.000000   63.547637    0.000000    0.000000    0.000000    0.000000    0.000000    0.000000
  -2.05468   74.880327   20.698861   20.698861    0.000000   65.032665    0.000000    0.000000    0.000000    0.000000    0.000000    0.000000
  -2.04868   76.782704   21.698476   21.698476    0.000000   66.534470    0.000000    0.000000    0.000000    0.000000    0.000000    0.000000
  -2.04268   78.637781   22.601854   22.601854    0.000000   67.948321    0.000000    0.000000    0.000000    0.000000    0.000000    0.000000
  -2.03668   80.338794   23.373750   23.373750    0.000000   69.186553    0.000000    0.000000    0.000000    0.000000    0.000000    0.000000
  -2.03068   81.803198   23.988976   23.988976    0.000000   70.183821    0.000000    0.000000    0.000000    0.000000    0.000000    0.000000
  -2.02467   82.975689   24.433313   24.433313    0.000000   70.899376    0.000000    0.000000    0.000000    0.000000    0.000000    0.000000
  -2.01867   83.827928   24.703349   24.703349    0.000000   71.316389    0.000000    0.000000    0.000000    0.000000    0.000000    0.000000
  -2.01267   84.355441   24.805358   24.805358    0.000000   71.438759    0.000000    0.000000    0.000000    0.000000    0.000000    0.000000
  -2.00667   84.572500   24.753473   24.753473    0.000000   71.286192    0.000000    0.000000    0.000000    0.000000    0.000000    0.000000
  -2.00067   84.506018   24.567455   24.567455    0.000000   70.888477    0.000000    0.000000    0.000000    0.000000    0.000000    0.000000
  -1.99466   84.189451   24.270367   24.270367    0.000000   70.279917    0.000000    0.000000    0.000000    0.000000    0.000000    0.000000
  -1.98866   83.657577   23.886447   23.886447    0.000000   69.494682    0.000000    0.000000    0.000000    0.000000    0.000000    0.000000
  -1.98266   82.942714   23.439379   23.439379    0.000000   68.563607    0.000000    0.000000    0.000000    0.000000    0.000000    0.000000
  -1.97666   82.072587   22.951078   22.951078    0.000000   67.512598    0.000000    0.000000    0.000000    0.000000    0.000000    0.000000
  -1.97066   81.069763   22.441003   22.441003    0.000000   66.362533    0.000000    0.000000    0.000000    0.000000    0.000000    0.000000
  -1.96465   79.952300   21.925950   21.925950    0.000000   65.130292    0.000000    0.000000    0.000000    0.000000    0.000000    0.000000
  -1.95865   78.735148   21.420202   21.420202    0.000000   63.830434    0.000000    0.000000    0.000000    0.000000    0.000000    0.000000
  -1.95265   77.431845   20.935913   20.935913    0.000000   62.477049    0.000000    0.000000    0.000000    0.000000    0.000000    0.000000
  -1.94665   76.056110   20.483592   20.483592    0.000000   61.085380    0.000000    0.000000    0.000000    0.000000    0.000000    0.000000
  -1.94065   74.623129   20.072587   20.072587    0.000000   59.672972    0.000000    0.000000    0.000000    0.000000    0.000000    0.000000
  -1.93464   73.150439   19.711507   19.711507    0.000000   58.260279    0.000000    0.000000    0.000000    0.000000    0.000000    0.000000
  -1.92864   71.658473   19.408540   19.408540    0.000000   56.870767    0.000000    0.000000    0.000000    0.000000    0.000000    0.000000
  -1.92264   70.170869   19.171667   19.171667    0.000000   55.530661    0.000000    0.000000    0.000000    0.000000    0.000000    0.000000
  -1.91664   68.714645   19.008786   19.008786    0.000000   54.268487    0.000000    0.000000    0.000000    0.000000    0.000000    0.000000
  -1.91064   67.320282   18.927746   18.927746    0.000000   53.114507    0.000000    0.000000    0.000000    0.000000    0.000000    0.000000
  -1.90463   66.021660   18.936311   18.936311    0.000000   52.100103    0.000000    0.000000    0.000000    0.000000    0.000000    0.000000
  -1.89863   64.855717   19.042039   19.042039    0.000000   51.257050    0.000000    0.000000    0.000000    0.000000    0.000000    0.000000
  -1.89263   63.861641   19.252046   19.252046    0.000000   50.616567    0.000000    0.000000    0.000000    0.000000    0.000000    0.000000
  -1.88663   63.079428   19.572666   19.572666    0.000000   50.208055    0.000000    0.000000    0.000000    0.000000    0.000000    0.000000
  -1.88063   62.547718   20.008955   20.008955    0.000000   50.057422    0.000000    0.000000    0.000000    0.000000    0.000000    0.000000
  -1.87462   62.300939   20.564079   20.564079    0.000000   50.185031    0.000000    0.000000    0.000000    0.000000    0.000000    0.000000
  -1.86862   62.365977   21.238615   21.238615    0.000000   50.603402    0.000000    0.000000    0.000000    0.000000    0.000000    0.000000
  -1.86262   62.758719   22.029834   22.029834    0.000000   51.314925    0.000000    0.000000    0.000000    0.000000    0.000000    0.000000
  -1.85662   63.480928   22.931064   22.931064    0.000000   52.309911    0.000000    0.000000    0.000000    0.000000    0.000000    0.000000
  -1.85062   64.517949   23.931242   23.931242    0.000000   53.565349    0.000000    0.000000    0.000000    0.000000    0.000000    0.000000
  -1.84461   65.837658   25.014753   25.014753    0.000000   55.044661    0.000000    0.000000    0.000000    0.000000    0.000000    0.000000
  -1.83861   67.390947   26.161603   26.161603    0.000000   56.698641    0.000000    0.000000    0.000000    0.000000    0.000000    0.000000
  -1.83261   69.113791   27.347955   27.347955    0.000000   58.467595    0.000000    0.000000    0.000000    0.000000    0.000000    0.000000
  -1.82661   70.930738   28.546978   28.546978    0.000000   60.284496    0.000000    0.000000    0.000000    0.000000    0.000000    0.000000
  -1.82061   72.759447   29.729914   29.729914    0.000000   62.078818    0.000000    0.000000    0.000000    0.000000    0.000000    0.000000
  -1.81460   74.515739   30.867246   30.867246    0.000000   63.780613    0.000000    0.000000    0.000000    0.000000    0.000000    0.000000
  -1.80860   76.118606   31.929834   31.929834    0.000000   65.324359    0.000000    0.000000    0.000000    0.000000    0.000000    0.000000
  -1.80260   77.494628   32.889930   32.889930    0.000000   66.652172    0.000000    0.000000    0.000000    0.000000    0.000000    0.000000
  -1.79660   78.581433   33.721998   33.721998    0.000000   67.716118    0.000000    0.000000    0.000000    0.000000    0.000000    0.000000
  -1.79060   79.329980   34.403344   34.403344    0.000000   68.479509    0.000000    0.000000    0.000000    0.000000    0.000000    0.000000
  -1.78459   79.705660   34.914615   34.914615    0.000000   68.917262    0.000000    0.000000    0.000000    0.000000    0.000000    0.000000
  -1.77859   79.688395   35.240218   35.240218    0.000000   69.015534    0.000000    0.000000    0.000000    0.000000    0.000000    0.000000
  -1.77259   79.272020   35.368773   35.368773    0.000000   68.770927    0.000000    0.000000    0.000000    0.000000    0.000000    0.000000
  -1.76659   78.463269   35.293638   35.293638    0.000000   68.189570    0.000000    0.000000    0.000000    0.000000    0.000000    0.000000
  -1.76059   77.280676   35.013543   35.013543    0.000000   67.286336    0.000000    0.000000    0.000000    0.000000    0.000000    0.000000
  -1.75458   75.753603   34.533261   34.533261    0.000000   66.084336    0.000000    0.000000    0.000000    0.000000    0.000000    0.000000
  -1.74858   73.921480   33.864255   33.864255    0.000000   64.614727    0.000000    0.000000    0.000000    0.000000    0.000000    0.000000
  -1.74258   71.833222   33.025133   33.025133    0.000000   62.916711    0.000000    0.000000    0.000000    0.000000    0.000000    0.000000
  -1.73658   69.546689   32.041777   32.041777    0.000000   61.037551    0.000000    0.000000    0.000000    0.000000    0.000000    0.000000
  -1.73058   67.127949   30.946997   30.946997    0.000000   59.032331    0.000000    0.000000    0.000000    0.000000    0.000000    0.000000
  -1.72457   64.650121   29.779621   29.779621    0.000000   56.963204    0.000000    0.000000    0.000000    0.000000    0.000000    0.000000
  -1.71857   62.191568   28.582966   28.582966    0.000000   54.897939    0.000000    0.000000    0.000000    0.000000    0.000000    0.000000
  -1.71257   59.833324   27.402751   27.402751    0.000000   52.907618    0.000000    0.000000    0.000000    0.000000    0.000000    0.000000
  -1.70657   57.655714   26.284560   26.284560    0.000000   51.063527    0.000000    0.000000    0.000000    0.000000    0.000000    0.000000
  -1.70057   55.734331   25.271037   25.271037    0.000000   49.433380    0.000000    0.000000    0.000000    0.000000    0.000000    0.000000
  -1.69456   54.135611   24.399093   24.399093    0.000000   48.077162    0.000000    0.000000    0.000000    0.000000    0.000000    0.000000
  -1.68856   52.912443   23.697365   23.697365    0.000000   47.043010    0.000000    0.000000    0.000000    0.000000    0.000000    0.000000
  -1.68256   52.100255   23.184226   23.184226    0.000000   46.363561    0.000000    0.000000    0.000000    0.000000    0.000000    0.000000
  -1.67656   51.714079   22.866560   22.866560    0.000000   46.053227    0.000000    0.000000    0.000000    0.000000    0.000000    0.000000
  -1.67056   51.746970   22.739461   22.739461    0.000000   46.106757    0.000000    0.000000    0.000000    0.000000    0.000000    0.000000
  -1.66455   52.170045   22.786891   22.786891    0.000000   46.499281    0.000000    0.000000    0.000000    0.000000    0.000000    0.000000
  -1.65855   52.934184   22.983234   22.983234    0.000000   47.187878    0.000000    0.000000    0.000000    0.000000    0.000000    0.000000
  -1.65255   53.973214   23.295541   23.295541    0.000000   48.114481    0.000000    0.000000    0.000000    0.000000    0.000000    0.000000
  -1.64655   55.208238   23.686226   23.686226    0.000000   49.209792    0.000000    0.000000    0.000000    0.000000    0.000000    0.000000
  -1.64055   56.552627   24.115872   24.115872    0.000000   50.397759    0.000000    0.000000    0.000000    0.000000    0.000000    0.000000
  -1.63454   57.917174   24.545869   24.545869    0.000000   51.600167    0.000000    0.000000    0.000000    0.000000    0.000000    0.000000
  -1.62854   59.214949   24.940634   24.940634    0.000000   52.740935    0.000000    0.000000    0.000000    0.000000    0.000000    0.000000
  -1.62254   60.365536   25.269273   25.269273    0.000000   53.749830    0.000000    0.000000    0.000000    0.000000    0.000000    0.000000
  -1.61654   61.298476   25.506621   25.506621    0.000000   54.565465    0.000000    0.000000    0.000000    0.000000    0.000000    0.000000
  -1.61054   61.955872   25.633750   25.633750    0.000000   55.137555    0.000000    0.000000    0.000000    0.000000    0.000000    0.000000
  -1.60453   62.294214   25.638020   25.638020    0.000000   55.428489    0.000000    0.000000    0.000000    0.000000    0.000000    0.000000
  -1.59853   62.285512   25.512839   25.512839    0.000000   55.414304    0.000000    0.000000    0.000000    0.000000    0.000000    0.000000
  -1.59253   61.917800   25.257247   25.257247    0.000000   55.085119    0.000000    0.000000    0.000000    0.000000    0.000000    0.000000
  -1.58653   61.194991   24.875396   24.875396    0.000000   54.445014    0.000000    0.000000    0.000000    0.000000    0.000000    0.000000
  -1.58053   60.136029   24.375950   24.375950    0.000000   53.511295    0.000000    0.000000    0.000000    0.000000    0.000000    0.000000
  -1.57452   58.773275   23.771395   23.771395    0.000000   52.313073    0.000000    0.000000    0.000000    0.000000    0.000000    0.000000
  -1.56852   57.150043   23.077203   23.077203    0.000000   50.889108    0.000000    0.000000    0.000000    0.000000    0.000000    0.000000
  -1.56252   55.317396   22.310856   22.310856    0.000000   49.284964    0.000000    0.000000    0.000000    0.000000    0.000000    0.000000
  -1.55652   53.330341   21.490709   21.490709    0.000000   47.549640    0.000000    0.000000    0.000000    0.000000    0.000000    0.000000
  -1.55052   51.243780   20.634796   20.634796    0.000000   45.731964    0.000000    0.000000    0.000000    0.000000    0.000000    0.000000
  -1.54451   49.108615   19.759664   19.759664    0.000000   43.877113    0.000000    0.000000    0.000000    0.000000    0.000000    0.000000
  -1.53851   46.968440   18.879375   18.879375    0.000000   42.023649    0.000000    0.000000    0.000000    0.000000    0.000000    0.000000
  -1.53251   44.857190   18.004809   18.004809    0.000000   40.201390    0.000000    0.000000    0.000000    0.000000    0.000000    0.000000
  -1.52651   42.797971   17.143338   17.143338    0.000000   38.430340    0.000000    0.000000    0.000000    0.000000    0.000000    0.000000
  -1.52051   40.803121   16.298918   16.298918    0.000000   36.720693    0.000000    0.000000    0.000000    0.000000    0.000000    0.000000
  -1.51450   38.875355   15.472535   15.472535    0.000000   35.073821    0.000000    0.000000    0.000000    0.000000    0.000000    0.000000
  -1.50850   37.009716   14.662930   14.662930    0.000000   33.483987    0.000000    0.000000    0.000000    0.000000    0.000000    0.000000
  -1.50250   35.195962   13.867459   13.867459    0.000000   31.940458    0.000000    0.000000    0.000000    0.000000    0.000000    0.000000
  -1.49650   33.421018   13.082952   13.082952    0.000000   30.429709    0.000000    0.000000    0.000000    0.000000    0.000000    0.000000
  -1.49050   31.671197   12.306466   12.306466    0.000000   28.937444    0.000000    0.000000    0.000000    0.000000    0.000000    0.000000
  -1.48449   29.933997   11.535839   11.535839    0.000000   27.450265    0.000000    0.000000    0.000000    0.000000    0.000000    0.000000
  -1.47849   28.199395   10.770031   10.770031    0.000000   25.956931    0.000000    0.000000    0.000000    0.000000    0.000000    0.000000
  -1.47249   26.460689   10.009269   10.009269    0.000000   24.449206    0.000000    0.000000    0.000000    0.000000    0.000000    0.000000
  -1.46649   24.714966    9.255032    9.255032    0.000000   22.922397    0.000000    0.000000    0.000000    0.000000    0.000000    0.000000
  -1.46049   22.963339    8.509939    8.509939    0.000000   21.375658    0.000000    0.000000    0.000000    0.000000    0.000000    0.000000
  -1.45448   21.211037    7.777606    7.777606    0.000000   19.812140    0.000000    0.000000    0.000000    0.000000    0.000000    0.000000
  -1.44848   19.467407    7.062486    7.062486    0.000000   18.239015    0.000000    0.000000    0.000000    0.000000    0.000000    0.000000
  -1.44248   17.745828    6.369730    6.369730    0.000000   16.667380    0.000000    0.000000    0.000000    0.000000    0.000000    0.000000
  -1.43648   16.063496    5.705060    5.705060    0.000000   15.111993    0.000000    0.000000    0.000000    0.000000    0.000000    0.000000
  -1.43048   14.441018    5.074623    5.074623    0.000000   13.590795    0.000000    0.000000    0.000000    0.000000    0.000000    0.000000
  -1.42447   12.901751    4.484824    4.484824    0.000000   12.124197    0.000000    0.000000    0.000000    0.000000    0.000000    0.000000
  -1.41847   11.470853    3.942103    3.942103    0.000000   10.734103    0.000000    0.000000    0.000000    0.000000    0.000000    0.000000
  -1.41247   10.174041    3.452648    3.452648    0.000000    9.442724    0.000000    0.000000    0.000000    0.000000    0.000000    0.000000
  -1.40647    9.036103    3.022058    3.022058    0.000000    8.271232    0.000000    0.000000    0.000000    0.000000    0.000000    0.000000
  -1.40047    8.079242    2.654951    2.654951    0.000000    7.238372    0.000000    0.000000    0.000000    0.000000    0.000000    0.000000
  -1.39446    7.321346    2.354563    2.354563    0.000000    6.359105    0.000000    0.000000    0.000000    0.000000    0.000000    0.000000
  -1.38846    6.774327    2.122367    2.122367    0.000000    5.643435    0.000000    0.000000    0.000000    0.000000    0.000000    0.000000
  -1.38246    6.442639    1.957737    1.957737    0.000000    5.095478    0.000000    0.000000    0.000000    0.000000    0.000000    0.000000
  -1.37646    6.322141    1.857718    1.857718    0.000000    4.712867    0.000000    0.000000    0.000000    0.000000    0.000000    0.000000
  -1.37046    6.399403    1.816926    1.816926    0.000000    4.486556    0.000000    0.000000    0.000000    0.000000    0.000000    0.000000
  -1.36445    6.651599    1.827610    1.827610    0.000000    4.401035    0.000000    0.000000    0.000000    0.000000    0.000000    0.000000
  -1.35845    7.047063    1.879894    1.879894    0.000000    4.434981    0.000000    0.000000    0.000000    0.000000    0.000000    0.000000
  -1.35245    7.546552    1.962208    1.962208    0.000000    4.562316    0.000000    0.000000    0.000000    0.000000    0.000000    0.000000
  -1.34645    8.105209    2.061889    2.061889    0.000000    4.753628    0.000000    0.000000    0.000000    0.000000    0.000000    0.000000
  -1.34045    8.675132    2.165916    2.165916    0.000000    4.977875    0.000000    0.000000    0.000000    0.000000    0.000000    0.000000
  -1.33444    9.208387    2.261732    2.261732    0.000000    5.204265    0.000000    0.000000    0.000000    0.000000    0.000000    0.000000
  -1.32844    9.660209    2.338064    2.338064    0.000000    5.404161    0.000000    0.000000    0.000000    0.000000    0.000000    0.000000
  -1.32244    9.992126    2.385685    2.385685    0.000000    5.552873    0.000000    0.000000    0.000000    0.000000    0.000000    0.000000
  -1.31644   10.174659    2.398010    2.398010    0.000000    5.631162    0.000000    0.000000    0.000000    0.000000    0.000000    0.000000
  -1.31044   10.189337    2.371493    2.371493    0.000000    5.626324    0.000000    0.000000    0.000000    0.000000    0.000000    0.000000
  -1.30443   10.029790    2.305749    2.305749    0.000000    5.532745    0.000000    0.000000    0.000000    0.000000    0.000000    0.000000
  -1.29843    9.701802    2.203413    2.203413    0.000000    5.351877    0.000000    0.000000    0.000000    0.000000    0.000000    0.000000
  -1.29243    9.222316    2.069741    2.069741    0.000000    5.091640    0.000000    0.000000    0.000000    0.000000    0.000000    0.000000
  -1.28643    8.617524    1.912010    1.912010    0.000000    4.765333    0.000000    0.000000    0.000000    0.000000    0.000000    0.000000
  -1.28043    7.920258    1.738776    1.738776    0.000000    4.390164    0.000000    0.000000    0.000000    0.000000    0.000000    0.000000
  -1.27442    7.166978    1.559091    1.559091    0.000000    3.985569    0.000000    0.000000    0.000000    0.000000    0.000000    0.000000
  -1.26842    6.394689    1.381736    1.381736    0.000000    3.571489    0.000000    0.000000    0.000000    0.000000    0.000000    0.000000
  -1.26242    5.638082    1.214560    1.214560    0.000000    3.166765    0.000000    0.000000    0.000000    0.000000    0.000000    0.000000
  -1.25642    4.927148    1.063967    1.063967    0.000000    2.787781    0.000000    0.000000    0.000000    0.000000    0.000000    0.000000
  -1.25042    4.285452    0.934577    0.934577    0.000000    2.447469    0.000000    0.000000    0.000000    0.000000    0.000000    0.000000
  -1.24441    3.729126    0.829075    0.829075    0.000000    2.154692    0.000000    0.000000    0.000000    0.000000    0.000000    0.000000
  -1.23841    3.266595    0.748222    0.748222    0.000000    1.914039    0.000000    0.000000    0.000000    0.000000    0.000000    0.000000
  -1.23241    2.898958    0.691026    0.691026    0.000000    1.725983    0.000000    0.000000    0.000000    0.000000    0.000000    0.000000
  -1.22641    2.620898    0.655009    0.655009    0.000000    1.587346    0.000000    0.000000    0.000000    0.000000    0.000000    0.000000
  -1.22041    2.421988    0.636566    0.636566    0.000000    1.492001    0.000000    0.000000    0.000000    0.000000    0.000000    0.000000
  -1.21440    2.288224    0.631355    0.631355    0.000000    1.431724    0.000000    0.000000    0.000000    0.000000    0.000000    0.000000
  -1.20840    2.203645    0.634709    0.634709    0.000000    1.397120    0.000000    0.000000    0.000000    0.000000    0.000000    0.000000
  -1.20240    2.151921    0.642026    0.642026    0.000000    1.378541    0.000000    0.000000    0.000000    0.000000    0.000000    0.000000
  -1.19640    2.117782    0.649124    0.649124    0.000000    1.366944    0.000000    0.000000    0.000000    0.000000    0.000000    0.000000
  -1.19040    2.088219    0.652531    0.652531    0.000000    1.354612    0.000000    0.000000    0.000000    0.000000    0.000000    0.000000
  -1.18439    2.053393    0.649703    0.649703    0.000000    1.335716    0.000000    0.000000    0.000000    0.000000    0.000000    0.000000
  -1.17839    2.007222    0.639155    0.639155    0.000000    1.306681    0.000000    0.000000    0.000000    0.000000    0.000000    0.000000
  -1.17239    1.947634    0.620501    0.620501    0.000000    1.266353    0.000000    0.000000    0.000000    0.000000    0.000000    0.000000
  -1.16639    1.876503    0.594404    0.594404    0.000000    1.215959    0.000000    0.000000    0.000000    0.000000    0.000000    0.000000
  -1.16039    1.799300    0.562448    0.562448    0.000000    1.158905    0.000000    0.000000    0.000000    0.000000    0.000000    0.000000
  -1.15438    1.724531    0.526950    0.526950    0.000000    1.100422    0.000000    0.000000    0.000000    0.000000    0.000000    0.000000
  -1.14838    1.662987    0.490724    0.490724    0.000000    1.047120    0.000000    0.000000    0.000000    0.000000    0.000000    0.000000
  -1.14238    1.626908    0.456831    0.456831    0.000000    1.006480    0.000000    0.000000    0.000000    0.000000    0.000000    0.000000
  -1.13638    1.629095    0.428326    0.428326    0.000000    0.986331    0.000000    0.000000    0.000000    0.000000    0.000000    0.000000
  -1.13038    1.682033    0.408030    0.408030    0.000000    0.994348    0.000000    0.000000    0.000000    0.000000    0.000000    0.000000
  -1.12437    1.797069    0.398327    0.398327    0.000000    1.037589    0.000000    0.000000    0.000000    0.000000    0.000000    0.000000
  -1.11837    1.983671    0.401021    0.401021    0.000000    1.122086    0.000000    0.000000    0.000000    0.000000    0.000000    0.000000
  -1.11237    2.248804    0.417222    0.417222    0.000000    1.252515    0.000000    0.000000    0.000000    0.000000    0.000000    0.000000
  -1.10637    2.596452    0.447307    0.447307    0.000000    1.431938    0.000000    0.000000    0.000000    0.000000    0.000000    0.000000
  -1.10037    3.027307    0.490911    0.490911    0.000000    1.661619    0.000000    0.000000    0.000000    0.000000    0.000000    0.000000
  -1.09436    3.538645    0.546982    0.546982    0.000000    1.940943    0.000000    0.000000    0.000000    0.000000    0.000000    0.000000
  -1.08836    4.124419    0.613875    0.613875    0.000000    2.267412    0.000000    0.000000    0.000000    0.000000    0.000000    0.000000
  -1.08236    4.775558    0.689486    0.689486    0.000000    2.636748    0.000000    0.000000    0.000000    0.000000    0.000000    0.000000
  -1.07636    5.480467    0.771419    0.771419    0.000000    3.043083    0.000000    0.000000    0.000000    0.000000    0.000000    0.000000
  -1.07036    6.225694    0.857170    0.857170    0.000000    3.479234    0.000000    0.000000    0.000000    0.000000    0.000000    0.000000
  -1.06435    6.996695    0.944320    0.944320    0.000000    3.937048    0.000000    0.000000    0.000000    0.000000    0.000000    0.000000
  -1.05835    7.778635    1.030714    1.030714    0.000000    4.407780    0.000000    0.000000    0.000000    0.000000    0.000000    0.000000
  -1.05235    8.557159    1.114611    1.114611    0.000000    4.882487    0.000000    0.000000    0.000000    0.000000    0.000000    0.000000
  -1.04635    9.319036    1.194799    1.194799    0.000000    5.352408    0.000000    0.000000    0.000000    0.000000    0.000000    0.000000
  -1.04035   10.052664    1.270646    1.270646    0.000000    5.809294    0.000000    0.000000    0.000000    0.000000    0.000000    0.000000
  -1.03434   10.748402    1.342105    1.342105    0.000000    6.245701    0.000000    0.000000    0.000000    0.000000    0.000000    0.000000
  -1.02834   11.398740    1.409659    1.409659    0.000000    6.655209    0.000000    0.000000    0.000000    0.000000    0.000000    0.000000
  -1.02234   11.998349    1.474212    1.474212    0.000000    7.032608    0.000000    0.000000    0.000000    0.000000    0.000000    0.000000
  -1.01634   12.544062    1.536955    1.536955    0.000000    7.374025    0.000000    0.000000    0.000000    0.000000    0.000000    0.000000
  -1.01034   13.034808    1.599197    1.599197    0.000000    7.677021    0.000000    0.000000    0.000000    0.000000    0.000000    0.000000
  -1.00433   13.471538    1.662198    1.662198    0.000000    7.940644    0.000000    0.000000    0.000000    0.000000    0.000000    0.000000
  -0.99833   13.857119    1.727003    1.727003    0.000000    8.165430    0.000000    0.000000    0.000000    0.000000    0.000000    0.000000
  -0.99233   14.196173    1.794291    1.794291    0.000000    8.353322    0.000000    0.000000    0.000000    0.000000    0.000000    0.000000
  -0.98633   14.494793    1.864256    1.864256    0.000000    8.507498    0.000000    0.000000    0.000000    0.000000    0.000000    0.000000
  -0.98033   14.760113    1.936520    1.936520    0.000000    8.632073    0.000000    0.000000    0.000000    0.000000    0.000000    0.000000
  -0.97432   14.999676    2.010092    2.010092    0.000000    8.731685    0.000000    0.000000    0.000000    0.000000    0.000000    0.000000
  -0.96832   15.220640    2.083371    2.083371    0.000000    8.810982    0.000000    0.000000    0.000000    0.000000    0.000000    0.000000
  -0.96232   15.428870    2.154212    2.154212    0.000000    8.874051    0.000000    0.000000    0.000000    0.000000    0.000000    0.000000
  -0.95632   15.628027    2.220041    2.220041    0.000000    8.923862    0.000000    0.000000    0.000000    0.000000    0.000000    0.000000
  -0.95032   15.818783    2.278024    2.278024    0.000000    8.961799    0.000000    0.000000    0.000000    0.000000    0.000000    0.000000
  -0.94431   15.998304    2.325281    2.325281    0.000000    8.987358    0.000000    0.000000    0.000000    0.000000    0.000000    0.000000
  -0.93831   16.160107    2.359111    2.359111    0.000000    8.998061    0.000000    0.000000    0.000000    0.000000    0.000000    0.000000
  -0.93231   16.294349    2.377228    2.377228    0.000000    8.989628    0.000000    0.000000    0.000000    0.000000    0.000000    0.000000
  -0.92631   16.388545    2.377964    2.377964    0.000000    8.956381    0.000000    0.000000    0.000000    0.000000    0.000000    0.000000
  -0.92031   16.428652    2.360416    2.360416    0.000000    8.891854    0.000000    0.000000    0.000000    0.000000    0.000000    0.000000
  -0.91430   16.400377    2.324523    2.324523    0.000000    8.789514    0.000000    0.000000    0.000000    0.000000    0.000000    0.000000
  -0.90830   16.290552    2.271058    2.271058    0.000000    8.643524    0.000000    0.000000    0.000000    0.000000    0.000000    0.000000
  -0.90230   16.088414    2.201538    2.201538    0.000000    8.449430    0.000000    0.000000    0.000000    0.000000    0.000000    0.000000
  -0.89630   15.786624    2.118067    2.118067    0.000000    8.204710    0.000000    0.000000    0.000000    0.000000    0.000000    0.000000
  -0.89030   15.381934    2.023124    2.023124    0.000000    7.909104    0.000000    0.000000    0.000000    0.000000    0.000000    0.000000
  -0.88429   14.875432    1.919346    1.919346    0.000000    7.564725    0.000000    0.000000    0.000000    0.000000    0.000000    0.000000
  -0.87829   14.272404    1.809310    1.809310    0.000000    7.175928    0.000000    0.000000    0.000000    0.000000    0.000000    0.000000
  -0.87229   13.581837    1.695360    1.695360    0.000000    6.748988    0.000000    0.000000    0.000000    0.000000    0.000000    0.000000
  -0.86629   12.815697    1.579493    1.579493    0.000000    6.291641    0.000000    0.000000    0.000000    0.000000    0.000000    0.000000
  -0.86029   11.988081    1.463297    1.463297    0.000000    5.812546    0.000000    0.000000    0.000000    0.000000    0.000000    0.000000
  -0.85428   11.114354    1.347968    1.347968    0.000000    5.320743    0.000000    0.000000    0.000000    0.000000    0.000000    0.000000
  -0.84828   10.210370    1.234368    1.234368    0.000000    4.825156    0.000000    0.000000    0.000000    0.000000    0.000000    0.000000
  -0.84228    9.291818    1.123116    1.123116    0.000000    4.334185    0.000000    0.000000    0.000000    0.000000    0.000000    0.000000
  -0.83628    8.373729    1.014695    1.014695    0.000000    3.855407    0.000000    0.000000    0.000000    0.000000    0.000000    0.000000
  -0.83028    7.470120    0.909553    0.909553    0.000000    3.395381    0.000000    0.000000    0.000000    0.000000    0.000000    0.000000
  -0.82427    6.593737    0.808172    0.808172    0.000000    2.959553    0.000000    0.000000    0.000000    0.000000    0.000000    0.000000
  -0.81827    5.755880    0.711107    0.711107    0.000000    2.552231    0.000000    0.000000    0.000000    0.000000    0.000000    0.000000
  -0.81227    4.966244    0.618991    0.618991    0.000000    2.176613    0.000000    0.000000    0.000000    0.000000    0.000000    0.000000
  -0.80627    4.232785    0.532504    0.532504    0.000000    1.834837    0.000000    0.000000    0.000000    0.000000    0.000000    0.000000
  -0.80027    3.561593    0.452314    0.452314    0.000000    1.528056    0.000000    0.000000    0.000000    0.000000    0.000000    0.000000
  -0.79426    2.956794    0.379021    0.379021    0.000000    1.256508    0.000000    0.000000    0.000000    0.000000    0.000000    0.000000
  -0.78826    2.420504    0.313086    0.313086    0.000000    1.019610    0.000000    0.000000    0.000000    0.000000    0.000000    0.000000
  -0.78226    1.952867    0.254790    0.254790    0.000000    0.816047    0.000000    0.000000    0.000000    0.000000    0.000000    0.000000
  -0.77626    1.552186    0.204205    0.204205    0.000000    0.643888    0.000000    0.000000    0.000000    0.000000    0.000000    0.000000
  -0.77026    1.215158    0.161192    0.161192    0.000000    0.500715    0.000000    0.000000    0.000000    0.000000    0.000000    0.000000
  -0.76425    0.937195    0.125423    0.125423    0.000000    0.383768    0.000000    0.000000    0.000000    0.000000    0.000000    0.000000
  -0.75825    0.712824    0.096427    0.096427    0.000000    0.290097    0.000000    0.000000    0.000000    0.000000    0.000000    0.000000
  -0.75225    0.536103    0.073643    0.073643    0.000000    0.216719    0.000000    0.000000    0.000000    0.000000    0.000000    0.000000
  -0.74625    0.401046    0.056485    0.056485    0.000000    0.160758    0.000000    0.000000    0.000000    0.000000    0.000000    0.000000
  -0.74025    0.301996    0.044398    0.044398    0.000000    0.119572    0.000000    0.000000    0.000000    0.000000    0.000000    0.000000
  -0.73424    0.233937    0.036914    0.036914    0.000000    0.090853    0.000000    0.000000    0.000000    0.000000    0.000000    0.000000
  -0.72824    0.192707    0.033687    0.033687    0.000000    0.072684    0.000000    0.000000    0.000000    0.000000    0.000000    0.000000
  -0.72224    0.175123    0.034519    0.034519    0.000000    0.063571    0.000000    0.000000    0.000000    0.000000    0.000000    0.000000
  -0.71624    0.178985    0.039358    0.039358    0.000000    0.062437    0.000000    0.000000    0.000000    0.000000    0.000000    0.000000
  -0.71024    0.202998    0.048285    0.048285    0.000000    0.068581    0.000000    0.000000    0.000000    0.000000    0.000000    0.000000
  -0.70423    0.246591    0.061474    0.061474    0.000000    0.081610    0.000000    0.000000    0.000000    0.000000    0.000000    0.000000
  -0.69823    0.309676    0.079140    0.079140    0.000000    0.101350    0.000000    0.000000    0.000000    0.000000    0.000000    0.000000
  -0.69223    0.392346    0.101469    0.101469    0.000000    0.127743    0.000000    0.000000    0.000000    0.000000    0.000000    0.000000
  -0.68623    0.494557    0.128546    0.128546    0.000000    0.160737    0.000000    0.000000    0.000000    0.000000    0.000000    0.000000
  -0.68023    0.615822    0.160278    0.160278    0.000000    0.200189    0.000000    0.000000    0.000000    0.000000    0.000000    0.000000
  -0.67422    0.754954    0.196329    0.196329    0.000000    0.245785    0.000000    0.000000    0.000000    0.000000    0.000000    0.000000
  -0.66822    0.909909    0.236077    0.236077    0.000000    0.296994    0.000000    0.000000    0.000000    0.000000    0.000000    0.000000
  -0.66222    1.077751    0.278599    0.278599    0.000000    0.353071    0.000000    0.000000    0.000000    0.000000    0.000000    0.000000
  -0.65622    1.254788    0.322699    0.322699    0.000000    0.413112    0.000000    0.000000    0.000000    0.000000    0.000000    0.000000
  -0.65022    1.436862    0.366971    0.366971    0.000000    0.476161    0.000000    0.000000    0.000000    0.000000    0.000000    0.000000
  -0.64421    1.619802    0.409913    0.409913    0.000000    0.541376    0.000000    0.000000    0.000000    0.000000    0.000000    0.000000
  -0.63821    1.799992    0.450065    0.450065    0.000000    0.608214    0.000000    0.000000    0.000000    0.000000    0.000000    0.000000
  -0.63221    1.974978    0.486169    0.486169    0.000000    0.676631    0.000000    0.000000    0.000000    0.000000    0.000000    0.000000
  -0.62621    2.144043    0.517333    0.517333    0.000000    0.747258    0.000000    0.000000    0.000000    0.000000    0.000000    0.000000
  -0.62021    2.308648    0.543160    0.543160    0.000000    0.821513    0.000000    0.000000    0.000000    0.000000    0.000000    0.000000
  -0.61420    2.472643    0.563845    0.563845    0.000000    0.901626    0.000000    0.000000    0.000000    0.000000    0.000000    0.000000
  -0.60820    2.642199    0.580207    0.580207    0.000000    0.990542    0.000000    0.000000    0.000000    0.000000    0.000000    0.000000
  -0.60220    2.825400    0.593646    0.593646    0.000000    1.091706    0.000000    0.000000    0.000000    0.000000    0.000000    0.000000
  -0.59620    3.031528    0.606029    0.606029    0.000000    1.208727    0.000000    0.000000    0.000000    0.000000    0.000000    0.000000
  -0.59020    3.270079    0.619516    0.619516    0.000000    1.344949    0.000000    0.000000    0.000000    0.000000    0.000000    0.000000
  -0.58419    3.549624    0.636332    0.636332    0.000000    1.502972    0.000000    0.000000    0.000000    0.000000    0.000000    0.000000
  -0.57819    3.876624    0.658519    0.658519    0.000000    1.684183    0.000000    0.000000    0.000000    0.000000    0.000000    0.000000
  -0.57219    4.254356    0.687695    0.687695    0.000000    1.888347    0.000000    0.000000    0.000000    0.000000    0.000000    0.000000
  -0.56619    4.682087    0.724841    0.724841    0.000000    2.113327    0.000000    0.000000    0.000000    0.000000    0.000000    0.000000
  -0.56019    5.154599    0.770149    0.770149    0.000000    2.354972    0.000000    0.000000    0.000000    0.000000    0.000000    0.000000
  -0.55418    5.662161    0.822942    0.822942    0.000000    2.607211    0.000000    0.000000    0.000000    0.000000    0.000000    0.000000
  -0.54818    6.190967    0.881685    0.881685    0.000000    2.862352    0.000000    0.000000    0.000000    0.000000    0.000000    0.000000
  -0.54218    6.724030    0.944082    0.944082    0.000000    3.111579    0.000000    0.000000    0.000000    0.000000    0.000000    0.000000
  -0.53618    7.242459    1.007254    1.007254    0.000000    3.345607    0.000000    0.000000    0.000000    0.000000    0.000000    0.000000
  -0.53018    7.727013    1.067984    1.067984    0.000000    3.555433    0.000000    0.000000    0.000000    0.000000    0.000000    0.000000
  -0.52417    8.159791    1.123003    1.123003    0.000000    3.733115    0.000000    0.000000    0.000000    0.000000    0.000000    0.000000
  -0.51817    8.525892    1.169295    1.169295    0.000000    3.872507    0.000000    0.000000    0.000000    0.000000    0.000000    0.000000
  -0.51217    8.814872    1.204379    1.204379    0.000000    3.969857    0.000000    0.000000    0.000000    0.000000    0.000000    0.000000
  -0.50617    9.021837    1.226554    1.226554    0.000000    4.024215    0.000000    0.000000    0.000000    0.000000    0.000000    0.000000
  -0.50017    9.148019    1.235059    1.235059    0.000000    4.037578    0.000000    0.000000    0.000000    0.000000    0.000000    0.000000
  -0.49416    9.200736    1.230147    1.230147    0.000000    4.014755    0.000000    0.000000    0.000000    0.000000    0.000000    0.000000
  -0.48816    9.192688    1.213045    1.213045    0.000000    3.962932    0.000000    0.000000    0.000000    0.000000    0.000000    0.000000
  -0.48216    9.140606    1.185808    1.185808    0.000000    3.890978    0.000000    0.000000    0.000000    0.000000    0.000000    0.000000
  -0.47616    9.063368    1.151086    1.151086    0.000000    3.808532    0.000000    0.000000    0.000000    0.000000    0.000000    0.000000
  -0.47016    8.979758    1.111816    1.111816    0.000000    3.724980    0.000000    0.000000    0.000000    0.000000    0.000000    0.000000
  -0.46415    8.906126    1.070892    1.070892    0.000000    3.648425    0.000000    0.000000    0.000000    0.000000    0.000000    0.000000
  -0.45815    8.854240    1.030839    1.030839    0.000000    3.584774    0.000000    0.000000    0.000000    0.000000    0.000000    0.000000
  -0.45215    8.829617    0.993545    0.993545    0.000000    3.537053    0.000000    0.000000    0.000000    0.000000    0.000000    0.000000
  -0.44615    8.830598    0.960078    0.960078    0.000000    3.505061    0.000000    0.000000    0.000000    0.000000    0.000000    0.000000
  -0.44015    8.848317    0.930613    0.930613    0.000000    3.485403    0.000000    0.000000    0.000000    0.000000    0.000000    0.000000
  -0.43414    8.867618    0.904478    0.904478    0.000000    3.471921    0.000000    0.000000    0.000000    0.000000    0.000000    0.000000
  -0.42814    8.868834    0.880311    0.880311    0.000000    3.456464    0.000000    0.000000    0.000000    0.000000    0.000000    0.000000
  -0.42214    8.830195    0.856294    0.856294    0.000000    3.429920    0.000000    0.000000    0.000000    0.000000    0.000000    0.000000
  -0.41614    8.730562    0.830445    0.830445    0.000000    3.383353    0.000000    0.000000    0.000000    0.000000    0.000000    0.000000
  -0.41014    8.552104    0.800907    0.800907    0.000000    3.309111    0.000000    0.000000    0.000000    0.000000    0.000000    0.000000
  -0.40413    8.282564    0.766212    0.766212    0.000000    3.201755    0.000000    0.000000    0.000000    0.000000    0.000000    0.000000
  -0.39813    7.916813    0.725469    0.725469    0.000000    3.058697    0.000000    0.000000    0.000000    0.000000    0.000000    0.000000
  -0.39213    7.457504    0.678470    0.678470    0.000000    2.880467    0.000000    0.000000    0.000000    0.000000    0.000000    0.000000
  -0.38613    6.914786    0.625696    0.625696    0.000000    2.670605    0.000000    0.000000    0.000000    0.000000    0.000000    0.000000
  -0.38013    6.305154    0.568241    0.568241    0.000000    2.435208    0.000000    0.000000    0.000000    0.000000    0.000000    0.000000
  -0.37412    5.649655    0.507657    0.507657    0.000000    2.182222    0.000000    0.000000    0.000000    0.000000    0.000000    0.000000
  -0.36812    4.971726    0.445773    0.445773    0.000000    1.920587    0.000000    0.000000    0.000000    0.000000    0.000000    0.000000
  -0.36212    4.294963    0.384485    0.384485    0.000000    1.659357    0.000000    0.000000    0.000000    0.000000    0.000000    0.000000
  -0.35612    3.641118    0.325578    0.325578    0.000000    1.406910    0.000000    0.000000    0.000000    0.000000    0.000000    0.000000
  -0.35012    3.028526    0.270571    0.270571    0.000000    1.170323    0.000000    0.000000    0.000000    0.000000    0.000000    0.000000
  -0.34411    2.471097    0.220624    0.220624    0.000000    0.954975    0.000000    0.000000    0.000000    0.000000    0.000000    0.000000
  -0.33811    1.977910    0.176487    0.176487    0.000000    0.764378    0.000000    0.000000    0.000000    0.000000    0.000000    0.000000
  -0.33211    1.553350    0.138509    0.138509    0.000000    0.600227    0.000000    0.000000    0.000000    0.000000    0.000000    0.000000
  -0.32611    1.197692    0.106682    0.106682    0.000000    0.462618    0.000000    0.000000    0.000000    0.000000    0.000000    0.000000
  -0.32011    0.907973    0.080712    0.080712    0.000000    0.350381    0.000000    0.000000    0.000000    0.000000    0.000000    0.000000
  -0.31410    0.679012    0.060108    0.060108    0.000000    0.261471    0.000000    0.000000    0.000000    0.000000    0.000000    0.000000
  -0.30810    0.504447    0.044268    0.044268    0.000000    0.193362    0.000000    0.000000    0.000000    0.000000    0.000000    0.000000
  -0.30210    0.377671    0.032560    0.032560    0.000000    0.143404    0.000000    0.000000    0.000000    0.000000    0.000000    0.000000
  -0.29610    0.292620    0.024388    0.024388    0.000000    0.109122    0.000000    0.000000    0.000000    0.000000    0.000000    0.000000
  -0.29010    0.244354    0.019244    0.019244    0.000000    0.088433    0.000000    0.000000    0.000000    0.000000    0.000000    0.000000
  -0.28409    0.229448    0.016741    0.016741    0.000000    0.079795    0.000000    0.000000    0.000000    0.000000    0.000000    0.000000
  -0.27809    0.246176    0.016630    0.016630    0.000000    0.082275    0.000000    0.000000    0.000000    0.000000    0.000000    0.000000
  -0.27209    0.294524    0.018806    0.018806    0.000000    0.095555    0.000000    0.000000    0.000000    0.000000    0.000000    0.000000
  -0.26609    0.376042    0.023298    0.023298    0.000000    0.119887    0.000000    0.000000    0.000000    0.000000    0.000000    0.000000
  -0.26009    0.493544    0.030259    0.030259    0.000000    0.155984    0.000000    0.000000    0.000000    0.000000    0.000000    0.000000
  -0.25408    0.650687    0.039934    0.039934    0.000000    0.204889    0.000000    0.000000    0.000000    0.000000    0.000000    0.000000
  -0.24808    0.851441    0.052635    0.052635    0.000000    0.267794    0.000000    0.000000    0.000000    0.000000    0.000000    0.000000
  -0.24208    1.099464    0.068699    0.068699    0.000000    0.345839    0.000000    0.000000    0.000000    0.000000    0.000000    0.000000
  -0.23608    1.397437    0.088446    0.088446    0.000000    0.439892    0.000000    0.000000    0.000000    0.000000    0.000000    0.000000
  -0.23008    1.746388    0.112135    0.112135    0.000000    0.550336    0.000000    0.000000    0.000000    0.000000    0.000000    0.000000
  -0.22407    2.145076    0.139911    0.139911    0.000000    0.676859    0.000000    0.000000    0.000000    0.000000    0.000000    0.000000
  -0.21807    2.589492    0.171762    0.171762    0.000000    0.818292    0.000000    0.000000    0.000000    0.000000    0.000000    0.000000
  -0.21207    3.072551    0.207476    0.207476    0.000000    0.972499    0.000000    0.000000    0.000000    0.000000    0.000000    0.000000
  -0.20607    3.584027    0.246610    0.246610    0.000000    1.136342    0.000000    0.000000    0.000000    0.000000    0.000000    0.000000
  -0.20007    4.110774    0.288470    0.288470    0.000000    1.305735    0.000000    0.000000    0.000000    0.000000    0.000000    0.000000
  -0.19406    4.637252    0.332109    0.332109    0.000000    1.475791    0.000000    0.000000    0.000000    0.000000    0.000000    0.000000
  -0.18806    5.146335    0.376353    0.376353    0.000000    1.641067    0.000000    0.000000    0.000000    0.000000    0.000000    0.000000
  -0.18206    5.620374    0.419838    0.419838    0.000000    1.795878    0.000000    0.000000    0.000000    0.000000    0.000000    0.000000
  -0.17606    6.042424    0.461079    0.461079    0.000000    1.934683    0.000000    0.000000    0.000000    0.000000    0.000000    0.000000
  -0.17006    6.397561    0.498558    0.498558    0.000000    2.052493    0.000000    0.000000    0.000000    0.000000    0.000000    0.000000
  -0.16405    6.674179    0.530826    0.530826    0.000000    2.145289    0.000000    0.000000    0.000000    0.000000    0.000000    0.000000
  -0.15805    6.865141    0.556617    0.556617    0.000000    2.210397    0.000000    0.000000    0.000000    0.000000    0.000000    0.000000
  -0.15205    6.968705    0.574954    0.574954    0.000000    2.246798    0.000000    0.000000    0.000000    0.000000    0.000000    0.000000
  -0.14605    6.989093    0.585250    0.585250    0.000000    2.255335    0.000000    0.000000    0.000000    0.000000    0.000000    0.000000
  -0.14005    6.936647    0.587381    0.587381    0.000000    2.238789    0.000000    0.000000    0.000000    0.000000    0.000000    0.000000
  -0.13404    6.827495    0.581724    0.581724    0.000000    2.201806    0.000000    0.000000    0.000000    0.000000    0.000000    0.000000
  -0.12804    6.682709    0.569148    0.569148    0.000000    2.150657    0.000000    0.000000    0.000000    0.000000    0.000000    0.000000
  -0.12204    6.526949    0.550970    0.550970    0.000000    2.092840    0.000000    0.000000    0.000000    0.000000    0.000000    0.000000
  -0.11604    6.386664    0.528846    0.528846    0.000000    2.036535    0.000000    0.000000    0.000000    0.000000    0.000000    0.000000
  -0.11004    6.287940    0.504644    0.504644    0.000000    1.989940    0.000000    0.000000    0.000000    0.000000    0.000000    0.000000
  -0.10403    6.254154    0.480273    0.480273    0.000000    1.960556    0.000000    0.000000    0.000000    0.000000    0.000000    0.000000
  -0.09803    6.303640    0.457514    0.457514    0.000000    1.954450    0.000000    0.000000    0.000000    0.000000    0.000000    0.000000
  -0.09203    6.447594    0.437853    0.437853    0.000000    1.975603    0.000000    0.000000    0.000000    0.000000    0.000000    0.000000
  -0.08603    6.688468    0.422344    0.422344    0.000000    2.025403    0.000000    0.000000    0.000000    0.000000    0.000000    0.000000
  -0.08003    7.019084    0.411521    0.411521    0.000000    2.102342    0.000000    0.000000    0.000000    0.000000    0.000000    0.000000
  -0.07402    7.422632    0.405359    0.405359    0.000000    2.202000    0.000000    0.000000    0.000000    0.000000    0.000000    0.000000
  -0.06802    7.873664    0.403304    0.403304    0.000000    2.317313    0.000000    0.000000    0.000000    0.000000    0.000000    0.000000
  -0.06202    8.340049    0.404355    0.404355    0.000000    2.439137    0.000000    0.000000    0.000000    0.000000    0.000000    0.000000
  -0.05602    8.785771    0.407210    0.407210    0.000000    2.557069    0.000000    0.000000    0.000000    0.000000    0.000000    0.000000
  -0.05002    9.174312    0.410431    0.410431    0.000000    2.660437    0.000000    0.000000    0.000000    0.000000    0.000000    0.000000
  -0.04401    9.472276    0.412641    0.412641    0.000000    2.739372    0.000000    0.000000    0.000000    0.000000    0.000000    0.000000
  -0.03801    9.652873    0.412705    0.412705    0.000000    2.785839    0.000000    0.000000    0.000000    0.000000    0.000000    0.000000
  -0.03201    9.698855    0.409892    0.409892    0.000000    2.794507    0.000000    0.000000    0.000000    0.000000    0.000000    0.000000
  -0.02601    9.604572    0.403989    0.403989    0.000000    2.763370    0.000000    0.000000    0.000000    0.000000    0.000000    0.000000
  -0.02001    9.376917    0.395366    0.395366    0.000000    2.694037    0.000000    0.000000    0.000000    0.000000    0.000000    0.000000
  -0.01400    9.035037    0.384971    0.384971    0.000000    2.591673    0.000000    0.000000    0.000000    0.000000    0.000000    0.000000
  -0.00800    8.608854    0.374275    0.374275    0.000000    2.464586    0.000000    0.000000    0.000000    0.000000    0.000000    0.000000
  -0.00200    8.136585    0.365150    0.365150    0.000000    2.323540    0.000000    0.000000    0.000000    0.000000    0.000000    0.000000
   0.00400    7.661507    0.359716    0.359716    0.000000    2.180839    0.000000    0.000000    0.000000    0.000000    0.000000    0.000000
   0.01000    7.228334    0.360150    0.360150    0.000000    2.049307    0.000000    0.000000    0.000000    0.000000    0.000000    0.000000
   0.01601    6.879553    0.368483    0.368483    0.000000    1.941264    0.000000    0.000000    0.000000    0.000000    0.000000    0.000000
   0.02201    6.652046    0.386405    0.386405    0.000000    1.867573    0.000000    0.000000    0.000000    0.000000    0.000000    0.000000
   0.02801    6.574291    0.415084    0.415084    0.000000    1.836861    0.000000    0.000000    0.000000    0.000000    0.000000    0.000000
   0.03401    6.664328    0.455021    0.455021    0.000000    1.854943    0.000000    0.000000    0.000000    0.000000    0.000000    0.000000
   0.04001    6.928613    0.505957    0.505957    0.000000    1.924486    0.000000    0.000000    0.000000    0.000000    0.000000    0.000000
   0.04602    7.361803    0.566828    0.566828    0.000000    2.044933    0.000000    0.000000    0.000000    0.000000    0.000000    0.000000
   0.05202    7.947419    0.635795    0.635795    0.000000    2.212635    0.000000    0.000000    0.000000    0.000000    0.000000    0.000000
   0.05802    8.659298    0.710323    0.710323    0.000000    2.421204    0.000000    0.000000    0.000000    0.000000    0.000000    0.000000
   0.06402    9.463656    0.787340    0.787340    0.000000    2.662004    0.000000    0.000000    0.000000    0.000000    0.000000    0.000000
   0.07002   10.321576    0.863431    0.863431    0.000000    2.924759    0.000000    0.000000    0.000000    0.000000    0.000000    0.000000
   0.07603   11.191682    0.935071    0.935071    0.000000    3.198201    0.000000    0.000000    0.000000    0.000000    0.000000    0.000000
   0.08203   12.032774    0.998871    0.998871    0.000000    3.470719    0.000000    0.000000    0.000000    0.000000    0.000000    0.000000
   0.08803   12.806197    1.051812    1.051812    0.000000    3.730951    0.000000    0.000000    0.000000    0.000000    0.000000    0.000000
   0.09403   13.477782    1.091444    1.091444    0.000000    3.968290    0.000000    0.000000    0.000000    0.000000    0.000000    0.000000
   0.10003   14.019235    1.116035    1.116035    0.000000    4.173279    0.000000    0.000000    0.000000    0.000000    0.000000    0.000000
   0.10604   14.408962    1.124651    1.124651    0.000000    4.337896    0.000000    0.000000    0.000000    0.000000    0.000000    0.000000
   0.11204   14.632348    1.117169    1.117169    0.000000    4.455736    0.000000    0.000000    0.000000    0.000000    0.000000    0.000000
   0.11804   14.681602    1.094220    1.094220    0.000000    4.522113    0.000000    0.000000    0.000000    0.000000    0.000000    0.000000
   0.12404   14.555320    1.057091    1.057091    0.000000    4.534113    0.000000    0.000000    0.000000    0.000000    0.000000    0.000000
   0.13004   14.257876    1.007573    1.007573    0.000000    4.490619    0.000000    0.000000    0.000000    0.000000    0.000000    0.000000
   0.13605   13.798780    0.947810    0.947810    0.000000    4.392313    0.000000    0.000000    0.000000    0.000000    0.000000    0.000000
   0.14205   13.192061    0.880133    0.880133    0.000000    4.241663    0.000000    0.000000    0.000000    0.000000    0.000000    0.000000
   0.14805   12.455674    0.806923    0.806923    0.000000    4.042872    0.000000    0.000000    0.000000    0.000000    0.000000    0.000000
   0.15405   11.610902    0.730486    0.730486    0.000000    3.801772    0.000000    0.000000    0.000000    0.000000    0.000000    0.000000
   0.16005   10.681700    0.652964    0.652964    0.000000    3.525631    0.000000    0.000000    0.000000    0.000000    0.000000    0.000000
   0.16606    9.693900    0.576272    0.576272    0.000000    3.222867    0.000000    0.000000    0.000000    0.000000    0.000000    0.000000
   0.17206    8.674258    0.502057    0.502057    0.000000    2.902663    0.000000    0.000000    0.000000    0.000000    0.000000    0.000000
   0.17806    7.649363    0.431673    0.431673    0.000000    2.574503    0.000000    0.000000    0.000000    0.000000    0.000000    0.000000
   0.18406    6.644457    0.366182    0.366182    0.000000    2.247664    0.000000    0.000000    0.000000    0.000000    0.000000    0.000000
   0.19006    5.682271    0.306349    0.306349    0.000000    1.930716    0.000000    0.000000    0.000000    0.000000    0.000000    0.000000
   0.19607    4.782006    0.252661    0.252661    0.000000    1.631083    0.000000    0.000000    0.000000    0.000000    0.000000    0.000000
   0.20207    3.958566    0.205341    0.205341    0.000000    1.354701    0.000000    0.000000    0.000000    0.000000    0.000000    0.000000
   0.20807    3.222130    0.164381    0.164381    0.000000    1.105815    0.000000    0.000000    0.000000    0.000000    0.000000    0.000000
   0.21407    2.578103    0.129572    0.129572    0.000000    0.886937    0.000000    0.000000    0.000000    0.000000    0.000000    0.000000
   0.22007    2.027444    0.100542    0.100542    0.000000    0.698931    0.000000    0.000000    0.000000    0.000000    0.000000    0.000000
   0.22608    1.567302    0.076801    0.076801    0.000000    0.541240    0.000000    0.000000    0.000000    0.000000    0.000000    0.000000
   0.23208    1.191886    0.057788    0.057788    0.000000    0.412188    0.000000    0.000000    0.000000    0.000000    0.000000    0.000000
   0.23808    0.893450    0.042910    0.042910    0.000000    0.309333    0.000000    0.000000    0.000000    0.000000    0.000000    0.000000
   0.24408    0.663308    0.031588    0.031588    0.000000    0.229837    0.000000    0.000000    0.000000    0.000000    0.000000    0.000000
   0.25008    0.492778    0.023288    0.023288    0.000000    0.170805    0.000000    0.000000    0.000000    0.000000    0.000000    0.000000
   0.25609    0.374000    0.017554    0.017554    0.000000    0.129582    0.000000    0.000000    0.000000    0.000000    0.000000    0.000000
   0.26209    0.300589    0.014026    0.014026    0.000000    0.103989    0.000000    0.000000    0.000000    0.000000    0.000000    0.000000
   0.26809    0.268100    0.012455    0.012455    0.000000    0.092497    0.000000    0.000000    0.000000    0.000000    0.000000    0.000000
   0.27409    0.274310    0.012713    0.012713    0.000000    0.094325    0.000000    0.000000    0.000000    0.000000    0.000000    0.000000
   0.28009    0.319304    0.014788    0.014788    0.000000    0.109481    0.000000    0.000000    0.000000    0.000000    0.000000    0.000000
   0.28610    0.405384    0.018778    0.018778    0.000000    0.138727    0.000000    0.000000    0.000000    0.000000    0.000000    0.000000
   0.29210    0.536783    0.024875    0.024875    0.000000    0.183484    0.000000    0.000000    0.000000    0.000000    0.000000    0.000000
   0.29810    0.719183    0.033342    0.033342    0.000000    0.245670    0.000000    0.000000    0.000000    0.000000    0.000000    0.000000
   0.30410    0.959052    0.044481    0.044481    0.000000    0.327467    0.000000    0.000000    0.000000    0.000000    0.000000    0.000000
   0.31010    1.262787    0.058593    0.058593    0.000000    0.431028    0.000000    0.000000    0.000000    0.000000    0.000000    0.000000
   0.31611    1.635732    0.075933    0.075933    0.000000    0.558138    0.000000    0.000000    0.000000    0.000000    0.000000    0.000000
   0.32211    2.081108    0.096660    0.096660    0.000000    0.709845    0.000000    0.000000    0.000000    0.000000    0.000000    0.000000
   0.32811    2.598973    0.120790    0.120790    0.000000    0.886101    0.000000    0.000000    0.000000    0.000000    0.000000    0.000000
   0.33411    3.185323    0.148152    0.148152    0.000000    1.085453    0.000000    0.000000    0.000000    0.000000    0.000000    0.000000
   0.34011    3.831474    0.178364    0.178364    0.000000    1.304830    0.000000    0.000000    0.000000    0.000000    0.000000    0.000000
   0.34612    4.523852    0.210819    0.210819    0.000000    1.539470    0.000000    0.000000    0.000000    0.000000    0.000000    0.000000
   0.35212    5.244282    0.244696    0.244696    0.000000    1.783019    0.000000    0.000000    0.000000    0.000000    0.000000    0.000000
   0.35812    5.970817    0.279003    0.279003    0.000000    2.027819    0.000000    0.000000    0.000000    0.000000    0.000000    0.000000
   0.36412    6.679065    0.312627    0.312627    0.000000    2.265365    0.000000    0.000000    0.000000    0.000000    0.000000    0.000000
   0.37012    7.343913    0.344416    0.344416    0.000000    2.486901    0.000000    0.000000    0.000000    0.000000    0.000000    0.000000
   0.37613    7.941454    0.373261    0.373261    0.000000    2.684090    0.000000    0.000000    0.000000    0.000000    0.000000    0.000000
   0.38213    8.450899    0.398179    0.398179    0.000000    2.849668    0.000000    0.000000    0.000000    0.000000    0.000000    0.000000
   0.38813    8.856240    0.418387    0.418387    0.000000    2.978025    0.000000    0.000000    0.000000    0.000000    0.000000    0.000000
   0.39413    9.147466    0.433352    0.433352    0.000000    3.065619    0.000000    0.000000    0.000000    0.000000    0.000000    0.000000
   0.40013    9.321186    0.442818    0.442818    0.000000    3.111182    0.000000    0.000000    0.000000    0.000000    0.000000    0.000000
   0.40614    9.380607    0.446809    0.446809    0.000000    3.115711    0.000000    0.000000    0.000000    0.000000    0.000000    0.000000
   0.41214    9.334932    0.445598    0.445598    0.000000    3.082246    0.000000    0.000000    0.000000    0.000000    0.000000    0.000000
   0.41814    9.198269    0.439671    0.439671    0.000000    3.015478    0.000000    0.000000    0.000000    0.000000    0.000000    0.000000
   0.42414    8.988248    0.429678    0.429678    0.000000    2.921267    0.000000    0.000000    0.000000    0.000000    0.000000    0.000000
   0.43014    8.724526    0.416376    0.416376    0.000000    2.806121    0.000000    0.000000    0.000000    0.000000    0.000000    0.000000
   0.43615    8.427346    0.400590    0.400590    0.000000    2.676704    0.000000    0.000000    0.000000    0.000000    0.000000    0.000000
   0.44215    8.116264    0.383173    0.383173    0.000000    2.539430    0.000000    0.000000    0.000000    0.000000    0.000000    0.000000
   0.44815    7.809122    0.364987    0.364987    0.000000    2.400146    0.000000    0.000000    0.000000    0.000000    0.000000    0.000000
   0.45415    7.521258    0.346880    0.346880    0.000000    2.263923    0.000000    0.000000    0.000000    0.000000    0.000000    0.000000
   0.46015    7.264951    0.329674    0.329674    0.000000    2.134939    0.000000    0.000000    0.000000    0.000000    0.000000    0.000000
   0.46616    7.049041    0.314150    0.314150    0.000000    2.016429    0.000000    0.000000    0.000000    0.000000    0.000000    0.000000
   0.47216    6.878729    0.301026    0.301026    0.000000    1.910688    0.000000    0.000000    0.000000    0.000000    0.000000    0.000000
   0.47816    6.755537    0.290932    0.290932    0.000000    1.819114    0.000000    0.000000    0.000000    0.000000    0.000000    0.000000
   0.48416    6.677466    0.284381    0.284381    0.000000    1.742277    0.000000    0.000000    0.000000    0.000000    0.000000    0.000000
   0.49016    6.639386    0.281741    0.281741    0.000000    1.680033    0.000000    0.000000    0.000000    0.000000    0.000000    0.000000
   0.49617    6.633686    0.283213    0.283213    0.000000    1.631672    0.000000    0.000000    0.000000    0.000000    0.000000    0.000000
   0.50217    6.651185    0.288826    0.288826    0.000000    1.596116    0.000000    0.000000    0.000000    0.000000    0.000000    0.000000
   0.50817    6.682252    0.298441    0.298441    0.000000    1.572143    0.000000    0.000000    0.000000    0.000000    0.000000    0.000000
   0.51417    6.718042    0.311785    0.311785    0.000000    1.558641    0.000000    0.000000    0.000000    0.000000    0.000000    0.000000
   0.52017    6.751697    0.328485    0.328485    0.000000    1.554833    0.000000    0.000000    0.000000    0.000000    0.000000    0.000000
   0.52618    6.779349    0.348120    0.348120    0.000000    1.560463    0.000000    0.000000    0.000000    0.000000    0.000000    0.000000
   0.53218    6.800757    0.370271    0.370271    0.000000    1.575897    0.000000    0.000000    0.000000    0.000000    0.000000    0.000000
   0.53818    6.819476    0.394560    0.394560    0.000000    1.602104    0.000000    0.000000    0.000000    0.000000    0.000000    0.000000
   0.54418    6.842460    0.420672    0.420672    0.000000    1.640519    0.000000    0.000000    0.000000    0.000000    0.000000    0.000000
   0.55018    6.879162    0.448350    0.448350    0.000000    1.692787    0.000000    0.000000    0.000000    0.000000    0.000000    0.000000
   0.55619    6.940193    0.477373    0.477373    0.000000    1.760413    0.000000    0.000000    0.000000    0.000000    0.000000    0.000000
   0.56219    7.035740    0.507513    0.507513    0.000000    1.844373    0.000000    0.000000    0.000000    0.000000    0.000000    0.000000
   0.56819    7.173926    0.538475    0.538475    0.000000    1.944740    0.000000    0.000000    0.000000    0.000000    0.000000    0.000000
   0.57419    7.359367    0.569847    0.569847    0.000000    2.060369    0.000000    0.000000    0.000000    0.000000    0.000000    0.000000
   0.58019    7.592097    0.601060    0.601060    0.000000    2.188720    0.000000    0.000000    0.000000    0.000000    0.000000    0.000000
   0.58620    7.867023    0.631367    0.631367    0.000000    2.325829    0.000000    0.000000    0.000000    0.000000    0.000000    0.000000
   0.59220    8.173983    0.659855    0.659855    0.000000    2.466458    0.000000    0.000000    0.000000    0.000000    0.000000    0.000000
   0.59820    8.498372    0.685493    0.685493    0.000000    2.604395    0.000000    0.000000    0.000000    0.000000    0.000000    0.000000
   0.60420    8.822280    0.707194    0.707194    0.000000    2.732891    0.000000    0.000000    0.000000    0.000000    0.000000    0.000000
   0.61020    9.125962    0.723905    0.723905    0.000000    2.845164    0.000000    0.000000    0.000000    0.000000    0.000000    0.000000
   0.61621    9.389471    0.734690    0.734690    0.000000    2.934920    0.000000    0.000000    0.000000    0.000000    0.000000    0.000000
   0.62221    9.594278    0.738818    0.738818    0.000000    2.996830    0.000000    0.000000    0.000000    0.000000    0.000000    0.000000
   0.62821    9.724699    0.735819    0.735819    0.000000    3.026910    0.000000    0.000000    0.000000    0.000000    0.000000    0.000000
   0.63421    9.769021    0.725524    0.725524    0.000000    3.022771    0.000000    0.000000    0.000000    0.000000    0.000000    0.000000
   0.64021    9.720266    0.708069    0.708069    0.000000    2.983734    0.000000    0.000000    0.000000    0.000000    0.000000    0.000000
   0.64622    9.576567    0.683880    0.683880    0.000000    2.910796    0.000000    0.000000    0.000000    0.000000    0.000000    0.000000
   0.65222    9.341191    0.653633    0.653633    0.000000    2.806487    0.000000    0.000000    0.000000    0.000000    0.000000    0.000000
   0.65822    9.022244    0.618201    0.618201    0.000000    2.674630    0.000000    0.000000    0.000000    0.000000    0.000000    0.000000
   0.66422    8.632134    0.578602    0.578602    0.000000    2.520059    0.000000    0.000000    0.000000    0.000000    0.000000    0.000000
   0.67022    8.186821    0.535938    0.535938    0.000000    2.348297    0.000000    0.000000    0.000000    0.000000    0.000000    0.000000
   0.67623    7.704909    0.491348    0.491348    0.000000    2.165245    0.000000    0.000000    0.000000    0.000000    0.000000    0.000000
   0.68223    7.206605    0.445962    0.445962    0.000000    1.976883    0.000000    0.000000    0.000000    0.000000    0.000000    0.000000
   0.68823    6.712579    0.400866    0.400866    0.000000    1.788998    0.000000    0.000000    0.000000    0.000000    0.000000    0.000000
   0.69423    6.242765    0.357069    0.357069    0.000000    1.606941    0.000000    0.000000    0.000000    0.000000    0.000000    0.000000
   0.70023    5.815164    0.315476    0.315476    0.000000    1.435431    0.000000    0.000000    0.000000    0.000000    0.000000    0.000000
   0.70624    5.444729    0.276865    0.276865    0.000000    1.278389    0.000000    0.000000    0.000000    0.000000    0.000000    0.000000
   0.71224    5.142432    0.241871    0.241871    0.000000    1.138826    0.000000    0.000000    0.000000    0.000000    0.000000    0.000000
   0.71824    4.914610    0.210970    0.210970    0.000000    1.018781    0.000000    0.000000    0.000000    0.000000    0.000000    0.000000
   0.72424    4.762694    0.184478    0.184478    0.000000    0.919319    0.000000    0.000000    0.000000    0.000000    0.000000    0.000000
   0.73024    4.683359    0.162551    0.162551    0.000000    0.840595    0.000000    0.000000    0.000000    0.000000    0.000000    0.000000
   0.73625    4.669111    0.145199    0.145199    0.000000    0.781965    0.000000    0.000000    0.000000    0.000000    0.000000    0.000000
   0.74225    4.709254    0.132307    0.132307    0.000000    0.742145    0.000000    0.000000    0.000000    0.000000    0.000000    0.000000
   0.74825    4.791133    0.123654    0.123654    0.000000    0.719404    0.000000    0.000000    0.000000    0.000000    0.000000    0.000000
   0.75425    4.901483    0.118943    0.118943    0.000000    0.711747    0.000000    0.000000    0.000000    0.000000    0.000000    0.000000
   0.76025    5.027728    0.117821    0.117821    0.000000    0.717097    0.000000    0.000000    0.000000    0.000000    0.000000    0.000000
   0.76626    5.159048    0.119898    0.119898    0.000000    0.733420    0.000000    0.000000    0.000000    0.000000    0.000000    0.000000
   0.77226    5.287102    0.124756    0.124756    0.000000    0.758820    0.000000    0.000000    0.000000    0.000000    0.000000    0.000000
   0.77826    5.406330    0.131953    0.131953    0.000000    0.791562    0.000000    0.000000    0.000000    0.000000    0.000000    0.000000
   0.78426    5.513844    0.141022    0.141022    0.000000    0.830064    0.000000    0.000000    0.000000    0.000000    0.000000    0.000000
   0.79026    5.608977    0.151471    0.151471    0.000000    0.872852    0.000000    0.000000    0.000000    0.000000    0.000000    0.000000
   0.79627    5.692625    0.162780    0.162780    0.000000    0.918510    0.000000    0.000000    0.000000    0.000000    0.000000    0.000000
   0.80227    5.766513    0.174409    0.174409    0.000000    0.965638    0.000000    0.000000    0.000000    0.000000    0.000000    0.000000
   0.80827    5.832541    0.185816    0.185816    0.000000    1.012850    0.000000    0.000000    0.000000    0.000000    0.000000    0.000000
   0.81427    5.892304    0.196485    0.196485    0.000000    1.058797    0.000000    0.000000    0.000000    0.000000    0.000000    0.000000
   0.82027    5.946849    0.205955    0.205955    0.000000    1.102237    0.000000    0.000000    0.000000    0.000000    0.000000    0.000000
   0.82628    5.996653    0.213868    0.213868    0.000000    1.142132    0.000000    0.000000    0.000000    0.000000    0.000000    0.000000
   0.83228    6.041793    0.220005    0.220005    0.000000    1.177746    0.000000    0.000000    0.000000    0.000000    0.000000    0.000000
   0.83828    6.082207    0.224324    0.224324    0.000000    1.208742    0.000000    0.000000    0.000000    0.000000    0.000000    0.000000
   0.84428    6.117983    0.226987    0.226987    0.000000    1.235259    0.000000    0.000000    0.000000    0.000000    0.000000    0.000000
   0.85028    6.149605    0.228373    0.228373    0.000000    1.257939    0.000000    0.000000    0.000000    0.000000    0.000000    0.000000
   0.85629    6.178129    0.229077    0.229077    0.000000    1.277937    0.000000    0.000000    0.000000    0.000000    0.000000    0.000000
   0.86229    6.205278    0.229897    0.229897    0.000000    1.296879    0.000000    0.000000    0.000000    0.000000    0.000000    0.000000
   0.86829    6.233481    0.231798    0.231798    0.000000    1.316801    0.000000    0.000000    0.000000    0.000000    0.000000    0.000000
   0.87429    6.265872    0.235867    0.235867    0.000000    1.340063    0.000000    0.000000    0.000000    0.000000    0.000000    0.000000
   0.88029    6.306256    0.243259    0.243259    0.000000    1.369240    0.000000    0.000000    0.000000    0.000000    0.000000    0.000000
   0.88630    6.359018    0.255118    0.255118    0.000000    1.406989    0.000000    0.000000    0.000000    0.000000    0.000000    0.000000
   0.89230    6.428946    0.272496    0.272496    0.000000    1.455882    0.000000    0.000000    0.000000    0.000000    0.000000    0.000000
   0.89830    6.520896    0.296259    0.296259    0.000000    1.518193    0.000000    0.000000    0.000000    0.000000    0.000000    0.000000
   0.90430    6.639265    0.326982    0.326982    0.000000    1.595643    0.000000    0.000000    0.000000    0.000000    0.000000    0.000000
   0.91030    6.787264    0.364846    0.364846    0.000000    1.689113    0.000000    0.000000    0.000000    0.000000    0.000000    0.000000
   0.91631    6.966041    0.409550    0.409550    0.000000    1.798337    0.000000    0.000000    0.000000    0.000000    0.000000    0.000000
   0.92231    7.173753    0.460234    0.460234    0.000000    1.921639    0.000000    0.000000    0.000000    0.000000    0.000000    0.000000
   0.92831    7.404758    0.515452    0.515452    0.000000    2.055734    0.000000    0.000000    0.000000    0.000000    0.000000    0.000000
   0.93431    7.649125    0.573184    0.573184    0.000000    2.195682    0.000000    0.000000    0.000000    0.000000    0.000000    0.000000
   0.94031    7.892603    0.630920    0.630920    0.000000    2.335007    0.000000    0.000000    0.000000    0.000000    0.000000    0.000000
   0.94632    8.117206    0.685797    0.685797    0.000000    2.466028    0.000000    0.000000    0.000000    0.000000    0.000000    0.000000
   0.95232    8.302409    0.734798    0.734798    0.000000    2.580385    0.000000    0.000000    0.000000    0.000000    0.000000    0.000000
   0.95832    8.426887    0.774982    0.774982    0.000000    2.669714    0.000000    0.000000    0.000000    0.000000    0.000000    0.000000
   0.96432    8.470595    0.803746    0.803746    0.000000    2.726415    0.000000    0.000000    0.000000    0.000000    0.000000    0.000000
   0.97032    8.416934    0.819054    0.819054    0.000000    2.744404    0.000000    0.000000    0.000000    0.000000    0.000000    0.000000
   0.97633    8.254681    0.819633    0.819633    0.000000    2.719749    0.000000    0.000000    0.000000    0.000000    0.000000    0.000000
   0.98233    7.979410    0.805102    0.805102    0.000000    2.651119    0.000000    0.000000    0.000000    0.000000    0.000000    0.000000
   0.98833    7.594191    0.776004    0.776004    0.000000    2.539956    0.000000    0.000000    0.000000    0.000000    0.000000    0.000000
   0.99433    7.109461    0.733755    0.733755    0.000000    2.390363    0.000000    0.000000    0.000000    0.000000    0.000000    0.000000
   1.00033    6.542083    0.680502    0.680502    0.000000    2.208721    0.000000    0.000000    0.000000    0.000000    0.000000    0.000000
   1.00634    5.913757    0.618925    0.618925    0.000000    2.003085    0.000000    0.000000    0.000000    0.000000    0.000000    0.000000
   1.01234    5.248982    0.551987    0.551987    0.000000    1.782444    0.000000    0.000000    0.000000    0.000000    0.000000    0.000000
   1.01834    4.572879    0.482687    0.482687    0.000000    1.555944    0.000000    0.000000    0.000000    0.000000    0.000000    0.000000
   1.02434    3.909135    0.413829    0.413829    0.000000    1.332167    0.000000    0.000000    0.000000    0.000000    0.000000    0.000000
   1.03034    3.278297    0.347835    0.347835    0.000000    1.118541    0.000000    0.000000    0.000000    0.000000    0.000000    0.000000
   1.03635    2.696590    0.286619    0.286619    0.000000    0.920931    0.000000    0.000000    0.000000    0.000000    0.000000    0.000000
   1.04235    2.175302    0.231529    0.231529    0.000000    0.743447    0.000000    0.000000    0.000000    0.000000    0.000000    0.000000
   1.04835    1.720738    0.183343    0.183343    0.000000    0.588428    0.000000    0.000000    0.000000    0.000000    0.000000    0.000000
   1.05435    1.334639    0.142322    0.142322    0.000000    0.456599    0.000000    0.000000    0.000000    0.000000    0.000000    0.000000
   1.06035    1.014934    0.108300    0.108300    0.000000    0.347343    0.000000    0.000000    0.000000    0.000000    0.000000    0.000000
   1.06636    0.756683    0.080783    0.080783    0.000000    0.259030    0.000000    0.000000    0.000000    0.000000    0.000000    0.000000
   1.07236    0.553064    0.059068    0.059068    0.000000    0.189366    0.000000    0.000000    0.000000    0.000000    0.000000    0.000000
   1.07836    0.396286    0.042337    0.042337    0.000000    0.135708    0.000000    0.000000    0.000000    0.000000    0.000000    0.000000
   1.08436    0.278358    0.029745    0.029745    0.000000    0.095335    0.000000    0.000000    0.000000    0.000000    0.000000    0.000000
   1.09036    0.191668    0.020485    0.020485    0.000000    0.065651    0.000000    0.000000    0.000000    0.000000    0.000000    0.000000
   1.09637    0.129373    0.013829    0.013829    0.000000    0.044317    0.000000    0.000000    0.000000    0.000000    0.000000    0.000000
   1.10237    0.085601    0.009151    0.009151    0.000000    0.029325    0.000000    0.000000    0.000000    0.000000    0.000000    0.000000
   1.10837    0.055520    0.005936    0.005936    0.000000    0.019021    0.000000    0.000000    0.000000    0.000000    0.000000    0.000000
   1.11437    0.035299    0.003774    0.003774    0.000000    0.012093    0.000000    0.000000    0.000000    0.000000    0.000000    0.000000
   1.12037    0.021999    0.002352    0.002352    0.000000    0.007537    0.000000    0.000000    0.000000    0.000000    0.000000    0.000000
   1.12638    0.013439    0.001437    0.001437    0.000000    0.004605    0.000000    0.000000    0.000000    0.000000    0.000000    0.000000
   1.13238    0.008048    0.000861    0.000861    0.000000    0.002758    0.000000    0.000000    0.000000    0.000000    0.000000    0.000000
   1.13838    0.004725    0.000505    0.000505    0.000000    0.001619    0.000000    0.000000    0.000000    0.000000    0.000000    0.000000
   1.14438    0.002721    0.000291    0.000291    0.000000    0.000932    0.000000    0.000000    0.000000    0.000000    0.000000    0.000000
   1.15038    0.001540    0.000164    0.000164    0.000000    0.000527    0.000000    0.000000    0.000000    0.000000    0.000000    0.000000
   1.15639    0.000861    0.000091    0.000091    0.000000    0.000295    0.000000    0.000000    0.000000    0.000000    0.000000    0.000000
   1.16239    0.000488    0.000050    0.000050    0.000000    0.000166    0.000000    0.000000    0.000000    0.000000    0.000000    0.000000
   1.16839    0.000302    0.000029    0.000029    0.000000    0.000101    0.000000    0.000000    0.000000    0.000000    0.000000    0.000000
   1.17439    0.000241    0.000019    0.000019    0.000000    0.000078    0.000000    0.000000    0.000000    0.000000    0.000000    0.000000
   1.18039    0.000286    0.000017    0.000017    0.000000    0.000089    0.000000    0.000000    0.000000    0.000000    0.000000    0.000000
   1.18640    0.000452    0.000022    0.000022    0.000000    0.000137    0.000000    0.000000    0.000000    0.000000    0.000000    0.000000
   1.19240    0.000797    0.000037    0.000037    0.000000    0.000240    0.000000    0.000000    0.000000    0.000000    0.000000    0.000000
   1.19840    0.001433    0.000065    0.000065    0.000000    0.000430    0.000000    0.000000    0.000000    0.000000    0.000000    0.000000
   1.20440    0.002554    0.000115    0.000115    0.000000    0.000764    0.000000    0.000000    0.000000    0.000000    0.000000    0.000000
   1.21040    0.004478    0.000201    0.000201    0.000000    0.001336    0.000000    0.000000    0.000000    0.000000    0.000000    0.000000
   1.21641    0.007701    0.000345    0.000345    0.000000    0.002292    0.000000    0.000000    0.000000    0.000000    0.000000    0.000000
   1.22241    0.012991    0.000579    0.000579    0.000000    0.003857    0.000000    0.000000    0.000000    0.000000    0.000000    0.000000
   1.22841    0.021488    0.000955    0.000955    0.000000    0.006364    0.000000    0.000000    0.000000    0.000000    0.000000    0.000000
   1.23441    0.034851    0.001545    0.001545    0.000000    0.010295    0.000000    0.000000    0.000000    0.000000    0.000000    0.000000
   1.24041    0.055425    0.002448    0.002448    0.000000    0.016328    0.000000    0.000000    0.000000    0.000000    0.000000    0.000000
   1.24642    0.086432    0.003804    0.003804    0.000000    0.025389    0.000000    0.000000    0.000000    0.000000    0.000000    0.000000
   1.25242    0.132169    0.005794    0.005794    0.000000    0.038704    0.000000    0.000000    0.000000    0.000000    0.000000    0.000000
   1.25842    0.198186    0.008654    0.008654    0.000000    0.057851    0.000000    0.000000    0.000000    0.000000    0.000000    0.000000
   1.26442    0.291420    0.012671    0.012671    0.000000    0.084778    0.000000    0.000000    0.000000    0.000000    0.000000    0.000000
   1.27042    0.420219    0.018191    0.018191    0.000000    0.121814    0.000000    0.000000    0.000000    0.000000    0.000000    0.000000
   1.27643    0.594228    0.025604    0.025604    0.000000    0.171614    0.000000    0.000000    0.000000    0.000000    0.000000    0.000000
   1.28243    0.824064    0.035334    0.035334    0.000000    0.237061    0.000000    0.000000    0.000000    0.000000    0.000000    0.000000
   1.28843    1.120756    0.047809    0.047809    0.000000    0.321090    0.000000    0.000000    0.000000    0.000000    0.000000    0.000000
   1.29443    1.494913    0.063426    0.063426    0.000000    0.426444    0.000000    0.000000    0.000000    0.000000    0.000000    0.000000
   1.30043    1.955642    0.082504    0.082504    0.000000    0.555364    0.000000    0.000000    0.000000    0.000000    0.000000    0.000000
   1.30644    2.509266    0.105232    0.105232    0.000000    0.709227    0.000000    0.000000    0.000000    0.000000    0.000000    0.000000
   1.31244    3.157958    0.131610    0.131610    0.000000    0.888180    0.000000    0.000000    0.000000    0.000000    0.000000    0.000000
   1.31844    3.898427    0.161406    0.161406    0.000000    1.090791    0.000000    0.000000    0.000000    0.000000    0.000000    0.000000
   1.32444    4.720861    0.194111    0.194111    0.000000    1.313801    0.000000    0.000000    0.000000    0.000000    0.000000    0.000000
   1.33044    5.608319    0.228931    0.228931    0.000000    1.552002    0.000000    0.000000    0.000000    0.000000    0.000000    0.000000
   1.33645    6.536755    0.264794    0.264794    0.000000    1.798306    0.000000    0.000000    0.000000    0.000000    0.000000    0.000000
   1.34245    7.475806    0.300394    0.300394    0.000000    2.044032    0.000000    0.000000    0.000000    0.000000    0.000000    0.000000
   1.34845    8.390379    0.334269    0.334269    0.000000    2.279403    0.000000    0.000000    0.000000    0.000000    0.000000    0.000000
   1.35445    9.242975    0.364903    0.364903    0.000000    2.494237    0.000000    0.000000    0.000000    0.000000    0.000000    0.000000
   1.36045    9.996565    0.390844    0.390844    0.000000    2.678760    0.000000    0.000000    0.000000    0.000000    0.000000    0.000000
   1.36646   10.617717    0.410833    0.410833    0.000000    2.824462    0.000000    0.000000    0.000000    0.000000    0.000000    0.000000
   1.37246   11.079625    0.423920    0.423920    0.000000    2.924893    0.000000    0.000000    0.000000    0.000000    0.000000    0.000000
   1.37846   11.364644    0.429555    0.429555    0.000000    2.976285    0.000000    0.000000    0.000000    0.000000    0.000000    0.000000
   1.38446   11.465993    0.427638    0.427638    0.000000    2.977927    0.000000    0.000000    0.000000    0.000000    0.000000    0.000000
   1.39046   11.388368    0.418535    0.418535    0.000000    2.932228    0.000000    0.000000    0.000000    0.000000    0.000000    0.000000
   1.39647   11.147351    0.403034    0.403034    0.000000    2.844449    0.000000    0.000000    0.000000    0.000000    0.000000    0.000000
   1.40247   10.767678    0.382264    0.382264    0.000000    2.722146    0.000000    0.000000    0.000000    0.000000    0.000000    0.000000
   1.40847   10.280564    0.357583    0.357583    0.000000    2.574379    0.000000    0.000000    0.000000    0.000000    0.000000    0.000000
   1.41447    9.720440    0.330450    0.330450    0.000000    2.410796    0.000000    0.000000    0.000000    0.000000    0.000000    0.000000
   1.42047    9.121518    0.302287    0.302287    0.000000    2.240715    0.000000    0.000000    0.000000    0.000000    0.000000    0.000000
   1.42648    8.514616    0.274363    0.274363    0.000000    2.072298    0.000000    0.000000    0.000000    0.000000    0.000000    0.000000
   1.43248    7.924640    0.247709    0.247709    0.000000    1.911935    0.000000    0.000000    0.000000    0.000000    0.000000    0.000000
   1.43848    7.368978    0.223054    0.223054    0.000000    1.763883    0.000000    0.000000    0.000000    0.000000    0.000000    0.000000
   1.44448    6.856955    0.200817    0.200817    0.000000    1.630186    0.000000    0.000000    0.000000    0.000000    0.000000    0.000000
   1.45048    6.390311    0.181122    0.181122    0.000000    1.510865    0.000000    0.000000    0.000000    0.000000    0.000000    0.000000
   1.45649    5.964545    0.163850    0.163850    0.000000    1.404316    0.000000    0.000000    0.000000    0.000000    0.000000    0.000000
   1.46249    5.570845    0.148703    0.148703    0.000000    1.307847    0.000000    0.000000    0.000000    0.000000    0.000000    0.000000
   1.46849    5.198285    0.135284    0.135284    0.000000    1.218268    0.000000    0.000000    0.000000    0.000000    0.000000    0.000000
   1.47449    4.835954    0.123169    0.123169    0.000000    1.132440    0.000000    0.000000    0.000000    0.000000    0.000000    0.000000
   1.48049    4.474738    0.111964    0.111964    0.000000    1.047734    0.000000    0.000000    0.000000    0.000000    0.000000    0.000000
   1.48650    4.108564    0.101356    0.101356    0.000000    0.962337    0.000000    0.000000    0.000000    0.000000    0.000000    0.000000
   1.49250    3.735009    0.091132    0.091132    0.000000    0.875398    0.000000    0.000000    0.000000    0.000000    0.000000    0.000000
   1.49850    3.355299    0.081188    0.081188    0.000000    0.787019    0.000000    0.000000    0.000000    0.000000    0.000000    0.000000
   1.50450    2.973786    0.071520    0.071520    0.000000    0.698116    0.000000    0.000000    0.000000    0.000000    0.000000    0.000000
   1.51050    2.597082    0.062201    0.062201    0.000000    0.610198    0.000000    0.000000    0.000000    0.000000    0.000000    0.000000
   1.51651    2.233033    0.053357    0.053357    0.000000    0.525109    0.000000    0.000000    0.000000    0.000000    0.000000    0.000000
   1.52251    1.889709    0.045142    0.045142    0.000000    0.444777    0.000000    0.000000    0.000000    0.000000    0.000000    0.000000
   1.52851    1.574574    0.037717    0.037717    0.000000    0.371005    0.000000    0.000000    0.000000    0.000000    0.000000    0.000000
   1.53451    1.293921    0.031236    0.031236    0.000000    0.305341    0.000000    0.000000    0.000000    0.000000    0.000000    0.000000
   1.54051    1.052623    0.025842    0.025842    0.000000    0.249006    0.000000    0.000000    0.000000    0.000000    0.000000    0.000000
   1.54652    0.854175    0.021669    0.021669    0.000000    0.202914    0.000000    0.000000    0.000000    0.000000    0.000000    0.000000
   1.55252    0.700993    0.018853    0.018853    0.000000    0.167745    0.000000    0.000000    0.000000    0.000000    0.000000    0.000000
   1.55852    0.594860    0.017545    0.017545    0.000000    0.144047    0.000000    0.000000    0.000000    0.000000    0.000000    0.000000
   1.56452    0.537433    0.017931    0.017931    0.000000    0.132372    0.000000    0.000000    0.000000    0.000000    0.000000    0.000000
   1.57052    0.530710    0.020240    0.020240    0.000000    0.133376    0.000000    0.000000    0.000000    0.000000    0.000000    0.000000
   1.57653    0.577350    0.024756    0.024756    0.000000    0.147903    0.000000    0.000000    0.000000    0.000000    0.000000    0.000000
   1.58253    0.680797    0.031815    0.031815    0.000000    0.177004    0.000000    0.000000    0.000000    0.000000    0.000000    0.000000
   1.58853    0.845126    0.041790    0.041790    0.000000    0.221890    0.000000    0.000000    0.000000    0.000000    0.000000    0.000000
   1.59453    1.074632    0.055068    0.055068    0.000000    0.283819    0.000000    0.000000    0.000000    0.000000    0.000000    0.000000
   1.60053    1.373145    0.072009    0.072009    0.000000    0.363907    0.000000    0.000000    0.000000    0.000000    0.000000    0.000000
   1.60654    1.743161    0.092895    0.092895    0.000000    0.462889    0.000000    0.000000    0.000000    0.000000    0.000000    0.000000
   1.61254    2.184861    0.117871    0.117871    0.000000    0.580854    0.000000    0.000000    0.000000    0.000000    0.000000    0.000000
   1.61854    2.695170    0.146887    0.146887    0.000000    0.716983    0.000000    0.000000    0.000000    0.000000    0.000000    0.000000
   1.62454    3.266998    0.179644    0.179644    0.000000    0.869334    0.000000    0.000000    0.000000    0.000000    0.000000    0.000000
   1.63054    3.888830    0.215562    0.215562    0.000000    1.034716    0.000000    0.000000    0.000000    0.000000    0.000000    0.000000
   1.63655    4.544804    0.253764    0.253764    0.000000    1.208697    0.000000    0.000000    0.000000    0.000000    0.000000    0.000000
   1.64255    5.215355    0.293104    0.293104    0.000000    1.385754    0.000000    0.000000    0.000000    0.000000    0.000000    0.000000
   1.64855    5.878468    0.332222    0.332222    0.000000    1.559592    0.000000    0.000000    0.000000    0.000000    0.000000    0.000000
   1.65455    6.511439    0.369634    0.369634    0.000000    1.723610    0.000000    0.000000    0.000000    0.000000    0.000000    0.000000
   1.66055    7.093000    0.403858    0.403858    0.000000    1.871467    0.000000    0.000000    0.000000    0.000000    0.000000    0.000000
   1.66656    7.605548    0.433547    0.433547    0.000000    1.997692    0.000000    0.000000    0.000000    0.000000    0.000000    0.000000
   1.67256    8.037183    0.457630    0.457630    0.000000    2.098263    0.000000    0.000000    0.000000    0.000000    0.000000    0.000000
   1.67856    8.383252    0.475428    0.475428    0.000000    2.171073    0.000000    0.000000    0.000000    0.000000    0.000000    0.000000
   1.68456    8.647136    0.486746    0.486746    0.000000    2.216211    0.000000    0.000000    0.000000    0.000000    0.000000    0.000000
   1.69056    8.840115    0.491913    0.491913    0.000000    2.236018    0.000000    0.000000    0.000000    0.000000    0.000000    0.000000
   1.69657    8.980266    0.491766    0.491766    0.000000    2.234886    0.000000    0.000000    0.000000    0.000000    0.000000    0.000000
   1.70257    9.090513    0.487587    0.487587    0.000000    2.218839    0.000000    0.000000    0.000000    0.000000    0.000000    0.000000
   1.70857    9.196047    0.480987    0.480987    0.000000    2.194927    0.000000    0.000000    0.000000    0.000000    0.000000    0.000000
   1.71457    9.321477    0.473763    0.473763    0.000000    2.170522    0.000000    0.000000    0.000000    0.000000    0.000000    0.000000
   1.72057    9.488080    0.467735    0.467735    0.000000    2.152597    0.000000    0.000000    0.000000    0.000000    0.000000    0.000000
   1.72658    9.711518    0.464588    0.464588    0.000000    2.147079    0.000000    0.000000    0.000000    0.000000    0.000000    0.000000
   1.73258   10.000313    0.465728    0.465728    0.000000    2.158349    0.000000    0.000000    0.000000    0.000000    0.000000    0.000000
   1.73858   10.355245    0.472177    0.472177    0.000000    2.188932    0.000000    0.000000    0.000000    0.000000    0.000000    0.000000
   1.74458   10.769697    0.484498    0.484498    0.000000    2.239398    0.000000    0.000000    0.000000    0.000000    0.000000    0.000000
   1.75058   11.230818    0.502764    0.502764    0.000000    2.308452    0.000000    0.000000    0.000000    0.000000    0.000000    0.000000
   1.75659   11.721296    0.526568    0.526568    0.000000    2.393194    0.000000    0.000000    0.000000    0.000000    0.000000    0.000000
   1.76259   12.221437    0.555063    0.555063    0.000000    2.489487    0.000000    0.000000    0.000000    0.000000    0.000000    0.000000
   1.76859   12.711269    0.587031    0.587031    0.000000    2.592389    0.000000    0.000000    0.000000    0.000000    0.000000    0.000000
   1.77459   13.172390    0.620972    0.620972    0.000000    2.696588    0.000000    0.000000    0.000000    0.000000    0.000000    0.000000
   1.78059   13.589408    0.655214    0.655214    0.000000    2.796828    0.000000    0.000000    0.000000    0.000000    0.000000    0.000000
   1.78660   13.950854    0.688025    0.688025    0.000000    2.888278    0.000000    0.000000    0.000000    0.000000    0.000000    0.000000
   1.79260   14.249569    0.717738    0.717738    0.000000    2.966840    0.000000    0.000000    0.000000    0.000000    0.000000    0.000000
   1.79860   14.482620    0.742866    0.742866    0.000000    3.029382    0.000000    0.000000    0.000000    0.000000    0.000000    0.000000
   1.80460   14.650826    0.762211    0.762211    0.000000    3.073896    0.000000    0.000000    0.000000    0.000000    0.000000    0.000000
   1.81060   14.758012    0.774947    0.774947    0.000000    3.099565    0.000000    0.000000    0.000000    0.000000    0.000000    0.000000
   1.81661   14.810072    0.780676    0.780676    0.000000    3.106736    0.000000    0.000000    0.000000    0.000000    0.000000    0.000000
   1.82261   14.813936    0.779438    0.779438    0.000000    3.096792    0.000000    0.000000    0.000000    0.000000    0.000000    0.000000
   1.82861   14.776506    0.771687    0.771687    0.000000    3.071926    0.000000    0.000000    0.000000    0.000000    0.000000    0.000000
   1.83461   14.703646    0.758215    0.758215    0.000000    3.034832    0.000000    0.000000    0.000000    0.000000    0.000000    0.000000
   1.84061   14.599291    0.740049    0.740049    0.000000    2.988340    0.000000    0.000000    0.000000    0.000000    0.000000    0.000000
   1.84662   14.464775    0.718318    0.718318    0.000000    2.935033    0.000000    0.000000    0.000000    0.000000    0.000000    0.000000
   1.85262   14.298469    0.694124    0.694124    0.000000    2.876906    0.000000    0.000000    0.000000    0.000000    0.000000    0.000000
   1.85862   14.095796    0.668417    0.668417    0.000000    2.815105    0.000000    0.000000    0.000000    0.000000    0.000000    0.000000
   1.86462   13.849677    0.641912    0.641912    0.000000    2.749795    0.000000    0.000000    0.000000    0.000000    0.000000    0.000000
   1.87062   13.551395    0.615035    0.615035    0.000000    2.680189    0.000000    0.000000    0.000000    0.000000    0.000000    0.000000
   1.87663   13.191809    0.587925    0.587925    0.000000    2.604719    0.000000    0.000000    0.000000    0.000000    0.000000    0.000000
   1.88263   12.762776    0.560478    0.560478    0.000000    2.521345    0.000000    0.000000    0.000000    0.000000    0.000000    0.000000
   1.88863   12.258612    0.532424    0.532424    0.000000    2.427950    0.000000    0.000000    0.000000    0.000000    0.000000    0.000000
   1.89463   11.677369    0.503430    0.503430    0.000000    2.322751    0.000000    0.000000    0.000000    0.000000    0.000000    0.000000
   1.90063   11.021752    0.473193    0.473193    0.000000    2.204680    0.000000    0.000000    0.000000    0.000000    0.000000    0.000000
   1.90664   10.299516    0.441537    0.441537    0.000000    2.073655    0.000000    0.000000    0.000000    0.000000    0.000000    0.000000
   1.91264    9.523269    0.408467    0.408467    0.000000    1.930722    0.000000    0.000000    0.000000    0.000000    0.000000    0.000000
   1.91864    8.709692    0.374200    0.374200    0.000000    1.778032    0.000000    0.000000    0.000000    0.000000    0.000000    0.000000
   1.92464    7.878268    0.339154    0.339154    0.000000    1.618675    0.000000    0.000000    0.000000    0.000000    0.000000    0.000000
   1.93064    7.049682    0.303911    0.303911    0.000000    1.456390    0.000000    0.000000    0.000000    0.000000    0.000000    0.000000
   1.93665    6.244115    0.269149    0.269149    0.000000    1.295202    0.000000    0.000000    0.000000    0.000000    0.000000    0.000000
   1.94265    5.479634    0.235574    0.235574    0.000000    1.139045    0.000000    0.000000    0.000000    0.000000    0.000000    0.000000
   1.94865    4.770873    0.203845    0.203845    0.000000    0.991416    0.000000    0.000000    0.000000    0.000000    0.000000    0.000000
   1.95465    4.128167    0.174510    0.174510    0.000000    0.855100    0.000000    0.000000    0.000000    0.000000    0.000000    0.000000
   1.96065    3.557182    0.147969    0.147969    0.000000    0.732008    0.000000    0.000000    0.000000    0.000000    0.000000    0.000000
   1.96666    3.059056    0.124448    0.124448    0.000000    0.623123    0.000000    0.000000    0.000000    0.000000    0.000000    0.000000
   1.97266    2.630980    0.104002    0.104002    0.000000    0.528551    0.000000    0.000000    0.000000    0.000000    0.000000    0.000000
   1.97866    2.267089    0.086533    0.086533    0.000000    0.447654    0.000000    0.000000    0.000000    0.000000    0.000000    0.000000
   1.98466    1.959533    0.071825    0.071825    0.000000    0.379246    0.000000    0.000000    0.000000    0.000000    0.000000    0.000000
   1.99066    1.699563    0.059581    0.059581    0.000000    0.321803    0.000000    0.000000    0.000000    0.000000    0.000000    0.000000
   1.99667    1.478513    0.049462    0.049462    0.000000    0.273671    0.000000    0.000000    0.000000    0.000000    0.000000    0.000000
   2.00267    1.288592    0.041124    0.041124    0.000000    0.233241    0.000000    0.000000    0.000000    0.000000    0.000000    0.000000
   2.00867    1.123421    0.034247    0.034247    0.000000    0.199085    0.000000    0.000000    0.000000    0.000000    0.000000    0.000000
   2.01467    0.978320    0.028551    0.028551    0.000000    0.170037    0.000000    0.000000    0.000000    0.000000    0.000000    0.000000
   2.02067    0.850372    0.023807    0.023807    0.000000    0.145235    0.000000    0.000000    0.000000    0.000000    0.000000    0.000000
   2.02668    0.738317    0.019843    0.019843    0.000000    0.124117    0.000000    0.000000    0.000000    0.000000    0.000000    0.000000
   2.03268    0.642328    0.016531    0.016531    0.000000    0.106397    0.000000    0.000000    0.000000    0.000000    0.000000    0.000000
   2.03868    0.563746    0.013791    0.013791    0.000000    0.092022    0.000000    0.000000    0.000000    0.000000    0.000000    0.000000
   2.04468    0.504802    0.011574    0.011574    0.000000    0.081125    0.000000    0.000000    0.000000    0.000000    0.000000    0.000000
   2.05068    0.468361    0.009856    0.009856    0.000000    0.073977    0.000000    0.000000    0.000000    0.000000    0.000000    0.000000
   2.05669    0.457691    0.008630    0.008630    0.000000    0.070941    0.000000    0.000000    0.000000    0.000000    0.000000    0.000000
   2.06269    0.476239    0.007898    0.007898    0.000000    0.072435    0.000000    0.000000    0.000000    0.000000    0.000000    0.000000
   2.06869    0.527392    0.007668    0.007668    0.000000    0.078887    0.000000    0.000000    0.000000    0.000000    0.000000    0.000000
   2.07469    0.614203    0.007947    0.007947    0.000000    0.090690    0.000000    0.000000    0.000000    0.000000    0.000000    0.000000
   2.08069    0.739046    0.008736    0.008736    0.000000    0.108146    0.000000    0.000000    0.000000    0.000000    0.000000    0.000000
   2.08670    0.903224    0.010028    0.010028    0.000000    0.131412    0.000000    0.000000    0.000000    0.000000    0.000000    0.000000
   2.09270    1.106516    0.011800    0.011800    0.000000    0.160429    0.000000    0.000000    0.000000    0.000000    0.000000    0.000000
   2.09870    1.346747    0.014015    0.014015    0.000000    0.194860    0.000000    0.000000    0.000000    0.000000    0.000000    0.000000
   2.10470    1.619410    0.016612    0.016612    0.000000    0.234036    0.000000    0.000000    0.000000    0.000000    0.000000    0.000000
   2.11070    1.917431    0.019506    0.019506    0.000000    0.276920    0.000000    0.000000    0.000000    0.000000    0.000000    0.000000
   2.11671    2.231156    0.022589    0.022589    0.000000    0.322107    0.000000    0.000000    0.000000    0.000000    0.000000    0.000000
   2.12271    2.548601    0.025734    0.025734    0.000000    0.367857    0.000000    0.000000    0.000000    0.000000    0.000000    0.000000
   2.12871    2.856006    0.028794    0.028794    0.000000    0.412177    0.000000    0.000000    0.000000    0.000000    0.000000    0.000000
   2.13471    3.138665    0.031616    0.031616    0.000000    0.452939    0.000000    0.000000    0.000000    0.000000    0.000000    0.000000
   2.14071    3.381979    0.034050    0.034050    0.000000    0.488033    0.000000    0.000000    0.000000    0.000000    0.000000    0.000000
   2.14672    3.572623    0.035960    0.035960    0.000000    0.515532    0.000000    0.000000    0.000000    0.000000    0.000000    0.000000
   2.15272    3.699697    0.037234    0.037234    0.000000    0.533862    0.000000    0.000000    0.000000    0.000000    0.000000    0.000000
   2.15872    3.755720    0.037795    0.037795    0.000000    0.541942    0.000000    0.000000    0.000000    0.000000    0.000000    0.000000
   2.16472    3.737336    0.037610    0.037610    0.000000    0.539286    0.000000    0.000000    0.000000    0.000000    0.000000    0.000000
   2.17072    3.645634    0.036689    0.036689    0.000000    0.526051    0.000000    0.000000    0.000000    0.000000    0.000000    0.000000
   2.17673    3.486048    0.035088    0.035088    0.000000    0.503020    0.000000    0.000000    0.000000    0.000000    0.000000    0.000000
   2.18273    3.267845    0.032901    0.032901    0.000000    0.471528    0.000000    0.000000    0.000000    0.000000    0.000000    0.000000
   2.18873    3.003275    0.030254    0.030254    0.000000    0.433341    0.000000    0.000000    0.000000    0.000000    0.000000    0.000000
   2.19473    2.706507    0.027295    0.027295    0.000000    0.390501    0.000000    0.000000    0.000000    0.000000    0.000000    0.000000
   2.20073    2.392483    0.024179    0.024179    0.000000    0.345160    0.000000    0.000000    0.000000    0.000000    0.000000    0.000000
   2.20674    2.075854    0.021066    0.021066    0.000000    0.299422    0.000000    0.000000    0.000000    0.000000    0.000000    0.000000
   2.21274    1.770097    0.018105    0.018105    0.000000    0.255223    0.000000    0.000000    0.000000    0.000000    0.000000    0.000000
   2.21874    1.486925    0.015436    0.015436    0.000000    0.214234    0.000000    0.000000    0.000000    0.000000    0.000000    0.000000
   2.22474    1.236022    0.013186    0.013186    0.000000    0.177827    0.000000    0.000000    0.000000    0.000000    0.000000    0.000000
   2.23074    1.025096    0.011475    0.011475    0.000000    0.147077    0.000000    0.000000    0.000000    0.000000    0.000000    0.000000
   2.23675    0.860185    0.010417    0.010417    0.000000    0.122805    0.000000    0.000000    0.000000    0.000000    0.000000    0.000000
   2.24275    0.746162    0.010127    0.010127    0.000000    0.105643    0.000000    0.000000    0.000000    0.000000    0.000000    0.000000
   2.24875    0.687285    0.010733    0.010733    0.000000    0.096112    0.000000    0.000000    0.000000    0.000000    0.000000    0.000000
   2.25475    0.687723    0.012373    0.012373    0.000000    0.094692    0.000000    0.000000    0.000000    0.000000    0.000000    0.000000
   2.26075    0.751917    0.015200    0.015200    0.000000    0.101872    0.000000    0.000000    0.000000    0.000000    0.000000    0.000000
   2.26676    0.884712    0.019375    0.019375    0.000000    0.118165    0.000000    0.000000    0.000000    0.000000    0.000000    0.000000
   2.27276    1.091184    0.025059    0.025059    0.000000    0.144087    0.000000    0.000000    0.000000    0.000000    0.000000    0.000000
   2.27876    1.376158    0.032396    0.032396    0.000000    0.180086    0.000000    0.000000    0.000000    0.000000    0.000000    0.000000
   2.28476    1.743428    0.041490    0.041490    0.000000    0.226445    0.000000    0.000000    0.000000    0.000000    0.000000    0.000000
   2.29076    2.194766    0.052380    0.052380    0.000000    0.283148    0.000000    0.000000    0.000000    0.000000    0.000000    0.000000
   2.29677    2.728824    0.065016    0.065016    0.000000    0.349745    0.000000    0.000000    0.000000    0.000000    0.000000    0.000000
   2.30277    3.340087    0.079234    0.079234    0.000000    0.425228    0.000000    0.000000    0.000000    0.000000    0.000000    0.000000
   2.30877    4.018053    0.094743    0.094743    0.000000    0.507940    0.000000    0.000000    0.000000    0.000000    0.000000    0.000000
   2.31477    4.746809    0.111119    0.111119    0.000000    0.595549    0.000000    0.000000    0.000000    0.000000    0.000000    0.000000
   2.32077    5.505155    0.127818    0.127818    0.000000    0.685098    0.000000    0.000000    0.000000    0.000000    0.000000    0.000000
   2.32678    6.267350    0.144201    0.144201    0.000000    0.773136    0.000000    0.000000    0.000000    0.000000    0.000000    0.000000
   2.33278    7.004510    0.159577    0.159577    0.000000    0.855942    0.000000    0.000000    0.000000    0.000000    0.000000    0.000000
   2.33878    7.686556    0.173257    0.173257    0.000000    0.929801    0.000000    0.000000    0.000000    0.000000    0.000000    0.000000
   2.34478    8.284547    0.184613    0.184613    0.000000    0.991331    0.000000    0.000000    0.000000    0.000000    0.000000    0.000000
   2.35078    8.773150    0.193143    0.193143    0.000000    1.037806    0.000000    0.000000    0.000000    0.000000    0.000000    0.000000
   2.35679    9.132934    0.198519    0.198519    0.000000    1.067426    0.000000    0.000000    0.000000    0.000000    0.000000    0.000000
   2.36279    9.352207    0.200623    0.200623    0.000000    1.079526    0.000000    0.000000    0.000000    0.000000    0.000000    0.000000
   2.36879    9.428125    0.199568    0.199568    0.000000    1.074649    0.000000    0.000000    0.000000    0.000000    0.000000    0.000000
   2.37479    9.366914    0.195682    0.195682    0.000000    1.054503    0.000000    0.000000    0.000000    0.000000    0.000000    0.000000
   2.38079    9.183134    0.189479    0.189479    0.000000    1.021787    0.000000    0.000000    0.000000    0.000000    0.000000    0.000000
   2.38680    8.898077    0.181599    0.181599    0.000000    0.979902    0.000000    0.000000    0.000000    0.000000    0.000000    0.000000
   2.39280    8.537474    0.172748    0.172748    0.000000    0.932587    0.000000    0.000000    0.000000    0.000000    0.000000    0.000000
   2.39880    8.128808    0.163617    0.163617    0.000000    0.883534    0.000000    0.000000    0.000000    0.000000    0.000000    0.000000
   2.40480    7.698558    0.154815    0.154815    0.000000    0.836010    0.000000    0.000000    0.000000    0.000000    0.000000    0.000000
   2.41080    7.269730    0.146813    0.146813    0.000000    0.792554    0.000000    0.000000    0.000000    0.000000    0.000000    0.000000
   2.41681    6.859946    0.139903    0.139903    0.000000    0.754768    0.000000    0.000000    0.000000    0.000000    0.000000    0.000000
   2.42281    6.480310    0.134186    0.134186    0.000000    0.723237    0.000000    0.000000    0.000000    0.000000    0.000000    0.000000
   2.42881    6.135149    0.129580    0.129580    0.000000    0.697568    0.000000    0.000000    0.000000    0.000000    0.000000    0.000000
   2.43481    5.822572    0.125846    0.125846    0.000000    0.676548    0.000000    0.000000    0.000000    0.000000    0.000000    0.000000
   2.44081    5.535751    0.122641    0.122641    0.000000    0.658382    0.000000    0.000000    0.000000    0.000000    0.000000    0.000000
   2.44682    5.264659    0.119565    0.119565    0.000000    0.640986    0.000000    0.000000    0.000000    0.000000    0.000000    0.000000
   2.45282    4.998019    0.116226    0.116226    0.000000    0.622283    0.000000    0.000000    0.000000    0.000000    0.000000    0.000000
   2.45882    4.725191    0.112281    0.112281    0.000000    0.600472    0.000000    0.000000    0.000000    0.000000    0.000000    0.000000
   2.46482    4.437736    0.107481    0.107481    0.000000    0.574238    0.000000    0.000000    0.000000    0.000000    0.000000    0.000000
   2.47082    4.130506    0.101696    0.101696    0.000000    0.542874    0.000000    0.000000    0.000000    0.000000    0.000000    0.000000
   2.47683    3.802157    0.094915    0.094915    0.000000    0.506325    0.000000    0.000000    0.000000    0.000000    0.000000    0.000000
   2.48283    3.455096    0.087244    0.087244    0.000000    0.465141    0.000000    0.000000    0.000000    0.000000    0.000000    0.000000
   2.48883    3.094943    0.078882    0.078882    0.000000    0.420368    0.000000    0.000000    0.000000    0.000000    0.000000    0.000000
   2.49483    2.729642    0.070092    0.070092    0.000000    0.373391    0.000000    0.000000    0.000000    0.000000    0.000000    0.000000
   2.50083    2.368410    0.061168    0.061168    0.000000    0.325759    0.000000    0.000000    0.000000    0.000000    0.000000    0.000000
   2.50684    2.020672    0.052403    0.052403    0.000000    0.279021    0.000000    0.000000    0.000000    0.000000    0.000000    0.000000
   2.51284    1.695152    0.044063    0.044063    0.000000    0.234579    0.000000    0.000000    0.000000    0.000000    0.000000    0.000000
   2.51884    1.399219    0.036366    0.036366    0.000000    0.193587    0.000000    0.000000    0.000000    0.000000    0.000000    0.000000
   2.52484    1.138526    0.029474    0.029474    0.000000    0.156897    0.000000    0.000000    0.000000    0.000000    0.000000    0.000000
   2.53084    0.916975    0.023489    0.023489    0.000000    0.125045    0.000000    0.000000    0.000000    0.000000    0.000000    0.000000
   2.53685    0.736936    0.018459    0.018459    0.000000    0.098281    0.000000    0.000000    0.000000    0.000000    0.000000    0.000000
   2.54285    0.599671    0.014390    0.014390    0.000000    0.076628    0.000000    0.000000    0.000000    0.000000    0.000000    0.000000
   2.54885    0.505869    0.011259    0.011259    0.000000    0.059951    0.000000    0.000000    0.000000    0.000000    0.000000    0.000000
   2.55485    0.456189    0.009033    0.009033    0.000000    0.048045    0.000000    0.000000    0.000000    0.000000    0.000000    0.000000
   2.56085    0.451738    0.007677    0.007677    0.000000    0.040709    0.000000    0.000000    0.000000    0.000000    0.000000    0.000000
   2.56686    0.494412    0.007176    0.007176    0.000000    0.037809    0.000000    0.000000    0.000000    0.000000    0.000000    0.000000
   2.57286    0.587029    0.007534    0.007534    0.000000    0.039330    0.000000    0.000000    0.000000    0.000000    0.000000    0.000000
   2.57886    0.733233    0.008789    0.008789    0.000000    0.045399    0.000000    0.000000    0.000000    0.000000    0.000000    0.000000
   2.58486    0.937156    0.011006    0.011006    0.000000    0.056284    0.000000    0.000000    0.000000    0.000000    0.000000    0.000000
   2.59086    1.202849    0.014274    0.014274    0.000000    0.072380    0.000000    0.000000    0.000000    0.000000    0.000000    0.000000
   2.59687    1.533524    0.018698    0.018698    0.000000    0.094155    0.000000    0.000000    0.000000    0.000000    0.000000    0.000000
   2.60287    1.930682    0.024378    0.024378    0.000000    0.122087    0.000000    0.000000    0.000000    0.000000    0.000000    0.000000
   2.60887    2.393210    0.031398    0.031398    0.000000    0.156582    0.000000    0.000000    0.000000    0.000000    0.000000    0.000000
   2.61487    2.916577    0.039799    0.039799    0.000000    0.197881    0.000000    0.000000    0.000000    0.000000    0.000000    0.000000
   2.62087    3.492240    0.049560    0.049560    0.000000    0.245970    0.000000    0.000000    0.000000    0.000000    0.000000    0.000000
   2.62688    4.107383    0.060578    0.060578    0.000000    0.300497    0.000000    0.000000    0.000000    0.000000    0.000000    0.000000
   2.63288    4.745070    0.072654    0.072654    0.000000    0.360717    0.000000    0.000000    0.000000    0.000000    0.000000    0.000000
   2.63888    5.384862    0.085490    0.085490    0.000000    0.425459    0.000000    0.000000    0.000000    0.000000    0.000000    0.000000
   2.64488    6.003895    0.098691    0.098691    0.000000    0.493147    0.000000    0.000000    0.000000    0.000000    0.000000    0.000000
   2.65088    6.578325    0.111780    0.111780    0.000000    0.561853    0.000000    0.000000    0.000000    0.000000    0.000000    0.000000
   2.65689    7.085022    0.124229    0.124229    0.000000    0.629395    0.000000    0.000000    0.000000    0.000000    0.000000    0.000000
   2.66289    7.503322    0.135494    0.135494    0.000000    0.693472    0.000000    0.000000    0.000000    0.000000    0.000000    0.000000
   2.66889    7.816655    0.145055    0.145055    0.000000    0.751814    0.000000    0.000000    0.000000    0.000000    0.000000    0.000000
   2.67489    8.013830    0.152465    0.152465    0.000000    0.802344    0.000000    0.000000    0.000000    0.000000    0.000000    0.000000
   2.68089    8.089855    0.157387    0.157387    0.000000    0.843317    0.000000    0.000000    0.000000    0.000000    0.000000    0.000000
   2.68690    8.046195    0.159627    0.159627    0.000000    0.873443    0.000000    0.000000    0.000000    0.000000    0.000000    0.000000
   2.69290    7.890449    0.159153    0.159153    0.000000    0.891958    0.000000    0.000000    0.000000    0.000000    0.000000    0.000000
   2.69890    7.635529    0.156098    0.156098    0.000000    0.898661    0.000000    0.000000    0.000000    0.000000    0.000000    0.000000
   2.70490    7.298444    0.150753    0.150753    0.000000    0.893903    0.000000    0.000000    0.000000    0.000000    0.000000    0.000000
   2.71090    6.898880    0.143536    0.143536    0.000000    0.878530    0.000000    0.000000    0.000000    0.000000    0.000000    0.000000
   2.71691    6.457730    0.134962    0.134962    0.000000    0.853810    0.000000    0.000000    0.000000    0.000000    0.000000    0.000000
   2.72291    5.995733    0.125599    0.125599    0.000000    0.821331    0.000000    0.000000    0.000000    0.000000    0.000000    0.000000
   2.72891    5.532343    0.116027    0.116027    0.000000    0.782893    0.000000    0.000000    0.000000    0.000000    0.000000    0.000000
   2.73491    5.084884    0.106792    0.106792    0.000000    0.740410    0.000000    0.000000    0.000000    0.000000    0.000000    0.000000
   2.74091    4.668014    0.098380    0.098380    0.000000    0.695802    0.000000    0.000000    0.000000    0.000000    0.000000    0.000000
   2.74692    4.293464    0.091189    0.091189    0.000000    0.650917    0.000000    0.000000    0.000000    0.000000    0.000000    0.000000
   2.75292    3.970022    0.085511    0.085511    0.000000    0.607449    0.000000    0.000000    0.000000    0.000000    0.000000    0.000000
   2.75892    3.703685    0.081533    0.081533    0.000000    0.566882    0.000000    0.000000    0.000000    0.000000    0.000000    0.000000
   2.76492    3.497936    0.079339    0.079339    0.000000    0.530449    0.000000    0.000000    0.000000    0.000000    0.000000    0.000000
   2.77092    3.354106    0.078925    0.078925    0.000000    0.499103    0.000000    0.000000    0.000000    0.000000    0.000000    0.000000
   2.77693    3.271774    0.080214    0.080214    0.000000    0.473517    0.000000    0.000000    0.000000    0.000000    0.000000    0.000000
   2.78293    3.249188    0.083079    0.083079    0.000000    0.454094    0.000000    0.000000    0.000000    0.000000    0.000000    0.000000
   2.78893    3.283664    0.087363    0.087363    0.000000    0.441003    0.000000    0.000000    0.000000    0.000000    0.000000    0.000000
   2.79493    3.371946    0.092902    0.092902    0.000000    0.434225    0.000000    0.000000    0.000000    0.000000    0.000000    0.000000
   2.80093    3.510468    0.099534    0.099534    0.000000    0.433600    0.000000    0.000000    0.000000    0.000000    0.000000    0.000000
   2.80694    3.695503    0.107116    0.107116    0.000000    0.438878    0.000000    0.000000    0.000000    0.000000    0.000000    0.000000
   2.81294    3.923164    0.115516    0.115516    0.000000    0.449757    0.000000    0.000000    0.000000    0.000000    0.000000    0.000000
   2.81894    4.189258    0.124616    0.124616    0.000000    0.465902    0.000000    0.000000    0.000000    0.000000    0.000000    0.000000
   2.82494    4.489018    0.134297    0.134297    0.000000    0.486945    0.000000    0.000000    0.000000    0.000000    0.000000    0.000000
   2.83094    4.816773    0.144428    0.144428    0.000000    0.512466    0.000000    0.000000    0.000000    0.000000    0.000000    0.000000
   2.83695    5.165624    0.154847    0.154847    0.000000    0.541966    0.000000    0.000000    0.000000    0.000000    0.000000    0.000000
   2.84295    5.527239    0.165351    0.165351    0.000000    0.574832    0.000000    0.000000    0.000000    0.000000    0.000000    0.000000
   2.84895    5.891827    0.175691    0.175691    0.000000    0.610318    0.000000    0.000000    0.000000    0.000000    0.000000    0.000000
   2.85495    6.248383    0.185570    0.185570    0.000000    0.647541    0.000000    0.000000    0.000000    0.000000    0.000000    0.000000
   2.86095    6.585219    0.194659    0.194659    0.000000    0.685513    0.000000    0.000000    0.000000    0.000000    0.000000    0.000000
   2.86696    6.890760    0.202610    0.202610    0.000000    0.723200    0.000000    0.000000    0.000000    0.000000    0.000000    0.000000
   2.87296    7.154538    0.209089    0.209089    0.000000    0.759615    0.000000    0.000000    0.000000    0.000000    0.000000    0.000000
   2.87896    7.368278    0.213803    0.213803    0.000000    0.793932    0.000000    0.000000    0.000000    0.000000    0.000000    0.000000
   2.88496    7.526920    0.216533    0.216533    0.000000    0.825595    0.000000    0.000000    0.000000    0.000000    0.000000    0.000000
   2.89096    7.629429    0.217159    0.217159    0.000000    0.854427    0.000000    0.000000    0.000000    0.000000    0.000000    0.000000
   2.89697    7.679248    0.215679    0.215679    0.000000    0.880689    0.000000    0.000000    0.000000    0.000000    0.000000    0.000000
   2.90297    7.684278    0.212218    0.212218    0.000000    0.905096    0.000000    0.000000    0.000000    0.000000    0.000000    0.000000
   2.90897    7.656334    0.207022    0.207022    0.000000    0.928761    0.000000    0.000000    0.000000    0.000000    0.000000    0.000000
   2.91497    7.610070    0.200437    0.200437    0.000000    0.953067    0.000000    0.000000    0.000000    0.000000    0.000000    0.000000
   2.92097    7.561455    0.192885    0.192885    0.000000    0.979487    0.000000    0.000000    0.000000    0.000000    0.000000    0.000000
   2.92698    7.525966    0.184817    0.184817    0.000000    1.009344    0.000000    0.000000    0.000000    0.000000    0.000000    0.000000
   2.93298    7.516667    0.176677    0.176677    0.000000    1.043573    0.000000    0.000000    0.000000    0.000000    0.000000    0.000000
   2.93898    7.542463    0.168857    0.168857    0.000000    1.082484    0.000000    0.000000    0.000000    0.000000    0.000000    0.000000
   2.94498    7.606725    0.161663    0.161663    0.000000    1.125601    0.000000    0.000000    0.000000    0.000000    0.000000    0.000000
   2.95098    7.706542    0.155289    0.155289    0.000000    1.171574    0.000000    0.000000    0.000000    0.000000    0.000000    0.000000
   2.95699    7.832717    0.149807    0.149807    0.000000    1.218211    0.000000    0.000000    0.000000    0.000000    0.000000    0.000000
   2.96299    7.970589    0.145174    0.145174    0.000000    1.262633    0.000000    0.000000    0.000000    0.000000    0.000000    0.000000
   2.96899    8.101598    0.141250    0.141250    0.000000    1.301527    0.000000    0.000000    0.000000    0.000000    0.000000    0.000000
   2.97499    8.205462    0.137836    0.137836    0.000000    1.331497    0.000000    0.000000    0.000000    0.000000    0.000000    0.000000
   2.98099    8.262692    0.134711    0.134711    0.000000    1.349447    0.000000    0.000000    0.000000    0.000000    0.000000    0.000000
   2.98700    8.257135    0.131681    0.131681    0.000000    1.352963    0.000000    0.000000    0.000000    0.000000    0.000000    0.000000
   2.99300    8.178239    0.128619    0.128619    0.000000    1.340631    0.000000    0.000000    0.000000    0.000000    0.000000    0.000000
   2.99900    8.022722    0.125498    0.125498    0.000000    1.312261    0.000000    0.000000    0.000000    0.000000    0.000000    0.000000
   3.00500    7.795456    0.122412    0.122412    0.000000    1.268977    0.000000    0.000000    0.000000    0.000000    0.000000    0.000000
   3.01100    7.509429    0.119577    0.119577    0.000000    1.213160    0.000000    0.000000    0.000000    0.000000    0.000000    0.000000
   3.01701    7.184807    0.117323    0.117323    0.000000    1.148258    0.000000    0.000000    0.000000    0.000000    0.000000    0.000000
   3.02301    6.847215    0.116065    0.116065    0.000000    1.078478    0.000000    0.000000    0.000000    0.000000    0.000000    0.000000
   3.02901    6.525427    0.116264    0.116264    0.000000    1.008409    0.000000    0.000000    0.000000    0.000000    0.000000    0.000000
   3.03501    6.248752    0.118378    0.118378    0.000000    0.942607    0.000000    0.000000    0.000000    0.000000    0.000000    0.000000
   3.04101    6.044379    0.122817    0.122817    0.000000    0.885201    0.000000    0.000000    0.000000    0.000000    0.000000    0.000000
   3.04702    5.934953    0.129891    0.129891    0.000000    0.839552    0.000000    0.000000    0.000000    0.000000    0.000000    0.000000
   3.05302    5.936583    0.139770    0.139770    0.000000    0.807997    0.000000    0.000000    0.000000    0.000000    0.000000    0.000000
   3.05902    6.057446    0.152456    0.152456    0.000000    0.791697    0.000000    0.000000    0.000000    0.000000    0.000000    0.000000
   3.06502    6.297037    0.167760    0.167760    0.000000    0.790595    0.000000    0.000000    0.000000    0.000000    0.000000    0.000000
   3.07102    6.646108    0.185300    0.185300    0.000000    0.803473    0.000000    0.000000    0.000000    0.000000    0.000000    0.000000
   3.07703    7.087223    0.204510    0.204510    0.000000    0.828097    0.000000    0.000000    0.000000    0.000000    0.000000    0.000000
   3.08303    7.595871    0.224665    0.224665    0.000000    0.861433    0.000000    0.000000    0.000000    0.000000    0.000000    0.000000
   3.08903    8.142039    0.244915    0.244915    0.000000    0.899897    0.000000    0.000000    0.000000    0.000000    0.000000    0.000000
   3.09503    8.692126    0.264331    0.264331    0.000000    0.939635    0.000000    0.000000    0.000000    0.000000    0.000000    0.000000
   3.10103    9.211089    0.281963    0.281963    0.000000    0.976798    0.000000    0.000000    0.000000    0.000000    0.000000    0.000000
   3.10704    9.664708    0.296897    0.296897    0.000000    1.007805    0.000000    0.000000    0.000000    0.000000    0.000000    0.000000
   3.11304   10.021828    0.308313    0.308313    0.000000    1.029573    0.000000    0.000000    0.000000    0.000000    0.000000    0.000000
   3.11904   10.256454    0.315547    0.315547    0.000000    1.039705    0.000000    0.000000    0.000000    0.000000    0.000000    0.000000
   3.12504   10.349550    0.318136    0.318136    0.000000    1.036632    0.000000    0.000000    0.000000    0.000000    0.000000    0.000000
   3.13104   10.290405    0.315857    0.315857    0.000000    1.019698    0.000000    0.000000    0.000000    0.000000    0.000000    0.000000
   3.13705   10.077438    0.308750    0.308750    0.000000    0.989184    0.000000    0.000000    0.000000    0.000000    0.000000    0.000000
   3.14305    9.718359    0.297117    0.297117    0.000000    0.946276    0.000000    0.000000    0.000000    0.000000    0.000000    0.000000
   3.14905    9.229640    0.281507    0.281507    0.000000    0.892972    0.000000    0.000000    0.000000    0.000000    0.000000    0.000000
   3.15505    8.635320    0.262681    0.262681    0.000000    0.831935    0.000000    0.000000    0.000000    0.000000    0.000000    0.000000
   3.16105    7.965242    0.241557    0.241557    0.000000    0.766314    0.000000    0.000000    0.000000    0.000000    0.000000    0.000000
   3.16706    7.252852    0.219148    0.219148    0.000000    0.699520    0.000000    0.000000    0.000000    0.000000    0.000000    0.000000
   3.17306    6.532778    0.196487    0.196487    0.000000    0.634997    0.000000    0.000000    0.000000    0.000000    0.000000    0.000000
   3.17906    5.838377    0.174565    0.174565    0.000000    0.575993    0.000000    0.000000    0.000000    0.000000    0.000000    0.000000
   3.18506    5.199470    0.154259    0.154259    0.000000    0.525340    0.000000    0.000000    0.000000    0.000000    0.000000    0.000000
   3.19106    4.640444    0.136283    0.136283    0.000000    0.485270    0.000000    0.000000    0.000000    0.000000    0.000000    0.000000
   3.19707    4.178842    0.121150    0.121150    0.000000    0.457272    0.000000    0.000000    0.000000    0.000000    0.000000    0.000000
   3.20307    3.824534    0.109148    0.109148    0.000000    0.441991    0.000000    0.000000    0.000000    0.000000    0.000000    0.000000
   3.20907    3.579488    0.100343    0.100343    0.000000    0.439197    0.000000    0.000000    0.000000    0.000000    0.000000    0.000000
   3.21507    3.438119    0.094585    0.094585    0.000000    0.447801    0.000000    0.000000    0.000000    0.000000    0.000000    0.000000
   3.22107    3.388161    0.091537    0.091537    0.000000    0.465936    0.000000    0.000000    0.000000    0.000000    0.000000    0.000000
   3.22708    3.411970    0.090714    0.090714    0.000000    0.491096    0.000000    0.000000    0.000000    0.000000    0.000000    0.000000
   3.23308    3.488158    0.091531    0.091531    0.000000    0.520319    0.000000    0.000000    0.000000    0.000000    0.000000    0.000000
   3.23908    3.593425    0.093349    0.093349    0.000000    0.550413    0.000000    0.000000    0.000000    0.000000    0.000000    0.000000
   3.24508    3.704460    0.095534    0.095534    0.000000    0.578200    0.000000    0.000000    0.000000    0.000000    0.000000    0.000000
   3.25108    3.799771    0.097499    0.097499    0.000000    0.600761    0.000000    0.000000    0.000000    0.000000    0.000000    0.000000
   3.25709    3.861310    0.098753    0.098753    0.000000    0.615667    0.000000    0.000000    0.000000    0.000000    0.000000    0.000000
   3.26309    3.875762    0.098932    0.098932    0.000000    0.621163    0.000000    0.000000    0.000000    0.000000    0.000000    0.000000
   3.26909    3.835407    0.097821    0.097821    0.000000    0.616300    0.000000    0.000000    0.000000    0.000000    0.000000    0.000000
   3.27509    3.738495    0.095366    0.095366    0.000000    0.600986    0.000000    0.000000    0.000000    0.000000    0.000000    0.000000
   3.28109    3.589110    0.091668    0.091668    0.000000    0.575973    0.000000    0.000000    0.000000    0.000000    0.000000    0.000000
   3.28710    3.396575    0.086970    0.086970    0.000000    0.542764    0.000000    0.000000    0.000000    0.000000    0.000000    0.000000
   3.29310    3.174459    0.081628    0.081628    0.000000    0.503465    0.000000    0.000000    0.000000    0.000000    0.000000    0.000000
   3.29910    2.939306    0.076079    0.076079    0.000000    0.460596    0.000000    0.000000    0.000000    0.000000    0.000000    0.000000
   3.30510    2.709223    0.070803    0.070803    0.000000    0.416878    0.000000    0.000000    0.000000    0.000000    0.000000    0.000000
   3.31110    2.502429    0.066286    0.066286    0.000000    0.375034    0.000000    0.000000    0.000000    0.000000    0.000000    0.000000
   3.31711    2.335905    0.062978    0.062978    0.000000    0.337595    0.000000    0.000000    0.000000    0.000000    0.000000    0.000000
   3.32311    2.224202    0.061267    0.061267    0.000000    0.306750    0.000000    0.000000    0.000000    0.000000    0.000000    0.000000
   3.32911    2.178480    0.061442    0.061442    0.000000    0.284233    0.000000    0.000000    0.000000    0.000000    0.000000    0.000000
   3.33511    2.205799    0.063679    0.063679    0.000000    0.271250    0.000000    0.000000    0.000000    0.000000    0.000000    0.000000
   3.34111    2.308666    0.068022    0.068022    0.000000    0.268444    0.000000    0.000000    0.000000    0.000000    0.000000    0.000000
   3.34712    2.484850    0.074375    0.074375    0.000000    0.275895    0.000000    0.000000    0.000000    0.000000    0.000000    0.000000
   3.35312    2.727455    0.082507    0.082507    0.000000    0.293136    0.000000    0.000000    0.000000    0.000000    0.000000    0.000000
   3.35912    3.025248    0.092059    0.092059    0.000000    0.319196    0.000000    0.000000    0.000000    0.000000    0.000000    0.000000
   3.36512    3.363242    0.102561    0.102561    0.000000    0.352656    0.000000    0.000000    0.000000    0.000000    0.000000    0.000000
   3.37112    3.723520    0.113460    0.113460    0.000000    0.391717    0.000000    0.000000    0.000000    0.000000    0.000000    0.000000
   3.37713    4.086273    0.124155    0.124155    0.000000    0.434286    0.000000    0.000000    0.000000    0.000000    0.000000    0.000000
   3.38313    4.431008    0.134034    0.134034    0.000000    0.478068    0.000000    0.000000    0.000000    0.000000    0.000000    0.000000
   3.38913    4.737837    0.142514    0.142514    0.000000    0.520683    0.000000    0.000000    0.000000    0.000000    0.000000    0.000000
   3.39513    4.988776    0.149089    0.149089    0.000000    0.559780    0.000000    0.000000    0.000000    0.000000    0.000000    0.000000
   3.40113    5.168923    0.153357    0.153357    0.000000    0.593169    0.000000    0.000000    0.000000    0.000000    0.000000    0.000000
   3.40714    5.267424    0.155052    0.155052    0.000000    0.618939    0.000000    0.000000    0.000000    0.000000    0.000000    0.000000
   3.41314    5.278130    0.154063    0.154063    0.000000    0.635576    0.000000    0.000000    0.000000    0.000000    0.000000    0.000000
   3.41914    5.199879    0.150429    0.150429    0.000000    0.642051    0.000000    0.000000    0.000000    0.000000    0.000000    0.000000
   3.42514    5.036385    0.144339    0.144339    0.000000    0.637883    0.000000    0.000000    0.000000    0.000000    0.000000    0.000000
   3.43114    4.795757    0.136105    0.136105    0.000000    0.623157    0.000000    0.000000    0.000000    0.000000    0.000000    0.000000
   3.43715    4.489697    0.126134    0.126134    0.000000    0.598511    0.000000    0.000000    0.000000    0.000000    0.000000    0.000000
   3.44315    4.132475    0.114894    0.114894    0.000000    0.565077    0.000000    0.000000    0.000000    0.000000    0.000000    0.000000
   3.44915    3.739789    0.102872    0.102872    0.000000    0.524382    0.000000    0.000000    0.000000    0.000000    0.000000    0.000000
   3.45515    3.327622    0.090545    0.090545    0.000000    0.478232    0.000000    0.000000    0.000000    0.000000    0.000000    0.000000
   3.46115    2.911197    0.078349    0.078349    0.000000    0.428573    0.000000    0.000000    0.000000    0.000000    0.000000    0.000000
   3.46716    2.504111    0.066653    0.066653    0.000000    0.377356    0.000000    0.000000    0.000000    0.000000    0.000000    0.000000
   3.47316    2.117714    0.055750    0.055750    0.000000    0.326408    0.000000    0.000000    0.000000    0.000000    0.000000    0.000000
   3.47916    1.760727    0.045847    0.045847    0.000000    0.277330    0.000000    0.000000    0.000000    0.000000    0.000000    0.000000
   3.48516    1.439134    0.037070    0.037070    0.000000    0.231421    0.000000    0.000000    0.000000    0.000000    0.000000    0.000000
   3.49116    1.156275    0.029470    0.029470    0.000000    0.189637    0.000000    0.000000    0.000000    0.000000    0.000000    0.000000
   3.49717    0.913130    0.023033    0.023033    0.000000    0.152582    0.000000    0.000000    0.000000    0.000000    0.000000    0.000000
   3.50317    0.708715    0.017698    0.017698    0.000000    0.120528    0.000000    0.000000    0.000000    0.000000    0.000000    0.000000
   3.50917    0.540543    0.013368    0.013368    0.000000    0.093461    0.000000    0.000000    0.000000    0.000000    0.000000    0.000000
   3.51517    0.405095    0.009926    0.009926    0.000000    0.071134    0.000000    0.000000    0.000000    0.000000    0.000000    0.000000
   3.52117    0.298261    0.007243    0.007243    0.000000    0.053135    0.000000    0.000000    0.000000    0.000000    0.000000    0.000000
   3.52718    0.215723    0.005195    0.005195    0.000000    0.038949    0.000000    0.000000    0.000000    0.000000    0.000000    0.000000
   3.53318    0.153249    0.003661    0.003661    0.000000    0.028015    0.000000    0.000000    0.000000    0.000000    0.000000    0.000000
   3.53918    0.106917    0.002535    0.002535    0.000000    0.019771    0.000000    0.000000    0.000000    0.000000    0.000000    0.000000
   3.54518    0.073247    0.001725    0.001725    0.000000    0.013688    0.000000    0.000000    0.000000    0.000000    0.000000    0.000000
   3.55118    0.049268    0.001152    0.001152    0.000000    0.009297    0.000000    0.000000    0.000000    0.000000    0.000000    0.000000
   3.55719    0.032534    0.000756    0.000756    0.000000    0.006194    0.000000    0.000000    0.000000    0.000000    0.000000    0.000000
   3.56319    0.021088    0.000487    0.000487    0.000000    0.004047    0.000000    0.000000    0.000000    0.000000    0.000000    0.000000
   3.56919    0.013416    0.000308    0.000308    0.000000    0.002594    0.000000    0.000000    0.000000    0.000000    0.000000    0.000000
   3.57519    0.008376    0.000192    0.000192    0.000000    0.001631    0.000000    0.000000    0.000000    0.000000    0.000000    0.000000
   3.58119    0.005132    0.000117    0.000117    0.000000    0.001005    0.000000    0.000000    0.000000    0.000000    0.000000    0.000000
   3.58720    0.003085    0.000070    0.000070    0.000000    0.000608    0.000000    0.000000    0.000000    0.000000    0.000000    0.000000
   3.59320    0.001819    0.000041    0.000041    0.000000    0.000360    0.000000    0.000000    0.000000    0.000000    0.000000    0.000000
   3.59920    0.001053    0.000024    0.000024    0.000000    0.000209    0.000000    0.000000    0.000000    0.000000    0.000000    0.000000
   3.60520    0.000598    0.000013    0.000013    0.000000    0.000119    0.000000    0.000000    0.000000    0.000000    0.000000    0.000000
   3.61120    0.000333    0.000007    0.000007    0.000000    0.000067    0.000000    0.000000    0.000000    0.000000    0.000000    0.000000
   3.61721    0.000182    0.000004    0.000004    0.000000    0.000037    0.000000    0.000000    0.000000    0.000000    0.000000    0.000000
   3.62321    0.000097    0.000002    0.000002    0.000000    0.000020    0.000000    0.000000    0.000000    0.000000    0.000000    0.000000
   3.62921    0.000051    0.000001    0.000001    0.000000    0.000010    0.000000    0.000000    0.000000    0.000000    0.000000    0.000000
   3.63521    0.000026    0.000001    0.000001    0.000000    0.000005    0.000000    0.000000    0.000000    0.000000    0.000000    0.000000
   3.64121    0.000013    0.000000    0.000000    0.000000    0.000003    0.000000    0.000000    0.000000    0.000000    0.000000    0.000000
   3.64722    0.000007    0.000000    0.000000    0.000000    0.000001    0.000000    0.000000    0.000000    0.000000    0.000000    0.000000
   3.65322    0.000003    0.000000    0.000000    0.000000    0.000001    0.000000    0.000000    0.000000    0.000000    0.000000    0.000000
   3.65922    0.000002    0.000000    0.000000    0.000000    0.000000    0.000000    0.000000    0.000000    0.000000    0.000000    0.000000
   3.66522    0.000001    0.000000    0.000000    0.000000    0.000000    0.000000    0.000000    0.000000    0.000000    0.000000    0.000000
   3.67122    0.000000    0.000000    0.000000    0.000000    0.000000    0.000000    0.000000    0.000000    0.000000    0.000000    0.000000
   3.67723    0.000000    0.000000    0.000000    0.000000    0.000000    0.000000    0.000000    0.000000    0.000000    0.000000    0.000000
   3.68323    0.000000    0.000000    0.000000    0.000000    0.000000    0.000000    0.000000    0.000000    0.000000    0.000000    0.000000
   3.68923    0.000000    0.000000    0.000000    0.000000    0.000000    0.000000    0.000000    0.000000    0.000000    0.000000    0.000000
   3.69523    0.000000    0.000000    0.000000    0.000000    0.000000    0.000000    0.000000    0.000000    0.000000    0.000000    0.000000
   3.70123    0.000000    0.000000    0.000000    0.000000    0.000000    0.000000    0.000000    0.000000    0.000000    0.000000    0.000000
   3.70724    0.000000    0.000000    0.000000    0.000000    0.000000    0.000000    0.000000    0.000000    0.000000    0.000000    0.000000
   3.71324    0.000000    0.000000    0.000000    0.000000    0.000000    0.000000    0.000000    0.000000    0.000000    0.000000    0.000000
   3.71924    0.000000    0.000000    0.000000    0.000000    0.000000    0.000000    0.000000    0.000000    0.000000    0.000000    0.000000
   3.72524    0.000000    0.000000    0.000000    0.000000    0.000000    0.000000    0.000000    0.000000    0.000000    0.000000    0.000000
   3.73124    0.000000    0.000000    0.000000    0.000000    0.000000    0.000000    0.000000    0.000000    0.000000    0.000000    0.000000
   3.73725    0.000000    0.000000    0.000000    0.000000    0.000000    0.000000    0.000000    0.000000    0.000000    0.000000    0.000000
   3.74325    0.000000    0.000000    0.000000    0.000000    0.000000    0.000000    0.000000    0.000000    0.000000    0.000000    0.000000
   3.74925    0.000000    0.000000    0.000000    0.000000    0.000000    0.000000    0.000000    0.000000    0.000000    0.000000    0.000000
   3.75525    0.000000    0.000000    0.000000    0.000000    0.000000    0.000000    0.000000    0.000000    0.000000    0.000000    0.000000
   3.76125    0.000000    0.000000    0.000000    0.000000    0.000000    0.000000    0.000000    0.000000    0.000000    0.000000    0.000000
   3.76726    0.000000    0.000000    0.000000    0.000000    0.000000    0.000000    0.000000    0.000000    0.000000    0.000000    0.000000
   3.77326    0.000000    0.000000    0.000000    0.000000    0.000000    0.000000    0.000000    0.000000    0.000000    0.000000    0.000000
   3.77926    0.000000    0.000000    0.000000    0.000000    0.000000    0.000000    0.000000    0.000000    0.000000    0.000000    0.000000
   3.78526    0.000000    0.000000    0.000000    0.000000    0.000000    0.000000    0.000000    0.000000    0.000000    0.000000    0.000000
   3.79126    0.000000    0.000000    0.000000    0.000000    0.000000    0.000000    0.000000    0.000000    0.000000    0.000000    0.000000
   3.79727    0.000000    0.000000    0.000000    0.000000    0.000000    0.000000    0.000000    0.000000    0.000000    0.000000    0.000000
   3.80327    0.000000    0.000000    0.000000    0.000000    0.000000    0.000000    0.000000    0.000000    0.000000    0.000000    0.000000
   3.80927    0.000000    0.000000    0.000000    0.000000    0.000000    0.000000    0.000000    0.000000    0.000000    0.000000    0.000000
   3.81527    0.000000    0.000000    0.000000    0.000000    0.000000    0.000000    0.000000    0.000000    0.000000    0.000000    0.000000
   3.82127    0.000000    0.000000    0.000000    0.000000    0.000000    0.000000    0.000000    0.000000    0.000000    0.000000    0.000000
   3.82728    0.000000    0.000000    0.000000    0.000000    0.000000    0.000000    0.000000    0.000000    0.000000    0.000000    0.000000
   3.83328    0.000000    0.000000    0.000000    0.000000    0.000000    0.000000    0.000000    0.000000    0.000000    0.000000    0.000000
   3.83928    0.000000    0.000000    0.000000    0.000000    0.000000    0.000000    0.000000    0.000000    0.000000    0.000000    0.000000
   3.84528    0.000000    0.000000    0.000000    0.000000    0.000000    0.000000    0.000000    0.000000    0.000000    0.000000    0.000000
   3.85128    0.000000    0.000000    0.000000    0.000000    0.000000    0.000000    0.000000    0.000000    0.000000    0.000000    0.000000
   3.85729    0.000000    0.000000    0.000000    0.000000    0.000000    0.000000    0.000000    0.000000    0.000000    0.000000    0.000000
   3.86329    0.000000    0.000000    0.000000    0.000000    0.000000    0.000000    0.000000    0.000000    0.000000    0.000000    0.000000
   3.86929    0.000000    0.000000    0.000000    0.000000    0.000000    0.000000    0.000000    0.000000    0.000000    0.000000    0.000000
   3.87529    0.000000    0.000000    0.000000    0.000000    0.000000    0.000000    0.000000    0.000000    0.000000    0.000000    0.000000
   3.88129    0.000000    0.000000    0.000000    0.000000    0.000000    0.000000    0.000000    0.000000    0.000000    0.000000    0.000000
   3.88730    0.000000    0.000000    0.000000    0.000000    0.000000    0.000000    0.000000    0.000000    0.000000    0.000000    0.000000
   3.89330    0.000000    0.000000    0.000000    0.000000    0.000000    0.000000    0.000000    0.000000    0.000000    0.000000    0.000000
   3.89930    0.000000    0.000000    0.000000    0.000000    0.000000    0.000000    0.000000    0.000000    0.000000    0.000000    0.000000
   3.90530    0.000000    0.000000    0.000000    0.000000    0.000000    0.000000    0.000000    0.000000    0.000000    0.000000    0.000000
   3.91130    0.000000    0.000000    0.000000    0.000000    0.000000    0.000000    0.000000    0.000000    0.000000    0.000000    0.000000
   3.91731    0.000000    0.000000    0.000000    0.000000    0.000000    0.000000    0.000000    0.000000    0.000000    0.000000    0.000000
   3.92331    0.000000    0.000000    0.000000    0.000000    0.000000    0.000000    0.000000    0.000000    0.000000    0.000000    0.000000
   3.92931    0.000000    0.000000    0.000000    0.000000    0.000000    0.000000    0.000000    0.000000    0.000000    0.000000    0.000000
   3.93531    0.000000    0.000000    0.000000    0.000000    0.000000    0.000000    0.000000    0.000000    0.000000    0.000000    0.000000
   3.94131    0.000000    0.000000    0.000000    0.000000    0.000000    0.000000    0.000000    0.000000    0.000000    0.000000    0.000000
   3.94732    0.000000    0.000000    0.000000    0.000000    0.000000    0.000000    0.000000    0.000000    0.000000    0.000000    0.000000
   3.95332    0.000000    0.000000    0.000000    0.000000    0.000000    0.000000    0.000000    0.000000    0.000000    0.000000    0.000000
   3.95932    0.000000    0.000000    0.000000    0.000000    0.000000    0.000000    0.000000    0.000000    0.000000    0.000000    0.000000
   3.96532    0.000000    0.000000    0.000000    0.000000    0.000000    0.000000    0.000000    0.000000    0.000000    0.000000    0.000000
   3.97132    0.000000    0.000000    0.000000    0.000000    0.000000    0.000000    0.000000    0.000000    0.000000    0.000000    0.000000
   3.97733    0.000000    0.000000    0.000000    0.000000    0.000000    0.000000    0.000000    0.000000    0.000000    0.000000    0.000000
   3.98333    0.000000    0.000000    0.000000    0.000000    0.000000    0.000000    0.000000    0.000000    0.000000    0.000000    0.000000
   3.98933    0.000000    0.000000    0.000000    0.000000    0.000000    0.000000    0.000000    0.000000    0.000000    0.000000    0.000000
   3.99533    0.000000    0.000000    0.000000    0.000000    0.000000    0.000000    0.000000    0.000000    0.000000    0.000000    0.000000
   4.00133    0.000000    0.000000    0.000000    0.000000    0.000000    0.000000    0.000000    0.000000    0.000000    0.000000    0.000000
   4.00734    0.000000    0.000000    0.000000    0.000000    0.000000    0.000000    0.000000    0.000000    0.000000    0.000000    0.000000
   4.01334    0.000000    0.000000    0.000000    0.000000    0.000000    0.000000    0.000000    0.000000    0.000000    0.000000    0.000000
   4.01934    0.000000    0.000000    0.000000    0.000000    0.000000    0.000000    0.000000    0.000000    0.000000    0.000000    0.000000
   4.02534    0.000000    0.000000    0.000000    0.000000    0.000000    0.000000    0.000000    0.000000    0.000000    0.000000    0.000000
   4.03134    0.000000    0.000000    0.000000    0.000000    0.000000    0.000000    0.000000    0.000000    0.000000    0.000000    0.000000
   4.03735    0.000000    0.000000    0.000000    0.000000    0.000000    0.000000    0.000000    0.000000    0.000000    0.000000    0.000000
   4.04335    0.000000    0.000000    0.000000    0.000000    0.000000    0.000000    0.000000    0.000000    0.000000    0.000000    0.000000
   4.04935    0.000000    0.000000    0.000000    0.000000    0.000000    0.000000    0.000000    0.000000    0.000000    0.000000    0.000000
   4.05535    0.000000    0.000000    0.000000    0.000000    0.000000    0.000000    0.000000    0.000000    0.000000    0.000000    0.000000
   4.06135    0.000000    0.000000    0.000000    0.000000    0.000000    0.000000    0.000000    0.000000    0.000000    0.000000    0.000000
   4.06736    0.000000    0.000000    0.000000    0.000000    0.000000    0.000000    0.000000    0.000000    0.000000    0.000000    0.000000
   4.07336    0.000000    0.000000    0.000000    0.000000    0.000000    0.000000    0.000000    0.000000    0.000000    0.000000    0.000000
   4.07936    0.000000    0.000000    0.000000    0.000000    0.000000    0.000000    0.000000    0.000000    0.000000    0.000000    0.000000
   4.08536    0.000000    0.000000    0.000000    0.000000    0.000000    0.000000    0.000000    0.000000    0.000000    0.000000    0.000000
   4.09136    0.000000    0.000000    0.000000    0.000000    0.000000    0.000000    0.000000    0.000000    0.000000    0.000000    0.000000
   4.09737    0.000000    0.000000    0.000000    0.000000    0.000000    0.000000    0.000000    0.000000    0.000000    0.000000    0.000000
   4.10337    0.000000    0.000000    0.000000    0.000000    0.000000    0.000000    0.000000    0.000000    0.000000    0.000000    0.000000
   4.10937    0.000000    0.000000    0.000000    0.000000    0.000000    0.000000    0.000000    0.000000    0.000000    0.000000    0.000000
   4.11537    0.000000    0.000000    0.000000    0.000000    0.000000    0.000000    0.000000    0.000000    0.000000    0.000000    0.000000
   4.12137    0.000000    0.000000    0.000000    0.000000    0.000000    0.000000    0.000000    0.000000    0.000000    0.000000    0.000000
   4.12738    0.000000    0.000000    0.000000    0.000000    0.000000    0.000000    0.000000    0.000000    0.000000    0.000000    0.000000
   4.13338    0.000000    0.000000    0.000000    0.000000    0.000000    0.000000    0.000000    0.000000    0.000000    0.000000    0.000000
   4.13938    0.000000    0.000000    0.000000    0.000000    0.000000    0.000000    0.000000    0.000000    0.000000    0.000000    0.000000
   4.14538    0.000000    0.000000    0.000000    0.000000    0.000000    0.000000    0.000000    0.000000    0.000000    0.000000    0.000000
   4.15138    0.000000    0.000000    0.000000    0.000000    0.000000    0.000000    0.000000    0.000000    0.000000    0.000000    0.000000
   4.15739    0.000000    0.000000    0.000000    0.000000    0.000000    0.000000    0.000000    0.000000    0.000000    0.000000    0.000000
   4.16339    0.000000    0.000000    0.000000    0.000000    0.000000    0.000000    0.000000    0.000000    0.000000    0.000000    0.000000
   4.16939    0.000000    0.000000    0.000000    0.000000    0.000000    0.000000    0.000000    0.000000    0.000000    0.000000    0.000000
   4.17539    0.000000    0.000000    0.000000    0.000000    0.000000    0.000000    0.000000    0.000000    0.000000    0.000000    0.000000
   4.18139    0.000000    0.000000    0.000000    0.000000    0.000000    0.000000    0.000000    0.000000    0.000000    0.000000    0.000000
   4.18740    0.000000    0.000000    0.000000    0.000000    0.000000    0.000000    0.000000    0.000000    0.000000    0.000000    0.000000
   4.19340    0.000000    0.000000    0.000000    0.000000    0.000000    0.000000    0.000000    0.000000    0.000000    0.000000    0.000000
   4.19940    0.000000    0.000000    0.000000    0.000000    0.000000    0.000000    0.000000    0.000000    0.000000    0.000000    0.000000
   4.20540    0.000000    0.000000    0.000000    0.000000    0.000000    0.000000    0.000000    0.000000    0.000000    0.000000    0.000000
   4.21140    0.000000    0.000000    0.000000    0.000000    0.000000    0.000000    0.000000    0.000000    0.000000    0.000000    0.000000
   4.21741    0.000000    0.000000    0.000000    0.000000    0.000000    0.000000    0.000000    0.000000    0.000000    0.000000    0.000000
   4.22341    0.000000    0.000000    0.000000    0.000000    0.000000    0.000000    0.000000    0.000000    0.000000    0.000000    0.000000
   4.22941    0.000000    0.000000    0.000000    0.000000    0.000000    0.000000    0.000000    0.000000    0.000000    0.000000    0.000000
   4.23541    0.000000    0.000000    0.000000    0.000000    0.000000    0.000000    0.000000    0.000000    0.000000    0.000000    0.000000
   4.24141    0.000000    0.000000    0.000000    0.000000    0.000000    0.000000    0.000000    0.000000    0.000000    0.000000    0.000000
   4.24742    0.000000    0.000000    0.000000    0.000000    0.000000    0.000000    0.000000    0.000000    0.000000    0.000000    0.000000
   4.25342    0.000000    0.000000    0.000000    0.000000    0.000000    0.000000    0.000000    0.000000    0.000000    0.000000    0.000000
   4.25942    0.000000    0.000000    0.000000    0.000000    0.000000    0.000000    0.000000    0.000000    0.000000    0.000000    0.000000
   4.26542    0.000000    0.000000    0.000000    0.000000    0.000000    0.000000    0.000000    0.000000    0.000000    0.000000    0.000000
   4.27142    0.000000    0.000000    0.000000    0.000000    0.000000    0.000000    0.000000    0.000000    0.000000    0.000000    0.000000
   4.27743    0.000000    0.000000    0.000000    0.000000    0.000000    0.000000    0.000000    0.000000    0.000000    0.000000    0.000000
   4.28343    0.000000    0.000000    0.000000    0.000000    0.000000    0.000000    0.000000    0.000000    0.000000    0.000000    0.000000
   4.28943    0.000000    0.000000    0.000000    0.000000    0.000000    0.000000    0.000000    0.000000    0.000000    0.000000    0.000000
   4.29543    0.000000    0.000000    0.000000    0.000000    0.000000    0.000000    0.000000    0.000000    0.000000    0.000000    0.000000
   4.30143    0.000000    0.000000    0.000000    0.000000    0.000000    0.000000    0.000000    0.000000    0.000000    0.000000    0.000000
   4.30744    0.000000    0.000000    0.000000    0.000000    0.000000    0.000000    0.000000    0.000000    0.000000    0.000000    0.000000
   4.31344    0.000000    0.000000    0.000000    0.000000    0.000000    0.000000    0.000000    0.000000    0.000000    0.000000    0.000000
   4.31944    0.000000    0.000000    0.000000    0.000000    0.000000    0.000000    0.000000    0.000000    0.000000    0.000000    0.000000
   4.32544    0.000000    0.000000    0.000000    0.000000    0.000000    0.000000    0.000000    0.000000    0.000000    0.000000    0.000000
   4.33144    0.000000    0.000000    0.000000    0.000000    0.000000    0.000000    0.000000    0.000000    0.000000    0.000000    0.000000
   4.33745    0.000000    0.000000    0.000000    0.000000    0.000000    0.000000    0.000000    0.000000    0.000000    0.000000    0.000000
   4.34345    0.000000    0.000000    0.000000    0.000000    0.000000    0.000000    0.000000    0.000000    0.000000    0.000000    0.000000
   4.34945    0.000000    0.000000    0.000000    0.000000    0.000000    0.000000    0.000000    0.000000    0.000000    0.000000    0.000000
   4.35545    0.000000    0.000000    0.000000    0.000000    0.000000    0.000000    0.000000    0.000000    0.000000    0.000000    0.000000
   4.36145    0.000000    0.000000    0.000000    0.000000    0.000000    0.000000    0.000000    0.000000    0.000000    0.000000    0.000000
   4.36746    0.000000    0.000000    0.000000    0.000000    0.000000    0.000000    0.000000    0.000000    0.000000    0.000000    0.000000
   4.37346    0.000000    0.000000    0.000000    0.000000    0.000000    0.000000    0.000000    0.000000    0.000000    0.000000    0.000000
   4.37946    0.000000    0.000000    0.000000    0.000000    0.000000    0.000000    0.000000    0.000000    0.000000    0.000000    0.000000
   4.38546    0.000000    0.000000    0.000000    0.000000    0.000000    0.000000    0.000000    0.000000    0.000000    0.000000    0.000000
   4.39146    0.000000    0.000000    0.000000    0.000000    0.000000    0.000000    0.000000    0.000000    0.000000    0.000000    0.000000
   4.39747    0.000000    0.000000    0.000000    0.000000    0.000000    0.000000    0.000000    0.000000    0.000000    0.000000    0.000000
   4.40347    0.000000    0.000000    0.000000    0.000000    0.000000    0.000000    0.000000    0.000000    0.000000    0.000000    0.000000
   4.40947    0.000000    0.000000    0.000000    0.000000    0.000000    0.000000    0.000000    0.000000    0.000000    0.000000    0.000000
   4.41547    0.000000    0.000000    0.000000    0.000000    0.000000    0.000000    0.000000    0.000000    0.000000    0.000000    0.000000
   4.42147    0.000000    0.000000    0.000000    0.000000    0.000000    0.000000    0.000000    0.000000    0.000000    0.000000    0.000000
   4.42748    0.000000    0.000000    0.000000    0.000000    0.000000    0.000000    0.000000    0.000000    0.000000    0.000000    0.000000
   4.43348    0.000000    0.000000    0.000000    0.000000    0.000000    0.000000    0.000000    0.000000    0.000000    0.000000    0.000000
   4.43948    0.000000    0.000000    0.000000    0.000000    0.000000    0.000000    0.000000    0.000000    0.000000    0.000000    0.000000
   4.44548    0.000000    0.000000    0.000000    0.000000    0.000000    0.000000    0.000000    0.000000    0.000000    0.000000    0.000000
   4.45148    0.000000    0.000000    0.000000    0.000000    0.000000    0.000000    0.000000    0.000000    0.000000    0.000000    0.000000
   4.45749    0.000000    0.000000    0.000000    0.000000    0.000000    0.000000    0.000000    0.000000    0.000000    0.000000    0.000000
   4.46349    0.000000    0.000000    0.000000    0.000000    0.000000    0.000000    0.000000    0.000000    0.000000    0.000000    0.000000
   4.46949    0.000000    0.000000    0.000000    0.000000    0.000000    0.000000    0.000000    0.000000    0.000000    0.000000    0.000000
   4.47549    0.000000    0.000000    0.000000    0.000000    0.000000    0.000000    0.000000    0.000000    0.000000    0.000000    0.000000
   4.48149    0.000000    0.000000    0.000000    0.000000    0.000000    0.000000    0.000000    0.000000    0.000000    0.000000    0.000000
   4.48750    0.000000    0.000000    0.000000    0.000000    0.000000    0.000000    0.000000    0.000000    0.000000    0.000000    0.000000
   4.49350    0.000000    0.000000    0.000000    0.000000    0.000000    0.000000    0.000000    0.000000    0.000000    0.000000    0.000000
   4.49950    0.000000    0.000000    0.000000    0.000000    0.000000    0.000000    0.000000    0.000000    0.000000    0.000000    0.000000
   4.50550    0.000000    0.000000    0.000000    0.000000    0.000000    0.000000    0.000000    0.000000    0.000000    0.000000    0.000000
   4.51150    0.000000    0.000000    0.000000    0.000000    0.000000    0.000000    0.000000    0.000000    0.000000    0.000000    0.000000
   4.51751    0.000000    0.000000    0.000000    0.000000    0.000000    0.000000    0.000000    0.000000    0.000000    0.000000    0.000000
   4.52351    0.000000    0.000000    0.000000    0.000000    0.000000    0.000000    0.000000    0.000000    0.000000    0.000000    0.000000
   4.52951    0.000000    0.000000    0.000000    0.000000    0.000000    0.000000    0.000000    0.000000    0.000000    0.000000    0.000000
   4.53551    0.000000    0.000000    0.000000    0.000000    0.000000    0.000000    0.000000    0.000000    0.000000    0.000000    0.000000
   4.54151    0.000000    0.000000    0.000000    0.000000    0.000000    0.000000    0.000000    0.000000    0.000000    0.000000    0.000000
   4.54752    0.000000    0.000000    0.000000    0.000000    0.000000    0.000000    0.000000    0.000000    0.000000    0.000000    0.000000
   4.55352    0.000000    0.000000    0.000000    0.000000    0.000000    0.000000    0.000000    0.000000    0.000000    0.000000    0.000000
   4.55952    0.000000    0.000000    0.000000    0.000000    0.000000    0.000000    0.000000    0.000000    0.000000    0.000000    0.000000
   4.56552    0.000000    0.000000    0.000000    0.000000    0.000000    0.000000    0.000000    0.000000    0.000000    0.000000    0.000000
   4.57152    0.000000    0.000000    0.000000    0.000000    0.000000    0.000000    0.000000    0.000000    0.000000    0.000000    0.000000
   4.57753    0.000000    0.000000    0.000000    0.000000    0.000000    0.000000    0.000000    0.000000    0.000000    0.000000    0.000000
   4.58353    0.000000    0.000000    0.000000    0.000000    0.000000    0.000000    0.000000    0.000000    0.000000    0.000000    0.000000
   4.58953    0.000000    0.000000    0.000000    0.000000    0.000000    0.000000    0.000000    0.000000    0.000000    0.000000    0.000000
   4.59553    0.000000    0.000000    0.000000    0.000000    0.000000    0.000000    0.000000    0.000000    0.000000    0.000000    0.000000
   4.60153    0.000000    0.000000    0.000000    0.000000    0.000000    0.000000    0.000000    0.000000    0.000000    0.000000    0.000000
   4.60754    0.000000    0.000000    0.000000    0.000000    0.000000    0.000000    0.000000    0.000000    0.000000    0.000000    0.000000
   4.61354    0.000000    0.000000    0.000000    0.000000    0.000000    0.000000    0.000000    0.000000    0.000000    0.000000    0.000000
   4.61954    0.000000    0.000000    0.000000    0.000000    0.000000    0.000000    0.000000    0.000000    0.000000    0.000000    0.000000
   4.62554    0.000000    0.000000    0.000000    0.000000    0.000000    0.000000    0.000000    0.000000    0.000000    0.000000    0.000000
   4.63154    0.000000    0.000000    0.000000    0.000000    0.000000    0.000000    0.000000    0.000000    0.000000    0.000000    0.000000
   4.63755    0.000000    0.000000    0.000000    0.000000    0.000000    0.000000    0.000000    0.000000    0.000000    0.000000    0.000000
   4.64355    0.000000    0.000000    0.000000    0.000000    0.000000    0.000000    0.000000    0.000000    0.000000    0.000000    0.000000
   4.64955    0.000000    0.000000    0.000000    0.000000    0.000000    0.000000    0.000000    0.000000    0.000000    0.000000    0.000000
   4.65555    0.000000    0.000000    0.000000    0.000000    0.000000    0.000000    0.000000    0.000000    0.000000    0.000000    0.000000
   4.66155    0.000000    0.000000    0.000000    0.000000    0.000000    0.000000    0.000000    0.000000    0.000000    0.000000    0.000000
   4.66756    0.000000    0.000000    0.000000    0.000000    0.000000    0.000000    0.000000    0.000000    0.000000    0.000000    0.000000
   4.67356    0.000000    0.000000    0.000000    0.000000    0.000000    0.000000    0.000000    0.000000    0.000000    0.000000    0.000000
   4.67956    0.000000    0.000000    0.000000    0.000000    0.000000    0.000000    0.000000    0.000000    0.000000    0.000000    0.000000
   4.68556    0.000000    0.000000    0.000000    0.000000    0.000000    0.000000    0.000000    0.000000    0.000000    0.000000    0.000000
   4.69156    0.000000    0.000000    0.000000    0.000000    0.000000    0.000000    0.000000    0.000000    0.000000    0.000000    0.000000
   4.69757    0.000000    0.000000    0.000000    0.000000    0.000000    0.000000    0.000000    0.000000    0.000000    0.000000    0.000000
   4.70357    0.000000    0.000000    0.000000    0.000000    0.000000    0.000000    0.000000    0.000000    0.000000    0.000000    0.000000
   4.70957    0.000000    0.000000    0.000000    0.000000    0.000000    0.000000    0.000000    0.000000    0.000000    0.000000    0.000000
   4.71557    0.000000    0.000000    0.000000    0.000000    0.000000    0.000000    0.000000    0.000000    0.000000    0.000000    0.000000
   4.72157    0.000000    0.000000    0.000000    0.000000    0.000000    0.000000    0.000000    0.000000    0.000000    0.000000    0.000000
   4.72758    0.000000    0.000000    0.000000    0.000000    0.000000    0.000000    0.000000    0.000000    0.000000    0.000000    0.000000
   4.73358    0.000000    0.000000    0.000000    0.000000    0.000000    0.000000    0.000000    0.000000    0.000000    0.000000    0.000000
   4.73958    0.000000    0.000000    0.000000    0.000000    0.000000    0.000000    0.000000    0.000000    0.000000    0.000000    0.000000
   4.74558    0.000000    0.000000    0.000000    0.000000    0.000000    0.000000    0.000000    0.000000    0.000000    0.000000    0.000000
   4.75158    0.000000    0.000000    0.000000    0.000000    0.000000    0.000000    0.000000    0.000000    0.000000    0.000000    0.000000
   4.75759    0.000000    0.000000    0.000000    0.000000    0.000000    0.000000    0.000000    0.000000    0.000000    0.000000    0.000000
   4.76359    0.000000    0.000000    0.000000    0.000000    0.000000    0.000000    0.000000    0.000000    0.000000    0.000000    0.000000
   4.76959    0.000000    0.000000    0.000000    0.000000    0.000000    0.000000    0.000000    0.000000    0.000000    0.000000    0.000000
   4.77559    0.000000    0.000000    0.000000    0.000000    0.000000    0.000000    0.000000    0.000000    0.000000    0.000000    0.000000
   4.78159    0.000000    0.000000    0.000000    0.000000    0.000000    0.000000    0.000000    0.000000    0.000000    0.000000    0.000000
   4.78760    0.000000    0.000000    0.000000    0.000000    0.000000    0.000000    0.000000    0.000000    0.000000    0.000000    0.000000
   4.79360    0.000000    0.000000    0.000000    0.000000    0.000000    0.000000    0.000000    0.000000    0.000000    0.000000    0.000000
   4.79960    0.000000    0.000000    0.000000    0.000000    0.000000    0.000000    0.000000    0.000000    0.000000    0.000000    0.000000
   4.80560    0.000000    0.000000    0.000000    0.000000    0.000000    0.000000    0.000000    0.000000    0.000000    0.000000    0.000000
   4.81160    0.000000    0.000000    0.000000    0.000000    0.000000    0.000000    0.000000    0.000000    0.000000    0.000000    0.000000
   4.81761    0.000000    0.000000    0.000000    0.000000    0.000000    0.000000    0.000000    0.000000    0.000000    0.000000    0.000000
   4.82361    0.000000    0.000000    0.000000    0.000000    0.000000    0.000000    0.000000    0.000000    0.000000    0.000000    0.000000
   4.82961    0.000000    0.000000    0.000000    0.000000    0.000000    0.000000    0.000000    0.000000    0.000000    0.000000    0.000000
   4.83561    0.000000    0.000000    0.000000    0.000000    0.000000    0.000000    0.000000    0.000000    0.000000    0.000000    0.000000
   4.84161    0.000000    0.000000    0.000000    0.000000    0.000000    0.000000    0.000000    0.000000    0.000000    0.000000    0.000000
   4.84762    0.000000    0.000000    0.000000    0.000000    0.000000    0.000000    0.000000    0.000000    0.000000    0.000000    0.000000
   4.85362    0.000000    0.000000    0.000000    0.000000    0.000000    0.000000    0.000000    0.000000    0.000000    0.000000    0.000000
   4.85962    0.000000    0.000000    0.000000    0.000000    0.000000    0.000000    0.000000    0.000000    0.000000    0.000000    0.000000
   4.86562    0.000000    0.000000    0.000000    0.000000    0.000000    0.000000    0.000000    0.000000    0.000000    0.000000    0.000000
   4.87162    0.000000    0.000000    0.000000    0.000000    0.000000    0.000000    0.000000    0.000000    0.000000    0.000000    0.000000
   4.87763    0.000000    0.000000    0.000000    0.000000    0.000000    0.000000    0.000000    0.000000    0.000000    0.000000    0.000000
   4.88363    0.000000    0.000000    0.000000    0.000000    0.000000    0.000000    0.000000    0.000000    0.000000    0.000000    0.000000
   4.88963    0.000000    0.000000    0.000000    0.000000    0.000000    0.000000    0.000000    0.000000    0.000000    0.000000    0.000000
   4.89563    0.000000    0.000000    0.000000    0.000000    0.000000    0.000000    0.000000    0.000000    0.000000    0.000000    0.000000
   4.90163    0.000000    0.000000    0.000000    0.000000    0.000000    0.000000    0.000000    0.000000    0.000000    0.000000    0.000000
   4.90764    0.000000    0.000000    0.000000    0.000000    0.000000    0.000000    0.000000    0.000000    0.000000    0.000000    0.000000
   4.91364    0.000000    0.000000    0.000000    0.000000    0.000000    0.000000    0.000000    0.000000    0.000000    0.000000    0.000000
   4.91964    0.000000    0.000000    0.000000    0.000000    0.000000    0.000000    0.000000    0.000000    0.000000    0.000000    0.000000
   4.92564    0.000000    0.000000    0.000000    0.000000    0.000000    0.000000    0.000000    0.000000    0.000000    0.000000    0.000000
   4.93164    0.000000    0.000000    0.000000    0.000000    0.000000    0.000000    0.000000    0.000000    0.000000    0.000000    0.000000
   4.93765    0.000000    0.000000    0.000000    0.000000    0.000000    0.000000    0.000000    0.000000    0.000000    0.000000    0.000000
   4.94365    0.000000    0.000000    0.000000    0.000000    0.000000    0.000000    0.000000    0.000000    0.000000    0.000000    0.000000
   4.94965    0.000000    0.000000    0.000000    0.000000    0.000000    0.000000    0.000000    0.000000    0.000000    0.000000    0.000000
   4.95565    0.000000    0.000000    0.000000    0.000000    0.000000    0.000000    0.000000    0.000000    0.000000    0.000000    0.000000
   4.96165    0.000000    0.000000    0.000000    0.000000    0.000000    0.000000    0.000000    0.000000    0.000000    0.000000    0.000000
   4.96766    0.000000    0.000000    0.000000    0.000000    0.000000    0.000000    0.000000    0.000000    0.000000    0.000000    0.000000
   4.97366    0.000000    0.000000    0.000000    0.000000    0.000000    0.000000    0.000000    0.000000    0.000000    0.000000    0.000000
   4.97966    0.000000    0.000000    0.000000    0.000000    0.000000    0.000000    0.000000    0.000000    0.000000    0.000000    0.000000
   4.98566    0.000000    0.000000    0.000000    0.000000    0.000000    0.000000    0.000000    0.000000    0.000000    0.000000    0.000000
   4.99166    0.000000    0.000000    0.000000    0.000000    0.000000    0.000000    0.000000    0.000000    0.000000    0.000000    0.000000
   4.99767    0.000000    0.000000    0.000000    0.000000    0.000000    0.000000    0.000000    0.000000    0.000000    0.000000    0.000000
   5.00367    0.000000    0.000000    0.000000    0.000000    0.000000    0.000000    0.000000    0.000000    0.000000    0.000000    0.000000
   5.00967    0.000000    0.000000    0.000000    0.000000    0.000000    0.000000    0.000000    0.000000    0.000000    0.000000    0.000000
   5.01567    0.000000    0.000000    0.000000    0.000000    0.000000    0.000000    0.000000    0.000000    0.000000    0.000000    0.000000
   5.02167    0.000000    0.000000    0.000000    0.000000    0.000000    0.000000    0.000000    0.000000    0.000000    0.000000    0.000000
   5.02768    0.000000    0.000000    0.000000    0.000000    0.000000    0.000000    0.000000    0.000000    0.000000    0.000000    0.000000
   5.03368    0.000000    0.000000    0.000000    0.000000    0.000000    0.000000    0.000000    0.000000    0.000000    0.000000    0.000000
   5.03968    0.000000    0.000000    0.000000    0.000000    0.000000    0.000000    0.000000    0.000000    0.000000    0.000000    0.000000
   5.04568    0.000000    0.000000    0.000000    0.000000    0.000000    0.000000    0.000000    0.000000    0.000000    0.000000    0.000000
   5.05168    0.000000    0.000000    0.000000    0.000000    0.000000    0.000000    0.000000    0.000000    0.000000    0.000000    0.000000
   5.05769    0.000000    0.000000    0.000000    0.000000    0.000000    0.000000    0.000000    0.000000    0.000000    0.000000    0.000000
   5.06369    0.000000    0.000000    0.000000    0.000000    0.000000    0.000000    0.000000    0.000000    0.000000    0.000000    0.000000
   5.06969    0.000000    0.000000    0.000000    0.000000    0.000000    0.000000    0.000000    0.000000    0.000000    0.000000    0.000000
   5.07569    0.000000    0.000000    0.000000    0.000000    0.000000    0.000000    0.000000    0.000000    0.000000    0.000000    0.000000
   5.08169    0.000000    0.000000    0.000000    0.000000    0.000000    0.000000    0.000000    0.000000    0.000000    0.000000    0.000000
   5.08770    0.000000    0.000000    0.000000    0.000000    0.000000    0.000000    0.000000    0.000000    0.000000    0.000000    0.000000
   5.09370    0.000000    0.000000    0.000000    0.000000    0.000000    0.000000    0.000000    0.000000    0.000000    0.000000    0.000000
   5.09970    0.000000    0.000000    0.000000    0.000000    0.000000    0.000000    0.000000    0.000000    0.000000    0.000000    0.000000
   5.10570    0.000000    0.000000    0.000000    0.000000    0.000000    0.000000    0.000000    0.000000    0.000000    0.000000    0.000000
   5.11170    0.000000    0.000000    0.000000    0.000000    0.000000    0.000000    0.000000    0.000000    0.000000    0.000000    0.000000
   5.11771    0.000000    0.000000    0.000000    0.000000    0.000000    0.000000    0.000000    0.000000    0.000000    0.000000    0.000000
   5.12371    0.000000    0.000000    0.000000    0.000000    0.000000    0.000000    0.000000    0.000000    0.000000    0.000000    0.000000
   5.12971    0.000000    0.000000    0.000000    0.000000    0.000000    0.000000    0.000000    0.000000    0.000000    0.000000    0.000000
   5.13571    0.000000    0.000000    0.000000    0.000000    0.000000    0.000000    0.000000    0.000000    0.000000    0.000000    0.000000
   5.14171    0.000000    0.000000    0.000000    0.000000    0.000000    0.000000    0.000000    0.000000    0.000000    0.000000    0.000000
   5.14772    0.000000    0.000000    0.000000    0.000000    0.000000    0.000000    0.000000    0.000000    0.000000    0.000000    0.000000
   5.15372    0.000000    0.000000    0.000000    0.000000    0.000000    0.000000    0.000000    0.000000    0.000000    0.000000    0.000000
   5.15972    0.000000    0.000000    0.000000    0.000000    0.000000    0.000000    0.000000    0.000000    0.000000    0.000000    0.000000
   5.16572    0.000000    0.000000    0.000000    0.000000    0.000000    0.000000    0.000000    0.000000    0.000000    0.000000    0.000000
   5.17172    0.000000    0.000000    0.000000    0.000000    0.000000    0.000000    0.000000    0.000000    0.000000    0.000000    0.000000
   5.17773    0.000000    0.000000    0.000000    0.000000    0.000000    0.000000    0.000000    0.000000    0.000000    0.000000    0.000000
   5.18373    0.000000    0.000000    0.000000    0.000000    0.000000    0.000000    0.000000    0.000000    0.000000    0.000000    0.000000
   5.18973    0.000000    0.000000    0.000000    0.000000    0.000000    0.000000    0.000000    0.000000    0.000000    0.000000    0.000000
   5.19573    0.000000    0.000000    0.000000    0.000000    0.000000    0.000000    0.000000    0.000000    0.000000    0.000000    0.000000
   5.20173    0.000000    0.000000    0.000000    0.000000    0.000000    0.000000    0.000000    0.000000    0.000000    0.000000    0.000000
   5.20774    0.000000    0.000000    0.000000    0.000000    0.000000    0.000000    0.000000    0.000000    0.000000    0.000000    0.000000
   5.21374    0.000000    0.000000    0.000000    0.000000    0.000000    0.000000    0.000000    0.000000    0.000000    0.000000    0.000000
   5.21974    0.000000    0.000000    0.000000    0.000000    0.000000    0.000000    0.000000    0.000000    0.000000    0.000000    0.000000
   5.22574    0.000000    0.000000    0.000000    0.000000    0.000000    0.000000    0.000000    0.000000    0.000000    0.000000    0.000000
   5.23174    0.000000    0.000000    0.000000    0.000000    0.000000    0.000000    0.000000    0.000000    0.000000    0.000000    0.000000
   5.23775    0.000000    0.000000    0.000000    0.000000    0.000000    0.000000    0.000000    0.000000    0.000000    0.000000    0.000000
   5.24375    0.000000    0.000000    0.000000    0.000000    0.000000    0.000000    0.000000    0.000000    0.000000    0.000000    0.000000
   5.24975    0.000000    0.000000    0.000000    0.000000    0.000000    0.000000    0.000000    0.000000    0.000000    0.000000    0.000000
   5.25575    0.000000    0.000000    0.000000    0.000000    0.000000    0.000000    0.000000    0.000000    0.000000    0.000000    0.000000
   5.26175    0.000000    0.000000    0.000000    0.000000    0.000000    0.000000    0.000000    0.000000    0.000000    0.000000    0.000000
   5.26776    0.000000    0.000000    0.000000    0.000000    0.000000    0.000000    0.000000    0.000000    0.000000    0.000000    0.000000
   5.27376    0.000000    0.000000    0.000000    0.000000    0.000000    0.000000    0.000000    0.000000    0.000000    0.000000    0.000000
   5.27976    0.000000    0.000000    0.000000    0.000000    0.000000    0.000000    0.000000    0.000000    0.000000    0.000000    0.000000
   5.28576    0.000000    0.000000    0.000000    0.000000    0.000000    0.000000    0.000000    0.000000    0.000000    0.000000    0.000000
   5.29176    0.000000    0.000000    0.000000    0.000000    0.000000    0.000000    0.000000    0.000000    0.000000    0.000000    0.000000
   5.29777    0.000000    0.000000    0.000000    0.000000    0.000000    0.000000    0.000000    0.000000    0.000000    0.000000    0.000000
   5.30377    0.000000    0.000000    0.000000    0.000000    0.000000    0.000000    0.000000    0.000000    0.000000    0.000000    0.000000
   5.30977    0.000000    0.000000    0.000000    0.000000    0.000000    0.000000    0.000000    0.000000    0.000000    0.000000    0.000000
   5.31577    0.000000    0.000000    0.000000    0.000000    0.000000    0.000000    0.000000    0.000000    0.000000    0.000000    0.000000
   5.32177    0.000000    0.000000    0.000000    0.000000    0.000000    0.000000    0.000000    0.000000    0.000000    0.000000    0.000000
   5.32778    0.000000    0.000000    0.000000    0.000000    0.000000    0.000000    0.000000    0.000000    0.000000    0.000000    0.000000
   5.33378    0.000000    0.000000    0.000000    0.000000    0.000000    0.000000    0.000000    0.000000    0.000000    0.000000    0.000000
   5.33978    0.000000    0.000000    0.000000    0.000000    0.000000    0.000000    0.000000    0.000000    0.000000    0.000000    0.000000
   5.34578    0.000000    0.000000    0.000000    0.000000    0.000000    0.000000    0.000000    0.000000    0.000000    0.000000    0.000000
   5.35178    0.000000    0.000000    0.000000    0.000000    0.000000    0.000000    0.000000    0.000000    0.000000    0.000000    0.000000
   5.35779    0.000000    0.000000    0.000000    0.000000    0.000000    0.000000    0.000000    0.000000    0.000000    0.000000    0.000000
   5.36379    0.000000    0.000000    0.000000    0.000000    0.000000    0.000000    0.000000    0.000000    0.000000    0.000000    0.000000
   5.36979    0.000000    0.000000    0.000000    0.000000    0.000000    0.000000    0.000000    0.000000    0.000000    0.000000    0.000000
   5.37579    0.000000    0.000000    0.000000    0.000000    0.000000    0.000000    0.000000    0.000000    0.000000    0.000000    0.000000
   5.38179    0.000000    0.000000    0.000000    0.000000    0.000000    0.000000    0.000000    0.000000    0.000000    0.000000    0.000000
   5.38780    0.000000    0.000000    0.000000    0.000000    0.000000    0.000000    0.000000    0.000000    0.000000    0.000000    0.000000
   5.39380    0.000000    0.000000    0.000000    0.000000    0.000000    0.000000    0.000000    0.000000    0.000000    0.000000    0.000000
   5.39980    0.000000    0.000000    0.000000    0.000000    0.000000    0.000000    0.000000    0.000000    0.000000    0.000000    0.000000
   5.40580    0.000000    0.000000    0.000000    0.000000    0.000000    0.000000    0.000000    0.000000    0.000000    0.000000    0.000000
   5.41180    0.000000    0.000000    0.000000    0.000000    0.000000    0.000000    0.000000    0.000000    0.000000    0.000000    0.000000
   5.41781    0.000000    0.000000    0.000000    0.000000    0.000000    0.000000    0.000000    0.000000    0.000000    0.000000    0.000000
   5.42381    0.000000    0.000000    0.000000    0.000000    0.000000    0.000000    0.000000    0.000000    0.000000    0.000000    0.000000
   5.42981    0.000000    0.000000    0.000000    0.000000    0.000000    0.000000    0.000000    0.000000    0.000000    0.000000    0.000000
   5.43581    0.000000    0.000000    0.000000    0.000000    0.000000    0.000000    0.000000    0.000000    0.000000    0.000000    0.000000
   5.44181    0.000000    0.000000    0.000000    0.000000    0.000000    0.000000    0.000000    0.000000    0.000000    0.000000    0.000000
   5.44782    0.000000    0.000000    0.000000    0.000000    0.000000    0.000000    0.000000    0.000000    0.000000    0.000000    0.000000
   5.45382    0.000000    0.000000    0.000000    0.000000    0.000000    0.000000    0.000000    0.000000    0.000000    0.000000    0.000000
   5.45982    0.000000    0.000000    0.000000    0.000000    0.000000    0.000000    0.000000    0.000000    0.000000    0.000000    0.000000
   5.46582    0.000000    0.000000    0.000000    0.000000    0.000000    0.000000    0.000000    0.000000    0.000000    0.000000    0.000000
   5.47182    0.000000    0.000000    0.000000    0.000000    0.000000    0.000000    0.000000    0.000000    0.000000    0.000000    0.000000
   5.47783    0.000000    0.000000    0.000000    0.000000    0.000000    0.000000    0.000000    0.000000    0.000000    0.000000    0.000000
   5.48383    0.000000    0.000000    0.000000    0.000000    0.000000    0.000000    0.000000    0.000000    0.000000    0.000000    0.000000
   5.48983    0.000000    0.000000    0.000000    0.000000    0.000000    0.000000    0.000000    0.000000    0.000000    0.000000    0.000000
   5.49583    0.000000    0.000000    0.000000    0.000000    0.000000    0.000000    0.000000    0.000000    0.000000    0.000000    0.000000
   5.50183    0.000000    0.000000    0.000000    0.000000    0.000000    0.000000    0.000000    0.000000    0.000000    0.000000    0.000000
   5.50784    0.000000    0.000000    0.000000    0.000000    0.000000    0.000000    0.000000    0.000000    0.000000    0.000000    0.000000
   5.51384    0.000000    0.000000    0.000000    0.000000    0.000000    0.000000    0.000000    0.000000    0.000000    0.000000    0.000000
   5.51984    0.000000    0.000000    0.000000    0.000000    0.000000    0.000000    0.000000    0.000000    0.000000    0.000000    0.000000
   5.52584    0.000000    0.000000    0.000000    0.000000    0.000000    0.000000    0.000000    0.000000    0.000000    0.000000    0.000000
   5.53184    0.000000    0.000000    0.000000    0.000000    0.000000    0.000000    0.000000    0.000000    0.000000    0.000000    0.000000
   5.53785    0.000000    0.000000    0.000000    0.000000    0.000000    0.000000    0.000000    0.000000    0.000000    0.000000    0.000000
   5.54385    0.000000    0.000000    0.000000    0.000000    0.000000    0.000000    0.000000    0.000000    0.000000    0.000000    0.000000
   5.54985    0.000000    0.000000    0.000000    0.000000    0.000000    0.000000    0.000000    0.000000    0.000000    0.000000    0.000000
   5.55585    0.000000    0.000000    0.000000    0.000000    0.000000    0.000000    0.000000    0.000000    0.000000    0.000000    0.000000
   5.56185    0.000000    0.000000    0.000000    0.000000    0.000000    0.000000    0.000000    0.000000    0.000000    0.000000    0.000000
   5.56786    0.000000    0.000000    0.000000    0.000000    0.000000    0.000000    0.000000    0.000000    0.000000    0.000000    0.000000
   5.57386    0.000000    0.000000    0.000000    0.000000    0.000000    0.000000    0.000000    0.000000    0.000000    0.000000    0.000000
   5.57986    0.000000    0.000000    0.000000    0.000000    0.000000    0.000000    0.000000    0.000000    0.000000    0.000000    0.000000
   5.58586    0.000000    0.000000    0.000000    0.000000    0.000000    0.000000    0.000000    0.000000    0.000000    0.000000    0.000000
   5.59186    0.000000    0.000000    0.000000    0.000000    0.000000    0.000000    0.000000    0.000000    0.000000    0.000000    0.000000
   5.59787    0.000000    0.000000    0.000000    0.000000    0.000000    0.000000    0.000000    0.000000    0.000000    0.000000    0.000000
   5.60387    0.000000    0.000000    0.000000    0.000000    0.000000    0.000000    0.000000    0.000000    0.000000    0.000000    0.000000
   5.60987    0.000000    0.000000    0.000000    0.000000    0.000000    0.000000    0.000000    0.000000    0.000000    0.000000    0.000000
   5.61587    0.000000    0.000000    0.000000    0.000000    0.000000    0.000000    0.000000    0.000000    0.000000    0.000000    0.000000
   5.62187    0.000000    0.000000    0.000000    0.000000    0.000000    0.000000    0.000000    0.000000    0.000000    0.000000    0.000000
   5.62788    0.000000    0.000000    0.000000    0.000000    0.000000    0.000000    0.000000    0.000000    0.000000    0.000000    0.000000
   5.63388    0.000000    0.000000    0.000000    0.000000    0.000000    0.000000    0.000000    0.000000    0.000000    0.000000    0.000000
   5.63988    0.000000    0.000000    0.000000    0.000000    0.000000    0.000000    0.000000    0.000000    0.000000    0.000000    0.000000
   5.64588    0.000000    0.000000    0.000000    0.000000    0.000000    0.000000    0.000000    0.000000    0.000000    0.000000    0.000000
   5.65188    0.000000    0.000000    0.000000    0.000000    0.000000    0.000000    0.000000    0.000000    0.000000    0.000000    0.000000
   5.65789    0.000000    0.000000    0.000000    0.000000    0.000000    0.000000    0.000000    0.000000    0.000000    0.000000    0.000000
   5.66389    0.000000    0.000000    0.000000    0.000000    0.000000    0.000000    0.000000    0.000000    0.000000    0.000000    0.000000
   5.66989    0.000000    0.000000    0.000000    0.000000    0.000000    0.000000    0.000000    0.000000    0.000000    0.000000    0.000000
   5.67589    0.000000    0.000000    0.000000    0.000000    0.000000    0.000000    0.000000    0.000000    0.000000    0.000000    0.000000
   5.68189    0.000000    0.000000    0.000000    0.000000    0.000000    0.000000    0.000000    0.000000    0.000000    0.000000    0.000000
   5.68790    0.000000    0.000000    0.000000    0.000000    0.000000    0.000000    0.000000    0.000000    0.000000    0.000000    0.000000
   5.69390    0.000000    0.000000    0.000000    0.000000    0.000000    0.000000    0.000000    0.000000    0.000000    0.000000    0.000000
   5.69990    0.000000    0.000000    0.000000    0.000000    0.000000    0.000000    0.000000    0.000000    0.000000    0.000000    0.000000
   5.70590    0.000000    0.000000    0.000000    0.000000    0.000000    0.000000    0.000000    0.000000    0.000000    0.000000    0.000000
   5.71190    0.000000    0.000000    0.000000    0.000000    0.000000    0.000000    0.000000    0.000000    0.000000    0.000000    0.000000
   5.71791    0.000000    0.000000    0.000000    0.000000    0.000000    0.000000    0.000000    0.000000    0.000000    0.000000    0.000000
   5.72391    0.000000    0.000000    0.000000    0.000000    0.000000    0.000000    0.000000    0.000000    0.000000    0.000000    0.000000
   5.72991    0.000000    0.000000    0.000000    0.000000    0.000000    0.000000    0.000000    0.000000    0.000000    0.000000    0.000000
   5.73591    0.000000    0.000000    0.000000    0.000000    0.000000    0.000000    0.000000    0.000000    0.000000    0.000000    0.000000
   5.74191    0.000000    0.000000    0.000000    0.000000    0.000000    0.000000    0.000000    0.000000    0.000000    0.000000    0.000000
   5.74792    0.000000    0.000000    0.000000    0.000000    0.000000    0.000000    0.000000    0.000000    0.000000    0.000000    0.000000
   5.75392    0.000000    0.000000    0.000000    0.000000    0.000000    0.000000    0.000000    0.000000    0.000000    0.000000    0.000000
   5.75992    0.000000    0.000000    0.000000    0.000000    0.000000    0.000000    0.000000    0.000000    0.000000    0.000000    0.000000
   5.76592    0.000000    0.000000    0.000000    0.000000    0.000000    0.000000    0.000000    0.000000    0.000000    0.000000    0.000000
   5.77192    0.000000    0.000000    0.000000    0.000000    0.000000    0.000000    0.000000    0.000000    0.000000    0.000000    0.000000
   5.77793    0.000000    0.000000    0.000000    0.000000    0.000000    0.000000    0.000000    0.000000    0.000000    0.000000    0.000000
   5.78393    0.000000    0.000000    0.000000    0.000000    0.000000    0.000000    0.000000    0.000000    0.000000    0.000000    0.000000
   5.78993    0.000000    0.000000    0.000000    0.000000    0.000000    0.000000    0.000000    0.000000    0.000000    0.000000    0.000000
   5.79593    0.000000    0.000000    0.000000    0.000000    0.000000    0.000000    0.000000    0.000000    0.000000    0.000000    0.000000
   5.80193    0.000000    0.000000    0.000000    0.000000    0.000000    0.000000    0.000000    0.000000    0.000000    0.000000    0.000000
   5.80794    0.000000    0.000000    0.000000    0.000000    0.000000    0.000000    0.000000    0.000000    0.000000    0.000000    0.000000
   5.81394    0.000000    0.000000    0.000000    0.000000    0.000000    0.000000    0.000000    0.000000    0.000000    0.000000    0.000000
   5.81994    0.000000    0.000000    0.000000    0.000000    0.000000    0.000000    0.000000    0.000000    0.000000    0.000000    0.000000
   5.82594    0.000000    0.000000    0.000000    0.000000    0.000000    0.000000    0.000000    0.000000    0.000000    0.000000    0.000000
   5.83194    0.000000    0.000000    0.000000    0.000000    0.000000    0.000000    0.000000    0.000000    0.000000    0.000000    0.000000
   5.83795    0.000000    0.000000    0.000000    0.000000    0.000000    0.000000    0.000000    0.000000    0.000000    0.000000    0.000000
   5.84395    0.000000    0.000000    0.000000    0.000000    0.000000    0.000000    0.000000    0.000000    0.000000    0.000000    0.000000
   5.84995    0.000000    0.000000    0.000000    0.000000    0.000000    0.000000    0.000000    0.000000    0.000000    0.000000    0.000000
   5.85595    0.000000    0.000000    0.000000    0.000000    0.000000    0.000000    0.000000    0.000000    0.000000    0.000000    0.000000
   5.86195    0.000000    0.000000    0.000000    0.000000    0.000000    0.000000    0.000000    0.000000    0.000000    0.000000    0.000000
   5.86796    0.000000    0.000000    0.000000    0.000000    0.000000    0.000000    0.000000    0.000000    0.000000    0.000000    0.000000
   5.87396    0.000000    0.000000    0.000000    0.000000    0.000000    0.000000    0.000000    0.000000    0.000000    0.000000    0.000000
   5.87996    0.000000    0.000000    0.000000    0.000000    0.000000    0.000000    0.000000    0.000000    0.000000    0.000000    0.000000
   5.88596    0.000000    0.000000    0.000000    0.000000    0.000000    0.000000    0.000000    0.000000    0.000000    0.000000    0.000000
   5.89196    0.000000    0.000000    0.000000    0.000000    0.000000    0.000000    0.000000    0.000000    0.000000    0.000000    0.000000
   5.89797    0.000000    0.000000    0.000000    0.000000    0.000000    0.000000    0.000000    0.000000    0.000000    0.000000    0.000000
   5.90397    0.000000    0.000000    0.000000    0.000000    0.000000    0.000000    0.000000    0.000000    0.000000    0.000000    0.000000
   5.90997    0.000000    0.000000    0.000000    0.000000    0.000000    0.000000    0.000000    0.000000    0.000000    0.000000    0.000000
   5.91597    0.000000    0.000000    0.000000    0.000000    0.000000    0.000000    0.000000    0.000000    0.000000    0.000000    0.000000
   5.92197    0.000000    0.000000    0.000000    0.000000    0.000000    0.000000    0.000000    0.000000    0.000000    0.000000    0.000000
   5.92798    0.000000    0.000000    0.000000    0.000000    0.000000    0.000000    0.000000    0.000000    0.000000    0.000000    0.000000
   5.93398    0.000000    0.000000    0.000000    0.000000    0.000000    0.000000    0.000000    0.000000    0.000000    0.000000    0.000000
   5.93998    0.000000    0.000000    0.000000    0.000000    0.000000    0.000000    0.000000    0.000000    0.000000    0.000000    0.000000
   5.94598    0.000000    0.000000    0.000000    0.000000    0.000000    0.000000    0.000000    0.000000    0.000000    0.000000    0.000000
   5.95198    0.000000    0.000000    0.000000    0.000000    0.000000    0.000000    0.000000    0.000000    0.000000    0.000000    0.000000
   5.95799    0.000000    0.000000    0.000000    0.000000    0.000000    0.000000    0.000000    0.000000    0.000000    0.000000    0.000000
   5.96399    0.000000    0.000000    0.000000    0.000000    0.000000    0.000000    0.000000    0.000000    0.000000    0.000000    0.000000
   5.96999    0.000000    0.000000    0.000000    0.000000    0.000000    0.000000    0.000000    0.000000    0.000000    0.000000    0.000000
   5.97599    0.000000    0.000000    0.000000    0.000000    0.000000    0.000000    0.000000    0.000000    0.000000    0.000000    0.000000
   5.98199    0.000000    0.000000    0.000000    0.000000    0.000000    0.000000    0.000000    0.000000    0.000000    0.000000    0.000000
   5.98800    0.000000    0.000000    0.000000    0.000000    0.000000    0.000000    0.000000    0.000000    0.000000    0.000000    0.000000
   5.99400    0.000000    0.000000    0.000000    0.000000    0.000000    0.000000    0.000000    0.000000    0.000000    0.000000    0.000000
   6.00000    0.000000    0.000000    0.000000    0.000000    0.000000    0.000000    0.000000    0.000000    0.000000    0.000000    0.000000
