 -12.00000    0.000000    0.000000    0.000000    0.000000    0.000000    0.000000    0.000000    0.000000    0.000000    0.000000    0.000000
 -11.99400    0.000000    0.000000    0.000000    0.000000    0.000000    0.000000    0.000000    0.000000    0.000000    0.000000    0.000000
 -11.98800    0.000000    0.000000    0.000000    0.000000    0.000000    0.000000    0.000000    0.000000    0.000000    0.000000    0.000000
 -11.98199    0.000000    0.000000    0.000000    0.000000    0.000000    0.000000    0.000000    0.000000    0.000000    0.000000    0.000000
 -11.97599    0.000000    0.000000    0.000000    0.000000    0.000000    0.000000    0.000000    0.000000    0.000000    0.000000    0.000000
 -11.96999    0.000000    0.000000    0.000000    0.000000    0.000000    0.000000    0.000000    0.000000    0.000000    0.000000    0.000000
 -11.96399    0.000000    0.000000    0.000000    0.000000    0.000000    0.000000    0.000000    0.000000    0.000000    0.000000    0.000000
 -11.95799    0.000000    0.000000    0.000000    0.000000    0.000000    0.000000    0.000000    0.000000    0.000000    0.000000    0.000000
 -11.95198    0.000000    0.000000    0.000000    0.000000    0.000000    0.000000    0.000000    0.000000    0.000000    0.000000    0.000000
 -11.94598    0.000000    0.000000    0.000000    0.000000    0.000000    0.000000    0.000000    0.000000    0.000000    0.000000    0.000000
 -11.93998    0.000000    0.000000    0.000000    0.000000    0.000000    0.000000    0.000000    0.000000    0.000000    0.000000    0.000000
 -11.93398    0.000000    0.000000    0.000000    0.000000    0.000000    0.000000    0.000000    0.000000    0.000000    0.000000    0.000000
 -11.92798    0.000000    0.000000    0.000000    0.000000    0.000000    0.000000    0.000000    0.000000    0.000000    0.000000    0.000000
 -11.92197    0.000000    0.000000    0.000000    0.000000    0.000000    0.000000    0.000000    0.000000    0.000000    0.000000    0.000000
 -11.91597    0.000000    0.000000    0.000000    0.000000    0.000000    0.000000    0.000000    0.000000    0.000000    0.000000    0.000000
 -11.90997    0.000000    0.000000    0.000000    0.000000    0.000000    0.000000    0.000000    0.000000    0.000000    0.000000    0.000000
 -11.90397    0.000000    0.000000    0.000000    0.000000    0.000000    0.000000    0.000000    0.000000    0.000000    0.000000    0.000000
 -11.89797    0.000000    0.000000    0.000000    0.000000    0.000000    0.000000    0.000000    0.000000    0.000000    0.000000    0.000000
 -11.89196    0.000000    0.000000    0.000000    0.000000    0.000000    0.000000    0.000000    0.000000    0.000000    0.000000    0.000000
 -11.88596    0.000000    0.000000    0.000000    0.000000    0.000000    0.000000    0.000000    0.000000    0.000000    0.000000    0.000000
 -11.87996    0.000000    0.000000    0.000000    0.000000    0.000000    0.000000    0.000000    0.000000    0.000000    0.000000    0.000000
 -11.87396    0.000000    0.000000    0.000000    0.000000    0.000000    0.000000    0.000000    0.000000    0.000000    0.000000    0.000000
 -11.86796    0.000000    0.000000    0.000000    0.000000    0.000000    0.000000    0.000000    0.000000    0.000000    0.000000    0.000000
 -11.86195    0.000000    0.000000    0.000000    0.000000    0.000000    0.000000    0.000000    0.000000    0.000000    0.000000    0.000000
 -11.85595    0.000000    0.000000    0.000000    0.000000    0.000000    0.000000    0.000000    0.000000    0.000000    0.000000    0.000000
 -11.84995    0.000000    0.000000    0.000000    0.000000    0.000000    0.000000    0.000000    0.000000    0.000000    0.000000    0.000000
 -11.84395    0.000000    0.000000    0.000000    0.000000    0.000000    0.000000    0.000000    0.000000    0.000000    0.000000    0.000000
 -11.83795    0.000000    0.000000    0.000000    0.000000    0.000000    0.000000    0.000000    0.000000    0.000000    0.000000    0.000000
 -11.83194    0.000000    0.000000    0.000000    0.000000    0.000000    0.000000    0.000000    0.000000    0.000000    0.000000    0.000000
 -11.82594    0.000000    0.000000    0.000000    0.000000    0.000000    0.000000    0.000000    0.000000    0.000000    0.000000    0.000000
 -11.81994    0.000000    0.000000    0.000000    0.000000    0.000000    0.000000    0.000000    0.000000    0.000000    0.000000    0.000000
 -11.81394    0.000000    0.000000    0.000000    0.000000    0.000000    0.000000    0.000000    0.000000    0.000000    0.000000    0.000000
 -11.80794    0.000000    0.000000    0.000000    0.000000    0.000000    0.000000    0.000000    0.000000    0.000000    0.000000    0.000000
 -11.80193    0.000000    0.000000    0.000000    0.000000    0.000000    0.000000    0.000000    0.000000    0.000000    0.000000    0.000000
 -11.79593    0.000000    0.000000    0.000000    0.000000    0.000000    0.000000    0.000000    0.000000    0.000000    0.000000    0.000000
 -11.78993    0.000000    0.000000    0.000000    0.000000    0.000000    0.000000    0.000000    0.000000    0.000000    0.000000    0.000000
 -11.78393    0.000000    0.000000    0.000000    0.000000    0.000000    0.000000    0.000000    0.000000    0.000000    0.000000    0.000000
 -11.77793    0.000000    0.000000    0.000000    0.000000    0.000000    0.000000    0.000000    0.000000    0.000000    0.000000    0.000000
 -11.77192    0.000000    0.000000    0.000000    0.000000    0.000000    0.000000    0.000000    0.000000    0.000000    0.000000    0.000000
 -11.76592    0.000000    0.000000    0.000000    0.000000    0.000000    0.000000    0.000000    0.000000    0.000000    0.000000    0.000000
 -11.75992    0.000000    0.000000    0.000000    0.000000    0.000000    0.000000    0.000000    0.000000    0.000000    0.000000    0.000000
 -11.75392    0.000000    0.000000    0.000000    0.000000    0.000000    0.000000    0.000000    0.000000    0.000000    0.000000    0.000000
 -11.74792    0.000000    0.000000    0.000000    0.000000    0.000000    0.000000    0.000000    0.000000    0.000000    0.000000    0.000000
 -11.74191    0.000000    0.000000    0.000000    0.000000    0.000000    0.000000    0.000000    0.000000    0.000000    0.000000    0.000000
 -11.73591    0.000000    0.000000    0.000000    0.000000    0.000000    0.000000    0.000000    0.000000    0.000000    0.000000    0.000000
 -11.72991    0.000000    0.000000    0.000000    0.000000    0.000000    0.000000    0.000000    0.000000    0.000000    0.000000    0.000000
 -11.72391    0.000000    0.000000    0.000000    0.000000    0.000000    0.000000    0.000000    0.000000    0.000000    0.000000    0.000000
 -11.71791    0.000000    0.000000    0.000000    0.000000    0.000000    0.000000    0.000000    0.000000    0.000000    0.000000    0.000000
 -11.71190    0.000000    0.000000    0.000000    0.000000    0.000000    0.000000    0.000000    0.000000    0.000000    0.000000    0.000000
 -11.70590    0.000000    0.000000    0.000000    0.000000    0.000000    0.000000    0.000000    0.000000    0.000000    0.000000    0.000000
 -11.69990    0.000000    0.000000    0.000000    0.000000    0.000000    0.000000    0.000000    0.000000    0.000000    0.000000    0.000000
 -11.69390    0.000000    0.000000    0.000000    0.000000    0.000000    0.000000    0.000000    0.000000    0.000000    0.000000    0.000000
 -11.68790    0.000000    0.000000    0.000000    0.000000    0.000000    0.000000    0.000000    0.000000    0.000000    0.000000    0.000000
 -11.68189    0.000000    0.000000    0.000000    0.000000    0.000000    0.000000    0.000000    0.000000    0.000000    0.000000    0.000000
 -11.67589    0.000000    0.000000    0.000000    0.000000    0.000000    0.000000    0.000000    0.000000    0.000000    0.000000    0.000000
 -11.66989    0.000000    0.000000    0.000000    0.000000    0.000000    0.000000    0.000000    0.000000    0.000000    0.000000    0.000000
 -11.66389    0.000000    0.000000    0.000000    0.000000    0.000000    0.000000    0.000000    0.000000    0.000000    0.000000    0.000000
 -11.65789    0.000000    0.000000    0.000000    0.000000    0.000000    0.000000    0.000000    0.000000    0.000000    0.000000    0.000000
 -11.65188    0.000000    0.000000    0.000000    0.000000    0.000000    0.000000    0.000000    0.000000    0.000000    0.000000    0.000000
 -11.64588    0.000000    0.000000    0.000000    0.000000    0.000000    0.000000    0.000000    0.000000    0.000000    0.000000    0.000000
 -11.63988    0.000000    0.000000    0.000000    0.000000    0.000000    0.000000    0.000000    0.000000    0.000000    0.000000    0.000000
 -11.63388    0.000000    0.000000    0.000000    0.000000    0.000000    0.000000    0.000000    0.000000    0.000000    0.000000    0.000000
 -11.62788    0.000000    0.000000    0.000000    0.000000    0.000000    0.000000    0.000000    0.000000    0.000000    0.000000    0.000000
 -11.62187    0.000000    0.000000    0.000000    0.000000    0.000000    0.000000    0.000000    0.000000    0.000000    0.000000    0.000000
 -11.61587    0.000000    0.000000    0.000000    0.000000    0.000000    0.000000    0.000000    0.000000    0.000000    0.000000    0.000000
 -11.60987    0.000000    0.000000    0.000000    0.000000    0.000000    0.000000    0.000000    0.000000    0.000000    0.000000    0.000000
 -11.60387    0.000000    0.000000    0.000000    0.000000    0.000000    0.000000    0.000000    0.000000    0.000000    0.000000    0.000000
 -11.59787    0.000000    0.000000    0.000000    0.000000    0.000000    0.000000    0.000000    0.000000    0.000000    0.000000    0.000000
 -11.59186    0.000000    0.000000    0.000000    0.000000    0.000000    0.000000    0.000000    0.000000    0.000000    0.000000    0.000000
 -11.58586    0.000000    0.000000    0.000000    0.000000    0.000000    0.000000    0.000000    0.000000    0.000000    0.000000    0.000000
 -11.57986    0.000000    0.000000    0.000000    0.000000    0.000000    0.000000    0.000000    0.000000    0.000000    0.000000    0.000000
 -11.57386    0.000000    0.000000    0.000000    0.000000    0.000000    0.000000    0.000000    0.000000    0.000000    0.000000    0.000000
 -11.56786    0.000000    0.000000    0.000000    0.000000    0.000000    0.000000    0.000000    0.000000    0.000000    0.000000    0.000000
 -11.56185    0.000000    0.000000    0.000000    0.000000    0.000000    0.000000    0.000000    0.000000    0.000000    0.000000    0.000000
 -11.55585    0.000000    0.000000    0.000000    0.000000    0.000000    0.000000    0.000000    0.000000    0.000000    0.000000    0.000000
 -11.54985    0.000000    0.000000    0.000000    0.000000    0.000000    0.000000    0.000000    0.000000    0.000000    0.000000    0.000000
 -11.54385    0.000000    0.000000    0.000000    0.000000    0.000000    0.000000    0.000000    0.000000    0.000000    0.000000    0.000000
 -11.53785    0.000000    0.000000    0.000000    0.000000    0.000000    0.000000    0.000000    0.000000    0.000000    0.000000    0.000000
 -11.53184    0.000000    0.000000    0.000000    0.000000    0.000000    0.000000    0.000000    0.000000    0.000000    0.000000    0.000000
 -11.52584    0.000000    0.000000    0.000000    0.000000    0.000000    0.000000    0.000000    0.000000    0.000000    0.000000    0.000000
 -11.51984    0.000000    0.000000    0.000000    0.000000    0.000000    0.000000    0.000000    0.000000    0.000000    0.000000    0.000000
 -11.51384    0.000000    0.000000    0.000000    0.000000    0.000000    0.000000    0.000000    0.000000    0.000000    0.000000    0.000000
 -11.50784    0.000000    0.000000    0.000000    0.000000    0.000000    0.000000    0.000000    0.000000    0.000000    0.000000    0.000000
 -11.50183    0.000000    0.000000    0.000000    0.000000    0.000000    0.000000    0.000000    0.000000    0.000000    0.000000    0.000000
 -11.49583    0.000000    0.000000    0.000000    0.000000    0.000000    0.000000    0.000000    0.000000    0.000000    0.000000    0.000000
 -11.48983    0.000000    0.000000    0.000000    0.000000    0.000000    0.000000    0.000000    0.000000    0.000000    0.000000    0.000000
 -11.48383    0.000000    0.000000    0.000000    0.000000    0.000000    0.000000    0.000000    0.000000    0.000000    0.000000    0.000000
 -11.47783    0.000000    0.000000    0.000000    0.000000    0.000000    0.000000    0.000000    0.000000    0.000000    0.000000    0.000000
 -11.47182    0.000000    0.000000    0.000000    0.000000    0.000000    0.000000    0.000000    0.000000    0.000000    0.000000    0.000000
 -11.46582    0.000000    0.000000    0.000000    0.000000    0.000000    0.000000    0.000000    0.000000    0.000000    0.000000    0.000000
 -11.45982    0.000000    0.000000    0.000000    0.000000    0.000000    0.000000    0.000000    0.000000    0.000000    0.000000    0.000000
 -11.45382    0.000000    0.000000    0.000000    0.000000    0.000000    0.000000    0.000000    0.000000    0.000000    0.000000    0.000000
 -11.44782    0.000000    0.000000    0.000000    0.000000    0.000000    0.000000    0.000000    0.000000    0.000000    0.000000    0.000000
 -11.44181    0.000000    0.000000    0.000000    0.000000    0.000000    0.000000    0.000000    0.000000    0.000000    0.000000    0.000000
 -11.43581    0.000000    0.000000    0.000000    0.000000    0.000000    0.000000    0.000000    0.000000    0.000000    0.000000    0.000000
 -11.42981    0.000000    0.000000    0.000000    0.000000    0.000000    0.000000    0.000000    0.000000    0.000000    0.000000    0.000000
 -11.42381    0.000000    0.000000    0.000000    0.000000    0.000000    0.000000    0.000000    0.000000    0.000000    0.000000    0.000000
 -11.41781    0.000000    0.000000    0.000000    0.000000    0.000000    0.000000    0.000000    0.000000    0.000000    0.000000    0.000000
 -11.41180    0.000000    0.000000    0.000000    0.000000    0.000000    0.000000    0.000000    0.000000    0.000000    0.000000    0.000000
 -11.40580    0.000000    0.000000    0.000000    0.000000    0.000000    0.000000    0.000000    0.000000    0.000000    0.000000    0.000000
 -11.39980    0.000000    0.000000    0.000000    0.000000    0.000000    0.000000    0.000000    0.000000    0.000000    0.000000    0.000000
 -11.39380    0.000000    0.000000    0.000000    0.000000    0.000000    0.000000    0.000000    0.000000    0.000000    0.000000    0.000000
 -11.38780    0.000000    0.000000    0.000000    0.000000    0.000000    0.000000    0.000000    0.000000    0.000000    0.000000    0.000000
 -11.38179    0.000000    0.000000    0.000000    0.000000    0.000000    0.000000    0.000000    0.000000    0.000000    0.000000    0.000000
 -11.37579    0.000000    0.000000    0.000000    0.000000    0.000000    0.000000    0.000000    0.000000    0.000000    0.000000    0.000000
 -11.36979    0.000000    0.000000    0.000000    0.000000    0.000000    0.000000    0.000000    0.000000    0.000000    0.000000    0.000000
 -11.36379    0.000000    0.000000    0.000000    0.000000    0.000000    0.000000    0.000000    0.000000    0.000000    0.000000    0.000000
 -11.35779    0.000000    0.000000    0.000000    0.000000    0.000000    0.000000    0.000000    0.000000    0.000000    0.000000    0.000000
 -11.35178    0.000000    0.000000    0.000000    0.000000    0.000000    0.000000    0.000000    0.000000    0.000000    0.000000    0.000000
 -11.34578    0.000000    0.000000    0.000000    0.000000    0.000000    0.000000    0.000000    0.000000    0.000000    0.000000    0.000000
 -11.33978    0.000000    0.000000    0.000000    0.000000    0.000000    0.000000    0.000000    0.000000    0.000000    0.000000    0.000000
 -11.33378    0.000000    0.000000    0.000000    0.000000    0.000000    0.000000    0.000000    0.000000    0.000000    0.000000    0.000000
 -11.32778    0.000000    0.000000    0.000000    0.000000    0.000000    0.000000    0.000000    0.000000    0.000000    0.000000    0.000000
 -11.32177    0.000000    0.000000    0.000000    0.000000    0.000000    0.000000    0.000000    0.000000    0.000000    0.000000    0.000000
 -11.31577    0.000000    0.000000    0.000000    0.000000    0.000000    0.000000    0.000000    0.000000    0.000000    0.000000    0.000000
 -11.30977    0.000000    0.000000    0.000000    0.000000    0.000000    0.000000    0.000000    0.000000    0.000000    0.000000    0.000000
 -11.30377    0.000000    0.000000    0.000000    0.000000    0.000000    0.000000    0.000000    0.000000    0.000000    0.000000    0.000000
 -11.29777    0.000000    0.000000    0.000000    0.000000    0.000000    0.000000    0.000000    0.000000    0.000000    0.000000    0.000000
 -11.29176    0.000000    0.000000    0.000000    0.000000    0.000000    0.000000    0.000000    0.000000    0.000000    0.000000    0.000000
 -11.28576    0.000000    0.000000    0.000000    0.000000    0.000000    0.000000    0.000000    0.000000    0.000000    0.000000    0.000000
 -11.27976    0.000000    0.000000    0.000000    0.000000    0.000000    0.000000    0.000000    0.000000    0.000000    0.000000    0.000000
 -11.27376    0.000000    0.000000    0.000000    0.000000    0.000000    0.000000    0.000000    0.000000    0.000000    0.000000    0.000000
 -11.26776    0.000000    0.000000    0.000000    0.000000    0.000000    0.000000    0.000000    0.000000    0.000000    0.000000    0.000000
 -11.26175    0.000000    0.000000    0.000000    0.000000    0.000000    0.000000    0.000000    0.000000    0.000000    0.000000    0.000000
 -11.25575    0.000000    0.000000    0.000000    0.000000    0.000000    0.000000    0.000000    0.000000    0.000000    0.000000    0.000000
 -11.24975    0.000000    0.000000    0.000000    0.000000    0.000000    0.000000    0.000000    0.000000    0.000000    0.000000    0.000000
 -11.24375    0.000000    0.000000    0.000000    0.000000    0.000000    0.000000    0.000000    0.000000    0.000000    0.000000    0.000000
 -11.23775    0.000000    0.000000    0.000000    0.000000    0.000000    0.000000    0.000000    0.000000    0.000000    0.000000    0.000000
 -11.23174    0.000000    0.000000    0.000000    0.000000    0.000000    0.000000    0.000000    0.000000    0.000000    0.000000    0.000000
 -11.22574    0.000000    0.000000    0.000000    0.000000    0.000000    0.000000    0.000000    0.000000    0.000000    0.000000    0.000000
 -11.21974    0.000000    0.000000    0.000000    0.000000    0.000000    0.000000    0.000000    0.000000    0.000000    0.000000    0.000000
 -11.21374    0.000000    0.000000    0.000000    0.000000    0.000000    0.000000    0.000000    0.000000    0.000000    0.000000    0.000000
 -11.20774    0.000000    0.000000    0.000000    0.000000    0.000000    0.000000    0.000000    0.000000    0.000000    0.000000    0.000000
 -11.20173    0.000000    0.000000    0.000000    0.000000    0.000000    0.000000    0.000000    0.000000    0.000000    0.000000    0.000000
 -11.19573    0.000000    0.000000    0.000000    0.000000    0.000000    0.000000    0.000000    0.000000    0.000000    0.000000    0.000000
 -11.18973    0.000000    0.000000    0.000000    0.000000    0.000000    0.000000    0.000000    0.000000    0.000000    0.000000    0.000000
 -11.18373    0.000000    0.000000    0.000000    0.000000    0.000000    0.000000    0.000000    0.000000    0.000000    0.000000    0.000000
 -11.17773    0.000000    0.000000    0.000000    0.000000    0.000000    0.000000    0.000000    0.000000    0.000000    0.000000    0.000000
 -11.17172    0.000000    0.000000    0.000000    0.000000    0.000000    0.000000    0.000000    0.000000    0.000000    0.000000    0.000000
 -11.16572    0.000000    0.000000    0.000000    0.000000    0.000000    0.000000    0.000000    0.000000    0.000000    0.000000    0.000000
 -11.15972    0.000000    0.000000    0.000000    0.000000    0.000000    0.000000    0.000000    0.000000    0.000000    0.000000    0.000000
 -11.15372    0.000000    0.000000    0.000000    0.000000    0.000000    0.000000    0.000000    0.000000    0.000000    0.000000    0.000000
 -11.14772    0.000000    0.000000    0.000000    0.000000    0.000000    0.000000    0.000000    0.000000    0.000000    0.000000    0.000000
 -11.14171    0.000000    0.000000    0.000000    0.000000    0.000000    0.000000    0.000000    0.000000    0.000000    0.000000    0.000000
 -11.13571    0.000000    0.000000    0.000000    0.000000    0.000000    0.000000    0.000000    0.000000    0.000000    0.000000    0.000000
 -11.12971    0.000000    0.000000    0.000000    0.000000    0.000000    0.000000    0.000000    0.000000    0.000000    0.000000    0.000000
 -11.12371    0.000000    0.000000    0.000000    0.000000    0.000000    0.000000    0.000000    0.000000    0.000000    0.000000    0.000000
 -11.11771    0.000000    0.000000    0.000000    0.000000    0.000000    0.000000    0.000000    0.000000    0.000000    0.000000    0.000000
 -11.11170    0.000000    0.000000    0.000000    0.000000    0.000000    0.000000    0.000000    0.000000    0.000000    0.000000    0.000000
 -11.10570    0.000000    0.000000    0.000000    0.000000    0.000000    0.000000    0.000000    0.000000    0.000000    0.000000    0.000000
 -11.09970    0.000000    0.000000    0.000000    0.000000    0.000000    0.000000    0.000000    0.000000    0.000000    0.000000    0.000000
 -11.09370    0.000000    0.000000    0.000000    0.000000    0.000000    0.000000    0.000000    0.000000    0.000000    0.000000    0.000000
 -11.08770    0.000000    0.000000    0.000000    0.000000    0.000000    0.000000    0.000000    0.000000    0.000000    0.000000    0.000000
 -11.08169    0.000000    0.000000    0.000000    0.000000    0.000000    0.000000    0.000000    0.000000    0.000000    0.000000    0.000000
 -11.07569    0.000000    0.000000    0.000000    0.000000    0.000000    0.000000    0.000000    0.000000    0.000000    0.000000    0.000000
 -11.06969    0.000000    0.000000    0.000000    0.000000    0.000000    0.000000    0.000000    0.000000    0.000000    0.000000    0.000000
 -11.06369    0.000000    0.000000    0.000000    0.000000    0.000000    0.000000    0.000000    0.000000    0.000000    0.000000    0.000000
 -11.05769    0.000000    0.000000    0.000000    0.000000    0.000000    0.000000    0.000000    0.000000    0.000000    0.000000    0.000000
 -11.05168    0.000000    0.000000    0.000000    0.000000    0.000000    0.000000    0.000000    0.000000    0.000000    0.000000    0.000000
 -11.04568    0.000000    0.000000    0.000000    0.000000    0.000000    0.000000    0.000000    0.000000    0.000000    0.000000    0.000000
 -11.03968    0.000000    0.000000    0.000000    0.000000    0.000000    0.000000    0.000000    0.000000    0.000000    0.000000    0.000000
 -11.03368    0.000000    0.000000    0.000000    0.000000    0.000000    0.000000    0.000000    0.000000    0.000000    0.000000    0.000000
 -11.02768    0.000000    0.000000    0.000000    0.000000    0.000000    0.000000    0.000000    0.000000    0.000000    0.000000    0.000000
 -11.02167    0.000000    0.000000    0.000000    0.000000    0.000000    0.000000    0.000000    0.000000    0.000000    0.000000    0.000000
 -11.01567    0.000000    0.000000    0.000000    0.000000    0.000000    0.000000    0.000000    0.000000    0.000000    0.000000    0.000000
 -11.00967    0.000000    0.000000    0.000000    0.000000    0.000000    0.000000    0.000000    0.000000    0.000000    0.000000    0.000000
 -11.00367    0.000000    0.000000    0.000000    0.000000    0.000000    0.000000    0.000000    0.000000    0.000000    0.000000    0.000000
 -10.99767    0.000000    0.000000    0.000000    0.000000    0.000000    0.000000    0.000000    0.000000    0.000000    0.000000    0.000000
 -10.99166    0.000000    0.000000    0.000000    0.000000    0.000000    0.000000    0.000000    0.000000    0.000000    0.000000    0.000000
 -10.98566    0.000000    0.000000    0.000000    0.000000    0.000000    0.000000    0.000000    0.000000    0.000000    0.000000    0.000000
 -10.97966    0.000000    0.000000    0.000000    0.000000    0.000000    0.000000    0.000000    0.000000    0.000000    0.000000    0.000000
 -10.97366    0.000000    0.000000    0.000000    0.000000    0.000000    0.000000    0.000000    0.000000    0.000000    0.000000    0.000000
 -10.96766    0.000000    0.000000    0.000000    0.000000    0.000000    0.000000    0.000000    0.000000    0.000000    0.000000    0.000000
 -10.96165    0.000000    0.000000    0.000000    0.000000    0.000000    0.000000    0.000000    0.000000    0.000000    0.000000    0.000000
 -10.95565    0.000000    0.000000    0.000000    0.000000    0.000000    0.000000    0.000000    0.000000    0.000000    0.000000    0.000000
 -10.94965    0.000000    0.000000    0.000000    0.000000    0.000000    0.000000    0.000000    0.000000    0.000000    0.000000    0.000000
 -10.94365    0.000000    0.000000    0.000000    0.000000    0.000000    0.000000    0.000000    0.000000    0.000000    0.000000    0.000000
 -10.93765    0.000000    0.000000    0.000000    0.000000    0.000000    0.000000    0.000000    0.000000    0.000000    0.000000    0.000000
 -10.93164    0.000000    0.000000    0.000000    0.000000    0.000000    0.000000    0.000000    0.000000    0.000000    0.000000    0.000000
 -10.92564    0.000000    0.000000    0.000000    0.000000    0.000000    0.000000    0.000000    0.000000    0.000000    0.000000    0.000000
 -10.91964    0.000000    0.000000    0.000000    0.000000    0.000000    0.000000    0.000000    0.000000    0.000000    0.000000    0.000000
 -10.91364    0.000000    0.000000    0.000000    0.000000    0.000000    0.000000    0.000000    0.000000    0.000000    0.000000    0.000000
 -10.90764    0.000000    0.000000    0.000000    0.000000    0.000000    0.000000    0.000000    0.000000    0.000000    0.000000    0.000000
 -10.90163    0.000000    0.000000    0.000000    0.000000    0.000000    0.000000    0.000000    0.000000    0.000000    0.000000    0.000000
 -10.89563    0.000000    0.000000    0.000000    0.000000    0.000000    0.000000    0.000000    0.000000    0.000000    0.000000    0.000000
 -10.88963    0.000000    0.000000    0.000000    0.000000    0.000000    0.000000    0.000000    0.000000    0.000000    0.000000    0.000000
 -10.88363    0.000000    0.000000    0.000000    0.000000    0.000000    0.000000    0.000000    0.000000    0.000000    0.000000    0.000000
 -10.87763    0.000000    0.000000    0.000000    0.000000    0.000000    0.000000    0.000000    0.000000    0.000000    0.000000    0.000000
 -10.87162    0.000000    0.000000    0.000000    0.000000    0.000000    0.000000    0.000000    0.000000    0.000000    0.000000    0.000000
 -10.86562    0.000000    0.000000    0.000000    0.000000    0.000000    0.000000    0.000000    0.000000    0.000000    0.000000    0.000000
 -10.85962    0.000000    0.000000    0.000000    0.000000    0.000000    0.000000    0.000000    0.000000    0.000000    0.000000    0.000000
 -10.85362    0.000000    0.000000    0.000000    0.000000    0.000000    0.000000    0.000000    0.000000    0.000000    0.000000    0.000000
 -10.84762    0.000000    0.000000    0.000000    0.000000    0.000000    0.000000    0.000000    0.000000    0.000000    0.000000    0.000000
 -10.84161    0.000000    0.000000    0.000000    0.000000    0.000000    0.000000    0.000000    0.000000    0.000000    0.000000    0.000000
 -10.83561    0.000000    0.000000    0.000000    0.000000    0.000000    0.000000    0.000000    0.000000    0.000000    0.000000    0.000000
 -10.82961    0.000000    0.000000    0.000000    0.000000    0.000000    0.000000    0.000000    0.000000    0.000000    0.000000    0.000000
 -10.82361    0.000000    0.000000    0.000000    0.000000    0.000000    0.000000    0.000000    0.000000    0.000000    0.000000    0.000000
 -10.81761    0.000000    0.000000    0.000000    0.000000    0.000000    0.000000    0.000000    0.000000    0.000000    0.000000    0.000000
 -10.81160    0.000000    0.000000    0.000000    0.000000    0.000000    0.000000    0.000000    0.000000    0.000000    0.000000    0.000000
 -10.80560    0.000000    0.000000    0.000000    0.000000    0.000000    0.000000    0.000000    0.000000    0.000000    0.000000    0.000000
 -10.79960    0.000000    0.000000    0.000000    0.000000    0.000000    0.000000    0.000000    0.000000    0.000000    0.000000    0.000000
 -10.79360    0.000000    0.000000    0.000000    0.000000    0.000000    0.000000    0.000000    0.000000    0.000000    0.000000    0.000000
 -10.78760    0.000000    0.000000    0.000000    0.000000    0.000000    0.000000    0.000000    0.000000    0.000000    0.000000    0.000000
 -10.78159    0.000000    0.000000    0.000000    0.000000    0.000000    0.000000    0.000000    0.000000    0.000000    0.000000    0.000000
 -10.77559    0.000000    0.000000    0.000000    0.000000    0.000000    0.000000    0.000000    0.000000    0.000000    0.000000    0.000000
 -10.76959    0.000000    0.000000    0.000000    0.000000    0.000000    0.000000    0.000000    0.000000    0.000000    0.000000    0.000000
 -10.76359    0.000000    0.000000    0.000000    0.000000    0.000000    0.000000    0.000000    0.000000    0.000000    0.000000    0.000000
 -10.75759    0.000000    0.000000    0.000000    0.000000    0.000000    0.000000    0.000000    0.000000    0.000000    0.000000    0.000000
 -10.75158    0.000000    0.000000    0.000000    0.000000    0.000000    0.000000    0.000000    0.000000    0.000000    0.000000    0.000000
 -10.74558    0.000000    0.000000    0.000000    0.000000    0.000000    0.000000    0.000000    0.000000    0.000000    0.000000    0.000000
 -10.73958    0.000000    0.000000    0.000000    0.000000    0.000000    0.000000    0.000000    0.000000    0.000000    0.000000    0.000000
 -10.73358    0.000000    0.000000    0.000000    0.000000    0.000000    0.000000    0.000000    0.000000    0.000000    0.000000    0.000000
 -10.72758    0.000000    0.000000    0.000000    0.000000    0.000000    0.000000    0.000000    0.000000    0.000000    0.000000    0.000000
 -10.72157    0.000000    0.000000    0.000000    0.000000    0.000000    0.000000    0.000000    0.000000    0.000000    0.000000    0.000000
 -10.71557    0.000000    0.000000    0.000000    0.000000    0.000000    0.000000    0.000000    0.000000    0.000000    0.000000    0.000000
 -10.70957    0.000000    0.000000    0.000000    0.000000    0.000000    0.000000    0.000000    0.000000    0.000000    0.000000    0.000000
 -10.70357    0.000000    0.000000    0.000000    0.000000    0.000000    0.000000    0.000000    0.000000    0.000000    0.000000    0.000000
 -10.69757    0.000000    0.000000    0.000000    0.000000    0.000000    0.000000    0.000000    0.000000    0.000000    0.000000    0.000000
 -10.69156    0.000000    0.000000    0.000000    0.000000    0.000000    0.000000    0.000000    0.000000    0.000000    0.000000    0.000000
 -10.68556    0.000000    0.000000    0.000000    0.000000    0.000000    0.000000    0.000000    0.000000    0.000000    0.000000    0.000000
 -10.67956    0.000000    0.000000    0.000000    0.000000    0.000000    0.000000    0.000000    0.000000    0.000000    0.000000    0.000000
 -10.67356    0.000000    0.000000    0.000000    0.000000    0.000000    0.000000    0.000000    0.000000    0.000000    0.000000    0.000000
 -10.66756    0.000000    0.000000    0.000000    0.000000    0.000000    0.000000    0.000000    0.000000    0.000000    0.000000    0.000000
 -10.66155    0.000000    0.000000    0.000000    0.000000    0.000000    0.000000    0.000000    0.000000    0.000000    0.000000    0.000000
 -10.65555    0.000000    0.000000    0.000000    0.000000    0.000000    0.000000    0.000000    0.000000    0.000000    0.000000    0.000000
 -10.64955    0.000000    0.000000    0.000000    0.000000    0.000000    0.000000    0.000000    0.000000    0.000000    0.000000    0.000000
 -10.64355    0.000000    0.000000    0.000000    0.000000    0.000000    0.000000    0.000000    0.000000    0.000000    0.000000    0.000000
 -10.63755    0.000000    0.000000    0.000000    0.000000    0.000000    0.000000    0.000000    0.000000    0.000000    0.000000    0.000000
 -10.63154    0.000000    0.000000    0.000000    0.000000    0.000000    0.000000    0.000000    0.000000    0.000000    0.000000    0.000000
 -10.62554    0.000000    0.000000    0.000000    0.000000    0.000000    0.000000    0.000000    0.000000    0.000000    0.000000    0.000000
 -10.61954    0.000000    0.000000    0.000000    0.000000    0.000000    0.000000    0.000000    0.000000    0.000000    0.000000    0.000000
 -10.61354    0.000000    0.000000    0.000000    0.000000    0.000000    0.000000    0.000000    0.000000    0.000000    0.000000    0.000000
 -10.60754    0.000000    0.000000    0.000000    0.000000    0.000000    0.000000    0.000000    0.000000    0.000000    0.000000    0.000000
 -10.60153    0.000000    0.000000    0.000000    0.000000    0.000000    0.000000    0.000000    0.000000    0.000000    0.000000    0.000000
 -10.59553    0.000000    0.000000    0.000000    0.000000    0.000000    0.000000    0.000000    0.000000    0.000000    0.000000    0.000000
 -10.58953    0.000000    0.000000    0.000000    0.000000    0.000000    0.000000    0.000000    0.000000    0.000000    0.000000    0.000000
 -10.58353    0.000000    0.000000    0.000000    0.000000    0.000000    0.000000    0.000000    0.000000    0.000000    0.000000    0.000000
 -10.57753    0.000000    0.000000    0.000000    0.000000    0.000000    0.000000    0.000000    0.000000    0.000000    0.000000    0.000000
 -10.57152    0.000000    0.000000    0.000000    0.000000    0.000000    0.000000    0.000000    0.000000    0.000000    0.000000    0.000000
 -10.56552    0.000000    0.000000    0.000000    0.000000    0.000000    0.000000    0.000000    0.000000    0.000000    0.000000    0.000000
 -10.55952    0.000000    0.000000    0.000000    0.000000    0.000000    0.000000    0.000000    0.000000    0.000000    0.000000    0.000000
 -10.55352    0.000000    0.000000    0.000000    0.000000    0.000000    0.000000    0.000000    0.000000    0.000000    0.000000    0.000000
 -10.54752    0.000000    0.000000    0.000000    0.000000    0.000000    0.000000    0.000000    0.000000    0.000000    0.000000    0.000000
 -10.54151    0.000000    0.000000    0.000000    0.000000    0.000000    0.000000    0.000000    0.000000    0.000000    0.000000    0.000000
 -10.53551    0.000000    0.000000    0.000000    0.000000    0.000000    0.000000    0.000000    0.000000    0.000000    0.000000    0.000000
 -10.52951    0.000000    0.000000    0.000000    0.000000    0.000000    0.000000    0.000000    0.000000    0.000000    0.000000    0.000000
 -10.52351    0.000000    0.000000    0.000000    0.000000    0.000000    0.000000    0.000000    0.000000    0.000000    0.000000    0.000000
 -10.51751    0.000000    0.000000    0.000000    0.000000    0.000000    0.000000    0.000000    0.000000    0.000000    0.000000    0.000000
 -10.51150    0.000000    0.000000    0.000000    0.000000    0.000000    0.000000    0.000000    0.000000    0.000000    0.000000    0.000000
 -10.50550    0.000000    0.000000    0.000000    0.000000    0.000000    0.000000    0.000000    0.000000    0.000000    0.000000    0.000000
 -10.49950    0.000000    0.000000    0.000000    0.000000    0.000000    0.000000    0.000000    0.000000    0.000000    0.000000    0.000000
 -10.49350    0.000000    0.000000    0.000000    0.000000    0.000000    0.000000    0.000000    0.000000    0.000000    0.000000    0.000000
 -10.48750    0.000000    0.000000    0.000000    0.000000    0.000000    0.000000    0.000000    0.000000    0.000000    0.000000    0.000000
 -10.48149    0.000000    0.000000    0.000000    0.000000    0.000000    0.000000    0.000000    0.000000    0.000000    0.000000    0.000000
 -10.47549    0.000000    0.000000    0.000000    0.000000    0.000000    0.000000    0.000000    0.000000    0.000000    0.000000    0.000000
 -10.46949    0.000000    0.000000    0.000000    0.000000    0.000000    0.000000    0.000000    0.000000    0.000000    0.000000    0.000000
 -10.46349    0.000000    0.000000    0.000000    0.000000    0.000000    0.000000    0.000000    0.000000    0.000000    0.000000    0.000000
 -10.45749    0.000000    0.000000    0.000000    0.000000    0.000000    0.000000    0.000000    0.000000    0.000000    0.000000    0.000000
 -10.45148    0.000000    0.000000    0.000000    0.000000    0.000000    0.000000    0.000000    0.000000    0.000000    0.000000    0.000000
 -10.44548    0.000000    0.000000    0.000000    0.000000    0.000000    0.000000    0.000000    0.000000    0.000000    0.000000    0.000000
 -10.43948    0.000000    0.000000    0.000000    0.000000    0.000000    0.000000    0.000000    0.000000    0.000000    0.000000    0.000000
 -10.43348    0.000000    0.000000    0.000000    0.000000    0.000000    0.000000    0.000000    0.000000    0.000000    0.000000    0.000000
 -10.42748    0.000000    0.000000    0.000000    0.000000    0.000000    0.000000    0.000000    0.000000    0.000000    0.000000    0.000000
 -10.42147    0.000000    0.000000    0.000000    0.000000    0.000000    0.000000    0.000000    0.000000    0.000000    0.000000    0.000000
 -10.41547    0.000000    0.000000    0.000000    0.000000    0.000000    0.000000    0.000000    0.000000    0.000000    0.000000    0.000000
 -10.40947    0.000000    0.000000    0.000000    0.000000    0.000000    0.000000    0.000000    0.000000    0.000000    0.000000    0.000000
 -10.40347    0.000000    0.000000    0.000000    0.000000    0.000000    0.000000    0.000000    0.000000    0.000000    0.000000    0.000000
 -10.39747    0.000000    0.000000    0.000000    0.000000    0.000000    0.000000    0.000000    0.000000    0.000000    0.000000    0.000000
 -10.39146    0.000000    0.000000    0.000000    0.000000    0.000000    0.000000    0.000000    0.000000    0.000000    0.000000    0.000000
 -10.38546    0.000000    0.000000    0.000000    0.000000    0.000000    0.000000    0.000000    0.000000    0.000000    0.000000    0.000000
 -10.37946    0.000000    0.000000    0.000000    0.000000    0.000000    0.000000    0.000000    0.000000    0.000000    0.000000    0.000000
 -10.37346    0.000000    0.000000    0.000000    0.000000    0.000000    0.000000    0.000000    0.000000    0.000000    0.000000    0.000000
 -10.36746    0.000000    0.000000    0.000000    0.000000    0.000000    0.000000    0.000000    0.000000    0.000000    0.000000    0.000000
 -10.36145    0.000000    0.000000    0.000000    0.000000    0.000000    0.000000    0.000000    0.000000    0.000000    0.000000    0.000000
 -10.35545    0.000000    0.000000    0.000000    0.000000    0.000000    0.000000    0.000000    0.000000    0.000000    0.000000    0.000000
 -10.34945    0.000000    0.000000    0.000000    0.000000    0.000000    0.000000    0.000000    0.000000    0.000000    0.000000    0.000000
 -10.34345    0.000000    0.000000    0.000000    0.000000    0.000000    0.000000    0.000000    0.000000    0.000000    0.000000    0.000000
 -10.33745    0.000000    0.000000    0.000000    0.000000    0.000000    0.000000    0.000000    0.000000    0.000000    0.000000    0.000000
 -10.33144    0.000000    0.000000    0.000000    0.000000    0.000000    0.000000    0.000000    0.000000    0.000000    0.000000    0.000000
 -10.32544    0.000000    0.000000    0.000000    0.000000    0.000000    0.000000    0.000000    0.000000    0.000000    0.000000    0.000000
 -10.31944    0.000000    0.000000    0.000000    0.000000    0.000000    0.000000    0.000000    0.000000    0.000000    0.000000    0.000000
 -10.31344    0.000000    0.000000    0.000000    0.000000    0.000000    0.000000    0.000000    0.000000    0.000000    0.000000    0.000000
 -10.30744    0.000000    0.000000    0.000000    0.000000    0.000000    0.000000    0.000000    0.000000    0.000000    0.000000    0.000000
 -10.30143    0.000000    0.000000    0.000000    0.000000    0.000000    0.000000    0.000000    0.000000    0.000000    0.000000    0.000000
 -10.29543    0.000000    0.000000    0.000000    0.000000    0.000000    0.000000    0.000000    0.000000    0.000000    0.000000    0.000000
 -10.28943    0.000000    0.000000    0.000000    0.000000    0.000000    0.000000    0.000000    0.000000    0.000000    0.000000    0.000000
 -10.28343    0.000000    0.000000    0.000000    0.000000    0.000000    0.000000    0.000000    0.000000    0.000000    0.000000    0.000000
 -10.27743    0.000000    0.000000    0.000000    0.000000    0.000000    0.000000    0.000000    0.000000    0.000000    0.000000    0.000000
 -10.27142    0.000000    0.000000    0.000000    0.000000    0.000000    0.000000    0.000000    0.000000    0.000000    0.000000    0.000000
 -10.26542    0.000000    0.000000    0.000000    0.000000    0.000000    0.000000    0.000000    0.000000    0.000000    0.000000    0.000000
 -10.25942    0.000000    0.000000    0.000000    0.000000    0.000000    0.000000    0.000000    0.000000    0.000000    0.000000    0.000000
 -10.25342    0.000000    0.000000    0.000000    0.000000    0.000000    0.000000    0.000000    0.000000    0.000000    0.000000    0.000000
 -10.24742    0.000000    0.000000    0.000000    0.000000    0.000000    0.000000    0.000000    0.000000    0.000000    0.000000    0.000000
 -10.24141    0.000000    0.000000    0.000000    0.000000    0.000000    0.000000    0.000000    0.000000    0.000000    0.000000    0.000000
 -10.23541    0.000000    0.000000    0.000000    0.000000    0.000000    0.000000    0.000000    0.000000    0.000000    0.000000    0.000000
 -10.22941    0.000000    0.000000    0.000000    0.000000    0.000000    0.000000    0.000000    0.000000    0.000000    0.000000    0.000000
 -10.22341    0.000000    0.000000    0.000000    0.000000    0.000000    0.000000    0.000000    0.000000    0.000000    0.000000    0.000000
 -10.21741    0.000000    0.000000    0.000000    0.000000    0.000000    0.000000    0.000000    0.000000    0.000000    0.000000    0.000000
 -10.21140    0.000000    0.000000    0.000000    0.000000    0.000000    0.000000    0.000000    0.000000    0.000000    0.000000    0.000000
 -10.20540    0.000000    0.000000    0.000000    0.000000    0.000000    0.000000    0.000000    0.000000    0.000000    0.000000    0.000000
 -10.19940    0.000000    0.000000    0.000000    0.000000    0.000000    0.000000    0.000000    0.000000    0.000000    0.000000    0.000000
 -10.19340    0.000000    0.000000    0.000000    0.000000    0.000000    0.000000    0.000000    0.000000    0.000000    0.000000    0.000000
 -10.18740    0.000000    0.000000    0.000000    0.000000    0.000000    0.000000    0.000000    0.000000    0.000000    0.000000    0.000000
 -10.18139    0.000000    0.000000    0.000000    0.000000    0.000000    0.000000    0.000000    0.000000    0.000000    0.000000    0.000000
 -10.17539    0.000000    0.000000    0.000000    0.000000    0.000000    0.000000    0.000000    0.000000    0.000000    0.000000    0.000000
 -10.16939    0.000000    0.000000    0.000000    0.000000    0.000000    0.000000    0.000000    0.000000    0.000000    0.000000    0.000000
 -10.16339    0.000000    0.000000    0.000000    0.000000    0.000000    0.000000    0.000000    0.000000    0.000000    0.000000    0.000000
 -10.15739    0.000000    0.000000    0.000000    0.000000    0.000000    0.000000    0.000000    0.000000    0.000000    0.000000    0.000000
 -10.15138    0.000000    0.000000    0.000000    0.000000    0.000000    0.000000    0.000000    0.000000    0.000000    0.000000    0.000000
 -10.14538    0.000000    0.000000    0.000000    0.000000    0.000000    0.000000    0.000000    0.000000    0.000000    0.000000    0.000000
 -10.13938    0.000000    0.000000    0.000000    0.000000    0.000000    0.000000    0.000000    0.000000    0.000000    0.000000    0.000000
 -10.13338    0.000000    0.000000    0.000000    0.000000    0.000000    0.000000    0.000000    0.000000    0.000000    0.000000    0.000000
 -10.12738    0.000000    0.000000    0.000000    0.000000    0.000000    0.000000    0.000000    0.000000    0.000000    0.000000    0.000000
 -10.12137    0.000000    0.000000    0.000000    0.000000    0.000000    0.000000    0.000000    0.000000    0.000000    0.000000    0.000000
 -10.11537    0.000000    0.000000    0.000000    0.000000    0.000000    0.000000    0.000000    0.000000    0.000000    0.000000    0.000000
 -10.10937    0.000000    0.000000    0.000000    0.000000    0.000000    0.000000    0.000000    0.000000    0.000000    0.000000    0.000000
 -10.10337    0.000000    0.000000    0.000000    0.000000    0.000000    0.000000    0.000000    0.000000    0.000000    0.000000    0.000000
 -10.09737    0.000000    0.000000    0.000000    0.000000    0.000000    0.000000    0.000000    0.000000    0.000000    0.000000    0.000000
 -10.09136    0.000000    0.000000    0.000000    0.000000    0.000000    0.000000    0.000000    0.000000    0.000000    0.000000    0.000000
 -10.08536    0.000000    0.000000    0.000000    0.000000    0.000000    0.000000    0.000000    0.000000    0.000000    0.000000    0.000000
 -10.07936    0.000000    0.000000    0.000000    0.000000    0.000000    0.000000    0.000000    0.000000    0.000000    0.000000    0.000000
 -10.07336    0.000000    0.000000    0.000000    0.000000    0.000000    0.000000    0.000000    0.000000    0.000000    0.000000    0.000000
 -10.06736    0.000000    0.000000    0.000000    0.000000    0.000000    0.000000    0.000000    0.000000    0.000000    0.000000    0.000000
 -10.06135    0.000000    0.000000    0.000000    0.000000    0.000000    0.000000    0.000000    0.000000    0.000000    0.000000    0.000000
 -10.05535    0.000000    0.000000    0.000000    0.000000    0.000000    0.000000    0.000000    0.000000    0.000000    0.000000    0.000000
 -10.04935    0.000000    0.000000    0.000000    0.000000    0.000000    0.000000    0.000000    0.000000    0.000000    0.000000    0.000000
 -10.04335    0.000000    0.000000    0.000000    0.000000    0.000000    0.000000    0.000000    0.000000    0.000000    0.000000    0.000000
 -10.03735    0.000000    0.000000    0.000000    0.000000    0.000000    0.000000    0.000000    0.000000    0.000000    0.000000    0.000000
 -10.03134    0.000000    0.000000    0.000000    0.000000    0.000000    0.000000    0.000000    0.000000    0.000000    0.000000    0.000000
 -10.02534    0.000000    0.000000    0.000000    0.000000    0.000000    0.000000    0.000000    0.000000    0.000000    0.000000    0.000000
 -10.01934    0.000000    0.000000    0.000000    0.000000    0.000000    0.000000    0.000000    0.000000    0.000000    0.000000    0.000000
 -10.01334    0.000000    0.000000    0.000000    0.000000    0.000000    0.000000    0.000000    0.000000    0.000000    0.000000    0.000000
 -10.00734    0.000000    0.000000    0.000000    0.000000    0.000000    0.000000    0.000000    0.000000    0.000000    0.000000    0.000000
 -10.00133    0.000000    0.000000    0.000000    0.000000    0.000000    0.000000    0.000000    0.000000    0.000000    0.000000    0.000000
  -9.99533    0.000000    0.000000    0.000000    0.000000    0.000000    0.000000    0.000000    0.000000    0.000000    0.000000    0.000000
  -9.98933    0.000000    0.000000    0.000000    0.000000    0.000000    0.000000    0.000000    0.000000    0.000000    0.000000    0.000000
  -9.98333    0.000000    0.000000    0.000000    0.000000    0.000000    0.000000    0.000000    0.000000    0.000000    0.000000    0.000000
  -9.97733    0.000000    0.000000    0.000000    0.000000    0.000000    0.000000    0.000000    0.000000    0.000000    0.000000    0.000000
  -9.97132    0.000000    0.000000    0.000000    0.000000    0.000000    0.000000    0.000000    0.000000    0.000000    0.000000    0.000000
  -9.96532    0.000000    0.000000    0.000000    0.000000    0.000000    0.000000    0.000000    0.000000    0.000000    0.000000    0.000000
  -9.95932    0.000000    0.000000    0.000000    0.000000    0.000000    0.000000    0.000000    0.000000    0.000000    0.000000    0.000000
  -9.95332    0.000000    0.000000    0.000000    0.000000    0.000000    0.000000    0.000000    0.000000    0.000000    0.000000    0.000000
  -9.94732    0.000000    0.000000    0.000000    0.000000    0.000000    0.000000    0.000000    0.000000    0.000000    0.000000    0.000000
  -9.94131    0.000000    0.000000    0.000000    0.000000    0.000000    0.000000    0.000000    0.000000    0.000000    0.000000    0.000000
  -9.93531    0.000000    0.000000    0.000000    0.000000    0.000000    0.000000    0.000000    0.000000    0.000000    0.000000    0.000000
  -9.92931    0.000000    0.000000    0.000000    0.000000    0.000000    0.000000    0.000000    0.000000    0.000000    0.000000    0.000000
  -9.92331    0.000000    0.000000    0.000000    0.000000    0.000000    0.000000    0.000000    0.000000    0.000000    0.000000    0.000000
  -9.91731    0.000000    0.000000    0.000000    0.000000    0.000000    0.000000    0.000000    0.000000    0.000000    0.000000    0.000000
  -9.91130    0.000000    0.000000    0.000000    0.000000    0.000000    0.000000    0.000000    0.000000    0.000000    0.000000    0.000000
  -9.90530    0.000000    0.000000    0.000000    0.000000    0.000000    0.000000    0.000000    0.000000    0.000000    0.000000    0.000000
  -9.89930    0.000000    0.000000    0.000000    0.000000    0.000000    0.000000    0.000000    0.000000    0.000000    0.000000    0.000000
  -9.89330    0.000000    0.000000    0.000000    0.000000    0.000000    0.000000    0.000000    0.000000    0.000000    0.000000    0.000000
  -9.88730    0.000000    0.000000    0.000000    0.000000    0.000000    0.000000    0.000000    0.000000    0.000000    0.000000    0.000000
  -9.88129    0.000000    0.000000    0.000000    0.000000    0.000000    0.000000    0.000000    0.000000    0.000000    0.000000    0.000000
  -9.87529    0.000000    0.000000    0.000000    0.000000    0.000000    0.000000    0.000000    0.000000    0.000000    0.000000    0.000000
  -9.86929    0.000000    0.000000    0.000000    0.000000    0.000000    0.000000    0.000000    0.000000    0.000000    0.000000    0.000000
  -9.86329    0.000000    0.000000    0.000000    0.000000    0.000000    0.000000    0.000000    0.000000    0.000000    0.000000    0.000000
  -9.85729    0.000000    0.000000    0.000000    0.000000    0.000000    0.000000    0.000000    0.000000    0.000000    0.000000    0.000000
  -9.85128    0.000000    0.000000    0.000000    0.000000    0.000000    0.000000    0.000000    0.000000    0.000000    0.000000    0.000000
  -9.84528    0.000000    0.000000    0.000000    0.000000    0.000000    0.000000    0.000000    0.000000    0.000000    0.000000    0.000000
  -9.83928    0.000000    0.000000    0.000000    0.000000    0.000000    0.000000    0.000000    0.000000    0.000000    0.000000    0.000000
  -9.83328    0.000000    0.000000    0.000000    0.000000    0.000000    0.000000    0.000000    0.000000    0.000000    0.000000    0.000000
  -9.82728    0.000000    0.000000    0.000000    0.000000    0.000000    0.000000    0.000000    0.000000    0.000000    0.000000    0.000000
  -9.82127    0.000000    0.000000    0.000000    0.000000    0.000000    0.000000    0.000000    0.000000    0.000000    0.000000    0.000000
  -9.81527    0.000000    0.000000    0.000000    0.000000    0.000000    0.000000    0.000000    0.000000    0.000000    0.000000    0.000000
  -9.80927    0.000000    0.000000    0.000000    0.000000    0.000000    0.000000    0.000000    0.000000    0.000000    0.000000    0.000000
  -9.80327    0.000000    0.000000    0.000000    0.000000    0.000000    0.000000    0.000000    0.000000    0.000000    0.000000    0.000000
  -9.79727    0.000000    0.000000    0.000000    0.000000    0.000000    0.000000    0.000000    0.000000    0.000000    0.000000    0.000000
  -9.79126    0.000000    0.000000    0.000000    0.000000    0.000000    0.000000    0.000000    0.000000    0.000000    0.000000    0.000000
  -9.78526    0.000000    0.000000    0.000000    0.000000    0.000000    0.000000    0.000000    0.000000    0.000000    0.000000    0.000000
  -9.77926    0.000000    0.000000    0.000000    0.000000    0.000000    0.000000    0.000000    0.000000    0.000000    0.000000    0.000000
  -9.77326    0.000000    0.000000    0.000000    0.000000    0.000000    0.000000    0.000000    0.000000    0.000000    0.000000    0.000000
  -9.76726    0.000000    0.000000    0.000000    0.000000    0.000000    0.000000    0.000000    0.000000    0.000000    0.000000    0.000000
  -9.76125    0.000000    0.000000    0.000000    0.000000    0.000000    0.000000    0.000000    0.000000    0.000000    0.000000    0.000000
  -9.75525    0.000000    0.000000    0.000000    0.000000    0.000000    0.000000    0.000000    0.000000    0.000000    0.000000    0.000000
  -9.74925    0.000000    0.000000    0.000000    0.000000    0.000000    0.000000    0.000000    0.000000    0.000000    0.000000    0.000000
  -9.74325    0.000000    0.000000    0.000000    0.000000    0.000000    0.000000    0.000000    0.000000    0.000000    0.000000    0.000000
  -9.73725    0.000000    0.000000    0.000000    0.000000    0.000000    0.000000    0.000000    0.000000    0.000000    0.000000    0.000000
  -9.73124    0.000000    0.000000    0.000000    0.000000    0.000000    0.000000    0.000000    0.000000    0.000000    0.000000    0.000000
  -9.72524    0.000000    0.000000    0.000000    0.000000    0.000000    0.000000    0.000000    0.000000    0.000000    0.000000    0.000000
  -9.71924    0.000000    0.000000    0.000000    0.000000    0.000000    0.000000    0.000000    0.000000    0.000000    0.000000    0.000000
  -9.71324    0.000000    0.000000    0.000000    0.000000    0.000000    0.000000    0.000000    0.000000    0.000000    0.000000    0.000000
  -9.70724    0.000000    0.000000    0.000000    0.000000    0.000000    0.000000    0.000000    0.000000    0.000000    0.000000    0.000000
  -9.70123    0.000000    0.000000    0.000000    0.000000    0.000000    0.000000    0.000000    0.000000    0.000000    0.000000    0.000000
  -9.69523    0.000000    0.000000    0.000000    0.000000    0.000000    0.000000    0.000000    0.000000    0.000000    0.000000    0.000000
  -9.68923    0.000000    0.000000    0.000000    0.000000    0.000000    0.000000    0.000000    0.000000    0.000000    0.000000    0.000000
  -9.68323    0.000000    0.000000    0.000000    0.000000    0.000000    0.000000    0.000000    0.000000    0.000000    0.000000    0.000000
  -9.67723    0.000000    0.000000    0.000000    0.000000    0.000000    0.000000    0.000000    0.000000    0.000000    0.000000    0.000000
  -9.67122    0.000000    0.000000    0.000000    0.000000    0.000000    0.000000    0.000000    0.000000    0.000000    0.000000    0.000000
  -9.66522    0.000000    0.000000    0.000000    0.000000    0.000000    0.000000    0.000000    0.000000    0.000000    0.000000    0.000000
  -9.65922    0.000000    0.000000    0.000000    0.000000    0.000000    0.000000    0.000000    0.000000    0.000000    0.000000    0.000000
  -9.65322    0.000000    0.000000    0.000000    0.000000    0.000000    0.000000    0.000000    0.000000    0.000000    0.000000    0.000000
  -9.64722    0.000000    0.000000    0.000000    0.000000    0.000000    0.000000    0.000000    0.000000    0.000000    0.000000    0.000000
  -9.64121    0.000000    0.000000    0.000000    0.000000    0.000000    0.000000    0.000000    0.000000    0.000000    0.000000    0.000000
  -9.63521    0.000000    0.000000    0.000000    0.000000    0.000000    0.000000    0.000000    0.000000    0.000000    0.000000    0.000000
  -9.62921    0.000000    0.000000    0.000000    0.000000    0.000000    0.000000    0.000000    0.000000    0.000000    0.000000    0.000000
  -9.62321    0.000000    0.000000    0.000000    0.000000    0.000000    0.000000    0.000000    0.000000    0.000000    0.000000    0.000000
  -9.61721    0.000000    0.000000    0.000000    0.000000    0.000000    0.000000    0.000000    0.000000    0.000000    0.000000    0.000000
  -9.61120    0.000000    0.000000    0.000000    0.000000    0.000000    0.000000    0.000000    0.000000    0.000000    0.000000    0.000000
  -9.60520    0.000000    0.000000    0.000000    0.000000    0.000000    0.000000    0.000000    0.000000    0.000000    0.000000    0.000000
  -9.59920    0.000000    0.000000    0.000000    0.000000    0.000000    0.000000    0.000000    0.000000    0.000000    0.000000    0.000000
  -9.59320    0.000000    0.000000    0.000000    0.000000    0.000000    0.000000    0.000000    0.000000    0.000000    0.000000    0.000000
  -9.58720    0.000000    0.000000    0.000000    0.000000    0.000000    0.000000    0.000000    0.000000    0.000000    0.000000    0.000000
  -9.58119    0.000000    0.000000    0.000000    0.000000    0.000000    0.000000    0.000000    0.000000    0.000000    0.000000    0.000000
  -9.57519    0.000000    0.000000    0.000000    0.000000    0.000000    0.000000    0.000000    0.000000    0.000000    0.000000    0.000000
  -9.56919    0.000000    0.000000    0.000000    0.000000    0.000000    0.000000    0.000000    0.000000    0.000000    0.000000    0.000000
  -9.56319    0.000000    0.000000    0.000000    0.000000    0.000000    0.000000    0.000000    0.000000    0.000000    0.000000    0.000000
  -9.55719    0.000000    0.000000    0.000000    0.000000    0.000000    0.000000    0.000000    0.000000    0.000000    0.000000    0.000000
  -9.55118    0.000000    0.000000    0.000000    0.000000    0.000000    0.000000    0.000000    0.000000    0.000000    0.000000    0.000000
  -9.54518    0.000000    0.000000    0.000000    0.000000    0.000000    0.000000    0.000000    0.000000    0.000000    0.000000    0.000000
  -9.53918    0.000000    0.000000    0.000000    0.000000    0.000000    0.000000    0.000000    0.000000    0.000000    0.000000    0.000000
  -9.53318    0.000000    0.000000    0.000000    0.000000    0.000000    0.000000    0.000000    0.000000    0.000000    0.000000    0.000000
  -9.52718    0.000000    0.000000    0.000000    0.000000    0.000000    0.000000    0.000000    0.000000    0.000000    0.000000    0.000000
  -9.52117    0.000000    0.000000    0.000000    0.000000    0.000000    0.000000    0.000000    0.000000    0.000000    0.000000    0.000000
  -9.51517    0.000000    0.000000    0.000000    0.000000    0.000000    0.000000    0.000000    0.000000    0.000000    0.000000    0.000000
  -9.50917    0.000000    0.000000    0.000000    0.000000    0.000000    0.000000    0.000000    0.000000    0.000000    0.000000    0.000000
  -9.50317    0.000000    0.000000    0.000000    0.000000    0.000000    0.000000    0.000000    0.000000    0.000000    0.000000    0.000000
  -9.49717    0.000000    0.000000    0.000000    0.000000    0.000000    0.000000    0.000000    0.000000    0.000000    0.000000    0.000000
  -9.49116    0.000000    0.000000    0.000000    0.000000    0.000000    0.000000    0.000000    0.000000    0.000000    0.000000    0.000000
  -9.48516    0.000000    0.000000    0.000000    0.000000    0.000000    0.000000    0.000000    0.000000    0.000000    0.000000    0.000000
  -9.47916    0.000000    0.000000    0.000000    0.000000    0.000000    0.000000    0.000000    0.000000    0.000000    0.000000    0.000000
  -9.47316    0.000000    0.000000    0.000000    0.000000    0.000000    0.000000    0.000000    0.000000    0.000000    0.000000    0.000000
  -9.46716    0.000000    0.000000    0.000000    0.000000    0.000000    0.000000    0.000000    0.000000    0.000000    0.000000    0.000000
  -9.46115    0.000000    0.000000    0.000000    0.000000    0.000000    0.000000    0.000000    0.000000    0.000000    0.000000    0.000000
  -9.45515    0.000000    0.000000    0.000000    0.000000    0.000000    0.000000    0.000000    0.000000    0.000000    0.000000    0.000000
  -9.44915    0.000000    0.000000    0.000000    0.000000    0.000000    0.000000    0.000000    0.000000    0.000000    0.000000    0.000000
  -9.44315    0.000000    0.000000    0.000000    0.000000    0.000000    0.000000    0.000000    0.000000    0.000000    0.000000    0.000000
  -9.43715    0.000000    0.000000    0.000000    0.000000    0.000000    0.000000    0.000000    0.000000    0.000000    0.000000    0.000000
  -9.43114    0.000000    0.000000    0.000000    0.000000    0.000000    0.000000    0.000000    0.000000    0.000000    0.000000    0.000000
  -9.42514    0.000000    0.000000    0.000000    0.000000    0.000000    0.000000    0.000000    0.000000    0.000000    0.000000    0.000000
  -9.41914    0.000000    0.000000    0.000000    0.000000    0.000000    0.000000    0.000000    0.000000    0.000000    0.000000    0.000000
  -9.41314    0.000000    0.000000    0.000000    0.000000    0.000000    0.000000    0.000000    0.000000    0.000000    0.000000    0.000000
  -9.40714    0.000000    0.000000    0.000000    0.000000    0.000000    0.000000    0.000000    0.000000    0.000000    0.000000    0.000000
  -9.40113    0.000000    0.000000    0.000000    0.000000    0.000000    0.000000    0.000000    0.000000    0.000000    0.000000    0.000000
  -9.39513    0.000000    0.000000    0.000000    0.000000    0.000000    0.000000    0.000000    0.000000    0.000000    0.000000    0.000000
  -9.38913    0.000000    0.000000    0.000000    0.000000    0.000000    0.000000    0.000000    0.000000    0.000000    0.000000    0.000000
  -9.38313    0.000000    0.000000    0.000000    0.000000    0.000000    0.000000    0.000000    0.000000    0.000000    0.000000    0.000000
  -9.37713    0.000000    0.000000    0.000000    0.000000    0.000000    0.000000    0.000000    0.000000    0.000000    0.000000    0.000000
  -9.37112    0.000000    0.000000    0.000000    0.000000    0.000000    0.000000    0.000000    0.000000    0.000000    0.000000    0.000000
  -9.36512    0.000000    0.000000    0.000000    0.000000    0.000000    0.000000    0.000000    0.000000    0.000000    0.000000    0.000000
  -9.35912    0.000000    0.000000    0.000000    0.000000    0.000000    0.000000    0.000000    0.000000    0.000000    0.000000    0.000000
  -9.35312    0.000000    0.000000    0.000000    0.000000    0.000000    0.000000    0.000000    0.000000    0.000000    0.000000    0.000000
  -9.34712    0.000000    0.000000    0.000000    0.000000    0.000000    0.000000    0.000000    0.000000    0.000000    0.000000    0.000000
  -9.34111    0.000000    0.000000    0.000000    0.000000    0.000000    0.000000    0.000000    0.000000    0.000000    0.000000    0.000000
  -9.33511    0.000000    0.000000    0.000000    0.000000    0.000000    0.000000    0.000000    0.000000    0.000000    0.000000    0.000000
  -9.32911    0.000000    0.000000    0.000000    0.000000    0.000000    0.000000    0.000000    0.000000    0.000000    0.000000    0.000000
  -9.32311    0.000000    0.000000    0.000000    0.000000    0.000000    0.000000    0.000000    0.000000    0.000000    0.000000    0.000000
  -9.31711    0.000000    0.000000    0.000000    0.000000    0.000000    0.000000    0.000000    0.000000    0.000000    0.000000    0.000000
  -9.31110    0.000000    0.000000    0.000000    0.000000    0.000000    0.000000    0.000000    0.000000    0.000000    0.000000    0.000000
  -9.30510    0.000001    0.000000    0.000000    0.000000    0.000000    0.000000    0.000000    0.000000    0.000000    0.000000    0.000000
  -9.29910    0.000001    0.000000    0.000000    0.000000    0.000000    0.000000    0.000000    0.000000    0.000000    0.000000    0.000000
  -9.29310    0.000002    0.000000    0.000000    0.000000    0.000000    0.000000    0.000000    0.000000    0.000000    0.000000    0.000000
  -9.28710    0.000005    0.000000    0.000000    0.000000    0.000000    0.000000    0.000000    0.000000    0.000000    0.000000    0.000000
  -9.28109    0.000010    0.000000    0.000000    0.000000    0.000000    0.000000    0.000000    0.000000    0.000000    0.000000    0.000000
  -9.27509    0.000019    0.000000    0.000000    0.000000    0.000000    0.000000    0.000000    0.000000    0.000000    0.000000    0.000000
  -9.26909    0.000036    0.000000    0.000000    0.000000    0.000000    0.000000    0.000000    0.000000    0.000000    0.000000    0.000000
  -9.26309    0.000068    0.000000    0.000000    0.000000    0.000000    0.000000    0.000000    0.000000    0.000000    0.000000    0.000000
  -9.25709    0.000124    0.000000    0.000000    0.000000    0.000000    0.000000    0.000000    0.000000    0.000000    0.000000    0.000000
  -9.25108    0.000224    0.000000    0.000000    0.000000    0.000000    0.000000    0.000000    0.000000    0.000000    0.000000    0.000000
  -9.24508    0.000394    0.000000    0.000000    0.000000    0.000000    0.000000    0.000000    0.000000    0.000000    0.000000    0.000000
  -9.23908    0.000682    0.000001    0.000000    0.000001    0.000001    0.000000    0.000000    0.000000    0.000000    0.000000    0.000000
  -9.23308    0.001155    0.000001    0.000000    0.000001    0.000001    0.000000    0.000000    0.000000    0.000000    0.000000    0.000000
  -9.22708    0.001919    0.000002    0.000000    0.000002    0.000002    0.000000    0.000000    0.000000    0.000000    0.000000    0.000000
  -9.22107    0.003125    0.000003    0.000000    0.000003    0.000003    0.000000    0.000000    0.000000    0.000000    0.000000    0.000000
  -9.21507    0.004987    0.000005    0.000000    0.000004    0.000005    0.000000    0.000000    0.000000    0.000000    0.000000    0.000000
  -9.20907    0.007802    0.000007    0.000001    0.000007    0.000008    0.000000    0.000000    0.000000    0.000000    0.000000    0.000000
  -9.20307    0.011963    0.000011    0.000001    0.000010    0.000013    0.000000    0.000000    0.000000    0.000000    0.000000    0.000000
  -9.19707    0.017982    0.000017    0.000002    0.000016    0.000020    0.000000    0.000000    0.000000    0.000000    0.000000    0.000000
  -9.19106    0.026495    0.000025    0.000002    0.000023    0.000029    0.000000    0.000000    0.000000    0.000000    0.000000    0.000000
  -9.18506    0.038265    0.000037    0.000004    0.000033    0.000042    0.000000    0.000000    0.000000    0.000000    0.000000    0.000000
  -9.17906    0.054171    0.000052    0.000005    0.000047    0.000059    0.000000    0.000000    0.000000    0.000000    0.000000    0.000000
  -9.17306    0.075172    0.000072    0.000007    0.000065    0.000082    0.000000    0.000000    0.000000    0.000000    0.000000    0.000000
  -9.16706    0.102252    0.000098    0.000010    0.000088    0.000111    0.000000    0.000000    0.000000    0.000000    0.000000    0.000000
  -9.16105    0.136336    0.000131    0.000013    0.000118    0.000148    0.000000    0.000000    0.000000    0.000000    0.000000    0.000000
  -9.15505    0.178186    0.000171    0.000017    0.000154    0.000193    0.000000    0.000000    0.000000    0.000000    0.000000    0.000000
  -9.14905    0.228276    0.000219    0.000022    0.000197    0.000248    0.000000    0.000000    0.000000    0.000000    0.000000    0.000000
  -9.14305    0.286663    0.000274    0.000027    0.000247    0.000311    0.000000    0.000000    0.000000    0.000000    0.000000    0.000000
  -9.13705    0.352865    0.000338    0.000033    0.000305    0.000383    0.000000    0.000000    0.000000    0.000000    0.000000    0.000000
  -9.13104    0.425765    0.000408    0.000040    0.000368    0.000462    0.000000    0.000000    0.000000    0.000000    0.000000    0.000000
  -9.12504    0.503565    0.000482    0.000047    0.000435    0.000547    0.000000    0.000000    0.000000    0.000000    0.000000    0.000000
  -9.11904    0.583803    0.000559    0.000055    0.000504    0.000634    0.000000    0.000000    0.000000    0.000000    0.000000    0.000000
  -9.11304    0.663439    0.000635    0.000062    0.000573    0.000720    0.000000    0.000000    0.000000    0.000000    0.000000    0.000000
  -9.10704    0.739027    0.000708    0.000070    0.000638    0.000802    0.000000    0.000000    0.000000    0.000000    0.000000    0.000000
  -9.10103    0.806946    0.000773    0.000076    0.000697    0.000876    0.000000    0.000000    0.000000    0.000000    0.000000    0.000000
  -9.09503    0.863680    0.000827    0.000081    0.000746    0.000938    0.000000    0.000000    0.000000    0.000000    0.000000    0.000000
  -9.08903    0.906120    0.000868    0.000085    0.000782    0.000984    0.000000    0.000000    0.000000    0.000000    0.000000    0.000000
  -9.08303    0.931844    0.000892    0.000088    0.000804    0.001012    0.000000    0.000000    0.000000    0.000000    0.000000    0.000000
  -9.07703    0.939346    0.000899    0.000088    0.000811    0.001020    0.000000    0.000000    0.000000    0.000000    0.000000    0.000000
  -9.07102    0.928180    0.000889    0.000087    0.000801    0.001008    0.000000    0.000000    0.000000    0.000000    0.000000    0.000000
  -9.06502    0.899008    0.000861    0.000085    0.000776    0.000976    0.000000    0.000000    0.000000    0.000000    0.000000    0.000000
  -9.05902    0.853531    0.000817    0.000080    0.000737    0.000927    0.000000    0.000000    0.000000    0.000000    0.000000    0.000000
  -9.05302    0.794328    0.000761    0.000075    0.000686    0.000862    0.000000    0.000000    0.000000    0.000000    0.000000    0.000000
  -9.04702    0.724611    0.000694    0.000068    0.000626    0.000787    0.000000    0.000000    0.000000    0.000000    0.000000    0.000000
  -9.04101    0.647940    0.000620    0.000061    0.000559    0.000703    0.000000    0.000000    0.000000    0.000000    0.000000    0.000000
  -9.03501    0.567922    0.000544    0.000053    0.000490    0.000616    0.000000    0.000000    0.000000    0.000000    0.000000    0.000000
  -9.02901    0.487942    0.000467    0.000046    0.000421    0.000530    0.000000    0.000000    0.000000    0.000000    0.000000    0.000000
  -9.02301    0.410935    0.000393    0.000039    0.000355    0.000446    0.000000    0.000000    0.000000    0.000000    0.000000    0.000000
  -9.01701    0.339238    0.000325    0.000032    0.000293    0.000368    0.000000    0.000000    0.000000    0.000000    0.000000    0.000000
  -9.01100    0.274516    0.000263    0.000026    0.000237    0.000298    0.000000    0.000000    0.000000    0.000000    0.000000    0.000000
  -9.00500    0.217755    0.000209    0.000021    0.000188    0.000236    0.000000    0.000000    0.000000    0.000000    0.000000    0.000000
  -8.99900    0.169329    0.000162    0.000016    0.000146    0.000184    0.000000    0.000000    0.000000    0.000000    0.000000    0.000000
  -8.99300    0.129094    0.000124    0.000012    0.000112    0.000140    0.000000    0.000000    0.000000    0.000000    0.000000    0.000000
  -8.98700    0.096522    0.000093    0.000009    0.000083    0.000105    0.000000    0.000000    0.000000    0.000000    0.000000    0.000000
  -8.98099    0.070829    0.000068    0.000007    0.000061    0.000077    0.000000    0.000000    0.000000    0.000000    0.000000    0.000000
  -8.97499    0.051103    0.000049    0.000005    0.000044    0.000056    0.000000    0.000000    0.000000    0.000000    0.000000    0.000000
  -8.96899    0.036412    0.000035    0.000003    0.000032    0.000040    0.000000    0.000000    0.000000    0.000000    0.000000    0.000000
  -8.96299    0.025889    0.000026    0.000003    0.000023    0.000029    0.000000    0.000000    0.000000    0.000000    0.000000    0.000000
  -8.95699    0.018801    0.000020    0.000002    0.000018    0.000021    0.000000    0.000000    0.000000    0.000000    0.000000    0.000000
  -8.95098    0.014588    0.000017    0.000002    0.000015    0.000017    0.000000    0.000000    0.000000    0.000000    0.000000    0.000000
  -8.94498    0.012901    0.000017    0.000002    0.000015    0.000016    0.000000    0.000000    0.000000    0.000000    0.000000    0.000000
  -8.93898    0.013620    0.000020    0.000002    0.000018    0.000018    0.000000    0.000000    0.000000    0.000000    0.000000    0.000000
  -8.93298    0.016870    0.000027    0.000003    0.000024    0.000024    0.000000    0.000000    0.000000    0.000000    0.000000    0.000000
  -8.92698    0.023037    0.000038    0.000004    0.000034    0.000034    0.000000    0.000000    0.000000    0.000000    0.000000    0.000000
  -8.92097    0.032773    0.000055    0.000005    0.000049    0.000048    0.000000    0.000000    0.000000    0.000000    0.000000    0.000000
  -8.91497    0.047004    0.000079    0.000008    0.000071    0.000070    0.000000    0.000000    0.000000    0.000000    0.000000    0.000000
  -8.90897    0.066923    0.000113    0.000011    0.000101    0.000099    0.000000    0.000000    0.000000    0.000000    0.000000    0.000000
  -8.90297    0.093965    0.000158    0.000016    0.000142    0.000140    0.000000    0.000000    0.000000    0.000000    0.000000    0.000000
  -8.89697    0.129767    0.000219    0.000023    0.000196    0.000193    0.000000    0.000000    0.000000    0.000000    0.000000    0.000000
  -8.89096    0.176094    0.000296    0.000031    0.000265    0.000262    0.000000    0.000000    0.000000    0.000000    0.000000    0.000000
  -8.88496    0.234736    0.000394    0.000041    0.000353    0.000349    0.000000    0.000000    0.000000    0.000000    0.000000    0.000000
  -8.87896    0.307374    0.000515    0.000054    0.000460    0.000458    0.000000    0.000000    0.000000    0.000000    0.000000    0.000000
  -8.87296    0.395426    0.000661    0.000071    0.000590    0.000589    0.000000    0.000000    0.000000    0.000000    0.000000    0.000000
  -8.86696    0.499872    0.000834    0.000090    0.000744    0.000745    0.000000    0.000000    0.000000    0.000000    0.000000    0.000000
  -8.86095    0.621087    0.001034    0.000113    0.000921    0.000926    0.000000    0.000000    0.000000    0.000000    0.000000    0.000000
  -8.85495    0.758694    0.001260    0.000139    0.001121    0.001132    0.000000    0.000000    0.000000    0.000000    0.000000    0.000000
  -8.84895    0.911458    0.001509    0.000168    0.001341    0.001361    0.000000    0.000000    0.000000    0.000000    0.000000    0.000000
  -8.84295    1.077243    0.001779    0.000201    0.001578    0.001610    0.000000    0.000000    0.000000    0.000000    0.000000    0.000000
  -8.83695    1.253046    0.002064    0.000236    0.001828    0.001875    0.000000    0.000000    0.000000    0.000000    0.000000    0.000000
  -8.83094    1.435102    0.002357    0.000274    0.002084    0.002150    0.000000    0.000000    0.000000    0.000000    0.000000    0.000000
  -8.82494    1.619075    0.002652    0.000312    0.002340    0.002430    0.000000    0.000000    0.000000    0.000000    0.000000    0.000000
  -8.81894    1.800300    0.002940    0.000351    0.002589    0.002707    0.000000    0.000000    0.000000    0.000000    0.000000    0.000000
  -8.81294    1.974064    0.003214    0.000390    0.002824    0.002975    0.000000    0.000000    0.000000    0.000000    0.000000    0.000000
  -8.80694    2.135890    0.003467    0.000428    0.003039    0.003227    0.000000    0.000000    0.000000    0.000000    0.000000    0.000000
  -8.80093    2.281793    0.003692    0.000463    0.003228    0.003458    0.000000    0.000000    0.000000    0.000000    0.000000    0.000000
  -8.79493    2.408482    0.003884    0.000496    0.003388    0.003663    0.000000    0.000000    0.000000    0.000000    0.000000    0.000000
  -8.78893    2.513483    0.004040    0.000526    0.003514    0.003838    0.000000    0.000000    0.000000    0.000000    0.000000    0.000000
  -8.78293    2.595181    0.004157    0.000552    0.003605    0.003980    0.000000    0.000000    0.000000    0.000000    0.000000    0.000000
  -8.77693    2.652773    0.004235    0.000574    0.003661    0.004088    0.000000    0.000000    0.000000    0.000000    0.000000    0.000000
  -8.77092    2.686166    0.004274    0.000592    0.003682    0.004160    0.000000    0.000000    0.000000    0.000000    0.000000    0.000000
  -8.76492    2.695816    0.004274    0.000605    0.003669    0.004198    0.000000    0.000000    0.000000    0.000000    0.000000    0.000000
  -8.75892    2.682572    0.004238    0.000614    0.003624    0.004202    0.000000    0.000000    0.000000    0.000000    0.000000    0.000000
  -8.75292    2.647519    0.004167    0.000618    0.003550    0.004172    0.000000    0.000000    0.000000    0.000000    0.000000    0.000000
  -8.74692    2.591866    0.004065    0.000617    0.003448    0.004109    0.000000    0.000000    0.000000    0.000000    0.000000    0.000000
  -8.74091    2.516888    0.003932    0.000611    0.003322    0.004014    0.000000    0.000000    0.000000    0.000000    0.000000    0.000000
  -8.73491    2.423917    0.003773    0.000600    0.003173    0.003889    0.000000    0.000000    0.000000    0.000000    0.000000    0.000000
  -8.72891    2.314385    0.003589    0.000584    0.003004    0.003735    0.000000    0.000000    0.000000    0.000000    0.000000    0.000000
  -8.72291    2.189900    0.003383    0.000563    0.002819    0.003554    0.000000    0.000000    0.000000    0.000000    0.000000    0.000000
  -8.71691    2.052324    0.003158    0.000538    0.002621    0.003348    0.000000    0.000000    0.000000    0.000000    0.000000    0.000000
  -8.71090    1.903841    0.002919    0.000508    0.002411    0.003122    0.000000    0.000000    0.000000    0.000000    0.000000    0.000000
  -8.70490    1.746995    0.002669    0.000474    0.002195    0.002878    0.000000    0.000000    0.000000    0.000000    0.000000    0.000000
  -8.69890    1.584671    0.002413    0.000436    0.001976    0.002621    0.000000    0.000000    0.000000    0.000000    0.000000    0.000000
  -8.69290    1.420031    0.002155    0.000397    0.001759    0.002358    0.000000    0.000000    0.000000    0.000000    0.000000    0.000000
  -8.68690    1.256400    0.001901    0.000356    0.001546    0.002094    0.000000    0.000000    0.000000    0.000000    0.000000    0.000000
  -8.68089    1.097123    0.001657    0.000314    0.001342    0.001834    0.000000    0.000000    0.000000    0.000000    0.000000    0.000000
  -8.67489    0.945405    0.001426    0.000274    0.001152    0.001586    0.000000    0.000000    0.000000    0.000000    0.000000    0.000000
  -8.66889    0.804165    0.001213    0.000235    0.000978    0.001353    0.000000    0.000000    0.000000    0.000000    0.000000    0.000000
  -8.66289    0.675913    0.001022    0.000199    0.000823    0.001141    0.000000    0.000000    0.000000    0.000000    0.000000    0.000000
  -8.65689    0.562673    0.000857    0.000167    0.000690    0.000954    0.000000    0.000000    0.000000    0.000000    0.000000    0.000000
  -8.65088    0.465956    0.000720    0.000139    0.000581    0.000794    0.000000    0.000000    0.000000    0.000000    0.000000    0.000000
  -8.64488    0.386772    0.000613    0.000115    0.000497    0.000664    0.000000    0.000000    0.000000    0.000000    0.000000    0.000000
  -8.63888    0.325685    0.000537    0.000097    0.000440    0.000565    0.000000    0.000000    0.000000    0.000000    0.000000    0.000000
  -8.63288    0.282882    0.000494    0.000083    0.000411    0.000498    0.000000    0.000000    0.000000    0.000000    0.000000    0.000000
  -8.62688    0.258251    0.000485    0.000074    0.000411    0.000463    0.000000    0.000000    0.000000    0.000000    0.000000    0.000000
  -8.62087    0.251434    0.000510    0.000071    0.000439    0.000460    0.000000    0.000000    0.000000    0.000000    0.000000    0.000000
  -8.61487    0.261862    0.000569    0.000072    0.000497    0.000488    0.000000    0.000000    0.000000    0.000000    0.000000    0.000000
  -8.60887    0.288761    0.000661    0.000078    0.000583    0.000547    0.000000    0.000000    0.000000    0.000000    0.000000    0.000000
  -8.60287    0.331122    0.000786    0.000089    0.000697    0.000634    0.000000    0.000000    0.000000    0.000000    0.000000    0.000000
  -8.59687    0.387666    0.000940    0.000103    0.000837    0.000748    0.000000    0.000000    0.000000    0.000000    0.000000    0.000000
  -8.59086    0.456810    0.001123    0.000121    0.001001    0.000886    0.000000    0.000000    0.000000    0.000000    0.000000    0.000000
  -8.58486    0.536651    0.001328    0.000143    0.001185    0.001045    0.000000    0.000000    0.000000    0.000000    0.000000    0.000000
  -8.57886    0.624996    0.001553    0.000168    0.001385    0.001220    0.000000    0.000000    0.000000    0.000000    0.000000    0.000000
  -8.57286    0.719439    0.001790    0.000195    0.001595    0.001409    0.000000    0.000000    0.000000    0.000000    0.000000    0.000000
  -8.56686    0.817494    0.002034    0.000225    0.001810    0.001606    0.000000    0.000000    0.000000    0.000000    0.000000    0.000000
  -8.56085    0.916765    0.002279    0.000256    0.002024    0.001807    0.000000    0.000000    0.000000    0.000000    0.000000    0.000000
  -8.55485    1.015131    0.002520    0.000288    0.002232    0.002009    0.000000    0.000000    0.000000    0.000000    0.000000    0.000000
  -8.54885    1.110927    0.002753    0.000322    0.002430    0.002209    0.000000    0.000000    0.000000    0.000000    0.000000    0.000000
  -8.54285    1.203064    0.002974    0.000358    0.002616    0.002406    0.000000    0.000000    0.000000    0.000000    0.000000    0.000000
  -8.53685    1.291078    0.003182    0.000395    0.002788    0.002598    0.000000    0.000000    0.000000    0.000000    0.000000    0.000000
  -8.53084    1.375077    0.003378    0.000433    0.002945    0.002787    0.000000    0.000000    0.000000    0.000000    0.000000    0.000000
  -8.52484    1.455588    0.003563    0.000473    0.003090    0.002975    0.000000    0.000000    0.000000    0.000000    0.000000    0.000000
  -8.51884    1.533312    0.003739    0.000515    0.003224    0.003161    0.000000    0.000000    0.000000    0.000000    0.000000    0.000000
  -8.51284    1.608827    0.003907    0.000558    0.003349    0.003347    0.000000    0.000000    0.000000    0.000000    0.000000    0.000000
  -8.50684    1.682288    0.004069    0.000603    0.003467    0.003532    0.000000    0.000000    0.000000    0.000000    0.000000    0.000000
  -8.50083    1.753169    0.004224    0.000647    0.003577    0.003715    0.000000    0.000000    0.000000    0.000000    0.000000    0.000000
  -8.49483    1.820109    0.004370    0.000690    0.003679    0.003891    0.000000    0.000000    0.000000    0.000000    0.000000    0.000000
  -8.48883    1.880880    0.004500    0.000731    0.003769    0.004054    0.000000    0.000000    0.000000    0.000000    0.000000    0.000000
  -8.48283    1.932524    0.004611    0.000767    0.003844    0.004198    0.000000    0.000000    0.000000    0.000000    0.000000    0.000000
  -8.47683    1.971617    0.004693    0.000797    0.003896    0.004312    0.000000    0.000000    0.000000    0.000000    0.000000    0.000000
  -8.47082    1.994661    0.004738    0.000818    0.003920    0.004390    0.000000    0.000000    0.000000    0.000000    0.000000    0.000000
  -8.46482    1.998522    0.004740    0.000830    0.003910    0.004423    0.000000    0.000000    0.000000    0.000000    0.000000    0.000000
  -8.45882    1.980889    0.004694    0.000831    0.003863    0.004406    0.000000    0.000000    0.000000    0.000000    0.000000    0.000000
  -8.45282    1.940648    0.004597    0.000821    0.003776    0.004336    0.000000    0.000000    0.000000    0.000000    0.000000    0.000000
  -8.44682    1.878157    0.004450    0.000800    0.003649    0.004214    0.000000    0.000000    0.000000    0.000000    0.000000    0.000000
  -8.44081    1.795353    0.004257    0.000770    0.003487    0.004043    0.000000    0.000000    0.000000    0.000000    0.000000    0.000000
  -8.43481    1.695690    0.004028    0.000732    0.003297    0.003834    0.000000    0.000000    0.000000    0.000000    0.000000    0.000000
  -8.42881    1.583910    0.003774    0.000688    0.003086    0.003595    0.000000    0.000000    0.000000    0.000000    0.000000    0.000000
  -8.42281    1.465672    0.003509    0.000642    0.002867    0.003340    0.000000    0.000000    0.000000    0.000000    0.000000    0.000000
  -8.41681    1.347081    0.003246    0.000595    0.002651    0.003084    0.000000    0.000000    0.000000    0.000000    0.000000    0.000000
  -8.41080    1.234172    0.003002    0.000552    0.002449    0.002841    0.000000    0.000000    0.000000    0.000000    0.000000    0.000000
  -8.40480    1.132400    0.002788    0.000515    0.002273    0.002623    0.000000    0.000000    0.000000    0.000000    0.000000    0.000000
  -8.39880    1.046195    0.002616    0.000485    0.002131    0.002440    0.000000    0.000000    0.000000    0.000000    0.000000    0.000000
  -8.39280    0.978603    0.002491    0.000464    0.002028    0.002301    0.000000    0.000000    0.000000    0.000000    0.000000    0.000000
  -8.38680    0.931071    0.002418    0.000452    0.001966    0.002207    0.000000    0.000000    0.000000    0.000000    0.000000    0.000000
  -8.38079    0.903371    0.002395    0.000449    0.001945    0.002159    0.000000    0.000000    0.000000    0.000000    0.000000    0.000000
  -8.37479    0.893678    0.002415    0.000455    0.001960    0.002152    0.000000    0.000000    0.000000    0.000000    0.000000    0.000000
  -8.36879    0.898785    0.002471    0.000467    0.002004    0.002179    0.000000    0.000000    0.000000    0.000000    0.000000    0.000000
  -8.36279    0.914435    0.002549    0.000483    0.002066    0.002229    0.000000    0.000000    0.000000    0.000000    0.000000    0.000000
  -8.35679    0.935745    0.002637    0.000501    0.002136    0.002290    0.000000    0.000000    0.000000    0.000000    0.000000    0.000000
  -8.35078    0.957670    0.002720    0.000518    0.002202    0.002351    0.000000    0.000000    0.000000    0.000000    0.000000    0.000000
  -8.34478    0.975473    0.002785    0.000531    0.002254    0.002400    0.000000    0.000000    0.000000    0.000000    0.000000    0.000000
  -8.33878    0.985161    0.002821    0.000539    0.002283    0.002427    0.000000    0.000000    0.000000    0.000000    0.000000    0.000000
  -8.33278    0.983827    0.002821    0.000539    0.002282    0.002426    0.000000    0.000000    0.000000    0.000000    0.000000    0.000000
  -8.32678    0.969894    0.002779    0.000531    0.002247    0.002393    0.000000    0.000000    0.000000    0.000000    0.000000    0.000000
  -8.32077    0.943220    0.002694    0.000516    0.002178    0.002327    0.000000    0.000000    0.000000    0.000000    0.000000    0.000000
  -8.31477    0.905061    0.002570    0.000493    0.002077    0.002231    0.000000    0.000000    0.000000    0.000000    0.000000    0.000000
  -8.30877    0.857916    0.002413    0.000464    0.001950    0.002112    0.000000    0.000000    0.000000    0.000000    0.000000    0.000000
  -8.30277    0.805250    0.002232    0.000430    0.001802    0.001979    0.000000    0.000000    0.000000    0.000000    0.000000    0.000000
  -8.29677    0.751146    0.002037    0.000394    0.001643    0.001840    0.000000    0.000000    0.000000    0.000000    0.000000    0.000000
  -8.29076    0.699911    0.001839    0.000358    0.001481    0.001708    0.000000    0.000000    0.000000    0.000000    0.000000    0.000000
  -8.28476    0.655678    0.001649    0.000324    0.001325    0.001591    0.000000    0.000000    0.000000    0.000000    0.000000    0.000000
  -8.27876    0.622038    0.001476    0.000293    0.001183    0.001498    0.000000    0.000000    0.000000    0.000000    0.000000    0.000000
  -8.27276    0.601721    0.001327    0.000268    0.001060    0.001437    0.000000    0.000000    0.000000    0.000000    0.000000    0.000000
  -8.26676    0.596366    0.001208    0.000248    0.000960    0.001411    0.000000    0.000000    0.000000    0.000000    0.000000    0.000000
  -8.26075    0.606375    0.001121    0.000236    0.000885    0.001421    0.000000    0.000000    0.000000    0.000000    0.000000    0.000000
  -8.25475    0.630876    0.001065    0.000229    0.000836    0.001466    0.000000    0.000000    0.000000    0.000000    0.000000    0.000000
  -8.24875    0.667778    0.001039    0.000229    0.000810    0.001541    0.000000    0.000000    0.000000    0.000000    0.000000    0.000000
  -8.24275    0.713935    0.001036    0.000233    0.000804    0.001638    0.000000    0.000000    0.000000    0.000000    0.000000    0.000000
  -8.23675    0.765385    0.001052    0.000240    0.000812    0.001749    0.000000    0.000000    0.000000    0.000000    0.000000    0.000000
  -8.23074    0.817670    0.001080    0.000250    0.000830    0.001863    0.000000    0.000000    0.000000    0.000000    0.000000    0.000000
  -8.22474    0.866189    0.001111    0.000260    0.000852    0.001970    0.000000    0.000000    0.000000    0.000000    0.000000    0.000000
  -8.21874    0.906576    0.001140    0.000268    0.000872    0.002059    0.000000    0.000000    0.000000    0.000000    0.000000    0.000000
  -8.21274    0.935054    0.001160    0.000274    0.000886    0.002122    0.000000    0.000000    0.000000    0.000000    0.000000    0.000000
  -8.20674    0.948739    0.001167    0.000276    0.000890    0.002152    0.000000    0.000000    0.000000    0.000000    0.000000    0.000000
  -8.20073    0.945860    0.001156    0.000274    0.000882    0.002145    0.000000    0.000000    0.000000    0.000000    0.000000    0.000000
  -8.19473    0.925877    0.001128    0.000268    0.000860    0.002099    0.000000    0.000000    0.000000    0.000000    0.000000    0.000000
  -8.18873    0.889482    0.001082    0.000257    0.000825    0.002018    0.000000    0.000000    0.000000    0.000000    0.000000    0.000000
  -8.18273    0.838497    0.001020    0.000243    0.000778    0.001904    0.000000    0.000000    0.000000    0.000000    0.000000    0.000000
  -8.17673    0.775670    0.000946    0.000225    0.000721    0.001764    0.000000    0.000000    0.000000    0.000000    0.000000    0.000000
  -8.17072    0.704412    0.000863    0.000205    0.000658    0.001606    0.000000    0.000000    0.000000    0.000000    0.000000    0.000000
  -8.16472    0.628506    0.000778    0.000184    0.000594    0.001441    0.000000    0.000000    0.000000    0.000000    0.000000    0.000000
  -8.15872    0.551818    0.000695    0.000164    0.000531    0.001276    0.000000    0.000000    0.000000    0.000000    0.000000    0.000000
  -8.15272    0.478044    0.000620    0.000145    0.000475    0.001123    0.000000    0.000000    0.000000    0.000000    0.000000    0.000000
  -8.14672    0.410522    0.000558    0.000129    0.000429    0.000989    0.000000    0.000000    0.000000    0.000000    0.000000    0.000000
  -8.14071    0.352099    0.000516    0.000117    0.000398    0.000884    0.000000    0.000000    0.000000    0.000000    0.000000    0.000000
  -8.13471    0.305080    0.000497    0.000111    0.000387    0.000814    0.000000    0.000000    0.000000    0.000000    0.000000    0.000000
  -8.12871    0.271220    0.000508    0.000110    0.000398    0.000786    0.000000    0.000000    0.000000    0.000000    0.000000    0.000000
  -8.12271    0.251757    0.000551    0.000116    0.000434    0.000805    0.000000    0.000000    0.000000    0.000000    0.000000    0.000000
  -8.11671    0.247460    0.000630    0.000130    0.000500    0.000876    0.000000    0.000000    0.000000    0.000000    0.000000    0.000000
  -8.11070    0.258678    0.000749    0.000152    0.000596    0.001001    0.000000    0.000000    0.000000    0.000000    0.000000    0.000000
  -8.10470    0.285374    0.000908    0.000183    0.000726    0.001182    0.000000    0.000000    0.000000    0.000000    0.000000    0.000000
  -8.09870    0.327147    0.001110    0.000222    0.000888    0.001420    0.000000    0.000000    0.000000    0.000000    0.000000    0.000000
  -8.09270    0.383241    0.001354    0.000269    0.001084    0.001713    0.000000    0.000000    0.000000    0.000000    0.000000    0.000000
  -8.08670    0.452562    0.001637    0.000325    0.001312    0.002057    0.000000    0.000000    0.000000    0.000000    0.000000    0.000000
  -8.08069    0.533716    0.001956    0.000388    0.001568    0.002448    0.000000    0.000000    0.000000    0.000000    0.000000    0.000000
  -8.07469    0.625080    0.002307    0.000458    0.001849    0.002878    0.000000    0.000000    0.000000    0.000000    0.000000    0.000000
  -8.06869    0.724915    0.002684    0.000533    0.002150    0.003339    0.000000    0.000000    0.000000    0.000000    0.000000    0.000000
  -8.06269    0.831530    0.003080    0.000613    0.002468    0.003824    0.000000    0.000000    0.000000    0.000000    0.000000    0.000000
  -8.05669    0.943465    0.003492    0.000696    0.002797    0.004325    0.000000    0.000000    0.000000    0.000000    0.000000    0.000000
  -8.05068    1.059679    0.003915    0.000781    0.003134    0.004836    0.000000    0.000000    0.000000    0.000000    0.000000    0.000000
  -8.04468    1.179703    0.004347    0.000869    0.003478    0.005353    0.000000    0.000000    0.000000    0.000000    0.000000    0.000000
  -8.03868    1.303722    0.004789    0.000959    0.003830    0.005877    0.000000    0.000000    0.000000    0.000000    0.000000    0.000000
  -8.03268    1.432553    0.005244    0.001052    0.004191    0.006409    0.000000    0.000000    0.000000    0.000000    0.000000    0.000000
  -8.02668    1.567497    0.005715    0.001150    0.004566    0.006955    0.000000    0.000000    0.000000    0.000000    0.000000    0.000000
  -8.02067    1.710078    0.006210    0.001252    0.004958    0.007522    0.000000    0.000000    0.000000    0.000000    0.000000    0.000000
  -8.01467    1.861682    0.006733    0.001359    0.005374    0.008118    0.000000    0.000000    0.000000    0.000000    0.000000    0.000000
  -8.00867    2.023159    0.007289    0.001473    0.005816    0.008747    0.000000    0.000000    0.000000    0.000000    0.000000    0.000000
  -8.00267    2.194440    0.007877    0.001593    0.006284    0.009412    0.000000    0.000000    0.000000    0.000000    0.000000    0.000000
  -7.99667    2.374251    0.008495    0.001718    0.006777    0.010111    0.000000    0.000000    0.000000    0.000000    0.000000    0.000000
  -7.99066    2.559969    0.009133    0.001846    0.007287    0.010835    0.000000    0.000000    0.000000    0.000000    0.000000    0.000000
  -7.98466    2.747679    0.009778    0.001974    0.007804    0.011571    0.000000    0.000000    0.000000    0.000000    0.000000    0.000000
  -7.97866    2.932415    0.010413    0.002098    0.008315    0.012301    0.000000    0.000000    0.000000    0.000000    0.000000    0.000000
  -7.97266    3.108588    0.011017    0.002213    0.008804    0.013004    0.000000    0.000000    0.000000    0.000000    0.000000    0.000000
  -7.96666    3.270508    0.011570    0.002317    0.009254    0.013659    0.000000    0.000000    0.000000    0.000000    0.000000    0.000000
  -7.96065    3.412951    0.012054    0.002404    0.009650    0.014245    0.000000    0.000000    0.000000    0.000000    0.000000    0.000000
  -7.95465    3.531657    0.012452    0.002472    0.009980    0.014745    0.000000    0.000000    0.000000    0.000000    0.000000    0.000000
  -7.94865    3.623701    0.012755    0.002520    0.010235    0.015148    0.000000    0.000000    0.000000    0.000000    0.000000    0.000000
  -7.94265    3.687674    0.012959    0.002547    0.010413    0.015448    0.000000    0.000000    0.000000    0.000000    0.000000    0.000000
  -7.93665    3.723661    0.013066    0.002553    0.010512    0.015648    0.000000    0.000000    0.000000    0.000000    0.000000    0.000000
  -7.93064    3.733031    0.013082    0.002542    0.010540    0.015754    0.000000    0.000000    0.000000    0.000000    0.000000    0.000000
  -7.92464    3.718098    0.013020    0.002516    0.010504    0.015775    0.000000    0.000000    0.000000    0.000000    0.000000    0.000000
  -7.91864    3.681721    0.012893    0.002478    0.010415    0.015725    0.000000    0.000000    0.000000    0.000000    0.000000    0.000000
  -7.91264    3.626915    0.012716    0.002432    0.010284    0.015618    0.000000    0.000000    0.000000    0.000000    0.000000    0.000000
  -7.90664    3.556545    0.012504    0.002381    0.010123    0.015467    0.000000    0.000000    0.000000    0.000000    0.000000    0.000000
  -7.90063    3.473144    0.012267    0.002328    0.009939    0.015281    0.000000    0.000000    0.000000    0.000000    0.000000    0.000000
  -7.89463    3.378866    0.012017    0.002276    0.009742    0.015069    0.000000    0.000000    0.000000    0.000000    0.000000    0.000000
  -7.88863    3.275555    0.011761    0.002225    0.009537    0.014838    0.000000    0.000000    0.000000    0.000000    0.000000    0.000000
  -7.88263    3.164915    0.011504    0.002176    0.009328    0.014592    0.000000    0.000000    0.000000    0.000000    0.000000    0.000000
  -7.87663    3.048706    0.011250    0.002131    0.009119    0.014334    0.000000    0.000000    0.000000    0.000000    0.000000    0.000000
  -7.87062    2.928939    0.011002    0.002089    0.008913    0.014068    0.000000    0.000000    0.000000    0.000000    0.000000    0.000000
  -7.86462    2.808014    0.010764    0.002051    0.008713    0.013800    0.000000    0.000000    0.000000    0.000000    0.000000    0.000000
  -7.85862    2.688792    0.010541    0.002017    0.008524    0.013537    0.000000    0.000000    0.000000    0.000000    0.000000    0.000000
  -7.85262    2.574557    0.010339    0.001987    0.008352    0.013288    0.000000    0.000000    0.000000    0.000000    0.000000    0.000000
  -7.84662    2.468908    0.010166    0.001964    0.008202    0.013065    0.000000    0.000000    0.000000    0.000000    0.000000    0.000000
  -7.84061    2.375560    0.010033    0.001948    0.008085    0.012882    0.000000    0.000000    0.000000    0.000000    0.000000    0.000000
  -7.83461    2.298095    0.009950    0.001941    0.008009    0.012753    0.000000    0.000000    0.000000    0.000000    0.000000    0.000000
  -7.82861    2.239673    0.009930    0.001947    0.007983    0.012695    0.000000    0.000000    0.000000    0.000000    0.000000    0.000000
  -7.82261    2.202757    0.009983    0.001966    0.008017    0.012718    0.000000    0.000000    0.000000    0.000000    0.000000    0.000000
  -7.81661    2.188853    0.010118    0.002002    0.008116    0.012835    0.000000    0.000000    0.000000    0.000000    0.000000    0.000000
  -7.81060    2.198321    0.010339    0.002054    0.008285    0.013048    0.000000    0.000000    0.000000    0.000000    0.000000    0.000000
  -7.80460    2.230279    0.010649    0.002124    0.008525    0.013359    0.000000    0.000000    0.000000    0.000000    0.000000    0.000000
  -7.79860    2.282617    0.011043    0.002212    0.008831    0.013760    0.000000    0.000000    0.000000    0.000000    0.000000    0.000000
  -7.79260    2.352141    0.011513    0.002317    0.009197    0.014239    0.000000    0.000000    0.000000    0.000000    0.000000    0.000000
  -7.78660    2.434831    0.012047    0.002435    0.009612    0.014779    0.000000    0.000000    0.000000    0.000000    0.000000    0.000000
  -7.78059    2.526198    0.012630    0.002566    0.010063    0.015361    0.000000    0.000000    0.000000    0.000000    0.000000    0.000000
  -7.77459    2.621701    0.013245    0.002707    0.010538    0.015964    0.000000    0.000000    0.000000    0.000000    0.000000    0.000000
  -7.76859    2.717165    0.013877    0.002854    0.011023    0.016568    0.000000    0.000000    0.000000    0.000000    0.000000    0.000000
  -7.76259    2.809153    0.014513    0.003005    0.011508    0.017159    0.000000    0.000000    0.000000    0.000000    0.000000    0.000000
  -7.75659    2.895249    0.015144    0.003157    0.011986    0.017726    0.000000    0.000000    0.000000    0.000000    0.000000    0.000000
  -7.75058    2.974203    0.015764    0.003311    0.012453    0.018264    0.000000    0.000000    0.000000    0.000000    0.000000    0.000000
  -7.74458    3.045947    0.016373    0.003463    0.012909    0.018775    0.000000    0.000000    0.000000    0.000000    0.000000    0.000000
  -7.73858    3.111470    0.016974    0.003615    0.013359    0.019264    0.000000    0.000000    0.000000    0.000000    0.000000    0.000000
  -7.73258    3.172609    0.017573    0.003764    0.013809    0.019740    0.000000    0.000000    0.000000    0.000000    0.000000    0.000000
  -7.72658    3.231768    0.018178    0.003910    0.014268    0.020213    0.000000    0.000000    0.000000    0.000000    0.000000    0.000000
  -7.72057    3.291639    0.018798    0.004053    0.014745    0.020693    0.000000    0.000000    0.000000    0.000000    0.000000    0.000000
  -7.71457    3.354943    0.019439    0.004191    0.015248    0.021189    0.000000    0.000000    0.000000    0.000000    0.000000    0.000000
  -7.70857    3.424226    0.020108    0.004324    0.015784    0.021706    0.000000    0.000000    0.000000    0.000000    0.000000    0.000000
  -7.70257    3.501712    0.020809    0.004448    0.016361    0.022247    0.000000    0.000000    0.000000    0.000000    0.000000    0.000000
  -7.69657    3.589208    0.021544    0.004563    0.016980    0.022812    0.000000    0.000000    0.000000    0.000000    0.000000    0.000000
  -7.69056    3.688031    0.022313    0.004668    0.017645    0.023400    0.000000    0.000000    0.000000    0.000000    0.000000    0.000000
  -7.68456    3.798940    0.023117    0.004762    0.018355    0.024008    0.000000    0.000000    0.000000    0.000000    0.000000    0.000000
  -7.67856    3.922048    0.023951    0.004844    0.019107    0.024633    0.000000    0.000000    0.000000    0.000000    0.000000    0.000000
  -7.67256    4.056711    0.024811    0.004914    0.019896    0.025270    0.000000    0.000000    0.000000    0.000000    0.000000    0.000000
  -7.66656    4.201406    0.025690    0.004974    0.020715    0.025916    0.000000    0.000000    0.000000    0.000000    0.000000    0.000000
  -7.66055    4.353618    0.026578    0.005025    0.021553    0.026565    0.000000    0.000000    0.000000    0.000000    0.000000    0.000000
  -7.65455    4.509785    0.027464    0.005068    0.022396    0.027211    0.000000    0.000000    0.000000    0.000000    0.000000    0.000000
  -7.64855    4.665324    0.028329    0.005102    0.023227    0.027845    0.000000    0.000000    0.000000    0.000000    0.000000    0.000000
  -7.64255    4.814789    0.029154    0.005130    0.024024    0.028456    0.000000    0.000000    0.000000    0.000000    0.000000    0.000000
  -7.63655    4.952154    0.029916    0.005150    0.024765    0.029030    0.000000    0.000000    0.000000    0.000000    0.000000    0.000000
  -7.63054    5.071225    0.030591    0.005163    0.025428    0.029552    0.000000    0.000000    0.000000    0.000000    0.000000    0.000000
  -7.62454    5.166132    0.031155    0.005166    0.025989    0.030007    0.000000    0.000000    0.000000    0.000000    0.000000    0.000000
  -7.61854    5.231858    0.031588    0.005159    0.026429    0.030380    0.000000    0.000000    0.000000    0.000000    0.000000    0.000000
  -7.61254    5.264718    0.031874    0.005141    0.026733    0.030659    0.000000    0.000000    0.000000    0.000000    0.000000    0.000000
  -7.60654    5.262733    0.032003    0.005111    0.026892    0.030836    0.000000    0.000000    0.000000    0.000000    0.000000    0.000000
  -7.60053    5.225835    0.031975    0.005069    0.026906    0.030907    0.000000    0.000000    0.000000    0.000000    0.000000    0.000000
  -7.59453    5.155877    0.031796    0.005015    0.026780    0.030873    0.000000    0.000000    0.000000    0.000000    0.000000    0.000000
  -7.58853    5.056426    0.031480    0.004952    0.026528    0.030740    0.000000    0.000000    0.000000    0.000000    0.000000    0.000000
  -7.58253    4.932386    0.031047    0.004881    0.026166    0.030517    0.000000    0.000000    0.000000    0.000000    0.000000    0.000000
  -7.57653    4.789484    0.030520    0.004805    0.025715    0.030215    0.000000    0.000000    0.000000    0.000000    0.000000    0.000000
  -7.57052    4.633691    0.029923    0.004725    0.025198    0.029844    0.000000    0.000000    0.000000    0.000000    0.000000    0.000000
  -7.56452    4.470653    0.029277    0.004644    0.024633    0.029415    0.000000    0.000000    0.000000    0.000000    0.000000    0.000000
  -7.55852    4.305192    0.028597    0.004561    0.024036    0.028932    0.000000    0.000000    0.000000    0.000000    0.000000    0.000000
  -7.55252    4.140937    0.027892    0.004476    0.023416    0.028397    0.000000    0.000000    0.000000    0.000000    0.000000    0.000000
  -7.54652    3.980118    0.027164    0.004389    0.022775    0.027808    0.000000    0.000000    0.000000    0.000000    0.000000    0.000000
  -7.54051    3.823524    0.026407    0.004296    0.022112    0.027156    0.000000    0.000000    0.000000    0.000000    0.000000    0.000000
  -7.53451    3.670628    0.025609    0.004194    0.021416    0.026433    0.000000    0.000000    0.000000    0.000000    0.000000    0.000000
  -7.52851    3.519846    0.024754    0.004080    0.020675    0.025626    0.000000    0.000000    0.000000    0.000000    0.000000    0.000000
  -7.52251    3.368881    0.023825    0.003950    0.019875    0.024725    0.000000    0.000000    0.000000    0.000000    0.000000    0.000000
  -7.51651    3.215127    0.022806    0.003802    0.019004    0.023719    0.000000    0.000000    0.000000    0.000000    0.000000    0.000000
  -7.51050    3.056066    0.021685    0.003634    0.018051    0.022604    0.000000    0.000000    0.000000    0.000000    0.000000    0.000000
  -7.50450    2.889630    0.020458    0.003445    0.017013    0.021379    0.000000    0.000000    0.000000    0.000000    0.000000    0.000000
  -7.49850    2.714494    0.019127    0.003236    0.015892    0.020050    0.000000    0.000000    0.000000    0.000000    0.000000    0.000000
  -7.49250    2.530262    0.017704    0.003009    0.014696    0.018629    0.000000    0.000000    0.000000    0.000000    0.000000    0.000000
  -7.48650    2.337557    0.016207    0.002766    0.013441    0.017134    0.000000    0.000000    0.000000    0.000000    0.000000    0.000000
  -7.48049    2.137999    0.014662    0.002514    0.012148    0.015587    0.000000    0.000000    0.000000    0.000000    0.000000    0.000000
  -7.47449    1.934076    0.013098    0.002256    0.010842    0.014016    0.000000    0.000000    0.000000    0.000000    0.000000    0.000000
  -7.46849    1.728951    0.011548    0.001999    0.009550    0.012450    0.000000    0.000000    0.000000    0.000000    0.000000    0.000000
  -7.46249    1.526209    0.010044    0.001747    0.008297    0.010920    0.000000    0.000000    0.000000    0.000000    0.000000    0.000000
  -7.45649    1.329580    0.008615    0.001506    0.007109    0.009453    0.000000    0.000000    0.000000    0.000000    0.000000    0.000000
  -7.45048    1.142680    0.007288    0.001281    0.006008    0.008076    0.000000    0.000000    0.000000    0.000000    0.000000    0.000000
  -7.44448    0.968786    0.006084    0.001074    0.005009    0.006813    0.000000    0.000000    0.000000    0.000000    0.000000    0.000000
  -7.43848    0.810668    0.005017    0.000890    0.004128    0.005681    0.000000    0.000000    0.000000    0.000000    0.000000    0.000000
  -7.43248    0.670502    0.004100    0.000730    0.003370    0.004696    0.000000    0.000000    0.000000    0.000000    0.000000    0.000000
  -7.42648    0.549853    0.003337    0.000595    0.002742    0.003867    0.000000    0.000000    0.000000    0.000000    0.000000    0.000000
  -7.42047    0.449728    0.002732    0.000486    0.002246    0.003203    0.000000    0.000000    0.000000    0.000000    0.000000    0.000000
  -7.41447    0.370691    0.002285    0.000403    0.001882    0.002709    0.000000    0.000000    0.000000    0.000000    0.000000    0.000000
  -7.40847    0.313002    0.001997    0.000347    0.001650    0.002390    0.000000    0.000000    0.000000    0.000000    0.000000    0.000000
  -7.40247    0.276769    0.001868    0.000317    0.001551    0.002253    0.000000    0.000000    0.000000    0.000000    0.000000    0.000000
  -7.39647    0.262078    0.001901    0.000314    0.001587    0.002304    0.000000    0.000000    0.000000    0.000000    0.000000    0.000000
  -7.39046    0.269082    0.002100    0.000339    0.001761    0.002552    0.000000    0.000000    0.000000    0.000000    0.000000    0.000000
  -7.38446    0.298033    0.002471    0.000392    0.002079    0.003009    0.000000    0.000000    0.000000    0.000000    0.000000    0.000000
  -7.37846    0.349243    0.003021    0.000476    0.002545    0.003686    0.000000    0.000000    0.000000    0.000000    0.000000    0.000000
  -7.37246    0.422980    0.003757    0.000591    0.003166    0.004594    0.000000    0.000000    0.000000    0.000000    0.000000    0.000000
  -7.36646    0.519307    0.004683    0.000738    0.003945    0.005741    0.000000    0.000000    0.000000    0.000000    0.000000    0.000000
  -7.36045    0.637880    0.005802    0.000920    0.004882    0.007133    0.000000    0.000000    0.000000    0.000000    0.000000    0.000000
  -7.35445    0.777738    0.007110    0.001135    0.005975    0.008765    0.000000    0.000000    0.000000    0.000000    0.000000    0.000000
  -7.34845    0.937113    0.008596    0.001384    0.007212    0.010626    0.000000    0.000000    0.000000    0.000000    0.000000    0.000000
  -7.34245    1.113291    0.010242    0.001663    0.008579    0.012693    0.000000    0.000000    0.000000    0.000000    0.000000    0.000000
  -7.33645    1.302555    0.012021    0.001970    0.010051    0.014932    0.000000    0.000000    0.000000    0.000000    0.000000    0.000000
  -7.33044    1.500224    0.013900    0.002300    0.011600    0.017299    0.000000    0.000000    0.000000    0.000000    0.000000    0.000000
  -7.32444    1.700808    0.015837    0.002646    0.013191    0.019740    0.000000    0.000000    0.000000    0.000000    0.000000    0.000000
  -7.31844    1.898262    0.017788    0.003002    0.014786    0.022192    0.000000    0.000000    0.000000    0.000000    0.000000    0.000000
  -7.31244    2.086322    0.019704    0.003359    0.016345    0.024591    0.000000    0.000000    0.000000    0.000000    0.000000    0.000000
  -7.30644    2.258899    0.021538    0.003708    0.017830    0.026873    0.000000    0.000000    0.000000    0.000000    0.000000    0.000000
  -7.30043    2.410474    0.023249    0.004043    0.019206    0.028975    0.000000    0.000000    0.000000    0.000000    0.000000    0.000000
  -7.29443    2.536473    0.024797    0.004354    0.020443    0.030847    0.000000    0.000000    0.000000    0.000000    0.000000    0.000000
  -7.28843    2.633549    0.026155    0.004636    0.021519    0.032445    0.000000    0.000000    0.000000    0.000000    0.000000    0.000000
  -7.28243    2.699770    0.027300    0.004883    0.022418    0.033742    0.000000    0.000000    0.000000    0.000000    0.000000    0.000000
  -7.27643    2.734667    0.028222    0.005091    0.023132    0.034721    0.000000    0.000000    0.000000    0.000000    0.000000    0.000000
  -7.27042    2.739156    0.028916    0.005257    0.023659    0.035381    0.000000    0.000000    0.000000    0.000000    0.000000    0.000000
  -7.26442    2.715332    0.029386    0.005382    0.024004    0.035730    0.000000    0.000000    0.000000    0.000000    0.000000    0.000000
  -7.25842    2.666181    0.029637    0.005464    0.024173    0.035784    0.000000    0.000000    0.000000    0.000000    0.000000    0.000000
  -7.25242    2.595230    0.029679    0.005504    0.024175    0.035565    0.000000    0.000000    0.000000    0.000000    0.000000    0.000000
  -7.24642    2.506201    0.029521    0.005502    0.024019    0.035095    0.000000    0.000000    0.000000    0.000000    0.000000    0.000000
  -7.24041    2.402693    0.029170    0.005460    0.023710    0.034396    0.000000    0.000000    0.000000    0.000000    0.000000    0.000000
  -7.23441    2.287943    0.028632    0.005379    0.023253    0.033486    0.000000    0.000000    0.000000    0.000000    0.000000    0.000000
  -7.22841    2.164684    0.027909    0.005258    0.022651    0.032380    0.000000    0.000000    0.000000    0.000000    0.000000    0.000000
  -7.22241    2.035110    0.027004    0.005099    0.021904    0.031091    0.000000    0.000000    0.000000    0.000000    0.000000    0.000000
  -7.21641    1.900935    0.025919    0.004903    0.021016    0.029628    0.000000    0.000000    0.000000    0.000000    0.000000    0.000000
  -7.21040    1.763529    0.024660    0.004670    0.019989    0.028003    0.000000    0.000000    0.000000    0.000000    0.000000    0.000000
  -7.20440    1.624102    0.023239    0.004405    0.018834    0.026230    0.000000    0.000000    0.000000    0.000000    0.000000    0.000000
  -7.19840    1.483896    0.021675    0.004109    0.017566    0.024331    0.000000    0.000000    0.000000    0.000000    0.000000    0.000000
  -7.19240    1.344348    0.019996    0.003790    0.016206    0.022333    0.000000    0.000000    0.000000    0.000000    0.000000    0.000000
  -7.18640    1.207217    0.018239    0.003454    0.014785    0.020273    0.000000    0.000000    0.000000    0.000000    0.000000    0.000000
  -7.18039    1.074644    0.016449    0.003109    0.013340    0.018196    0.000000    0.000000    0.000000    0.000000    0.000000    0.000000
  -7.17439    0.949155    0.014678    0.002764    0.011914    0.016152    0.000000    0.000000    0.000000    0.000000    0.000000    0.000000
  -7.16839    0.833617    0.012986    0.002431    0.010555    0.014197    0.000000    0.000000    0.000000    0.000000    0.000000    0.000000
  -7.16239    0.731153    0.011430    0.002118    0.009312    0.012388    0.000000    0.000000    0.000000    0.000000    0.000000    0.000000
  -7.15639    0.645046    0.010072    0.001836    0.008236    0.010781    0.000000    0.000000    0.000000    0.000000    0.000000    0.000000
  -7.15038    0.578639    0.008969    0.001594    0.007375    0.009431    0.000000    0.000000    0.000000    0.000000    0.000000    0.000000
  -7.14438    0.535238    0.008175    0.001400    0.006775    0.008389    0.000000    0.000000    0.000000    0.000000    0.000000    0.000000
  -7.13838    0.518030    0.007739    0.001261    0.006478    0.007697    0.000000    0.000000    0.000000    0.000000    0.000000    0.000000
  -7.13238    0.529985    0.007703    0.001184    0.006519    0.007395    0.000000    0.000000    0.000000    0.000000    0.000000    0.000000
  -7.12638    0.573767    0.008101    0.001173    0.006928    0.007516    0.000000    0.000000    0.000000    0.000000    0.000000    0.000000
  -7.12037    0.651609    0.008959    0.001233    0.007726    0.008086    0.000000    0.000000    0.000000    0.000000    0.000000    0.000000
  -7.11437    0.765171    0.010292    0.001365    0.008927    0.009123    0.000000    0.000000    0.000000    0.000000    0.000000    0.000000
  -7.10837    0.915382    0.012104    0.001572    0.010533    0.010638    0.000000    0.000000    0.000000    0.000000    0.000000    0.000000
  -7.10237    1.102264    0.014386    0.001853    0.012533    0.012636    0.000000    0.000000    0.000000    0.000000    0.000000    0.000000
  -7.09637    1.324779    0.017112    0.002208    0.014903    0.015109    0.000000    0.000000    0.000000    0.000000    0.000000    0.000000
  -7.09036    1.580712    0.020244    0.002635    0.017608    0.018040    0.000000    0.000000    0.000000    0.000000    0.000000    0.000000
  -7.08436    1.866630    0.023728    0.003130    0.020598    0.021401    0.000000    0.000000    0.000000    0.000000    0.000000    0.000000
  -7.07836    2.177927    0.027497    0.003686    0.023811    0.025150    0.000000    0.000000    0.000000    0.000000    0.000000    0.000000
  -7.07236    2.508973    0.031474    0.004297    0.027177    0.029237    0.000000    0.000000    0.000000    0.000000    0.000000    0.000000
  -7.06636    2.853369    0.035576    0.004954    0.030622    0.033602    0.000000    0.000000    0.000000    0.000000    0.000000    0.000000
  -7.06035    3.204285    0.039716    0.005646    0.034070    0.038179    0.000000    0.000000    0.000000    0.000000    0.000000    0.000000
  -7.05435    3.554848    0.043813    0.006363    0.037450    0.042894    0.000000    0.000000    0.000000    0.000000    0.000000    0.000000
  -7.04835    3.898546    0.047790    0.007094    0.040696    0.047677    0.000000    0.000000    0.000000    0.000000    0.000000    0.000000
  -7.04235    4.229605    0.051583    0.007825    0.043758    0.052458    0.000000    0.000000    0.000000    0.000000    0.000000    0.000000
  -7.03635    4.543288    0.055141    0.008546    0.046595    0.057171    0.000000    0.000000    0.000000    0.000000    0.000000    0.000000
  -7.03034    4.836106    0.058425    0.009244    0.049181    0.061761    0.000000    0.000000    0.000000    0.000000    0.000000    0.000000
  -7.02434    5.105897    0.061412    0.009910    0.051502    0.066180    0.000000    0.000000    0.000000    0.000000    0.000000    0.000000
  -7.01834    5.351806    0.064088    0.010534    0.053554    0.070391    0.000000    0.000000    0.000000    0.000000    0.000000    0.000000
  -7.01234    5.574149    0.066452    0.011109    0.055343    0.074368    0.000000    0.000000    0.000000    0.000000    0.000000    0.000000
  -7.00634    5.774206    0.068505    0.011627    0.056878    0.078097    0.000000    0.000000    0.000000    0.000000    0.000000    0.000000
  -7.00033    5.953961    0.070259    0.012085    0.058173    0.081572    0.000000    0.000000    0.000000    0.000000    0.000000    0.000000
  -6.99433    6.115836    0.071725    0.012482    0.059243    0.084799    0.000000    0.000000    0.000000    0.000000    0.000000    0.000000
  -6.98833    6.262426    0.072922    0.012816    0.060105    0.087789    0.000000    0.000000    0.000000    0.000000    0.000000    0.000000
  -6.98233    6.396272    0.073869    0.013091    0.060778    0.090563    0.000000    0.000000    0.000000    0.000000    0.000000    0.000000
  -6.97633    6.519672    0.074592    0.013312    0.061280    0.093144    0.000000    0.000000    0.000000    0.000000    0.000000    0.000000
  -6.97032    6.634536    0.075121    0.013486    0.061636    0.095557    0.000000    0.000000    0.000000    0.000000    0.000000    0.000000
  -6.96432    6.742287    0.075490    0.013619    0.061871    0.097829    0.000000    0.000000    0.000000    0.000000    0.000000    0.000000
  -6.95832    6.843788    0.075735    0.013723    0.062012    0.099981    0.000000    0.000000    0.000000    0.000000    0.000000    0.000000
  -6.95232    6.939311    0.075894    0.013805    0.062089    0.102030    0.000000    0.000000    0.000000    0.000000    0.000000    0.000000
  -6.94632    7.028528    0.076001    0.013873    0.062129    0.103984    0.000000    0.000000    0.000000    0.000000    0.000000    0.000000
  -6.94031    7.110539    0.076087    0.013932    0.062154    0.105839    0.000000    0.000000    0.000000    0.000000    0.000000    0.000000
  -6.93431    7.183932    0.076169    0.013988    0.062181    0.107580    0.000000    0.000000    0.000000    0.000000    0.000000    0.000000
  -6.92831    7.246899    0.076255    0.014039    0.062217    0.109182    0.000000    0.000000    0.000000    0.000000    0.000000    0.000000
  -6.92231    7.297386    0.076340    0.014082    0.062258    0.110607    0.000000    0.000000    0.000000    0.000000    0.000000    0.000000
  -6.91631    7.333300    0.076403    0.014113    0.062291    0.111811    0.000000    0.000000    0.000000    0.000000    0.000000    0.000000
  -6.91030    7.352745    0.076414    0.014123    0.062291    0.112750    0.000000    0.000000    0.000000    0.000000    0.000000    0.000000
  -6.90430    7.354274    0.076332    0.014103    0.062229    0.113378    0.000000    0.000000    0.000000    0.000000    0.000000    0.000000
  -6.89830    7.337123    0.076114    0.014044    0.062070    0.113660    0.000000    0.000000    0.000000    0.000000    0.000000    0.000000
  -6.89230    7.301403    0.075717    0.013938    0.061779    0.113573    0.000000    0.000000    0.000000    0.000000    0.000000    0.000000
  -6.88630    7.248207    0.075106    0.013780    0.061326    0.113113    0.000000    0.000000    0.000000    0.000000    0.000000    0.000000
  -6.88029    7.179614    0.074254    0.013566    0.060688    0.112294    0.000000    0.000000    0.000000    0.000000    0.000000    0.000000
  -6.87429    7.098583    0.073149    0.013299    0.059850    0.111152    0.000000    0.000000    0.000000    0.000000    0.000000    0.000000
  -6.86829    7.008728    0.071794    0.012983    0.058811    0.109740    0.000000    0.000000    0.000000    0.000000    0.000000    0.000000
  -6.86229    6.914009    0.070211    0.012627    0.057584    0.108131    0.000000    0.000000    0.000000    0.000000    0.000000    0.000000
  -6.85629    6.818377    0.068436    0.012243    0.056193    0.106405    0.000000    0.000000    0.000000    0.000000    0.000000    0.000000
  -6.85028    6.725414    0.066517    0.011845    0.054673    0.104649    0.000000    0.000000    0.000000    0.000000    0.000000    0.000000
  -6.84428    6.638031    0.064516    0.011448    0.053069    0.102949    0.000000    0.000000    0.000000    0.000000    0.000000    0.000000
  -6.83828    6.558271    0.062499    0.011067    0.051433    0.101382    0.000000    0.000000    0.000000    0.000000    0.000000    0.000000
  -6.83228    6.487242    0.060535    0.010716    0.049819    0.100014    0.000000    0.000000    0.000000    0.000000    0.000000    0.000000
  -6.82628    6.425216    0.058689    0.010406    0.048283    0.098898    0.000000    0.000000    0.000000    0.000000    0.000000    0.000000
  -6.82027    6.371855    0.057021    0.010146    0.046875    0.098067    0.000000    0.000000    0.000000    0.000000    0.000000    0.000000
  -6.81427    6.326570    0.055581    0.009942    0.045639    0.097546    0.000000    0.000000    0.000000    0.000000    0.000000    0.000000
  -6.80827    6.288919    0.054406    0.009795    0.044611    0.097345    0.000000    0.000000    0.000000    0.000000    0.000000    0.000000
  -6.80227    6.259014    0.053522    0.009705    0.043817    0.097472    0.000000    0.000000    0.000000    0.000000    0.000000    0.000000
  -6.79627    6.237852    0.052940    0.009668    0.043272    0.097933    0.000000    0.000000    0.000000    0.000000    0.000000    0.000000
  -6.79026    6.227506    0.052662    0.009682    0.042980    0.098742    0.000000    0.000000    0.000000    0.000000    0.000000    0.000000
  -6.78426    6.231147    0.052681    0.009741    0.042940    0.099920    0.000000    0.000000    0.000000    0.000000    0.000000    0.000000
  -6.77826    6.252863    0.052984    0.009843    0.043142    0.101502    0.000000    0.000000    0.000000    0.000000    0.000000    0.000000
  -6.77226    6.297295    0.053556    0.009984    0.043573    0.103530    0.000000    0.000000    0.000000    0.000000    0.000000    0.000000
  -6.76626    6.369114    0.054380    0.010163    0.044217    0.106050    0.000000    0.000000    0.000000    0.000000    0.000000    0.000000
  -6.76025    6.472415    0.055438    0.010380    0.045058    0.109106    0.000000    0.000000    0.000000    0.000000    0.000000    0.000000
  -6.75425    6.610077    0.056712    0.010636    0.046076    0.112730    0.000000    0.000000    0.000000    0.000000    0.000000    0.000000
  -6.74825    6.783207    0.058182    0.010931    0.047251    0.116934    0.000000    0.000000    0.000000    0.000000    0.000000    0.000000
  -6.74225    6.990711    0.059822    0.011262    0.048560    0.121698    0.000000    0.000000    0.000000    0.000000    0.000000    0.000000
  -6.73625    7.229075    0.061600    0.011626    0.049973    0.126966    0.000000    0.000000    0.000000    0.000000    0.000000    0.000000
  -6.73024    7.492401    0.063472    0.012017    0.051455    0.132647    0.000000    0.000000    0.000000    0.000000    0.000000    0.000000
  -6.72424    7.772696    0.065385    0.012422    0.052963    0.138610    0.000000    0.000000    0.000000    0.000000    0.000000    0.000000
  -6.71824    8.060407    0.067278    0.012829    0.054449    0.144701    0.000000    0.000000    0.000000    0.000000    0.000000    0.000000
  -6.71224    8.345151    0.069079    0.013220    0.055859    0.150745    0.000000    0.000000    0.000000    0.000000    0.000000    0.000000
  -6.70624    8.616561    0.070715    0.013578    0.057138    0.156568    0.000000    0.000000    0.000000    0.000000    0.000000    0.000000
  -6.70023    8.865166    0.072119    0.013884    0.058234    0.162011    0.000000    0.000000    0.000000    0.000000    0.000000    0.000000
  -6.69423    9.083200    0.073229    0.014123    0.059106    0.166943    0.000000    0.000000    0.000000    0.000000    0.000000    0.000000
  -6.68823    9.265251    0.074006    0.014283    0.059723    0.171278    0.000000    0.000000    0.000000    0.000000    0.000000    0.000000
  -6.68223    9.408675    0.074430    0.014358    0.060072    0.174980    0.000000    0.000000    0.000000    0.000000    0.000000    0.000000
  -6.67623    9.513730    0.074507    0.014346    0.060161    0.178066    0.000000    0.000000    0.000000    0.000000    0.000000    0.000000
  -6.67022    9.583415    0.074272    0.014254    0.060019    0.180605    0.000000    0.000000    0.000000    0.000000    0.000000    0.000000
  -6.66422    9.623025    0.073785    0.014093    0.059692    0.182704    0.000000    0.000000    0.000000    0.000000    0.000000    0.000000
  -6.65822    9.639501    0.073125    0.013881    0.059243    0.184495    0.000000    0.000000    0.000000    0.000000    0.000000    0.000000
  -6.65222    9.640625    0.072385    0.013638    0.058746    0.186119    0.000000    0.000000    0.000000    0.000000    0.000000    0.000000
  -6.64622    9.634185    0.071664    0.013386    0.058278    0.187707    0.000000    0.000000    0.000000    0.000000    0.000000    0.000000
  -6.64021    9.627198    0.071056    0.013145    0.057911    0.189360    0.000000    0.000000    0.000000    0.000000    0.000000    0.000000
  -6.63421    9.625290    0.070646    0.012935    0.057711    0.191143    0.000000    0.000000    0.000000    0.000000    0.000000    0.000000
  -6.62821    9.632314    0.070496    0.012772    0.057725    0.193073    0.000000    0.000000    0.000000    0.000000    0.000000    0.000000
  -6.62221    9.650240    0.070652    0.012665    0.057986    0.195123    0.000000    0.000000    0.000000    0.000000    0.000000    0.000000
  -6.61621    9.679330    0.071132    0.012623    0.058509    0.197225    0.000000    0.000000    0.000000    0.000000    0.000000    0.000000
  -6.61020    9.718558    0.071937    0.012646    0.059291    0.199292    0.000000    0.000000    0.000000    0.000000    0.000000    0.000000
  -6.60420    9.766206    0.073052    0.012733    0.060319    0.201226    0.000000    0.000000    0.000000    0.000000    0.000000    0.000000
  -6.59820    9.820533    0.074454    0.012880    0.061575    0.202949    0.000000    0.000000    0.000000    0.000000    0.000000    0.000000
  -6.59220    9.880411    0.076121    0.013081    0.063040    0.204411    0.000000    0.000000    0.000000    0.000000    0.000000    0.000000
  -6.58620    9.945823    0.078038    0.013333    0.064704    0.205614    0.000000    0.000000    0.000000    0.000000    0.000000    0.000000
  -6.58019   10.018131    0.080203    0.013633    0.066570    0.206616    0.000000    0.000000    0.000000    0.000000    0.000000    0.000000
  -6.57419   10.100092    0.082635    0.013979    0.068656    0.207534    0.000000    0.000000    0.000000    0.000000    0.000000    0.000000
  -6.56819   10.195596    0.085371    0.014374    0.070997    0.208537    0.000000    0.000000    0.000000    0.000000    0.000000    0.000000
  -6.56219   10.309191    0.088465    0.014821    0.073643    0.209829    0.000000    0.000000    0.000000    0.000000    0.000000    0.000000
  -6.55619   10.445470    0.091982    0.015327    0.076655    0.211634    0.000000    0.000000    0.000000    0.000000    0.000000    0.000000
  -6.55018   10.608418    0.095991    0.015898    0.080093    0.214172    0.000000    0.000000    0.000000    0.000000    0.000000    0.000000
  -6.54418   10.800816    0.100552    0.016539    0.084013    0.217636    0.000000    0.000000    0.000000    0.000000    0.000000    0.000000
  -6.53818   11.023804    0.105708    0.017254    0.088454    0.222176    0.000000    0.000000    0.000000    0.000000    0.000000    0.000000
  -6.53218   11.276630    0.111473    0.018044    0.093430    0.227880    0.000000    0.000000    0.000000    0.000000    0.000000    0.000000
  -6.52618   11.556627    0.117825    0.018903    0.098921    0.234766    0.000000    0.000000    0.000000    0.000000    0.000000    0.000000
  -6.52017   11.859372    0.124696    0.019825    0.104871    0.242782    0.000000    0.000000    0.000000    0.000000    0.000000    0.000000
  -6.51417   12.179004    0.131977    0.020795    0.111182    0.251805    0.000000    0.000000    0.000000    0.000000    0.000000    0.000000
  -6.50817   12.508617    0.139515    0.021796    0.117718    0.261649    0.000000    0.000000    0.000000    0.000000    0.000000    0.000000
  -6.50217   12.840682    0.147122    0.022808    0.124313    0.272078    0.000000    0.000000    0.000000    0.000000    0.000000    0.000000
  -6.49617   13.167439    0.154584    0.023807    0.130777    0.282817    0.000000    0.000000    0.000000    0.000000    0.000000    0.000000
  -6.49016   13.481241    0.161681    0.024770    0.136911    0.293572    0.000000    0.000000    0.000000    0.000000    0.000000    0.000000
  -6.48416   13.774836    0.168194    0.025673    0.142521    0.304042    0.000000    0.000000    0.000000    0.000000    0.000000    0.000000
  -6.47816   14.041596    0.173931    0.026496    0.147435    0.313935    0.000000    0.000000    0.000000    0.000000    0.000000    0.000000
  -6.47216   14.275719    0.178738    0.027220    0.151517    0.322989    0.000000    0.000000    0.000000    0.000000    0.000000    0.000000
  -6.46616   14.472427    0.182513    0.027835    0.154678    0.330979    0.000000    0.000000    0.000000    0.000000    0.000000    0.000000
  -6.46015   14.628145    0.185218    0.028333    0.156885    0.337734    0.000000    0.000000    0.000000    0.000000    0.000000    0.000000
  -6.45415   14.740695    0.186879    0.028712    0.158166    0.343145    0.000000    0.000000    0.000000    0.000000    0.000000    0.000000
  -6.44815   14.809452    0.187585    0.028979    0.158607    0.347169    0.000000    0.000000    0.000000    0.000000    0.000000    0.000000
  -6.44215   14.835461    0.187484    0.029142    0.158342    0.349831    0.000000    0.000000    0.000000    0.000000    0.000000    0.000000
  -6.43615   14.821487    0.186765    0.029216    0.157548    0.351224    0.000000    0.000000    0.000000    0.000000    0.000000    0.000000
  -6.43014   14.771969    0.185648    0.029221    0.156428    0.351500    0.000000    0.000000    0.000000    0.000000    0.000000    0.000000
  -6.42414   14.692885    0.184367    0.029176    0.155191    0.350858    0.000000    0.000000    0.000000    0.000000    0.000000    0.000000
  -6.41814   14.591538    0.183149    0.029106    0.154043    0.349539    0.000000    0.000000    0.000000    0.000000    0.000000    0.000000
  -6.41214   14.476277    0.182204    0.029033    0.153172    0.347807    0.000000    0.000000    0.000000    0.000000    0.000000    0.000000
  -6.40614   14.356199    0.181713    0.028980    0.152734    0.345941    0.000000    0.000000    0.000000    0.000000    0.000000    0.000000
  -6.40013   14.240840    0.181820    0.028969    0.152852    0.344220    0.000000    0.000000    0.000000    0.000000    0.000000    0.000000
  -6.39413   14.139901    0.182631    0.029020    0.153611    0.342917    0.000000    0.000000    0.000000    0.000000    0.000000    0.000000
  -6.38813   14.062993    0.184212    0.029152    0.155060    0.342293    0.000000    0.000000    0.000000    0.000000    0.000000    0.000000
  -6.38213   14.019420    0.186598    0.029380    0.157217    0.342586    0.000000    0.000000    0.000000    0.000000    0.000000    0.000000
  -6.37613   14.017962    0.189795    0.029719    0.160076    0.344011    0.000000    0.000000    0.000000    0.000000    0.000000    0.000000
  -6.37012   14.066657    0.193788    0.030177    0.163611    0.346757    0.000000    0.000000    0.000000    0.000000    0.000000    0.000000
  -6.36412   14.172548    0.198548    0.030764    0.167784    0.350980    0.000000    0.000000    0.000000    0.000000    0.000000    0.000000
  -6.35812   14.341403    0.204035    0.031486    0.172550    0.356801    0.000000    0.000000    0.000000    0.000000    0.000000    0.000000
  -6.35212   14.577390    0.210201    0.032343    0.177859    0.364303    0.000000    0.000000    0.000000    0.000000    0.000000    0.000000
  -6.34612   14.882747    0.216994    0.033335    0.183658    0.373524    0.000000    0.000000    0.000000    0.000000    0.000000    0.000000
  -6.34011   15.257454    0.224352    0.034459    0.189893    0.384455    0.000000    0.000000    0.000000    0.000000    0.000000    0.000000
  -6.33411   15.698963    0.232209    0.035707    0.196501    0.397038    0.000000    0.000000    0.000000    0.000000    0.000000    0.000000
  -6.32811   16.202005    0.240483    0.037068    0.203415    0.411157    0.000000    0.000000    0.000000    0.000000    0.000000    0.000000
  -6.32211   16.758519    0.249083    0.038528    0.210554    0.426645    0.000000    0.000000    0.000000    0.000000    0.000000    0.000000
  -6.31611   17.357727    0.257900    0.040069    0.217830    0.443279    0.000000    0.000000    0.000000    0.000000    0.000000    0.000000
  -6.31010   17.986387    0.266810    0.041669    0.225140    0.460784    0.000000    0.000000    0.000000    0.000000    0.000000    0.000000
  -6.30410   18.629211    0.275676    0.043304    0.232372    0.478842    0.000000    0.000000    0.000000    0.000000    0.000000    0.000000
  -6.29810   19.269476    0.284348    0.044945    0.239403    0.497094    0.000000    0.000000    0.000000    0.000000    0.000000    0.000000
  -6.29210   19.889782    0.292673    0.046562    0.246111    0.515160    0.000000    0.000000    0.000000    0.000000    0.000000    0.000000
  -6.28610   20.472947    0.300498    0.048122    0.252376    0.532648    0.000000    0.000000    0.000000    0.000000    0.000000    0.000000
  -6.28009   21.002982    0.307683    0.049595    0.258088    0.549174    0.000000    0.000000    0.000000    0.000000    0.000000    0.000000
  -6.27409   21.466072    0.314105    0.050948    0.263157    0.564384    0.000000    0.000000    0.000000    0.000000    0.000000    0.000000
  -6.26809   21.851484    0.319674    0.052153    0.267521    0.577973    0.000000    0.000000    0.000000    0.000000    0.000000    0.000000
  -6.26209   22.152310    0.324332    0.053186    0.271145    0.589702    0.000000    0.000000    0.000000    0.000000    0.000000    0.000000
  -6.25609   22.365956    0.328063    0.054030    0.274033    0.599418    0.000000    0.000000    0.000000    0.000000    0.000000    0.000000
  -6.25008   22.494310    0.330894    0.054674    0.276221    0.607059    0.000000    0.000000    0.000000    0.000000    0.000000    0.000000
  -6.24408   22.543547    0.332890    0.055115    0.277775    0.612660    0.000000    0.000000    0.000000    0.000000    0.000000    0.000000
  -6.23808   22.523570    0.334146    0.055360    0.278787    0.616344    0.000000    0.000000    0.000000    0.000000    0.000000    0.000000
  -6.23208   22.447142    0.334786    0.055423    0.279363    0.618313    0.000000    0.000000    0.000000    0.000000    0.000000    0.000000
  -6.22608   22.328796    0.334941    0.055323    0.279618    0.618824    0.000000    0.000000    0.000000    0.000000    0.000000    0.000000
  -6.22007   22.183643    0.334747    0.055088    0.279659    0.618170    0.000000    0.000000    0.000000    0.000000    0.000000    0.000000
  -6.21407   22.026223    0.334331    0.054747    0.279584    0.616656    0.000000    0.000000    0.000000    0.000000    0.000000    0.000000
  -6.20807   21.869517    0.333802    0.054331    0.279472    0.614572    0.000000    0.000000    0.000000    0.000000    0.000000    0.000000
  -6.20207   21.724236    0.333253    0.053870    0.279383    0.612183    0.000000    0.000000    0.000000    0.000000    0.000000    0.000000
  -6.19607   21.598431    0.332753    0.053395    0.279358    0.609710    0.000000    0.000000    0.000000    0.000000    0.000000    0.000000
  -6.19006   21.497443    0.332359    0.052932    0.279426    0.607331    0.000000    0.000000    0.000000    0.000000    0.000000    0.000000
  -6.18406   21.424156    0.332114    0.052507    0.279607    0.605182    0.000000    0.000000    0.000000    0.000000    0.000000    0.000000
  -6.17806   21.379447    0.332063    0.052142    0.279920    0.603359    0.000000    0.000000    0.000000    0.000000    0.000000    0.000000
  -6.17206   21.362767    0.332251    0.051857    0.280395    0.601937    0.000000    0.000000    0.000000    0.000000    0.000000    0.000000
  -6.16606   21.372712    0.332740    0.051670    0.281070    0.600970    0.000000    0.000000    0.000000    0.000000    0.000000    0.000000
  -6.16005   21.407521    0.333604    0.051599    0.282005    0.600509    0.000000    0.000000    0.000000    0.000000    0.000000    0.000000
  -6.15405   21.465433    0.334933    0.051661    0.283272    0.600604    0.000000    0.000000    0.000000    0.000000    0.000000    0.000000
  -6.14805   21.544868    0.336831    0.051871    0.284960    0.601308    0.000000    0.000000    0.000000    0.000000    0.000000    0.000000
  -6.14205   21.644472    0.339413    0.052243    0.287169    0.602677    0.000000    0.000000    0.000000    0.000000    0.000000    0.000000
  -6.13605   21.763032    0.342791    0.052788    0.290002    0.604765    0.000000    0.000000    0.000000    0.000000    0.000000    0.000000
  -6.13004   21.899333    0.347073    0.053514    0.293559    0.607618    0.000000    0.000000    0.000000    0.000000    0.000000    0.000000
  -6.12404   22.052001    0.352351    0.054423    0.297928    0.611269    0.000000    0.000000    0.000000    0.000000    0.000000    0.000000
  -6.11804   22.219379    0.358693    0.055513    0.303179    0.615733    0.000000    0.000000    0.000000    0.000000    0.000000    0.000000
  -6.11204   22.399447    0.366131    0.056775    0.309355    0.620998    0.000000    0.000000    0.000000    0.000000    0.000000    0.000000
  -6.10604   22.589810    0.374661    0.058193    0.316468    0.627027    0.000000    0.000000    0.000000    0.000000    0.000000    0.000000
  -6.10003   22.787735    0.384230    0.059742    0.324488    0.633756    0.000000    0.000000    0.000000    0.000000    0.000000    0.000000
  -6.09403   22.990211    0.394738    0.061393    0.333345    0.641093    0.000000    0.000000    0.000000    0.000000    0.000000    0.000000
  -6.08803   23.194030    0.406030    0.063108    0.342922    0.648924    0.000000    0.000000    0.000000    0.000000    0.000000    0.000000
  -6.08203   23.395862    0.417899    0.064848    0.353051    0.657112    0.000000    0.000000    0.000000    0.000000    0.000000    0.000000
  -6.07603   23.592316    0.430088    0.066566    0.363522    0.665509    0.000000    0.000000    0.000000    0.000000    0.000000    0.000000
  -6.07002   23.780006    0.442296    0.068217    0.374080    0.673956    0.000000    0.000000    0.000000    0.000000    0.000000    0.000000
  -6.06402   23.955617    0.454191    0.069754    0.384437    0.682292    0.000000    0.000000    0.000000    0.000000    0.000000    0.000000
  -6.05802   24.115996    0.465421    0.071132    0.394288    0.690359    0.000000    0.000000    0.000000    0.000000    0.000000    0.000000
  -6.05202   24.258282    0.475635    0.072314    0.403321    0.698010    0.000000    0.000000    0.000000    0.000000    0.000000    0.000000
  -6.04602   24.380063    0.484505    0.073265    0.411240    0.705121    0.000000    0.000000    0.000000    0.000000    0.000000    0.000000
  -6.04001   24.479567    0.491747    0.073962    0.417785    0.711594    0.000000    0.000000    0.000000    0.000000    0.000000    0.000000
  -6.03401   24.555860    0.497143    0.074391    0.422752    0.717367    0.000000    0.000000    0.000000    0.000000    0.000000    0.000000
  -6.02801   24.609024    0.500559    0.074550    0.426010    0.722423    0.000000    0.000000    0.000000    0.000000    0.000000    0.000000
  -6.02201   24.640282    0.501961    0.074450    0.427511    0.726789    0.000000    0.000000    0.000000    0.000000    0.000000    0.000000
  -6.01601   24.652039    0.501414    0.074116    0.427298    0.730541    0.000000    0.000000    0.000000    0.000000    0.000000    0.000000
  -6.01000   24.647833    0.499084    0.073580    0.425503    0.733798    0.000000    0.000000    0.000000    0.000000    0.000000    0.000000
  -6.00400   24.632168    0.495228    0.072890    0.422338    0.736718    0.000000    0.000000    0.000000    0.000000    0.000000    0.000000
  -5.99800   24.610266    0.490174    0.072096    0.418078    0.739485    0.000000    0.000000    0.000000    0.000000    0.000000    0.000000
  -5.99200   24.587746    0.484300    0.071256    0.413044    0.742296    0.000000    0.000000    0.000000    0.000000    0.000000    0.000000
  -5.98600   24.570274    0.478010    0.070429    0.407581    0.745350    0.000000    0.000000    0.000000    0.000000    0.000000    0.000000
  -5.97999   24.563229    0.471707    0.069670    0.402036    0.748830    0.000000    0.000000    0.000000    0.000000    0.000000    0.000000
  -5.97399   24.571404    0.465773    0.069033    0.396741    0.752891    0.000000    0.000000    0.000000    0.000000    0.000000    0.000000
  -5.96799   24.598781    0.460551    0.068559    0.391992    0.757652    0.000000    0.000000    0.000000    0.000000    0.000000    0.000000
  -5.96199   24.648385    0.456330    0.068285    0.388045    0.763188    0.000000    0.000000    0.000000    0.000000    0.000000    0.000000
  -5.95599   24.722213    0.453336    0.068233    0.385102    0.769526    0.000000    0.000000    0.000000    0.000000    0.000000    0.000000
  -5.94998   24.821231    0.451732    0.068416    0.383317    0.776646    0.000000    0.000000    0.000000    0.000000    0.000000    0.000000
  -5.94398   24.945415    0.451618    0.068832    0.382786    0.784483    0.000000    0.000000    0.000000    0.000000    0.000000    0.000000
  -5.93798   25.093829    0.453029    0.069471    0.383559    0.792930    0.000000    0.000000    0.000000    0.000000    0.000000    0.000000
  -5.93198   25.264723    0.455949    0.070310    0.385639    0.801848    0.000000    0.000000    0.000000    0.000000    0.000000    0.000000
  -5.92598   25.455662    0.460310    0.071320    0.388990    0.811069    0.000000    0.000000    0.000000    0.000000    0.000000    0.000000
  -5.91997   25.663671    0.466003    0.072463    0.393540    0.820411    0.000000    0.000000    0.000000    0.000000    0.000000    0.000000
  -5.91397   25.885421    0.472889    0.073700    0.399190    0.829684    0.000000    0.000000    0.000000    0.000000    0.000000    0.000000
  -5.90797   26.117440    0.480805    0.074986    0.405819    0.838708    0.000000    0.000000    0.000000    0.000000    0.000000    0.000000
  -5.90197   26.356343    0.489578    0.076283    0.413295    0.847322    0.000000    0.000000    0.000000    0.000000    0.000000    0.000000
  -5.89597   26.599059    0.499032    0.077553    0.421479    0.855401    0.000000    0.000000    0.000000    0.000000    0.000000    0.000000
  -5.88996   26.843012    0.509000    0.078766    0.430233    0.862862    0.000000    0.000000    0.000000    0.000000    0.000000    0.000000
  -5.88396   27.086223    0.519330    0.079901    0.439428    0.869670    0.000000    0.000000    0.000000    0.000000    0.000000    0.000000
  -5.87796   27.327299    0.529893    0.080945    0.448948    0.875842    0.000000    0.000000    0.000000    0.000000    0.000000    0.000000
  -5.87196   27.565281    0.540581    0.081893    0.458688    0.881440    0.000000    0.000000    0.000000    0.000000    0.000000    0.000000
  -5.86596   27.799376    0.551308    0.082748    0.468560    0.886557    0.000000    0.000000    0.000000    0.000000    0.000000    0.000000
  -5.85995   28.028590    0.562005    0.083519    0.478486    0.891298    0.000000    0.000000    0.000000    0.000000    0.000000    0.000000
  -5.85395   28.251332    0.572610    0.084217    0.488393    0.895766    0.000000    0.000000    0.000000    0.000000    0.000000    0.000000
  -5.84795   28.465080    0.583065    0.084855    0.498210    0.900036    0.000000    0.000000    0.000000    0.000000    0.000000    0.000000
  -5.84195   28.666162    0.593304    0.085442    0.507863    0.904142    0.000000    0.000000    0.000000    0.000000    0.000000    0.000000
  -5.83595   28.849760    0.603255    0.085985    0.517270    0.908068    0.000000    0.000000    0.000000    0.000000    0.000000    0.000000
  -5.82994   29.010148    0.612833    0.086486    0.526346    0.911748    0.000000    0.000000    0.000000    0.000000    0.000000    0.000000
  -5.82394   29.141175    0.621947    0.086945    0.535002    0.915077    0.000000    0.000000    0.000000    0.000000    0.000000    0.000000
  -5.81794   29.236956    0.630510    0.087355    0.543155    0.917928    0.000000    0.000000    0.000000    0.000000    0.000000    0.000000
  -5.81194   29.292670    0.638446    0.087711    0.550735    0.920179    0.000000    0.000000    0.000000    0.000000    0.000000    0.000000
  -5.80594   29.305365    0.645707    0.088008    0.557700    0.921739    0.000000    0.000000    0.000000    0.000000    0.000000    0.000000
  -5.79993   29.274630    0.652287    0.088243    0.564044    0.922574    0.000000    0.000000    0.000000    0.000000    0.000000    0.000000
  -5.79393   29.203034    0.658229    0.088421    0.569808    0.922725    0.000000    0.000000    0.000000    0.000000    0.000000    0.000000
  -5.78793   29.096228    0.663636    0.088551    0.575085    0.922321    0.000000    0.000000    0.000000    0.000000    0.000000    0.000000
  -5.78193   28.962685    0.668671    0.088649    0.580022    0.921575    0.000000    0.000000    0.000000    0.000000    0.000000    0.000000
  -5.77593   28.813080    0.673551    0.088737    0.584814    0.920768    0.000000    0.000000    0.000000    0.000000    0.000000    0.000000
  -5.76992   28.659382    0.678538    0.088842    0.589696    0.920230    0.000000    0.000000    0.000000    0.000000    0.000000    0.000000
  -5.76392   28.513775    0.683917    0.088993    0.594924    0.920304    0.000000    0.000000    0.000000    0.000000    0.000000    0.000000
  -5.75792   28.387550    0.689978    0.089221    0.600757    0.921313    0.000000    0.000000    0.000000    0.000000    0.000000    0.000000
  -5.75192   28.290110    0.696992    0.089552    0.607440    0.923527    0.000000    0.000000    0.000000    0.000000    0.000000    0.000000
  -5.74592   28.228232    0.705190    0.090010    0.615180    0.927140    0.000000    0.000000    0.000000    0.000000    0.000000    0.000000
  -5.73991   28.205681    0.714744    0.090611    0.624133    0.932250    0.000000    0.000000    0.000000    0.000000    0.000000    0.000000
  -5.73391   28.223211    0.725760    0.091367    0.634392    0.938862    0.000000    0.000000    0.000000    0.000000    0.000000    0.000000
  -5.72791   28.278944    0.738266    0.092282    0.645984    0.946891    0.000000    0.000000    0.000000    0.000000    0.000000    0.000000
  -5.72191   28.369043    0.752223    0.093356    0.658868    0.956185    0.000000    0.000000    0.000000    0.000000    0.000000    0.000000
  -5.71591   28.488560    0.767531    0.094584    0.672947    0.966552    0.000000    0.000000    0.000000    0.000000    0.000000    0.000000
  -5.70990   28.632313    0.784041    0.095962    0.688079    0.977785    0.000000    0.000000    0.000000    0.000000    0.000000    0.000000
  -5.70390   28.795638    0.801573    0.097484    0.704089    0.989692    0.000000    0.000000    0.000000    0.000000    0.000000    0.000000
  -5.69790   28.974893    0.819931    0.099146    0.720785    1.002107    0.000000    0.000000    0.000000    0.000000    0.000000    0.000000
  -5.69190   29.167639    0.838913    0.100946    0.737967    1.014904    0.000000    0.000000    0.000000    0.000000    0.000000    0.000000
  -5.68590   29.372461    0.858319    0.102883    0.755436    1.027990    0.000000    0.000000    0.000000    0.000000    0.000000    0.000000
  -5.67989   29.588496    0.877953    0.104955    0.772998    1.041292    0.000000    0.000000    0.000000    0.000000    0.000000    0.000000
  -5.67389   29.814736    0.897617    0.107156    0.790461    1.054738    0.000000    0.000000    0.000000    0.000000    0.000000    0.000000
  -5.66789   30.049264    0.917107    0.109474    0.807633    1.068229    0.000000    0.000000    0.000000    0.000000    0.000000    0.000000
  -5.66189   30.288554    0.936207    0.111890    0.824317    1.081623    0.000000    0.000000    0.000000    0.000000    0.000000    0.000000
  -5.65589   30.526982    0.954679    0.114372    0.840306    1.094718    0.000000    0.000000    0.000000    0.000000    0.000000    0.000000
  -5.64988   30.756665    0.972262    0.116877    0.855385    1.107249    0.000000    0.000000    0.000000    0.000000    0.000000    0.000000
  -5.64388   30.967664    0.988678    0.119350    0.869328    1.118897    0.000000    0.000000    0.000000    0.000000    0.000000    0.000000
  -5.63788   31.148572    1.003641    0.121726    0.881916    1.129313    0.000000    0.000000    0.000000    0.000000    0.000000    0.000000
  -5.63188   31.287420    1.016875    0.123935    0.892941    1.138142    0.000000    0.000000    0.000000    0.000000    0.000000    0.000000
  -5.62588   31.372801    1.028137    0.125906    0.902231    1.145068    0.000000    0.000000    0.000000    0.000000    0.000000    0.000000
  -5.61987   31.395076    1.037248    0.127576    0.909672    1.149848    0.000000    0.000000    0.000000    0.000000    0.000000    0.000000
  -5.61387   31.347523    1.044119    0.128894    0.915225    1.152351    0.000000    0.000000    0.000000    0.000000    0.000000    0.000000
  -5.60787   31.227290    1.048780    0.129828    0.918952    1.152582    0.000000    0.000000    0.000000    0.000000    0.000000    0.000000
  -5.60187   31.036029    1.051402    0.130371    0.921031    1.150702    0.000000    0.000000    0.000000    0.000000    0.000000    0.000000
  -5.59587   30.780155    1.052309    0.130544    0.921764    1.147033    0.000000    0.000000    0.000000    0.000000    0.000000    0.000000
  -5.58986   30.470671    1.051975    0.130397    0.921577    1.142040    0.000000    0.000000    0.000000    0.000000    0.000000    0.000000
  -5.58386   30.122582    1.051012    0.130006    0.921007    1.136314    0.000000    0.000000    0.000000    0.000000    0.000000    0.000000
  -5.57786   29.753941    1.050141    0.129467    0.920674    1.130531    0.000000    0.000000    0.000000    0.000000    0.000000    0.000000
  -5.57186   29.384604    1.050145    0.128893    0.921252    1.125411    0.000000    0.000000    0.000000    0.000000    0.000000    0.000000
  -5.56586   29.034801    1.051819    0.128402    0.923416    1.121661    0.000000    0.000000    0.000000    0.000000    0.000000    0.000000
  -5.55985   28.723657    1.055906    0.128109    0.927797    1.119933    0.000000    0.000000    0.000000    0.000000    0.000000    0.000000
  -5.55385   28.467768    1.063038    0.128113    0.934926    1.120768    0.000000    0.000000    0.000000    0.000000    0.000000    0.000000
  -5.54785   28.279975    1.073681    0.128493    0.945188    1.124558    0.000000    0.000000    0.000000    0.000000    0.000000    0.000000
  -5.54185   28.168436    1.088087    0.129301    0.958786    1.131516    0.000000    0.000000    0.000000    0.000000    0.000000    0.000000
  -5.53585   28.136066    1.106268    0.130555    0.975713    1.141658    0.000000    0.000000    0.000000    0.000000    0.000000    0.000000
  -5.52984   28.180403    1.127987    0.132238    0.995749    1.154802    0.000000    0.000000    0.000000    0.000000    0.000000    0.000000
  -5.52384   28.293890    1.152773    0.134305    1.018468    1.170577    0.000000    0.000000    0.000000    0.000000    0.000000    0.000000
  -5.51784   28.464540    1.179948    0.136680    1.043268    1.188454    0.000000    0.000000    0.000000    0.000000    0.000000    0.000000
  -5.51184   28.676907    1.208682    0.139268    1.069414    1.207774    0.000000    0.000000    0.000000    0.000000    0.000000    0.000000
  -5.50584   28.913262    1.238051    0.141960    1.096091    1.227802    0.000000    0.000000    0.000000    0.000000    0.000000    0.000000
  -5.49983   29.154857    1.267102    0.144639    1.122463    1.247764    0.000000    0.000000    0.000000    0.000000    0.000000    0.000000
  -5.49383   29.383157    1.294920    0.147195    1.147725    1.266900    0.000000    0.000000    0.000000    0.000000    0.000000    0.000000
  -5.48783   29.580953    1.320685    0.149523    1.171162    1.284498    0.000000    0.000000    0.000000    0.000000    0.000000    0.000000
  -5.48183   29.733283    1.343720    0.151538    1.192182    1.299939    0.000000    0.000000    0.000000    0.000000    0.000000    0.000000
  -5.47583   29.828108    1.363524    0.153172    1.210353    1.312711    0.000000    0.000000    0.000000    0.000000    0.000000    0.000000
  -5.46982   29.856756    1.379792    0.154382    1.225410    1.322441    0.000000    0.000000    0.000000    0.000000    0.000000    0.000000
  -5.46382   29.814130    1.392415    0.155148    1.237267    1.328898    0.000000    0.000000    0.000000    0.000000    0.000000    0.000000
  -5.45782   29.698735    1.401480    0.155478    1.246002    1.332002    0.000000    0.000000    0.000000    0.000000    0.000000    0.000000
  -5.45182   29.512541    1.407243    0.155398    1.251845    1.331828    0.000000    0.000000    0.000000    0.000000    0.000000    0.000000
  -5.44582   29.260742    1.410111    0.154959    1.255152    1.328597    0.000000    0.000000    0.000000    0.000000    0.000000    0.000000
  -5.43981   28.951424    1.410610    0.154228    1.256383    1.322676    0.000000    0.000000    0.000000    0.000000    0.000000    0.000000
  -5.43381   28.595164    1.409358    0.153287    1.256071    1.314562    0.000000    0.000000    0.000000    0.000000    0.000000    0.000000
  -5.42781   28.204571    1.407028    0.152230    1.254799    1.304868    0.000000    0.000000    0.000000    0.000000    0.000000    0.000000
  -5.42181   27.793754    1.404326    0.151156    1.253170    1.294298    0.000000    0.000000    0.000000    0.000000    0.000000    0.000000
  -5.41581   27.377735    1.401954    0.150170    1.251784    1.283619    0.000000    0.000000    0.000000    0.000000    0.000000    0.000000
  -5.40980   26.971781    1.400581    0.149372    1.251209    1.273623    0.000000    0.000000    0.000000    0.000000    0.000000    0.000000
  -5.40380   26.590686    1.400818    0.148857    1.251961    1.265083    0.000000    0.000000    0.000000    0.000000    0.000000    0.000000
  -5.39780   26.248018    1.403185    0.148713    1.254472    1.258708    0.000000    0.000000    0.000000    0.000000    0.000000    0.000000
  -5.39180   25.955361    1.408082    0.149007    1.259075    1.255094    0.000000    0.000000    0.000000    0.000000    0.000000    0.000000
  -5.38580   25.721620    1.415767    0.149789    1.265978    1.254682    0.000000    0.000000    0.000000    0.000000    0.000000    0.000000
  -5.37979   25.552437    1.426335    0.151086    1.275249    1.257720    0.000000    0.000000    0.000000    0.000000    0.000000    0.000000
  -5.37379   25.449800    1.439704    0.152895    1.286809    1.264241    0.000000    0.000000    0.000000    0.000000    0.000000    0.000000
  -5.36779   25.411884    1.455616    0.155187    1.300429    1.274058    0.000000    0.000000    0.000000    0.000000    0.000000    0.000000
  -5.36179   25.433192    1.473647    0.157902    1.315745    1.286771    0.000000    0.000000    0.000000    0.000000    0.000000    0.000000
  -5.35579   25.504997    1.493232    0.160956    1.332276    1.301803    0.000000    0.000000    0.000000    0.000000    0.000000    0.000000
  -5.34978   25.616072    1.513703    0.164241    1.349462    1.318442    0.000000    0.000000    0.000000    0.000000    0.000000    0.000000
  -5.34378   25.753665    1.534338    0.167635    1.366703    1.335902    0.000000    0.000000    0.000000    0.000000    0.000000    0.000000
  -5.33778   25.904612    1.554421    0.171008    1.383414    1.353389    0.000000    0.000000    0.000000    0.000000    0.000000    0.000000
  -5.33178   26.056511    1.573296    0.174232    1.399064    1.370170    0.000000    0.000000    0.000000    0.000000    0.000000    0.000000
  -5.32578   26.198798    1.590426    0.177191    1.413235    1.385626    0.000000    0.000000    0.000000    0.000000    0.000000    0.000000
  -5.31977   26.323644    1.605436    0.179788    1.425648    1.399305    0.000000    0.000000    0.000000    0.000000    0.000000    0.000000
  -5.31377   26.426544    1.618145    0.181953    1.436191    1.410944    0.000000    0.000000    0.000000    0.000000    0.000000    0.000000
  -5.30777   26.506568    1.628577    0.183647    1.444930    1.420485    0.000000    0.000000    0.000000    0.000000    0.000000    0.000000
  -5.30177   26.566217    1.636958    0.184863    1.452095    1.428057    0.000000    0.000000    0.000000    0.000000    0.000000    0.000000
  -5.29577   26.610934    1.643683    0.185628    1.458055    1.433950    0.000000    0.000000    0.000000    0.000000    0.000000    0.000000
  -5.28976   26.648306    1.649276    0.185997    1.463280    1.438570    0.000000    0.000000    0.000000    0.000000    0.000000    0.000000
  -5.28376   26.687058    1.654334    0.186047    1.468287    1.442386    0.000000    0.000000    0.000000    0.000000    0.000000    0.000000
  -5.27776   26.735930    1.659460    0.185870    1.473589    1.445875    0.000000    0.000000    0.000000    0.000000    0.000000    0.000000
  -5.27176   26.802559    1.665201    0.185566    1.479635    1.449460    0.000000    0.000000    0.000000    0.000000    0.000000    0.000000
  -5.26576   26.892462    1.671986    0.185227    1.486760    1.453467    0.000000    0.000000    0.000000    0.000000    0.000000    0.000000
  -5.25975   27.008225    1.680079    0.184934    1.495145    1.458076    0.000000    0.000000    0.000000    0.000000    0.000000    0.000000
  -5.25375   27.148962    1.689541    0.184747    1.504794    1.463300    0.000000    0.000000    0.000000    0.000000    0.000000    0.000000
  -5.24775   27.310110    1.700218    0.184699    1.515519    1.468970    0.000000    0.000000    0.000000    0.000000    0.000000    0.000000
  -5.24175   27.483585    1.711749    0.184792    1.526957    1.474742    0.000000    0.000000    0.000000    0.000000    0.000000    0.000000
  -5.23575   27.658306    1.723593    0.184998    1.538595    1.480127    0.000000    0.000000    0.000000    0.000000    0.000000    0.000000
  -5.22974   27.821059    1.735082    0.185265    1.549817    1.484530    0.000000    0.000000    0.000000    0.000000    0.000000    0.000000
  -5.22374   27.957647    1.745483    0.185519    1.559963    1.487313    0.000000    0.000000    0.000000    0.000000    0.000000    0.000000
  -5.21774   28.054229    1.754078    0.185680    1.568398    1.487866    0.000000    0.000000    0.000000    0.000000    0.000000    0.000000
  -5.21174   28.098739    1.760242    0.185667    1.574575    1.485679    0.000000    0.000000    0.000000    0.000000    0.000000    0.000000
  -5.20574   28.082241    1.763517    0.185413    1.578105    1.480414    0.000000    0.000000    0.000000    0.000000    0.000000    0.000000
  -5.19973   28.000079    1.763673    0.184874    1.578799    1.471961    0.000000    0.000000    0.000000    0.000000    0.000000    0.000000
  -5.19373   27.852689    1.760747    0.184038    1.576709    1.460477    0.000000    0.000000    0.000000    0.000000    0.000000    0.000000
  -5.18773   27.645969    1.755059    0.182927    1.572132    1.446393    0.000000    0.000000    0.000000    0.000000    0.000000    0.000000
  -5.18173   27.391153    1.747198    0.181602    1.565597    1.430404    0.000000    0.000000    0.000000    0.000000    0.000000    0.000000
  -5.17573   27.104158    1.737981    0.180150    1.557831    1.413413    0.000000    0.000000    0.000000    0.000000    0.000000    0.000000
  -5.16972   26.804482    1.728390    0.178688    1.549702    1.396472    0.000000    0.000000    0.000000    0.000000    0.000000    0.000000
  -5.16372   26.513731    1.719497    0.177343    1.542155    1.380691    0.000000    0.000000    0.000000    0.000000    0.000000    0.000000
  -5.15772   26.253924    1.712375    0.176246    1.536129    1.367145    0.000000    0.000000    0.000000    0.000000    0.000000    0.000000
  -5.15172   26.045737    1.708015    0.175520    1.532496    1.356793    0.000000    0.000000    0.000000    0.000000    0.000000    0.000000
  -5.14572   25.906862    1.707252    0.175266    1.531986    1.350394    0.000000    0.000000    0.000000    0.000000    0.000000    0.000000
  -5.13971   25.850628    1.710704    0.175562    1.535141    1.348451    0.000000    0.000000    0.000000    0.000000    0.000000    0.000000
  -5.13371   25.885012    1.718731    0.176450    1.542281    1.351181    0.000000    0.000000    0.000000    0.000000    0.000000    0.000000
  -5.12771   26.012120    1.731425    0.177939    1.553486    1.358509    0.000000    0.000000    0.000000    0.000000    0.000000    0.000000
  -5.12171   26.228183    1.748608    0.180004    1.568604    1.370078    0.000000    0.000000    0.000000    0.000000    0.000000    0.000000
  -5.11571   26.524026    1.769859    0.182591    1.587268    1.385301    0.000000    0.000000    0.000000    0.000000    0.000000    0.000000
  -5.10970   26.885969    1.794561    0.185621    1.608940    1.403404    0.000000    0.000000    0.000000    0.000000    0.000000    0.000000
  -5.10370   27.297041    1.821948    0.188997    1.632951    1.423505    0.000000    0.000000    0.000000    0.000000    0.000000    0.000000
  -5.09770   27.738387    1.851171    0.192612    1.658559    1.444675    0.000000    0.000000    0.000000    0.000000    0.000000    0.000000
  -5.09170   28.190714    1.881364    0.196358    1.685006    1.466012    0.000000    0.000000    0.000000    0.000000    0.000000    0.000000
  -5.08570   28.635669    1.911699    0.200131    1.711568    1.486700    0.000000    0.000000    0.000000    0.000000    0.000000    0.000000
  -5.07969   29.056999    1.941442    0.203837    1.737605    1.506059    0.000000    0.000000    0.000000    0.000000    0.000000    0.000000
  -5.07369   29.441444    1.970000    0.207399    1.762600    1.523582    0.000000    0.000000    0.000000    0.000000    0.000000    0.000000
  -5.06769   29.779300    1.996941    0.210759    1.786182    1.538955    0.000000    0.000000    0.000000    0.000000    0.000000    0.000000
  -5.06169   30.064654    2.022021    0.213878    1.808143    1.552060    0.000000    0.000000    0.000000    0.000000    0.000000    0.000000
  -5.05569   30.295328    2.045176    0.216741    1.828435    1.562970    0.000000    0.000000    0.000000    0.000000    0.000000    0.000000
  -5.04968   30.472574    2.066519    0.219352    1.847167    1.571925    0.000000    0.000000    0.000000    0.000000    0.000000    0.000000
  -5.04368   30.600609    2.086317    0.221734    1.864584    1.579305    0.000000    0.000000    0.000000    0.000000    0.000000    0.000000
  -5.03768   30.686041    2.104970    0.223923    1.881047    1.585594    0.000000    0.000000    0.000000    0.000000    0.000000    0.000000
  -5.03168   30.737255    2.122980    0.225970    1.897010    1.591336    0.000000    0.000000    0.000000    0.000000    0.000000    0.000000
  -5.02568   30.763795    2.140928    0.227933    1.912994    1.597105    0.000000    0.000000    0.000000    0.000000    0.000000    0.000000
  -5.01967   30.775764    2.159443    0.229875    1.929568    1.603460    0.000000    0.000000    0.000000    0.000000    0.000000    0.000000
  -5.01367   30.783256    2.179179    0.231859    1.947320    1.610913    0.000000    0.000000    0.000000    0.000000    0.000000    0.000000
  -5.00767   30.795823    2.200785    0.233947    1.966839    1.619904    0.000000    0.000000    0.000000    0.000000    0.000000    0.000000
  -5.00167   30.821970    2.224879    0.236194    1.988685    1.630773    0.000000    0.000000    0.000000    0.000000    0.000000    0.000000
  -4.99567   30.868709    2.252014    0.238648    2.013366    1.643749    0.000000    0.000000    0.000000    0.000000    0.000000    0.000000
  -4.98966   30.941167    2.282642    0.241342    2.041300    1.658942    0.000000    0.000000    0.000000    0.000000    0.000000    0.000000
  -4.98366   31.042303    2.317081    0.244295    2.072786    1.676337    0.000000    0.000000    0.000000    0.000000    0.000000    0.000000
  -4.97766   31.172745    2.355475    0.247507    2.107969    1.695806    0.000000    0.000000    0.000000    0.000000    0.000000    0.000000
  -4.97166   31.330781    2.397765    0.250958    2.146808    1.717117    0.000000    0.000000    0.000000    0.000000    0.000000    0.000000
  -4.96566   31.512528    2.443669    0.254606    2.189062    1.739954    0.000000    0.000000    0.000000    0.000000    0.000000    0.000000
  -4.95965   31.712260    2.492675    0.258391    2.234284    1.763938    0.000000    0.000000    0.000000    0.000000    0.000000    0.000000
  -4.95365   31.922892    2.544061    0.262233    2.281828    1.788648    0.000000    0.000000    0.000000    0.000000    0.000000    0.000000
  -4.94765   32.136580    2.596927    0.266040    2.330887    1.813653    0.000000    0.000000    0.000000    0.000000    0.000000    0.000000
  -4.94165   32.345369    2.650256    0.269714    2.380542    1.838533    0.000000    0.000000    0.000000    0.000000    0.000000    0.000000
  -4.93565   32.541860    2.702982    0.273158    2.429823    1.862903    0.000000    0.000000    0.000000    0.000000    0.000000    0.000000
  -4.92964   32.719798    2.754075    0.276287    2.477787    1.886437    0.000000    0.000000    0.000000    0.000000    0.000000    0.000000
  -4.92364   32.874556    2.802622    0.279035    2.523587    1.908877    0.000000    0.000000    0.000000    0.000000    0.000000    0.000000
  -4.91764   33.003445    2.847899    0.281361    2.566538    1.930049    0.000000    0.000000    0.000000    0.000000    0.000000    0.000000
  -4.91164   33.105816    2.889414    0.283256    2.606158    1.949863    0.000000    0.000000    0.000000    0.000000    0.000000    0.000000
  -4.90564   33.182952    2.926934    0.284744    2.642190    1.968305    0.000000    0.000000    0.000000    0.000000    0.000000    0.000000
  -4.89963   33.237742    2.960465    0.285877    2.674588    1.985422    0.000000    0.000000    0.000000    0.000000    0.000000    0.000000
  -4.89363   33.274160    2.990213    0.286729    2.703483    2.001302    0.000000    0.000000    0.000000    0.000000    0.000000    0.000000
  -4.88763   33.296629    3.016507    0.287388    2.729119    2.016038    0.000000    0.000000    0.000000    0.000000    0.000000    0.000000
  -4.88163   33.309307    3.039712    0.287937    2.751774    2.029703    0.000000    0.000000    0.000000    0.000000    0.000000    0.000000
  -4.87563   33.315416    3.060137    0.288451    2.771686    2.042315    0.000000    0.000000    0.000000    0.000000    0.000000    0.000000
  -4.86962   33.316686    3.077956    0.288976    2.788979    2.053813    0.000000    0.000000    0.000000    0.000000    0.000000    0.000000
  -4.86362   33.313004    3.093155    0.289529    2.803626    2.064048    0.000000    0.000000    0.000000    0.000000    0.000000    0.000000
  -4.85762   33.302332    3.105513    0.290087    2.815426    2.072785    0.000000    0.000000    0.000000    0.000000    0.000000    0.000000
  -4.85162   33.280918    3.114630    0.290598    2.824032    2.079721    0.000000    0.000000    0.000000    0.000000    0.000000    0.000000
  -4.84562   33.243798    3.119990    0.290980    2.829010    2.084524    0.000000    0.000000    0.000000    0.000000    0.000000    0.000000
  -4.83961   33.185528    3.121064    0.291141    2.829922    2.086879    0.000000    0.000000    0.000000    0.000000    0.000000    0.000000
  -4.83361   33.101051    3.117423    0.290990    2.826434    2.086545    0.000000    0.000000    0.000000    0.000000    0.000000    0.000000
  -4.82761   32.986611    3.108869    0.290452    2.818418    2.083407    0.000000    0.000000    0.000000    0.000000    0.000000    0.000000
  -4.82161   32.840551    3.095537    0.289489    2.806048    2.077524    0.000000    0.000000    0.000000    0.000000    0.000000    0.000000
  -4.81561   32.663909    3.077970    0.288106    2.789864    2.069157    0.000000    0.000000    0.000000    0.000000    0.000000    0.000000
  -4.80960   32.460708    3.057153    0.286360    2.770793    2.058778    0.000000    0.000000    0.000000    0.000000    0.000000    0.000000
  -4.80360   32.237880    3.034491    0.284362    2.750128    2.047052    0.000000    0.000000    0.000000    0.000000    0.000000    0.000000
  -4.79760   32.004822    3.011728    0.282266    2.729462    2.034796    0.000000    0.000000    0.000000    0.000000    0.000000    0.000000
  -4.79160   31.772617    2.990834    0.280259    2.710576    2.022916    0.000000    0.000000    0.000000    0.000000    0.000000    0.000000
  -4.78560   31.553005    2.973845    0.278546    2.695299    2.012335    0.000000    0.000000    0.000000    0.000000    0.000000    0.000000
  -4.77959   31.357208    2.962689    0.277328    2.685361    2.003905    0.000000    0.000000    0.000000    0.000000    0.000000    0.000000
  -4.77359   31.194766    2.959021    0.276784    2.682237    1.998332    0.000000    0.000000    0.000000    0.000000    0.000000    0.000000
  -4.76759   31.072504    2.964071    0.277052    2.687020    1.996109    0.000000    0.000000    0.000000    0.000000    0.000000    0.000000
  -4.76159   30.993785    2.978537    0.278215    2.700323    1.997474    0.000000    0.000000    0.000000    0.000000    0.000000    0.000000
  -4.75559   30.958130    3.002527    0.280296    2.722232    2.002393    0.000000    0.000000    0.000000    0.000000    0.000000    0.000000
  -4.74958   30.961298    3.035559    0.283255    2.752304    2.010575    0.000000    0.000000    0.000000    0.000000    0.000000    0.000000
  -4.74358   30.995809    3.076621    0.286996    2.789625    2.021516    0.000000    0.000000    0.000000    0.000000    0.000000    0.000000
  -4.73758   31.051885    3.124287    0.291379    2.832908    2.034566    0.000000    0.000000    0.000000    0.000000    0.000000    0.000000
  -4.73158   31.118690    3.176862    0.296237    2.880625    2.049021    0.000000    0.000000    0.000000    0.000000    0.000000    0.000000
  -4.72558   31.185723    3.232560    0.301394    2.931166    2.064206    0.000000    0.000000    0.000000    0.000000    0.000000    0.000000
  -4.71957   31.244180    3.289671    0.306685    2.982985    2.079569    0.000000    0.000000    0.000000    0.000000    0.000000    0.000000
  -4.71357   31.288096    3.346716    0.311976    3.034741    2.094737    0.000000    0.000000    0.000000    0.000000    0.000000    0.000000
  -4.70757   31.315102    3.402556    0.317166    3.085390    2.109561    0.000000    0.000000    0.000000    0.000000    0.000000    0.000000
  -4.70157   31.326681    3.456450    0.322204    3.134246    2.124117    0.000000    0.000000    0.000000    0.000000    0.000000    0.000000
  -4.69557   31.327875    3.508059    0.327081    3.180979    2.138675    0.000000    0.000000    0.000000    0.000000    0.000000    0.000000
  -4.68956   31.326491    3.557393    0.331823    3.225569    2.153641    0.000000    0.000000    0.000000    0.000000    0.000000    0.000000
  -4.68356   31.331892    3.604708    0.336484    3.268224    2.169473    0.000000    0.000000    0.000000    0.000000    0.000000    0.000000
  -4.67756   31.353569    3.650394    0.341128    3.309266    2.186592    0.000000    0.000000    0.000000    0.000000    0.000000    0.000000
  -4.67156   31.399684    3.694833    0.345815    3.349018    2.205296    0.000000    0.000000    0.000000    0.000000    0.000000    0.000000
  -4.66556   31.475785    3.738292    0.350587    3.387705    2.225695    0.000000    0.000000    0.000000    0.000000    0.000000    0.000000
  -4.65955   31.583877    3.780830    0.355461    3.425368    2.247664    0.000000    0.000000    0.000000    0.000000    0.000000    0.000000
  -4.65355   31.721937    3.822256    0.360423    3.461833    2.270836    0.000000    0.000000    0.000000    0.000000    0.000000    0.000000
  -4.64755   31.883946    3.862123    0.365425    3.496698    2.294620    0.000000    0.000000    0.000000    0.000000    0.000000    0.000000
  -4.64155   32.060381    3.899767    0.370390    3.529377    2.318246    0.000000    0.000000    0.000000    0.000000    0.000000    0.000000
  -4.63555   32.239100    3.934374    0.375219    3.559154    2.340837    0.000000    0.000000    0.000000    0.000000    0.000000    0.000000
  -4.62954   32.406485    3.965069    0.379801    3.585267    2.361482    0.000000    0.000000    0.000000    0.000000    0.000000    0.000000
  -4.62354   32.548711    3.991012    0.384021    3.606991    2.379317    0.000000    0.000000    0.000000    0.000000    0.000000    0.000000
  -4.61754   32.653001    4.011490    0.387769    3.623720    2.393605    0.000000    0.000000    0.000000    0.000000    0.000000    0.000000
  -4.61154   32.708753    4.026001    0.390957    3.635044    2.403795    0.000000    0.000000    0.000000    0.000000    0.000000    0.000000
  -4.60554   32.708462    4.034322    0.393520    3.640802    2.409578    0.000000    0.000000    0.000000    0.000000    0.000000    0.000000
  -4.59953   32.648378    4.036559    0.395432    3.641127    2.410921    0.000000    0.000000    0.000000    0.000000    0.000000    0.000000
  -4.59353   32.528866    4.033176    0.396707    3.636469    2.408086    0.000000    0.000000    0.000000    0.000000    0.000000    0.000000
  -4.58753   32.354468    4.025012    0.397410    3.627602    2.401630    0.000000    0.000000    0.000000    0.000000    0.000000    0.000000
  -4.58153   32.133662    4.013266    0.397655    3.615611    2.392390    0.000000    0.000000    0.000000    0.000000    0.000000    0.000000
  -4.57553   31.878339    3.999467    0.397606    3.601861    2.381444    0.000000    0.000000    0.000000    0.000000    0.000000    0.000000
  -4.56952   31.603037    3.985414    0.397472    3.587942    2.370060    0.000000    0.000000    0.000000    0.000000    0.000000    0.000000
  -4.56352   31.323971    3.973095    0.397497    3.575598    2.359626    0.000000    0.000000    0.000000    0.000000    0.000000    0.000000
  -4.55752   31.057927    3.964579    0.397944    3.566635    2.351564    0.000000    0.000000    0.000000    0.000000    0.000000    0.000000
  -4.55152   30.821100    3.961889    0.399083    3.562806    2.347242    0.000000    0.000000    0.000000    0.000000    0.000000    0.000000
  -4.54552   30.627963    3.966863    0.401165    3.565699    2.347877    0.000000    0.000000    0.000000    0.000000    0.000000    0.000000
  -4.53951   30.490262    3.981015    0.404402    3.576613    2.354449    0.000000    0.000000    0.000000    0.000000    0.000000    0.000000
  -4.53351   30.416227    4.005403    0.408953    3.596450    2.367625    0.000000    0.000000    0.000000    0.000000    0.000000    0.000000
  -4.52751   30.410052    4.040522    0.414900    3.625623    2.387711    0.000000    0.000000    0.000000    0.000000    0.000000    0.000000
  -4.52151   30.471701    4.086233    0.422242    3.663991    2.414617    0.000000    0.000000    0.000000    0.000000    0.000000    0.000000
  -4.51551   30.597050    4.141727    0.430889    3.710838    2.447863    0.000000    0.000000    0.000000    0.000000    0.000000    0.000000
  -4.50950   30.778331    4.205554    0.440664    3.764891    2.486611    0.000000    0.000000    0.000000    0.000000    0.000000    0.000000
  -4.50350   31.004848    4.275692    0.451311    3.824381    2.529719    0.000000    0.000000    0.000000    0.000000    0.000000    0.000000
  -4.49750   31.263875    4.349670    0.462516    3.887154    2.575824    0.000000    0.000000    0.000000    0.000000    0.000000    0.000000
  -4.49150   31.541664    4.424731    0.473923    3.950808    2.623434    0.000000    0.000000    0.000000    0.000000    0.000000    0.000000
  -4.48550   31.824451    4.498027    0.485161    4.012866    2.671029    0.000000    0.000000    0.000000    0.000000    0.000000    0.000000
  -4.47949   32.099385    4.566814    0.495873    4.070941    2.717156    0.000000    0.000000    0.000000    0.000000    0.000000    0.000000
  -4.47349   32.355301    4.628652    0.505737    4.122915    2.760515    0.000000    0.000000    0.000000    0.000000    0.000000    0.000000
  -4.46749   32.583268    4.681563    0.514489    4.167074    2.800029    0.000000    0.000000    0.000000    0.000000    0.000000    0.000000
  -4.46149   32.776896    4.724159    0.521940    4.202219    2.834885    0.000000    0.000000    0.000000    0.000000    0.000000    0.000000
  -4.45549   32.932396    4.755702    0.527983    4.227719    2.864554    0.000000    0.000000    0.000000    0.000000    0.000000    0.000000
  -4.44948   33.048407    4.776114    0.532596    4.243518    2.888791    0.000000    0.000000    0.000000    0.000000    0.000000    0.000000
  -4.44348   33.125653    4.785922    0.535834    4.250087    2.907605    0.000000    0.000000    0.000000    0.000000    0.000000    0.000000
  -4.43748   33.166489    4.786161    0.537818    4.248343    2.921222    0.000000    0.000000    0.000000    0.000000    0.000000    0.000000
  -4.43148   33.174398    4.778243    0.538714    4.239528    2.930035    0.000000    0.000000    0.000000    0.000000    0.000000    0.000000
  -4.42548   33.153519    4.763805    0.538720    4.225086    2.934551    0.000000    0.000000    0.000000    0.000000    0.000000    0.000000
  -4.41947   33.108254    4.744572    0.538036    4.206537    2.935342    0.000000    0.000000    0.000000    0.000000    0.000000    0.000000
  -4.41347   33.042994    4.722228    0.536856    4.185372    2.933005    0.000000    0.000000    0.000000    0.000000    0.000000    0.000000
  -4.40747   32.961982    4.698320    0.535348    4.162972    2.928129    0.000000    0.000000    0.000000    0.000000    0.000000    0.000000
  -4.40147   32.869317    4.674207    0.533649    4.140558    2.921282    0.000000    0.000000    0.000000    0.000000    0.000000    0.000000
  -4.39547   32.769062    4.651031    0.531863    4.119169    2.913005    0.000000    0.000000    0.000000    0.000000    0.000000    0.000000
  -4.38946   32.665437    4.629733    0.530061    4.099671    2.903820    0.000000    0.000000    0.000000    0.000000    0.000000    0.000000
  -4.38346   32.563043    4.611080    0.528295    4.082785    2.894244    0.000000    0.000000    0.000000    0.000000    0.000000    0.000000
  -4.37746   32.467063    4.595714    0.526602    4.069112    2.884806    0.000000    0.000000    0.000000    0.000000    0.000000    0.000000
  -4.37146   32.383391    4.584197    0.525020    4.059177    2.876071    0.000000    0.000000    0.000000    0.000000    0.000000    0.000000
  -4.36546   32.318640    4.577045    0.523597    4.053448    2.868641    0.000000    0.000000    0.000000    0.000000    0.000000    0.000000
  -4.35945   32.279989    4.574749    0.522396    4.052354    2.863164    0.000000    0.000000    0.000000    0.000000    0.000000    0.000000
  -4.35345   32.274865    4.577777    0.521499    4.056278    2.860315    0.000000    0.000000    0.000000    0.000000    0.000000    0.000000
  -4.34745   32.310447    4.586546    0.521005    4.065541    2.860766    0.000000    0.000000    0.000000    0.000000    0.000000    0.000000
  -4.34145   32.393053    4.601388    0.521022    4.080366    2.865144    0.000000    0.000000    0.000000    0.000000    0.000000    0.000000
  -4.33545   32.527445    4.622497    0.521654    4.100843    2.873974    0.000000    0.000000    0.000000    0.000000    0.000000    0.000000
  -4.32944   32.716178    4.649875    0.522990    4.126885    2.887623    0.000000    0.000000    0.000000    0.000000    0.000000    0.000000
  -4.32344   32.959057    4.683286    0.525087    4.158199    2.906247    0.000000    0.000000    0.000000    0.000000    0.000000    0.000000
  -4.31744   33.252837    4.722232    0.527961    4.194272    2.929753    0.000000    0.000000    0.000000    0.000000    0.000000    0.000000
  -4.31144   33.591215    4.765953    0.531577    4.234376    2.957780    0.000000    0.000000    0.000000    0.000000    0.000000    0.000000
  -4.30544   33.965185    4.813457    0.535850    4.277608    2.989717    0.000000    0.000000    0.000000    0.000000    0.000000    0.000000
  -4.29943   34.363730    4.863596    0.540645    4.322951    3.024741    0.000000    0.000000    0.000000    0.000000    0.000000    0.000000
  -4.29343   34.774805    4.915156    0.545795    4.369361    3.061892    0.000000    0.000000    0.000000    0.000000    0.000000    0.000000
  -4.28743   35.186493    4.966983    0.551111    4.415872    3.100163    0.000000    0.000000    0.000000    0.000000    0.000000    0.000000
  -4.28143   35.588208    5.018106    0.556409    4.461696    3.138604    0.000000    0.000000    0.000000    0.000000    0.000000    0.000000
  -4.27543   35.971765    5.067855    0.561529    4.506325    3.176426    0.000000    0.000000    0.000000    0.000000    0.000000    0.000000
  -4.26942   36.332199    5.115952    0.566354    4.549598    3.213083    0.000000    0.000000    0.000000    0.000000    0.000000    0.000000
  -4.26342   36.668191    5.162560    0.570827    4.591732    3.248336    0.000000    0.000000    0.000000    0.000000    0.000000    0.000000
  -4.25742   36.982056    5.208276    0.574957    4.633319    3.282272    0.000000    0.000000    0.000000    0.000000    0.000000    0.000000
  -4.25142   37.279285    5.254078    0.578819    4.675259    3.315291    0.000000    0.000000    0.000000    0.000000    0.000000    0.000000
  -4.24542   37.567688    5.301207    0.582541    4.718666    3.348051    0.000000    0.000000    0.000000    0.000000    0.000000    0.000000
  -4.23941   37.856250    5.351024    0.586292    4.764732    3.381380    0.000000    0.000000    0.000000    0.000000    0.000000    0.000000
  -4.23341   38.153838    5.404829    0.590252    4.814577    3.416172    0.000000    0.000000    0.000000    0.000000    0.000000    0.000000
  -4.22741   38.467922    5.463691    0.594589    4.869102    3.453268    0.000000    0.000000    0.000000    0.000000    0.000000    0.000000
  -4.22141   38.803447    5.528291    0.599438    4.928853    3.493350    0.000000    0.000000    0.000000    0.000000    0.000000    0.000000
  -4.21541   39.161989    5.598805    0.604873    4.993933    3.536844    0.000000    0.000000    0.000000    0.000000    0.000000    0.000000
  -4.20940   39.541297    5.674846    0.610900    5.063945    3.583865    0.000000    0.000000    0.000000    0.000000    0.000000    0.000000
  -4.20340   39.935240    5.755456    0.617455    5.138001    3.634184    0.000000    0.000000    0.000000    0.000000    0.000000    0.000000
  -4.19740   40.334187    5.839172    0.624401    5.214771    3.687242    0.000000    0.000000    0.000000    0.000000    0.000000    0.000000
  -4.19140   40.725742    5.924132    0.631552    5.292580    3.742192    0.000000    0.000000    0.000000    0.000000    0.000000    0.000000
  -4.18540   41.095777    6.008223    0.638686    5.369537    3.797971    0.000000    0.000000    0.000000    0.000000    0.000000    0.000000
  -4.17939   41.429624    6.089248    0.645570    5.443678    3.853387    0.000000    0.000000    0.000000    0.000000    0.000000    0.000000
  -4.17339   41.713326    6.165092    0.651985    5.513107    3.907219    0.000000    0.000000    0.000000    0.000000    0.000000    0.000000
  -4.16739   41.934791    6.233863    0.657742    5.576121    3.958305    0.000000    0.000000    0.000000    0.000000    0.000000    0.000000
  -4.16139   42.084766    6.294011    0.662704    5.631307    4.005623    0.000000    0.000000    0.000000    0.000000    0.000000    0.000000
  -4.15539   42.157517    6.344390    0.666788    5.677602    4.048351    0.000000    0.000000    0.000000    0.000000    0.000000    0.000000
  -4.14938   42.151170    6.384288    0.669969    5.714319    4.085897    0.000000    0.000000    0.000000    0.000000    0.000000    0.000000
  -4.14338   42.067697    6.413409    0.672276    5.741133    4.117914    0.000000    0.000000    0.000000    0.000000    0.000000    0.000000
  -4.13738   41.912576    6.431826    0.673782    5.758043    4.144285    0.000000    0.000000    0.000000    0.000000    0.000000    0.000000
  -4.13138   41.694176    6.439916    0.674591    5.765325    4.165095    0.000000    0.000000    0.000000    0.000000    0.000000    0.000000
  -4.12538   41.422975    6.438291    0.674826    5.763465    4.180594    0.000000    0.000000    0.000000    0.000000    0.000000    0.000000
  -4.11937   41.110697    6.427733    0.674614    5.753119    4.191151    0.000000    0.000000    0.000000    0.000000    0.000000    0.000000
  -4.11337   40.769489    6.409147    0.674080    5.735068    4.197225    0.000000    0.000000    0.000000    0.000000    0.000000    0.000000
  -4.10737   40.411230    6.383535    0.673336    5.710200    4.199330    0.000000    0.000000    0.000000    0.000000    0.000000    0.000000
  -4.10137   40.047016    6.351982    0.672479    5.679503    4.198022    0.000000    0.000000    0.000000    0.000000    0.000000    0.000000
  -4.09537   39.686882    6.315660    0.671591    5.644069    4.193898    0.000000    0.000000    0.000000    0.000000    0.000000    0.000000
  -4.08936   39.339715    6.275833    0.670739    5.605093    4.187600    0.000000    0.000000    0.000000    0.000000    0.000000    0.000000
  -4.08336   39.013336    6.233851    0.669976    5.563875    4.179826    0.000000    0.000000    0.000000    0.000000    0.000000    0.000000
  -4.07736   38.714674    6.191141    0.669345    5.521796    4.171341    0.000000    0.000000    0.000000    0.000000    0.000000    0.000000
  -4.07136   38.449955    6.149162    0.668878    5.480284    4.162977    0.000000    0.000000    0.000000    0.000000    0.000000    0.000000
  -4.06536   38.224830    6.109355    0.668601    5.440754    4.155625    0.000000    0.000000    0.000000    0.000000    0.000000    0.000000
  -4.05935   38.044401    6.073074    0.668529    5.404545    4.150211    0.000000    0.000000    0.000000    0.000000    0.000000    0.000000
  -4.05335   37.913112    6.041507    0.668671    5.372836    4.147656    0.000000    0.000000    0.000000    0.000000    0.000000    0.000000
  -4.04735   37.834536    6.015615    0.669026    5.346589    4.148826    0.000000    0.000000    0.000000    0.000000    0.000000    0.000000
  -4.04135   37.811073    5.996076    0.669590    5.326487    4.154481    0.000000    0.000000    0.000000    0.000000    0.000000    0.000000
  -4.03535   37.843641    5.983267    0.670352    5.312915    4.165217    0.000000    0.000000    0.000000    0.000000    0.000000    0.000000
  -4.02934   37.931404    5.977262    0.671304    5.305959    4.181424    0.000000    0.000000    0.000000    0.000000    0.000000    0.000000
  -4.02334   38.071583    5.977874    0.672443    5.305430    4.203251    0.000000    0.000000    0.000000    0.000000    0.000000    0.000000
  -4.01734   38.259403    5.984694    0.673778    5.310917    4.230588    0.000000    0.000000    0.000000    0.000000    0.000000    0.000000
  -4.01134   38.488153    5.997161    0.675327    5.321834    4.263068    0.000000    0.000000    0.000000    0.000000    0.000000    0.000000
  -4.00534   38.749376    6.014609    0.677126    5.337484    4.300078    0.000000    0.000000    0.000000    0.000000    0.000000    0.000000
  -3.99933   39.033148    6.036309    0.679220    5.357089    4.340782    0.000000    0.000000    0.000000    0.000000    0.000000    0.000000
  -3.99333   39.328432    6.061491    0.681664    5.379827    4.384163    0.000000    0.000000    0.000000    0.000000    0.000000    0.000000
  -3.98733   39.623490    6.089348    0.684511    5.404837    4.429062    0.000000    0.000000    0.000000    0.000000    0.000000    0.000000
  -3.98133   39.906328    6.119028    0.687808    5.431220    4.474234    0.000000    0.000000    0.000000    0.000000    0.000000    0.000000
  -3.97533   40.165195    6.149634    0.691590    5.458044    4.518409    0.000000    0.000000    0.000000    0.000000    0.000000    0.000000
  -3.96932   40.389122    6.180224    0.695875    5.484349    4.560359    0.000000    0.000000    0.000000    0.000000    0.000000    0.000000
  -3.96332   40.568488    6.209845    0.700664    5.509181    4.598980    0.000000    0.000000    0.000000    0.000000    0.000000    0.000000
  -3.95732   40.695602    6.237583    0.705946    5.531637    4.633372    0.000000    0.000000    0.000000    0.000000    0.000000    0.000000
  -3.95132   40.765241    6.262634    0.711705    5.550928    4.662913    0.000000    0.000000    0.000000    0.000000    0.000000    0.000000
  -3.94532   40.775101    6.284382    0.717929    5.566453    4.687329    0.000000    0.000000    0.000000    0.000000    0.000000    0.000000
  -3.93931   40.726064    6.302474    0.724615    5.577859    4.706734    0.000000    0.000000    0.000000    0.000000    0.000000    0.000000
  -3.93331   40.622248    6.316861    0.731780    5.585081    4.721647    0.000000    0.000000    0.000000    0.000000    0.000000    0.000000
  -3.92731   40.470758    6.327809    0.739458    5.588351    4.732956    0.000000    0.000000    0.000000    0.000000    0.000000    0.000000
  -3.92131   40.281154    6.335857    0.747699    5.588159    4.741858    0.000000    0.000000    0.000000    0.000000    0.000000    0.000000
  -3.91531   40.064637    6.341739    0.756553    5.585186    4.749750    0.000000    0.000000    0.000000    0.000000    0.000000    0.000000
  -3.90930   39.833035    6.346262    0.766064    5.580199    4.758095    0.000000    0.000000    0.000000    0.000000    0.000000    0.000000
  -3.90330   39.597681    6.350180    0.776243    5.573936    4.768278    0.000000    0.000000    0.000000    0.000000    0.000000    0.000000
  -3.89730   39.368308    6.354065    0.787062    5.567003    4.781456    0.000000    0.000000    0.000000    0.000000    0.000000    0.000000
  -3.89130   39.152100    6.358215    0.798433    5.559782    4.798441    0.000000    0.000000    0.000000    0.000000    0.000000    0.000000
  -3.88530   38.953001    6.362600    0.810208    5.552392    4.819614    0.000000    0.000000    0.000000    0.000000    0.000000    0.000000
  -3.87929   38.771382    6.366866    0.822176    5.544690    4.844885    0.000000    0.000000    0.000000    0.000000    0.000000    0.000000
  -3.87329   38.604117    6.370394    0.834078    5.536316    4.873712    0.000000    0.000000    0.000000    0.000000    0.000000    0.000000
  -3.86729   38.445052    6.372403    0.845623    5.526779    4.905170    0.000000    0.000000    0.000000    0.000000    0.000000    0.000000
  -3.86129   38.285827    6.372084    0.856515    5.515569    4.938067    0.000000    0.000000    0.000000    0.000000    0.000000    0.000000
  -3.85529   38.116961    6.368748    0.866481    5.502268    4.971086    0.000000    0.000000    0.000000    0.000000    0.000000    0.000000
  -3.84928   37.929054    6.361951    0.875300    5.486652    5.002941    0.000000    0.000000    0.000000    0.000000    0.000000    0.000000
  -3.84328   37.713977    6.351602    0.882831    5.468771    5.032534    0.000000    0.000000    0.000000    0.000000    0.000000    0.000000
  -3.83728   37.465899    6.338014    0.889034    5.448980    5.059079    0.000000    0.000000    0.000000    0.000000    0.000000    0.000000
  -3.83128   37.182034    6.321914    0.893977    5.427937    5.082192    0.000000    0.000000    0.000000    0.000000    0.000000    0.000000
  -3.82528   36.863018    6.304394    0.897839    5.406555    5.101934    0.000000    0.000000    0.000000    0.000000    0.000000    0.000000
  -3.81927   36.512891    6.286818    0.900901    5.385917    5.118797    0.000000    0.000000    0.000000    0.000000    0.000000    0.000000
  -3.81327   36.138691    6.270694    0.903520    5.367175    5.133643    0.000000    0.000000    0.000000    0.000000    0.000000    0.000000
  -3.80727   35.749739    6.257532    0.906101    5.351431    5.147604    0.000000    0.000000    0.000000    0.000000    0.000000    0.000000
  -3.80127   35.356718    6.248688    0.909062    5.339626    5.161950    0.000000    0.000000    0.000000    0.000000    0.000000    0.000000
  -3.79527   34.970674    6.245232    0.912789    5.332443    5.177947    0.000000    0.000000    0.000000    0.000000    0.000000    0.000000
  -3.78926   34.602073    6.247840    0.917602    5.330238    5.196719    0.000000    0.000000    0.000000    0.000000    0.000000    0.000000
  -3.78326   34.260024    6.256727    0.923720    5.333007    5.219135    0.000000    0.000000    0.000000    0.000000    0.000000    0.000000
  -3.77726   33.951748    6.271621    0.931237    5.340384    5.245724    0.000000    0.000000    0.000000    0.000000    0.000000    0.000000
  -3.77126   33.682338    6.291797    0.940109    5.351688    5.276642    0.000000    0.000000    0.000000    0.000000    0.000000    0.000000
  -3.76526   33.454796    6.316152    0.950156    5.365995    5.311675    0.000000    0.000000    0.000000    0.000000    0.000000    0.000000
  -3.75925   33.270320    6.343319    0.961083    5.382236    5.350299    0.000000    0.000000    0.000000    0.000000    0.000000    0.000000
  -3.75325   33.128761    6.371822    0.972510    5.399312    5.391771    0.000000    0.000000    0.000000    0.000000    0.000000    0.000000
  -3.74725   33.029173    6.400227    0.984013    5.416214    5.435248    0.000000    0.000000    0.000000    0.000000    0.000000    0.000000
  -3.74125   32.970377    6.427311    0.995185    5.432127    5.479919    0.000000    0.000000    0.000000    0.000000    0.000000    0.000000
  -3.73525   32.951452    6.452191    1.005678    5.446513    5.525141    0.000000    0.000000    0.000000    0.000000    0.000000    0.000000
  -3.72924   32.972114    6.474427    1.015265    5.459163    5.570540    0.000000    0.000000    0.000000    0.000000    0.000000    0.000000
  -3.72324   33.032925    6.494074    1.023869    5.470205    5.616093    0.000000    0.000000    0.000000    0.000000    0.000000    0.000000
  -3.71724   33.135330    6.511674    1.031597    5.480078    5.662158    0.000000    0.000000    0.000000    0.000000    0.000000    0.000000
  -3.71124   33.281523    6.528197    1.038739    5.489459    5.709454    0.000000    0.000000    0.000000    0.000000    0.000000    0.000000
  -3.70524   33.474152    6.544928    1.045756    5.499172    5.758995    0.000000    0.000000    0.000000    0.000000    0.000000    0.000000
  -3.69923   33.715909    6.563317    1.053244    5.510073    5.811974    0.000000    0.000000    0.000000    0.000000    0.000000    0.000000
  -3.69323   34.009032    6.584818    1.061882    5.522937    5.869625    0.000000    0.000000    0.000000    0.000000    0.000000    0.000000
  -3.68723   34.354778    6.610724    1.072368    5.538356    5.933068    0.000000    0.000000    0.000000    0.000000    0.000000    0.000000
  -3.68123   34.752910    6.642021    1.085355    5.556666    6.003154    0.000000    0.000000    0.000000    0.000000    0.000000    0.000000
  -3.67523   35.201249    6.679282    1.101382    5.577900    6.080337    0.000000    0.000000    0.000000    0.000000    0.000000    0.000000
  -3.66922   35.695327    6.722607    1.120823    5.601783    6.164588    0.000000    0.000000    0.000000    0.000000    0.000000    0.000000
  -3.66322   36.228202    6.771611    1.143848    5.627763    6.255353    0.000000    0.000000    0.000000    0.000000    0.000000    0.000000
  -3.65722   36.790434    6.825464    1.170402    5.655062    6.351570    0.000000    0.000000    0.000000    0.000000    0.000000    0.000000
  -3.65122   37.370266    6.882963    1.200209    5.682755    6.451732    0.000000    0.000000    0.000000    0.000000    0.000000    0.000000
  -3.64522   37.954010    6.942641    1.232790    5.709851    6.554001    0.000000    0.000000    0.000000    0.000000    0.000000    0.000000
  -3.63921   38.526613    7.002880    1.267507    5.735373    6.656353    0.000000    0.000000    0.000000    0.000000    0.000000    0.000000
  -3.63321   39.072391    7.062035    1.303608    5.758427    6.756726    0.000000    0.000000    0.000000    0.000000    0.000000    0.000000
  -3.62721   39.575875    7.118544    1.340287    5.778257    6.853182    0.000000    0.000000    0.000000    0.000000    0.000000    0.000000
  -3.62121   40.022701    7.171014    1.376738    5.794276    6.944030    0.000000    0.000000    0.000000    0.000000    0.000000    0.000000
  -3.61521   40.400472    7.218294    1.412207    5.806087    7.027932    0.000000    0.000000    0.000000    0.000000    0.000000    0.000000
  -3.60920   40.699514    7.259512    1.446034    5.813478    7.103956    0.000000    0.000000    0.000000    0.000000    0.000000    0.000000
  -3.60320   40.913446    7.294093    1.477678    5.816415    7.171586    0.000000    0.000000    0.000000    0.000000    0.000000    0.000000
  -3.59720   41.039528    7.321758    1.506735    5.815023    7.230698    0.000000    0.000000    0.000000    0.000000    0.000000    0.000000
  -3.59120   41.078736    7.342496    1.532932    5.809564    7.281485    0.000000    0.000000    0.000000    0.000000    0.000000    0.000000
  -3.58520   41.035591    7.356541    1.556122    5.800419    7.324379    0.000000    0.000000    0.000000    0.000000    0.000000    0.000000
  -3.57919   40.917771    7.364326    1.576260    5.788067    7.359945    0.000000    0.000000    0.000000    0.000000    0.000000    0.000000
  -3.57319   40.735562    7.366450    1.593379    5.773071    7.388790    0.000000    0.000000    0.000000    0.000000    0.000000    0.000000
  -3.56719   40.501232    7.363632    1.607566    5.756066    7.411477    0.000000    0.000000    0.000000    0.000000    0.000000    0.000000
  -3.56119   40.228401    7.356677    1.618934    5.737743    7.428469    0.000000    0.000000    0.000000    0.000000    0.000000    0.000000
  -3.55519   39.931464    7.346432    1.627605    5.718828    7.440093    0.000000    0.000000    0.000000    0.000000    0.000000    0.000000
  -3.54918   39.625126    7.333754    1.633693    5.700061    7.446527    0.000000    0.000000    0.000000    0.000000    0.000000    0.000000
  -3.54318   39.324053    7.319460    1.637299    5.682161    7.447815    0.000000    0.000000    0.000000    0.000000    0.000000    0.000000
  -3.53718   39.042641    7.304293    1.638508    5.665784    7.443898    0.000000    0.000000    0.000000    0.000000    0.000000    0.000000
  -3.53118   38.794876    7.288873    1.637396    5.651477    7.434660    0.000000    0.000000    0.000000    0.000000    0.000000    0.000000
  -3.52518   38.594248    7.273665    1.634034    5.639631    7.419980    0.000000    0.000000    0.000000    0.000000    0.000000    0.000000
  -3.51917   38.453666    7.258950    1.628503    5.630447    7.399794    0.000000    0.000000    0.000000    0.000000    0.000000    0.000000
  -3.51317   38.385343    7.244820    1.620911    5.623909    7.374155    0.000000    0.000000    0.000000    0.000000    0.000000    0.000000
  -3.50717   38.400595    7.231189    1.611398    5.619791    7.343300    0.000000    0.000000    0.000000    0.000000    0.000000    0.000000
  -3.50117   38.509532    7.217836    1.600157    5.617679    7.307707    0.000000    0.000000    0.000000    0.000000    0.000000    0.000000
  -3.49517   38.720625    7.204478    1.587440    5.617038    7.268152    0.000000    0.000000    0.000000    0.000000    0.000000    0.000000
  -3.48916   39.040136    7.190858    1.573567    5.617291    7.225751    0.000000    0.000000    0.000000    0.000000    0.000000    0.000000
  -3.48316   39.471443    7.176858    1.558932    5.617926    7.181983    0.000000    0.000000    0.000000    0.000000    0.000000    0.000000
  -3.47716   40.014294    7.162600    1.543996    5.618605    7.138689    0.000000    0.000000    0.000000    0.000000    0.000000    0.000000
  -3.47116   40.664073    7.148547    1.529284    5.619263    7.098037    0.000000    0.000000    0.000000    0.000000    0.000000    0.000000
  -3.46516   41.411183    7.135554    1.515369    5.620185    7.062442    0.000000    0.000000    0.000000    0.000000    0.000000    0.000000
  -3.45915   42.240652    7.124892    1.502851    5.622041    7.034461    0.000000    0.000000    0.000000    0.000000    0.000000    0.000000
  -3.45315   43.132095    7.118199    1.492323    5.625876    7.016642    0.000000    0.000000    0.000000    0.000000    0.000000    0.000000
  -3.44715   44.060128    7.117385    1.484345    5.633040    7.011352    0.000000    0.000000    0.000000    0.000000    0.000000    0.000000
  -3.44115   44.995303    7.124480    1.479399    5.645081    7.020598    0.000000    0.000000    0.000000    0.000000    0.000000    0.000000
  -3.43515   45.905558    7.141447    1.477855    5.663592    7.045859    0.000000    0.000000    0.000000    0.000000    0.000000    0.000000
  -3.42914   46.758109    7.169974    1.479938    5.690036    7.087945    0.000000    0.000000    0.000000    0.000000    0.000000    0.000000
  -3.42314   47.521624    7.211280    1.485705    5.725576    7.146909    0.000000    0.000000    0.000000    0.000000    0.000000    0.000000
  -3.41714   48.168482    7.265950    1.495032    5.770918    7.222017    0.000000    0.000000    0.000000    0.000000    0.000000    0.000000
  -3.41114   48.676844    7.333827    1.507623    5.826204    7.311795    0.000000    0.000000    0.000000    0.000000    0.000000    0.000000
  -3.40514   49.032304    7.413975    1.523028    5.890947    7.414125    0.000000    0.000000    0.000000    0.000000    0.000000    0.000000
  -3.39913   49.228895    7.504712    1.540679    5.964032    7.526409    0.000000    0.000000    0.000000    0.000000    0.000000    0.000000
  -3.39313   49.269325    7.603714    1.559938    6.043776    7.645752    0.000000    0.000000    0.000000    0.000000    0.000000    0.000000
  -3.38713   49.164409    7.708175    1.580144    6.128030    7.769167    0.000000    0.000000    0.000000    0.000000    0.000000    0.000000
  -3.38113   48.931759    7.814997    1.600667    6.214330    7.893755    0.000000    0.000000    0.000000    0.000000    0.000000    0.000000
  -3.37513   48.593926    7.920999    1.620951    6.300049    8.016864    0.000000    0.000000    0.000000    0.000000    0.000000    0.000000
  -3.36912   48.176206    8.023106    1.640543    6.382563    8.136192    0.000000    0.000000    0.000000    0.000000    0.000000    0.000000
  -3.36312   47.704408    8.118510    1.659117    6.459393    8.249845    0.000000    0.000000    0.000000    0.000000    0.000000    0.000000
  -3.35712   47.202830    8.204791    1.676470    6.528321    8.356344    0.000000    0.000000    0.000000    0.000000    0.000000    0.000000
  -3.35112   46.692655    8.279986    1.692514    6.587471    8.454595    0.000000    0.000000    0.000000    0.000000    0.000000    0.000000
  -3.34512   46.190905    8.342609    1.707255    6.635355    8.543833    0.000000    0.000000    0.000000    0.000000    0.000000    0.000000
  -3.33911   45.709987    8.391638    1.720756    6.670882    8.623556    0.000000    0.000000    0.000000    0.000000    0.000000    0.000000
  -3.33311   45.257788    8.426461    1.733116    6.693344    8.693462    0.000000    0.000000    0.000000    0.000000    0.000000    0.000000
  -3.32711   44.838200    8.446810    1.744429    6.702380    8.753400    0.000000    0.000000    0.000000    0.000000    0.000000    0.000000
  -3.32111   44.451923    8.452684    1.754763    6.697921    8.803337    0.000000    0.000000    0.000000    0.000000    0.000000    0.000000
  -3.31511   44.097358    8.444273    1.764136    6.680137    8.843339    0.000000    0.000000    0.000000    0.000000    0.000000    0.000000
  -3.30910   43.771458    8.421891    1.772508    6.649383    8.873573    0.000000    0.000000    0.000000    0.000000    0.000000    0.000000
  -3.30310   43.470413    8.385917    1.779775    6.606142    8.894309    0.000000    0.000000    0.000000    0.000000    0.000000    0.000000
  -3.29710   43.190102    8.336758    1.785772    6.550986    8.905926    0.000000    0.000000    0.000000    0.000000    0.000000    0.000000
  -3.29110   42.926331    8.274825    1.790286    6.484539    8.908920    0.000000    0.000000    0.000000    0.000000    0.000000    0.000000
  -3.28510   42.674866    8.200532    1.793074    6.407458    8.903901    0.000000    0.000000    0.000000    0.000000    0.000000    0.000000
  -3.27909   42.431369    8.114310    1.793886    6.320423    8.891585    0.000000    0.000000    0.000000    0.000000    0.000000    0.000000
  -3.27309   42.191296    8.016636    1.792492    6.224143    8.872792    0.000000    0.000000    0.000000    0.000000    0.000000    0.000000
  -3.26709   41.949847    7.908088    1.788710    6.119377    8.848438    0.000000    0.000000    0.000000    0.000000    0.000000    0.000000
  -3.26109   41.702031    7.789396    1.782433    6.006963    8.819524    0.000000    0.000000    0.000000    0.000000    0.000000    0.000000
  -3.25509   41.442863    7.661506    1.773650    5.887856    8.787137    0.000000    0.000000    0.000000    0.000000    0.000000    0.000000
  -3.24908   41.167695    7.525633    1.762465    5.763168    8.752448    0.000000    0.000000    0.000000    0.000000    0.000000    0.000000
  -3.24308   40.872624    7.383300    1.749100    5.634201    8.716698    0.000000    0.000000    0.000000    0.000000    0.000000    0.000000
  -3.23708   40.554938    7.236350    1.733887    5.502464    8.681185    0.000000    0.000000    0.000000    0.000000    0.000000    0.000000
  -3.23108   40.213506    7.086928    1.717254    5.369674    8.647240    0.000000    0.000000    0.000000    0.000000    0.000000    0.000000
  -3.22508   39.849048    6.937423    1.699695    5.237728    8.616178    0.000000    0.000000    0.000000    0.000000    0.000000    0.000000
  -3.21907   39.464247    6.790373    1.681732    5.108640    8.589251    0.000000    0.000000    0.000000    0.000000    0.000000    0.000000
  -3.21307   39.063646    6.648339    1.663876    4.984463    8.567587    0.000000    0.000000    0.000000    0.000000    0.000000    0.000000
  -3.20707   38.653362    6.513759    1.646584    4.867175    8.552121    0.000000    0.000000    0.000000    0.000000    0.000000    0.000000
  -3.20107   38.240632    6.388794    1.630231    4.758563    8.543553    0.000000    0.000000    0.000000    0.000000    0.000000    0.000000
  -3.19507   37.833255    6.275183    1.615077    4.660107    8.542301    0.000000    0.000000    0.000000    0.000000    0.000000    0.000000
  -3.18906   37.439002    6.174138    1.601262    4.572876    8.548503    0.000000    0.000000    0.000000    0.000000    0.000000    0.000000
  -3.18306   37.065068    6.086270    1.588805    4.497465    8.562029    0.000000    0.000000    0.000000    0.000000    0.000000    0.000000
  -3.17706   36.717636    6.011585    1.577620    4.433965    8.582541    0.000000    0.000000    0.000000    0.000000    0.000000    0.000000
  -3.17106   36.401597    5.949537    1.567543    4.381993    8.609565    0.000000    0.000000    0.000000    0.000000    0.000000    0.000000
  -3.16506   36.120446    5.899136    1.558370    4.340766    8.642593    0.000000    0.000000    0.000000    0.000000    0.000000    0.000000
  -3.15905   35.876346    5.859104    1.549889    4.309215    8.681182    0.000000    0.000000    0.000000    0.000000    0.000000    0.000000
  -3.15305   35.670324    5.828059    1.541925    4.286133    8.725049    0.000000    0.000000    0.000000    0.000000    0.000000    0.000000
  -3.14705   35.502544    5.804697    1.534370    4.270328    8.774141    0.000000    0.000000    0.000000    0.000000    0.000000    0.000000
  -3.14105   35.372598    5.787960    1.527201    4.260759    8.828667    0.000000    0.000000    0.000000    0.000000    0.000000    0.000000
  -3.13505   35.279760    5.777150    1.520500    4.256650    8.889098    0.000000    0.000000    0.000000    0.000000    0.000000    0.000000
  -3.12904   35.223149    5.771993    1.514447    4.257546    8.956112    0.000000    0.000000    0.000000    0.000000    0.000000    0.000000
  -3.12304   35.201803    5.772640    1.509312    4.263328    9.030509    0.000000    0.000000    0.000000    0.000000    0.000000    0.000000
  -3.11704   35.214637    5.779594    1.505432    4.274163    9.113099    0.000000    0.000000    0.000000    0.000000    0.000000    0.000000
  -3.11104   35.260336    5.793603    1.503181    4.290422    9.204570    0.000000    0.000000    0.000000    0.000000    0.000000    0.000000
  -3.10504   35.337201    5.815506    1.502940    4.312566    9.305367    0.000000    0.000000    0.000000    0.000000    0.000000    0.000000
  -3.09903   35.442994    5.846075    1.505061    4.341014    9.415580    0.000000    0.000000    0.000000    0.000000    0.000000    0.000000
  -3.09303   35.574825    5.885869    1.509837    4.376033    9.534872    0.000000    0.000000    0.000000    0.000000    0.000000    0.000000
  -3.08703   35.729104    5.935110    1.517474    4.417637    9.662438    0.000000    0.000000    0.000000    0.000000    0.000000    0.000000
  -3.08103   35.901569    5.993600    1.528071    4.465529    9.797009    0.000000    0.000000    0.000000    0.000000    0.000000    0.000000
  -3.07503   36.087396    6.060685    1.541606    4.519079    9.936896    0.000000    0.000000    0.000000    0.000000    0.000000    0.000000
  -3.06902   36.281371    6.135262    1.557931    4.577331   10.080069    0.000000    0.000000    0.000000    0.000000    0.000000    0.000000
  -3.06302   36.478103    6.215829    1.576774    4.639055   10.224271    0.000000    0.000000    0.000000    0.000000    0.000000    0.000000
  -3.05702   36.672248    6.300560    1.597747    4.702813   10.367136    0.000000    0.000000    0.000000    0.000000    0.000000    0.000000
  -3.05102   36.858737    6.387411    1.620370    4.767041   10.506329    0.000000    0.000000    0.000000    0.000000    0.000000    0.000000
  -3.04502   37.032953    6.474222    1.644085    4.830138   10.639676    0.000000    0.000000    0.000000    0.000000    0.000000    0.000000
  -3.03901   37.190879    6.558835    1.668288    4.890547   10.765272    0.000000    0.000000    0.000000    0.000000    0.000000    0.000000
  -3.03301   37.329171    6.639185    1.692359    4.946826   10.881578    0.000000    0.000000    0.000000    0.000000    0.000000    0.000000
  -3.02701   37.445185    6.713391    1.715688    4.997703   10.987473    0.000000    0.000000    0.000000    0.000000    0.000000    0.000000
  -3.02101   37.536937    6.779805    1.737703    5.042102   11.082273    0.000000    0.000000    0.000000    0.000000    0.000000    0.000000
  -3.01501   37.603033    6.837050    1.757892    5.079158   11.165715    0.000000    0.000000    0.000000    0.000000    0.000000    0.000000
  -3.00900   37.642573    6.884024    1.775823    5.108200   11.237901    0.000000    0.000000    0.000000    0.000000    0.000000    0.000000
  -3.00300   37.655059    6.919875    1.791150    5.128725   11.299224    0.000000    0.000000    0.000000    0.000000    0.000000    0.000000
  -2.99700   37.640335    6.943973    1.803622    5.140351   11.350275    0.000000    0.000000    0.000000    0.000000    0.000000    0.000000
  -2.99100   37.598585    6.955865    1.813083    5.142782   11.391765    0.000000    0.000000    0.000000    0.000000    0.000000    0.000000
  -2.98499   37.530391    6.955239    1.819468    5.135770   11.424454    0.000000    0.000000    0.000000    0.000000    0.000000    0.000000
  -2.97899   37.436866    6.941904    1.822806    5.119098   11.449122    0.000000    0.000000    0.000000    0.000000    0.000000    0.000000
  -2.97299   37.319846    6.915802    1.823210    5.092592   11.466564    0.000000    0.000000    0.000000    0.000000    0.000000    0.000000
  -2.96699   37.182105    6.877035    1.820882    5.056152   11.477634    0.000000    0.000000    0.000000    0.000000    0.000000    0.000000
  -2.96099   37.027551    6.825923    1.816109    5.009814   11.483306    0.000000    0.000000    0.000000    0.000000    0.000000    0.000000
  -2.95498   36.861352    6.763080    1.809262    4.953818   11.484745    0.000000    0.000000    0.000000    0.000000    0.000000    0.000000
  -2.94898   36.689943    6.689473    1.800794    4.888679   11.483369    0.000000    0.000000    0.000000    0.000000    0.000000    0.000000
  -2.94298   36.520856    6.606474    1.791230    4.815245   11.480877    0.000000    0.000000    0.000000    0.000000    0.000000    0.000000
  -2.93698   36.362381    6.515862    1.781149    4.734713   11.479222    0.000000    0.000000    0.000000    0.000000    0.000000    0.000000
  -2.93098   36.223035    6.419782    1.771164    4.648618   11.480530    0.000000    0.000000    0.000000    0.000000    0.000000    0.000000
  -2.92497   36.110907    6.320647    1.761890    4.558757   11.486960    0.000000    0.000000    0.000000    0.000000    0.000000    0.000000
  -2.91897   36.032941    6.221000    1.753908    4.467092   11.500524    0.000000    0.000000    0.000000    0.000000    0.000000    0.000000
  -2.91297   35.994255    6.123343    1.747734    4.375609   11.522890    0.000000    0.000000    0.000000    0.000000    0.000000    0.000000
  -2.90697   35.997603    6.029966    1.743788    4.286178   11.555209    0.000000    0.000000    0.000000    0.000000    0.000000    0.000000
  -2.90097   36.043087    5.942796    1.742371    4.200425   11.597990    0.000000    0.000000    0.000000    0.000000    0.000000    0.000000
  -2.89496   36.128166    5.863299    1.743666    4.119633   11.651066    0.000000    0.000000    0.000000    0.000000    0.000000    0.000000
  -2.88896   36.248021    5.792431    1.747739    4.044692   11.713648    0.000000    0.000000    0.000000    0.000000    0.000000    0.000000
  -2.88296   36.396233    5.730669    1.754567    3.976102   11.784488    0.000000    0.000000    0.000000    0.000000    0.000000    0.000000
  -2.87696   36.565704    5.678094    1.764070    3.914024   11.862114    0.000000    0.000000    0.000000    0.000000    0.000000    0.000000
  -2.87096   36.749717    5.634514    1.776147    3.858367   11.945122    0.000000    0.000000    0.000000    0.000000    0.000000    0.000000
  -2.86495   36.942978    5.599605    1.790716    3.808889   12.032458    0.000000    0.000000    0.000000    0.000000    0.000000    0.000000
  -2.85895   37.142498    5.573043    1.807740    3.765303   12.123667    0.000000    0.000000    0.000000    0.000000    0.000000    0.000000
  -2.85295   37.348182    5.554596    1.827244    3.727352   12.219049    0.000000    0.000000    0.000000    0.000000    0.000000    0.000000
  -2.84695   37.563043    5.544171    1.849314    3.694857   12.319700    0.000000    0.000000    0.000000    0.000000    0.000000    0.000000
  -2.84095   37.792974    5.541805    1.874082    3.667723   12.427424    0.000000    0.000000    0.000000    0.000000    0.000000    0.000000
  -2.83494   38.046130    5.547606    1.901695    3.645911   12.544527    0.000000    0.000000    0.000000    0.000000    0.000000    0.000000
  -2.82894   38.331961    5.561669    1.932287    3.629382   12.673528    0.000000    0.000000    0.000000    0.000000    0.000000    0.000000
  -2.82294   38.660032    5.583973    1.965943    3.618030   12.816814    0.000000    0.000000    0.000000    0.000000    0.000000    0.000000
  -2.81694   39.038780    5.614294    2.002671    3.611623   12.976316    0.000000    0.000000    0.000000    0.000000    0.000000    0.000000
  -2.81094   39.474352    5.652154    2.042395    3.609759   13.153233    0.000000    0.000000    0.000000    0.000000    0.000000    0.000000
  -2.80493   39.969682    5.696809    2.084957    3.611852   13.347864    0.000000    0.000000    0.000000    0.000000    0.000000    0.000000
  -2.79893   40.523912    5.747289    2.130139    3.617150   13.559562    0.000000    0.000000    0.000000    0.000000    0.000000    0.000000
  -2.79293   41.132245    5.802481    2.177700    3.624782   13.786832    0.000000    0.000000    0.000000    0.000000    0.000000    0.000000
  -2.78693   41.786227    5.861240    2.227419    3.633821   14.027539    0.000000    0.000000    0.000000    0.000000    0.000000    0.000000
  -2.78093   42.474457    5.922507    2.279144    3.643364   14.279206    0.000000    0.000000    0.000000    0.000000    0.000000    0.000000
  -2.77492   43.183623    5.985422    2.332821    3.652601   14.539355    0.000000    0.000000    0.000000    0.000000    0.000000    0.000000
  -2.76892   43.899765    6.049401    2.388526    3.660874   14.805828    0.000000    0.000000    0.000000    0.000000    0.000000    0.000000
  -2.76292   44.609623    6.114173    2.446463    3.667710   15.077064    0.000000    0.000000    0.000000    0.000000    0.000000    0.000000
  -2.75692   45.301931    6.179777    2.506949    3.672828   15.352257    0.000000    0.000000    0.000000    0.000000    0.000000    0.000000
  -2.75092   45.968519    6.246509    2.570378    3.676131   15.631421    0.000000    0.000000    0.000000    0.000000    0.000000    0.000000
  -2.74491   46.605105    6.314836    2.637168    3.677668   15.915314    0.000000    0.000000    0.000000    0.000000    0.000000    0.000000
  -2.73891   47.211701    6.385303    2.707709    3.677594   16.205274    0.000000    0.000000    0.000000    0.000000    0.000000    0.000000
  -2.73291   47.792572    6.458433    2.782305    3.676128   16.502971    0.000000    0.000000    0.000000    0.000000    0.000000    0.000000
  -2.72691   48.355750    6.534638    2.861125    3.673513   16.810126    0.000000    0.000000    0.000000    0.000000    0.000000    0.000000
  -2.72091   48.912126    6.614167    2.944171    3.669996   17.128220    0.000000    0.000000    0.000000    0.000000    0.000000    0.000000
  -2.71490   49.474189    6.697068    3.031261    3.665807   17.458232    0.000000    0.000000    0.000000    0.000000    0.000000    0.000000
  -2.70890   50.054523    6.783186    3.122020    3.661166   17.800433    0.000000    0.000000    0.000000    0.000000    0.000000    0.000000
  -2.70290   50.664193    6.872174    3.215892    3.656282   18.154224    0.000000    0.000000    0.000000    0.000000    0.000000    0.000000
  -2.69690   51.311174    6.963510    3.312152    3.651358   18.518050    0.000000    0.000000    0.000000    0.000000    0.000000    0.000000
  -2.69090   51.999004    7.056517    3.409923    3.646594   18.889365    0.000000    0.000000    0.000000    0.000000    0.000000    0.000000
  -2.68489   52.725812    7.150365    3.508189    3.642176   19.264657    0.000000    0.000000    0.000000    0.000000    0.000000    0.000000
  -2.67889   53.483877    7.244075    3.605818    3.638257   19.639528    0.000000    0.000000    0.000000    0.000000    0.000000    0.000000
  -2.67289   54.259790    7.336508    3.701572    3.634936   20.008831    0.000000    0.000000    0.000000    0.000000    0.000000    0.000000
  -2.66689   55.035279    7.426368    3.794140    3.632228   20.366875    0.000000    0.000000    0.000000    0.000000    0.000000    0.000000
  -2.66089   55.788619    7.512213    3.882171    3.630042   20.707693    0.000000    0.000000    0.000000    0.000000    0.000000    0.000000
  -2.65488   56.496531    7.592501    3.964324    3.628177   21.025378    0.000000    0.000000    0.000000    0.000000    0.000000    0.000000
  -2.64888   57.136354    7.665673    4.039348    3.626326   21.314480    0.000000    0.000000    0.000000    0.000000    0.000000    0.000000
  -2.64288   57.688244    7.730266    4.106159    3.624108   21.570430    0.000000    0.000000    0.000000    0.000000    0.000000    0.000000
  -2.63688   58.137153    7.785058    4.163939    3.621119   21.789975    0.000000    0.000000    0.000000    0.000000    0.000000    0.000000
  -2.63088   58.474328    7.829224    4.212233    3.616992   21.971555    0.000000    0.000000    0.000000    0.000000    0.000000    0.000000
  -2.62487   58.698146    7.862487    4.251018    3.611470   22.115596    0.000000    0.000000    0.000000    0.000000    0.000000    0.000000
  -2.61887   58.814187    7.885225    4.280761    3.604464   22.224656    0.000000    0.000000    0.000000    0.000000    0.000000    0.000000
  -2.61287   58.834538    7.898529    4.302426    3.596102   22.303395    0.000000    0.000000    0.000000    0.000000    0.000000    0.000000
  -2.60687   58.776420    7.904182    4.317435    3.586747   22.358342    0.000000    0.000000    0.000000    0.000000    0.000000    0.000000
  -2.60087   58.660319    7.904556    4.327578    3.576977   22.397474    0.000000    0.000000    0.000000    0.000000    0.000000    0.000000
  -2.59486   58.507865    7.902432    4.334891    3.567541   22.429630    0.000000    0.000000    0.000000    0.000000    0.000000    0.000000
  -2.58886   58.339700    7.900755    4.341487    3.559268   22.463807    0.000000    0.000000    0.000000    0.000000    0.000000    0.000000
  -2.58286   58.173592    7.902353    4.349383    3.552970   22.508415    0.000000    0.000000    0.000000    0.000000    0.000000    0.000000
  -2.57686   58.022976    7.909657    4.360337    3.549320   22.570560    0.000000    0.000000    0.000000    0.000000    0.000000    0.000000
  -2.57086   57.896062    7.924448    4.375697    3.548751   22.655438    0.000000    0.000000    0.000000    0.000000    0.000000    0.000000
  -2.56485   57.795532    7.947666    4.396307    3.551359   22.765890    0.000000    0.000000    0.000000    0.000000    0.000000    0.000000
  -2.55885   57.718822    7.979310    4.422453    3.556857   22.902171    0.000000    0.000000    0.000000    0.000000    0.000000    0.000000
  -2.55285   57.658861    8.018433    4.453873    3.564559   23.061948    0.000000    0.000000    0.000000    0.000000    0.000000    0.000000
  -2.54685   57.605156    8.063232    4.489810    3.573421   23.240517    0.000000    0.000000    0.000000    0.000000    0.000000    0.000000
  -2.54085   57.545049    8.111226    4.529113    3.582114   23.431209    0.000000    0.000000    0.000000    0.000000    0.000000    0.000000
  -2.53484   57.465012    8.159500    4.570359    3.589141   23.625945    0.000000    0.000000    0.000000    0.000000    0.000000    0.000000
  -2.52884   57.351842    8.204972    4.611995    3.592977   23.815883    0.000000    0.000000    0.000000    0.000000    0.000000    0.000000
  -2.52284   57.193705    8.244683    4.652472    3.592211   23.992101    0.000000    0.000000    0.000000    0.000000    0.000000    0.000000
  -2.51684   56.980958    8.276054    4.690366    3.585688   24.146273    0.000000    0.000000    0.000000    0.000000    0.000000    0.000000
  -2.51084   56.706783    8.297113    4.724486    3.572627   24.271292    0.000000    0.000000    0.000000    0.000000    0.000000    0.000000
  -2.50483   56.367628    8.306657    4.753951    3.552706   24.361816    0.000000    0.000000    0.000000    0.000000    0.000000    0.000000
  -2.49883   55.963500    8.304360    4.778249    3.526111   24.414691    0.000000    0.000000    0.000000    0.000000    0.000000    0.000000
  -2.49283   55.498112    8.290807    4.797269    3.493539   24.429251    0.000000    0.000000    0.000000    0.000000    0.000000    0.000000
  -2.48683   54.978903    8.267467    4.811308    3.456159   24.407453    0.000000    0.000000    0.000000    0.000000    0.000000    0.000000
  -2.48083   54.416869    8.236601    4.821065    3.415536   24.353834    0.000000    0.000000    0.000000    0.000000    0.000000    0.000000
  -2.47482   53.826206    8.201114    4.827595    3.373518   24.275269    0.000000    0.000000    0.000000    0.000000    0.000000    0.000000
  -2.46882   53.223692    8.164354    4.832252    3.332102   24.180536    0.000000    0.000000    0.000000    0.000000    0.000000    0.000000
  -2.46282   52.627799    8.129883    4.836596    3.293287   24.079685    0.000000    0.000000    0.000000    0.000000    0.000000    0.000000
  -2.45682   52.057560    8.101207    4.842288    3.258920   23.983261    0.000000    0.000000    0.000000    0.000000    0.000000    0.000000
  -2.45082   51.531246    8.081515    4.850956    3.230559   23.901440    0.000000    0.000000    0.000000    0.000000    0.000000    0.000000
  -2.44481   51.064960    8.073423    4.864068    3.209355   23.843154    0.000000    0.000000    0.000000    0.000000    0.000000    0.000000
  -2.43881   50.671326    8.078762    4.882803    3.195959   23.815297    0.000000    0.000000    0.000000    0.000000    0.000000    0.000000
  -2.43281   50.358411    8.098425    4.907943    3.190482   23.822130    0.000000    0.000000    0.000000    0.000000    0.000000    0.000000
  -2.42681   50.129055    8.132289    4.939803    3.192487   23.864926    0.000000    0.000000    0.000000    0.000000    0.000000    0.000000
  -2.42081   49.980714    8.179232    4.978199    3.201033   23.941943    0.000000    0.000000    0.000000    0.000000    0.000000    0.000000
  -2.41480   49.905865    8.237231    5.022473    3.214758   24.048712    0.000000    0.000000    0.000000    0.000000    0.000000    0.000000
  -2.40880   49.892941    8.303556    5.071563    3.231993   24.178615    0.000000    0.000000    0.000000    0.000000    0.000000    0.000000
  -2.40280   49.927691    8.375009    5.124107    3.250902   24.323682    0.000000    0.000000    0.000000    0.000000    0.000000    0.000000
  -2.39680   49.994795    8.448215    5.178586    3.269628   24.475508    0.000000    0.000000    0.000000    0.000000    0.000000    0.000000
  -2.39080   50.079522    8.519910    5.233471    3.286439   24.626162    0.000000    0.000000    0.000000    0.000000    0.000000    0.000000
  -2.38479   50.169228    8.587215    5.287365    3.299850   24.768991    0.000000    0.000000    0.000000    0.000000    0.000000    0.000000
  -2.37879   50.254511    8.647850    5.339117    3.308733   24.899212    0.000000    0.000000    0.000000    0.000000    0.000000    0.000000
  -2.37279   50.329897    8.700289    5.387912    3.312377   25.014243    0.000000    0.000000    0.000000    0.000000    0.000000    0.000000
  -2.36679   50.394005    8.743826    5.433301    3.310525   25.113741    0.000000    0.000000    0.000000    0.000000    0.000000    0.000000
  -2.36079   50.449209    8.778561    5.475199    3.303362   25.199376    0.000000    0.000000    0.000000    0.000000    0.000000    0.000000
  -2.35478   50.500887    8.805316    5.513833    3.291483   25.274380    0.000000    0.000000    0.000000    0.000000    0.000000    0.000000
  -2.34878   50.556384    8.825472    5.549663    3.275810   25.342962    0.000000    0.000000    0.000000    0.000000    0.000000    0.000000
  -2.34278   50.623843    8.840784    5.583276    3.257508   25.409648    0.000000    0.000000    0.000000    0.000000    0.000000    0.000000
  -2.33678   50.711058    8.853149    5.615282    3.237867   25.478656    0.000000    0.000000    0.000000    0.000000    0.000000    0.000000
  -2.33078   50.824463    8.864394    5.646205    3.218189   25.553353    0.000000    0.000000    0.000000    0.000000    0.000000    0.000000
  -2.32477   50.968368    8.876065    5.676395    3.199670   25.635845    0.000000    0.000000    0.000000    0.000000    0.000000    0.000000
  -2.31877   51.144472    8.889262    5.705967    3.183295   25.726751    0.000000    0.000000    0.000000    0.000000    0.000000    0.000000
  -2.31277   51.351683    8.904528    5.734769    3.169759   25.825146    0.000000    0.000000    0.000000    0.000000    0.000000    0.000000
  -2.30677   51.586219    8.921789    5.762381    3.159409   25.928683    0.000000    0.000000    0.000000    0.000000    0.000000    0.000000
  -2.30077   51.841954    8.940378    5.788153    3.152224   26.033867    0.000000    0.000000    0.000000    0.000000    0.000000    0.000000
  -2.29476   52.110961    8.959109    5.811274    3.147835   26.136455    0.000000    0.000000    0.000000    0.000000    0.000000    0.000000
  -2.28876   52.384191    8.976427    5.830859    3.145569   26.231932    0.000000    0.000000    0.000000    0.000000    0.000000    0.000000
  -2.28276   52.652224    8.990597    5.846062    3.144536   26.316034    0.000000    0.000000    0.000000    0.000000    0.000000    0.000000
  -2.27676   52.906042    8.999919    5.856188    3.143731   26.385246    0.000000    0.000000    0.000000    0.000000    0.000000    0.000000
  -2.27076   53.137743    9.002949    5.860804    3.142146   26.437243    0.000000    0.000000    0.000000    0.000000    0.000000    0.000000
  -2.26475   53.341156    8.998694    5.859822    3.138872   26.471203    0.000000    0.000000    0.000000    0.000000    0.000000    0.000000
  -2.25875   53.512293    8.986756    5.853557    3.133199   26.487980    0.000000    0.000000    0.000000    0.000000    0.000000    0.000000
  -2.25275   53.649617    8.967405    5.842737    3.124668   26.490091    0.000000    0.000000    0.000000    0.000000    0.000000    0.000000
  -2.24675   53.754093    8.941577    5.828467    3.113109   26.481530    0.000000    0.000000    0.000000    0.000000    0.000000    0.000000
  -2.24075   53.829038    8.910782    5.812152    3.098630   26.467432    0.000000    0.000000    0.000000    0.000000    0.000000    0.000000
  -2.23474   53.879801    8.876951    5.795368    3.081583   26.453620    0.000000    0.000000    0.000000    0.000000    0.000000    0.000000
  -2.22874   53.913313    8.842229    5.779727    3.062502   26.446104    0.000000    0.000000    0.000000    0.000000    0.000000    0.000000
  -2.22274   53.937565    8.808751    5.766715    3.042036   26.450602    0.000000    0.000000    0.000000    0.000000    0.000000    0.000000
  -2.21674   53.961074    8.778432    5.757557    3.020875   26.472120    0.000000    0.000000    0.000000    0.000000    0.000000    0.000000
  -2.21074   53.992374    8.752789    5.753101    2.999689   26.514671    0.000000    0.000000    0.000000    0.000000    0.000000    0.000000
  -2.20473   54.039571    8.732829    5.753750    2.979078   26.581119    0.000000    0.000000    0.000000    0.000000    0.000000    0.000000
  -2.19873   54.109958    8.719003    5.759451    2.959552   26.673174    0.000000    0.000000    0.000000    0.000000    0.000000    0.000000
  -2.19273   54.209694    8.711239    5.769726    2.941513   26.791500    0.000000    0.000000    0.000000    0.000000    0.000000    0.000000
  -2.18673   54.343522    8.709020    5.783758    2.925263   26.935886    0.000000    0.000000    0.000000    0.000000    0.000000    0.000000
  -2.18073   54.514508    8.711521    5.800510    2.911011   27.105457    0.000000    0.000000    0.000000    0.000000    0.000000    0.000000
  -2.17472   54.723812    8.717750    5.818863    2.898887   27.298853    0.000000    0.000000    0.000000    0.000000    0.000000    0.000000
  -2.16872   54.970477    8.726695    5.837747    2.888948   27.514365    0.000000    0.000000    0.000000    0.000000    0.000000    0.000000
  -2.16272   55.251285    8.737450    5.856271    2.881179   27.750002    0.000000    0.000000    0.000000    0.000000    0.000000    0.000000
  -2.15672   55.560708    8.749300    5.873808    2.875492   28.003504    0.000000    0.000000    0.000000    0.000000    0.000000    0.000000
  -2.15072   55.891003    8.761771    5.890055    2.871716   28.272312    0.000000    0.000000    0.000000    0.000000    0.000000    0.000000
  -2.14471   56.232490    8.774646    5.905048    2.869598   28.553537    0.000000    0.000000    0.000000    0.000000    0.000000    0.000000
  -2.13871   56.574028    8.787935    5.919137    2.868798   28.843958    0.000000    0.000000    0.000000    0.000000    0.000000    0.000000
  -2.13271   56.903685    8.801845    5.932942    2.868903   29.140072    0.000000    0.000000    0.000000    0.000000    0.000000    0.000000
  -2.12671   57.209567    8.816722    5.947279    2.869443   29.438231    0.000000    0.000000    0.000000    0.000000    0.000000    0.000000
  -2.12071   57.480730    8.833011    5.963084    2.869928   29.734845    0.000000    0.000000    0.000000    0.000000    0.000000    0.000000
  -2.11470   57.708111    8.851217    5.981337    2.869880   30.026656    0.000000    0.000000    0.000000    0.000000    0.000000    0.000000
  -2.10870   57.885365    8.871881    6.003000    2.868881   30.311050    0.000000    0.000000    0.000000    0.000000    0.000000    0.000000
  -2.10270   58.009519    8.895568    6.028964    2.866604   30.586352    0.000000    0.000000    0.000000    0.000000    0.000000    0.000000
  -2.09670   58.081370    8.922868    6.060014    2.862854   30.852082    0.000000    0.000000    0.000000    0.000000    0.000000    0.000000
  -2.09070   58.105553    8.954387    6.096809    2.857579   31.109097    0.000000    0.000000    0.000000    0.000000    0.000000    0.000000
  -2.08469   58.090269    8.990738    6.139860    2.850878   31.359604    0.000000    0.000000    0.000000    0.000000    0.000000    0.000000
  -2.07869   58.046662    9.032513    6.189527    2.842986   31.607006    0.000000    0.000000    0.000000    0.000000    0.000000    0.000000
  -2.07269   57.987898    9.080244    6.246003    2.834241   31.855573    0.000000    0.000000    0.000000    0.000000    0.000000    0.000000
  -2.06669   57.928022    9.134341    6.309303    2.825038   32.109977    0.000000    0.000000    0.000000    0.000000    0.000000    0.000000
  -2.06069   57.880690    9.195034    6.379257    2.815777   32.374716    0.000000    0.000000    0.000000    0.000000    0.000000    0.000000
  -2.05468   57.857912    9.262306    6.455503    2.806804   32.653505    0.000000    0.000000    0.000000    0.000000    0.000000    0.000000
  -2.04868   57.868937    9.335855    6.537495    2.798359   32.948708    0.000000    0.000000    0.000000    0.000000    0.000000    0.000000
  -2.04268   57.919404    9.415073    6.624535    2.790538   33.260895    0.000000    0.000000    0.000000    0.000000    0.000000    0.000000
  -2.03668   58.010865    9.499077    6.715813    2.783265   33.588607    0.000000    0.000000    0.000000    0.000000    0.000000    0.000000
  -2.03068   58.140743    9.586778    6.810481    2.776297   33.928349    0.000000    0.000000    0.000000    0.000000    0.000000    0.000000
  -2.02467   58.302739    9.676984    6.907743    2.769241   34.274868    0.000000    0.000000    0.000000    0.000000    0.000000    0.000000
  -2.01867   58.487649    9.768550    7.006949    2.761601   34.621657    0.000000    0.000000    0.000000    0.000000    0.000000    0.000000
  -2.01267   58.684493    9.860527    7.107693    2.752834   34.961657    0.000000    0.000000    0.000000    0.000000    0.000000    0.000000
  -2.00667   58.881834    9.952313    7.209895    2.742417   35.288054    0.000000    0.000000    0.000000    0.000000    0.000000    0.000000
  -2.00067   59.069113   10.043770    7.313852    2.729918   35.595082    0.000000    0.000000    0.000000    0.000000    0.000000    0.000000
  -1.99466   59.237858   10.135305    7.420250    2.715054   35.878717    0.000000    0.000000    0.000000    0.000000    0.000000    0.000000
  -1.98866   59.382618   10.227874    7.530138    2.697736   36.137185    0.000000    0.000000    0.000000    0.000000    0.000000    0.000000
  -1.98266   59.501528   10.322936    7.644847    2.678089   36.371220    0.000000    0.000000    0.000000    0.000000    0.000000    0.000000
  -1.97666   59.596455   10.422333    7.765877    2.656455   36.584039    0.000000    0.000000    0.000000    0.000000    0.000000    0.000000
  -1.97066   59.672725   10.528127    7.894759    2.633368   36.781053    0.000000    0.000000    0.000000    0.000000    0.000000    0.000000
  -1.96465   59.738496   10.642405    8.032900    2.609505   36.969365    0.000000    0.000000    0.000000    0.000000    0.000000    0.000000
  -1.95865   59.803867   10.767072    8.181438    2.585634   37.157099    0.000000    0.000000    0.000000    0.000000    0.000000    0.000000
  -1.95265   59.879849   10.903665    8.341125    2.562540   37.352678    0.000000    0.000000    0.000000    0.000000    0.000000    0.000000
  -1.94665   59.977309   11.053206    8.512235    2.540970   37.564102    0.000000    0.000000    0.000000    0.000000    0.000000    0.000000
  -1.94065   60.106017   11.216100    8.694534    2.521567   37.798329    0.000000    0.000000    0.000000    0.000000    0.000000    0.000000
  -1.93464   60.273879   11.392111    8.887285    2.504826   38.060794    0.000000    0.000000    0.000000    0.000000    0.000000    0.000000
  -1.92864   60.486414   11.580384    9.089314    2.491070   38.355113    0.000000    0.000000    0.000000    0.000000    0.000000    0.000000
  -1.92264   60.746504   11.779538    9.299104    2.480433   38.682987    0.000000    0.000000    0.000000    0.000000    0.000000    0.000000
  -1.91664   61.054399   11.987796    9.514925    2.472871   39.044278    0.000000    0.000000    0.000000    0.000000    0.000000    0.000000
  -1.91064   61.407956   12.203143    9.734968    2.468176   39.437244    0.000000    0.000000    0.000000    0.000000    0.000000    0.000000
  -1.90463   61.803035   12.423486    9.957480    2.466006   39.858887    0.000000    0.000000    0.000000    0.000000    0.000000    0.000000
  -1.89863   62.234001   12.646803   10.180878    2.465925   40.305358    0.000000    0.000000    0.000000    0.000000    0.000000    0.000000
  -1.89263   62.694255   12.871258   10.403824    2.467433   40.772363    0.000000    0.000000    0.000000    0.000000    0.000000    0.000000
  -1.88663   63.176738   13.095275   10.625269    2.470006   41.255547    0.000000    0.000000    0.000000    0.000000    0.000000    0.000000
  -1.88063   63.674353   13.317568   10.844443    2.473124   41.750781    0.000000    0.000000    0.000000    0.000000    0.000000    0.000000
  -1.87462   64.180299   13.537117   11.060820    2.476297   42.254368    0.000000    0.000000    0.000000    0.000000    0.000000    0.000000
  -1.86862   64.688280   13.753127   11.274047    2.479080   42.763128    0.000000    0.000000    0.000000    0.000000    0.000000    0.000000
  -1.86262   65.192637   13.964968   11.483876    2.481091   43.274409    0.000000    0.000000    0.000000    0.000000    0.000000    0.000000
  -1.85662   65.688402   14.172113   11.690096    2.482018   43.786012    0.000000    0.000000    0.000000    0.000000    0.000000    0.000000
  -1.85062   66.171324   14.374121   11.892502    2.481620   44.296092    0.000000    0.000000    0.000000    0.000000    0.000000    0.000000
  -1.84461   66.637876   14.570645   12.090906    2.479739   44.803059    0.000000    0.000000    0.000000    0.000000    0.000000    0.000000
  -1.83861   67.085283   14.761493   12.285197    2.476297   45.305496    0.000000    0.000000    0.000000    0.000000    0.000000    0.000000
  -1.83261   67.511544   14.946732   12.475435    2.471298   45.802130    0.000000    0.000000    0.000000    0.000000    0.000000    0.000000
  -1.82661   67.915456   15.126812   12.661982    2.464829   46.291835    0.000000    0.000000    0.000000    0.000000    0.000000    0.000000
  -1.82061   68.296600   15.302684   12.845629    2.457055   46.773649    0.000000    0.000000    0.000000    0.000000    0.000000    0.000000
  -1.81460   68.655256   15.475898   13.027688    2.448210   47.246801    0.000000    0.000000    0.000000    0.000000    0.000000    0.000000
  -1.80860   68.992225   15.648617   13.210033    2.438585   47.710673    0.000000    0.000000    0.000000    0.000000    0.000000    0.000000
  -1.80260   69.308542   15.823555   13.395046    2.428509   48.164711    0.000000    0.000000    0.000000    0.000000    0.000000    0.000000
  -1.79660   69.605083   16.003806   13.585477    2.418329   48.608235    0.000000    0.000000    0.000000    0.000000    0.000000    0.000000
  -1.79060   69.882090   16.192574   13.784191    2.408384   49.040164    0.000000    0.000000    0.000000    0.000000    0.000000    0.000000
  -1.78459   70.138672   16.392824   13.993844    2.398980   49.458680    0.000000    0.000000    0.000000    0.000000    0.000000    0.000000
  -1.77859   70.372335   16.606882   14.216511    2.390372   49.860866    0.000000    0.000000    0.000000    0.000000    0.000000    0.000000
  -1.77259   70.578618   16.836042   14.453303    2.382739   50.242377    0.000000    0.000000    0.000000    0.000000    0.000000    0.000000
  -1.76659   70.750907   17.080224   14.704042    2.376182   50.597213    0.000000    0.000000    0.000000    0.000000    0.000000    0.000000
  -1.76059   70.880475   17.337738   14.967022    2.370716   50.917656    0.000000    0.000000    0.000000    0.000000    0.000000    0.000000
  -1.75458   70.956797   17.605194   15.238913    2.366281   51.194409    0.000000    0.000000    0.000000    0.000000    0.000000    0.000000
  -1.74858   70.968133   17.877576   15.514822    2.362754   51.416971    0.000000    0.000000    0.000000    0.000000    0.000000    0.000000
  -1.74258   70.902347   18.148490   15.788519    2.359971   51.574230    0.000000    0.000000    0.000000    0.000000    0.000000    0.000000
  -1.73658   70.747904   18.410547   16.052799    2.357748   51.655237    0.000000    0.000000    0.000000    0.000000    0.000000    0.000000
  -1.73058   70.494928   18.655854   16.299953    2.355901   51.650077    0.000000    0.000000    0.000000    0.000000    0.000000    0.000000
  -1.72457   70.136210   18.876547   16.522276    2.354271   51.550739    0.000000    0.000000    0.000000    0.000000    0.000000    0.000000
  -1.71857   69.668034   19.065302   16.712574    2.352727   51.351885    0.000000    0.000000    0.000000    0.000000    0.000000    0.000000
  -1.71257   69.090706   19.215768   16.864593    2.351175   51.051402    0.000000    0.000000    0.000000    0.000000    0.000000    0.000000
  -1.70657   68.408719   19.322889   16.973339    2.349550   50.650686    0.000000    0.000000    0.000000    0.000000    0.000000    0.000000
  -1.70057   67.630513   19.383086   17.035279    2.347807   50.154596    0.000000    0.000000    0.000000    0.000000    0.000000    0.000000
  -1.69456   66.767868   19.394311   17.048402    2.345909   49.571112    0.000000    0.000000    0.000000    0.000000    0.000000    0.000000
  -1.68856   65.835016   19.355996   17.012182    2.343813   48.910745    0.000000    0.000000    0.000000    0.000000    0.000000    0.000000
  -1.68256   64.847587   19.268943   16.927474    2.341470   48.185781    0.000000    0.000000    0.000000    0.000000    0.000000    0.000000
  -1.67656   63.821551   19.135194   16.796374    2.338820   47.409487    0.000000    0.000000    0.000000    0.000000    0.000000    0.000000
  -1.67056   62.772261   18.957913   16.622099    2.335814   46.595355    0.000000    0.000000    0.000000    0.000000    0.000000    0.000000
  -1.66455   61.713733   18.741305   16.408882    2.332423   45.756488    0.000000    0.000000    0.000000    0.000000    0.000000    0.000000
  -1.65855   60.658194   18.490577   16.161905    2.328672   44.905167    0.000000    0.000000    0.000000    0.000000    0.000000    0.000000
  -1.65255   59.615893   18.211908   15.887254    2.324653   44.052594    0.000000    0.000000    0.000000    0.000000    0.000000    0.000000
  -1.64655   58.595141   17.912402   15.591859    2.320543   43.208786    0.000000    0.000000    0.000000    0.000000    0.000000    0.000000
  -1.64055   57.602467   17.599993   15.283395    2.316598   42.382566    0.000000    0.000000    0.000000    0.000000    0.000000    0.000000
  -1.63454   56.642803   17.283259   14.970122    2.313137   41.581568    0.000000    0.000000    0.000000    0.000000    0.000000    0.000000
  -1.62854   55.719619   16.971132   14.660632    2.310500   40.812210    0.000000    0.000000    0.000000    0.000000    0.000000    0.000000
  -1.62254   54.834946   16.672514   14.363513    2.309001   40.079604    0.000000    0.000000    0.000000    0.000000    0.000000    0.000000
  -1.61654   53.989293   16.395818   14.086956    2.308862   39.387388    0.000000    0.000000    0.000000    0.000000    0.000000    0.000000
  -1.61054   53.181492   16.148483   13.838321    2.310161   38.737532    0.000000    0.000000    0.000000    0.000000    0.000000    0.000000
  -1.60453   52.408556   15.936518   13.623730    2.312788   38.130148    0.000000    0.000000    0.000000    0.000000    0.000000    0.000000
  -1.59853   51.665630   15.764139   13.447718    2.316420   37.563402    0.000000    0.000000    0.000000    0.000000    0.000000    0.000000
  -1.59253   50.946120   15.633527   13.312995    2.320532   37.033548    0.000000    0.000000    0.000000    0.000000    0.000000    0.000000
  -1.58653   50.242040   15.544765   13.220334    2.324430   36.535153    0.000000    0.000000    0.000000    0.000000    0.000000    0.000000
  -1.58053   49.544582   15.495932   13.168612    2.327321   36.061493    0.000000    0.000000    0.000000    0.000000    0.000000    0.000000
  -1.57452   48.844845   15.483357   13.154970    2.328387   35.605090    0.000000    0.000000    0.000000    0.000000    0.000000    0.000000
  -1.56852   48.134636   15.501969   13.175088    2.326880   35.158325    0.000000    0.000000    0.000000    0.000000    0.000000    0.000000
  -1.56252   47.407212   15.545714   13.223513    2.322200   34.714033    0.000000    0.000000    0.000000    0.000000    0.000000    0.000000
  -1.55652   46.657831   15.607963   13.294009    2.313954   34.265986    0.000000    0.000000    0.000000    0.000000    0.000000    0.000000
  -1.55052   45.884023   15.681866   13.379880    2.301986   33.809198    0.000000    0.000000    0.000000    0.000000    0.000000    0.000000
  -1.54451   45.085506   15.760615   13.474236    2.286379   33.339996    0.000000    0.000000    0.000000    0.000000    0.000000    0.000000
  -1.53851   44.263762   15.837599   13.570186    2.267413   32.855855    0.000000    0.000000    0.000000    0.000000    0.000000    0.000000
  -1.53251   43.421333   15.906463   13.660961    2.245503   32.355036    0.000000    0.000000    0.000000    0.000000    0.000000    0.000000
  -1.52651   42.560949   15.961088   13.739972    2.221115   31.836102    0.000000    0.000000    0.000000    0.000000    0.000000    0.000000
  -1.52051   41.684634   15.995535   13.800850    2.194685   31.297405    0.000000    0.000000    0.000000    0.000000    0.000000    0.000000
  -1.51450   40.792948   16.004005   13.837469    2.166536   30.736648    0.000000    0.000000    0.000000    0.000000    0.000000    0.000000
  -1.50850   39.884485   15.980832   13.844014    2.136817   30.150609    0.000000    0.000000    0.000000    0.000000    0.000000    0.000000
  -1.50250   38.955724   15.920561   13.815084    2.105477   29.535090    0.000000    0.000000    0.000000    0.000000    0.000000    0.000000
  -1.49650   38.001262   15.818103   13.745851    2.072252   28.885103    0.000000    0.000000    0.000000    0.000000    0.000000    0.000000
  -1.49050   37.014403   15.668965   13.632267    2.036699   28.195283    0.000000    0.000000    0.000000    0.000000    0.000000    0.000000
  -1.48449   35.988013   15.469524   13.471283    1.998241   27.460467    0.000000    0.000000    0.000000    0.000000    0.000000    0.000000
  -1.47849   34.915526   15.217307   13.261069    1.956238   26.676335    0.000000    0.000000    0.000000    0.000000    0.000000    0.000000
  -1.47249   33.791947   14.911241   13.001173    1.910067   25.840051    0.000000    0.000000    0.000000    0.000000    0.000000    0.000000
  -1.46649   32.614722   14.551806   12.692611    1.859195   24.950763    0.000000    0.000000    0.000000    0.000000    0.000000    0.000000
  -1.46049   31.384341   14.141090   12.337840    1.803250   24.009928    0.000000    0.000000    0.000000    0.000000    0.000000    0.000000
  -1.45448   30.104608   13.682699   11.940627    1.742071   23.021380    0.000000    0.000000    0.000000    0.000000    0.000000    0.000000
  -1.44848   28.782529   13.181538   11.505799    1.675739   21.991149    0.000000    0.000000    0.000000    0.000000    0.000000    0.000000
  -1.44248   27.427861   12.643492   11.038910    1.604582   20.927059    0.000000    0.000000    0.000000    0.000000    0.000000    0.000000
  -1.43648   26.052358   12.075019   10.545863    1.529157   19.838149    0.000000    0.000000    0.000000    0.000000    0.000000    0.000000
  -1.43048   24.668846   11.482737   10.032529    1.450208   18.734014    0.000000    0.000000    0.000000    0.000000    0.000000    0.000000
  -1.42447   23.290225   10.873033    9.504415    1.368618   17.624151    0.000000    0.000000    0.000000    0.000000    0.000000    0.000000
  -1.41847   21.928529   10.251761    8.966419    1.285341   16.517397    0.000000    0.000000    0.000000    0.000000    0.000000    0.000000
  -1.41247   20.594154    9.624046    8.422705    1.201342   15.421523    0.000000    0.000000    0.000000    0.000000    0.000000    0.000000
  -1.40647   19.295335    8.994238    7.876700    1.117538   14.343028    0.000000    0.000000    0.000000    0.000000    0.000000    0.000000
  -1.40047   18.037906    8.365975    7.331216    1.034759   13.287130    0.000000    0.000000    0.000000    0.000000    0.000000    0.000000
  -1.39446   16.825361    7.742367    6.788649    0.953718   12.257940    0.000000    0.000000    0.000000    0.000000    0.000000    0.000000
  -1.38846   15.659171    7.126231    6.251229    0.875001   11.258752    0.000000    0.000000    0.000000    0.000000    0.000000    0.000000
  -1.38246   14.539303    6.520340    5.721266    0.799075   10.292398    0.000000    0.000000    0.000000    0.000000    0.000000    0.000000
  -1.37646   13.464864    5.927645    5.201342    0.726303    9.361584    0.000000    0.000000    0.000000    0.000000    0.000000    0.000000
  -1.37046   12.434768    5.351408    4.694432    0.656975    8.469166    0.000000    0.000000    0.000000    0.000000    0.000000    0.000000
  -1.36445   11.448359    4.795245    4.203915    0.591330    7.618299    0.000000    0.000000    0.000000    0.000000    0.000000    0.000000
  -1.35845   10.505905    4.263061    3.733481    0.529580    6.812473    0.000000    0.000000    0.000000    0.000000    0.000000    0.000000
  -1.35245    9.608910    3.758891    3.286962    0.471929    6.055405    0.000000    0.000000    0.000000    0.000000    0.000000    0.000000
  -1.34645    8.760208    3.286668    2.868092    0.418576    5.350835    0.000000    0.000000    0.000000    0.000000    0.000000    0.000000
  -1.34045    7.963834    2.849964    2.480252    0.369713    4.702253    0.000000    0.000000    0.000000    0.000000    0.000000    0.000000
  -1.33444    7.224678    2.451732    2.126224    0.325508    4.112591    0.000000    0.000000    0.000000    0.000000    0.000000    0.000000
  -1.32844    6.547967    2.094081    1.807989    0.286091    3.583932    0.000000    0.000000    0.000000    0.000000    0.000000    0.000000
  -1.32244    5.938627    1.778117    1.526587    0.251530    3.117265    0.000000    0.000000    0.000000    0.000000    0.000000    0.000000
  -1.31644    5.400605    1.503865    1.282058    0.221807    2.712307    0.000000    0.000000    0.000000    0.000000    0.000000    0.000000
  -1.31044    4.936220    1.270261    1.073455    0.196806    2.367419    0.000000    0.000000    0.000000    0.000000    0.000000    0.000000
  -1.30443    4.545650    1.075237    0.898934    0.176303    2.079613    0.000000    0.000000    0.000000    0.000000    0.000000    0.000000
  -1.29843    4.226592    0.915855    0.755892    0.159963    1.844655    0.000000    0.000000    0.000000    0.000000    0.000000    0.000000
  -1.29243    3.974187    0.788499    0.641143    0.147355    1.657254    0.000000    0.000000    0.000000    0.000000    0.000000    0.000000
  -1.28643    3.781204    0.689095    0.551127    0.137969    1.511321    0.000000    0.000000    0.000000    0.000000    0.000000    0.000000
  -1.28043    3.638489    0.613342    0.482101    0.131241    1.400288    0.000000    0.000000    0.000000    0.000000    0.000000    0.000000
  -1.27442    3.535635    0.556937    0.430343    0.126594    1.317451    0.000000    0.000000    0.000000    0.000000    0.000000    0.000000
  -1.26842    3.461801    0.515783    0.392317    0.123466    1.256320    0.000000    0.000000    0.000000    0.000000    0.000000    0.000000
  -1.26242    3.406586    0.486166    0.364818    0.121348    1.210949    0.000000    0.000000    0.000000    0.000000    0.000000    0.000000
  -1.25642    3.360858    0.464889    0.345074    0.119816    1.176209    0.000000    0.000000    0.000000    0.000000    0.000000    0.000000
  -1.25042    3.317430    0.449367    0.330815    0.118552    1.147994    0.000000    0.000000    0.000000    0.000000    0.000000    0.000000
  -1.24441    3.271526    0.437664    0.320302    0.117362    1.123327    0.000000    0.000000    0.000000    0.000000    0.000000    0.000000
  -1.23841    3.220960    0.428488    0.312313    0.116175    1.100372    0.000000    0.000000    0.000000    0.000000    0.000000    0.000000
  -1.23241    3.166036    0.421136    0.306100    0.115036    1.078348    0.000000    0.000000    0.000000    0.000000    0.000000    0.000000
  -1.22641    3.109182    0.415406    0.301317    0.114089    1.057355    0.000000    0.000000    0.000000    0.000000    0.000000    0.000000
  -1.22041    3.054387    0.411475    0.297930    0.113545    1.038148    0.000000    0.000000    0.000000    0.000000    0.000000    0.000000
  -1.21440    3.006502    0.409768    0.296112    0.113656    1.021867    0.000000    0.000000    0.000000    0.000000    0.000000    0.000000
  -1.20840    2.970524    0.410816    0.296145    0.114671    1.009777    0.000000    0.000000    0.000000    0.000000    0.000000    0.000000
  -1.20240    2.950944    0.415134    0.298323    0.116811    1.003038    0.000000    0.000000    0.000000    0.000000    0.000000    0.000000
  -1.19640    2.951222    0.423116    0.302880    0.120236    1.002523    0.000000    0.000000    0.000000    0.000000    0.000000    0.000000
  -1.19040    2.973479    0.434959    0.309933    0.125026    1.008717    0.000000    0.000000    0.000000    0.000000    0.000000    0.000000
  -1.18439    3.018383    0.450624    0.319453    0.131171    1.021687    0.000000    0.000000    0.000000    0.000000    0.000000    0.000000
  -1.17839    3.085274    0.469836    0.331267    0.138569    1.041128    0.000000    0.000000    0.000000    0.000000    0.000000    0.000000
  -1.17239    3.172449    0.492112    0.345071    0.147040    1.066468    0.000000    0.000000    0.000000    0.000000    0.000000    0.000000
  -1.16639    3.277589    0.516817    0.360471    0.156346    1.097016    0.000000    0.000000    0.000000    0.000000    0.000000    0.000000
  -1.16039    3.398253    0.543244    0.377030    0.166214    1.132124    0.000000    0.000000    0.000000    0.000000    0.000000    0.000000
  -1.15438    3.532373    0.570690    0.394322    0.176368    1.171357    0.000000    0.000000    0.000000    0.000000    0.000000    0.000000
  -1.14838    3.678694    0.598544    0.411985    0.186559    1.214627    0.000000    0.000000    0.000000    0.000000    0.000000    0.000000
  -1.14238    3.837114    0.626358    0.429763    0.196594    1.262295    0.000000    0.000000    0.000000    0.000000    0.000000    0.000000
  -1.13638    4.008895    0.653900    0.447545    0.206354    1.315222    0.000000    0.000000    0.000000    0.000000    0.000000    0.000000
  -1.13038    4.196710    0.681190    0.465378    0.215812    1.374766    0.000000    0.000000    0.000000    0.000000    0.000000    0.000000
  -1.12437    4.404554    0.708510    0.483475    0.225035    1.442722    0.000000    0.000000    0.000000    0.000000    0.000000    0.000000
  -1.11837    4.637503    0.736386    0.502204    0.234181    1.521211    0.000000    0.000000    0.000000    0.000000    0.000000    0.000000
  -1.11237    4.901352    0.765553    0.522064    0.243489    1.612529    0.000000    0.000000    0.000000    0.000000    0.000000    0.000000
  -1.10637    5.202153    0.796895    0.543640    0.253255    1.718964    0.000000    0.000000    0.000000    0.000000    0.000000    0.000000
  -1.10037    5.545684    0.831371    0.567564    0.263807    1.842585    0.000000    0.000000    0.000000    0.000000    0.000000    0.000000
  -1.09436    5.936878    0.869927    0.594449    0.275478    1.985033    0.000000    0.000000    0.000000    0.000000    0.000000    0.000000
  -1.08836    6.379240    0.913403    0.624832    0.288571    2.147310    0.000000    0.000000    0.000000    0.000000    0.000000    0.000000
  -1.08236    6.874290    0.962438    0.659110    0.303328    2.329595    0.000000    0.000000    0.000000    0.000000    0.000000    0.000000
  -1.07636    7.421062    1.017373    0.697472    0.319900    2.531081    0.000000    0.000000    0.000000    0.000000    0.000000    0.000000
  -1.07036    8.015698    1.078175    0.739851    0.338324    2.749863    0.000000    0.000000    0.000000    0.000000    0.000000    0.000000
  -1.06435    8.651168    1.144369    0.785870    0.358499    2.982879    0.000000    0.000000    0.000000    0.000000    0.000000    0.000000
  -1.05835    9.317159    1.214998    0.834821    0.380177    3.225912    0.000000    0.000000    0.000000    0.000000    0.000000    0.000000
  -1.05235   10.000162    1.288614    0.885653    0.402960    3.473665    0.000000    0.000000    0.000000    0.000000    0.000000    0.000000
  -1.04635   10.683782    1.363302    0.936995    0.426307    3.719908    0.000000    0.000000    0.000000    0.000000    0.000000    0.000000
  -1.04035   11.349288    1.436750    0.987197    0.449553    3.957708    0.000000    0.000000    0.000000    0.000000    0.000000    0.000000
  -1.03434   11.976381    1.506353    1.034411    0.471942    4.179719    0.000000    0.000000    0.000000    0.000000    0.000000    0.000000
  -1.02834   12.544177    1.569348    1.076686    0.492662    4.378536    0.000000    0.000000    0.000000    0.000000    0.000000    0.000000
  -1.02234   13.032322    1.622986    1.112092    0.510895    4.547085    0.000000    0.000000    0.000000    0.000000    0.000000    0.000000
  -1.01634   13.422188    1.664708    1.138844    0.525864    4.679028    0.000000    0.000000    0.000000    0.000000    0.000000    0.000000
  -1.01034   13.698042    1.692323    1.155435    0.536888    4.769147    0.000000    0.000000    0.000000    0.000000    0.000000    0.000000
  -1.00433   13.848093    1.704168    1.160747    0.543422    4.813687    0.000000    0.000000    0.000000    0.000000    0.000000    0.000000
  -0.99833   13.865330    1.699235    1.154141    0.545094    4.810616    0.000000    0.000000    0.000000    0.000000    0.000000    0.000000
  -0.99233   13.748054    1.677251    1.135514    0.541736    4.759786    0.000000    0.000000    0.000000    0.000000    0.000000    0.000000
  -0.98633   13.500078    1.638704    1.105316    0.533388    4.662971    0.000000    0.000000    0.000000    0.000000    0.000000    0.000000
  -0.98033   13.130549    1.584820    1.064519    0.520300    4.523792    0.000000    0.000000    0.000000    0.000000    0.000000    0.000000
  -0.97432   12.653431    1.517473    1.014558    0.502914    4.347516    0.000000    0.000000    0.000000    0.000000    0.000000    0.000000
  -0.96832   12.086687    1.439067    0.957230    0.481837    4.140764    0.000000    0.000000    0.000000    0.000000    0.000000    0.000000
  -0.96232   11.451233    1.352377    0.894574    0.457804    3.911144    0.000000    0.000000    0.000000    0.000000    0.000000    0.000000
  -0.95632   10.769753    1.260378    0.828743    0.431634    3.666829    0.000000    0.000000    0.000000    0.000000    0.000000    0.000000
  -0.95032   10.065460    1.166062    0.761874    0.404188    3.416134    0.000000    0.000000    0.000000    0.000000    0.000000    0.000000
  -0.94431    9.360883    1.072282    0.695965    0.376317    3.167086    0.000000    0.000000    0.000000    0.000000    0.000000    0.000000
  -0.93831    8.676763    0.981600    0.632775    0.348826    2.927045    0.000000    0.000000    0.000000    0.000000    0.000000    0.000000
  -0.93231    8.031095    0.896179    0.573750    0.322430    2.702363    0.000000    0.000000    0.000000    0.000000    0.000000    0.000000
  -0.92631    7.438376    0.817699    0.519973    0.297726    2.498123    0.000000    0.000000    0.000000    0.000000    0.000000    0.000000
  -0.92031    6.909096    0.747318    0.472146    0.275172    2.317951    0.000000    0.000000    0.000000    0.000000    0.000000    0.000000
  -0.91430    6.449487    0.685668    0.430598    0.255070    2.163924    0.000000    0.000000    0.000000    0.000000    0.000000    0.000000
  -0.90830    6.061555    0.632891    0.395320    0.237572    2.036574    0.000000    0.000000    0.000000    0.000000    0.000000    0.000000
  -0.90230    5.743398    0.588705    0.366018    0.222687    1.934988    0.000000    0.000000    0.000000    0.000000    0.000000    0.000000
  -0.89630    5.489805    0.552494    0.342186    0.210308    1.857016    0.000000    0.000000    0.000000    0.000000    0.000000    0.000000
  -0.89030    5.293085    0.523427    0.323187    0.200240    1.799560    0.000000    0.000000    0.000000    0.000000    0.000000    0.000000
  -0.88429    5.144078    0.500576    0.308332    0.192244    1.758932    0.000000    0.000000    0.000000    0.000000    0.000000    0.000000
  -0.87829    5.033246    0.483034    0.296966    0.186069    1.731248    0.000000    0.000000    0.000000    0.000000    0.000000    0.000000
  -0.87229    4.951745    0.470021    0.288526    0.181495    1.712821    0.000000    0.000000    0.000000    0.000000    0.000000    0.000000
  -0.86629    4.892345    0.460956    0.282595    0.178360    1.700509    0.000000    0.000000    0.000000    0.000000    0.000000    0.000000
  -0.86029    4.850096    0.455495    0.278920    0.176575    1.691981    0.000000    0.000000    0.000000    0.000000    0.000000    0.000000
  -0.85428    4.822646    0.453534    0.277408    0.176125    1.685862    0.000000    0.000000    0.000000    0.000000    0.000000    0.000000
  -0.84828    4.810166    0.455155    0.278098    0.177057    1.681742    0.000000    0.000000    0.000000    0.000000    0.000000    0.000000
  -0.84228    4.814893    0.460554    0.281107    0.179447    1.680050    0.000000    0.000000    0.000000    0.000000    0.000000    0.000000
  -0.83628    4.840355    0.469932    0.286563    0.183369    1.681809    0.000000    0.000000    0.000000    0.000000    0.000000    0.000000
  -0.83028    4.890389    0.483390    0.294541    0.188849    1.688308    0.000000    0.000000    0.000000    0.000000    0.000000    0.000000
  -0.82427    4.968102    0.500823    0.304993    0.195830    1.700751    0.000000    0.000000    0.000000    0.000000    0.000000    0.000000
  -0.81827    5.074941    0.521850    0.317708    0.204142    1.719923    0.000000    0.000000    0.000000    0.000000    0.000000    0.000000
  -0.81227    5.210012    0.545781    0.332286    0.213495    1.745941    0.000000    0.000000    0.000000    0.000000    0.000000    0.000000
  -0.80627    5.369762    0.571631    0.348153    0.223477    1.778112    0.000000    0.000000    0.000000    0.000000    0.000000    0.000000
  -0.80027    5.548076    0.598185    0.364596    0.233589    1.814937    0.000000    0.000000    0.000000    0.000000    0.000000    0.000000
  -0.79426    5.736763    0.624102    0.380823    0.243279    1.854244    0.000000    0.000000    0.000000    0.000000    0.000000    0.000000
  -0.78826    5.926379    0.648038    0.396043    0.251995    1.893428    0.000000    0.000000    0.000000    0.000000    0.000000    0.000000
  -0.78226    6.107219    0.668783    0.409542    0.259241    1.929769    0.000000    0.000000    0.000000    0.000000    0.000000    0.000000
  -0.77626    6.270361    0.685383    0.420756    0.264627    1.960757    0.000000    0.000000    0.000000    0.000000    0.000000    0.000000
  -0.77026    6.408572    0.697225    0.429321    0.267905    1.984390    0.000000    0.000000    0.000000    0.000000    0.000000    0.000000
  -0.76425    6.516956    0.704084    0.435095    0.268989    1.999383    0.000000    0.000000    0.000000    0.000000    0.000000    0.000000
  -0.75825    6.593258    0.706112    0.438152    0.267960    2.005277    0.000000    0.000000    0.000000    0.000000    0.000000    0.000000
  -0.75225    6.637788    0.703788    0.438745    0.265043    2.002416    0.000000    0.000000    0.000000    0.000000    0.000000    0.000000
  -0.74625    6.653004    0.697822    0.437250    0.260572    1.991826    0.000000    0.000000    0.000000    0.000000    0.000000    0.000000
  -0.74025    6.642847    0.689037    0.434095    0.254943    1.974998    0.000000    0.000000    0.000000    0.000000    0.000000    0.000000
  -0.73424    6.611937    0.678255    0.429687    0.248568    1.953638    0.000000    0.000000    0.000000    0.000000    0.000000    0.000000
  -0.72824    6.564784    0.666182    0.424359    0.241823    1.929403    0.000000    0.000000    0.000000    0.000000    0.000000    0.000000
  -0.72224    6.505121    0.653339    0.418323    0.235016    1.903682    0.000000    0.000000    0.000000    0.000000    0.000000    0.000000
  -0.71624    6.435465    0.640021    0.411658    0.228363    1.877438    0.000000    0.000000    0.000000    0.000000    0.000000    0.000000
  -0.71024    6.356953    0.626304    0.404322    0.221982    1.851141    0.000000    0.000000    0.000000    0.000000    0.000000    0.000000
  -0.70423    6.269460    0.612094    0.396189    0.215904    1.824777    0.000000    0.000000    0.000000    0.000000    0.000000    0.000000
  -0.69823    6.171954    0.597202    0.387101    0.210101    1.797944    0.000000    0.000000    0.000000    0.000000    0.000000    0.000000
  -0.69223    6.063016    0.581446    0.376929    0.204516    1.769995    0.000000    0.000000    0.000000    0.000000    0.000000    0.000000
  -0.68623    5.941438    0.564749    0.365642    0.199107    1.740211    0.000000    0.000000    0.000000    0.000000    0.000000    0.000000
  -0.68023    5.806800    0.547232    0.353351    0.193881    1.707987    0.000000    0.000000    0.000000    0.000000    0.000000    0.000000
  -0.67422    5.659945    0.529276    0.340349    0.188927    1.672983    0.000000    0.000000    0.000000    0.000000    0.000000    0.000000
  -0.66822    5.503287    0.511560    0.327126    0.184434    1.635247    0.000000    0.000000    0.000000    0.000000    0.000000    0.000000
  -0.66222    5.340920    0.495054    0.314353    0.180701    1.595281    0.000000    0.000000    0.000000    0.000000    0.000000    0.000000
  -0.65622    5.178506    0.480973    0.302852    0.178120    1.554055    0.000000    0.000000    0.000000    0.000000    0.000000    0.000000
  -0.65022    5.022964    0.470701    0.293540    0.177162    1.512953    0.000000    0.000000    0.000000    0.000000    0.000000    0.000000
  -0.64421    4.881974    0.465684    0.287358    0.178326    1.473682    0.000000    0.000000    0.000000    0.000000    0.000000    0.000000
  -0.63821    4.763358    0.467295    0.285191    0.182104    1.438123    0.000000    0.000000    0.000000    0.000000    0.000000    0.000000
  -0.63221    4.674375    0.476706    0.287788    0.188917    1.408157    0.000000    0.000000    0.000000    0.000000    0.000000    0.000000
  -0.62621    4.621001    0.494746    0.295681    0.199064    1.385471    0.000000    0.000000    0.000000    0.000000    0.000000    0.000000
  -0.62021    4.607256    0.521789    0.309117    0.212673    1.371365    0.000000    0.000000    0.000000    0.000000    0.000000    0.000000
  -0.61420    4.634645    0.557661    0.328007    0.229654    1.366578    0.000000    0.000000    0.000000    0.000000    0.000000    0.000000
  -0.60820    4.701781    0.601584    0.351899    0.249684    1.371152    0.000000    0.000000    0.000000    0.000000    0.000000    0.000000
  -0.60220    4.804240    0.652169    0.379978    0.272191    1.384352    0.000000    0.000000    0.000000    0.000000    0.000000    0.000000
  -0.59620    4.934685    0.707461    0.411088    0.296372    1.404657    0.000000    0.000000    0.000000    0.000000    0.000000    0.000000
  -0.59020    5.083285    0.765031    0.443797    0.321234    1.429835    0.000000    0.000000    0.000000    0.000000    0.000000    0.000000
  -0.58419    5.238408    0.822119    0.476473    0.345647    1.457091    0.000000    0.000000    0.000000    0.000000    0.000000    0.000000
  -0.57819    5.387543    0.875820    0.507399    0.368420    1.483285    0.000000    0.000000    0.000000    0.000000    0.000000    0.000000
  -0.57219    5.518385    0.923285    0.534893    0.388392    1.505208    0.000000    0.000000    0.000000    0.000000    0.000000    0.000000
  -0.56619    5.619971    0.961944    0.557428    0.404516    1.519877    0.000000    0.000000    0.000000    0.000000    0.000000    0.000000
  -0.56019    5.683763    0.989705    0.573759    0.415946    1.524827    0.000000    0.000000    0.000000    0.000000    0.000000    0.000000
  -0.55418    5.704545    1.005125    0.583016    0.422109    1.518365    0.000000    0.000000    0.000000    0.000000    0.000000    0.000000
  -0.54818    5.681040    1.007528    0.584776    0.422752    1.499750    0.000000    0.000000    0.000000    0.000000    0.000000    0.000000
  -0.54218    5.616153    0.997058    0.579091    0.417967    1.469290    0.000000    0.000000    0.000000    0.000000    0.000000    0.000000
  -0.53618    5.516799    0.974657    0.566476    0.408181    1.428323    0.000000    0.000000    0.000000    0.000000    0.000000    0.000000
  -0.53018    5.393320    0.941973    0.547856    0.394117    1.379103    0.000000    0.000000    0.000000    0.000000    0.000000    0.000000
  -0.52417    5.258536    0.901201    0.524474    0.376727    1.324577    0.000000    0.000000    0.000000    0.000000    0.000000    0.000000
  -0.51817    5.126527    0.854883    0.497771    0.357112    1.268104    0.000000    0.000000    0.000000    0.000000    0.000000    0.000000
  -0.51217    5.011270    0.805678    0.469257    0.336421    1.213128    0.000000    0.000000    0.000000    0.000000    0.000000    0.000000
  -0.50617    4.925273    0.756134    0.440377    0.315756    1.162840    0.000000    0.000000    0.000000    0.000000    0.000000    0.000000
  -0.50017    4.878359    0.708484    0.412397    0.296087    1.119888    0.000000    0.000000    0.000000    0.000000    0.000000    0.000000
  -0.49416    4.876723    0.664491    0.386311    0.278180    1.086139    0.000000    0.000000    0.000000    0.000000    0.000000    0.000000
  -0.48816    4.922346    0.625345    0.362792    0.262553    1.062531    0.000000    0.000000    0.000000    0.000000    0.000000    0.000000
  -0.48216    5.012840    0.591631    0.342172    0.249459    1.049029    0.000000    0.000000    0.000000    0.000000    0.000000    0.000000
  -0.47616    5.141695    0.563356    0.324463    0.238893    1.044670    0.000000    0.000000    0.000000    0.000000    0.000000    0.000000
  -0.47016    5.298912    0.540035    0.309408    0.230627    1.047703    0.000000    0.000000    0.000000    0.000000    0.000000    0.000000
  -0.46415    5.471911    0.520806    0.296552    0.224255    1.055792    0.000000    0.000000    0.000000    0.000000    0.000000    0.000000
  -0.45815    5.646629    0.504580    0.285322    0.219257    1.066256    0.000000    0.000000    0.000000    0.000000    0.000000    0.000000
  -0.45215    5.808674    0.490174    0.275112    0.215062    1.076324    0.000000    0.000000    0.000000    0.000000    0.000000    0.000000
  -0.44615    5.944416    0.476452    0.265347    0.211105    1.083372    0.000000    0.000000    0.000000    0.000000    0.000000    0.000000
  -0.44015    6.041942    0.462422    0.255542    0.206880    1.085123    0.000000    0.000000    0.000000    0.000000    0.000000    0.000000
  -0.43414    6.091776    0.447309    0.245334    0.201975    1.079796    0.000000    0.000000    0.000000    0.000000    0.000000    0.000000
  -0.42814    6.087345    0.430594    0.234494    0.196100    1.066194    0.000000    0.000000    0.000000    0.000000    0.000000    0.000000
  -0.42214    6.025192    0.412017    0.222927    0.189090    1.043733    0.000000    0.000000    0.000000    0.000000    0.000000    0.000000
  -0.41614    5.904934    0.391555    0.210650    0.180905    1.012419    0.000000    0.000000    0.000000    0.000000    0.000000    0.000000
  -0.41014    5.729043    0.369383    0.197771    0.171613    0.972784    0.000000    0.000000    0.000000    0.000000    0.000000    0.000000
  -0.40413    5.502479    0.345828    0.184456    0.161372    0.925795    0.000000    0.000000    0.000000    0.000000    0.000000    0.000000
  -0.39813    5.232237    0.321312    0.170905    0.150407    0.872749    0.000000    0.000000    0.000000    0.000000    0.000000    0.000000
  -0.39213    4.926869    0.296311    0.157330    0.138981    0.815167    0.000000    0.000000    0.000000    0.000000    0.000000    0.000000
  -0.38613    4.595992    0.271314    0.143937    0.127377    0.754692    0.000000    0.000000    0.000000    0.000000    0.000000    0.000000
  -0.38013    4.249833    0.246794    0.130918    0.115876    0.693003    0.000000    0.000000    0.000000    0.000000    0.000000    0.000000
  -0.37412    3.898799    0.223190    0.118446    0.104743    0.631745    0.000000    0.000000    0.000000    0.000000    0.000000    0.000000
  -0.36812    3.553080    0.200894    0.106675    0.094218    0.572466    0.000000    0.000000    0.000000    0.000000    0.000000    0.000000
  -0.36212    3.222293    0.180245    0.095741    0.084504    0.516575    0.000000    0.000000    0.000000    0.000000    0.000000    0.000000
  -0.35612    2.915156    0.161529    0.085764    0.075765    0.465301    0.000000    0.000000    0.000000    0.000000    0.000000    0.000000
  -0.35012    2.639211    0.144974    0.076851    0.068123    0.419670    0.000000    0.000000    0.000000    0.000000    0.000000    0.000000
  -0.34411    2.400602    0.130753    0.069093    0.061661    0.380484    0.000000    0.000000    0.000000    0.000000    0.000000    0.000000
  -0.33811    2.203929    0.118982    0.062565    0.056418    0.348312    0.000000    0.000000    0.000000    0.000000    0.000000    0.000000
  -0.33211    2.052188    0.109724    0.057326    0.052398    0.323493    0.000000    0.000000    0.000000    0.000000    0.000000    0.000000
  -0.32611    1.946809    0.102988    0.053417    0.049571    0.306146    0.000000    0.000000    0.000000    0.000000    0.000000    0.000000
  -0.32011    1.887786    0.098737    0.050856    0.047881    0.296195    0.000000    0.000000    0.000000    0.000000    0.000000    0.000000
  -0.31410    1.873874    0.096895    0.049644    0.047251    0.293404    0.000000    0.000000    0.000000    0.000000    0.000000    0.000000
  -0.30810    1.902837    0.097353    0.049759    0.047594    0.297408    0.000000    0.000000    0.000000    0.000000    0.000000    0.000000
  -0.30210    1.971688    0.099981    0.051166    0.048816    0.307758    0.000000    0.000000    0.000000    0.000000    0.000000    0.000000
  -0.29610    2.076907    0.104634    0.053808    0.050826    0.323946    0.000000    0.000000    0.000000    0.000000    0.000000    0.000000
  -0.29010    2.214577    0.111154    0.057615    0.053539    0.345431    0.000000    0.000000    0.000000    0.000000    0.000000    0.000000
  -0.28409    2.380455    0.119375    0.062498    0.056877    0.371646    0.000000    0.000000    0.000000    0.000000    0.000000    0.000000
  -0.27809    2.569949    0.129121    0.068349    0.060772    0.401991    0.000000    0.000000    0.000000    0.000000    0.000000    0.000000
  -0.27209    2.778063    0.140197    0.075040    0.065157    0.435827    0.000000    0.000000    0.000000    0.000000    0.000000    0.000000
  -0.26609    2.999318    0.152389    0.082421    0.069967    0.472455    0.000000    0.000000    0.000000    0.000000    0.000000    0.000000
  -0.26009    3.227721    0.165455    0.090320    0.075135    0.511110    0.000000    0.000000    0.000000    0.000000    0.000000    0.000000
  -0.25408    3.456827    0.179132    0.098546    0.080586    0.550954    0.000000    0.000000    0.000000    0.000000    0.000000    0.000000
  -0.24808    3.679911    0.193135    0.106897    0.086239    0.591101    0.000000    0.000000    0.000000    0.000000    0.000000    0.000000
  -0.24208    3.890287    0.207178    0.115169    0.092009    0.630650    0.000000    0.000000    0.000000    0.000000    0.000000    0.000000
  -0.23608    4.081729    0.220987    0.123173    0.097814    0.668736    0.000000    0.000000    0.000000    0.000000    0.000000    0.000000
  -0.23008    4.248977    0.234331    0.130748    0.103583    0.704602    0.000000    0.000000    0.000000    0.000000    0.000000    0.000000
  -0.22407    4.388236    0.247045    0.137782    0.109262    0.737665    0.000000    0.000000    0.000000    0.000000    0.000000    0.000000
  -0.21807    4.497625    0.259056    0.144225    0.114831    0.767580    0.000000    0.000000    0.000000    0.000000    0.000000    0.000000
  -0.21207    4.577480    0.270400    0.150096    0.120304    0.794289    0.000000    0.000000    0.000000    0.000000    0.000000    0.000000
  -0.20607    4.630464    0.281233    0.155497    0.125736    0.818043    0.000000    0.000000    0.000000    0.000000    0.000000    0.000000
  -0.20007    4.661464    0.291828    0.160603    0.131225    0.839396    0.000000    0.000000    0.000000    0.000000    0.000000    0.000000
  -0.19406    4.677262    0.302556    0.165655    0.136901    0.859167    0.000000    0.000000    0.000000    0.000000    0.000000    0.000000
  -0.18806    4.686016    0.313864    0.170943    0.142921    0.878376    0.000000    0.000000    0.000000    0.000000    0.000000    0.000000
  -0.18206    4.696614    0.326234    0.176784    0.149450    0.898159    0.000000    0.000000    0.000000    0.000000    0.000000    0.000000
  -0.17606    4.717963    0.340140    0.183491    0.156649    0.919671    0.000000    0.000000    0.000000    0.000000    0.000000    0.000000
  -0.17006    4.758297    0.356005    0.191349    0.164656    0.943988    0.000000    0.000000    0.000000    0.000000    0.000000    0.000000
  -0.16405    4.824566    0.374161    0.200586    0.173575    0.972013    0.000000    0.000000    0.000000    0.000000    0.000000    0.000000
  -0.15805    4.921967    0.394809    0.211351    0.183458    1.004404    0.000000    0.000000    0.000000    0.000000    0.000000    0.000000
  -0.15205    5.053651    0.418000    0.223693    0.194307    1.041524    0.000000    0.000000    0.000000    0.000000    0.000000    0.000000
  -0.14605    5.220612    0.443628    0.237560    0.206068    1.083409    0.000000    0.000000    0.000000    0.000000    0.000000    0.000000
  -0.14005    5.421756    0.471426    0.252787    0.218639    1.129772    0.000000    0.000000    0.000000    0.000000    0.000000    0.000000
  -0.13404    5.654129    0.500993    0.269116    0.231877    1.180034    0.000000    0.000000    0.000000    0.000000    0.000000    0.000000
  -0.12804    5.913271    0.531823    0.286205    0.245618    1.233371    0.000000    0.000000    0.000000    0.000000    0.000000    0.000000
  -0.12204    6.193658    0.563344    0.303656    0.259689    1.288787    0.000000    0.000000    0.000000    0.000000    0.000000    0.000000
  -0.11604    6.489190    0.594969    0.321044    0.273925    1.345197    0.000000    0.000000    0.000000    0.000000    0.000000    0.000000
  -0.11004    6.793697    0.626140    0.337952    0.288188    1.401519    0.000000    0.000000    0.000000    0.000000    0.000000    0.000000
  -0.10403    7.101407    0.656376    0.354003    0.302373    1.456758    0.000000    0.000000    0.000000    0.000000    0.000000    0.000000
  -0.09803    7.407349    0.685304    0.368890    0.316414    1.510089    0.000000    0.000000    0.000000    0.000000    0.000000    0.000000
  -0.09203    7.707665    0.712681    0.382397    0.330284    1.560911    0.000000    0.000000    0.000000    0.000000    0.000000    0.000000
  -0.08603    7.999782    0.738397    0.394411    0.343985    1.608880    0.000000    0.000000    0.000000    0.000000    0.000000    0.000000
  -0.08003    8.282444    0.762457    0.404924    0.357533    1.653911    0.000000    0.000000    0.000000    0.000000    0.000000    0.000000
  -0.07402    8.555593    0.784952    0.414016    0.370936    1.696144    0.000000    0.000000    0.000000    0.000000    0.000000    0.000000
  -0.06802    8.820107    0.806009    0.421835    0.384174    1.735886    0.000000    0.000000    0.000000    0.000000    0.000000    0.000000
  -0.06202    9.077429    0.825741    0.428562    0.397178    1.773524    0.000000    0.000000    0.000000    0.000000    0.000000    0.000000
  -0.05602    9.329142    0.844194    0.434378    0.409816    1.809435    0.000000    0.000000    0.000000    0.000000    0.000000    0.000000
  -0.05002    9.576533    0.861308    0.439427    0.421881    1.843890    0.000000    0.000000    0.000000    0.000000    0.000000    0.000000
  -0.04401    9.820231    0.876892    0.443791    0.433101    1.876976    0.000000    0.000000    0.000000    0.000000    0.000000    0.000000
  -0.03801   10.059959    0.890625    0.447474    0.443150    1.908554    0.000000    0.000000    0.000000    0.000000    0.000000    0.000000
  -0.03201   10.294465    0.902077    0.450400    0.451676    1.938245    0.000000    0.000000    0.000000    0.000000    0.000000    0.000000
  -0.02601   10.521629    0.910759    0.452423    0.458336    1.965458    0.000000    0.000000    0.000000    0.000000    0.000000    0.000000
  -0.02001   10.738765    0.916189    0.453354    0.462835    1.989462    0.000000    0.000000    0.000000    0.000000    0.000000    0.000000
  -0.01400   10.943053    0.917958    0.452991    0.464967    2.009481    0.000000    0.000000    0.000000    0.000000    0.000000    0.000000
  -0.00800   11.132070    0.915809    0.451160    0.464649    2.024810    0.000000    0.000000    0.000000    0.000000    0.000000    0.000000
  -0.00200   11.304310    0.909688    0.447747    0.461941    2.034925    0.000000    0.000000    0.000000    0.000000    0.000000    0.000000
   0.00400   11.459626    0.899786    0.442726    0.457060    2.039583    0.000000    0.000000    0.000000    0.000000    0.000000    0.000000
   0.01000   11.599506    0.886544    0.436175    0.450369    2.038885    0.000000    0.000000    0.000000    0.000000    0.000000    0.000000
   0.01601   11.727119    0.870638    0.428283    0.442355    2.033301    0.000000    0.000000    0.000000    0.000000    0.000000    0.000000
   0.02201   11.847092    0.852923    0.419334    0.433589    2.023644    0.000000    0.000000    0.000000    0.000000    0.000000    0.000000
   0.02801   11.965026    0.834371    0.409688    0.424683    2.010995    0.000000    0.000000    0.000000    0.000000    0.000000    0.000000
   0.03401   12.086777    0.815980    0.399749    0.416230    1.996592    0.000000    0.000000    0.000000    0.000000    0.000000    0.000000
   0.04001   12.217594    0.798682    0.389926    0.408756    1.981691    0.000000    0.000000    0.000000    0.000000    0.000000    0.000000
   0.04602   12.361193    0.783263    0.380594    0.402670    1.967415    0.000000    0.000000    0.000000    0.000000    0.000000    0.000000
   0.05202   12.518926    0.770288    0.372060    0.398228    1.954613    0.000000    0.000000    0.000000    0.000000    0.000000    0.000000
   0.05802   12.689127    0.760052    0.364538    0.395514    1.943745    0.000000    0.000000    0.000000    0.000000    0.000000    0.000000
   0.06402   12.866777    0.752558    0.358129    0.394429    1.934811    0.000000    0.000000    0.000000    0.000000    0.000000    0.000000
   0.07002   13.043539    0.747523    0.352815    0.394708    1.927325    0.000000    0.000000    0.000000    0.000000    0.000000    0.000000
   0.07603   13.208193    0.744409    0.348468    0.395941    1.920357    0.000000    0.000000    0.000000    0.000000    0.000000    0.000000
   0.08203   13.347449    0.742480    0.344864    0.397616    1.912612    0.000000    0.000000    0.000000    0.000000    0.000000    0.000000
   0.08803   13.447050    0.740868    0.341707    0.399161    1.902563    0.000000    0.000000    0.000000    0.000000    0.000000    0.000000
   0.09403   13.493042    0.738657    0.338660    0.399997    1.888603    0.000000    0.000000    0.000000    0.000000    0.000000    0.000000
   0.10003   13.473072    0.734961    0.335378    0.399583    1.869213    0.000000    0.000000    0.000000    0.000000    0.000000    0.000000
   0.10604   13.377551    0.728993    0.331534    0.397459    1.843111    0.000000    0.000000    0.000000    0.000000    0.000000    0.000000
   0.11204   13.200564    0.720122    0.326847    0.393275    1.809385    0.000000    0.000000    0.000000    0.000000    0.000000    0.000000
   0.11804   12.940428    0.707917    0.321101    0.386815    1.767576    0.000000    0.000000    0.000000    0.000000    0.000000    0.000000
   0.12404   12.599847    0.692163    0.314160    0.378003    1.717723    0.000000    0.000000    0.000000    0.000000    0.000000    0.000000
   0.13004   12.185680    0.672868    0.305967    0.366900    1.660361    0.000000    0.000000    0.000000    0.000000    0.000000    0.000000
   0.13605   11.708365    0.650243    0.296553    0.353690    1.596471    0.000000    0.000000    0.000000    0.000000    0.000000    0.000000
   0.14205   11.181086    0.624680    0.286019    0.338662    1.527397    0.000000    0.000000    0.000000    0.000000    0.000000    0.000000
   0.14805   10.618783    0.596712    0.274531    0.322181    1.454738    0.000000    0.000000    0.000000    0.000000    0.000000    0.000000
   0.15405   10.037109    0.566968    0.262305    0.304664    1.380230    0.000000    0.000000    0.000000    0.000000    0.000000    0.000000
   0.16005    9.451425    0.536137    0.249586    0.286551    1.305619    0.000000    0.000000    0.000000    0.000000    0.000000    0.000000
   0.16606    8.875917    0.504915    0.236636    0.268279    1.232546    0.000000    0.000000    0.000000    0.000000    0.000000    0.000000
   0.17206    8.322873    0.473970    0.223714    0.250256    1.162448    0.000000    0.000000    0.000000    0.000000    0.000000    0.000000
   0.17806    7.802178    0.443906    0.211059    0.232847    1.096483    0.000000    0.000000    0.000000    0.000000    0.000000    0.000000
   0.18406    7.321020    0.415234    0.198882    0.216352    1.035479    0.000000    0.000000    0.000000    0.000000    0.000000    0.000000
   0.19006    6.883815    0.388355    0.187354    0.201002    0.979915    0.000000    0.000000    0.000000    0.000000    0.000000    0.000000
   0.19607    6.492339    0.363547    0.176598    0.186948    0.929932    0.000000    0.000000    0.000000    0.000000    0.000000    0.000000
   0.20207    6.146026    0.340965    0.166695    0.174270    0.885369    0.000000    0.000000    0.000000    0.000000    0.000000    0.000000
   0.20807    5.842402    0.320651    0.157678    0.162974    0.845823    0.000000    0.000000    0.000000    0.000000    0.000000    0.000000
   0.21407    5.577596    0.302550    0.149542    0.153007    0.810720    0.000000    0.000000    0.000000    0.000000    0.000000    0.000000
   0.22007    5.346876    0.286527    0.142255    0.144272    0.779397    0.000000    0.000000    0.000000    0.000000    0.000000    0.000000
   0.22608    5.145145    0.272397    0.135760    0.136637    0.751170    0.000000    0.000000    0.000000    0.000000    0.000000    0.000000
   0.23208    4.967355    0.259939    0.129987    0.129952    0.725400    0.000000    0.000000    0.000000    0.000000    0.000000    0.000000
   0.23808    4.808800    0.248922    0.124858    0.124064    0.701531    0.000000    0.000000    0.000000    0.000000    0.000000    0.000000
   0.24408    4.665272    0.239117    0.120292    0.118825    0.679111    0.000000    0.000000    0.000000    0.000000    0.000000    0.000000
   0.25008    4.533091    0.230305    0.116206    0.114099    0.657787    0.000000    0.000000    0.000000    0.000000    0.000000    0.000000
   0.25609    4.409035    0.222280    0.112515    0.109764    0.637291    0.000000    0.000000    0.000000    0.000000    0.000000    0.000000
   0.26209    4.290226    0.214849    0.109131    0.105718    0.617405    0.000000    0.000000    0.000000    0.000000    0.000000    0.000000
   0.26809    4.174005    0.207834    0.105963    0.101871    0.597933    0.000000    0.000000    0.000000    0.000000    0.000000    0.000000
   0.27409    4.057862    0.201066    0.102916    0.098150    0.578683    0.000000    0.000000    0.000000    0.000000    0.000000    0.000000
   0.28009    3.939446    0.194392    0.099898    0.094494    0.559449    0.000000    0.000000    0.000000    0.000000    0.000000    0.000000
   0.28610    3.816662    0.187677    0.096821    0.090856    0.540024    0.000000    0.000000    0.000000    0.000000    0.000000    0.000000
   0.29210    3.687850    0.180815    0.093611    0.087204    0.520217    0.000000    0.000000    0.000000    0.000000    0.000000    0.000000
   0.29810    3.552006    0.173734    0.090212    0.083522    0.499886    0.000000    0.000000    0.000000    0.000000    0.000000    0.000000
   0.30410    3.408992    0.166410    0.086597    0.079812    0.478975    0.000000    0.000000    0.000000    0.000000    0.000000    0.000000
   0.31010    3.259696    0.158870    0.082770    0.076100    0.457535    0.000000    0.000000    0.000000    0.000000    0.000000    0.000000
   0.31611    3.106084    0.151195    0.078766    0.072429    0.435750    0.000000    0.000000    0.000000    0.000000    0.000000    0.000000
   0.32211    2.951112    0.143514    0.074654    0.068860    0.413926    0.000000    0.000000    0.000000    0.000000    0.000000    0.000000
   0.32811    2.798504    0.135992    0.070523    0.065469    0.392473    0.000000    0.000000    0.000000    0.000000    0.000000    0.000000
   0.33411    2.652407    0.128815    0.066480    0.062335    0.371866    0.000000    0.000000    0.000000    0.000000    0.000000    0.000000
   0.34011    2.516964    0.122166    0.062632    0.059535    0.352588    0.000000    0.000000    0.000000    0.000000    0.000000    0.000000
   0.34612    2.395868    0.116210    0.059077    0.057132    0.335075    0.000000    0.000000    0.000000    0.000000    0.000000    0.000000
   0.35212    2.291949    0.111066    0.055895    0.055171    0.319661    0.000000    0.000000    0.000000    0.000000    0.000000    0.000000
   0.35812    2.206866    0.106800    0.053134    0.053667    0.306538    0.000000    0.000000    0.000000    0.000000    0.000000    0.000000
   0.36412    2.140932    0.103417    0.050811    0.052606    0.295731    0.000000    0.000000    0.000000    0.000000    0.000000    0.000000
   0.37012    2.093111    0.100858    0.048910    0.051948    0.287104    0.000000    0.000000    0.000000    0.000000    0.000000    0.000000
   0.37613    2.061178    0.099010    0.047387    0.051624    0.280373    0.000000    0.000000    0.000000    0.000000    0.000000    0.000000
   0.38213    2.042023    0.097725    0.046175    0.051550    0.275156    0.000000    0.000000    0.000000    0.000000    0.000000    0.000000
   0.38813    2.032055    0.096833    0.045199    0.051634    0.271022    0.000000    0.000000    0.000000    0.000000    0.000000    0.000000
   0.39413    2.027664    0.096170    0.044381    0.051788    0.267551    0.000000    0.000000    0.000000    0.000000    0.000000    0.000000
   0.40013    2.025668    0.095596    0.043657    0.051939    0.264394    0.000000    0.000000    0.000000    0.000000    0.000000    0.000000
   0.40614    2.023705    0.095013    0.042978    0.052035    0.261315    0.000000    0.000000    0.000000    0.000000    0.000000    0.000000
   0.41214    2.020517    0.094378    0.042323    0.052056    0.258228    0.000000    0.000000    0.000000    0.000000    0.000000    0.000000
   0.41814    2.016103    0.093711    0.041697    0.052013    0.255207    0.000000    0.000000    0.000000    0.000000    0.000000    0.000000
   0.42414    2.011721    0.093089    0.041135    0.051954    0.252478    0.000000    0.000000    0.000000    0.000000    0.000000    0.000000
   0.43014    2.009742    0.092644    0.040691    0.051953    0.250400    0.000000    0.000000    0.000000    0.000000    0.000000    0.000000
   0.43615    2.013387    0.092548    0.040439    0.052109    0.249418    0.000000    0.000000    0.000000    0.000000    0.000000    0.000000
   0.44215    2.026361    0.092996    0.040462    0.052534    0.250023    0.000000    0.000000    0.000000    0.000000    0.000000    0.000000
   0.44815    2.052452    0.094189    0.040844    0.053345    0.252689    0.000000    0.000000    0.000000    0.000000    0.000000    0.000000
   0.45415    2.095109    0.096315    0.041662    0.054653    0.257833    0.000000    0.000000    0.000000    0.000000    0.000000    0.000000
   0.46015    2.157068    0.099532    0.042977    0.056555    0.265762    0.000000    0.000000    0.000000    0.000000    0.000000    0.000000
   0.46616    2.240055    0.103955    0.044831    0.059124    0.276644    0.000000    0.000000    0.000000    0.000000    0.000000    0.000000
   0.47216    2.344589    0.109648    0.047242    0.062406    0.290489    0.000000    0.000000    0.000000    0.000000    0.000000    0.000000
   0.47816    2.469901    0.116617    0.050202    0.066414    0.307143    0.000000    0.000000    0.000000    0.000000    0.000000    0.000000
   0.48416    2.613975    0.124813    0.053681    0.071132    0.326298    0.000000    0.000000    0.000000    0.000000    0.000000    0.000000
   0.49016    2.773687    0.134134    0.057626    0.076508    0.347513    0.000000    0.000000    0.000000    0.000000    0.000000    0.000000
   0.49617    2.945032    0.144430    0.061964    0.082466    0.370242    0.000000    0.000000    0.000000    0.000000    0.000000    0.000000
   0.50217    3.123405    0.155513    0.066611    0.088903    0.393872    0.000000    0.000000    0.000000    0.000000    0.000000    0.000000
   0.50817    3.303903    0.167167    0.071473    0.095694    0.417762    0.000000    0.000000    0.000000    0.000000    0.000000    0.000000
   0.51417    3.481632    0.179155    0.076455    0.102700    0.441277    0.000000    0.000000    0.000000    0.000000    0.000000    0.000000
   0.52017    3.651984    0.191230    0.081460    0.109770    0.463827    0.000000    0.000000    0.000000    0.000000    0.000000    0.000000
   0.52618    3.810877    0.203150    0.086400    0.116750    0.484890    0.000000    0.000000    0.000000    0.000000    0.000000    0.000000
   0.53218    3.954945    0.214682    0.091197    0.123486    0.504043    0.000000    0.000000    0.000000    0.000000    0.000000    0.000000
   0.53818    4.081674    0.225616    0.095784    0.129832    0.520975    0.000000    0.000000    0.000000    0.000000    0.000000    0.000000
   0.54418    4.189490    0.235776    0.100113    0.135664    0.535498    0.000000    0.000000    0.000000    0.000000    0.000000    0.000000
   0.55018    4.277804    0.245031    0.104152    0.140878    0.547556    0.000000    0.000000    0.000000    0.000000    0.000000    0.000000
   0.55619    4.347011    0.253302    0.107893    0.145409    0.557221    0.000000    0.000000    0.000000    0.000000    0.000000    0.000000
   0.56219    4.398473    0.260575    0.111347    0.149228    0.564694    0.000000    0.000000    0.000000    0.000000    0.000000    0.000000
   0.56819    4.434472    0.266906    0.114547    0.152359    0.570294    0.000000    0.000000    0.000000    0.000000    0.000000    0.000000
   0.57419    4.458148    0.272421    0.117550    0.154871    0.574450    0.000000    0.000000    0.000000    0.000000    0.000000    0.000000
   0.58019    4.473419    0.277320    0.120436    0.156884    0.577688    0.000000    0.000000    0.000000    0.000000    0.000000    0.000000
   0.58620    4.484882    0.281868    0.123302    0.158566    0.580614    0.000000    0.000000    0.000000    0.000000    0.000000    0.000000
   0.59220    4.497678    0.286387    0.126267    0.160120    0.583893    0.000000    0.000000    0.000000    0.000000    0.000000    0.000000
   0.59820    4.517315    0.291236    0.129459    0.161777    0.588225    0.000000    0.000000    0.000000    0.000000    0.000000    0.000000
   0.60420    4.549438    0.296790    0.133014    0.163776    0.594310    0.000000    0.000000    0.000000    0.000000    0.000000    0.000000
   0.61020    4.599527    0.303414    0.137066    0.166349    0.602809    0.000000    0.000000    0.000000    0.000000    0.000000    0.000000
   0.61621    4.672546    0.311428    0.141731    0.169697    0.614296    0.000000    0.000000    0.000000    0.000000    0.000000    0.000000
   0.62221    4.772547    0.321074    0.147100    0.173974    0.629208    0.000000    0.000000    0.000000    0.000000    0.000000    0.000000
   0.62821    4.902266    0.332486    0.153222    0.179264    0.647787    0.000000    0.000000    0.000000    0.000000    0.000000    0.000000
   0.63421    5.062765    0.345661    0.160091    0.185570    0.670042    0.000000    0.000000    0.000000    0.000000    0.000000    0.000000
   0.64021    5.253179    0.360444    0.167641    0.192803    0.695711    0.000000    0.000000    0.000000    0.000000    0.000000    0.000000
   0.64622    5.470622    0.376522    0.175738    0.200784    0.724253    0.000000    0.000000    0.000000    0.000000    0.000000    0.000000
   0.65222    5.710287    0.393438    0.184185    0.209253    0.754866    0.000000    0.000000    0.000000    0.000000    0.000000    0.000000
   0.65822    5.965767    0.410617    0.192733    0.217885    0.786529    0.000000    0.000000    0.000000    0.000000    0.000000    0.000000
   0.66422    6.229577    0.427410    0.201095    0.226314    0.818077    0.000000    0.000000    0.000000    0.000000    0.000000    0.000000
   0.67022    6.493803    0.443145    0.208974    0.234171    0.848296    0.000000    0.000000    0.000000    0.000000    0.000000    0.000000
   0.67623    6.750816    0.457188    0.216079    0.241109    0.876016    0.000000    0.000000    0.000000    0.000000    0.000000    0.000000
   0.68223    6.993925    0.468996    0.222159    0.246837    0.900218    0.000000    0.000000    0.000000    0.000000    0.000000    0.000000
   0.68823    7.217881    0.478158    0.227014    0.251145    0.920107    0.000000    0.000000    0.000000    0.000000    0.000000    0.000000
   0.69423    7.419146    0.484430    0.230514    0.253916    0.935164    0.000000    0.000000    0.000000    0.000000    0.000000    0.000000
   0.70023    7.595891    0.487740    0.232605    0.255135    0.945164    0.000000    0.000000    0.000000    0.000000    0.000000    0.000000
   0.70624    7.747731    0.488182    0.233302    0.254880    0.950155    0.000000    0.000000    0.000000    0.000000    0.000000    0.000000
   0.71224    7.875259    0.485990    0.232680    0.253309    0.950413    0.000000    0.000000    0.000000    0.000000    0.000000    0.000000
   0.71824    7.979490    0.481500    0.230862    0.250638    0.946373    0.000000    0.000000    0.000000    0.000000    0.000000    0.000000
   0.72424    8.061319    0.475113    0.228000    0.247113    0.938561    0.000000    0.000000    0.000000    0.000000    0.000000    0.000000
   0.73024    8.121133    0.467255    0.224259    0.242997    0.927532    0.000000    0.000000    0.000000    0.000000    0.000000    0.000000
   0.73625    8.158643    0.458348    0.219808    0.238540    0.913824    0.000000    0.000000    0.000000    0.000000    0.000000    0.000000
   0.74225    8.172991    0.448792    0.214814    0.233978    0.897946    0.000000    0.000000    0.000000    0.000000    0.000000    0.000000
   0.74825    8.163111    0.438957    0.209437    0.229520    0.880382    0.000000    0.000000    0.000000    0.000000    0.000000    0.000000
   0.75425    8.128262    0.429192    0.203839    0.225353    0.861617    0.000000    0.000000    0.000000    0.000000    0.000000    0.000000
   0.76025    8.068637    0.419828    0.198184    0.221645    0.842175    0.000000    0.000000    0.000000    0.000000    0.000000    0.000000
   0.76626    7.985907    0.411193    0.192643    0.218549    0.822652    0.000000    0.000000    0.000000    0.000000    0.000000    0.000000
   0.77226    7.883582    0.403613    0.187402    0.216211    0.803733    0.000000    0.000000    0.000000    0.000000    0.000000    0.000000
   0.77826    7.767104    0.397417    0.182651    0.214766    0.786191    0.000000    0.000000    0.000000    0.000000    0.000000    0.000000
   0.78426    7.643629    0.392917    0.178583    0.214335    0.770857    0.000000    0.000000    0.000000    0.000000    0.000000    0.000000
   0.79026    7.521517    0.390397    0.175380    0.215016    0.758569    0.000000    0.000000    0.000000    0.000000    0.000000    0.000000
   0.79627    7.409593    0.390081    0.173203    0.216878    0.750095    0.000000    0.000000    0.000000    0.000000    0.000000    0.000000
   0.80227    7.316298    0.392109    0.172169    0.219940    0.746065    0.000000    0.000000    0.000000    0.000000    0.000000    0.000000
   0.80827    7.248827    0.396515    0.172347    0.224168    0.746887    0.000000    0.000000    0.000000    0.000000    0.000000    0.000000
   0.81427    7.212394    0.403207    0.173743    0.229464    0.752690    0.000000    0.000000    0.000000    0.000000    0.000000    0.000000
   0.82027    7.209692    0.411961    0.176297    0.235664    0.763293    0.000000    0.000000    0.000000    0.000000    0.000000    0.000000
   0.82628    7.240628    0.422425    0.179881    0.242544    0.778186    0.000000    0.000000    0.000000    0.000000    0.000000    0.000000
   0.83228    7.302330    0.434138    0.184308    0.249829    0.796561    0.000000    0.000000    0.000000    0.000000    0.000000    0.000000
   0.83828    7.389403    0.446547    0.189342    0.257205    0.817350    0.000000    0.000000    0.000000    0.000000    0.000000    0.000000
   0.84428    7.494405    0.459044    0.194706    0.264338    0.839301    0.000000    0.000000    0.000000    0.000000    0.000000    0.000000
   0.85028    7.608443    0.470994    0.200103    0.270891    0.861053    0.000000    0.000000    0.000000    0.000000    0.000000    0.000000
   0.85629    7.721856    0.481771    0.205227    0.276544    0.881226    0.000000    0.000000    0.000000    0.000000    0.000000    0.000000
   0.86229    7.824885    0.490788    0.209781    0.281007    0.898504    0.000000    0.000000    0.000000    0.000000    0.000000    0.000000
   0.86829    7.908312    0.497526    0.213488    0.284039    0.911714    0.000000    0.000000    0.000000    0.000000    0.000000    0.000000
   0.87429    7.964001    0.501560    0.216106    0.285454    0.919892    0.000000    0.000000    0.000000    0.000000    0.000000    0.000000
   0.88029    7.985345    0.502572    0.217439    0.285133    0.922325    0.000000    0.000000    0.000000    0.000000    0.000000    0.000000
   0.88630    7.967591    0.500370    0.217347    0.283023    0.918587    0.000000    0.000000    0.000000    0.000000    0.000000    0.000000
   0.89230    7.908043    0.494897    0.215751    0.279146    0.908548    0.000000    0.000000    0.000000    0.000000    0.000000    0.000000
   0.89830    7.806155    0.486229    0.212640    0.273590    0.892374    0.000000    0.000000    0.000000    0.000000    0.000000    0.000000
   0.90430    7.663501    0.474579    0.208072    0.266507    0.870499    0.000000    0.000000    0.000000    0.000000    0.000000    0.000000
   0.91030    7.483650    0.460281    0.202171    0.258110    0.843602    0.000000    0.000000    0.000000    0.000000    0.000000    0.000000
   0.91631    7.271943    0.443780    0.195122    0.248658    0.812557    0.000000    0.000000    0.000000    0.000000    0.000000    0.000000
   0.92231    7.035185    0.425605    0.187162    0.238443    0.778383    0.000000    0.000000    0.000000    0.000000    0.000000    0.000000
   0.92831    6.781280    0.406347    0.178562    0.227785    0.742193    0.000000    0.000000    0.000000    0.000000    0.000000    0.000000
   0.93431    6.518806    0.386627    0.169620    0.217007    0.705136    0.000000    0.000000    0.000000    0.000000    0.000000    0.000000
   0.94031    6.256574    0.367063    0.160635    0.206428    0.668341    0.000000    0.000000    0.000000    0.000000    0.000000    0.000000
   0.94632    6.003163    0.348238    0.151895    0.196343    0.632872    0.000000    0.000000    0.000000    0.000000    0.000000    0.000000
   0.95232    5.766478    0.330673    0.143661    0.187012    0.599676    0.000000    0.000000    0.000000    0.000000    0.000000    0.000000
   0.95832    5.553328    0.314799    0.136151    0.178648    0.569549    0.000000    0.000000    0.000000    0.000000    0.000000    0.000000
   0.96432    5.369068    0.300939    0.129530    0.171409    0.543102    0.000000    0.000000    0.000000    0.000000    0.000000    0.000000
   0.97032    5.217301    0.289292    0.123906    0.165386    0.520741    0.000000    0.000000    0.000000    0.000000    0.000000    0.000000
   0.97633    5.099691    0.279931    0.119322    0.160609    0.502650    0.000000    0.000000    0.000000    0.000000    0.000000    0.000000
   0.98233    5.015879    0.272805    0.115765    0.157040    0.488795    0.000000    0.000000    0.000000    0.000000    0.000000    0.000000
   0.98833    4.963538    0.267745    0.113161    0.154584    0.478926    0.000000    0.000000    0.000000    0.000000    0.000000    0.000000
   0.99433    4.938565    0.264486    0.111394    0.153092    0.472605    0.000000    0.000000    0.000000    0.000000    0.000000    0.000000
   1.00033    4.935403    0.262687    0.110311    0.152377    0.469240    0.000000    0.000000    0.000000    0.000000    0.000000    0.000000
   1.00634    4.947475    0.261962    0.109736    0.152226    0.468127    0.000000    0.000000    0.000000    0.000000    0.000000    0.000000
   1.01234    4.967696    0.261903    0.109485    0.152418    0.468502    0.000000    0.000000    0.000000    0.000000    0.000000    0.000000
   1.01834    4.989004    0.262116    0.109379    0.152737    0.469599    0.000000    0.000000    0.000000    0.000000    0.000000    0.000000
   1.02434    5.004868    0.262243    0.109255    0.152988    0.470703    0.000000    0.000000    0.000000    0.000000    0.000000    0.000000
   1.03034    5.009707    0.261983    0.108977    0.153006    0.471189    0.000000    0.000000    0.000000    0.000000    0.000000    0.000000
   1.03635    4.999171    0.261104    0.108437    0.152667    0.470565    0.000000    0.000000    0.000000    0.000000    0.000000    0.000000
   1.04235    4.970275    0.259446    0.107564    0.151882    0.468476    0.000000    0.000000    0.000000    0.000000    0.000000    0.000000
   1.04835    4.921349    0.256917    0.106314    0.150603    0.464712    0.000000    0.000000    0.000000    0.000000    0.000000    0.000000
   1.05435    4.851858    0.253480    0.104672    0.148808    0.459185    0.000000    0.000000    0.000000    0.000000    0.000000    0.000000
   1.06035    4.762115    0.249138    0.102642    0.146497    0.451900    0.000000    0.000000    0.000000    0.000000    0.000000    0.000000
   1.06636    4.652943    0.243915    0.100236    0.143678    0.442918    0.000000    0.000000    0.000000    0.000000    0.000000    0.000000
   1.07236    4.525369    0.237837    0.097474    0.140363    0.432323    0.000000    0.000000    0.000000    0.000000    0.000000    0.000000
   1.07836    4.380389    0.230926    0.094372    0.136554    0.420193    0.000000    0.000000    0.000000    0.000000    0.000000    0.000000
   1.08436    4.218856    0.223193    0.090943    0.132250    0.406585    0.000000    0.000000    0.000000    0.000000    0.000000    0.000000
   1.09036    4.041507    0.214643    0.087198    0.127445    0.391538    0.000000    0.000000    0.000000    0.000000    0.000000    0.000000
   1.09637    3.849112    0.205284    0.083149    0.122135    0.375087    0.000000    0.000000    0.000000    0.000000    0.000000    0.000000
   1.10237    3.642736    0.195145    0.078816    0.116329    0.357295    0.000000    0.000000    0.000000    0.000000    0.000000    0.000000
   1.10837    3.424029    0.184292    0.074232    0.110060    0.338285    0.000000    0.000000    0.000000    0.000000    0.000000    0.000000
   1.11437    3.195513    0.172847    0.069452    0.103395    0.318282    0.000000    0.000000    0.000000    0.000000    0.000000    0.000000
   1.12037    2.960791    0.161000    0.064559    0.096441    0.297639    0.000000    0.000000    0.000000    0.000000    0.000000    0.000000
   1.12638    2.724642    0.149011    0.059662    0.089349    0.276850    0.000000    0.000000    0.000000    0.000000    0.000000    0.000000
   1.13238    2.492961    0.137211    0.054900    0.082311    0.256555    0.000000    0.000000    0.000000    0.000000    0.000000    0.000000
   1.13838    2.272552    0.125984    0.050432    0.075551    0.237517    0.000000    0.000000    0.000000    0.000000    0.000000    0.000000
   1.14438    2.070782    0.115746    0.046432    0.069315    0.220580    0.000000    0.000000    0.000000    0.000000    0.000000    0.000000
   1.15038    1.895128    0.106923    0.043073    0.063850    0.206621    0.000000    0.000000    0.000000    0.000000    0.000000    0.000000
   1.15639    1.752669    0.099907    0.040520    0.059388    0.196481    0.000000    0.000000    0.000000    0.000000    0.000000    0.000000
   1.16239    1.649568    0.095036    0.038911    0.056125    0.190903    0.000000    0.000000    0.000000    0.000000    0.000000    0.000000
   1.16839    1.590600    0.092553    0.038349    0.054204    0.190462    0.000000    0.000000    0.000000    0.000000    0.000000    0.000000
   1.17439    1.578771    0.092590    0.038887    0.053702    0.195514    0.000000    0.000000    0.000000    0.000000    0.000000    0.000000
   1.18039    1.615064    0.095143    0.040525    0.054619    0.206157    0.000000    0.000000    0.000000    0.000000    0.000000    0.000000
   1.18640    1.698339    0.100076    0.043202    0.056874    0.222205    0.000000    0.000000    0.000000    0.000000    0.000000    0.000000
   1.19240    1.825390    0.107118    0.046805    0.060313    0.243198    0.000000    0.000000    0.000000    0.000000    0.000000    0.000000
   1.19840    1.991175    0.115882    0.051168    0.064714    0.268421    0.000000    0.000000    0.000000    0.000000    0.000000    0.000000
   1.20440    2.189176    0.125895    0.056089    0.069806    0.296951    0.000000    0.000000    0.000000    0.000000    0.000000    0.000000
   1.21040    2.411878    0.136630    0.061341    0.075289    0.327726    0.000000    0.000000    0.000000    0.000000    0.000000    0.000000
   1.21641    2.651306    0.147545    0.066688    0.080857    0.359618    0.000000    0.000000    0.000000    0.000000    0.000000    0.000000
   1.22241    2.899577    0.158129    0.071907    0.086222    0.391515    0.000000    0.000000    0.000000    0.000000    0.000000    0.000000
   1.22841    3.149406    0.167934    0.076800    0.091134    0.422399    0.000000    0.000000    0.000000    0.000000    0.000000    0.000000
   1.23441    3.394512    0.176611    0.081207    0.095405    0.451414    0.000000    0.000000    0.000000    0.000000    0.000000    0.000000
   1.24041    3.629899    0.183929    0.085018    0.098911    0.477909    0.000000    0.000000    0.000000    0.000000    0.000000    0.000000
   1.24642    3.851983    0.189782    0.088176    0.101606    0.501470    0.000000    0.000000    0.000000    0.000000    0.000000    0.000000
   1.25242    4.058570    0.194188    0.090671    0.103517    0.521920    0.000000    0.000000    0.000000    0.000000    0.000000    0.000000
   1.25842    4.248732    0.197275    0.092541    0.104735    0.539304    0.000000    0.000000    0.000000    0.000000    0.000000    0.000000
   1.26442    4.422597    0.199258    0.093858    0.105401    0.553855    0.000000    0.000000    0.000000    0.000000    0.000000    0.000000
   1.27042    4.581128    0.200413    0.094719    0.105694    0.565956    0.000000    0.000000    0.000000    0.000000    0.000000    0.000000
   1.27643    4.725924    0.201049    0.095237    0.105811    0.576097    0.000000    0.000000    0.000000    0.000000    0.000000    0.000000
   1.28243    4.859069    0.201485    0.095531    0.105955    0.584832    0.000000    0.000000    0.000000    0.000000    0.000000    0.000000
   1.28843    4.983046    0.202032    0.095717    0.106315    0.592749    0.000000    0.000000    0.000000    0.000000    0.000000    0.000000
   1.29443    5.100682    0.202974    0.095909    0.107064    0.600439    0.000000    0.000000    0.000000    0.000000    0.000000    0.000000
   1.30043    5.215100    0.204559    0.096213    0.108345    0.608469    0.000000    0.000000    0.000000    0.000000    0.000000    0.000000
   1.30644    5.329623    0.206994    0.096727    0.110267    0.617361    0.000000    0.000000    0.000000    0.000000    0.000000    0.000000
   1.31244    5.447595    0.210439    0.097536    0.112903    0.627556    0.000000    0.000000    0.000000    0.000000    0.000000    0.000000
   1.31844    5.572107    0.214994    0.098712    0.116282    0.639381    0.000000    0.000000    0.000000    0.000000    0.000000    0.000000
   1.32444    5.705644    0.220700    0.100309    0.120391    0.653015    0.000000    0.000000    0.000000    0.000000    0.000000    0.000000
   1.33044    5.849684    0.227528    0.102355    0.125173    0.668446    0.000000    0.000000    0.000000    0.000000    0.000000    0.000000
   1.33645    6.004348    0.235375    0.104850    0.130525    0.685447    0.000000    0.000000    0.000000    0.000000    0.000000    0.000000
   1.34245    6.168164    0.244061    0.107759    0.136303    0.703567    0.000000    0.000000    0.000000    0.000000    0.000000    0.000000
   1.34845    6.338029    0.253339    0.111011    0.142329    0.722147    0.000000    0.000000    0.000000    0.000000    0.000000    0.000000
   1.35445    6.509413    0.262907    0.114504    0.148403    0.740361    0.000000    0.000000    0.000000    0.000000    0.000000    0.000000
   1.36045    6.676809    0.272429    0.118112    0.154317    0.757297    0.000000    0.000000    0.000000    0.000000    0.000000    0.000000
   1.36646    6.834383    0.281570    0.121696    0.159874    0.772045    0.000000    0.000000    0.000000    0.000000    0.000000    0.000000
   1.37246    6.976725    0.290021    0.125117    0.164904    0.783804    0.000000    0.000000    0.000000    0.000000    0.000000    0.000000
   1.37846    7.099590    0.297535    0.128253    0.169283    0.791984    0.000000    0.000000    0.000000    0.000000    0.000000    0.000000
   1.38446    7.200481    0.303952    0.131010    0.172942    0.796280    0.000000    0.000000    0.000000    0.000000    0.000000    0.000000
   1.39046    7.278982    0.309205    0.133334    0.175872    0.796712    0.000000    0.000000    0.000000    0.000000    0.000000    0.000000
   1.39647    7.336762    0.313331    0.135209    0.178122    0.793628    0.000000    0.000000    0.000000    0.000000    0.000000    0.000000
   1.40247    7.377235    0.316446    0.136659    0.179787    0.787655    0.000000    0.000000    0.000000    0.000000    0.000000    0.000000
   1.40847    7.404943    0.318728    0.137737    0.180991    0.779613    0.000000    0.000000    0.000000    0.000000    0.000000    0.000000
   1.41447    7.424759    0.320380    0.138513    0.181867    0.770407    0.000000    0.000000    0.000000    0.000000    0.000000    0.000000
   1.42047    7.441050    0.321596    0.139062    0.182535    0.760907    0.000000    0.000000    0.000000    0.000000    0.000000    0.000000
   1.42648    7.456955    0.322529    0.139447    0.183083    0.751850    0.000000    0.000000    0.000000    0.000000    0.000000    0.000000
   1.43248    7.473892    0.323271    0.139714    0.183556    0.743756    0.000000    0.000000    0.000000    0.000000    0.000000    0.000000
   1.43848    7.491392    0.323842    0.139887    0.183955    0.736890    0.000000    0.000000    0.000000    0.000000    0.000000    0.000000
   1.44448    7.507249    0.324198    0.139965    0.184233    0.731270    0.000000    0.000000    0.000000    0.000000    0.000000    0.000000
   1.45048    7.517976    0.324247    0.139933    0.184314    0.726701    0.000000    0.000000    0.000000    0.000000    0.000000    0.000000
   1.45649    7.519437    0.323873    0.139767    0.184105    0.722848    0.000000    0.000000    0.000000    0.000000    0.000000    0.000000
   1.46249    7.507548    0.322962    0.139445    0.183516    0.719311    0.000000    0.000000    0.000000    0.000000    0.000000    0.000000
   1.46849    7.478894    0.321432    0.138956    0.182476    0.715697    0.000000    0.000000    0.000000    0.000000    0.000000    0.000000
   1.47449    7.431161    0.319245    0.138304    0.180941    0.711684    0.000000    0.000000    0.000000    0.000000    0.000000    0.000000
   1.48049    7.363316    0.316417    0.137508    0.178909    0.707038    0.000000    0.000000    0.000000    0.000000    0.000000    0.000000
   1.48650    7.275506    0.313006    0.136597    0.176409    0.701626    0.000000    0.000000    0.000000    0.000000    0.000000    0.000000
   1.49250    7.168747    0.309104    0.135605    0.173498    0.695379    0.000000    0.000000    0.000000    0.000000    0.000000    0.000000
   1.49850    7.044473    0.304809    0.134557    0.170253    0.688261    0.000000    0.000000    0.000000    0.000000    0.000000    0.000000
   1.50450    6.904073    0.300209    0.133460    0.166749    0.680221    0.000000    0.000000    0.000000    0.000000    0.000000    0.000000
   1.51050    6.748513    0.295355    0.132300    0.163055    0.671156    0.000000    0.000000    0.000000    0.000000    0.000000    0.000000
   1.51651    6.578156    0.290256    0.131035    0.159221    0.660896    0.000000    0.000000    0.000000    0.000000    0.000000    0.000000
   1.52251    6.392794    0.284878    0.129602    0.155275    0.649212    0.000000    0.000000    0.000000    0.000000    0.000000    0.000000
   1.52851    6.191906    0.279148    0.127922    0.151226    0.635838    0.000000    0.000000    0.000000    0.000000    0.000000    0.000000
   1.53451    5.975073    0.272979    0.125913    0.147066    0.620521    0.000000    0.000000    0.000000    0.000000    0.000000    0.000000
   1.54051    5.742468    0.266282    0.123500    0.142782    0.603071    0.000000    0.000000    0.000000    0.000000    0.000000    0.000000
   1.54652    5.495301    0.258994    0.120632    0.138362    0.583407    0.000000    0.000000    0.000000    0.000000    0.000000    0.000000
   1.55252    5.236139    0.251093    0.117287    0.133806    0.561601    0.000000    0.000000    0.000000    0.000000    0.000000    0.000000
   1.55852    4.969019    0.242606    0.113475    0.129130    0.537887    0.000000    0.000000    0.000000    0.000000    0.000000    0.000000
   1.56452    4.699323    0.233614    0.109246    0.124368    0.512659    0.000000    0.000000    0.000000    0.000000    0.000000    0.000000
   1.57052    4.433441    0.224247    0.104676    0.119571    0.486442    0.000000    0.000000    0.000000    0.000000    0.000000    0.000000
   1.57653    4.178258    0.214669    0.099866    0.114803    0.459853    0.000000    0.000000    0.000000    0.000000    0.000000    0.000000
   1.58253    3.940557    0.205064    0.094929    0.110135    0.433545    0.000000    0.000000    0.000000    0.000000    0.000000    0.000000
   1.58853    3.726409    0.195624    0.089982    0.105642    0.408156    0.000000    0.000000    0.000000    0.000000    0.000000    0.000000
   1.59453    3.540636    0.186531    0.085137    0.101395    0.384266    0.000000    0.000000    0.000000    0.000000    0.000000    0.000000
   1.60053    3.386416    0.177949    0.080492    0.097457    0.362352    0.000000    0.000000    0.000000    0.000000    0.000000    0.000000
   1.60654    3.265043    0.170012    0.076130    0.093882    0.342773    0.000000    0.000000    0.000000    0.000000    0.000000    0.000000
   1.61254    3.175873    0.162823    0.072113    0.090709    0.325752    0.000000    0.000000    0.000000    0.000000    0.000000    0.000000
   1.61854    3.116438    0.156446    0.068482    0.087964    0.311376    0.000000    0.000000    0.000000    0.000000    0.000000    0.000000
   1.62454    3.082702    0.150911    0.065258    0.085653    0.299605    0.000000    0.000000    0.000000    0.000000    0.000000    0.000000
   1.63054    3.069429    0.146207    0.062442    0.083765    0.290285    0.000000    0.000000    0.000000    0.000000    0.000000    0.000000
   1.63655    3.070636    0.142289    0.060019    0.082270    0.283168    0.000000    0.000000    0.000000    0.000000    0.000000    0.000000
   1.64255    3.080097    0.139076    0.057958    0.081118    0.277935    0.000000    0.000000    0.000000    0.000000    0.000000    0.000000
   1.64855    3.091864    0.136467    0.056221    0.080246    0.274233    0.000000    0.000000    0.000000    0.000000    0.000000    0.000000
   1.65455    3.100789    0.134343    0.054762    0.079581    0.271699    0.000000    0.000000    0.000000    0.000000    0.000000    0.000000
   1.66055    3.102995    0.132587    0.053539    0.079048    0.270009    0.000000    0.000000    0.000000    0.000000    0.000000    0.000000
   1.66656    3.096276    0.131097    0.052517    0.078581    0.268906    0.000000    0.000000    0.000000    0.000000    0.000000    0.000000
   1.67256    3.080370    0.129806    0.051674    0.078132    0.268238    0.000000    0.000000    0.000000    0.000000    0.000000    0.000000
   1.67856    3.057087    0.128692    0.051010    0.077681    0.267984    0.000000    0.000000    0.000000    0.000000    0.000000    0.000000
   1.68456    3.030242    0.127792    0.050548    0.077244    0.268265    0.000000    0.000000    0.000000    0.000000    0.000000    0.000000
   1.69056    3.005402    0.127202    0.050331    0.076872    0.269339    0.000000    0.000000    0.000000    0.000000    0.000000    0.000000
   1.69657    2.989433    0.127071    0.050423    0.076648    0.271579    0.000000    0.000000    0.000000    0.000000    0.000000    0.000000
   1.70257    2.989904    0.127587    0.050903    0.076684    0.275436    0.000000    0.000000    0.000000    0.000000    0.000000    0.000000
   1.70857    3.014382    0.128958    0.051852    0.077106    0.281386    0.000000    0.000000    0.000000    0.000000    0.000000    0.000000
   1.71457    3.069704    0.131386    0.053347    0.078039    0.289872    0.000000    0.000000    0.000000    0.000000    0.000000    0.000000
   1.72057    3.161302    0.135040    0.055448    0.079593    0.301247    0.000000    0.000000    0.000000    0.000000    0.000000    0.000000
   1.72658    3.292663    0.140038    0.058190    0.081849    0.315724    0.000000    0.000000    0.000000    0.000000    0.000000    0.000000
   1.73258    3.464973    0.146427    0.061578    0.084849    0.333344    0.000000    0.000000    0.000000    0.000000    0.000000    0.000000
   1.73858    3.677005    0.154173    0.065584    0.088589    0.353959    0.000000    0.000000    0.000000    0.000000    0.000000    0.000000
   1.74458    3.925232    0.163164    0.070144    0.093020    0.377237    0.000000    0.000000    0.000000    0.000000    0.000000    0.000000
   1.75058    4.204162    0.173218    0.075167    0.098051    0.402690    0.000000    0.000000    0.000000    0.000000    0.000000    0.000000
   1.75659    4.506830    0.184095    0.080540    0.103554    0.429709    0.000000    0.000000    0.000000    0.000000    0.000000    0.000000
   1.76259    4.825381    0.195516    0.086134    0.109382    0.457614    0.000000    0.000000    0.000000    0.000000    0.000000    0.000000
   1.76859    5.151667    0.207186    0.091815    0.115371    0.485701    0.000000    0.000000    0.000000    0.000000    0.000000    0.000000
   1.77459    5.477775    0.218808    0.097450    0.121358    0.513290    0.000000    0.000000    0.000000    0.000000    0.000000    0.000000
   1.78059    5.796443    0.230100    0.102913    0.127187    0.539755    0.000000    0.000000    0.000000    0.000000    0.000000    0.000000
   1.78660    6.101307    0.240805    0.108091    0.132714    0.564549    0.000000    0.000000    0.000000    0.000000    0.000000    0.000000
   1.79260    6.386997    0.250696    0.112882    0.137814    0.587213    0.000000    0.000000    0.000000    0.000000    0.000000    0.000000
   1.79860    6.649085    0.259581    0.117199    0.142382    0.607375    0.000000    0.000000    0.000000    0.000000    0.000000    0.000000
   1.80460    6.883943    0.267302    0.120968    0.146334    0.624744    0.000000    0.000000    0.000000    0.000000    0.000000    0.000000
   1.81060    7.088576    0.273735    0.124126    0.149608    0.639102    0.000000    0.000000    0.000000    0.000000    0.000000    0.000000
   1.81661    7.260479    0.278789    0.126624    0.152165    0.650293    0.000000    0.000000    0.000000    0.000000    0.000000    0.000000
   1.82261    7.397588    0.282417    0.128426    0.153991    0.658232    0.000000    0.000000    0.000000    0.000000    0.000000    0.000000
   1.82861    7.498347    0.284613    0.129514    0.155099    0.662904    0.000000    0.000000    0.000000    0.000000    0.000000    0.000000
   1.83461    7.561899    0.285423    0.129889    0.155534    0.664390    0.000000    0.000000    0.000000    0.000000    0.000000    0.000000
   1.84061    7.588360    0.284953    0.129578    0.155375    0.662878    0.000000    0.000000    0.000000    0.000000    0.000000    0.000000
   1.84662    7.579128    0.283372    0.128638    0.154734    0.658685    0.000000    0.000000    0.000000    0.000000    0.000000    0.000000
   1.85262    7.537141    0.280909    0.127155    0.153754    0.652264    0.000000    0.000000    0.000000    0.000000    0.000000    0.000000
   1.85862    7.467012    0.277851    0.125243    0.152608    0.644200    0.000000    0.000000    0.000000    0.000000    0.000000    0.000000
   1.86462    7.374967    0.274524    0.123044    0.151481    0.635192    0.000000    0.000000    0.000000    0.000000    0.000000    0.000000
   1.87062    7.268565    0.271278    0.120713    0.150565    0.626008    0.000000    0.000000    0.000000    0.000000    0.000000    0.000000
   1.87663    7.156191    0.268453    0.118414    0.150040    0.617431    0.000000    0.000000    0.000000    0.000000    0.000000    0.000000
   1.88263    7.046391    0.266357    0.116301    0.150056    0.610197    0.000000    0.000000    0.000000    0.000000    0.000000    0.000000
   1.88863    6.947116    0.265234    0.114510    0.150724    0.604920    0.000000    0.000000    0.000000    0.000000    0.000000    0.000000
   1.89463    6.865006    0.265243    0.113143    0.152099    0.602039    0.000000    0.000000    0.000000    0.000000    0.000000    0.000000
   1.90063    6.804797    0.266445    0.112265    0.154180    0.601772    0.000000    0.000000    0.000000    0.000000    0.000000    0.000000
   1.90664    6.768969    0.268801    0.111896    0.156905    0.604099    0.000000    0.000000    0.000000    0.000000    0.000000    0.000000
   1.91264    6.757675    0.272179    0.112014    0.160165    0.608768    0.000000    0.000000    0.000000    0.000000    0.000000    0.000000
   1.91864    6.768957    0.276374    0.112562    0.163812    0.615336    0.000000    0.000000    0.000000    0.000000    0.000000    0.000000
   1.92464    6.799207    0.281135    0.113458    0.167676    0.623221    0.000000    0.000000    0.000000    0.000000    0.000000    0.000000
   1.93064    6.843805    0.286196    0.114608    0.171588    0.631769    0.000000    0.000000    0.000000    0.000000    0.000000    0.000000
   1.93665    6.897789    0.291306    0.115914    0.175391    0.640332    0.000000    0.000000    0.000000    0.000000    0.000000    0.000000
   1.94265    6.956482    0.296251    0.117295    0.178957    0.648325    0.000000    0.000000    0.000000    0.000000    0.000000    0.000000
   1.94865    7.015945    0.300874    0.118682    0.182192    0.655276    0.000000    0.000000    0.000000    0.000000    0.000000    0.000000
   1.95465    7.073222    0.305073    0.120032    0.185041    0.660846    0.000000    0.000000    0.000000    0.000000    0.000000    0.000000
   1.96065    7.126333    0.308801    0.121321    0.187481    0.664831    0.000000    0.000000    0.000000    0.000000    0.000000    0.000000
   1.96666    7.174066    0.312049    0.122537    0.189512    0.667137    0.000000    0.000000    0.000000    0.000000    0.000000    0.000000
   1.97266    7.215624    0.314824    0.123676    0.191148    0.667750    0.000000    0.000000    0.000000    0.000000    0.000000    0.000000
   1.97866    7.250228    0.317130    0.124733    0.192397    0.666689    0.000000    0.000000    0.000000    0.000000    0.000000    0.000000
   1.98466    7.276777    0.318950    0.125689    0.193261    0.663971    0.000000    0.000000    0.000000    0.000000    0.000000    0.000000
   1.99066    7.293651    0.320233    0.126513    0.193720    0.659589    0.000000    0.000000    0.000000    0.000000    0.000000    0.000000
   1.99667    7.298706    0.320897    0.127158    0.193739    0.653498    0.000000    0.000000    0.000000    0.000000    0.000000    0.000000
   2.00267    7.289479    0.320834    0.127564    0.193271    0.645633    0.000000    0.000000    0.000000    0.000000    0.000000    0.000000
   2.00867    7.263572    0.319930    0.127667    0.192263    0.635933    0.000000    0.000000    0.000000    0.000000    0.000000    0.000000
   2.01467    7.219128    0.318086    0.127410    0.190676    0.624376    0.000000    0.000000    0.000000    0.000000    0.000000    0.000000
   2.02067    7.155322    0.315245    0.126752    0.188494    0.611024    0.000000    0.000000    0.000000    0.000000    0.000000    0.000000
   2.02668    7.072756    0.311411    0.125677    0.185734    0.596050    0.000000    0.000000    0.000000    0.000000    0.000000    0.000000
   2.03268    6.973672    0.306659    0.124202    0.182457    0.579758    0.000000    0.000000    0.000000    0.000000    0.000000    0.000000
   2.03868    6.861923    0.301145    0.122380    0.178765    0.562575    0.000000    0.000000    0.000000    0.000000    0.000000    0.000000
   2.04468    6.742703    0.295088    0.120291    0.174797    0.545036    0.000000    0.000000    0.000000    0.000000    0.000000    0.000000
   2.05068    6.622059    0.288757    0.118039    0.170718    0.527731    0.000000    0.000000    0.000000    0.000000    0.000000    0.000000
   2.05669    6.506262    0.282441    0.115740    0.166701    0.511263    0.000000    0.000000    0.000000    0.000000    0.000000    0.000000
   2.06269    6.401126    0.276420    0.113508    0.162912    0.496178    0.000000    0.000000    0.000000    0.000000    0.000000    0.000000
   2.06869    6.311402    0.270936    0.111441    0.159495    0.482925    0.000000    0.000000    0.000000    0.000000    0.000000    0.000000
   2.07469    6.240311    0.266167    0.109613    0.156554    0.471806    0.000000    0.000000    0.000000    0.000000    0.000000    0.000000
   2.08069    6.189299    0.262216    0.108064    0.154153    0.462962    0.000000    0.000000    0.000000    0.000000    0.000000    0.000000
   2.08670    6.158036    0.259105    0.106800    0.152305    0.456368    0.000000    0.000000    0.000000    0.000000    0.000000    0.000000
   2.09270    6.144634    0.256782    0.105795    0.150987    0.451856    0.000000    0.000000    0.000000    0.000000    0.000000    0.000000
   2.09870    6.146038    0.255135    0.104997    0.150138    0.449144    0.000000    0.000000    0.000000    0.000000    0.000000    0.000000
   2.10470    6.158502    0.254013    0.104335    0.149678    0.447878    0.000000    0.000000    0.000000    0.000000    0.000000    0.000000
   2.11070    6.178074    0.253248    0.103732    0.149517    0.447675    0.000000    0.000000    0.000000    0.000000    0.000000    0.000000
   2.11671    6.201004    0.252675    0.103112    0.149563    0.448160    0.000000    0.000000    0.000000    0.000000    0.000000    0.000000
   2.12271    6.224023    0.252146    0.102411    0.149735    0.448990    0.000000    0.000000    0.000000    0.000000    0.000000    0.000000
   2.12871    6.244461    0.251541    0.101579    0.149962    0.449874    0.000000    0.000000    0.000000    0.000000    0.000000    0.000000
   2.13471    6.260225    0.250771    0.100586    0.150185    0.450568    0.000000    0.000000    0.000000    0.000000    0.000000    0.000000
   2.14071    6.269656    0.249770    0.099418    0.150352    0.450875    0.000000    0.000000    0.000000    0.000000    0.000000    0.000000
   2.14672    6.271335    0.248496    0.098078    0.150418    0.450629    0.000000    0.000000    0.000000    0.000000    0.000000    0.000000
   2.15272    6.263878    0.246913    0.096578    0.150335    0.449682    0.000000    0.000000    0.000000    0.000000    0.000000    0.000000
   2.15872    6.245797    0.244987    0.094936    0.150051    0.447892    0.000000    0.000000    0.000000    0.000000    0.000000    0.000000
   2.16472    6.215431    0.242679    0.093172    0.149507    0.445116    0.000000    0.000000    0.000000    0.000000    0.000000    0.000000
   2.17072    6.170995    0.239941    0.091301    0.148640    0.441212    0.000000    0.000000    0.000000    0.000000    0.000000    0.000000
   2.17673    6.110703    0.236715    0.089336    0.147379    0.436041    0.000000    0.000000    0.000000    0.000000    0.000000    0.000000
   2.18273    6.032971    0.232938    0.087281    0.145657    0.429479    0.000000    0.000000    0.000000    0.000000    0.000000    0.000000
   2.18873    5.936649    0.228544    0.085131    0.143413    0.421431    0.000000    0.000000    0.000000    0.000000    0.000000    0.000000
   2.19473    5.821238    0.223477    0.082880    0.140597    0.411837    0.000000    0.000000    0.000000    0.000000    0.000000    0.000000
   2.20073    5.687087    0.217691    0.080515    0.137176    0.400689    0.000000    0.000000    0.000000    0.000000    0.000000    0.000000
   2.20674    5.535517    0.211165    0.078026    0.133140    0.388037    0.000000    0.000000    0.000000    0.000000    0.000000    0.000000
   2.21274    5.368891    0.203906    0.075405    0.128501    0.373990    0.000000    0.000000    0.000000    0.000000    0.000000    0.000000
   2.21874    5.190617    0.195956    0.072654    0.123302    0.358727    0.000000    0.000000    0.000000    0.000000    0.000000    0.000000
   2.22474    5.005086    0.187399    0.069787    0.117612    0.342491    0.000000    0.000000    0.000000    0.000000    0.000000    0.000000
   2.23074    4.817575    0.178363    0.066836    0.111527    0.325592    0.000000    0.000000    0.000000    0.000000    0.000000    0.000000
   2.23675    4.634096    0.169026    0.063851    0.105175    0.308406    0.000000    0.000000    0.000000    0.000000    0.000000    0.000000
   2.24275    4.461215    0.159615    0.060908    0.098707    0.291372    0.000000    0.000000    0.000000    0.000000    0.000000    0.000000
   2.24875    4.305831    0.150405    0.058104    0.092300    0.274988    0.000000    0.000000    0.000000    0.000000    0.000000    0.000000
   2.25475    4.174910    0.141714    0.055561    0.086153    0.259804    0.000000    0.000000    0.000000    0.000000    0.000000    0.000000
   2.26075    4.075186    0.133892    0.053416    0.080476    0.246407    0.000000    0.000000    0.000000    0.000000    0.000000    0.000000
   2.26676    4.012819    0.127313    0.051822    0.075491    0.235401    0.000000    0.000000    0.000000    0.000000    0.000000    0.000000
   2.27276    3.993024    0.122348    0.050934    0.071414    0.227384    0.000000    0.000000    0.000000    0.000000    0.000000    0.000000
   2.27876    4.019703    0.119350    0.050899    0.068450    0.222910    0.000000    0.000000    0.000000    0.000000    0.000000    0.000000
   2.28476    4.095094    0.118627    0.051846    0.066781    0.222452    0.000000    0.000000    0.000000    0.000000    0.000000    0.000000
   2.29076    4.219483    0.120418    0.053867    0.066550    0.226361    0.000000    0.000000    0.000000    0.000000    0.000000    0.000000
   2.29677    4.391017    0.124866    0.057013    0.067853    0.234825    0.000000    0.000000    0.000000    0.000000    0.000000    0.000000
   2.30277    4.605642    0.132005    0.061277    0.070728    0.247839    0.000000    0.000000    0.000000    0.000000    0.000000    0.000000
   2.30877    4.857207    0.141743    0.066592    0.075152    0.265180    0.000000    0.000000    0.000000    0.000000    0.000000    0.000000
   2.31477    5.137732    0.153862    0.072827    0.081035    0.286406    0.000000    0.000000    0.000000    0.000000    0.000000    0.000000
   2.32077    5.437830    0.168026    0.079798    0.088227    0.310867    0.000000    0.000000    0.000000    0.000000    0.000000    0.000000
   2.32678    5.747266    0.183798    0.087272    0.096527    0.337736    0.000000    0.000000    0.000000    0.000000    0.000000    0.000000
   2.33278    6.055586    0.200673    0.094984    0.105689    0.366065    0.000000    0.000000    0.000000    0.000000    0.000000    0.000000
   2.33878    6.352771    0.218106    0.102661    0.115445    0.394841    0.000000    0.000000    0.000000    0.000000    0.000000    0.000000
   2.34478    6.629836    0.235554    0.110036    0.125518    0.423061    0.000000    0.000000    0.000000    0.000000    0.000000    0.000000
   2.35078    6.879319    0.252506    0.116872    0.135635    0.449795    0.000000    0.000000    0.000000    0.000000    0.000000    0.000000
   2.35679    7.095604    0.268520    0.122974    0.145546    0.474245    0.000000    0.000000    0.000000    0.000000    0.000000    0.000000
   2.36279    7.275064    0.283236    0.128205    0.155030    0.495788    0.000000    0.000000    0.000000    0.000000    0.000000    0.000000
   2.36879    7.416010    0.296391    0.132487    0.163904    0.514000    0.000000    0.000000    0.000000    0.000000    0.000000    0.000000
   2.37479    7.518474    0.307818    0.135797    0.172021    0.528655    0.000000    0.000000    0.000000    0.000000    0.000000    0.000000
   2.38079    7.583870    0.317436    0.138165    0.179271    0.539714    0.000000    0.000000    0.000000    0.000000    0.000000    0.000000
   2.38680    7.614592    0.325233    0.139660    0.185573    0.547289    0.000000    0.000000    0.000000    0.000000    0.000000    0.000000
   2.39280    7.613591    0.331247    0.140373    0.190873    0.551605    0.000000    0.000000    0.000000    0.000000    0.000000    0.000000
   2.39880    7.583999    0.335543    0.140407    0.195136    0.552958    0.000000    0.000000    0.000000    0.000000    0.000000    0.000000
   2.40480    7.528822    0.338201    0.139860    0.198341    0.551672    0.000000    0.000000    0.000000    0.000000    0.000000    0.000000
   2.41080    7.450744    0.339296    0.138818    0.200478    0.548066    0.000000    0.000000    0.000000    0.000000    0.000000    0.000000
   2.41681    7.352025    0.338894    0.137348    0.201546    0.542427    0.000000    0.000000    0.000000    0.000000    0.000000    0.000000
   2.42281    7.234532    0.337049    0.135495    0.201554    0.534999    0.000000    0.000000    0.000000    0.000000    0.000000    0.000000
   2.42881    7.099851    0.333806    0.133285    0.200522    0.525978    0.000000    0.000000    0.000000    0.000000    0.000000    0.000000
   2.43481    6.949494    0.329213    0.130730    0.198483    0.515519    0.000000    0.000000    0.000000    0.000000    0.000000    0.000000
   2.44081    6.785169    0.323326    0.127836    0.195490    0.503754    0.000000    0.000000    0.000000    0.000000    0.000000    0.000000
   2.44682    6.609079    0.316228    0.124611    0.191617    0.490809    0.000000    0.000000    0.000000    0.000000    0.000000    0.000000
   2.45282    6.424203    0.308038    0.121071    0.186967    0.476827    0.000000    0.000000    0.000000    0.000000    0.000000    0.000000
   2.45882    6.234535    0.298923    0.117255    0.181668    0.461989    0.000000    0.000000    0.000000    0.000000    0.000000    0.000000
   2.46482    6.045201    0.289097    0.113219    0.175879    0.446530    0.000000    0.000000    0.000000    0.000000    0.000000    0.000000
   2.47082    5.862438    0.278829    0.109045    0.169783    0.430743    0.000000    0.000000    0.000000    0.000000    0.000000    0.000000
   2.47683    5.693385    0.268422    0.104838    0.163584    0.414978    0.000000    0.000000    0.000000    0.000000    0.000000    0.000000
   2.48283    5.545695    0.258205    0.100715    0.157490    0.399626    0.000000    0.000000    0.000000    0.000000    0.000000    0.000000
   2.48883    5.426992    0.248509    0.096804    0.151706    0.385096    0.000000    0.000000    0.000000    0.000000    0.000000    0.000000
   2.49483    5.344230    0.239642    0.093226    0.146416    0.371786    0.000000    0.000000    0.000000    0.000000    0.000000    0.000000
   2.50083    5.303043    0.231864    0.090093    0.141770    0.360053    0.000000    0.000000    0.000000    0.000000    0.000000    0.000000
   2.50684    5.307173    0.225374    0.087496    0.137877    0.350191    0.000000    0.000000    0.000000    0.000000    0.000000    0.000000
   2.51284    5.358083    0.220298    0.085501    0.134797    0.342413    0.000000    0.000000    0.000000    0.000000    0.000000    0.000000
   2.51884    5.454805    0.216693    0.084150    0.132543    0.336851    0.000000    0.000000    0.000000    0.000000    0.000000    0.000000
   2.52484    5.594078    0.214557    0.083462    0.131095    0.333568    0.000000    0.000000    0.000000    0.000000    0.000000    0.000000
   2.53084    5.770741    0.213851    0.083444    0.130407    0.332581    0.000000    0.000000    0.000000    0.000000    0.000000    0.000000
   2.53685    5.978336    0.214527    0.084096    0.130431    0.333889    0.000000    0.000000    0.000000    0.000000    0.000000    0.000000
   2.54285    6.209830    0.216549    0.085421    0.131128    0.337503    0.000000    0.000000    0.000000    0.000000    0.000000    0.000000
   2.54885    6.458328    0.219917    0.087429    0.132488    0.343466    0.000000    0.000000    0.000000    0.000000    0.000000    0.000000
   2.55485    6.717680    0.224670    0.090142    0.134528    0.351862    0.000000    0.000000    0.000000    0.000000    0.000000    0.000000
   2.56085    6.982877    0.230887    0.093587    0.137300    0.362805    0.000000    0.000000    0.000000    0.000000    0.000000    0.000000
   2.56686    7.250179    0.238666    0.097795    0.140871    0.376411    0.000000    0.000000    0.000000    0.000000    0.000000    0.000000
   2.57286    7.516968    0.248092    0.102779    0.145314    0.392757    0.000000    0.000000    0.000000    0.000000    0.000000    0.000000
   2.57886    7.781360    0.259206    0.108528    0.150677    0.411827    0.000000    0.000000    0.000000    0.000000    0.000000    0.000000
   2.58486    8.041642    0.271957    0.114990    0.156967    0.433459    0.000000    0.000000    0.000000    0.000000    0.000000    0.000000
   2.59086    8.295652    0.286181    0.122059    0.164122    0.457302    0.000000    0.000000    0.000000    0.000000    0.000000    0.000000
   2.59687    8.540207    0.301567    0.129568    0.171999    0.482790    0.000000    0.000000    0.000000    0.000000    0.000000    0.000000
   2.60287    8.770698    0.317662    0.137291    0.180371    0.509136    0.000000    0.000000    0.000000    0.000000    0.000000    0.000000
   2.60887    8.980934    0.333879    0.144949    0.188930    0.535356    0.000000    0.000000    0.000000    0.000000    0.000000    0.000000
   2.61487    9.163284    0.349529    0.152225    0.197304    0.560326    0.000000    0.000000    0.000000    0.000000    0.000000    0.000000
   2.62087    9.309132    0.363872    0.158784    0.205088    0.582851    0.000000    0.000000    0.000000    0.000000    0.000000    0.000000
   2.62688    9.409598    0.376171    0.164299    0.211872    0.601762    0.000000    0.000000    0.000000    0.000000    0.000000    0.000000
   2.63288    9.456432    0.385760    0.168481    0.217279    0.616012    0.000000    0.000000    0.000000    0.000000    0.000000    0.000000
   2.63888    9.442997    0.392099    0.171097    0.221001    0.624771    0.000000    0.000000    0.000000    0.000000    0.000000    0.000000
   2.64488    9.365176    0.394826    0.171999    0.222827    0.627502    0.000000    0.000000    0.000000    0.000000    0.000000    0.000000
   2.65088    9.222106    0.393792    0.171132    0.222661    0.624013    0.000000    0.000000    0.000000    0.000000    0.000000    0.000000
   2.65689    9.016621    0.389076    0.168542    0.220534    0.614485    0.000000    0.000000    0.000000    0.000000    0.000000    0.000000
   2.66289    8.755333    0.380974    0.164374    0.216600    0.599454    0.000000    0.000000    0.000000    0.000000    0.000000    0.000000
   2.66889    8.448342    0.369980    0.158856    0.211124    0.579768    0.000000    0.000000    0.000000    0.000000    0.000000    0.000000
   2.67489    8.108593    0.356738    0.152283    0.204454    0.556522    0.000000    0.000000    0.000000    0.000000    0.000000    0.000000
   2.68089    7.750945    0.341990    0.144992    0.196998    0.530962    0.000000    0.000000    0.000000    0.000000    0.000000    0.000000
   2.68690    7.391073    0.326521    0.137335    0.189186    0.504392    0.000000    0.000000    0.000000    0.000000    0.000000    0.000000
   2.69290    7.044300    0.311092    0.129651    0.181441    0.478076    0.000000    0.000000    0.000000    0.000000    0.000000    0.000000
   2.69890    6.724482    0.296399    0.122249    0.174149    0.453150    0.000000    0.000000    0.000000    0.000000    0.000000    0.000000
   2.70490    6.443060    0.283020    0.115385    0.167635    0.430553    0.000000    0.000000    0.000000    0.000000    0.000000    0.000000
   2.71090    6.208336    0.271393    0.109250    0.162143    0.410980    0.000000    0.000000    0.000000    0.000000    0.000000    0.000000
   2.71691    6.025035    0.261797    0.103967    0.157830    0.394850    0.000000    0.000000    0.000000    0.000000    0.000000    0.000000
   2.72291    5.894166    0.254348    0.099587    0.154761    0.382311    0.000000    0.000000    0.000000    0.000000    0.000000    0.000000
   2.72891    5.813166    0.249006    0.096099    0.152907    0.373250    0.000000    0.000000    0.000000    0.000000    0.000000    0.000000
   2.73491    5.776315    0.245594    0.093434    0.152160    0.367331    0.000000    0.000000    0.000000    0.000000    0.000000    0.000000
   2.74091    5.775365    0.243825    0.091481    0.152343    0.364039    0.000000    0.000000    0.000000    0.000000    0.000000    0.000000
   2.74692    5.800331    0.243327    0.090101    0.153226    0.362735    0.000000    0.000000    0.000000    0.000000    0.000000    0.000000
   2.75292    5.840383    0.243684    0.089138    0.154546    0.362719    0.000000    0.000000    0.000000    0.000000    0.000000    0.000000
   2.75892    5.884759    0.244464    0.088436    0.156028    0.363286    0.000000    0.000000    0.000000    0.000000    0.000000    0.000000
   2.76492    5.923629    0.245257    0.087850    0.157408    0.363786    0.000000    0.000000    0.000000    0.000000    0.000000    0.000000
   2.77092    5.948826    0.245705    0.087254    0.158450    0.363668    0.000000    0.000000    0.000000    0.000000    0.000000    0.000000
   2.77693    5.954389    0.245522    0.086556    0.158966    0.362515    0.000000    0.000000    0.000000    0.000000    0.000000    0.000000
   2.78293    5.936842    0.244514    0.085690    0.158823    0.360067    0.000000    0.000000    0.000000    0.000000    0.000000    0.000000
   2.78893    5.895216    0.242579    0.084627    0.157952    0.356223    0.000000    0.000000    0.000000    0.000000    0.000000    0.000000
   2.79493    5.830786    0.239708    0.083365    0.156343    0.351024    0.000000    0.000000    0.000000    0.000000    0.000000    0.000000
   2.80093    5.746596    0.235968    0.081925    0.154043    0.344632    0.000000    0.000000    0.000000    0.000000    0.000000    0.000000
   2.80694    5.646817    0.231480    0.080342    0.151138    0.337285    0.000000    0.000000    0.000000    0.000000    0.000000    0.000000
   2.81294    5.536057    0.226398    0.078658    0.147740    0.329261    0.000000    0.000000    0.000000    0.000000    0.000000    0.000000
   2.81894    5.418705    0.220883    0.076912    0.143971    0.320834    0.000000    0.000000    0.000000    0.000000    0.000000    0.000000
   2.82494    5.298416    0.215079    0.075133    0.139946    0.312239    0.000000    0.000000    0.000000    0.000000    0.000000    0.000000
   2.83094    5.177809    0.209105    0.073341    0.135765    0.303652    0.000000    0.000000    0.000000    0.000000    0.000000    0.000000
   2.83695    5.058404    0.203048    0.071540    0.131508    0.295181    0.000000    0.000000    0.000000    0.000000    0.000000    0.000000
   2.84295    4.940814    0.196965    0.069728    0.127237    0.286875    0.000000    0.000000    0.000000    0.000000    0.000000    0.000000
   2.84895    4.825123    0.190897    0.067897    0.123000    0.278741    0.000000    0.000000    0.000000    0.000000    0.000000    0.000000
   2.85495    4.711406    0.184886    0.066045    0.118842    0.270773    0.000000    0.000000    0.000000    0.000000    0.000000    0.000000
   2.86095    4.600264    0.178994    0.064179    0.114815    0.262987    0.000000    0.000000    0.000000    0.000000    0.000000    0.000000
   2.86696    4.493296    0.173319    0.062327    0.110992    0.255443    0.000000    0.000000    0.000000    0.000000    0.000000    0.000000
   2.87296    4.393415    0.168005    0.060537    0.107468    0.248271    0.000000    0.000000    0.000000    0.000000    0.000000    0.000000
   2.87896    4.304939    0.163248    0.058882    0.104366    0.241679    0.000000    0.000000    0.000000    0.000000    0.000000    0.000000
   2.88496    4.233448    0.159286    0.057456    0.101830    0.235947    0.000000    0.000000    0.000000    0.000000    0.000000    0.000000
   2.89096    4.185391    0.156386    0.056366    0.100020    0.231411    0.000000    0.000000    0.000000    0.000000    0.000000    0.000000
   2.89697    4.167515    0.154821    0.055727    0.099094    0.228433    0.000000    0.000000    0.000000    0.000000    0.000000    0.000000
   2.90297    4.186166    0.154846    0.055652    0.099193    0.227363    0.000000    0.000000    0.000000    0.000000    0.000000    0.000000
   2.90897    4.246571    0.156666    0.056237    0.100428    0.228504    0.000000    0.000000    0.000000    0.000000    0.000000    0.000000
   2.91497    4.352175    0.160416    0.057555    0.102861    0.232068    0.000000    0.000000    0.000000    0.000000    0.000000    0.000000
   2.92097    4.504125    0.166139    0.059643    0.106496    0.238154    0.000000    0.000000    0.000000    0.000000    0.000000    0.000000
   2.92698    4.700971    0.173773    0.062501    0.111272    0.246725    0.000000    0.000000    0.000000    0.000000    0.000000    0.000000
   2.93298    4.938611    0.183152    0.066086    0.117065    0.257603    0.000000    0.000000    0.000000    0.000000    0.000000    0.000000
   2.93898    5.210509    0.194009    0.070315    0.123694    0.270478    0.000000    0.000000    0.000000    0.000000    0.000000    0.000000
   2.94498    5.508159    0.205996    0.075067    0.130930    0.284928    0.000000    0.000000    0.000000    0.000000    0.000000    0.000000
   2.95098    5.821752    0.218706    0.080190    0.138517    0.300458    0.000000    0.000000    0.000000    0.000000    0.000000    0.000000
   2.95699    6.140990    0.231705    0.085516    0.146189    0.316533    0.000000    0.000000    0.000000    0.000000    0.000000    0.000000
   2.96299    6.455962    0.244564    0.090869    0.153695    0.332630    0.000000    0.000000    0.000000    0.000000    0.000000    0.000000
   2.96899    6.757985    0.256895    0.096078    0.160817    0.348278    0.000000    0.000000    0.000000    0.000000    0.000000    0.000000
   2.97499    7.040320    0.268379    0.100991    0.167388    0.363099    0.000000    0.000000    0.000000    0.000000    0.000000    0.000000
   2.98099    7.298683    0.278792    0.105487    0.173305    0.376831    0.000000    0.000000    0.000000    0.000000    0.000000    0.000000
   2.98700    7.531467    0.288017    0.109479    0.178538    0.389346    0.000000    0.000000    0.000000    0.000000    0.000000    0.000000
   2.99300    7.739662    0.296045    0.112923    0.183122    0.400646    0.000000    0.000000    0.000000    0.000000    0.000000    0.000000
   2.99900    7.926436    0.302968    0.115817    0.187151    0.410841    0.000000    0.000000    0.000000    0.000000    0.000000    0.000000
   3.00500    8.096451    0.308954    0.118193    0.190761    0.420122    0.000000    0.000000    0.000000    0.000000    0.000000    0.000000
   3.01100    8.254966    0.314213    0.120112    0.194101    0.428712    0.000000    0.000000    0.000000    0.000000    0.000000    0.000000
   3.01701    8.406856    0.318964    0.121648    0.197316    0.436822    0.000000    0.000000    0.000000    0.000000    0.000000    0.000000
   3.02301    8.555661    0.323391    0.122880    0.200512    0.444602    0.000000    0.000000    0.000000    0.000000    0.000000    0.000000
   3.02901    8.702812    0.327614    0.123872    0.203742    0.452109    0.000000    0.000000    0.000000    0.000000    0.000000    0.000000
   3.03501    8.847135    0.331660    0.124671    0.206989    0.459277    0.000000    0.000000    0.000000    0.000000    0.000000    0.000000
   3.04101    8.984713    0.335452    0.125290    0.210161    0.465918    0.000000    0.000000    0.000000    0.000000    0.000000    0.000000
   3.04702    9.109135    0.338814    0.125718    0.213097    0.471730    0.000000    0.000000    0.000000    0.000000    0.000000    0.000000
   3.05302    9.212099    0.341488    0.125910    0.215579    0.476331    0.000000    0.000000    0.000000    0.000000    0.000000    0.000000
   3.05902    9.284297    0.343163    0.125804    0.217359    0.479298    0.000000    0.000000    0.000000    0.000000    0.000000    0.000000
   3.06502    9.316453    0.343515    0.125329    0.218186    0.480219    0.000000    0.000000    0.000000    0.000000    0.000000    0.000000
   3.07102    9.300382    0.342247    0.124417    0.217830    0.478743    0.000000    0.000000    0.000000    0.000000    0.000000    0.000000
   3.07703    9.229920    0.339126    0.123012    0.216115    0.474618    0.000000    0.000000    0.000000    0.000000    0.000000    0.000000
   3.08303    9.101603    0.334015    0.121084    0.212932    0.467723    0.000000    0.000000    0.000000    0.000000    0.000000    0.000000
   3.08903    8.915015    0.326886    0.118632    0.208254    0.458080    0.000000    0.000000    0.000000    0.000000    0.000000    0.000000
   3.09503    8.672771    0.317825    0.115686    0.202139    0.445849    0.000000    0.000000    0.000000    0.000000    0.000000    0.000000
   3.10103    8.380148    0.307019    0.112300    0.194719    0.431304    0.000000    0.000000    0.000000    0.000000    0.000000    0.000000
   3.10704    8.044445    0.294732    0.108548    0.186184    0.414806    0.000000    0.000000    0.000000    0.000000    0.000000    0.000000
   3.11304    7.674162    0.281275    0.104511    0.176765    0.396753    0.000000    0.000000    0.000000    0.000000    0.000000    0.000000
   3.11904    7.278138    0.266971    0.100266    0.166706    0.377549    0.000000    0.000000    0.000000    0.000000    0.000000    0.000000
   3.12504    6.864758    0.252124    0.095878    0.156246    0.357558    0.000000    0.000000    0.000000    0.000000    0.000000    0.000000
   3.13104    6.441345    0.236991    0.091391    0.145600    0.337086    0.000000    0.000000    0.000000    0.000000    0.000000    0.000000
   3.13705    6.013784    0.221772    0.086829    0.134943    0.316363    0.000000    0.000000    0.000000    0.000000    0.000000    0.000000
   3.14305    5.586430    0.206605    0.082192    0.124412    0.295543    0.000000    0.000000    0.000000    0.000000    0.000000    0.000000
   3.14905    5.162251    0.191568    0.077467    0.114101    0.274719    0.000000    0.000000    0.000000    0.000000    0.000000    0.000000
   3.15505    4.743172    0.176701    0.072631    0.104070    0.253942    0.000000    0.000000    0.000000    0.000000    0.000000    0.000000
   3.16105    4.330511    0.162019    0.067665    0.094354    0.233245    0.000000    0.000000    0.000000    0.000000    0.000000    0.000000
   3.16706    3.925446    0.147538    0.062562    0.084976    0.212674    0.000000    0.000000    0.000000    0.000000    0.000000    0.000000
   3.17306    3.529392    0.133285    0.057331    0.075954    0.192300    0.000000    0.000000    0.000000    0.000000    0.000000    0.000000
   3.17906    3.144259    0.119318    0.052004    0.067314    0.172236    0.000000    0.000000    0.000000    0.000000    0.000000    0.000000
   3.18506    2.772537    0.105722    0.046635    0.059087    0.152639    0.000000    0.000000    0.000000    0.000000    0.000000    0.000000
   3.19106    2.417218    0.092611    0.041297    0.051314    0.133701    0.000000    0.000000    0.000000    0.000000    0.000000    0.000000
   3.19707    2.081576    0.080118    0.036074    0.044044    0.115635    0.000000    0.000000    0.000000    0.000000    0.000000    0.000000
   3.20307    1.768872    0.068381    0.031055    0.037325    0.098656    0.000000    0.000000    0.000000    0.000000    0.000000    0.000000
   3.20907    1.482019    0.057529    0.026327    0.031203    0.082960    0.000000    0.000000    0.000000    0.000000    0.000000    0.000000
   3.21507    1.223291    0.047671    0.021963    0.025709    0.068707    0.000000    0.000000    0.000000    0.000000    0.000000    0.000000
   3.22107    0.994098    0.038881    0.018019    0.020862    0.056007    0.000000    0.000000    0.000000    0.000000    0.000000    0.000000
   3.22708    0.794866    0.031194    0.014532    0.016662    0.044910    0.000000    0.000000    0.000000    0.000000    0.000000    0.000000
   3.23308    0.625031    0.024605    0.011515    0.013090    0.035407    0.000000    0.000000    0.000000    0.000000    0.000000    0.000000
   3.23908    0.483124    0.019074    0.008963    0.010111    0.027434    0.000000    0.000000    0.000000    0.000000    0.000000    0.000000
   3.24508    0.366946    0.014526    0.006850    0.007676    0.020884    0.000000    0.000000    0.000000    0.000000    0.000000    0.000000
   3.25108    0.273774    0.010864    0.005139    0.005725    0.015614    0.000000    0.000000    0.000000    0.000000    0.000000    0.000000
   3.25709    0.200589    0.007978    0.003785    0.004194    0.011462    0.000000    0.000000    0.000000    0.000000    0.000000    0.000000
   3.26309    0.144294    0.005751    0.002735    0.003016    0.008261    0.000000    0.000000    0.000000    0.000000    0.000000    0.000000
   3.26909    0.101888    0.004069    0.001939    0.002130    0.005843    0.000000    0.000000    0.000000    0.000000    0.000000    0.000000
   3.27509    0.070610    0.002825    0.001349    0.001476    0.004056    0.000000    0.000000    0.000000    0.000000    0.000000    0.000000
   3.28109    0.048018    0.001924    0.000921    0.001004    0.002762    0.000000    0.000000    0.000000    0.000000    0.000000    0.000000
   3.28710    0.032040    0.001286    0.000616    0.000670    0.001846    0.000000    0.000000    0.000000    0.000000    0.000000    0.000000
   3.29310    0.020973    0.000843    0.000405    0.000438    0.001210    0.000000    0.000000    0.000000    0.000000    0.000000    0.000000
   3.29910    0.013468    0.000542    0.000260    0.000282    0.000778    0.000000    0.000000    0.000000    0.000000    0.000000    0.000000
   3.30510    0.008484    0.000342    0.000164    0.000177    0.000491    0.000000    0.000000    0.000000    0.000000    0.000000    0.000000
   3.31110    0.005241    0.000211    0.000102    0.000110    0.000303    0.000000    0.000000    0.000000    0.000000    0.000000    0.000000
   3.31711    0.003176    0.000128    0.000062    0.000066    0.000184    0.000000    0.000000    0.000000    0.000000    0.000000    0.000000
   3.32311    0.001887    0.000076    0.000037    0.000039    0.000110    0.000000    0.000000    0.000000    0.000000    0.000000    0.000000
   3.32911    0.001100    0.000045    0.000021    0.000023    0.000064    0.000000    0.000000    0.000000    0.000000    0.000000    0.000000
   3.33511    0.000629    0.000025    0.000012    0.000013    0.000037    0.000000    0.000000    0.000000    0.000000    0.000000    0.000000
   3.34111    0.000352    0.000014    0.000007    0.000007    0.000021    0.000000    0.000000    0.000000    0.000000    0.000000    0.000000
   3.34712    0.000194    0.000008    0.000004    0.000004    0.000011    0.000000    0.000000    0.000000    0.000000    0.000000    0.000000
   3.35312    0.000104    0.000004    0.000002    0.000002    0.000006    0.000000    0.000000    0.000000    0.000000    0.000000    0.000000
   3.35912    0.000055    0.000002    0.000001    0.000001    0.000003    0.000000    0.000000    0.000000    0.000000    0.000000    0.000000
   3.36512    0.000029    0.000001    0.000001    0.000001    0.000002    0.000000    0.000000    0.000000    0.000000    0.000000    0.000000
   3.37112    0.000014    0.000001    0.000000    0.000000    0.000001    0.000000    0.000000    0.000000    0.000000    0.000000    0.000000
   3.37713    0.000007    0.000000    0.000000    0.000000    0.000000    0.000000    0.000000    0.000000    0.000000    0.000000    0.000000
   3.38313    0.000004    0.000000    0.000000    0.000000    0.000000    0.000000    0.000000    0.000000    0.000000    0.000000    0.000000
   3.38913    0.000002    0.000000    0.000000    0.000000    0.000000    0.000000    0.000000    0.000000    0.000000    0.000000    0.000000
   3.39513    0.000001    0.000000    0.000000    0.000000    0.000000    0.000000    0.000000    0.000000    0.000000    0.000000    0.000000
   3.40113    0.000000    0.000000    0.000000    0.000000    0.000000    0.000000    0.000000    0.000000    0.000000    0.000000    0.000000
   3.40714    0.000000    0.000000    0.000000    0.000000    0.000000    0.000000    0.000000    0.000000    0.000000    0.000000    0.000000
   3.41314    0.000000    0.000000    0.000000    0.000000    0.000000    0.000000    0.000000    0.000000    0.000000    0.000000    0.000000
   3.41914    0.000000    0.000000    0.000000    0.000000    0.000000    0.000000    0.000000    0.000000    0.000000    0.000000    0.000000
   3.42514    0.000000    0.000000    0.000000    0.000000    0.000000    0.000000    0.000000    0.000000    0.000000    0.000000    0.000000
   3.43114    0.000000    0.000000    0.000000    0.000000    0.000000    0.000000    0.000000    0.000000    0.000000    0.000000    0.000000
   3.43715    0.000000    0.000000    0.000000    0.000000    0.000000    0.000000    0.000000    0.000000    0.000000    0.000000    0.000000
   3.44315    0.000000    0.000000    0.000000    0.000000    0.000000    0.000000    0.000000    0.000000    0.000000    0.000000    0.000000
   3.44915    0.000000    0.000000    0.000000    0.000000    0.000000    0.000000    0.000000    0.000000    0.000000    0.000000    0.000000
   3.45515    0.000000    0.000000    0.000000    0.000000    0.000000    0.000000    0.000000    0.000000    0.000000    0.000000    0.000000
   3.46115    0.000000    0.000000    0.000000    0.000000    0.000000    0.000000    0.000000    0.000000    0.000000    0.000000    0.000000
   3.46716    0.000000    0.000000    0.000000    0.000000    0.000000    0.000000    0.000000    0.000000    0.000000    0.000000    0.000000
   3.47316    0.000000    0.000000    0.000000    0.000000    0.000000    0.000000    0.000000    0.000000    0.000000    0.000000    0.000000
   3.47916    0.000000    0.000000    0.000000    0.000000    0.000000    0.000000    0.000000    0.000000    0.000000    0.000000    0.000000
   3.48516    0.000000    0.000000    0.000000    0.000000    0.000000    0.000000    0.000000    0.000000    0.000000    0.000000    0.000000
   3.49116    0.000000    0.000000    0.000000    0.000000    0.000000    0.000000    0.000000    0.000000    0.000000    0.000000    0.000000
   3.49717    0.000000    0.000000    0.000000    0.000000    0.000000    0.000000    0.000000    0.000000    0.000000    0.000000    0.000000
   3.50317    0.000000    0.000000    0.000000    0.000000    0.000000    0.000000    0.000000    0.000000    0.000000    0.000000    0.000000
   3.50917    0.000000    0.000000    0.000000    0.000000    0.000000    0.000000    0.000000    0.000000    0.000000    0.000000    0.000000
   3.51517    0.000000    0.000000    0.000000    0.000000    0.000000    0.000000    0.000000    0.000000    0.000000    0.000000    0.000000
   3.52117    0.000000    0.000000    0.000000    0.000000    0.000000    0.000000    0.000000    0.000000    0.000000    0.000000    0.000000
   3.52718    0.000000    0.000000    0.000000    0.000000    0.000000    0.000000    0.000000    0.000000    0.000000    0.000000    0.000000
   3.53318    0.000000    0.000000    0.000000    0.000000    0.000000    0.000000    0.000000    0.000000    0.000000    0.000000    0.000000
   3.53918    0.000000    0.000000    0.000000    0.000000    0.000000    0.000000    0.000000    0.000000    0.000000    0.000000    0.000000
   3.54518    0.000000    0.000000    0.000000    0.000000    0.000000    0.000000    0.000000    0.000000    0.000000    0.000000    0.000000
   3.55118    0.000000    0.000000    0.000000    0.000000    0.000000    0.000000    0.000000    0.000000    0.000000    0.000000    0.000000
   3.55719    0.000000    0.000000    0.000000    0.000000    0.000000    0.000000    0.000000    0.000000    0.000000    0.000000    0.000000
   3.56319    0.000000    0.000000    0.000000    0.000000    0.000000    0.000000    0.000000    0.000000    0.000000    0.000000    0.000000
   3.56919    0.000000    0.000000    0.000000    0.000000    0.000000    0.000000    0.000000    0.000000    0.000000    0.000000    0.000000
   3.57519    0.000000    0.000000    0.000000    0.000000    0.000000    0.000000    0.000000    0.000000    0.000000    0.000000    0.000000
   3.58119    0.000000    0.000000    0.000000    0.000000    0.000000    0.000000    0.000000    0.000000    0.000000    0.000000    0.000000
   3.58720    0.000000    0.000000    0.000000    0.000000    0.000000    0.000000    0.000000    0.000000    0.000000    0.000000    0.000000
   3.59320    0.000000    0.000000    0.000000    0.000000    0.000000    0.000000    0.000000    0.000000    0.000000    0.000000    0.000000
   3.59920    0.000000    0.000000    0.000000    0.000000    0.000000    0.000000    0.000000    0.000000    0.000000    0.000000    0.000000
   3.60520    0.000000    0.000000    0.000000    0.000000    0.000000    0.000000    0.000000    0.000000    0.000000    0.000000    0.000000
   3.61120    0.000000    0.000000    0.000000    0.000000    0.000000    0.000000    0.000000    0.000000    0.000000    0.000000    0.000000
   3.61721    0.000000    0.000000    0.000000    0.000000    0.000000    0.000000    0.000000    0.000000    0.000000    0.000000    0.000000
   3.62321    0.000000    0.000000    0.000000    0.000000    0.000000    0.000000    0.000000    0.000000    0.000000    0.000000    0.000000
   3.62921    0.000000    0.000000    0.000000    0.000000    0.000000    0.000000    0.000000    0.000000    0.000000    0.000000    0.000000
   3.63521    0.000000    0.000000    0.000000    0.000000    0.000000    0.000000    0.000000    0.000000    0.000000    0.000000    0.000000
   3.64121    0.000000    0.000000    0.000000    0.000000    0.000000    0.000000    0.000000    0.000000    0.000000    0.000000    0.000000
   3.64722    0.000000    0.000000    0.000000    0.000000    0.000000    0.000000    0.000000    0.000000    0.000000    0.000000    0.000000
   3.65322    0.000000    0.000000    0.000000    0.000000    0.000000    0.000000    0.000000    0.000000    0.000000    0.000000    0.000000
   3.65922    0.000000    0.000000    0.000000    0.000000    0.000000    0.000000    0.000000    0.000000    0.000000    0.000000    0.000000
   3.66522    0.000000    0.000000    0.000000    0.000000    0.000000    0.000000    0.000000    0.000000    0.000000    0.000000    0.000000
   3.67122    0.000000    0.000000    0.000000    0.000000    0.000000    0.000000    0.000000    0.000000    0.000000    0.000000    0.000000
   3.67723    0.000000    0.000000    0.000000    0.000000    0.000000    0.000000    0.000000    0.000000    0.000000    0.000000    0.000000
   3.68323    0.000000    0.000000    0.000000    0.000000    0.000000    0.000000    0.000000    0.000000    0.000000    0.000000    0.000000
   3.68923    0.000000    0.000000    0.000000    0.000000    0.000000    0.000000    0.000000    0.000000    0.000000    0.000000    0.000000
   3.69523    0.000000    0.000000    0.000000    0.000000    0.000000    0.000000    0.000000    0.000000    0.000000    0.000000    0.000000
   3.70123    0.000000    0.000000    0.000000    0.000000    0.000000    0.000000    0.000000    0.000000    0.000000    0.000000    0.000000
   3.70724    0.000000    0.000000    0.000000    0.000000    0.000000    0.000000    0.000000    0.000000    0.000000    0.000000    0.000000
   3.71324    0.000000    0.000000    0.000000    0.000000    0.000000    0.000000    0.000000    0.000000    0.000000    0.000000    0.000000
   3.71924    0.000000    0.000000    0.000000    0.000000    0.000000    0.000000    0.000000    0.000000    0.000000    0.000000    0.000000
   3.72524    0.000000    0.000000    0.000000    0.000000    0.000000    0.000000    0.000000    0.000000    0.000000    0.000000    0.000000
   3.73124    0.000000    0.000000    0.000000    0.000000    0.000000    0.000000    0.000000    0.000000    0.000000    0.000000    0.000000
   3.73725    0.000000    0.000000    0.000000    0.000000    0.000000    0.000000    0.000000    0.000000    0.000000    0.000000    0.000000
   3.74325    0.000000    0.000000    0.000000    0.000000    0.000000    0.000000    0.000000    0.000000    0.000000    0.000000    0.000000
   3.74925    0.000000    0.000000    0.000000    0.000000    0.000000    0.000000    0.000000    0.000000    0.000000    0.000000    0.000000
   3.75525    0.000000    0.000000    0.000000    0.000000    0.000000    0.000000    0.000000    0.000000    0.000000    0.000000    0.000000
   3.76125    0.000000    0.000000    0.000000    0.000000    0.000000    0.000000    0.000000    0.000000    0.000000    0.000000    0.000000
   3.76726    0.000000    0.000000    0.000000    0.000000    0.000000    0.000000    0.000000    0.000000    0.000000    0.000000    0.000000
   3.77326    0.000000    0.000000    0.000000    0.000000    0.000000    0.000000    0.000000    0.000000    0.000000    0.000000    0.000000
   3.77926    0.000000    0.000000    0.000000    0.000000    0.000000    0.000000    0.000000    0.000000    0.000000    0.000000    0.000000
   3.78526    0.000000    0.000000    0.000000    0.000000    0.000000    0.000000    0.000000    0.000000    0.000000    0.000000    0.000000
   3.79126    0.000000    0.000000    0.000000    0.000000    0.000000    0.000000    0.000000    0.000000    0.000000    0.000000    0.000000
   3.79727    0.000000    0.000000    0.000000    0.000000    0.000000    0.000000    0.000000    0.000000    0.000000    0.000000    0.000000
   3.80327    0.000000    0.000000    0.000000    0.000000    0.000000    0.000000    0.000000    0.000000    0.000000    0.000000    0.000000
   3.80927    0.000000    0.000000    0.000000    0.000000    0.000000    0.000000    0.000000    0.000000    0.000000    0.000000    0.000000
   3.81527    0.000000    0.000000    0.000000    0.000000    0.000000    0.000000    0.000000    0.000000    0.000000    0.000000    0.000000
   3.82127    0.000000    0.000000    0.000000    0.000000    0.000000    0.000000    0.000000    0.000000    0.000000    0.000000    0.000000
   3.82728    0.000000    0.000000    0.000000    0.000000    0.000000    0.000000    0.000000    0.000000    0.000000    0.000000    0.000000
   3.83328    0.000000    0.000000    0.000000    0.000000    0.000000    0.000000    0.000000    0.000000    0.000000    0.000000    0.000000
   3.83928    0.000000    0.000000    0.000000    0.000000    0.000000    0.000000    0.000000    0.000000    0.000000    0.000000    0.000000
   3.84528    0.000000    0.000000    0.000000    0.000000    0.000000    0.000000    0.000000    0.000000    0.000000    0.000000    0.000000
   3.85128    0.000000    0.000000    0.000000    0.000000    0.000000    0.000000    0.000000    0.000000    0.000000    0.000000    0.000000
   3.85729    0.000000    0.000000    0.000000    0.000000    0.000000    0.000000    0.000000    0.000000    0.000000    0.000000    0.000000
   3.86329    0.000000    0.000000    0.000000    0.000000    0.000000    0.000000    0.000000    0.000000    0.000000    0.000000    0.000000
   3.86929    0.000000    0.000000    0.000000    0.000000    0.000000    0.000000    0.000000    0.000000    0.000000    0.000000    0.000000
   3.87529    0.000000    0.000000    0.000000    0.000000    0.000000    0.000000    0.000000    0.000000    0.000000    0.000000    0.000000
   3.88129    0.000000    0.000000    0.000000    0.000000    0.000000    0.000000    0.000000    0.000000    0.000000    0.000000    0.000000
   3.88730    0.000000    0.000000    0.000000    0.000000    0.000000    0.000000    0.000000    0.000000    0.000000    0.000000    0.000000
   3.89330    0.000000    0.000000    0.000000    0.000000    0.000000    0.000000    0.000000    0.000000    0.000000    0.000000    0.000000
   3.89930    0.000000    0.000000    0.000000    0.000000    0.000000    0.000000    0.000000    0.000000    0.000000    0.000000    0.000000
   3.90530    0.000000    0.000000    0.000000    0.000000    0.000000    0.000000    0.000000    0.000000    0.000000    0.000000    0.000000
   3.91130    0.000000    0.000000    0.000000    0.000000    0.000000    0.000000    0.000000    0.000000    0.000000    0.000000    0.000000
   3.91731    0.000000    0.000000    0.000000    0.000000    0.000000    0.000000    0.000000    0.000000    0.000000    0.000000    0.000000
   3.92331    0.000000    0.000000    0.000000    0.000000    0.000000    0.000000    0.000000    0.000000    0.000000    0.000000    0.000000
   3.92931    0.000000    0.000000    0.000000    0.000000    0.000000    0.000000    0.000000    0.000000    0.000000    0.000000    0.000000
   3.93531    0.000000    0.000000    0.000000    0.000000    0.000000    0.000000    0.000000    0.000000    0.000000    0.000000    0.000000
   3.94131    0.000000    0.000000    0.000000    0.000000    0.000000    0.000000    0.000000    0.000000    0.000000    0.000000    0.000000
   3.94732    0.000000    0.000000    0.000000    0.000000    0.000000    0.000000    0.000000    0.000000    0.000000    0.000000    0.000000
   3.95332    0.000000    0.000000    0.000000    0.000000    0.000000    0.000000    0.000000    0.000000    0.000000    0.000000    0.000000
   3.95932    0.000000    0.000000    0.000000    0.000000    0.000000    0.000000    0.000000    0.000000    0.000000    0.000000    0.000000
   3.96532    0.000000    0.000000    0.000000    0.000000    0.000000    0.000000    0.000000    0.000000    0.000000    0.000000    0.000000
   3.97132    0.000000    0.000000    0.000000    0.000000    0.000000    0.000000    0.000000    0.000000    0.000000    0.000000    0.000000
   3.97733    0.000000    0.000000    0.000000    0.000000    0.000000    0.000000    0.000000    0.000000    0.000000    0.000000    0.000000
   3.98333    0.000000    0.000000    0.000000    0.000000    0.000000    0.000000    0.000000    0.000000    0.000000    0.000000    0.000000
   3.98933    0.000000    0.000000    0.000000    0.000000    0.000000    0.000000    0.000000    0.000000    0.000000    0.000000    0.000000
   3.99533    0.000000    0.000000    0.000000    0.000000    0.000000    0.000000    0.000000    0.000000    0.000000    0.000000    0.000000
   4.00133    0.000000    0.000000    0.000000    0.000000    0.000000    0.000000    0.000000    0.000000    0.000000    0.000000    0.000000
   4.00734    0.000000    0.000000    0.000000    0.000000    0.000000    0.000000    0.000000    0.000000    0.000000    0.000000    0.000000
   4.01334    0.000000    0.000000    0.000000    0.000000    0.000000    0.000000    0.000000    0.000000    0.000000    0.000000    0.000000
   4.01934    0.000000    0.000000    0.000000    0.000000    0.000000    0.000000    0.000000    0.000000    0.000000    0.000000    0.000000
   4.02534    0.000000    0.000000    0.000000    0.000000    0.000000    0.000000    0.000000    0.000000    0.000000    0.000000    0.000000
   4.03134    0.000000    0.000000    0.000000    0.000000    0.000000    0.000000    0.000000    0.000000    0.000000    0.000000    0.000000
   4.03735    0.000000    0.000000    0.000000    0.000000    0.000000    0.000000    0.000000    0.000000    0.000000    0.000000    0.000000
   4.04335    0.000000    0.000000    0.000000    0.000000    0.000000    0.000000    0.000000    0.000000    0.000000    0.000000    0.000000
   4.04935    0.000000    0.000000    0.000000    0.000000    0.000000    0.000000    0.000000    0.000000    0.000000    0.000000    0.000000
   4.05535    0.000000    0.000000    0.000000    0.000000    0.000000    0.000000    0.000000    0.000000    0.000000    0.000000    0.000000
   4.06135    0.000000    0.000000    0.000000    0.000000    0.000000    0.000000    0.000000    0.000000    0.000000    0.000000    0.000000
   4.06736    0.000000    0.000000    0.000000    0.000000    0.000000    0.000000    0.000000    0.000000    0.000000    0.000000    0.000000
   4.07336    0.000000    0.000000    0.000000    0.000000    0.000000    0.000000    0.000000    0.000000    0.000000    0.000000    0.000000
   4.07936    0.000000    0.000000    0.000000    0.000000    0.000000    0.000000    0.000000    0.000000    0.000000    0.000000    0.000000
   4.08536    0.000000    0.000000    0.000000    0.000000    0.000000    0.000000    0.000000    0.000000    0.000000    0.000000    0.000000
   4.09136    0.000000    0.000000    0.000000    0.000000    0.000000    0.000000    0.000000    0.000000    0.000000    0.000000    0.000000
   4.09737    0.000000    0.000000    0.000000    0.000000    0.000000    0.000000    0.000000    0.000000    0.000000    0.000000    0.000000
   4.10337    0.000000    0.000000    0.000000    0.000000    0.000000    0.000000    0.000000    0.000000    0.000000    0.000000    0.000000
   4.10937    0.000000    0.000000    0.000000    0.000000    0.000000    0.000000    0.000000    0.000000    0.000000    0.000000    0.000000
   4.11537    0.000000    0.000000    0.000000    0.000000    0.000000    0.000000    0.000000    0.000000    0.000000    0.000000    0.000000
   4.12137    0.000000    0.000000    0.000000    0.000000    0.000000    0.000000    0.000000    0.000000    0.000000    0.000000    0.000000
   4.12738    0.000000    0.000000    0.000000    0.000000    0.000000    0.000000    0.000000    0.000000    0.000000    0.000000    0.000000
   4.13338    0.000000    0.000000    0.000000    0.000000    0.000000    0.000000    0.000000    0.000000    0.000000    0.000000    0.000000
   4.13938    0.000000    0.000000    0.000000    0.000000    0.000000    0.000000    0.000000    0.000000    0.000000    0.000000    0.000000
   4.14538    0.000000    0.000000    0.000000    0.000000    0.000000    0.000000    0.000000    0.000000    0.000000    0.000000    0.000000
   4.15138    0.000000    0.000000    0.000000    0.000000    0.000000    0.000000    0.000000    0.000000    0.000000    0.000000    0.000000
   4.15739    0.000000    0.000000    0.000000    0.000000    0.000000    0.000000    0.000000    0.000000    0.000000    0.000000    0.000000
   4.16339    0.000000    0.000000    0.000000    0.000000    0.000000    0.000000    0.000000    0.000000    0.000000    0.000000    0.000000
   4.16939    0.000000    0.000000    0.000000    0.000000    0.000000    0.000000    0.000000    0.000000    0.000000    0.000000    0.000000
   4.17539    0.000000    0.000000    0.000000    0.000000    0.000000    0.000000    0.000000    0.000000    0.000000    0.000000    0.000000
   4.18139    0.000000    0.000000    0.000000    0.000000    0.000000    0.000000    0.000000    0.000000    0.000000    0.000000    0.000000
   4.18740    0.000000    0.000000    0.000000    0.000000    0.000000    0.000000    0.000000    0.000000    0.000000    0.000000    0.000000
   4.19340    0.000000    0.000000    0.000000    0.000000    0.000000    0.000000    0.000000    0.000000    0.000000    0.000000    0.000000
   4.19940    0.000000    0.000000    0.000000    0.000000    0.000000    0.000000    0.000000    0.000000    0.000000    0.000000    0.000000
   4.20540    0.000000    0.000000    0.000000    0.000000    0.000000    0.000000    0.000000    0.000000    0.000000    0.000000    0.000000
   4.21140    0.000000    0.000000    0.000000    0.000000    0.000000    0.000000    0.000000    0.000000    0.000000    0.000000    0.000000
   4.21741    0.000000    0.000000    0.000000    0.000000    0.000000    0.000000    0.000000    0.000000    0.000000    0.000000    0.000000
   4.22341    0.000000    0.000000    0.000000    0.000000    0.000000    0.000000    0.000000    0.000000    0.000000    0.000000    0.000000
   4.22941    0.000000    0.000000    0.000000    0.000000    0.000000    0.000000    0.000000    0.000000    0.000000    0.000000    0.000000
   4.23541    0.000000    0.000000    0.000000    0.000000    0.000000    0.000000    0.000000    0.000000    0.000000    0.000000    0.000000
   4.24141    0.000000    0.000000    0.000000    0.000000    0.000000    0.000000    0.000000    0.000000    0.000000    0.000000    0.000000
   4.24742    0.000000    0.000000    0.000000    0.000000    0.000000    0.000000    0.000000    0.000000    0.000000    0.000000    0.000000
   4.25342    0.000000    0.000000    0.000000    0.000000    0.000000    0.000000    0.000000    0.000000    0.000000    0.000000    0.000000
   4.25942    0.000000    0.000000    0.000000    0.000000    0.000000    0.000000    0.000000    0.000000    0.000000    0.000000    0.000000
   4.26542    0.000000    0.000000    0.000000    0.000000    0.000000    0.000000    0.000000    0.000000    0.000000    0.000000    0.000000
   4.27142    0.000000    0.000000    0.000000    0.000000    0.000000    0.000000    0.000000    0.000000    0.000000    0.000000    0.000000
   4.27743    0.000000    0.000000    0.000000    0.000000    0.000000    0.000000    0.000000    0.000000    0.000000    0.000000    0.000000
   4.28343    0.000000    0.000000    0.000000    0.000000    0.000000    0.000000    0.000000    0.000000    0.000000    0.000000    0.000000
   4.28943    0.000000    0.000000    0.000000    0.000000    0.000000    0.000000    0.000000    0.000000    0.000000    0.000000    0.000000
   4.29543    0.000000    0.000000    0.000000    0.000000    0.000000    0.000000    0.000000    0.000000    0.000000    0.000000    0.000000
   4.30143    0.000000    0.000000    0.000000    0.000000    0.000000    0.000000    0.000000    0.000000    0.000000    0.000000    0.000000
   4.30744    0.000000    0.000000    0.000000    0.000000    0.000000    0.000000    0.000000    0.000000    0.000000    0.000000    0.000000
   4.31344    0.000000    0.000000    0.000000    0.000000    0.000000    0.000000    0.000000    0.000000    0.000000    0.000000    0.000000
   4.31944    0.000000    0.000000    0.000000    0.000000    0.000000    0.000000    0.000000    0.000000    0.000000    0.000000    0.000000
   4.32544    0.000000    0.000000    0.000000    0.000000    0.000000    0.000000    0.000000    0.000000    0.000000    0.000000    0.000000
   4.33144    0.000000    0.000000    0.000000    0.000000    0.000000    0.000000    0.000000    0.000000    0.000000    0.000000    0.000000
   4.33745    0.000000    0.000000    0.000000    0.000000    0.000000    0.000000    0.000000    0.000000    0.000000    0.000000    0.000000
   4.34345    0.000000    0.000000    0.000000    0.000000    0.000000    0.000000    0.000000    0.000000    0.000000    0.000000    0.000000
   4.34945    0.000000    0.000000    0.000000    0.000000    0.000000    0.000000    0.000000    0.000000    0.000000    0.000000    0.000000
   4.35545    0.000000    0.000000    0.000000    0.000000    0.000000    0.000000    0.000000    0.000000    0.000000    0.000000    0.000000
   4.36145    0.000000    0.000000    0.000000    0.000000    0.000000    0.000000    0.000000    0.000000    0.000000    0.000000    0.000000
   4.36746    0.000000    0.000000    0.000000    0.000000    0.000000    0.000000    0.000000    0.000000    0.000000    0.000000    0.000000
   4.37346    0.000000    0.000000    0.000000    0.000000    0.000000    0.000000    0.000000    0.000000    0.000000    0.000000    0.000000
   4.37946    0.000000    0.000000    0.000000    0.000000    0.000000    0.000000    0.000000    0.000000    0.000000    0.000000    0.000000
   4.38546    0.000000    0.000000    0.000000    0.000000    0.000000    0.000000    0.000000    0.000000    0.000000    0.000000    0.000000
   4.39146    0.000000    0.000000    0.000000    0.000000    0.000000    0.000000    0.000000    0.000000    0.000000    0.000000    0.000000
   4.39747    0.000000    0.000000    0.000000    0.000000    0.000000    0.000000    0.000000    0.000000    0.000000    0.000000    0.000000
   4.40347    0.000000    0.000000    0.000000    0.000000    0.000000    0.000000    0.000000    0.000000    0.000000    0.000000    0.000000
   4.40947    0.000000    0.000000    0.000000    0.000000    0.000000    0.000000    0.000000    0.000000    0.000000    0.000000    0.000000
   4.41547    0.000000    0.000000    0.000000    0.000000    0.000000    0.000000    0.000000    0.000000    0.000000    0.000000    0.000000
   4.42147    0.000000    0.000000    0.000000    0.000000    0.000000    0.000000    0.000000    0.000000    0.000000    0.000000    0.000000
   4.42748    0.000000    0.000000    0.000000    0.000000    0.000000    0.000000    0.000000    0.000000    0.000000    0.000000    0.000000
   4.43348    0.000000    0.000000    0.000000    0.000000    0.000000    0.000000    0.000000    0.000000    0.000000    0.000000    0.000000
   4.43948    0.000000    0.000000    0.000000    0.000000    0.000000    0.000000    0.000000    0.000000    0.000000    0.000000    0.000000
   4.44548    0.000000    0.000000    0.000000    0.000000    0.000000    0.000000    0.000000    0.000000    0.000000    0.000000    0.000000
   4.45148    0.000000    0.000000    0.000000    0.000000    0.000000    0.000000    0.000000    0.000000    0.000000    0.000000    0.000000
   4.45749    0.000000    0.000000    0.000000    0.000000    0.000000    0.000000    0.000000    0.000000    0.000000    0.000000    0.000000
   4.46349    0.000000    0.000000    0.000000    0.000000    0.000000    0.000000    0.000000    0.000000    0.000000    0.000000    0.000000
   4.46949    0.000000    0.000000    0.000000    0.000000    0.000000    0.000000    0.000000    0.000000    0.000000    0.000000    0.000000
   4.47549    0.000000    0.000000    0.000000    0.000000    0.000000    0.000000    0.000000    0.000000    0.000000    0.000000    0.000000
   4.48149    0.000000    0.000000    0.000000    0.000000    0.000000    0.000000    0.000000    0.000000    0.000000    0.000000    0.000000
   4.48750    0.000000    0.000000    0.000000    0.000000    0.000000    0.000000    0.000000    0.000000    0.000000    0.000000    0.000000
   4.49350    0.000000    0.000000    0.000000    0.000000    0.000000    0.000000    0.000000    0.000000    0.000000    0.000000    0.000000
   4.49950    0.000000    0.000000    0.000000    0.000000    0.000000    0.000000    0.000000    0.000000    0.000000    0.000000    0.000000
   4.50550    0.000000    0.000000    0.000000    0.000000    0.000000    0.000000    0.000000    0.000000    0.000000    0.000000    0.000000
   4.51150    0.000000    0.000000    0.000000    0.000000    0.000000    0.000000    0.000000    0.000000    0.000000    0.000000    0.000000
   4.51751    0.000000    0.000000    0.000000    0.000000    0.000000    0.000000    0.000000    0.000000    0.000000    0.000000    0.000000
   4.52351    0.000000    0.000000    0.000000    0.000000    0.000000    0.000000    0.000000    0.000000    0.000000    0.000000    0.000000
   4.52951    0.000000    0.000000    0.000000    0.000000    0.000000    0.000000    0.000000    0.000000    0.000000    0.000000    0.000000
   4.53551    0.000000    0.000000    0.000000    0.000000    0.000000    0.000000    0.000000    0.000000    0.000000    0.000000    0.000000
   4.54151    0.000000    0.000000    0.000000    0.000000    0.000000    0.000000    0.000000    0.000000    0.000000    0.000000    0.000000
   4.54752    0.000000    0.000000    0.000000    0.000000    0.000000    0.000000    0.000000    0.000000    0.000000    0.000000    0.000000
   4.55352    0.000000    0.000000    0.000000    0.000000    0.000000    0.000000    0.000000    0.000000    0.000000    0.000000    0.000000
   4.55952    0.000000    0.000000    0.000000    0.000000    0.000000    0.000000    0.000000    0.000000    0.000000    0.000000    0.000000
   4.56552    0.000000    0.000000    0.000000    0.000000    0.000000    0.000000    0.000000    0.000000    0.000000    0.000000    0.000000
   4.57152    0.000000    0.000000    0.000000    0.000000    0.000000    0.000000    0.000000    0.000000    0.000000    0.000000    0.000000
   4.57753    0.000000    0.000000    0.000000    0.000000    0.000000    0.000000    0.000000    0.000000    0.000000    0.000000    0.000000
   4.58353    0.000000    0.000000    0.000000    0.000000    0.000000    0.000000    0.000000    0.000000    0.000000    0.000000    0.000000
   4.58953    0.000000    0.000000    0.000000    0.000000    0.000000    0.000000    0.000000    0.000000    0.000000    0.000000    0.000000
   4.59553    0.000000    0.000000    0.000000    0.000000    0.000000    0.000000    0.000000    0.000000    0.000000    0.000000    0.000000
   4.60153    0.000000    0.000000    0.000000    0.000000    0.000000    0.000000    0.000000    0.000000    0.000000    0.000000    0.000000
   4.60754    0.000000    0.000000    0.000000    0.000000    0.000000    0.000000    0.000000    0.000000    0.000000    0.000000    0.000000
   4.61354    0.000000    0.000000    0.000000    0.000000    0.000000    0.000000    0.000000    0.000000    0.000000    0.000000    0.000000
   4.61954    0.000000    0.000000    0.000000    0.000000    0.000000    0.000000    0.000000    0.000000    0.000000    0.000000    0.000000
   4.62554    0.000000    0.000000    0.000000    0.000000    0.000000    0.000000    0.000000    0.000000    0.000000    0.000000    0.000000
   4.63154    0.000000    0.000000    0.000000    0.000000    0.000000    0.000000    0.000000    0.000000    0.000000    0.000000    0.000000
   4.63755    0.000000    0.000000    0.000000    0.000000    0.000000    0.000000    0.000000    0.000000    0.000000    0.000000    0.000000
   4.64355    0.000000    0.000000    0.000000    0.000000    0.000000    0.000000    0.000000    0.000000    0.000000    0.000000    0.000000
   4.64955    0.000000    0.000000    0.000000    0.000000    0.000000    0.000000    0.000000    0.000000    0.000000    0.000000    0.000000
   4.65555    0.000000    0.000000    0.000000    0.000000    0.000000    0.000000    0.000000    0.000000    0.000000    0.000000    0.000000
   4.66155    0.000000    0.000000    0.000000    0.000000    0.000000    0.000000    0.000000    0.000000    0.000000    0.000000    0.000000
   4.66756    0.000000    0.000000    0.000000    0.000000    0.000000    0.000000    0.000000    0.000000    0.000000    0.000000    0.000000
   4.67356    0.000000    0.000000    0.000000    0.000000    0.000000    0.000000    0.000000    0.000000    0.000000    0.000000    0.000000
   4.67956    0.000000    0.000000    0.000000    0.000000    0.000000    0.000000    0.000000    0.000000    0.000000    0.000000    0.000000
   4.68556    0.000000    0.000000    0.000000    0.000000    0.000000    0.000000    0.000000    0.000000    0.000000    0.000000    0.000000
   4.69156    0.000000    0.000000    0.000000    0.000000    0.000000    0.000000    0.000000    0.000000    0.000000    0.000000    0.000000
   4.69757    0.000000    0.000000    0.000000    0.000000    0.000000    0.000000    0.000000    0.000000    0.000000    0.000000    0.000000
   4.70357    0.000000    0.000000    0.000000    0.000000    0.000000    0.000000    0.000000    0.000000    0.000000    0.000000    0.000000
   4.70957    0.000000    0.000000    0.000000    0.000000    0.000000    0.000000    0.000000    0.000000    0.000000    0.000000    0.000000
   4.71557    0.000000    0.000000    0.000000    0.000000    0.000000    0.000000    0.000000    0.000000    0.000000    0.000000    0.000000
   4.72157    0.000000    0.000000    0.000000    0.000000    0.000000    0.000000    0.000000    0.000000    0.000000    0.000000    0.000000
   4.72758    0.000000    0.000000    0.000000    0.000000    0.000000    0.000000    0.000000    0.000000    0.000000    0.000000    0.000000
   4.73358    0.000000    0.000000    0.000000    0.000000    0.000000    0.000000    0.000000    0.000000    0.000000    0.000000    0.000000
   4.73958    0.000000    0.000000    0.000000    0.000000    0.000000    0.000000    0.000000    0.000000    0.000000    0.000000    0.000000
   4.74558    0.000000    0.000000    0.000000    0.000000    0.000000    0.000000    0.000000    0.000000    0.000000    0.000000    0.000000
   4.75158    0.000000    0.000000    0.000000    0.000000    0.000000    0.000000    0.000000    0.000000    0.000000    0.000000    0.000000
   4.75759    0.000000    0.000000    0.000000    0.000000    0.000000    0.000000    0.000000    0.000000    0.000000    0.000000    0.000000
   4.76359    0.000000    0.000000    0.000000    0.000000    0.000000    0.000000    0.000000    0.000000    0.000000    0.000000    0.000000
   4.76959    0.000000    0.000000    0.000000    0.000000    0.000000    0.000000    0.000000    0.000000    0.000000    0.000000    0.000000
   4.77559    0.000000    0.000000    0.000000    0.000000    0.000000    0.000000    0.000000    0.000000    0.000000    0.000000    0.000000
   4.78159    0.000000    0.000000    0.000000    0.000000    0.000000    0.000000    0.000000    0.000000    0.000000    0.000000    0.000000
   4.78760    0.000000    0.000000    0.000000    0.000000    0.000000    0.000000    0.000000    0.000000    0.000000    0.000000    0.000000
   4.79360    0.000000    0.000000    0.000000    0.000000    0.000000    0.000000    0.000000    0.000000    0.000000    0.000000    0.000000
   4.79960    0.000000    0.000000    0.000000    0.000000    0.000000    0.000000    0.000000    0.000000    0.000000    0.000000    0.000000
   4.80560    0.000000    0.000000    0.000000    0.000000    0.000000    0.000000    0.000000    0.000000    0.000000    0.000000    0.000000
   4.81160    0.000000    0.000000    0.000000    0.000000    0.000000    0.000000    0.000000    0.000000    0.000000    0.000000    0.000000
   4.81761    0.000000    0.000000    0.000000    0.000000    0.000000    0.000000    0.000000    0.000000    0.000000    0.000000    0.000000
   4.82361    0.000000    0.000000    0.000000    0.000000    0.000000    0.000000    0.000000    0.000000    0.000000    0.000000    0.000000
   4.82961    0.000000    0.000000    0.000000    0.000000    0.000000    0.000000    0.000000    0.000000    0.000000    0.000000    0.000000
   4.83561    0.000000    0.000000    0.000000    0.000000    0.000000    0.000000    0.000000    0.000000    0.000000    0.000000    0.000000
   4.84161    0.000000    0.000000    0.000000    0.000000    0.000000    0.000000    0.000000    0.000000    0.000000    0.000000    0.000000
   4.84762    0.000000    0.000000    0.000000    0.000000    0.000000    0.000000    0.000000    0.000000    0.000000    0.000000    0.000000
   4.85362    0.000000    0.000000    0.000000    0.000000    0.000000    0.000000    0.000000    0.000000    0.000000    0.000000    0.000000
   4.85962    0.000000    0.000000    0.000000    0.000000    0.000000    0.000000    0.000000    0.000000    0.000000    0.000000    0.000000
   4.86562    0.000000    0.000000    0.000000    0.000000    0.000000    0.000000    0.000000    0.000000    0.000000    0.000000    0.000000
   4.87162    0.000000    0.000000    0.000000    0.000000    0.000000    0.000000    0.000000    0.000000    0.000000    0.000000    0.000000
   4.87763    0.000000    0.000000    0.000000    0.000000    0.000000    0.000000    0.000000    0.000000    0.000000    0.000000    0.000000
   4.88363    0.000000    0.000000    0.000000    0.000000    0.000000    0.000000    0.000000    0.000000    0.000000    0.000000    0.000000
   4.88963    0.000000    0.000000    0.000000    0.000000    0.000000    0.000000    0.000000    0.000000    0.000000    0.000000    0.000000
   4.89563    0.000000    0.000000    0.000000    0.000000    0.000000    0.000000    0.000000    0.000000    0.000000    0.000000    0.000000
   4.90163    0.000000    0.000000    0.000000    0.000000    0.000000    0.000000    0.000000    0.000000    0.000000    0.000000    0.000000
   4.90764    0.000000    0.000000    0.000000    0.000000    0.000000    0.000000    0.000000    0.000000    0.000000    0.000000    0.000000
   4.91364    0.000000    0.000000    0.000000    0.000000    0.000000    0.000000    0.000000    0.000000    0.000000    0.000000    0.000000
   4.91964    0.000000    0.000000    0.000000    0.000000    0.000000    0.000000    0.000000    0.000000    0.000000    0.000000    0.000000
   4.92564    0.000000    0.000000    0.000000    0.000000    0.000000    0.000000    0.000000    0.000000    0.000000    0.000000    0.000000
   4.93164    0.000000    0.000000    0.000000    0.000000    0.000000    0.000000    0.000000    0.000000    0.000000    0.000000    0.000000
   4.93765    0.000000    0.000000    0.000000    0.000000    0.000000    0.000000    0.000000    0.000000    0.000000    0.000000    0.000000
   4.94365    0.000000    0.000000    0.000000    0.000000    0.000000    0.000000    0.000000    0.000000    0.000000    0.000000    0.000000
   4.94965    0.000000    0.000000    0.000000    0.000000    0.000000    0.000000    0.000000    0.000000    0.000000    0.000000    0.000000
   4.95565    0.000000    0.000000    0.000000    0.000000    0.000000    0.000000    0.000000    0.000000    0.000000    0.000000    0.000000
   4.96165    0.000000    0.000000    0.000000    0.000000    0.000000    0.000000    0.000000    0.000000    0.000000    0.000000    0.000000
   4.96766    0.000000    0.000000    0.000000    0.000000    0.000000    0.000000    0.000000    0.000000    0.000000    0.000000    0.000000
   4.97366    0.000000    0.000000    0.000000    0.000000    0.000000    0.000000    0.000000    0.000000    0.000000    0.000000    0.000000
   4.97966    0.000000    0.000000    0.000000    0.000000    0.000000    0.000000    0.000000    0.000000    0.000000    0.000000    0.000000
   4.98566    0.000000    0.000000    0.000000    0.000000    0.000000    0.000000    0.000000    0.000000    0.000000    0.000000    0.000000
   4.99166    0.000000    0.000000    0.000000    0.000000    0.000000    0.000000    0.000000    0.000000    0.000000    0.000000    0.000000
   4.99767    0.000000    0.000000    0.000000    0.000000    0.000000    0.000000    0.000000    0.000000    0.000000    0.000000    0.000000
   5.00367    0.000000    0.000000    0.000000    0.000000    0.000000    0.000000    0.000000    0.000000    0.000000    0.000000    0.000000
   5.00967    0.000000    0.000000    0.000000    0.000000    0.000000    0.000000    0.000000    0.000000    0.000000    0.000000    0.000000
   5.01567    0.000000    0.000000    0.000000    0.000000    0.000000    0.000000    0.000000    0.000000    0.000000    0.000000    0.000000
   5.02167    0.000000    0.000000    0.000000    0.000000    0.000000    0.000000    0.000000    0.000000    0.000000    0.000000    0.000000
   5.02768    0.000000    0.000000    0.000000    0.000000    0.000000    0.000000    0.000000    0.000000    0.000000    0.000000    0.000000
   5.03368    0.000000    0.000000    0.000000    0.000000    0.000000    0.000000    0.000000    0.000000    0.000000    0.000000    0.000000
   5.03968    0.000000    0.000000    0.000000    0.000000    0.000000    0.000000    0.000000    0.000000    0.000000    0.000000    0.000000
   5.04568    0.000000    0.000000    0.000000    0.000000    0.000000    0.000000    0.000000    0.000000    0.000000    0.000000    0.000000
   5.05168    0.000000    0.000000    0.000000    0.000000    0.000000    0.000000    0.000000    0.000000    0.000000    0.000000    0.000000
   5.05769    0.000000    0.000000    0.000000    0.000000    0.000000    0.000000    0.000000    0.000000    0.000000    0.000000    0.000000
   5.06369    0.000000    0.000000    0.000000    0.000000    0.000000    0.000000    0.000000    0.000000    0.000000    0.000000    0.000000
   5.06969    0.000000    0.000000    0.000000    0.000000    0.000000    0.000000    0.000000    0.000000    0.000000    0.000000    0.000000
   5.07569    0.000000    0.000000    0.000000    0.000000    0.000000    0.000000    0.000000    0.000000    0.000000    0.000000    0.000000
   5.08169    0.000000    0.000000    0.000000    0.000000    0.000000    0.000000    0.000000    0.000000    0.000000    0.000000    0.000000
   5.08770    0.000000    0.000000    0.000000    0.000000    0.000000    0.000000    0.000000    0.000000    0.000000    0.000000    0.000000
   5.09370    0.000000    0.000000    0.000000    0.000000    0.000000    0.000000    0.000000    0.000000    0.000000    0.000000    0.000000
   5.09970    0.000000    0.000000    0.000000    0.000000    0.000000    0.000000    0.000000    0.000000    0.000000    0.000000    0.000000
   5.10570    0.000000    0.000000    0.000000    0.000000    0.000000    0.000000    0.000000    0.000000    0.000000    0.000000    0.000000
   5.11170    0.000000    0.000000    0.000000    0.000000    0.000000    0.000000    0.000000    0.000000    0.000000    0.000000    0.000000
   5.11771    0.000000    0.000000    0.000000    0.000000    0.000000    0.000000    0.000000    0.000000    0.000000    0.000000    0.000000
   5.12371    0.000000    0.000000    0.000000    0.000000    0.000000    0.000000    0.000000    0.000000    0.000000    0.000000    0.000000
   5.12971    0.000000    0.000000    0.000000    0.000000    0.000000    0.000000    0.000000    0.000000    0.000000    0.000000    0.000000
   5.13571    0.000000    0.000000    0.000000    0.000000    0.000000    0.000000    0.000000    0.000000    0.000000    0.000000    0.000000
   5.14171    0.000000    0.000000    0.000000    0.000000    0.000000    0.000000    0.000000    0.000000    0.000000    0.000000    0.000000
   5.14772    0.000000    0.000000    0.000000    0.000000    0.000000    0.000000    0.000000    0.000000    0.000000    0.000000    0.000000
   5.15372    0.000000    0.000000    0.000000    0.000000    0.000000    0.000000    0.000000    0.000000    0.000000    0.000000    0.000000
   5.15972    0.000000    0.000000    0.000000    0.000000    0.000000    0.000000    0.000000    0.000000    0.000000    0.000000    0.000000
   5.16572    0.000000    0.000000    0.000000    0.000000    0.000000    0.000000    0.000000    0.000000    0.000000    0.000000    0.000000
   5.17172    0.000000    0.000000    0.000000    0.000000    0.000000    0.000000    0.000000    0.000000    0.000000    0.000000    0.000000
   5.17773    0.000000    0.000000    0.000000    0.000000    0.000000    0.000000    0.000000    0.000000    0.000000    0.000000    0.000000
   5.18373    0.000000    0.000000    0.000000    0.000000    0.000000    0.000000    0.000000    0.000000    0.000000    0.000000    0.000000
   5.18973    0.000000    0.000000    0.000000    0.000000    0.000000    0.000000    0.000000    0.000000    0.000000    0.000000    0.000000
   5.19573    0.000000    0.000000    0.000000    0.000000    0.000000    0.000000    0.000000    0.000000    0.000000    0.000000    0.000000
   5.20173    0.000000    0.000000    0.000000    0.000000    0.000000    0.000000    0.000000    0.000000    0.000000    0.000000    0.000000
   5.20774    0.000000    0.000000    0.000000    0.000000    0.000000    0.000000    0.000000    0.000000    0.000000    0.000000    0.000000
   5.21374    0.000000    0.000000    0.000000    0.000000    0.000000    0.000000    0.000000    0.000000    0.000000    0.000000    0.000000
   5.21974    0.000000    0.000000    0.000000    0.000000    0.000000    0.000000    0.000000    0.000000    0.000000    0.000000    0.000000
   5.22574    0.000000    0.000000    0.000000    0.000000    0.000000    0.000000    0.000000    0.000000    0.000000    0.000000    0.000000
   5.23174    0.000000    0.000000    0.000000    0.000000    0.000000    0.000000    0.000000    0.000000    0.000000    0.000000    0.000000
   5.23775    0.000000    0.000000    0.000000    0.000000    0.000000    0.000000    0.000000    0.000000    0.000000    0.000000    0.000000
   5.24375    0.000000    0.000000    0.000000    0.000000    0.000000    0.000000    0.000000    0.000000    0.000000    0.000000    0.000000
   5.24975    0.000000    0.000000    0.000000    0.000000    0.000000    0.000000    0.000000    0.000000    0.000000    0.000000    0.000000
   5.25575    0.000000    0.000000    0.000000    0.000000    0.000000    0.000000    0.000000    0.000000    0.000000    0.000000    0.000000
   5.26175    0.000000    0.000000    0.000000    0.000000    0.000000    0.000000    0.000000    0.000000    0.000000    0.000000    0.000000
   5.26776    0.000000    0.000000    0.000000    0.000000    0.000000    0.000000    0.000000    0.000000    0.000000    0.000000    0.000000
   5.27376    0.000000    0.000000    0.000000    0.000000    0.000000    0.000000    0.000000    0.000000    0.000000    0.000000    0.000000
   5.27976    0.000000    0.000000    0.000000    0.000000    0.000000    0.000000    0.000000    0.000000    0.000000    0.000000    0.000000
   5.28576    0.000000    0.000000    0.000000    0.000000    0.000000    0.000000    0.000000    0.000000    0.000000    0.000000    0.000000
   5.29176    0.000000    0.000000    0.000000    0.000000    0.000000    0.000000    0.000000    0.000000    0.000000    0.000000    0.000000
   5.29777    0.000000    0.000000    0.000000    0.000000    0.000000    0.000000    0.000000    0.000000    0.000000    0.000000    0.000000
   5.30377    0.000000    0.000000    0.000000    0.000000    0.000000    0.000000    0.000000    0.000000    0.000000    0.000000    0.000000
   5.30977    0.000000    0.000000    0.000000    0.000000    0.000000    0.000000    0.000000    0.000000    0.000000    0.000000    0.000000
   5.31577    0.000000    0.000000    0.000000    0.000000    0.000000    0.000000    0.000000    0.000000    0.000000    0.000000    0.000000
   5.32177    0.000000    0.000000    0.000000    0.000000    0.000000    0.000000    0.000000    0.000000    0.000000    0.000000    0.000000
   5.32778    0.000000    0.000000    0.000000    0.000000    0.000000    0.000000    0.000000    0.000000    0.000000    0.000000    0.000000
   5.33378    0.000000    0.000000    0.000000    0.000000    0.000000    0.000000    0.000000    0.000000    0.000000    0.000000    0.000000
   5.33978    0.000000    0.000000    0.000000    0.000000    0.000000    0.000000    0.000000    0.000000    0.000000    0.000000    0.000000
   5.34578    0.000000    0.000000    0.000000    0.000000    0.000000    0.000000    0.000000    0.000000    0.000000    0.000000    0.000000
   5.35178    0.000000    0.000000    0.000000    0.000000    0.000000    0.000000    0.000000    0.000000    0.000000    0.000000    0.000000
   5.35779    0.000000    0.000000    0.000000    0.000000    0.000000    0.000000    0.000000    0.000000    0.000000    0.000000    0.000000
   5.36379    0.000000    0.000000    0.000000    0.000000    0.000000    0.000000    0.000000    0.000000    0.000000    0.000000    0.000000
   5.36979    0.000000    0.000000    0.000000    0.000000    0.000000    0.000000    0.000000    0.000000    0.000000    0.000000    0.000000
   5.37579    0.000000    0.000000    0.000000    0.000000    0.000000    0.000000    0.000000    0.000000    0.000000    0.000000    0.000000
   5.38179    0.000000    0.000000    0.000000    0.000000    0.000000    0.000000    0.000000    0.000000    0.000000    0.000000    0.000000
   5.38780    0.000000    0.000000    0.000000    0.000000    0.000000    0.000000    0.000000    0.000000    0.000000    0.000000    0.000000
   5.39380    0.000000    0.000000    0.000000    0.000000    0.000000    0.000000    0.000000    0.000000    0.000000    0.000000    0.000000
   5.39980    0.000000    0.000000    0.000000    0.000000    0.000000    0.000000    0.000000    0.000000    0.000000    0.000000    0.000000
   5.40580    0.000000    0.000000    0.000000    0.000000    0.000000    0.000000    0.000000    0.000000    0.000000    0.000000    0.000000
   5.41180    0.000000    0.000000    0.000000    0.000000    0.000000    0.000000    0.000000    0.000000    0.000000    0.000000    0.000000
   5.41781    0.000000    0.000000    0.000000    0.000000    0.000000    0.000000    0.000000    0.000000    0.000000    0.000000    0.000000
   5.42381    0.000000    0.000000    0.000000    0.000000    0.000000    0.000000    0.000000    0.000000    0.000000    0.000000    0.000000
   5.42981    0.000000    0.000000    0.000000    0.000000    0.000000    0.000000    0.000000    0.000000    0.000000    0.000000    0.000000
   5.43581    0.000000    0.000000    0.000000    0.000000    0.000000    0.000000    0.000000    0.000000    0.000000    0.000000    0.000000
   5.44181    0.000000    0.000000    0.000000    0.000000    0.000000    0.000000    0.000000    0.000000    0.000000    0.000000    0.000000
   5.44782    0.000000    0.000000    0.000000    0.000000    0.000000    0.000000    0.000000    0.000000    0.000000    0.000000    0.000000
   5.45382    0.000000    0.000000    0.000000    0.000000    0.000000    0.000000    0.000000    0.000000    0.000000    0.000000    0.000000
   5.45982    0.000000    0.000000    0.000000    0.000000    0.000000    0.000000    0.000000    0.000000    0.000000    0.000000    0.000000
   5.46582    0.000000    0.000000    0.000000    0.000000    0.000000    0.000000    0.000000    0.000000    0.000000    0.000000    0.000000
   5.47182    0.000000    0.000000    0.000000    0.000000    0.000000    0.000000    0.000000    0.000000    0.000000    0.000000    0.000000
   5.47783    0.000000    0.000000    0.000000    0.000000    0.000000    0.000000    0.000000    0.000000    0.000000    0.000000    0.000000
   5.48383    0.000000    0.000000    0.000000    0.000000    0.000000    0.000000    0.000000    0.000000    0.000000    0.000000    0.000000
   5.48983    0.000000    0.000000    0.000000    0.000000    0.000000    0.000000    0.000000    0.000000    0.000000    0.000000    0.000000
   5.49583    0.000000    0.000000    0.000000    0.000000    0.000000    0.000000    0.000000    0.000000    0.000000    0.000000    0.000000
   5.50183    0.000000    0.000000    0.000000    0.000000    0.000000    0.000000    0.000000    0.000000    0.000000    0.000000    0.000000
   5.50784    0.000000    0.000000    0.000000    0.000000    0.000000    0.000000    0.000000    0.000000    0.000000    0.000000    0.000000
   5.51384    0.000000    0.000000    0.000000    0.000000    0.000000    0.000000    0.000000    0.000000    0.000000    0.000000    0.000000
   5.51984    0.000000    0.000000    0.000000    0.000000    0.000000    0.000000    0.000000    0.000000    0.000000    0.000000    0.000000
   5.52584    0.000000    0.000000    0.000000    0.000000    0.000000    0.000000    0.000000    0.000000    0.000000    0.000000    0.000000
   5.53184    0.000000    0.000000    0.000000    0.000000    0.000000    0.000000    0.000000    0.000000    0.000000    0.000000    0.000000
   5.53785    0.000000    0.000000    0.000000    0.000000    0.000000    0.000000    0.000000    0.000000    0.000000    0.000000    0.000000
   5.54385    0.000000    0.000000    0.000000    0.000000    0.000000    0.000000    0.000000    0.000000    0.000000    0.000000    0.000000
   5.54985    0.000000    0.000000    0.000000    0.000000    0.000000    0.000000    0.000000    0.000000    0.000000    0.000000    0.000000
   5.55585    0.000000    0.000000    0.000000    0.000000    0.000000    0.000000    0.000000    0.000000    0.000000    0.000000    0.000000
   5.56185    0.000000    0.000000    0.000000    0.000000    0.000000    0.000000    0.000000    0.000000    0.000000    0.000000    0.000000
   5.56786    0.000000    0.000000    0.000000    0.000000    0.000000    0.000000    0.000000    0.000000    0.000000    0.000000    0.000000
   5.57386    0.000000    0.000000    0.000000    0.000000    0.000000    0.000000    0.000000    0.000000    0.000000    0.000000    0.000000
   5.57986    0.000000    0.000000    0.000000    0.000000    0.000000    0.000000    0.000000    0.000000    0.000000    0.000000    0.000000
   5.58586    0.000000    0.000000    0.000000    0.000000    0.000000    0.000000    0.000000    0.000000    0.000000    0.000000    0.000000
   5.59186    0.000000    0.000000    0.000000    0.000000    0.000000    0.000000    0.000000    0.000000    0.000000    0.000000    0.000000
   5.59787    0.000000    0.000000    0.000000    0.000000    0.000000    0.000000    0.000000    0.000000    0.000000    0.000000    0.000000
   5.60387    0.000000    0.000000    0.000000    0.000000    0.000000    0.000000    0.000000    0.000000    0.000000    0.000000    0.000000
   5.60987    0.000000    0.000000    0.000000    0.000000    0.000000    0.000000    0.000000    0.000000    0.000000    0.000000    0.000000
   5.61587    0.000000    0.000000    0.000000    0.000000    0.000000    0.000000    0.000000    0.000000    0.000000    0.000000    0.000000
   5.62187    0.000000    0.000000    0.000000    0.000000    0.000000    0.000000    0.000000    0.000000    0.000000    0.000000    0.000000
   5.62788    0.000000    0.000000    0.000000    0.000000    0.000000    0.000000    0.000000    0.000000    0.000000    0.000000    0.000000
   5.63388    0.000000    0.000000    0.000000    0.000000    0.000000    0.000000    0.000000    0.000000    0.000000    0.000000    0.000000
   5.63988    0.000000    0.000000    0.000000    0.000000    0.000000    0.000000    0.000000    0.000000    0.000000    0.000000    0.000000
   5.64588    0.000000    0.000000    0.000000    0.000000    0.000000    0.000000    0.000000    0.000000    0.000000    0.000000    0.000000
   5.65188    0.000000    0.000000    0.000000    0.000000    0.000000    0.000000    0.000000    0.000000    0.000000    0.000000    0.000000
   5.65789    0.000000    0.000000    0.000000    0.000000    0.000000    0.000000    0.000000    0.000000    0.000000    0.000000    0.000000
   5.66389    0.000000    0.000000    0.000000    0.000000    0.000000    0.000000    0.000000    0.000000    0.000000    0.000000    0.000000
   5.66989    0.000000    0.000000    0.000000    0.000000    0.000000    0.000000    0.000000    0.000000    0.000000    0.000000    0.000000
   5.67589    0.000000    0.000000    0.000000    0.000000    0.000000    0.000000    0.000000    0.000000    0.000000    0.000000    0.000000
   5.68189    0.000000    0.000000    0.000000    0.000000    0.000000    0.000000    0.000000    0.000000    0.000000    0.000000    0.000000
   5.68790    0.000000    0.000000    0.000000    0.000000    0.000000    0.000000    0.000000    0.000000    0.000000    0.000000    0.000000
   5.69390    0.000000    0.000000    0.000000    0.000000    0.000000    0.000000    0.000000    0.000000    0.000000    0.000000    0.000000
   5.69990    0.000000    0.000000    0.000000    0.000000    0.000000    0.000000    0.000000    0.000000    0.000000    0.000000    0.000000
   5.70590    0.000000    0.000000    0.000000    0.000000    0.000000    0.000000    0.000000    0.000000    0.000000    0.000000    0.000000
   5.71190    0.000000    0.000000    0.000000    0.000000    0.000000    0.000000    0.000000    0.000000    0.000000    0.000000    0.000000
   5.71791    0.000000    0.000000    0.000000    0.000000    0.000000    0.000000    0.000000    0.000000    0.000000    0.000000    0.000000
   5.72391    0.000000    0.000000    0.000000    0.000000    0.000000    0.000000    0.000000    0.000000    0.000000    0.000000    0.000000
   5.72991    0.000000    0.000000    0.000000    0.000000    0.000000    0.000000    0.000000    0.000000    0.000000    0.000000    0.000000
   5.73591    0.000000    0.000000    0.000000    0.000000    0.000000    0.000000    0.000000    0.000000    0.000000    0.000000    0.000000
   5.74191    0.000000    0.000000    0.000000    0.000000    0.000000    0.000000    0.000000    0.000000    0.000000    0.000000    0.000000
   5.74792    0.000000    0.000000    0.000000    0.000000    0.000000    0.000000    0.000000    0.000000    0.000000    0.000000    0.000000
   5.75392    0.000000    0.000000    0.000000    0.000000    0.000000    0.000000    0.000000    0.000000    0.000000    0.000000    0.000000
   5.75992    0.000000    0.000000    0.000000    0.000000    0.000000    0.000000    0.000000    0.000000    0.000000    0.000000    0.000000
   5.76592    0.000000    0.000000    0.000000    0.000000    0.000000    0.000000    0.000000    0.000000    0.000000    0.000000    0.000000
   5.77192    0.000000    0.000000    0.000000    0.000000    0.000000    0.000000    0.000000    0.000000    0.000000    0.000000    0.000000
   5.77793    0.000000    0.000000    0.000000    0.000000    0.000000    0.000000    0.000000    0.000000    0.000000    0.000000    0.000000
   5.78393    0.000000    0.000000    0.000000    0.000000    0.000000    0.000000    0.000000    0.000000    0.000000    0.000000    0.000000
   5.78993    0.000000    0.000000    0.000000    0.000000    0.000000    0.000000    0.000000    0.000000    0.000000    0.000000    0.000000
   5.79593    0.000000    0.000000    0.000000    0.000000    0.000000    0.000000    0.000000    0.000000    0.000000    0.000000    0.000000
   5.80193    0.000000    0.000000    0.000000    0.000000    0.000000    0.000000    0.000000    0.000000    0.000000    0.000000    0.000000
   5.80794    0.000000    0.000000    0.000000    0.000000    0.000000    0.000000    0.000000    0.000000    0.000000    0.000000    0.000000
   5.81394    0.000000    0.000000    0.000000    0.000000    0.000000    0.000000    0.000000    0.000000    0.000000    0.000000    0.000000
   5.81994    0.000000    0.000000    0.000000    0.000000    0.000000    0.000000    0.000000    0.000000    0.000000    0.000000    0.000000
   5.82594    0.000000    0.000000    0.000000    0.000000    0.000000    0.000000    0.000000    0.000000    0.000000    0.000000    0.000000
   5.83194    0.000000    0.000000    0.000000    0.000000    0.000000    0.000000    0.000000    0.000000    0.000000    0.000000    0.000000
   5.83795    0.000000    0.000000    0.000000    0.000000    0.000000    0.000000    0.000000    0.000000    0.000000    0.000000    0.000000
   5.84395    0.000000    0.000000    0.000000    0.000000    0.000000    0.000000    0.000000    0.000000    0.000000    0.000000    0.000000
   5.84995    0.000000    0.000000    0.000000    0.000000    0.000000    0.000000    0.000000    0.000000    0.000000    0.000000    0.000000
   5.85595    0.000000    0.000000    0.000000    0.000000    0.000000    0.000000    0.000000    0.000000    0.000000    0.000000    0.000000
   5.86195    0.000000    0.000000    0.000000    0.000000    0.000000    0.000000    0.000000    0.000000    0.000000    0.000000    0.000000
   5.86796    0.000000    0.000000    0.000000    0.000000    0.000000    0.000000    0.000000    0.000000    0.000000    0.000000    0.000000
   5.87396    0.000000    0.000000    0.000000    0.000000    0.000000    0.000000    0.000000    0.000000    0.000000    0.000000    0.000000
   5.87996    0.000000    0.000000    0.000000    0.000000    0.000000    0.000000    0.000000    0.000000    0.000000    0.000000    0.000000
   5.88596    0.000000    0.000000    0.000000    0.000000    0.000000    0.000000    0.000000    0.000000    0.000000    0.000000    0.000000
   5.89196    0.000000    0.000000    0.000000    0.000000    0.000000    0.000000    0.000000    0.000000    0.000000    0.000000    0.000000
   5.89797    0.000000    0.000000    0.000000    0.000000    0.000000    0.000000    0.000000    0.000000    0.000000    0.000000    0.000000
   5.90397    0.000000    0.000000    0.000000    0.000000    0.000000    0.000000    0.000000    0.000000    0.000000    0.000000    0.000000
   5.90997    0.000000    0.000000    0.000000    0.000000    0.000000    0.000000    0.000000    0.000000    0.000000    0.000000    0.000000
   5.91597    0.000000    0.000000    0.000000    0.000000    0.000000    0.000000    0.000000    0.000000    0.000000    0.000000    0.000000
   5.92197    0.000000    0.000000    0.000000    0.000000    0.000000    0.000000    0.000000    0.000000    0.000000    0.000000    0.000000
   5.92798    0.000000    0.000000    0.000000    0.000000    0.000000    0.000000    0.000000    0.000000    0.000000    0.000000    0.000000
   5.93398    0.000000    0.000000    0.000000    0.000000    0.000000    0.000000    0.000000    0.000000    0.000000    0.000000    0.000000
   5.93998    0.000000    0.000000    0.000000    0.000000    0.000000    0.000000    0.000000    0.000000    0.000000    0.000000    0.000000
   5.94598    0.000000    0.000000    0.000000    0.000000    0.000000    0.000000    0.000000    0.000000    0.000000    0.000000    0.000000
   5.95198    0.000000    0.000000    0.000000    0.000000    0.000000    0.000000    0.000000    0.000000    0.000000    0.000000    0.000000
   5.95799    0.000000    0.000000    0.000000    0.000000    0.000000    0.000000    0.000000    0.000000    0.000000    0.000000    0.000000
   5.96399    0.000000    0.000000    0.000000    0.000000    0.000000    0.000000    0.000000    0.000000    0.000000    0.000000    0.000000
   5.96999    0.000000    0.000000    0.000000    0.000000    0.000000    0.000000    0.000000    0.000000    0.000000    0.000000    0.000000
   5.97599    0.000000    0.000000    0.000000    0.000000    0.000000    0.000000    0.000000    0.000000    0.000000    0.000000    0.000000
   5.98199    0.000000    0.000000    0.000000    0.000000    0.000000    0.000000    0.000000    0.000000    0.000000    0.000000    0.000000
   5.98800    0.000000    0.000000    0.000000    0.000000    0.000000    0.000000    0.000000    0.000000    0.000000    0.000000    0.000000
   5.99400    0.000000    0.000000    0.000000    0.000000    0.000000    0.000000    0.000000    0.000000    0.000000    0.000000    0.000000
   6.00000    0.000000    0.000000    0.000000    0.000000    0.000000    0.000000    0.000000    0.000000    0.000000    0.000000    0.000000
