 -12.00000    0.000000    0.000000    0.000000    0.000000    0.000000    0.000000    0.000000    0.000000    0.000000    0.000000    0.000000
 -11.99400    0.000000    0.000000    0.000000    0.000000    0.000000    0.000000    0.000000    0.000000    0.000000    0.000000    0.000000
 -11.98800    0.000000    0.000000    0.000000    0.000000    0.000000    0.000000    0.000000    0.000000    0.000000    0.000000    0.000000
 -11.98199    0.000000    0.000000    0.000000    0.000000    0.000000    0.000000    0.000000    0.000000    0.000000    0.000000    0.000000
 -11.97599    0.000000    0.000000    0.000000    0.000000    0.000000    0.000000    0.000000    0.000000    0.000000    0.000000    0.000000
 -11.96999    0.000000    0.000000    0.000000    0.000000    0.000000    0.000000    0.000000    0.000000    0.000000    0.000000    0.000000
 -11.96399    0.000000    0.000000    0.000000    0.000000    0.000000    0.000000    0.000000    0.000000    0.000000    0.000000    0.000000
 -11.95799    0.000000    0.000000    0.000000    0.000000    0.000000    0.000000    0.000000    0.000000    0.000000    0.000000    0.000000
 -11.95198    0.000000    0.000000    0.000000    0.000000    0.000000    0.000000    0.000000    0.000000    0.000000    0.000000    0.000000
 -11.94598    0.000000    0.000000    0.000000    0.000000    0.000000    0.000000    0.000000    0.000000    0.000000    0.000000    0.000000
 -11.93998    0.000000    0.000000    0.000000    0.000000    0.000000    0.000000    0.000000    0.000000    0.000000    0.000000    0.000000
 -11.93398    0.000000    0.000000    0.000000    0.000000    0.000000    0.000000    0.000000    0.000000    0.000000    0.000000    0.000000
 -11.92798    0.000000    0.000000    0.000000    0.000000    0.000000    0.000000    0.000000    0.000000    0.000000    0.000000    0.000000
 -11.92197    0.000000    0.000000    0.000000    0.000000    0.000000    0.000000    0.000000    0.000000    0.000000    0.000000    0.000000
 -11.91597    0.000000    0.000000    0.000000    0.000000    0.000000    0.000000    0.000000    0.000000    0.000000    0.000000    0.000000
 -11.90997    0.000000    0.000000    0.000000    0.000000    0.000000    0.000000    0.000000    0.000000    0.000000    0.000000    0.000000
 -11.90397    0.000000    0.000000    0.000000    0.000000    0.000000    0.000000    0.000000    0.000000    0.000000    0.000000    0.000000
 -11.89797    0.000000    0.000000    0.000000    0.000000    0.000000    0.000000    0.000000    0.000000    0.000000    0.000000    0.000000
 -11.89196    0.000000    0.000000    0.000000    0.000000    0.000000    0.000000    0.000000    0.000000    0.000000    0.000000    0.000000
 -11.88596    0.000000    0.000000    0.000000    0.000000    0.000000    0.000000    0.000000    0.000000    0.000000    0.000000    0.000000
 -11.87996    0.000000    0.000000    0.000000    0.000000    0.000000    0.000000    0.000000    0.000000    0.000000    0.000000    0.000000
 -11.87396    0.000000    0.000000    0.000000    0.000000    0.000000    0.000000    0.000000    0.000000    0.000000    0.000000    0.000000
 -11.86796    0.000000    0.000000    0.000000    0.000000    0.000000    0.000000    0.000000    0.000000    0.000000    0.000000    0.000000
 -11.86195    0.000000    0.000000    0.000000    0.000000    0.000000    0.000000    0.000000    0.000000    0.000000    0.000000    0.000000
 -11.85595    0.000000    0.000000    0.000000    0.000000    0.000000    0.000000    0.000000    0.000000    0.000000    0.000000    0.000000
 -11.84995    0.000000    0.000000    0.000000    0.000000    0.000000    0.000000    0.000000    0.000000    0.000000    0.000000    0.000000
 -11.84395    0.000000    0.000000    0.000000    0.000000    0.000000    0.000000    0.000000    0.000000    0.000000    0.000000    0.000000
 -11.83795    0.000000    0.000000    0.000000    0.000000    0.000000    0.000000    0.000000    0.000000    0.000000    0.000000    0.000000
 -11.83194    0.000000    0.000000    0.000000    0.000000    0.000000    0.000000    0.000000    0.000000    0.000000    0.000000    0.000000
 -11.82594    0.000000    0.000000    0.000000    0.000000    0.000000    0.000000    0.000000    0.000000    0.000000    0.000000    0.000000
 -11.81994    0.000000    0.000000    0.000000    0.000000    0.000000    0.000000    0.000000    0.000000    0.000000    0.000000    0.000000
 -11.81394    0.000000    0.000000    0.000000    0.000000    0.000000    0.000000    0.000000    0.000000    0.000000    0.000000    0.000000
 -11.80794    0.000000    0.000000    0.000000    0.000000    0.000000    0.000000    0.000000    0.000000    0.000000    0.000000    0.000000
 -11.80193    0.000000    0.000000    0.000000    0.000000    0.000000    0.000000    0.000000    0.000000    0.000000    0.000000    0.000000
 -11.79593    0.000000    0.000000    0.000000    0.000000    0.000000    0.000000    0.000000    0.000000    0.000000    0.000000    0.000000
 -11.78993    0.000000    0.000000    0.000000    0.000000    0.000000    0.000000    0.000000    0.000000    0.000000    0.000000    0.000000
 -11.78393    0.000000    0.000000    0.000000    0.000000    0.000000    0.000000    0.000000    0.000000    0.000000    0.000000    0.000000
 -11.77793    0.000000    0.000000    0.000000    0.000000    0.000000    0.000000    0.000000    0.000000    0.000000    0.000000    0.000000
 -11.77192    0.000000    0.000000    0.000000    0.000000    0.000000    0.000000    0.000000    0.000000    0.000000    0.000000    0.000000
 -11.76592    0.000000    0.000000    0.000000    0.000000    0.000000    0.000000    0.000000    0.000000    0.000000    0.000000    0.000000
 -11.75992    0.000000    0.000000    0.000000    0.000000    0.000000    0.000000    0.000000    0.000000    0.000000    0.000000    0.000000
 -11.75392    0.000000    0.000000    0.000000    0.000000    0.000000    0.000000    0.000000    0.000000    0.000000    0.000000    0.000000
 -11.74792    0.000000    0.000000    0.000000    0.000000    0.000000    0.000000    0.000000    0.000000    0.000000    0.000000    0.000000
 -11.74191    0.000000    0.000000    0.000000    0.000000    0.000000    0.000000    0.000000    0.000000    0.000000    0.000000    0.000000
 -11.73591    0.000000    0.000000    0.000000    0.000000    0.000000    0.000000    0.000000    0.000000    0.000000    0.000000    0.000000
 -11.72991    0.000000    0.000000    0.000000    0.000000    0.000000    0.000000    0.000000    0.000000    0.000000    0.000000    0.000000
 -11.72391    0.000000    0.000000    0.000000    0.000000    0.000000    0.000000    0.000000    0.000000    0.000000    0.000000    0.000000
 -11.71791    0.000000    0.000000    0.000000    0.000000    0.000000    0.000000    0.000000    0.000000    0.000000    0.000000    0.000000
 -11.71190    0.000000    0.000000    0.000000    0.000000    0.000000    0.000000    0.000000    0.000000    0.000000    0.000000    0.000000
 -11.70590    0.000000    0.000000    0.000000    0.000000    0.000000    0.000000    0.000000    0.000000    0.000000    0.000000    0.000000
 -11.69990    0.000000    0.000000    0.000000    0.000000    0.000000    0.000000    0.000000    0.000000    0.000000    0.000000    0.000000
 -11.69390    0.000000    0.000000    0.000000    0.000000    0.000000    0.000000    0.000000    0.000000    0.000000    0.000000    0.000000
 -11.68790    0.000000    0.000000    0.000000    0.000000    0.000000    0.000000    0.000000    0.000000    0.000000    0.000000    0.000000
 -11.68189    0.000000    0.000000    0.000000    0.000000    0.000000    0.000000    0.000000    0.000000    0.000000    0.000000    0.000000
 -11.67589    0.000000    0.000000    0.000000    0.000000    0.000000    0.000000    0.000000    0.000000    0.000000    0.000000    0.000000
 -11.66989    0.000000    0.000000    0.000000    0.000000    0.000000    0.000000    0.000000    0.000000    0.000000    0.000000    0.000000
 -11.66389    0.000000    0.000000    0.000000    0.000000    0.000000    0.000000    0.000000    0.000000    0.000000    0.000000    0.000000
 -11.65789    0.000000    0.000000    0.000000    0.000000    0.000000    0.000000    0.000000    0.000000    0.000000    0.000000    0.000000
 -11.65188    0.000000    0.000000    0.000000    0.000000    0.000000    0.000000    0.000000    0.000000    0.000000    0.000000    0.000000
 -11.64588    0.000000    0.000000    0.000000    0.000000    0.000000    0.000000    0.000000    0.000000    0.000000    0.000000    0.000000
 -11.63988    0.000000    0.000000    0.000000    0.000000    0.000000    0.000000    0.000000    0.000000    0.000000    0.000000    0.000000
 -11.63388    0.000000    0.000000    0.000000    0.000000    0.000000    0.000000    0.000000    0.000000    0.000000    0.000000    0.000000
 -11.62788    0.000000    0.000000    0.000000    0.000000    0.000000    0.000000    0.000000    0.000000    0.000000    0.000000    0.000000
 -11.62187    0.000000    0.000000    0.000000    0.000000    0.000000    0.000000    0.000000    0.000000    0.000000    0.000000    0.000000
 -11.61587    0.000000    0.000000    0.000000    0.000000    0.000000    0.000000    0.000000    0.000000    0.000000    0.000000    0.000000
 -11.60987    0.000000    0.000000    0.000000    0.000000    0.000000    0.000000    0.000000    0.000000    0.000000    0.000000    0.000000
 -11.60387    0.000000    0.000000    0.000000    0.000000    0.000000    0.000000    0.000000    0.000000    0.000000    0.000000    0.000000
 -11.59787    0.000000    0.000000    0.000000    0.000000    0.000000    0.000000    0.000000    0.000000    0.000000    0.000000    0.000000
 -11.59186    0.000000    0.000000    0.000000    0.000000    0.000000    0.000000    0.000000    0.000000    0.000000    0.000000    0.000000
 -11.58586    0.000000    0.000000    0.000000    0.000000    0.000000    0.000000    0.000000    0.000000    0.000000    0.000000    0.000000
 -11.57986    0.000000    0.000000    0.000000    0.000000    0.000000    0.000000    0.000000    0.000000    0.000000    0.000000    0.000000
 -11.57386    0.000000    0.000000    0.000000    0.000000    0.000000    0.000000    0.000000    0.000000    0.000000    0.000000    0.000000
 -11.56786    0.000000    0.000000    0.000000    0.000000    0.000000    0.000000    0.000000    0.000000    0.000000    0.000000    0.000000
 -11.56185    0.000000    0.000000    0.000000    0.000000    0.000000    0.000000    0.000000    0.000000    0.000000    0.000000    0.000000
 -11.55585    0.000000    0.000000    0.000000    0.000000    0.000000    0.000000    0.000000    0.000000    0.000000    0.000000    0.000000
 -11.54985    0.000000    0.000000    0.000000    0.000000    0.000000    0.000000    0.000000    0.000000    0.000000    0.000000    0.000000
 -11.54385    0.000000    0.000000    0.000000    0.000000    0.000000    0.000000    0.000000    0.000000    0.000000    0.000000    0.000000
 -11.53785    0.000000    0.000000    0.000000    0.000000    0.000000    0.000000    0.000000    0.000000    0.000000    0.000000    0.000000
 -11.53184    0.000000    0.000000    0.000000    0.000000    0.000000    0.000000    0.000000    0.000000    0.000000    0.000000    0.000000
 -11.52584    0.000000    0.000000    0.000000    0.000000    0.000000    0.000000    0.000000    0.000000    0.000000    0.000000    0.000000
 -11.51984    0.000000    0.000000    0.000000    0.000000    0.000000    0.000000    0.000000    0.000000    0.000000    0.000000    0.000000
 -11.51384    0.000000    0.000000    0.000000    0.000000    0.000000    0.000000    0.000000    0.000000    0.000000    0.000000    0.000000
 -11.50784    0.000000    0.000000    0.000000    0.000000    0.000000    0.000000    0.000000    0.000000    0.000000    0.000000    0.000000
 -11.50183    0.000000    0.000000    0.000000    0.000000    0.000000    0.000000    0.000000    0.000000    0.000000    0.000000    0.000000
 -11.49583    0.000000    0.000000    0.000000    0.000000    0.000000    0.000000    0.000000    0.000000    0.000000    0.000000    0.000000
 -11.48983    0.000000    0.000000    0.000000    0.000000    0.000000    0.000000    0.000000    0.000000    0.000000    0.000000    0.000000
 -11.48383    0.000000    0.000000    0.000000    0.000000    0.000000    0.000000    0.000000    0.000000    0.000000    0.000000    0.000000
 -11.47783    0.000000    0.000000    0.000000    0.000000    0.000000    0.000000    0.000000    0.000000    0.000000    0.000000    0.000000
 -11.47182    0.000000    0.000000    0.000000    0.000000    0.000000    0.000000    0.000000    0.000000    0.000000    0.000000    0.000000
 -11.46582    0.000000    0.000000    0.000000    0.000000    0.000000    0.000000    0.000000    0.000000    0.000000    0.000000    0.000000
 -11.45982    0.000000    0.000000    0.000000    0.000000    0.000000    0.000000    0.000000    0.000000    0.000000    0.000000    0.000000
 -11.45382    0.000000    0.000000    0.000000    0.000000    0.000000    0.000000    0.000000    0.000000    0.000000    0.000000    0.000000
 -11.44782    0.000000    0.000000    0.000000    0.000000    0.000000    0.000000    0.000000    0.000000    0.000000    0.000000    0.000000
 -11.44181    0.000000    0.000000    0.000000    0.000000    0.000000    0.000000    0.000000    0.000000    0.000000    0.000000    0.000000
 -11.43581    0.000000    0.000000    0.000000    0.000000    0.000000    0.000000    0.000000    0.000000    0.000000    0.000000    0.000000
 -11.42981    0.000000    0.000000    0.000000    0.000000    0.000000    0.000000    0.000000    0.000000    0.000000    0.000000    0.000000
 -11.42381    0.000000    0.000000    0.000000    0.000000    0.000000    0.000000    0.000000    0.000000    0.000000    0.000000    0.000000
 -11.41781    0.000000    0.000000    0.000000    0.000000    0.000000    0.000000    0.000000    0.000000    0.000000    0.000000    0.000000
 -11.41180    0.000000    0.000000    0.000000    0.000000    0.000000    0.000000    0.000000    0.000000    0.000000    0.000000    0.000000
 -11.40580    0.000000    0.000000    0.000000    0.000000    0.000000    0.000000    0.000000    0.000000    0.000000    0.000000    0.000000
 -11.39980    0.000000    0.000000    0.000000    0.000000    0.000000    0.000000    0.000000    0.000000    0.000000    0.000000    0.000000
 -11.39380    0.000000    0.000000    0.000000    0.000000    0.000000    0.000000    0.000000    0.000000    0.000000    0.000000    0.000000
 -11.38780    0.000000    0.000000    0.000000    0.000000    0.000000    0.000000    0.000000    0.000000    0.000000    0.000000    0.000000
 -11.38179    0.000000    0.000000    0.000000    0.000000    0.000000    0.000000    0.000000    0.000000    0.000000    0.000000    0.000000
 -11.37579    0.000000    0.000000    0.000000    0.000000    0.000000    0.000000    0.000000    0.000000    0.000000    0.000000    0.000000
 -11.36979    0.000000    0.000000    0.000000    0.000000    0.000000    0.000000    0.000000    0.000000    0.000000    0.000000    0.000000
 -11.36379    0.000000    0.000000    0.000000    0.000000    0.000000    0.000000    0.000000    0.000000    0.000000    0.000000    0.000000
 -11.35779    0.000000    0.000000    0.000000    0.000000    0.000000    0.000000    0.000000    0.000000    0.000000    0.000000    0.000000
 -11.35178    0.000000    0.000000    0.000000    0.000000    0.000000    0.000000    0.000000    0.000000    0.000000    0.000000    0.000000
 -11.34578    0.000000    0.000000    0.000000    0.000000    0.000000    0.000000    0.000000    0.000000    0.000000    0.000000    0.000000
 -11.33978    0.000000    0.000000    0.000000    0.000000    0.000000    0.000000    0.000000    0.000000    0.000000    0.000000    0.000000
 -11.33378    0.000000    0.000000    0.000000    0.000000    0.000000    0.000000    0.000000    0.000000    0.000000    0.000000    0.000000
 -11.32778    0.000000    0.000000    0.000000    0.000000    0.000000    0.000000    0.000000    0.000000    0.000000    0.000000    0.000000
 -11.32177    0.000000    0.000000    0.000000    0.000000    0.000000    0.000000    0.000000    0.000000    0.000000    0.000000    0.000000
 -11.31577    0.000000    0.000000    0.000000    0.000000    0.000000    0.000000    0.000000    0.000000    0.000000    0.000000    0.000000
 -11.30977    0.000000    0.000000    0.000000    0.000000    0.000000    0.000000    0.000000    0.000000    0.000000    0.000000    0.000000
 -11.30377    0.000000    0.000000    0.000000    0.000000    0.000000    0.000000    0.000000    0.000000    0.000000    0.000000    0.000000
 -11.29777    0.000000    0.000000    0.000000    0.000000    0.000000    0.000000    0.000000    0.000000    0.000000    0.000000    0.000000
 -11.29176    0.000000    0.000000    0.000000    0.000000    0.000000    0.000000    0.000000    0.000000    0.000000    0.000000    0.000000
 -11.28576    0.000000    0.000000    0.000000    0.000000    0.000000    0.000000    0.000000    0.000000    0.000000    0.000000    0.000000
 -11.27976    0.000000    0.000000    0.000000    0.000000    0.000000    0.000000    0.000000    0.000000    0.000000    0.000000    0.000000
 -11.27376    0.000000    0.000000    0.000000    0.000000    0.000000    0.000000    0.000000    0.000000    0.000000    0.000000    0.000000
 -11.26776    0.000000    0.000000    0.000000    0.000000    0.000000    0.000000    0.000000    0.000000    0.000000    0.000000    0.000000
 -11.26175    0.000000    0.000000    0.000000    0.000000    0.000000    0.000000    0.000000    0.000000    0.000000    0.000000    0.000000
 -11.25575    0.000000    0.000000    0.000000    0.000000    0.000000    0.000000    0.000000    0.000000    0.000000    0.000000    0.000000
 -11.24975    0.000000    0.000000    0.000000    0.000000    0.000000    0.000000    0.000000    0.000000    0.000000    0.000000    0.000000
 -11.24375    0.000000    0.000000    0.000000    0.000000    0.000000    0.000000    0.000000    0.000000    0.000000    0.000000    0.000000
 -11.23775    0.000000    0.000000    0.000000    0.000000    0.000000    0.000000    0.000000    0.000000    0.000000    0.000000    0.000000
 -11.23174    0.000000    0.000000    0.000000    0.000000    0.000000    0.000000    0.000000    0.000000    0.000000    0.000000    0.000000
 -11.22574    0.000000    0.000000    0.000000    0.000000    0.000000    0.000000    0.000000    0.000000    0.000000    0.000000    0.000000
 -11.21974    0.000000    0.000000    0.000000    0.000000    0.000000    0.000000    0.000000    0.000000    0.000000    0.000000    0.000000
 -11.21374    0.000000    0.000000    0.000000    0.000000    0.000000    0.000000    0.000000    0.000000    0.000000    0.000000    0.000000
 -11.20774    0.000000    0.000000    0.000000    0.000000    0.000000    0.000000    0.000000    0.000000    0.000000    0.000000    0.000000
 -11.20173    0.000000    0.000000    0.000000    0.000000    0.000000    0.000000    0.000000    0.000000    0.000000    0.000000    0.000000
 -11.19573    0.000000    0.000000    0.000000    0.000000    0.000000    0.000000    0.000000    0.000000    0.000000    0.000000    0.000000
 -11.18973    0.000000    0.000000    0.000000    0.000000    0.000000    0.000000    0.000000    0.000000    0.000000    0.000000    0.000000
 -11.18373    0.000000    0.000000    0.000000    0.000000    0.000000    0.000000    0.000000    0.000000    0.000000    0.000000    0.000000
 -11.17773    0.000000    0.000000    0.000000    0.000000    0.000000    0.000000    0.000000    0.000000    0.000000    0.000000    0.000000
 -11.17172    0.000000    0.000000    0.000000    0.000000    0.000000    0.000000    0.000000    0.000000    0.000000    0.000000    0.000000
 -11.16572    0.000000    0.000000    0.000000    0.000000    0.000000    0.000000    0.000000    0.000000    0.000000    0.000000    0.000000
 -11.15972    0.000000    0.000000    0.000000    0.000000    0.000000    0.000000    0.000000    0.000000    0.000000    0.000000    0.000000
 -11.15372    0.000000    0.000000    0.000000    0.000000    0.000000    0.000000    0.000000    0.000000    0.000000    0.000000    0.000000
 -11.14772    0.000000    0.000000    0.000000    0.000000    0.000000    0.000000    0.000000    0.000000    0.000000    0.000000    0.000000
 -11.14171    0.000000    0.000000    0.000000    0.000000    0.000000    0.000000    0.000000    0.000000    0.000000    0.000000    0.000000
 -11.13571    0.000000    0.000000    0.000000    0.000000    0.000000    0.000000    0.000000    0.000000    0.000000    0.000000    0.000000
 -11.12971    0.000000    0.000000    0.000000    0.000000    0.000000    0.000000    0.000000    0.000000    0.000000    0.000000    0.000000
 -11.12371    0.000000    0.000000    0.000000    0.000000    0.000000    0.000000    0.000000    0.000000    0.000000    0.000000    0.000000
 -11.11771    0.000000    0.000000    0.000000    0.000000    0.000000    0.000000    0.000000    0.000000    0.000000    0.000000    0.000000
 -11.11170    0.000000    0.000000    0.000000    0.000000    0.000000    0.000000    0.000000    0.000000    0.000000    0.000000    0.000000
 -11.10570    0.000000    0.000000    0.000000    0.000000    0.000000    0.000000    0.000000    0.000000    0.000000    0.000000    0.000000
 -11.09970    0.000000    0.000000    0.000000    0.000000    0.000000    0.000000    0.000000    0.000000    0.000000    0.000000    0.000000
 -11.09370    0.000000    0.000000    0.000000    0.000000    0.000000    0.000000    0.000000    0.000000    0.000000    0.000000    0.000000
 -11.08770    0.000000    0.000000    0.000000    0.000000    0.000000    0.000000    0.000000    0.000000    0.000000    0.000000    0.000000
 -11.08169    0.000000    0.000000    0.000000    0.000000    0.000000    0.000000    0.000000    0.000000    0.000000    0.000000    0.000000
 -11.07569    0.000000    0.000000    0.000000    0.000000    0.000000    0.000000    0.000000    0.000000    0.000000    0.000000    0.000000
 -11.06969    0.000000    0.000000    0.000000    0.000000    0.000000    0.000000    0.000000    0.000000    0.000000    0.000000    0.000000
 -11.06369    0.000000    0.000000    0.000000    0.000000    0.000000    0.000000    0.000000    0.000000    0.000000    0.000000    0.000000
 -11.05769    0.000000    0.000000    0.000000    0.000000    0.000000    0.000000    0.000000    0.000000    0.000000    0.000000    0.000000
 -11.05168    0.000000    0.000000    0.000000    0.000000    0.000000    0.000000    0.000000    0.000000    0.000000    0.000000    0.000000
 -11.04568    0.000000    0.000000    0.000000    0.000000    0.000000    0.000000    0.000000    0.000000    0.000000    0.000000    0.000000
 -11.03968    0.000000    0.000000    0.000000    0.000000    0.000000    0.000000    0.000000    0.000000    0.000000    0.000000    0.000000
 -11.03368    0.000000    0.000000    0.000000    0.000000    0.000000    0.000000    0.000000    0.000000    0.000000    0.000000    0.000000
 -11.02768    0.000000    0.000000    0.000000    0.000000    0.000000    0.000000    0.000000    0.000000    0.000000    0.000000    0.000000
 -11.02167    0.000000    0.000000    0.000000    0.000000    0.000000    0.000000    0.000000    0.000000    0.000000    0.000000    0.000000
 -11.01567    0.000000    0.000000    0.000000    0.000000    0.000000    0.000000    0.000000    0.000000    0.000000    0.000000    0.000000
 -11.00967    0.000000    0.000000    0.000000    0.000000    0.000000    0.000000    0.000000    0.000000    0.000000    0.000000    0.000000
 -11.00367    0.000000    0.000000    0.000000    0.000000    0.000000    0.000000    0.000000    0.000000    0.000000    0.000000    0.000000
 -10.99767    0.000000    0.000000    0.000000    0.000000    0.000000    0.000000    0.000000    0.000000    0.000000    0.000000    0.000000
 -10.99166    0.000000    0.000000    0.000000    0.000000    0.000000    0.000000    0.000000    0.000000    0.000000    0.000000    0.000000
 -10.98566    0.000000    0.000000    0.000000    0.000000    0.000000    0.000000    0.000000    0.000000    0.000000    0.000000    0.000000
 -10.97966    0.000000    0.000000    0.000000    0.000000    0.000000    0.000000    0.000000    0.000000    0.000000    0.000000    0.000000
 -10.97366    0.000000    0.000000    0.000000    0.000000    0.000000    0.000000    0.000000    0.000000    0.000000    0.000000    0.000000
 -10.96766    0.000000    0.000000    0.000000    0.000000    0.000000    0.000000    0.000000    0.000000    0.000000    0.000000    0.000000
 -10.96165    0.000000    0.000000    0.000000    0.000000    0.000000    0.000000    0.000000    0.000000    0.000000    0.000000    0.000000
 -10.95565    0.000000    0.000000    0.000000    0.000000    0.000000    0.000000    0.000000    0.000000    0.000000    0.000000    0.000000
 -10.94965    0.000000    0.000000    0.000000    0.000000    0.000000    0.000000    0.000000    0.000000    0.000000    0.000000    0.000000
 -10.94365    0.000000    0.000000    0.000000    0.000000    0.000000    0.000000    0.000000    0.000000    0.000000    0.000000    0.000000
 -10.93765    0.000000    0.000000    0.000000    0.000000    0.000000    0.000000    0.000000    0.000000    0.000000    0.000000    0.000000
 -10.93164    0.000000    0.000000    0.000000    0.000000    0.000000    0.000000    0.000000    0.000000    0.000000    0.000000    0.000000
 -10.92564    0.000000    0.000000    0.000000    0.000000    0.000000    0.000000    0.000000    0.000000    0.000000    0.000000    0.000000
 -10.91964    0.000000    0.000000    0.000000    0.000000    0.000000    0.000000    0.000000    0.000000    0.000000    0.000000    0.000000
 -10.91364    0.000000    0.000000    0.000000    0.000000    0.000000    0.000000    0.000000    0.000000    0.000000    0.000000    0.000000
 -10.90764    0.000000    0.000000    0.000000    0.000000    0.000000    0.000000    0.000000    0.000000    0.000000    0.000000    0.000000
 -10.90163    0.000000    0.000000    0.000000    0.000000    0.000000    0.000000    0.000000    0.000000    0.000000    0.000000    0.000000
 -10.89563    0.000000    0.000000    0.000000    0.000000    0.000000    0.000000    0.000000    0.000000    0.000000    0.000000    0.000000
 -10.88963    0.000000    0.000000    0.000000    0.000000    0.000000    0.000000    0.000000    0.000000    0.000000    0.000000    0.000000
 -10.88363    0.000000    0.000000    0.000000    0.000000    0.000000    0.000000    0.000000    0.000000    0.000000    0.000000    0.000000
 -10.87763    0.000000    0.000000    0.000000    0.000000    0.000000    0.000000    0.000000    0.000000    0.000000    0.000000    0.000000
 -10.87162    0.000000    0.000000    0.000000    0.000000    0.000000    0.000000    0.000000    0.000000    0.000000    0.000000    0.000000
 -10.86562    0.000000    0.000000    0.000000    0.000000    0.000000    0.000000    0.000000    0.000000    0.000000    0.000000    0.000000
 -10.85962    0.000000    0.000000    0.000000    0.000000    0.000000    0.000000    0.000000    0.000000    0.000000    0.000000    0.000000
 -10.85362    0.000000    0.000000    0.000000    0.000000    0.000000    0.000000    0.000000    0.000000    0.000000    0.000000    0.000000
 -10.84762    0.000000    0.000000    0.000000    0.000000    0.000000    0.000000    0.000000    0.000000    0.000000    0.000000    0.000000
 -10.84161    0.000000    0.000000    0.000000    0.000000    0.000000    0.000000    0.000000    0.000000    0.000000    0.000000    0.000000
 -10.83561    0.000000    0.000000    0.000000    0.000000    0.000000    0.000000    0.000000    0.000000    0.000000    0.000000    0.000000
 -10.82961    0.000000    0.000000    0.000000    0.000000    0.000000    0.000000    0.000000    0.000000    0.000000    0.000000    0.000000
 -10.82361    0.000000    0.000000    0.000000    0.000000    0.000000    0.000000    0.000000    0.000000    0.000000    0.000000    0.000000
 -10.81761    0.000000    0.000000    0.000000    0.000000    0.000000    0.000000    0.000000    0.000000    0.000000    0.000000    0.000000
 -10.81160    0.000000    0.000000    0.000000    0.000000    0.000000    0.000000    0.000000    0.000000    0.000000    0.000000    0.000000
 -10.80560    0.000000    0.000000    0.000000    0.000000    0.000000    0.000000    0.000000    0.000000    0.000000    0.000000    0.000000
 -10.79960    0.000000    0.000000    0.000000    0.000000    0.000000    0.000000    0.000000    0.000000    0.000000    0.000000    0.000000
 -10.79360    0.000000    0.000000    0.000000    0.000000    0.000000    0.000000    0.000000    0.000000    0.000000    0.000000    0.000000
 -10.78760    0.000000    0.000000    0.000000    0.000000    0.000000    0.000000    0.000000    0.000000    0.000000    0.000000    0.000000
 -10.78159    0.000000    0.000000    0.000000    0.000000    0.000000    0.000000    0.000000    0.000000    0.000000    0.000000    0.000000
 -10.77559    0.000000    0.000000    0.000000    0.000000    0.000000    0.000000    0.000000    0.000000    0.000000    0.000000    0.000000
 -10.76959    0.000000    0.000000    0.000000    0.000000    0.000000    0.000000    0.000000    0.000000    0.000000    0.000000    0.000000
 -10.76359    0.000000    0.000000    0.000000    0.000000    0.000000    0.000000    0.000000    0.000000    0.000000    0.000000    0.000000
 -10.75759    0.000000    0.000000    0.000000    0.000000    0.000000    0.000000    0.000000    0.000000    0.000000    0.000000    0.000000
 -10.75158    0.000000    0.000000    0.000000    0.000000    0.000000    0.000000    0.000000    0.000000    0.000000    0.000000    0.000000
 -10.74558    0.000000    0.000000    0.000000    0.000000    0.000000    0.000000    0.000000    0.000000    0.000000    0.000000    0.000000
 -10.73958    0.000000    0.000000    0.000000    0.000000    0.000000    0.000000    0.000000    0.000000    0.000000    0.000000    0.000000
 -10.73358    0.000000    0.000000    0.000000    0.000000    0.000000    0.000000    0.000000    0.000000    0.000000    0.000000    0.000000
 -10.72758    0.000000    0.000000    0.000000    0.000000    0.000000    0.000000    0.000000    0.000000    0.000000    0.000000    0.000000
 -10.72157    0.000000    0.000000    0.000000    0.000000    0.000000    0.000000    0.000000    0.000000    0.000000    0.000000    0.000000
 -10.71557    0.000000    0.000000    0.000000    0.000000    0.000000    0.000000    0.000000    0.000000    0.000000    0.000000    0.000000
 -10.70957    0.000000    0.000000    0.000000    0.000000    0.000000    0.000000    0.000000    0.000000    0.000000    0.000000    0.000000
 -10.70357    0.000000    0.000000    0.000000    0.000000    0.000000    0.000000    0.000000    0.000000    0.000000    0.000000    0.000000
 -10.69757    0.000000    0.000000    0.000000    0.000000    0.000000    0.000000    0.000000    0.000000    0.000000    0.000000    0.000000
 -10.69156    0.000000    0.000000    0.000000    0.000000    0.000000    0.000000    0.000000    0.000000    0.000000    0.000000    0.000000
 -10.68556    0.000000    0.000000    0.000000    0.000000    0.000000    0.000000    0.000000    0.000000    0.000000    0.000000    0.000000
 -10.67956    0.000000    0.000000    0.000000    0.000000    0.000000    0.000000    0.000000    0.000000    0.000000    0.000000    0.000000
 -10.67356    0.000000    0.000000    0.000000    0.000000    0.000000    0.000000    0.000000    0.000000    0.000000    0.000000    0.000000
 -10.66756    0.000000    0.000000    0.000000    0.000000    0.000000    0.000000    0.000000    0.000000    0.000000    0.000000    0.000000
 -10.66155    0.000000    0.000000    0.000000    0.000000    0.000000    0.000000    0.000000    0.000000    0.000000    0.000000    0.000000
 -10.65555    0.000000    0.000000    0.000000    0.000000    0.000000    0.000000    0.000000    0.000000    0.000000    0.000000    0.000000
 -10.64955    0.000000    0.000000    0.000000    0.000000    0.000000    0.000000    0.000000    0.000000    0.000000    0.000000    0.000000
 -10.64355    0.000000    0.000000    0.000000    0.000000    0.000000    0.000000    0.000000    0.000000    0.000000    0.000000    0.000000
 -10.63755    0.000000    0.000000    0.000000    0.000000    0.000000    0.000000    0.000000    0.000000    0.000000    0.000000    0.000000
 -10.63154    0.000000    0.000000    0.000000    0.000000    0.000000    0.000000    0.000000    0.000000    0.000000    0.000000    0.000000
 -10.62554    0.000000    0.000000    0.000000    0.000000    0.000000    0.000000    0.000000    0.000000    0.000000    0.000000    0.000000
 -10.61954    0.000000    0.000000    0.000000    0.000000    0.000000    0.000000    0.000000    0.000000    0.000000    0.000000    0.000000
 -10.61354    0.000000    0.000000    0.000000    0.000000    0.000000    0.000000    0.000000    0.000000    0.000000    0.000000    0.000000
 -10.60754    0.000000    0.000000    0.000000    0.000000    0.000000    0.000000    0.000000    0.000000    0.000000    0.000000    0.000000
 -10.60153    0.000000    0.000000    0.000000    0.000000    0.000000    0.000000    0.000000    0.000000    0.000000    0.000000    0.000000
 -10.59553    0.000000    0.000000    0.000000    0.000000    0.000000    0.000000    0.000000    0.000000    0.000000    0.000000    0.000000
 -10.58953    0.000000    0.000000    0.000000    0.000000    0.000000    0.000000    0.000000    0.000000    0.000000    0.000000    0.000000
 -10.58353    0.000000    0.000000    0.000000    0.000000    0.000000    0.000000    0.000000    0.000000    0.000000    0.000000    0.000000
 -10.57753    0.000000    0.000000    0.000000    0.000000    0.000000    0.000000    0.000000    0.000000    0.000000    0.000000    0.000000
 -10.57152    0.000000    0.000000    0.000000    0.000000    0.000000    0.000000    0.000000    0.000000    0.000000    0.000000    0.000000
 -10.56552    0.000000    0.000000    0.000000    0.000000    0.000000    0.000000    0.000000    0.000000    0.000000    0.000000    0.000000
 -10.55952    0.000000    0.000000    0.000000    0.000000    0.000000    0.000000    0.000000    0.000000    0.000000    0.000000    0.000000
 -10.55352    0.000000    0.000000    0.000000    0.000000    0.000000    0.000000    0.000000    0.000000    0.000000    0.000000    0.000000
 -10.54752    0.000000    0.000000    0.000000    0.000000    0.000000    0.000000    0.000000    0.000000    0.000000    0.000000    0.000000
 -10.54151    0.000000    0.000000    0.000000    0.000000    0.000000    0.000000    0.000000    0.000000    0.000000    0.000000    0.000000
 -10.53551    0.000000    0.000000    0.000000    0.000000    0.000000    0.000000    0.000000    0.000000    0.000000    0.000000    0.000000
 -10.52951    0.000000    0.000000    0.000000    0.000000    0.000000    0.000000    0.000000    0.000000    0.000000    0.000000    0.000000
 -10.52351    0.000000    0.000000    0.000000    0.000000    0.000000    0.000000    0.000000    0.000000    0.000000    0.000000    0.000000
 -10.51751    0.000000    0.000000    0.000000    0.000000    0.000000    0.000000    0.000000    0.000000    0.000000    0.000000    0.000000
 -10.51150    0.000000    0.000000    0.000000    0.000000    0.000000    0.000000    0.000000    0.000000    0.000000    0.000000    0.000000
 -10.50550    0.000000    0.000000    0.000000    0.000000    0.000000    0.000000    0.000000    0.000000    0.000000    0.000000    0.000000
 -10.49950    0.000000    0.000000    0.000000    0.000000    0.000000    0.000000    0.000000    0.000000    0.000000    0.000000    0.000000
 -10.49350    0.000000    0.000000    0.000000    0.000000    0.000000    0.000000    0.000000    0.000000    0.000000    0.000000    0.000000
 -10.48750    0.000000    0.000000    0.000000    0.000000    0.000000    0.000000    0.000000    0.000000    0.000000    0.000000    0.000000
 -10.48149    0.000000    0.000000    0.000000    0.000000    0.000000    0.000000    0.000000    0.000000    0.000000    0.000000    0.000000
 -10.47549    0.000000    0.000000    0.000000    0.000000    0.000000    0.000000    0.000000    0.000000    0.000000    0.000000    0.000000
 -10.46949    0.000000    0.000000    0.000000    0.000000    0.000000    0.000000    0.000000    0.000000    0.000000    0.000000    0.000000
 -10.46349    0.000000    0.000000    0.000000    0.000000    0.000000    0.000000    0.000000    0.000000    0.000000    0.000000    0.000000
 -10.45749    0.000000    0.000000    0.000000    0.000000    0.000000    0.000000    0.000000    0.000000    0.000000    0.000000    0.000000
 -10.45148    0.000000    0.000000    0.000000    0.000000    0.000000    0.000000    0.000000    0.000000    0.000000    0.000000    0.000000
 -10.44548    0.000000    0.000000    0.000000    0.000000    0.000000    0.000000    0.000000    0.000000    0.000000    0.000000    0.000000
 -10.43948    0.000000    0.000000    0.000000    0.000000    0.000000    0.000000    0.000000    0.000000    0.000000    0.000000    0.000000
 -10.43348    0.000000    0.000000    0.000000    0.000000    0.000000    0.000000    0.000000    0.000000    0.000000    0.000000    0.000000
 -10.42748    0.000000    0.000000    0.000000    0.000000    0.000000    0.000000    0.000000    0.000000    0.000000    0.000000    0.000000
 -10.42147    0.000000    0.000000    0.000000    0.000000    0.000000    0.000000    0.000000    0.000000    0.000000    0.000000    0.000000
 -10.41547    0.000000    0.000000    0.000000    0.000000    0.000000    0.000000    0.000000    0.000000    0.000000    0.000000    0.000000
 -10.40947    0.000000    0.000000    0.000000    0.000000    0.000000    0.000000    0.000000    0.000000    0.000000    0.000000    0.000000
 -10.40347    0.000000    0.000000    0.000000    0.000000    0.000000    0.000000    0.000000    0.000000    0.000000    0.000000    0.000000
 -10.39747    0.000000    0.000000    0.000000    0.000000    0.000000    0.000000    0.000000    0.000000    0.000000    0.000000    0.000000
 -10.39146    0.000000    0.000000    0.000000    0.000000    0.000000    0.000000    0.000000    0.000000    0.000000    0.000000    0.000000
 -10.38546    0.000000    0.000000    0.000000    0.000000    0.000000    0.000000    0.000000    0.000000    0.000000    0.000000    0.000000
 -10.37946    0.000000    0.000000    0.000000    0.000000    0.000000    0.000000    0.000000    0.000000    0.000000    0.000000    0.000000
 -10.37346    0.000000    0.000000    0.000000    0.000000    0.000000    0.000000    0.000000    0.000000    0.000000    0.000000    0.000000
 -10.36746    0.000000    0.000000    0.000000    0.000000    0.000000    0.000000    0.000000    0.000000    0.000000    0.000000    0.000000
 -10.36145    0.000000    0.000000    0.000000    0.000000    0.000000    0.000000    0.000000    0.000000    0.000000    0.000000    0.000000
 -10.35545    0.000000    0.000000    0.000000    0.000000    0.000000    0.000000    0.000000    0.000000    0.000000    0.000000    0.000000
 -10.34945    0.000000    0.000000    0.000000    0.000000    0.000000    0.000000    0.000000    0.000000    0.000000    0.000000    0.000000
 -10.34345    0.000000    0.000000    0.000000    0.000000    0.000000    0.000000    0.000000    0.000000    0.000000    0.000000    0.000000
 -10.33745    0.000000    0.000000    0.000000    0.000000    0.000000    0.000000    0.000000    0.000000    0.000000    0.000000    0.000000
 -10.33144    0.000000    0.000000    0.000000    0.000000    0.000000    0.000000    0.000000    0.000000    0.000000    0.000000    0.000000
 -10.32544    0.000000    0.000000    0.000000    0.000000    0.000000    0.000000    0.000000    0.000000    0.000000    0.000000    0.000000
 -10.31944    0.000000    0.000000    0.000000    0.000000    0.000000    0.000000    0.000000    0.000000    0.000000    0.000000    0.000000
 -10.31344    0.000000    0.000000    0.000000    0.000000    0.000000    0.000000    0.000000    0.000000    0.000000    0.000000    0.000000
 -10.30744    0.000000    0.000000    0.000000    0.000000    0.000000    0.000000    0.000000    0.000000    0.000000    0.000000    0.000000
 -10.30143    0.000000    0.000000    0.000000    0.000000    0.000000    0.000000    0.000000    0.000000    0.000000    0.000000    0.000000
 -10.29543    0.000000    0.000000    0.000000    0.000000    0.000000    0.000000    0.000000    0.000000    0.000000    0.000000    0.000000
 -10.28943    0.000000    0.000000    0.000000    0.000000    0.000000    0.000000    0.000000    0.000000    0.000000    0.000000    0.000000
 -10.28343    0.000000    0.000000    0.000000    0.000000    0.000000    0.000000    0.000000    0.000000    0.000000    0.000000    0.000000
 -10.27743    0.000000    0.000000    0.000000    0.000000    0.000000    0.000000    0.000000    0.000000    0.000000    0.000000    0.000000
 -10.27142    0.000000    0.000000    0.000000    0.000000    0.000000    0.000000    0.000000    0.000000    0.000000    0.000000    0.000000
 -10.26542    0.000000    0.000000    0.000000    0.000000    0.000000    0.000000    0.000000    0.000000    0.000000    0.000000    0.000000
 -10.25942    0.000000    0.000000    0.000000    0.000000    0.000000    0.000000    0.000000    0.000000    0.000000    0.000000    0.000000
 -10.25342    0.000000    0.000000    0.000000    0.000000    0.000000    0.000000    0.000000    0.000000    0.000000    0.000000    0.000000
 -10.24742    0.000000    0.000000    0.000000    0.000000    0.000000    0.000000    0.000000    0.000000    0.000000    0.000000    0.000000
 -10.24141    0.000000    0.000000    0.000000    0.000000    0.000000    0.000000    0.000000    0.000000    0.000000    0.000000    0.000000
 -10.23541    0.000000    0.000000    0.000000    0.000000    0.000000    0.000000    0.000000    0.000000    0.000000    0.000000    0.000000
 -10.22941    0.000000    0.000000    0.000000    0.000000    0.000000    0.000000    0.000000    0.000000    0.000000    0.000000    0.000000
 -10.22341    0.000000    0.000000    0.000000    0.000000    0.000000    0.000000    0.000000    0.000000    0.000000    0.000000    0.000000
 -10.21741    0.000000    0.000000    0.000000    0.000000    0.000000    0.000000    0.000000    0.000000    0.000000    0.000000    0.000000
 -10.21140    0.000000    0.000000    0.000000    0.000000    0.000000    0.000000    0.000000    0.000000    0.000000    0.000000    0.000000
 -10.20540    0.000000    0.000000    0.000000    0.000000    0.000000    0.000000    0.000000    0.000000    0.000000    0.000000    0.000000
 -10.19940    0.000000    0.000000    0.000000    0.000000    0.000000    0.000000    0.000000    0.000000    0.000000    0.000000    0.000000
 -10.19340    0.000000    0.000000    0.000000    0.000000    0.000000    0.000000    0.000000    0.000000    0.000000    0.000000    0.000000
 -10.18740    0.000000    0.000000    0.000000    0.000000    0.000000    0.000000    0.000000    0.000000    0.000000    0.000000    0.000000
 -10.18139    0.000000    0.000000    0.000000    0.000000    0.000000    0.000000    0.000000    0.000000    0.000000    0.000000    0.000000
 -10.17539    0.000000    0.000000    0.000000    0.000000    0.000000    0.000000    0.000000    0.000000    0.000000    0.000000    0.000000
 -10.16939    0.000000    0.000000    0.000000    0.000000    0.000000    0.000000    0.000000    0.000000    0.000000    0.000000    0.000000
 -10.16339    0.000000    0.000000    0.000000    0.000000    0.000000    0.000000    0.000000    0.000000    0.000000    0.000000    0.000000
 -10.15739    0.000000    0.000000    0.000000    0.000000    0.000000    0.000000    0.000000    0.000000    0.000000    0.000000    0.000000
 -10.15138    0.000000    0.000000    0.000000    0.000000    0.000000    0.000000    0.000000    0.000000    0.000000    0.000000    0.000000
 -10.14538    0.000000    0.000000    0.000000    0.000000    0.000000    0.000000    0.000000    0.000000    0.000000    0.000000    0.000000
 -10.13938    0.000000    0.000000    0.000000    0.000000    0.000000    0.000000    0.000000    0.000000    0.000000    0.000000    0.000000
 -10.13338    0.000000    0.000000    0.000000    0.000000    0.000000    0.000000    0.000000    0.000000    0.000000    0.000000    0.000000
 -10.12738    0.000000    0.000000    0.000000    0.000000    0.000000    0.000000    0.000000    0.000000    0.000000    0.000000    0.000000
 -10.12137    0.000000    0.000000    0.000000    0.000000    0.000000    0.000000    0.000000    0.000000    0.000000    0.000000    0.000000
 -10.11537    0.000000    0.000000    0.000000    0.000000    0.000000    0.000000    0.000000    0.000000    0.000000    0.000000    0.000000
 -10.10937    0.000000    0.000000    0.000000    0.000000    0.000000    0.000000    0.000000    0.000000    0.000000    0.000000    0.000000
 -10.10337    0.000000    0.000000    0.000000    0.000000    0.000000    0.000000    0.000000    0.000000    0.000000    0.000000    0.000000
 -10.09737    0.000000    0.000000    0.000000    0.000000    0.000000    0.000000    0.000000    0.000000    0.000000    0.000000    0.000000
 -10.09136    0.000000    0.000000    0.000000    0.000000    0.000000    0.000000    0.000000    0.000000    0.000000    0.000000    0.000000
 -10.08536    0.000000    0.000000    0.000000    0.000000    0.000000    0.000000    0.000000    0.000000    0.000000    0.000000    0.000000
 -10.07936    0.000000    0.000000    0.000000    0.000000    0.000000    0.000000    0.000000    0.000000    0.000000    0.000000    0.000000
 -10.07336    0.000000    0.000000    0.000000    0.000000    0.000000    0.000000    0.000000    0.000000    0.000000    0.000000    0.000000
 -10.06736    0.000000    0.000000    0.000000    0.000000    0.000000    0.000000    0.000000    0.000000    0.000000    0.000000    0.000000
 -10.06135    0.000000    0.000000    0.000000    0.000000    0.000000    0.000000    0.000000    0.000000    0.000000    0.000000    0.000000
 -10.05535    0.000000    0.000000    0.000000    0.000000    0.000000    0.000000    0.000000    0.000000    0.000000    0.000000    0.000000
 -10.04935    0.000000    0.000000    0.000000    0.000000    0.000000    0.000000    0.000000    0.000000    0.000000    0.000000    0.000000
 -10.04335    0.000000    0.000000    0.000000    0.000000    0.000000    0.000000    0.000000    0.000000    0.000000    0.000000    0.000000
 -10.03735    0.000000    0.000000    0.000000    0.000000    0.000000    0.000000    0.000000    0.000000    0.000000    0.000000    0.000000
 -10.03134    0.000000    0.000000    0.000000    0.000000    0.000000    0.000000    0.000000    0.000000    0.000000    0.000000    0.000000
 -10.02534    0.000000    0.000000    0.000000    0.000000    0.000000    0.000000    0.000000    0.000000    0.000000    0.000000    0.000000
 -10.01934    0.000000    0.000000    0.000000    0.000000    0.000000    0.000000    0.000000    0.000000    0.000000    0.000000    0.000000
 -10.01334    0.000000    0.000000    0.000000    0.000000    0.000000    0.000000    0.000000    0.000000    0.000000    0.000000    0.000000
 -10.00734    0.000000    0.000000    0.000000    0.000000    0.000000    0.000000    0.000000    0.000000    0.000000    0.000000    0.000000
 -10.00133    0.000000    0.000000    0.000000    0.000000    0.000000    0.000000    0.000000    0.000000    0.000000    0.000000    0.000000
  -9.99533    0.000000    0.000000    0.000000    0.000000    0.000000    0.000000    0.000000    0.000000    0.000000    0.000000    0.000000
  -9.98933    0.000000    0.000000    0.000000    0.000000    0.000000    0.000000    0.000000    0.000000    0.000000    0.000000    0.000000
  -9.98333    0.000000    0.000000    0.000000    0.000000    0.000000    0.000000    0.000000    0.000000    0.000000    0.000000    0.000000
  -9.97733    0.000000    0.000000    0.000000    0.000000    0.000000    0.000000    0.000000    0.000000    0.000000    0.000000    0.000000
  -9.97132    0.000000    0.000000    0.000000    0.000000    0.000000    0.000000    0.000000    0.000000    0.000000    0.000000    0.000000
  -9.96532    0.000000    0.000000    0.000000    0.000000    0.000000    0.000000    0.000000    0.000000    0.000000    0.000000    0.000000
  -9.95932    0.000000    0.000000    0.000000    0.000000    0.000000    0.000000    0.000000    0.000000    0.000000    0.000000    0.000000
  -9.95332    0.000000    0.000000    0.000000    0.000000    0.000000    0.000000    0.000000    0.000000    0.000000    0.000000    0.000000
  -9.94732    0.000000    0.000000    0.000000    0.000000    0.000000    0.000000    0.000000    0.000000    0.000000    0.000000    0.000000
  -9.94131    0.000000    0.000000    0.000000    0.000000    0.000000    0.000000    0.000000    0.000000    0.000000    0.000000    0.000000
  -9.93531    0.000000    0.000000    0.000000    0.000000    0.000000    0.000000    0.000000    0.000000    0.000000    0.000000    0.000000
  -9.92931    0.000000    0.000000    0.000000    0.000000    0.000000    0.000000    0.000000    0.000000    0.000000    0.000000    0.000000
  -9.92331    0.000000    0.000000    0.000000    0.000000    0.000000    0.000000    0.000000    0.000000    0.000000    0.000000    0.000000
  -9.91731    0.000000    0.000000    0.000000    0.000000    0.000000    0.000000    0.000000    0.000000    0.000000    0.000000    0.000000
  -9.91130    0.000000    0.000000    0.000000    0.000000    0.000000    0.000000    0.000000    0.000000    0.000000    0.000000    0.000000
  -9.90530    0.000000    0.000000    0.000000    0.000000    0.000000    0.000000    0.000000    0.000000    0.000000    0.000000    0.000000
  -9.89930    0.000000    0.000000    0.000000    0.000000    0.000000    0.000000    0.000000    0.000000    0.000000    0.000000    0.000000
  -9.89330    0.000000    0.000000    0.000000    0.000000    0.000000    0.000000    0.000000    0.000000    0.000000    0.000000    0.000000
  -9.88730    0.000000    0.000000    0.000000    0.000000    0.000000    0.000000    0.000000    0.000000    0.000000    0.000000    0.000000
  -9.88129    0.000000    0.000000    0.000000    0.000000    0.000000    0.000000    0.000000    0.000000    0.000000    0.000000    0.000000
  -9.87529    0.000000    0.000000    0.000000    0.000000    0.000000    0.000000    0.000000    0.000000    0.000000    0.000000    0.000000
  -9.86929    0.000000    0.000000    0.000000    0.000000    0.000000    0.000000    0.000000    0.000000    0.000000    0.000000    0.000000
  -9.86329    0.000000    0.000000    0.000000    0.000000    0.000000    0.000000    0.000000    0.000000    0.000000    0.000000    0.000000
  -9.85729    0.000000    0.000000    0.000000    0.000000    0.000000    0.000000    0.000000    0.000000    0.000000    0.000000    0.000000
  -9.85128    0.000000    0.000000    0.000000    0.000000    0.000000    0.000000    0.000000    0.000000    0.000000    0.000000    0.000000
  -9.84528    0.000000    0.000000    0.000000    0.000000    0.000000    0.000000    0.000000    0.000000    0.000000    0.000000    0.000000
  -9.83928    0.000000    0.000000    0.000000    0.000000    0.000000    0.000000    0.000000    0.000000    0.000000    0.000000    0.000000
  -9.83328    0.000000    0.000000    0.000000    0.000000    0.000000    0.000000    0.000000    0.000000    0.000000    0.000000    0.000000
  -9.82728    0.000000    0.000000    0.000000    0.000000    0.000000    0.000000    0.000000    0.000000    0.000000    0.000000    0.000000
  -9.82127    0.000000    0.000000    0.000000    0.000000    0.000000    0.000000    0.000000    0.000000    0.000000    0.000000    0.000000
  -9.81527    0.000000    0.000000    0.000000    0.000000    0.000000    0.000000    0.000000    0.000000    0.000000    0.000000    0.000000
  -9.80927    0.000000    0.000000    0.000000    0.000000    0.000000    0.000000    0.000000    0.000000    0.000000    0.000000    0.000000
  -9.80327    0.000000    0.000000    0.000000    0.000000    0.000000    0.000000    0.000000    0.000000    0.000000    0.000000    0.000000
  -9.79727    0.000000    0.000000    0.000000    0.000000    0.000000    0.000000    0.000000    0.000000    0.000000    0.000000    0.000000
  -9.79126    0.000000    0.000000    0.000000    0.000000    0.000000    0.000000    0.000000    0.000000    0.000000    0.000000    0.000000
  -9.78526    0.000000    0.000000    0.000000    0.000000    0.000000    0.000000    0.000000    0.000000    0.000000    0.000000    0.000000
  -9.77926    0.000000    0.000000    0.000000    0.000000    0.000000    0.000000    0.000000    0.000000    0.000000    0.000000    0.000000
  -9.77326    0.000000    0.000000    0.000000    0.000000    0.000000    0.000000    0.000000    0.000000    0.000000    0.000000    0.000000
  -9.76726    0.000000    0.000000    0.000000    0.000000    0.000000    0.000000    0.000000    0.000000    0.000000    0.000000    0.000000
  -9.76125    0.000000    0.000000    0.000000    0.000000    0.000000    0.000000    0.000000    0.000000    0.000000    0.000000    0.000000
  -9.75525    0.000000    0.000000    0.000000    0.000000    0.000000    0.000000    0.000000    0.000000    0.000000    0.000000    0.000000
  -9.74925    0.000000    0.000000    0.000000    0.000000    0.000000    0.000000    0.000000    0.000000    0.000000    0.000000    0.000000
  -9.74325    0.000000    0.000000    0.000000    0.000000    0.000000    0.000000    0.000000    0.000000    0.000000    0.000000    0.000000
  -9.73725    0.000000    0.000000    0.000000    0.000000    0.000000    0.000000    0.000000    0.000000    0.000000    0.000000    0.000000
  -9.73124    0.000000    0.000000    0.000000    0.000000    0.000000    0.000000    0.000000    0.000000    0.000000    0.000000    0.000000
  -9.72524    0.000000    0.000000    0.000000    0.000000    0.000000    0.000000    0.000000    0.000000    0.000000    0.000000    0.000000
  -9.71924    0.000000    0.000000    0.000000    0.000000    0.000000    0.000000    0.000000    0.000000    0.000000    0.000000    0.000000
  -9.71324    0.000000    0.000000    0.000000    0.000000    0.000000    0.000000    0.000000    0.000000    0.000000    0.000000    0.000000
  -9.70724    0.000000    0.000000    0.000000    0.000000    0.000000    0.000000    0.000000    0.000000    0.000000    0.000000    0.000000
  -9.70123    0.000000    0.000000    0.000000    0.000000    0.000000    0.000000    0.000000    0.000000    0.000000    0.000000    0.000000
  -9.69523    0.000000    0.000000    0.000000    0.000000    0.000000    0.000000    0.000000    0.000000    0.000000    0.000000    0.000000
  -9.68923    0.000000    0.000000    0.000000    0.000000    0.000000    0.000000    0.000000    0.000000    0.000000    0.000000    0.000000
  -9.68323    0.000000    0.000000    0.000000    0.000000    0.000000    0.000000    0.000000    0.000000    0.000000    0.000000    0.000000
  -9.67723    0.000000    0.000000    0.000000    0.000000    0.000000    0.000000    0.000000    0.000000    0.000000    0.000000    0.000000
  -9.67122    0.000000    0.000000    0.000000    0.000000    0.000000    0.000000    0.000000    0.000000    0.000000    0.000000    0.000000
  -9.66522    0.000000    0.000000    0.000000    0.000000    0.000000    0.000000    0.000000    0.000000    0.000000    0.000000    0.000000
  -9.65922    0.000000    0.000000    0.000000    0.000000    0.000000    0.000000    0.000000    0.000000    0.000000    0.000000    0.000000
  -9.65322    0.000000    0.000000    0.000000    0.000000    0.000000    0.000000    0.000000    0.000000    0.000000    0.000000    0.000000
  -9.64722    0.000000    0.000000    0.000000    0.000000    0.000000    0.000000    0.000000    0.000000    0.000000    0.000000    0.000000
  -9.64121    0.000000    0.000000    0.000000    0.000000    0.000000    0.000000    0.000000    0.000000    0.000000    0.000000    0.000000
  -9.63521    0.000000    0.000000    0.000000    0.000000    0.000000    0.000000    0.000000    0.000000    0.000000    0.000000    0.000000
  -9.62921    0.000000    0.000000    0.000000    0.000000    0.000000    0.000000    0.000000    0.000000    0.000000    0.000000    0.000000
  -9.62321    0.000000    0.000000    0.000000    0.000000    0.000000    0.000000    0.000000    0.000000    0.000000    0.000000    0.000000
  -9.61721    0.000000    0.000000    0.000000    0.000000    0.000000    0.000000    0.000000    0.000000    0.000000    0.000000    0.000000
  -9.61120    0.000000    0.000000    0.000000    0.000000    0.000000    0.000000    0.000000    0.000000    0.000000    0.000000    0.000000
  -9.60520    0.000000    0.000000    0.000000    0.000000    0.000000    0.000000    0.000000    0.000000    0.000000    0.000000    0.000000
  -9.59920    0.000000    0.000000    0.000000    0.000000    0.000000    0.000000    0.000000    0.000000    0.000000    0.000000    0.000000
  -9.59320    0.000000    0.000000    0.000000    0.000000    0.000000    0.000000    0.000000    0.000000    0.000000    0.000000    0.000000
  -9.58720    0.000000    0.000000    0.000000    0.000000    0.000000    0.000000    0.000000    0.000000    0.000000    0.000000    0.000000
  -9.58119    0.000000    0.000000    0.000000    0.000000    0.000000    0.000000    0.000000    0.000000    0.000000    0.000000    0.000000
  -9.57519    0.000000    0.000000    0.000000    0.000000    0.000000    0.000000    0.000000    0.000000    0.000000    0.000000    0.000000
  -9.56919    0.000000    0.000000    0.000000    0.000000    0.000000    0.000000    0.000000    0.000000    0.000000    0.000000    0.000000
  -9.56319    0.000000    0.000000    0.000000    0.000000    0.000000    0.000000    0.000000    0.000000    0.000000    0.000000    0.000000
  -9.55719    0.000000    0.000000    0.000000    0.000000    0.000000    0.000000    0.000000    0.000000    0.000000    0.000000    0.000000
  -9.55118    0.000000    0.000000    0.000000    0.000000    0.000000    0.000000    0.000000    0.000000    0.000000    0.000000    0.000000
  -9.54518    0.000000    0.000000    0.000000    0.000000    0.000000    0.000000    0.000000    0.000000    0.000000    0.000000    0.000000
  -9.53918    0.000000    0.000000    0.000000    0.000000    0.000000    0.000000    0.000000    0.000000    0.000000    0.000000    0.000000
  -9.53318    0.000000    0.000000    0.000000    0.000000    0.000000    0.000000    0.000000    0.000000    0.000000    0.000000    0.000000
  -9.52718    0.000000    0.000000    0.000000    0.000000    0.000000    0.000000    0.000000    0.000000    0.000000    0.000000    0.000000
  -9.52117    0.000000    0.000000    0.000000    0.000000    0.000000    0.000000    0.000000    0.000000    0.000000    0.000000    0.000000
  -9.51517    0.000000    0.000000    0.000000    0.000000    0.000000    0.000000    0.000000    0.000000    0.000000    0.000000    0.000000
  -9.50917    0.000000    0.000000    0.000000    0.000000    0.000000    0.000000    0.000000    0.000000    0.000000    0.000000    0.000000
  -9.50317    0.000000    0.000000    0.000000    0.000000    0.000000    0.000000    0.000000    0.000000    0.000000    0.000000    0.000000
  -9.49717    0.000000    0.000000    0.000000    0.000000    0.000000    0.000000    0.000000    0.000000    0.000000    0.000000    0.000000
  -9.49116    0.000000    0.000000    0.000000    0.000000    0.000000    0.000000    0.000000    0.000000    0.000000    0.000000    0.000000
  -9.48516    0.000000    0.000000    0.000000    0.000000    0.000000    0.000000    0.000000    0.000000    0.000000    0.000000    0.000000
  -9.47916    0.000000    0.000000    0.000000    0.000000    0.000000    0.000000    0.000000    0.000000    0.000000    0.000000    0.000000
  -9.47316    0.000000    0.000000    0.000000    0.000000    0.000000    0.000000    0.000000    0.000000    0.000000    0.000000    0.000000
  -9.46716    0.000000    0.000000    0.000000    0.000000    0.000000    0.000000    0.000000    0.000000    0.000000    0.000000    0.000000
  -9.46115    0.000000    0.000000    0.000000    0.000000    0.000000    0.000000    0.000000    0.000000    0.000000    0.000000    0.000000
  -9.45515    0.000000    0.000000    0.000000    0.000000    0.000000    0.000000    0.000000    0.000000    0.000000    0.000000    0.000000
  -9.44915    0.000000    0.000000    0.000000    0.000000    0.000000    0.000000    0.000000    0.000000    0.000000    0.000000    0.000000
  -9.44315    0.000000    0.000000    0.000000    0.000000    0.000000    0.000000    0.000000    0.000000    0.000000    0.000000    0.000000
  -9.43715    0.000000    0.000000    0.000000    0.000000    0.000000    0.000000    0.000000    0.000000    0.000000    0.000000    0.000000
  -9.43114    0.000000    0.000000    0.000000    0.000000    0.000000    0.000000    0.000000    0.000000    0.000000    0.000000    0.000000
  -9.42514    0.000000    0.000000    0.000000    0.000000    0.000000    0.000000    0.000000    0.000000    0.000000    0.000000    0.000000
  -9.41914    0.000000    0.000000    0.000000    0.000000    0.000000    0.000000    0.000000    0.000000    0.000000    0.000000    0.000000
  -9.41314    0.000000    0.000000    0.000000    0.000000    0.000000    0.000000    0.000000    0.000000    0.000000    0.000000    0.000000
  -9.40714    0.000000    0.000000    0.000000    0.000000    0.000000    0.000000    0.000000    0.000000    0.000000    0.000000    0.000000
  -9.40113    0.000000    0.000000    0.000000    0.000000    0.000000    0.000000    0.000000    0.000000    0.000000    0.000000    0.000000
  -9.39513    0.000000    0.000000    0.000000    0.000000    0.000000    0.000000    0.000000    0.000000    0.000000    0.000000    0.000000
  -9.38913    0.000000    0.000000    0.000000    0.000000    0.000000    0.000000    0.000000    0.000000    0.000000    0.000000    0.000000
  -9.38313    0.000000    0.000000    0.000000    0.000000    0.000000    0.000000    0.000000    0.000000    0.000000    0.000000    0.000000
  -9.37713    0.000000    0.000000    0.000000    0.000000    0.000000    0.000000    0.000000    0.000000    0.000000    0.000000    0.000000
  -9.37112    0.000000    0.000000    0.000000    0.000000    0.000000    0.000000    0.000000    0.000000    0.000000    0.000000    0.000000
  -9.36512    0.000000    0.000000    0.000000    0.000000    0.000000    0.000000    0.000000    0.000000    0.000000    0.000000    0.000000
  -9.35912    0.000000    0.000000    0.000000    0.000000    0.000000    0.000000    0.000000    0.000000    0.000000    0.000000    0.000000
  -9.35312    0.000000    0.000000    0.000000    0.000000    0.000000    0.000000    0.000000    0.000000    0.000000    0.000000    0.000000
  -9.34712    0.000000    0.000000    0.000000    0.000000    0.000000    0.000000    0.000000    0.000000    0.000000    0.000000    0.000000
  -9.34111    0.000000    0.000000    0.000000    0.000000    0.000000    0.000000    0.000000    0.000000    0.000000    0.000000    0.000000
  -9.33511    0.000000    0.000000    0.000000    0.000000    0.000000    0.000000    0.000000    0.000000    0.000000    0.000000    0.000000
  -9.32911    0.000000    0.000000    0.000000    0.000000    0.000000    0.000000    0.000000    0.000000    0.000000    0.000000    0.000000
  -9.32311    0.000000    0.000000    0.000000    0.000000    0.000000    0.000000    0.000000    0.000000    0.000000    0.000000    0.000000
  -9.31711    0.000000    0.000000    0.000000    0.000000    0.000000    0.000000    0.000000    0.000000    0.000000    0.000000    0.000000
  -9.31110    0.000000    0.000000    0.000000    0.000000    0.000000    0.000000    0.000000    0.000000    0.000000    0.000000    0.000000
  -9.30510    0.000001    0.000000    0.000000    0.000000    0.000000    0.000000    0.000000    0.000000    0.000000    0.000000    0.000000
  -9.29910    0.000001    0.000000    0.000000    0.000000    0.000000    0.000000    0.000000    0.000000    0.000000    0.000000    0.000000
  -9.29310    0.000003    0.000000    0.000000    0.000000    0.000000    0.000000    0.000000    0.000000    0.000000    0.000000    0.000000
  -9.28710    0.000006    0.000000    0.000000    0.000000    0.000000    0.000000    0.000000    0.000000    0.000000    0.000000    0.000000
  -9.28109    0.000012    0.000000    0.000000    0.000000    0.000000    0.000000    0.000000    0.000000    0.000000    0.000000    0.000000
  -9.27509    0.000023    0.000000    0.000000    0.000000    0.000000    0.000000    0.000000    0.000000    0.000000    0.000000    0.000000
  -9.26909    0.000043    0.000000    0.000000    0.000000    0.000000    0.000000    0.000000    0.000000    0.000000    0.000000    0.000000
  -9.26309    0.000081    0.000000    0.000000    0.000000    0.000000    0.000000    0.000000    0.000000    0.000000    0.000000    0.000000
  -9.25709    0.000147    0.000000    0.000000    0.000000    0.000000    0.000000    0.000000    0.000000    0.000000    0.000000    0.000000
  -9.25108    0.000263    0.000000    0.000000    0.000000    0.000000    0.000000    0.000000    0.000000    0.000000    0.000000    0.000000
  -9.24508    0.000462    0.000000    0.000000    0.000000    0.000000    0.000000    0.000000    0.000000    0.000000    0.000000    0.000000
  -9.23908    0.000794    0.000001    0.000000    0.000001    0.000000    0.000000    0.000000    0.000000    0.000000    0.000000    0.000000
  -9.23308    0.001337    0.000001    0.000000    0.000001    0.000001    0.000000    0.000000    0.000000    0.000000    0.000000    0.000000
  -9.22708    0.002208    0.000002    0.000000    0.000002    0.000001    0.000000    0.000000    0.000000    0.000000    0.000000    0.000000
  -9.22107    0.003575    0.000003    0.000000    0.000003    0.000002    0.000000    0.000000    0.000000    0.000000    0.000000    0.000000
  -9.21507    0.005673    0.000005    0.000000    0.000005    0.000002    0.000000    0.000000    0.000000    0.000000    0.000000    0.000000
  -9.20907    0.008825    0.000008    0.000001    0.000007    0.000004    0.000000    0.000000    0.000000    0.000000    0.000000    0.000000
  -9.20307    0.013456    0.000012    0.000001    0.000011    0.000006    0.000000    0.000000    0.000000    0.000000    0.000000    0.000000
  -9.19707    0.020112    0.000018    0.000002    0.000016    0.000009    0.000000    0.000000    0.000000    0.000000    0.000000    0.000000
  -9.19106    0.029466    0.000026    0.000002    0.000024    0.000013    0.000000    0.000000    0.000000    0.000000    0.000000    0.000000
  -9.18506    0.042315    0.000037    0.000004    0.000034    0.000019    0.000000    0.000000    0.000000    0.000000    0.000000    0.000000
  -9.17906    0.059567    0.000053    0.000005    0.000048    0.000026    0.000000    0.000000    0.000000    0.000000    0.000000    0.000000
  -9.17306    0.082192    0.000073    0.000007    0.000066    0.000036    0.000000    0.000000    0.000000    0.000000    0.000000    0.000000
  -9.16706    0.111169    0.000098    0.000009    0.000089    0.000049    0.000000    0.000000    0.000000    0.000000    0.000000    0.000000
  -9.16105    0.147388    0.000130    0.000012    0.000118    0.000065    0.000000    0.000000    0.000000    0.000000    0.000000    0.000000
  -9.15505    0.191543    0.000169    0.000016    0.000153    0.000084    0.000000    0.000000    0.000000    0.000000    0.000000    0.000000
  -9.14905    0.244002    0.000215    0.000020    0.000195    0.000107    0.000000    0.000000    0.000000    0.000000    0.000000    0.000000
  -9.14305    0.304680    0.000269    0.000025    0.000243    0.000134    0.000000    0.000000    0.000000    0.000000    0.000000    0.000000
  -9.13705    0.372924    0.000329    0.000031    0.000298    0.000164    0.000000    0.000000    0.000000    0.000000    0.000000    0.000000
  -9.13104    0.447426    0.000395    0.000037    0.000358    0.000197    0.000000    0.000000    0.000000    0.000000    0.000000    0.000000
  -9.12504    0.526195    0.000464    0.000044    0.000420    0.000232    0.000000    0.000000    0.000000    0.000000    0.000000    0.000000
  -9.11904    0.606592    0.000535    0.000051    0.000485    0.000267    0.000000    0.000000    0.000000    0.000000    0.000000    0.000000
  -9.11304    0.685443    0.000605    0.000057    0.000548    0.000302    0.000000    0.000000    0.000000    0.000000    0.000000    0.000000
  -9.10704    0.759225    0.000670    0.000063    0.000607    0.000334    0.000000    0.000000    0.000000    0.000000    0.000000    0.000000
  -9.10103    0.824317    0.000727    0.000069    0.000659    0.000363    0.000000    0.000000    0.000000    0.000000    0.000000    0.000000
  -9.09503    0.877288    0.000774    0.000073    0.000701    0.000386    0.000000    0.000000    0.000000    0.000000    0.000000    0.000000
  -9.08903    0.915198    0.000808    0.000076    0.000731    0.000403    0.000000    0.000000    0.000000    0.000000    0.000000    0.000000
  -9.08303    0.935863    0.000826    0.000078    0.000748    0.000412    0.000000    0.000000    0.000000    0.000000    0.000000    0.000000
  -9.07703    0.938068    0.000828    0.000078    0.000750    0.000413    0.000000    0.000000    0.000000    0.000000    0.000000    0.000000
  -9.07102    0.921681    0.000813    0.000077    0.000737    0.000406    0.000000    0.000000    0.000000    0.000000    0.000000    0.000000
  -9.06502    0.887670    0.000783    0.000074    0.000709    0.000391    0.000000    0.000000    0.000000    0.000000    0.000000    0.000000
  -9.05902    0.838006    0.000739    0.000070    0.000670    0.000369    0.000000    0.000000    0.000000    0.000000    0.000000    0.000000
  -9.05302    0.775474    0.000684    0.000065    0.000620    0.000342    0.000000    0.000000    0.000000    0.000000    0.000000    0.000000
  -9.04702    0.703415    0.000621    0.000059    0.000562    0.000310    0.000000    0.000000    0.000000    0.000000    0.000000    0.000000
  -9.04101    0.625433    0.000552    0.000052    0.000500    0.000276    0.000000    0.000000    0.000000    0.000000    0.000000    0.000000
  -9.03501    0.545098    0.000481    0.000045    0.000436    0.000240    0.000000    0.000000    0.000000    0.000000    0.000000    0.000000
  -9.02901    0.465686    0.000411    0.000039    0.000372    0.000205    0.000000    0.000000    0.000000    0.000000    0.000000    0.000000
  -9.02301    0.389974    0.000344    0.000032    0.000312    0.000172    0.000000    0.000000    0.000000    0.000000    0.000000    0.000000
  -9.01701    0.320113    0.000282    0.000027    0.000256    0.000141    0.000000    0.000000    0.000000    0.000000    0.000000    0.000000
  -9.01100    0.257570    0.000227    0.000021    0.000206    0.000113    0.000000    0.000000    0.000000    0.000000    0.000000    0.000000
  -9.00500    0.203148    0.000179    0.000017    0.000162    0.000089    0.000000    0.000000    0.000000    0.000000    0.000000    0.000000
  -8.99900    0.157057    0.000139    0.000013    0.000126    0.000069    0.000000    0.000000    0.000000    0.000000    0.000000    0.000000
  -8.99300    0.119023    0.000105    0.000010    0.000095    0.000052    0.000000    0.000000    0.000000    0.000000    0.000000    0.000000
  -8.98700    0.088419    0.000078    0.000007    0.000071    0.000039    0.000000    0.000000    0.000000    0.000000    0.000000    0.000000
  -8.98099    0.064390    0.000057    0.000005    0.000051    0.000028    0.000000    0.000000    0.000000    0.000000    0.000000    0.000000
  -8.97499    0.045976    0.000041    0.000004    0.000037    0.000020    0.000000    0.000000    0.000000    0.000000    0.000000    0.000000
  -8.96899    0.032201    0.000028    0.000003    0.000026    0.000014    0.000000    0.000000    0.000000    0.000000    0.000000    0.000000
  -8.96299    0.022150    0.000020    0.000002    0.000018    0.000010    0.000000    0.000000    0.000000    0.000000    0.000000    0.000000
  -8.95699    0.015014    0.000013    0.000001    0.000012    0.000007    0.000000    0.000000    0.000000    0.000000    0.000000    0.000000
  -8.95098    0.010119    0.000009    0.000001    0.000008    0.000004    0.000000    0.000000    0.000000    0.000000    0.000000    0.000000
  -8.94498    0.006940    0.000007    0.000001    0.000006    0.000003    0.000000    0.000000    0.000000    0.000000    0.000000    0.000000
  -8.93898    0.005102    0.000005    0.000000    0.000005    0.000002    0.000000    0.000000    0.000000    0.000000    0.000000    0.000000
  -8.93298    0.004384    0.000005    0.000000    0.000005    0.000002    0.000000    0.000000    0.000000    0.000000    0.000000    0.000000
  -8.92698    0.004721    0.000007    0.000000    0.000006    0.000002    0.000000    0.000000    0.000000    0.000000    0.000000    0.000000
  -8.92097    0.006212    0.000010    0.000001    0.000009    0.000003    0.000000    0.000000    0.000000    0.000000    0.000000    0.000000
  -8.91497    0.009143    0.000015    0.000001    0.000014    0.000005    0.000000    0.000000    0.000000    0.000000    0.000000    0.000000
  -8.90897    0.014010    0.000023    0.000002    0.000021    0.000007    0.000000    0.000000    0.000000    0.000000    0.000000    0.000000
  -8.90297    0.021564    0.000036    0.000002    0.000033    0.000011    0.000000    0.000000    0.000000    0.000000    0.000000    0.000000
  -8.89697    0.032848    0.000054    0.000004    0.000051    0.000017    0.000000    0.000000    0.000000    0.000000    0.000000    0.000000
  -8.89096    0.049250    0.000082    0.000006    0.000076    0.000025    0.000000    0.000000    0.000000    0.000000    0.000000    0.000000
  -8.88496    0.072535    0.000121    0.000008    0.000113    0.000037    0.000000    0.000000    0.000000    0.000000    0.000000    0.000000
  -8.87896    0.104868    0.000175    0.000012    0.000163    0.000054    0.000000    0.000000    0.000000    0.000000    0.000000    0.000000
  -8.87296    0.148799    0.000249    0.000017    0.000232    0.000077    0.000000    0.000000    0.000000    0.000000    0.000000    0.000000
  -8.86696    0.207213    0.000348    0.000024    0.000324    0.000107    0.000000    0.000000    0.000000    0.000000    0.000000    0.000000
  -8.86095    0.283211    0.000477    0.000033    0.000444    0.000146    0.000000    0.000000    0.000000    0.000000    0.000000    0.000000
  -8.85495    0.379938    0.000641    0.000045    0.000597    0.000196    0.000000    0.000000    0.000000    0.000000    0.000000    0.000000
  -8.84895    0.500331    0.000847    0.000059    0.000787    0.000258    0.000000    0.000000    0.000000    0.000000    0.000000    0.000000
  -8.84295    0.646818    0.001097    0.000077    0.001020    0.000334    0.000000    0.000000    0.000000    0.000000    0.000000    0.000000
  -8.83695    0.820961    0.001396    0.000098    0.001298    0.000424    0.000000    0.000000    0.000000    0.000000    0.000000    0.000000
  -8.83094    1.023097    0.001743    0.000123    0.001621    0.000528    0.000000    0.000000    0.000000    0.000000    0.000000    0.000000
  -8.82494    1.251994    0.002138    0.000151    0.001987    0.000647    0.000000    0.000000    0.000000    0.000000    0.000000    0.000000
  -8.81894    1.504579    0.002575    0.000182    0.002393    0.000777    0.000000    0.000000    0.000000    0.000000    0.000000    0.000000
  -8.81294    1.775783    0.003045    0.000215    0.002830    0.000917    0.000000    0.000000    0.000000    0.000000    0.000000    0.000000
  -8.80694    2.058547    0.003537    0.000251    0.003286    0.001063    0.000000    0.000000    0.000000    0.000000    0.000000    0.000000
  -8.80093    2.344006    0.004036    0.000287    0.003749    0.001210    0.000000    0.000000    0.000000    0.000000    0.000000    0.000000
  -8.79493    2.621878    0.004523    0.000322    0.004200    0.001352    0.000000    0.000000    0.000000    0.000000    0.000000    0.000000
  -8.78893    2.881028    0.004978    0.000356    0.004623    0.001486    0.000000    0.000000    0.000000    0.000000    0.000000    0.000000
  -8.78293    3.110185    0.005383    0.000386    0.004998    0.001603    0.000000    0.000000    0.000000    0.000000    0.000000    0.000000
  -8.77693    3.298730    0.005719    0.000411    0.005308    0.001699    0.000000    0.000000    0.000000    0.000000    0.000000    0.000000
  -8.77092    3.437505    0.005968    0.000431    0.005538    0.001770    0.000000    0.000000    0.000000    0.000000    0.000000    0.000000
  -8.76492    3.519538    0.006119    0.000443    0.005676    0.001811    0.000000    0.000000    0.000000    0.000000    0.000000    0.000000
  -8.75892    3.540615    0.006163    0.000448    0.005715    0.001821    0.000000    0.000000    0.000000    0.000000    0.000000    0.000000
  -8.75292    3.499636    0.006099    0.000445    0.005654    0.001799    0.000000    0.000000    0.000000    0.000000    0.000000    0.000000
  -8.74692    3.398709    0.005929    0.000434    0.005495    0.001746    0.000000    0.000000    0.000000    0.000000    0.000000    0.000000
  -8.74091    3.242969    0.005662    0.000416    0.005246    0.001665    0.000000    0.000000    0.000000    0.000000    0.000000    0.000000
  -8.73491    3.040157    0.005312    0.000391    0.004920    0.001560    0.000000    0.000000    0.000000    0.000000    0.000000    0.000000
  -8.72891    2.799986    0.004895    0.000362    0.004533    0.001436    0.000000    0.000000    0.000000    0.000000    0.000000    0.000000
  -8.72291    2.533383    0.004431    0.000329    0.004102    0.001298    0.000000    0.000000    0.000000    0.000000    0.000000    0.000000
  -8.71691    2.251674    0.003940    0.000293    0.003646    0.001153    0.000000    0.000000    0.000000    0.000000    0.000000    0.000000
  -8.71090    1.965811    0.003440    0.000257    0.003183    0.001006    0.000000    0.000000    0.000000    0.000000    0.000000    0.000000
  -8.70490    1.685693    0.002951    0.000221    0.002730    0.000862    0.000000    0.000000    0.000000    0.000000    0.000000    0.000000
  -8.69890    1.419654    0.002485    0.000187    0.002298    0.000726    0.000000    0.000000    0.000000    0.000000    0.000000    0.000000
  -8.69290    1.174140    0.002055    0.000155    0.001900    0.000600    0.000000    0.000000    0.000000    0.000000    0.000000    0.000000
  -8.68690    0.953576    0.001669    0.000126    0.001543    0.000487    0.000000    0.000000    0.000000    0.000000    0.000000    0.000000
  -8.68089    0.760424    0.001331    0.000101    0.001230    0.000388    0.000000    0.000000    0.000000    0.000000    0.000000    0.000000
  -8.67489    0.595378    0.001041    0.000079    0.000962    0.000304    0.000000    0.000000    0.000000    0.000000    0.000000    0.000000
  -8.66889    0.457670    0.000800    0.000061    0.000739    0.000233    0.000000    0.000000    0.000000    0.000000    0.000000    0.000000
  -8.66289    0.345424    0.000604    0.000046    0.000558    0.000176    0.000000    0.000000    0.000000    0.000000    0.000000    0.000000
  -8.65689    0.256029    0.000448    0.000034    0.000413    0.000130    0.000000    0.000000    0.000000    0.000000    0.000000    0.000000
  -8.65088    0.186489    0.000326    0.000025    0.000301    0.000095    0.000000    0.000000    0.000000    0.000000    0.000000    0.000000
  -8.64488    0.133714    0.000234    0.000018    0.000216    0.000068    0.000000    0.000000    0.000000    0.000000    0.000000    0.000000
  -8.63888    0.094767    0.000167    0.000013    0.000154    0.000048    0.000000    0.000000    0.000000    0.000000    0.000000    0.000000
  -8.63288    0.067029    0.000119    0.000009    0.000110    0.000034    0.000000    0.000000    0.000000    0.000000    0.000000    0.000000
  -8.62688    0.048320    0.000088    0.000007    0.000082    0.000025    0.000000    0.000000    0.000000    0.000000    0.000000    0.000000
  -8.62087    0.036959    0.000071    0.000005    0.000066    0.000020    0.000000    0.000000    0.000000    0.000000    0.000000    0.000000
  -8.61487    0.031797    0.000066    0.000005    0.000062    0.000017    0.000000    0.000000    0.000000    0.000000    0.000000    0.000000
  -8.60887    0.032214    0.000073    0.000005    0.000068    0.000018    0.000000    0.000000    0.000000    0.000000    0.000000    0.000000
  -8.60287    0.038111    0.000092    0.000006    0.000086    0.000023    0.000000    0.000000    0.000000    0.000000    0.000000    0.000000
  -8.59687    0.049879    0.000125    0.000008    0.000116    0.000030    0.000000    0.000000    0.000000    0.000000    0.000000    0.000000
  -8.59086    0.068362    0.000174    0.000011    0.000163    0.000042    0.000000    0.000000    0.000000    0.000000    0.000000    0.000000
  -8.58486    0.094809    0.000244    0.000016    0.000228    0.000058    0.000000    0.000000    0.000000    0.000000    0.000000    0.000000
  -8.57886    0.130794    0.000339    0.000022    0.000317    0.000081    0.000000    0.000000    0.000000    0.000000    0.000000    0.000000
  -8.57286    0.178126    0.000464    0.000030    0.000434    0.000111    0.000000    0.000000    0.000000    0.000000    0.000000    0.000000
  -8.56686    0.238709    0.000624    0.000041    0.000583    0.000149    0.000000    0.000000    0.000000    0.000000    0.000000    0.000000
  -8.56085    0.314386    0.000824    0.000054    0.000770    0.000197    0.000000    0.000000    0.000000    0.000000    0.000000    0.000000
  -8.55485    0.406742    0.001070    0.000070    0.001000    0.000256    0.000000    0.000000    0.000000    0.000000    0.000000    0.000000
  -8.54885    0.516887    0.001364    0.000090    0.001275    0.000327    0.000000    0.000000    0.000000    0.000000    0.000000    0.000000
  -8.54285    0.645245    0.001709    0.000113    0.001596    0.000410    0.000000    0.000000    0.000000    0.000000    0.000000    0.000000
  -8.53685    0.791354    0.002102    0.000140    0.001963    0.000505    0.000000    0.000000    0.000000    0.000000    0.000000    0.000000
  -8.53084    0.953712    0.002542    0.000170    0.002372    0.000611    0.000000    0.000000    0.000000    0.000000    0.000000    0.000000
  -8.52484    1.129701    0.003020    0.000202    0.002818    0.000728    0.000000    0.000000    0.000000    0.000000    0.000000    0.000000
  -8.51884    1.315589    0.003527    0.000238    0.003290    0.000852    0.000000    0.000000    0.000000    0.000000    0.000000    0.000000
  -8.51284    1.506654    0.004051    0.000275    0.003776    0.000980    0.000000    0.000000    0.000000    0.000000    0.000000    0.000000
  -8.50684    1.697396    0.004576    0.000312    0.004264    0.001110    0.000000    0.000000    0.000000    0.000000    0.000000    0.000000
  -8.50083    1.881855    0.005085    0.000349    0.004736    0.001236    0.000000    0.000000    0.000000    0.000000    0.000000    0.000000
  -8.49483    2.053992    0.005562    0.000384    0.005178    0.001356    0.000000    0.000000    0.000000    0.000000    0.000000    0.000000
  -8.48883    2.208101    0.005991    0.000416    0.005575    0.001465    0.000000    0.000000    0.000000    0.000000    0.000000    0.000000
  -8.48283    2.339220    0.006357    0.000444    0.005913    0.001559    0.000000    0.000000    0.000000    0.000000    0.000000    0.000000
  -8.47683    2.443482    0.006650    0.000468    0.006182    0.001636    0.000000    0.000000    0.000000    0.000000    0.000000    0.000000
  -8.47082    2.518381    0.006861    0.000486    0.006375    0.001694    0.000000    0.000000    0.000000    0.000000    0.000000    0.000000
  -8.46482    2.562927    0.006989    0.000498    0.006491    0.001731    0.000000    0.000000    0.000000    0.000000    0.000000    0.000000
  -8.45882    2.577658    0.007034    0.000504    0.006530    0.001748    0.000000    0.000000    0.000000    0.000000    0.000000    0.000000
  -8.45282    2.564530    0.007003    0.000505    0.006498    0.001745    0.000000    0.000000    0.000000    0.000000    0.000000    0.000000
  -8.44682    2.526685    0.006904    0.000500    0.006404    0.001725    0.000000    0.000000    0.000000    0.000000    0.000000    0.000000
  -8.44081    2.468127    0.006749    0.000490    0.006258    0.001689    0.000000    0.000000    0.000000    0.000000    0.000000    0.000000
  -8.43481    2.393349    0.006551    0.000477    0.006073    0.001641    0.000000    0.000000    0.000000    0.000000    0.000000    0.000000
  -8.42881    2.306938    0.006322    0.000461    0.005862    0.001584    0.000000    0.000000    0.000000    0.000000    0.000000    0.000000
  -8.42281    2.213217    0.006076    0.000443    0.005634    0.001521    0.000000    0.000000    0.000000    0.000000    0.000000    0.000000
  -8.41681    2.115946    0.005822    0.000423    0.005399    0.001454    0.000000    0.000000    0.000000    0.000000    0.000000    0.000000
  -8.41080    2.018130    0.005568    0.000403    0.005165    0.001386    0.000000    0.000000    0.000000    0.000000    0.000000    0.000000
  -8.40480    1.921929    0.005319    0.000383    0.004936    0.001318    0.000000    0.000000    0.000000    0.000000    0.000000    0.000000
  -8.39880    1.828699    0.005076    0.000363    0.004714    0.001252    0.000000    0.000000    0.000000    0.000000    0.000000    0.000000
  -8.39280    1.739125    0.004841    0.000344    0.004498    0.001189    0.000000    0.000000    0.000000    0.000000    0.000000    0.000000
  -8.38680    1.653440    0.004613    0.000325    0.004287    0.001128    0.000000    0.000000    0.000000    0.000000    0.000000    0.000000
  -8.38079    1.571672    0.004388    0.000308    0.004080    0.001070    0.000000    0.000000    0.000000    0.000000    0.000000    0.000000
  -8.37479    1.493890    0.004167    0.000292    0.003875    0.001015    0.000000    0.000000    0.000000    0.000000    0.000000    0.000000
  -8.36879    1.420392    0.003948    0.000276    0.003671    0.000963    0.000000    0.000000    0.000000    0.000000    0.000000    0.000000
  -8.36279    1.351808    0.003732    0.000263    0.003469    0.000916    0.000000    0.000000    0.000000    0.000000    0.000000    0.000000
  -8.35679    1.289094    0.003521    0.000250    0.003271    0.000873    0.000000    0.000000    0.000000    0.000000    0.000000    0.000000
  -8.35078    1.233419    0.003319    0.000239    0.003079    0.000835    0.000000    0.000000    0.000000    0.000000    0.000000    0.000000
  -8.34478    1.185963    0.003129    0.000230    0.002898    0.000803    0.000000    0.000000    0.000000    0.000000    0.000000    0.000000
  -8.33878    1.147662    0.002956    0.000224    0.002732    0.000778    0.000000    0.000000    0.000000    0.000000    0.000000    0.000000
  -8.33278    1.118950    0.002802    0.000219    0.002583    0.000760    0.000000    0.000000    0.000000    0.000000    0.000000    0.000000
  -8.32678    1.099539    0.002670    0.000216    0.002454    0.000748    0.000000    0.000000    0.000000    0.000000    0.000000    0.000000
  -8.32077    1.088294    0.002560    0.000215    0.002345    0.000742    0.000000    0.000000    0.000000    0.000000    0.000000    0.000000
  -8.31477    1.083222    0.002469    0.000215    0.002255    0.000740    0.000000    0.000000    0.000000    0.000000    0.000000    0.000000
  -8.30877    1.081595    0.002394    0.000215    0.002178    0.000740    0.000000    0.000000    0.000000    0.000000    0.000000    0.000000
  -8.30277    1.080177    0.002328    0.000216    0.002112    0.000740    0.000000    0.000000    0.000000    0.000000    0.000000    0.000000
  -8.29677    1.075547    0.002266    0.000216    0.002050    0.000738    0.000000    0.000000    0.000000    0.000000    0.000000    0.000000
  -8.29076    1.064462    0.002200    0.000214    0.001985    0.000732    0.000000    0.000000    0.000000    0.000000    0.000000    0.000000
  -8.28476    1.044201    0.002124    0.000211    0.001914    0.000718    0.000000    0.000000    0.000000    0.000000    0.000000    0.000000
  -8.27876    1.012858    0.002035    0.000205    0.001831    0.000697    0.000000    0.000000    0.000000    0.000000    0.000000    0.000000
  -8.27276    0.969528    0.001930    0.000196    0.001733    0.000668    0.000000    0.000000    0.000000    0.000000    0.000000    0.000000
  -8.26676    0.914384    0.001806    0.000185    0.001621    0.000630    0.000000    0.000000    0.000000    0.000000    0.000000    0.000000
  -8.26075    0.848612    0.001667    0.000172    0.001495    0.000585    0.000000    0.000000    0.000000    0.000000    0.000000    0.000000
  -8.25475    0.774253    0.001514    0.000157    0.001357    0.000534    0.000000    0.000000    0.000000    0.000000    0.000000    0.000000
  -8.24875    0.693953    0.001353    0.000141    0.001212    0.000479    0.000000    0.000000    0.000000    0.000000    0.000000    0.000000
  -8.24275    0.610674    0.001188    0.000124    0.001064    0.000421    0.000000    0.000000    0.000000    0.000000    0.000000    0.000000
  -8.23675    0.527400    0.001024    0.000107    0.000917    0.000364    0.000000    0.000000    0.000000    0.000000    0.000000    0.000000
  -8.23074    0.446877    0.000867    0.000091    0.000776    0.000308    0.000000    0.000000    0.000000    0.000000    0.000000    0.000000
  -8.22474    0.371412    0.000720    0.000075    0.000644    0.000256    0.000000    0.000000    0.000000    0.000000    0.000000    0.000000
  -8.21874    0.302746    0.000586    0.000061    0.000525    0.000209    0.000000    0.000000    0.000000    0.000000    0.000000    0.000000
  -8.21274    0.242004    0.000468    0.000049    0.000419    0.000167    0.000000    0.000000    0.000000    0.000000    0.000000    0.000000
  -8.20674    0.189715    0.000367    0.000039    0.000329    0.000131    0.000000    0.000000    0.000000    0.000000    0.000000    0.000000
  -8.20073    0.145888    0.000283    0.000030    0.000253    0.000101    0.000000    0.000000    0.000000    0.000000    0.000000    0.000000
  -8.19473    0.110118    0.000214    0.000022    0.000191    0.000076    0.000000    0.000000    0.000000    0.000000    0.000000    0.000000
  -8.18873    0.081723    0.000160    0.000017    0.000143    0.000057    0.000000    0.000000    0.000000    0.000000    0.000000    0.000000
  -8.18273    0.059869    0.000118    0.000012    0.000106    0.000042    0.000000    0.000000    0.000000    0.000000    0.000000    0.000000
  -8.17673    0.043692    0.000089    0.000009    0.000080    0.000031    0.000000    0.000000    0.000000    0.000000    0.000000    0.000000
  -8.17072    0.032404    0.000070    0.000007    0.000063    0.000024    0.000000    0.000000    0.000000    0.000000    0.000000    0.000000
  -8.16472    0.025379    0.000062    0.000006    0.000056    0.000020    0.000000    0.000000    0.000000    0.000000    0.000000    0.000000
  -8.15872    0.022217    0.000063    0.000006    0.000058    0.000019    0.000000    0.000000    0.000000    0.000000    0.000000    0.000000
  -8.15272    0.022799    0.000076    0.000006    0.000069    0.000022    0.000000    0.000000    0.000000    0.000000    0.000000    0.000000
  -8.14672    0.027326    0.000101    0.000008    0.000093    0.000028    0.000000    0.000000    0.000000    0.000000    0.000000    0.000000
  -8.14071    0.036345    0.000144    0.000011    0.000132    0.000039    0.000000    0.000000    0.000000    0.000000    0.000000    0.000000
  -8.13471    0.050767    0.000207    0.000016    0.000191    0.000055    0.000000    0.000000    0.000000    0.000000    0.000000    0.000000
  -8.12871    0.071863    0.000296    0.000023    0.000274    0.000078    0.000000    0.000000    0.000000    0.000000    0.000000    0.000000
  -8.12271    0.101248    0.000419    0.000032    0.000387    0.000111    0.000000    0.000000    0.000000    0.000000    0.000000    0.000000
  -8.11671    0.140826    0.000584    0.000045    0.000540    0.000154    0.000000    0.000000    0.000000    0.000000    0.000000    0.000000
  -8.11070    0.192709    0.000800    0.000061    0.000739    0.000211    0.000000    0.000000    0.000000    0.000000    0.000000    0.000000
  -8.10470    0.259094    0.001076    0.000082    0.000994    0.000284    0.000000    0.000000    0.000000    0.000000    0.000000    0.000000
  -8.09870    0.342103    0.001421    0.000108    0.001313    0.000375    0.000000    0.000000    0.000000    0.000000    0.000000    0.000000
  -8.09270    0.443592    0.001843    0.000141    0.001703    0.000487    0.000000    0.000000    0.000000    0.000000    0.000000    0.000000
  -8.08670    0.564945    0.002349    0.000179    0.002169    0.000621    0.000000    0.000000    0.000000    0.000000    0.000000    0.000000
  -8.08069    0.706876    0.002940    0.000225    0.002716    0.000778    0.000000    0.000000    0.000000    0.000000    0.000000    0.000000
  -8.07469    0.869254    0.003619    0.000277    0.003342    0.000960    0.000000    0.000000    0.000000    0.000000    0.000000    0.000000
  -8.06869    1.050994    0.004381    0.000335    0.004046    0.001165    0.000000    0.000000    0.000000    0.000000    0.000000    0.000000
  -8.06269    1.250027    0.005218    0.000399    0.004820    0.001392    0.000000    0.000000    0.000000    0.000000    0.000000    0.000000
  -8.05669    1.463360    0.006121    0.000467    0.005654    0.001639    0.000000    0.000000    0.000000    0.000000    0.000000    0.000000
  -8.05068    1.687239    0.007076    0.000540    0.006536    0.001904    0.000000    0.000000    0.000000    0.000000    0.000000    0.000000
  -8.04468    1.917391    0.008066    0.000615    0.007451    0.002183    0.000000    0.000000    0.000000    0.000000    0.000000    0.000000
  -8.03868    2.149322    0.009076    0.000691    0.008385    0.002475    0.000000    0.000000    0.000000    0.000000    0.000000    0.000000
  -8.03268    2.378624    0.010089    0.000767    0.009323    0.002775    0.000000    0.000000    0.000000    0.000000    0.000000    0.000000
  -8.02668    2.601264    0.011092    0.000842    0.010250    0.003082    0.000000    0.000000    0.000000    0.000000    0.000000    0.000000
  -8.02067    2.813798    0.012071    0.000914    0.011157    0.003394    0.000000    0.000000    0.000000    0.000000    0.000000    0.000000
  -8.01467    3.013497    0.013017    0.000984    0.012033    0.003708    0.000000    0.000000    0.000000    0.000000    0.000000    0.000000
  -8.00867    3.198357    0.013922    0.001050    0.012872    0.004024    0.000000    0.000000    0.000000    0.000000    0.000000    0.000000
  -8.00267    3.367023    0.014780    0.001113    0.013667    0.004341    0.000000    0.000000    0.000000    0.000000    0.000000    0.000000
  -7.99667    3.518633    0.015586    0.001172    0.014414    0.004657    0.000000    0.000000    0.000000    0.000000    0.000000    0.000000
  -7.99066    3.652625    0.016337    0.001228    0.015109    0.004969    0.000000    0.000000    0.000000    0.000000    0.000000    0.000000
  -7.98466    3.768553    0.017028    0.001279    0.015749    0.005276    0.000000    0.000000    0.000000    0.000000    0.000000    0.000000
  -7.97866    3.865934    0.017654    0.001327    0.016327    0.005572    0.000000    0.000000    0.000000    0.000000    0.000000    0.000000
  -7.97266    3.944162    0.018210    0.001370    0.016840    0.005854    0.000000    0.000000    0.000000    0.000000    0.000000    0.000000
  -7.96666    4.002491    0.018688    0.001409    0.017279    0.006114    0.000000    0.000000    0.000000    0.000000    0.000000    0.000000
  -7.96065    4.040078    0.019082    0.001443    0.017639    0.006349    0.000000    0.000000    0.000000    0.000000    0.000000    0.000000
  -7.95465    4.056079    0.019385    0.001472    0.017913    0.006550    0.000000    0.000000    0.000000    0.000000    0.000000    0.000000
  -7.94865    4.049771    0.019591    0.001494    0.018096    0.006711    0.000000    0.000000    0.000000    0.000000    0.000000    0.000000
  -7.94265    4.020669    0.019693    0.001510    0.018183    0.006828    0.000000    0.000000    0.000000    0.000000    0.000000    0.000000
  -7.93665    3.968644    0.019688    0.001519    0.018169    0.006895    0.000000    0.000000    0.000000    0.000000    0.000000    0.000000
  -7.93064    3.894015    0.019574    0.001519    0.018054    0.006910    0.000000    0.000000    0.000000    0.000000    0.000000    0.000000
  -7.92464    3.797617    0.019349    0.001512    0.017837    0.006871    0.000000    0.000000    0.000000    0.000000    0.000000    0.000000
  -7.91864    3.680851    0.019015    0.001496    0.017519    0.006777    0.000000    0.000000    0.000000    0.000000    0.000000    0.000000
  -7.91264    3.545710    0.018576    0.001471    0.017105    0.006632    0.000000    0.000000    0.000000    0.000000    0.000000    0.000000
  -7.90664    3.394788    0.018037    0.001437    0.016600    0.006439    0.000000    0.000000    0.000000    0.000000    0.000000    0.000000
  -7.90063    3.231251    0.017409    0.001396    0.016013    0.006204    0.000000    0.000000    0.000000    0.000000    0.000000    0.000000
  -7.89463    3.058776    0.016702    0.001347    0.015356    0.005935    0.000000    0.000000    0.000000    0.000000    0.000000    0.000000
  -7.88863    2.881436    0.015933    0.001291    0.014642    0.005639    0.000000    0.000000    0.000000    0.000000    0.000000    0.000000
  -7.88263    2.703537    0.015121    0.001230    0.013890    0.005328    0.000000    0.000000    0.000000    0.000000    0.000000    0.000000
  -7.87663    2.529402    0.014284    0.001166    0.013118    0.005011    0.000000    0.000000    0.000000    0.000000    0.000000    0.000000
  -7.87062    2.363127    0.013446    0.001101    0.012345    0.004697    0.000000    0.000000    0.000000    0.000000    0.000000    0.000000
  -7.86462    2.208324    0.012628    0.001035    0.011592    0.004396    0.000000    0.000000    0.000000    0.000000    0.000000    0.000000
  -7.85862    2.067899    0.011849    0.000972    0.010877    0.004114    0.000000    0.000000    0.000000    0.000000    0.000000    0.000000
  -7.85262    1.943886    0.011129    0.000913    0.010216    0.003857    0.000000    0.000000    0.000000    0.000000    0.000000    0.000000
  -7.84662    1.837367    0.010480    0.000859    0.009621    0.003628    0.000000    0.000000    0.000000    0.000000    0.000000    0.000000
  -7.84061    1.748510    0.009913    0.000811    0.009101    0.003429    0.000000    0.000000    0.000000    0.000000    0.000000    0.000000
  -7.83461    1.676704    0.009433    0.000771    0.008662    0.003258    0.000000    0.000000    0.000000    0.000000    0.000000    0.000000
  -7.82861    1.620785    0.009043    0.000738    0.008305    0.003116    0.000000    0.000000    0.000000    0.000000    0.000000    0.000000
  -7.82261    1.579321    0.008743    0.000713    0.008030    0.002997    0.000000    0.000000    0.000000    0.000000    0.000000    0.000000
  -7.81661    1.550916    0.008533    0.000697    0.007836    0.002901    0.000000    0.000000    0.000000    0.000000    0.000000    0.000000
  -7.81060    1.534483    0.008411    0.000687    0.007723    0.002824    0.000000    0.000000    0.000000    0.000000    0.000000    0.000000
  -7.80460    1.529467    0.008377    0.000686    0.007691    0.002766    0.000000    0.000000    0.000000    0.000000    0.000000    0.000000
  -7.79860    1.535982    0.008434    0.000692    0.007742    0.002725    0.000000    0.000000    0.000000    0.000000    0.000000    0.000000
  -7.79260    1.554863    0.008588    0.000706    0.007882    0.002704    0.000000    0.000000    0.000000    0.000000    0.000000    0.000000
  -7.78660    1.587629    0.008847    0.000728    0.008120    0.002705    0.000000    0.000000    0.000000    0.000000    0.000000    0.000000
  -7.78059    1.636390    0.009222    0.000757    0.008465    0.002733    0.000000    0.000000    0.000000    0.000000    0.000000    0.000000
  -7.77459    1.703695    0.009727    0.000796    0.008931    0.002791    0.000000    0.000000    0.000000    0.000000    0.000000    0.000000
  -7.76859    1.792348    0.010376    0.000843    0.009533    0.002886    0.000000    0.000000    0.000000    0.000000    0.000000    0.000000
  -7.76259    1.905202    0.011185    0.000900    0.010286    0.003023    0.000000    0.000000    0.000000    0.000000    0.000000    0.000000
  -7.75659    2.044924    0.012171    0.000966    0.011204    0.003208    0.000000    0.000000    0.000000    0.000000    0.000000    0.000000
  -7.75058    2.213731    0.013345    0.001043    0.012302    0.003447    0.000000    0.000000    0.000000    0.000000    0.000000    0.000000
  -7.74458    2.413096    0.014717    0.001131    0.013586    0.003742    0.000000    0.000000    0.000000    0.000000    0.000000    0.000000
  -7.73858    2.643432    0.016290    0.001228    0.015062    0.004096    0.000000    0.000000    0.000000    0.000000    0.000000    0.000000
  -7.73258    2.903756    0.018060    0.001336    0.016724    0.004508    0.000000    0.000000    0.000000    0.000000    0.000000    0.000000
  -7.72658    3.191391    0.020010    0.001453    0.018557    0.004975    0.000000    0.000000    0.000000    0.000000    0.000000    0.000000
  -7.72057    3.501732    0.022113    0.001576    0.020536    0.005492    0.000000    0.000000    0.000000    0.000000    0.000000    0.000000
  -7.71457    3.828139    0.024327    0.001705    0.022622    0.006046    0.000000    0.000000    0.000000    0.000000    0.000000    0.000000
  -7.70857    4.162005    0.026598    0.001834    0.024764    0.006626    0.000000    0.000000    0.000000    0.000000    0.000000    0.000000
  -7.70257    4.493039    0.028861    0.001961    0.026900    0.007214    0.000000    0.000000    0.000000    0.000000    0.000000    0.000000
  -7.69657    4.809764    0.031042    0.002081    0.028961    0.007792    0.000000    0.000000    0.000000    0.000000    0.000000    0.000000
  -7.69056    5.100226    0.033064    0.002189    0.030874    0.008340    0.000000    0.000000    0.000000    0.000000    0.000000    0.000000
  -7.68456    5.352843    0.034851    0.002283    0.032568    0.008837    0.000000    0.000000    0.000000    0.000000    0.000000    0.000000
  -7.67856    5.557326    0.036337    0.002358    0.033979    0.009266    0.000000    0.000000    0.000000    0.000000    0.000000    0.000000
  -7.67256    5.705562    0.037469    0.002412    0.035057    0.009614    0.000000    0.000000    0.000000    0.000000    0.000000    0.000000
  -7.66656    5.792361    0.038212    0.002444    0.035768    0.009872    0.000000    0.000000    0.000000    0.000000    0.000000    0.000000
  -7.66055    5.815969    0.038556    0.002454    0.036102    0.010036    0.000000    0.000000    0.000000    0.000000    0.000000    0.000000
  -7.65455    5.778287    0.038516    0.002446    0.036071    0.010111    0.000000    0.000000    0.000000    0.000000    0.000000    0.000000
  -7.64855    5.684749    0.038131    0.002421    0.035709    0.010107    0.000000    0.000000    0.000000    0.000000    0.000000    0.000000
  -7.64255    5.543883    0.037458    0.002386    0.035073    0.010039    0.000000    0.000000    0.000000    0.000000    0.000000    0.000000
  -7.63655    5.366592    0.036576    0.002345    0.034231    0.009929    0.000000    0.000000    0.000000    0.000000    0.000000    0.000000
  -7.63054    5.165236    0.035569    0.002305    0.033265    0.009799    0.000000    0.000000    0.000000    0.000000    0.000000    0.000000
  -7.62454    4.952614    0.034526    0.002270    0.032255    0.009672    0.000000    0.000000    0.000000    0.000000    0.000000    0.000000
  -7.61854    4.740950    0.033528    0.002247    0.031281    0.009569    0.000000    0.000000    0.000000    0.000000    0.000000    0.000000
  -7.61254    4.540981    0.032648    0.002239    0.030409    0.009509    0.000000    0.000000    0.000000    0.000000    0.000000    0.000000
  -7.60654    4.361233    0.031936    0.002247    0.029689    0.009505    0.000000    0.000000    0.000000    0.000000    0.000000    0.000000
  -7.60053    4.207522    0.031423    0.002272    0.029151    0.009561    0.000000    0.000000    0.000000    0.000000    0.000000    0.000000
  -7.59453    4.082727    0.031117    0.002314    0.028804    0.009677    0.000000    0.000000    0.000000    0.000000    0.000000    0.000000
  -7.58853    3.986814    0.031002    0.002367    0.028635    0.009846    0.000000    0.000000    0.000000    0.000000    0.000000    0.000000
  -7.58253    3.917092    0.031040    0.002429    0.028611    0.010052    0.000000    0.000000    0.000000    0.000000    0.000000    0.000000
  -7.57653    3.868656    0.031177    0.002492    0.028686    0.010276    0.000000    0.000000    0.000000    0.000000    0.000000    0.000000
  -7.57052    3.834960    0.031350    0.002551    0.028800    0.010495    0.000000    0.000000    0.000000    0.000000    0.000000    0.000000
  -7.56452    3.808470    0.031488    0.002599    0.028890    0.010685    0.000000    0.000000    0.000000    0.000000    0.000000    0.000000
  -7.55852    3.781325    0.031522    0.002629    0.028893    0.010822    0.000000    0.000000    0.000000    0.000000    0.000000    0.000000
  -7.55252    3.745971    0.031390    0.002637    0.028753    0.010883    0.000000    0.000000    0.000000    0.000000    0.000000    0.000000
  -7.54652    3.695712    0.031041    0.002619    0.028421    0.010852    0.000000    0.000000    0.000000    0.000000    0.000000    0.000000
  -7.54051    3.625154    0.030438    0.002573    0.027865    0.010715    0.000000    0.000000    0.000000    0.000000    0.000000    0.000000
  -7.53451    3.530522    0.029564    0.002497    0.027068    0.010467    0.000000    0.000000    0.000000    0.000000    0.000000    0.000000
  -7.52851    3.409829    0.028419    0.002392    0.026026    0.010108    0.000000    0.000000    0.000000    0.000000    0.000000    0.000000
  -7.52251    3.262923    0.027019    0.002263    0.024756    0.009646    0.000000    0.000000    0.000000    0.000000    0.000000    0.000000
  -7.51651    3.091399    0.025398    0.002112    0.023287    0.009093    0.000000    0.000000    0.000000    0.000000    0.000000    0.000000
  -7.51050    2.898411    0.023603    0.001945    0.021657    0.008466    0.000000    0.000000    0.000000    0.000000    0.000000    0.000000
  -7.50450    2.688420    0.021688    0.001769    0.019919    0.007787    0.000000    0.000000    0.000000    0.000000    0.000000    0.000000
  -7.49850    2.466872    0.019715    0.001588    0.018126    0.007079    0.000000    0.000000    0.000000    0.000000    0.000000    0.000000
  -7.49250    2.239876    0.017749    0.001411    0.016339    0.006365    0.000000    0.000000    0.000000    0.000000    0.000000    0.000000
  -7.48650    2.013864    0.015856    0.001242    0.014614    0.005671    0.000000    0.000000    0.000000    0.000000    0.000000    0.000000
  -7.48049    1.795283    0.014096    0.001087    0.013009    0.005019    0.000000    0.000000    0.000000    0.000000    0.000000    0.000000
  -7.47449    1.590308    0.012527    0.000950    0.011577    0.004428    0.000000    0.000000    0.000000    0.000000    0.000000    0.000000
  -7.46849    1.404598    0.011201    0.000836    0.010364    0.003918    0.000000    0.000000    0.000000    0.000000    0.000000    0.000000
  -7.46249    1.243089    0.010160    0.000748    0.009413    0.003503    0.000000    0.000000    0.000000    0.000000    0.000000    0.000000
  -7.45649    1.109832    0.009442    0.000687    0.008756    0.003196    0.000000    0.000000    0.000000    0.000000    0.000000    0.000000
  -7.45048    1.007866    0.009073    0.000655    0.008418    0.003005    0.000000    0.000000    0.000000    0.000000    0.000000    0.000000
  -7.44448    0.939134    0.009071    0.000653    0.008418    0.002937    0.000000    0.000000    0.000000    0.000000    0.000000    0.000000
  -7.43848    0.904435    0.009443    0.000681    0.008761    0.002993    0.000000    0.000000    0.000000    0.000000    0.000000    0.000000
  -7.43248    0.903414    0.010185    0.000738    0.009446    0.003172    0.000000    0.000000    0.000000    0.000000    0.000000    0.000000
  -7.42648    0.934594    0.011283    0.000823    0.010461    0.003470    0.000000    0.000000    0.000000    0.000000    0.000000    0.000000
  -7.42047    0.995445    0.012713    0.000932    0.011781    0.003879    0.000000    0.000000    0.000000    0.000000    0.000000    0.000000
  -7.41447    1.082494    0.014437    0.001064    0.013373    0.004387    0.000000    0.000000    0.000000    0.000000    0.000000    0.000000
  -7.40847    1.191471    0.016408    0.001213    0.015195    0.004979    0.000000    0.000000    0.000000    0.000000    0.000000    0.000000
  -7.40247    1.317485    0.018571    0.001376    0.017196    0.005638    0.000000    0.000000    0.000000    0.000000    0.000000    0.000000
  -7.39647    1.455226    0.020863    0.001546    0.019317    0.006344    0.000000    0.000000    0.000000    0.000000    0.000000    0.000000
  -7.39046    1.599179    0.023215    0.001720    0.021495    0.007073    0.000000    0.000000    0.000000    0.000000    0.000000    0.000000
  -7.38446    1.743843    0.025555    0.001890    0.023665    0.007802    0.000000    0.000000    0.000000    0.000000    0.000000    0.000000
  -7.37846    1.883941    0.027812    0.002050    0.025762    0.008508    0.000000    0.000000    0.000000    0.000000    0.000000    0.000000
  -7.37246    2.014611    0.029916    0.002196    0.027720    0.009167    0.000000    0.000000    0.000000    0.000000    0.000000    0.000000
  -7.36646    2.131580    0.031803    0.002322    0.029481    0.009758    0.000000    0.000000    0.000000    0.000000    0.000000    0.000000
  -7.36045    2.231304    0.033417    0.002425    0.030993    0.010261    0.000000    0.000000    0.000000    0.000000    0.000000    0.000000
  -7.35445    2.311075    0.034712    0.002500    0.032212    0.010663    0.000000    0.000000    0.000000    0.000000    0.000000    0.000000
  -7.34845    2.369103    0.035654    0.002547    0.033106    0.010953    0.000000    0.000000    0.000000    0.000000    0.000000    0.000000
  -7.34245    2.404548    0.036221    0.002565    0.033656    0.011126    0.000000    0.000000    0.000000    0.000000    0.000000    0.000000
  -7.33645    2.417524    0.036408    0.002555    0.033853    0.011183    0.000000    0.000000    0.000000    0.000000    0.000000    0.000000
  -7.33044    2.409048    0.036224    0.002520    0.033704    0.011129    0.000000    0.000000    0.000000    0.000000    0.000000    0.000000
  -7.32444    2.380935    0.035692    0.002462    0.033230    0.010976    0.000000    0.000000    0.000000    0.000000    0.000000    0.000000
  -7.31844    2.335652    0.034847    0.002387    0.032460    0.010737    0.000000    0.000000    0.000000    0.000000    0.000000    0.000000
  -7.31244    2.276111    0.033734    0.002298    0.031437    0.010431    0.000000    0.000000    0.000000    0.000000    0.000000    0.000000
  -7.30644    2.205426    0.032406    0.002200    0.030206    0.010073    0.000000    0.000000    0.000000    0.000000    0.000000    0.000000
  -7.30043    2.126659    0.030916    0.002098    0.028818    0.009683    0.000000    0.000000    0.000000    0.000000    0.000000    0.000000
  -7.29443    2.042569    0.029318    0.001995    0.027323    0.009275    0.000000    0.000000    0.000000    0.000000    0.000000    0.000000
  -7.28843    1.955401    0.027659    0.001894    0.025765    0.008862    0.000000    0.000000    0.000000    0.000000    0.000000    0.000000
  -7.28243    1.866745    0.025979    0.001797    0.024182    0.008450    0.000000    0.000000    0.000000    0.000000    0.000000    0.000000
  -7.27643    1.777486    0.024308    0.001704    0.022604    0.008044    0.000000    0.000000    0.000000    0.000000    0.000000    0.000000
  -7.27042    1.687852    0.022666    0.001615    0.021051    0.007644    0.000000    0.000000    0.000000    0.000000    0.000000    0.000000
  -7.26442    1.597563    0.021063    0.001529    0.019534    0.007246    0.000000    0.000000    0.000000    0.000000    0.000000    0.000000
  -7.25842    1.506045    0.019502    0.001443    0.018059    0.006846    0.000000    0.000000    0.000000    0.000000    0.000000    0.000000
  -7.25242    1.412702    0.017984    0.001358    0.016626    0.006439    0.000000    0.000000    0.000000    0.000000    0.000000    0.000000
  -7.24642    1.317186    0.016505    0.001270    0.015236    0.006021    0.000000    0.000000    0.000000    0.000000    0.000000    0.000000
  -7.24041    1.219633    0.015069    0.001180    0.013890    0.005592    0.000000    0.000000    0.000000    0.000000    0.000000    0.000000
  -7.23441    1.120836    0.013683    0.001087    0.012596    0.005152    0.000000    0.000000    0.000000    0.000000    0.000000    0.000000
  -7.22841    1.022340    0.012360    0.000993    0.011367    0.004709    0.000000    0.000000    0.000000    0.000000    0.000000    0.000000
  -7.22241    0.926433    0.011123    0.000900    0.010223    0.004273    0.000000    0.000000    0.000000    0.000000    0.000000    0.000000
  -7.21641    0.836070    0.010004    0.000810    0.009194    0.003857    0.000000    0.000000    0.000000    0.000000    0.000000    0.000000
  -7.21040    0.754718    0.009040    0.000726    0.008314    0.003476    0.000000    0.000000    0.000000    0.000000    0.000000    0.000000
  -7.20440    0.686173    0.008276    0.000653    0.007623    0.003148    0.000000    0.000000    0.000000    0.000000    0.000000    0.000000
  -7.19840    0.634358    0.007758    0.000594    0.007164    0.002891    0.000000    0.000000    0.000000    0.000000    0.000000    0.000000
  -7.19240    0.603126    0.007536    0.000552    0.006984    0.002721    0.000000    0.000000    0.000000    0.000000    0.000000    0.000000
  -7.18640    0.596086    0.007661    0.000533    0.007129    0.002655    0.000000    0.000000    0.000000    0.000000    0.000000    0.000000
  -7.18039    0.616451    0.008181    0.000538    0.007643    0.002708    0.000000    0.000000    0.000000    0.000000    0.000000    0.000000
  -7.17439    0.666916    0.009141    0.000572    0.008569    0.002889    0.000000    0.000000    0.000000    0.000000    0.000000    0.000000
  -7.16839    0.749553    0.010581    0.000638    0.009944    0.003208    0.000000    0.000000    0.000000    0.000000    0.000000    0.000000
  -7.16239    0.865716    0.012536    0.000737    0.011799    0.003670    0.000000    0.000000    0.000000    0.000000    0.000000    0.000000
  -7.15639    1.015960    0.015028    0.000872    0.014156    0.004276    0.000000    0.000000    0.000000    0.000000    0.000000    0.000000
  -7.15038    1.199964    0.018072    0.001044    0.017028    0.005024    0.000000    0.000000    0.000000    0.000000    0.000000    0.000000
  -7.14438    1.416462    0.021666    0.001253    0.020413    0.005907    0.000000    0.000000    0.000000    0.000000    0.000000    0.000000
  -7.13838    1.663199    0.025795    0.001499    0.024296    0.006914    0.000000    0.000000    0.000000    0.000000    0.000000    0.000000
  -7.13238    1.936910    0.030421    0.001779    0.028642    0.008031    0.000000    0.000000    0.000000    0.000000    0.000000    0.000000
  -7.12638    2.233347    0.035489    0.002090    0.033399    0.009239    0.000000    0.000000    0.000000    0.000000    0.000000    0.000000
  -7.12037    2.547359    0.040924    0.002427    0.038496    0.010515    0.000000    0.000000    0.000000    0.000000    0.000000    0.000000
  -7.11437    2.873029    0.046627    0.002785    0.043842    0.011834    0.000000    0.000000    0.000000    0.000000    0.000000    0.000000
  -7.10837    3.203878    0.052484    0.003155    0.049329    0.013170    0.000000    0.000000    0.000000    0.000000    0.000000    0.000000
  -7.10237    3.533123    0.058366    0.003530    0.054837    0.014496    0.000000    0.000000    0.000000    0.000000    0.000000    0.000000
  -7.09637    3.853986    0.064137    0.003900    0.060237    0.015785    0.000000    0.000000    0.000000    0.000000    0.000000    0.000000
  -7.09036    4.160027    0.069657    0.004256    0.065401    0.017015    0.000000    0.000000    0.000000    0.000000    0.000000    0.000000
  -7.08436    4.445481    0.074794    0.004589    0.070205    0.018164    0.000000    0.000000    0.000000    0.000000    0.000000    0.000000
  -7.07836    4.705572    0.079431    0.004892    0.074539    0.019219    0.000000    0.000000    0.000000    0.000000    0.000000    0.000000
  -7.07236    4.936782    0.083474    0.005160    0.078314    0.020172    0.000000    0.000000    0.000000    0.000000    0.000000    0.000000
  -7.06636    5.137050    0.086858    0.005387    0.081471    0.021020    0.000000    0.000000    0.000000    0.000000    0.000000    0.000000
  -7.06035    5.305884    0.089554    0.005573    0.083981    0.021771    0.000000    0.000000    0.000000    0.000000    0.000000    0.000000
  -7.05435    5.444382    0.091571    0.005718    0.085853    0.022435    0.000000    0.000000    0.000000    0.000000    0.000000    0.000000
  -7.04835    5.555157    0.092954    0.005825    0.087129    0.023033    0.000000    0.000000    0.000000    0.000000    0.000000    0.000000
  -7.04235    5.642185    0.093786    0.005899    0.087887    0.023586    0.000000    0.000000    0.000000    0.000000    0.000000    0.000000
  -7.03635    5.710571    0.094178    0.005947    0.088231    0.024123    0.000000    0.000000    0.000000    0.000000    0.000000    0.000000
  -7.03034    5.766257    0.094263    0.005976    0.088287    0.024673    0.000000    0.000000    0.000000    0.000000    0.000000    0.000000
  -7.02434    5.815700    0.094189    0.005996    0.088193    0.025265    0.000000    0.000000    0.000000    0.000000    0.000000    0.000000
  -7.01834    5.865506    0.094102    0.006014    0.088088    0.025928    0.000000    0.000000    0.000000    0.000000    0.000000    0.000000
  -7.01234    5.922069    0.094143    0.006039    0.088104    0.026688    0.000000    0.000000    0.000000    0.000000    0.000000    0.000000
  -7.00634    5.991201    0.094432    0.006078    0.088354    0.027567    0.000000    0.000000    0.000000    0.000000    0.000000    0.000000
  -7.00033    6.077796    0.095064    0.006137    0.088927    0.028580    0.000000    0.000000    0.000000    0.000000    0.000000    0.000000
  -6.99433    6.185528    0.096095    0.006219    0.089876    0.029737    0.000000    0.000000    0.000000    0.000000    0.000000    0.000000
  -6.98833    6.316614    0.097544    0.006326    0.091218    0.031039    0.000000    0.000000    0.000000    0.000000    0.000000    0.000000
  -6.98233    6.471666    0.099389    0.006457    0.092932    0.032482    0.000000    0.000000    0.000000    0.000000    0.000000    0.000000
  -6.97633    6.649646    0.101567    0.006610    0.094957    0.034050    0.000000    0.000000    0.000000    0.000000    0.000000    0.000000
  -6.97032    6.847932    0.103978    0.006778    0.097200    0.035722    0.000000    0.000000    0.000000    0.000000    0.000000    0.000000
  -6.96432    7.062506    0.106497    0.006955    0.099542    0.037469    0.000000    0.000000    0.000000    0.000000    0.000000    0.000000
  -6.95832    7.288241    0.108978    0.007132    0.101845    0.039259    0.000000    0.000000    0.000000    0.000000    0.000000    0.000000
  -6.95232    7.519254    0.111267    0.007299    0.103967    0.041053    0.000000    0.000000    0.000000    0.000000    0.000000    0.000000
  -6.94632    7.749305    0.113216    0.007447    0.105769    0.042813    0.000000    0.000000    0.000000    0.000000    0.000000    0.000000
  -6.94031    7.972179    0.114693    0.007565    0.107128    0.044500    0.000000    0.000000    0.000000    0.000000    0.000000    0.000000
  -6.93431    8.182015    0.115592    0.007645    0.107947    0.046077    0.000000    0.000000    0.000000    0.000000    0.000000    0.000000
  -6.92831    8.373568    0.115843    0.007682    0.108161    0.047512    0.000000    0.000000    0.000000    0.000000    0.000000    0.000000
  -6.92231    8.542365    0.115415    0.007672    0.107743    0.048776    0.000000    0.000000    0.000000    0.000000    0.000000    0.000000
  -6.91631    8.684787    0.114318    0.007613    0.106706    0.049846    0.000000    0.000000    0.000000    0.000000    0.000000    0.000000
  -6.91030    8.798080    0.112604    0.007508    0.105096    0.050707    0.000000    0.000000    0.000000    0.000000    0.000000    0.000000
  -6.90430    8.880348    0.110357    0.007361    0.102996    0.051350    0.000000    0.000000    0.000000    0.000000    0.000000    0.000000
  -6.89830    8.930553    0.107693    0.007180    0.100513    0.051772    0.000000    0.000000    0.000000    0.000000    0.000000    0.000000
  -6.89230    8.948558    0.104744    0.006972    0.097772    0.051982    0.000000    0.000000    0.000000    0.000000    0.000000    0.000000
  -6.88630    8.935230    0.101654    0.006748    0.094906    0.051994    0.000000    0.000000    0.000000    0.000000    0.000000    0.000000
  -6.88029    8.892570    0.098570    0.006519    0.092051    0.051833    0.000000    0.000000    0.000000    0.000000    0.000000    0.000000
  -6.87429    8.823875    0.095630    0.006294    0.089336    0.051534    0.000000    0.000000    0.000000    0.000000    0.000000    0.000000
  -6.86829    8.733841    0.092959    0.006084    0.086875    0.051141    0.000000    0.000000    0.000000    0.000000    0.000000    0.000000
  -6.86229    8.628581    0.090662    0.005897    0.084765    0.050709    0.000000    0.000000    0.000000    0.000000    0.000000    0.000000
  -6.85629    8.515498    0.088824    0.005741    0.083084    0.050298    0.000000    0.000000    0.000000    0.000000    0.000000    0.000000
  -6.85028    8.402979    0.087505    0.005621    0.081884    0.049972    0.000000    0.000000    0.000000    0.000000    0.000000    0.000000
  -6.84428    8.299922    0.086738    0.005542    0.081196    0.049798    0.000000    0.000000    0.000000    0.000000    0.000000    0.000000
  -6.83828    8.215108    0.086533    0.005505    0.081028    0.049838    0.000000    0.000000    0.000000    0.000000    0.000000    0.000000
  -6.83228    8.156501    0.086878    0.005512    0.081367    0.050144    0.000000    0.000000    0.000000    0.000000    0.000000    0.000000
  -6.82628    8.130542    0.087739    0.005560    0.082179    0.050757    0.000000    0.000000    0.000000    0.000000    0.000000    0.000000
  -6.82027    8.141540    0.089064    0.005646    0.083418    0.051702    0.000000    0.000000    0.000000    0.000000    0.000000    0.000000
  -6.81427    8.191243    0.090789    0.005766    0.085022    0.052982    0.000000    0.000000    0.000000    0.000000    0.000000    0.000000
  -6.80827    8.278653    0.092836    0.005915    0.086921    0.054584    0.000000    0.000000    0.000000    0.000000    0.000000    0.000000
  -6.80227    8.400125    0.095125    0.006084    0.089041    0.056475    0.000000    0.000000    0.000000    0.000000    0.000000    0.000000
  -6.79627    8.549733    0.097573    0.006267    0.091306    0.058605    0.000000    0.000000    0.000000    0.000000    0.000000    0.000000
  -6.79026    8.719871    0.100101    0.006458    0.093643    0.060912    0.000000    0.000000    0.000000    0.000000    0.000000    0.000000
  -6.78426    8.902000    0.102639    0.006650    0.095989    0.063328    0.000000    0.000000    0.000000    0.000000    0.000000    0.000000
  -6.77826    9.087451    0.105128    0.006838    0.098290    0.065781    0.000000    0.000000    0.000000    0.000000    0.000000    0.000000
  -6.77226    9.268172    0.107524    0.007019    0.100506    0.068202    0.000000    0.000000    0.000000    0.000000    0.000000    0.000000
  -6.76626    9.437333    0.109800    0.007189    0.102611    0.070526    0.000000    0.000000    0.000000    0.000000    0.000000    0.000000
  -6.76025    9.589722    0.111946    0.007349    0.104598    0.072700    0.000000    0.000000    0.000000    0.000000    0.000000    0.000000
  -6.75425    9.721897    0.113970    0.007499    0.106471    0.074680    0.000000    0.000000    0.000000    0.000000    0.000000    0.000000
  -6.74825    9.832118    0.115891    0.007642    0.108250    0.076433    0.000000    0.000000    0.000000    0.000000    0.000000    0.000000
  -6.74225    9.920102    0.117747    0.007780    0.109966    0.077939    0.000000    0.000000    0.000000    0.000000    0.000000    0.000000
  -6.73625    9.986685    0.119581    0.007919    0.111662    0.079187    0.000000    0.000000    0.000000    0.000000    0.000000    0.000000
  -6.73024   10.033477    0.121449    0.008063    0.113386    0.080179    0.000000    0.000000    0.000000    0.000000    0.000000    0.000000
  -6.72424   10.062592    0.123415    0.008216    0.115199    0.080924    0.000000    0.000000    0.000000    0.000000    0.000000    0.000000
  -6.71824   10.076507    0.125550    0.008385    0.117165    0.081444    0.000000    0.000000    0.000000    0.000000    0.000000    0.000000
  -6.71224   10.078074    0.127938    0.008576    0.119362    0.081773    0.000000    0.000000    0.000000    0.000000    0.000000    0.000000
  -6.70624   10.070651    0.130671    0.008796    0.121875    0.081954    0.000000    0.000000    0.000000    0.000000    0.000000    0.000000
  -6.70023   10.058310    0.133851    0.009051    0.124800    0.082044    0.000000    0.000000    0.000000    0.000000    0.000000    0.000000
  -6.69423   10.046019    0.137590    0.009349    0.128240    0.082111    0.000000    0.000000    0.000000    0.000000    0.000000    0.000000
  -6.68823   10.039719    0.141999    0.009697    0.132302    0.082231    0.000000    0.000000    0.000000    0.000000    0.000000    0.000000
  -6.68223   10.046229    0.147187    0.010101    0.137086    0.082486    0.000000    0.000000    0.000000    0.000000    0.000000    0.000000
  -6.67623   10.072913    0.153246    0.010567    0.142679    0.082955    0.000000    0.000000    0.000000    0.000000    0.000000    0.000000
  -6.67022   10.127141    0.160237    0.011098    0.149139    0.083712    0.000000    0.000000    0.000000    0.000000    0.000000    0.000000
  -6.66422   10.215569    0.168177    0.011693    0.156484    0.084815    0.000000    0.000000    0.000000    0.000000    0.000000    0.000000
  -6.65822   10.343347    0.177029    0.012348    0.164680    0.086302    0.000000    0.000000    0.000000    0.000000    0.000000    0.000000
  -6.65222   10.513365    0.186689    0.013056    0.173633    0.088182    0.000000    0.000000    0.000000    0.000000    0.000000    0.000000
  -6.64622   10.725668    0.196986    0.013803    0.183183    0.090433    0.000000    0.000000    0.000000    0.000000    0.000000    0.000000
  -6.64021   10.977152    0.207685    0.014571    0.193114    0.093006    0.000000    0.000000    0.000000    0.000000    0.000000    0.000000
  -6.63421   11.261608    0.218496    0.015339    0.203157    0.095819    0.000000    0.000000    0.000000    0.000000    0.000000    0.000000
  -6.62821   11.570150    0.229095    0.016083    0.213011    0.098774    0.000000    0.000000    0.000000    0.000000    0.000000    0.000000
  -6.62221   11.891993    0.239144    0.016779    0.222366    0.101758    0.000000    0.000000    0.000000    0.000000    0.000000    0.000000
  -6.61621   12.215485    0.248322    0.017400    0.230922    0.104656    0.000000    0.000000    0.000000    0.000000    0.000000    0.000000
  -6.61020   12.529283    0.256345    0.017926    0.238419    0.107366    0.000000    0.000000    0.000000    0.000000    0.000000    0.000000
  -6.60420   12.823512    0.262998    0.018339    0.244659    0.109805    0.000000    0.000000    0.000000    0.000000    0.000000    0.000000
  -6.59820   13.090768    0.268147    0.018627    0.249520    0.111918    0.000000    0.000000    0.000000    0.000000    0.000000    0.000000
  -6.59220   13.326820    0.271751    0.018785    0.252966    0.113688    0.000000    0.000000    0.000000    0.000000    0.000000    0.000000
  -6.58620   13.530934    0.273866    0.018816    0.255050    0.115131    0.000000    0.000000    0.000000    0.000000    0.000000    0.000000
  -6.58019   13.705770    0.274639    0.018730    0.255908    0.116300    0.000000    0.000000    0.000000    0.000000    0.000000    0.000000
  -6.57419   13.856862    0.274286    0.018544    0.255742    0.117275    0.000000    0.000000    0.000000    0.000000    0.000000    0.000000
  -6.56819   13.991754    0.273077    0.018280    0.254797    0.118155    0.000000    0.000000    0.000000    0.000000    0.000000    0.000000
  -6.56219   14.118874    0.271307    0.017964    0.253343    0.119050    0.000000    0.000000    0.000000    0.000000    0.000000    0.000000
  -6.55619   14.246316    0.269269    0.017625    0.251644    0.120063    0.000000    0.000000    0.000000    0.000000    0.000000    0.000000
  -6.55018   14.380631    0.267224    0.017289    0.249936    0.121283    0.000000    0.000000    0.000000    0.000000    0.000000    0.000000
  -6.54418   14.525815    0.265385    0.016981    0.248404    0.122772    0.000000    0.000000    0.000000    0.000000    0.000000    0.000000
  -6.53818   14.682586    0.263896    0.016723    0.247173    0.124558    0.000000    0.000000    0.000000    0.000000    0.000000    0.000000
  -6.53218   14.848070    0.262822    0.016527    0.246295    0.126628    0.000000    0.000000    0.000000    0.000000    0.000000    0.000000
  -6.52618   15.015927    0.262155    0.016401    0.245754    0.128932    0.000000    0.000000    0.000000    0.000000    0.000000    0.000000
  -6.52017   15.176950    0.261818    0.016345    0.245474    0.131385    0.000000    0.000000    0.000000    0.000000    0.000000    0.000000
  -6.51417   15.320060    0.261683    0.016351    0.245332    0.133871    0.000000    0.000000    0.000000    0.000000    0.000000    0.000000
  -6.50817   15.433626    0.261589    0.016405    0.245183    0.136264    0.000000    0.000000    0.000000    0.000000    0.000000    0.000000
  -6.50217   15.506947    0.261371    0.016492    0.244878    0.138433    0.000000    0.000000    0.000000    0.000000    0.000000    0.000000
  -6.49617   15.531738    0.260883    0.016592    0.244291    0.140263    0.000000    0.000000    0.000000    0.000000    0.000000    0.000000
  -6.49016   15.503423    0.260021    0.016686    0.243336    0.141668    0.000000    0.000000    0.000000    0.000000    0.000000    0.000000
  -6.48416   15.422080    0.258742    0.016757    0.241985    0.142598    0.000000    0.000000    0.000000    0.000000    0.000000    0.000000
  -6.47816   15.292877    0.257072    0.016796    0.240276    0.143053    0.000000    0.000000    0.000000    0.000000    0.000000    0.000000
  -6.47216   15.125956    0.255112    0.016795    0.238317    0.143081    0.000000    0.000000    0.000000    0.000000    0.000000    0.000000
  -6.46616   14.935729    0.253029    0.016755    0.236273    0.142774    0.000000    0.000000    0.000000    0.000000    0.000000    0.000000
  -6.46015   14.739683    0.251046    0.016684    0.234361    0.142261    0.000000    0.000000    0.000000    0.000000    0.000000    0.000000
  -6.45415   14.556826    0.249423    0.016595    0.232828    0.141690    0.000000    0.000000    0.000000    0.000000    0.000000    0.000000
  -6.44815   14.405978    0.248433    0.016504    0.231929    0.141221    0.000000    0.000000    0.000000    0.000000    0.000000    0.000000
  -6.44215   14.304108    0.248342    0.016432    0.231910    0.140999    0.000000    0.000000    0.000000    0.000000    0.000000    0.000000
  -6.43615   14.264936    0.249388    0.016400    0.232987    0.141151    0.000000    0.000000    0.000000    0.000000    0.000000    0.000000
  -6.43014   14.297943    0.251763    0.016428    0.235335    0.141766    0.000000    0.000000    0.000000    0.000000    0.000000    0.000000
  -6.42414   14.407901    0.255606    0.016533    0.239073    0.142894    0.000000    0.000000    0.000000    0.000000    0.000000    0.000000
  -6.41814   14.594919    0.260998    0.016730    0.244268    0.144547    0.000000    0.000000    0.000000    0.000000    0.000000    0.000000
  -6.41214   14.854959    0.267964    0.017027    0.250937    0.146699    0.000000    0.000000    0.000000    0.000000    0.000000    0.000000
  -6.40614   15.180698    0.276478    0.017428    0.259050    0.149294    0.000000    0.000000    0.000000    0.000000    0.000000    0.000000
  -6.40013   15.562574    0.286478    0.017934    0.268545    0.152259    0.000000    0.000000    0.000000    0.000000    0.000000    0.000000
  -6.39413   15.989861    0.297876    0.018537    0.279338    0.155514    0.000000    0.000000    0.000000    0.000000    0.000000    0.000000
  -6.38813   16.451628    0.310564    0.019230    0.291334    0.158978    0.000000    0.000000    0.000000    0.000000    0.000000    0.000000
  -6.38213   16.937471    0.324430    0.020000    0.304430    0.162584    0.000000    0.000000    0.000000    0.000000    0.000000    0.000000
  -6.37613   17.437986    0.339359    0.020830    0.318529    0.166273    0.000000    0.000000    0.000000    0.000000    0.000000    0.000000
  -6.37012   17.944972    0.355234    0.021704    0.333529    0.170005    0.000000    0.000000    0.000000    0.000000    0.000000    0.000000
  -6.36412   18.451416    0.371938    0.022605    0.349333    0.173753    0.000000    0.000000    0.000000    0.000000    0.000000    0.000000
  -6.35812   18.951334    0.389348    0.023512    0.365835    0.177501    0.000000    0.000000    0.000000    0.000000    0.000000    0.000000
  -6.35212   19.439549    0.407331    0.024409    0.382922    0.181242    0.000000    0.000000    0.000000    0.000000    0.000000    0.000000
  -6.34612   19.911477    0.425742    0.025277    0.400464    0.184970    0.000000    0.000000    0.000000    0.000000    0.000000    0.000000
  -6.34011   20.362975    0.444417    0.026101    0.418316    0.188681    0.000000    0.000000    0.000000    0.000000    0.000000    0.000000
  -6.33411   20.790283    0.463181    0.026867    0.436314    0.192370    0.000000    0.000000    0.000000    0.000000    0.000000    0.000000
  -6.32811   21.190044    0.481843    0.027564    0.454280    0.196030    0.000000    0.000000    0.000000    0.000000    0.000000    0.000000
  -6.32211   21.559398    0.500210    0.028184    0.472026    0.199652    0.000000    0.000000    0.000000    0.000000    0.000000    0.000000
  -6.31611   21.896112    0.518089    0.028724    0.489365    0.203228    0.000000    0.000000    0.000000    0.000000    0.000000    0.000000
  -6.31010   22.198706    0.535306    0.029185    0.506121    0.206753    0.000000    0.000000    0.000000    0.000000    0.000000    0.000000
  -6.30410   22.466542    0.551707    0.029574    0.522134    0.210225    0.000000    0.000000    0.000000    0.000000    0.000000    0.000000
  -6.29810   22.699860    0.567175    0.029899    0.537276    0.213646    0.000000    0.000000    0.000000    0.000000    0.000000    0.000000
  -6.29210   22.899737    0.581628    0.030175    0.551453    0.217020    0.000000    0.000000    0.000000    0.000000    0.000000    0.000000
  -6.28610   23.067964    0.595026    0.030420    0.564606    0.220356    0.000000    0.000000    0.000000    0.000000    0.000000    0.000000
  -6.28009   23.206858    0.607364    0.030652    0.576712    0.223660    0.000000    0.000000    0.000000    0.000000    0.000000    0.000000
  -6.27409   23.319005    0.618660    0.030891    0.587769    0.226932    0.000000    0.000000    0.000000    0.000000    0.000000    0.000000
  -6.26809   23.406980    0.628943    0.031154    0.597789    0.230167    0.000000    0.000000    0.000000    0.000000    0.000000    0.000000
  -6.26209   23.473062    0.638236    0.031456    0.606780    0.233344    0.000000    0.000000    0.000000    0.000000    0.000000    0.000000
  -6.25609   23.518994    0.646535    0.031804    0.614732    0.236429    0.000000    0.000000    0.000000    0.000000    0.000000    0.000000
  -6.25008   23.545842    0.653805    0.032201    0.621604    0.239374    0.000000    0.000000    0.000000    0.000000    0.000000    0.000000
  -6.24408   23.553976    0.659963    0.032642    0.627321    0.242115    0.000000    0.000000    0.000000    0.000000    0.000000    0.000000
  -6.23808   23.543239    0.664893    0.033115    0.631777    0.244582    0.000000    0.000000    0.000000    0.000000    0.000000    0.000000
  -6.23208   23.513280    0.668451    0.033604    0.634847    0.246702    0.000000    0.000000    0.000000    0.000000    0.000000    0.000000
  -6.22608   23.464060    0.670496    0.034086    0.636411    0.248409    0.000000    0.000000    0.000000    0.000000    0.000000    0.000000
  -6.22007   23.396466    0.670919    0.034537    0.636382    0.249655    0.000000    0.000000    0.000000    0.000000    0.000000    0.000000
  -6.21407   23.312946    0.669677    0.034936    0.634740    0.250421    0.000000    0.000000    0.000000    0.000000    0.000000    0.000000
  -6.20807   23.218065    0.666826    0.035265    0.631561    0.250724    0.000000    0.000000    0.000000    0.000000    0.000000    0.000000
  -6.20207   23.118864    0.662544    0.035512    0.627033    0.250622    0.000000    0.000000    0.000000    0.000000    0.000000    0.000000
  -6.19607   23.024911    0.657141    0.035672    0.621470    0.250215    0.000000    0.000000    0.000000    0.000000    0.000000    0.000000
  -6.19006   22.947992    0.651050    0.035750    0.615301    0.249642    0.000000    0.000000    0.000000    0.000000    0.000000    0.000000
  -6.18406   22.901409    0.644801    0.035759    0.609043    0.249071    0.000000    0.000000    0.000000    0.000000    0.000000    0.000000
  -6.17806   22.898933    0.638981    0.035719    0.603262    0.248685    0.000000    0.000000    0.000000    0.000000    0.000000    0.000000
  -6.17206   22.953518    0.634180    0.035654    0.598525    0.248667    0.000000    0.000000    0.000000    0.000000    0.000000    0.000000
  -6.16606   23.075914    0.630931    0.035591    0.595341    0.249180    0.000000    0.000000    0.000000    0.000000    0.000000    0.000000
  -6.16005   23.273363    0.629662    0.035553    0.594110    0.250355    0.000000    0.000000    0.000000    0.000000    0.000000    0.000000
  -6.15405   23.548567    0.630647    0.035561    0.595086    0.252275    0.000000    0.000000    0.000000    0.000000    0.000000    0.000000
  -6.14805   23.899061    0.633979    0.035628    0.598351    0.254967    0.000000    0.000000    0.000000    0.000000    0.000000    0.000000
  -6.14205   24.317117    0.639571    0.035761    0.603809    0.258402    0.000000    0.000000    0.000000    0.000000    0.000000    0.000000
  -6.13605   24.790195    0.647161    0.035958    0.611202    0.262499    0.000000    0.000000    0.000000    0.000000    0.000000    0.000000
  -6.13004   25.301916    0.656354    0.036211    0.620143    0.267134    0.000000    0.000000    0.000000    0.000000    0.000000    0.000000
  -6.12404   25.833439    0.666667    0.036503    0.630164    0.272153    0.000000    0.000000    0.000000    0.000000    0.000000    0.000000
  -6.11804   26.365084    0.677582    0.036818    0.640764    0.277391    0.000000    0.000000    0.000000    0.000000    0.000000    0.000000
  -6.11204   26.877996    0.688602    0.037134    0.651468    0.282686    0.000000    0.000000    0.000000    0.000000    0.000000    0.000000
  -6.10604   27.355668    0.699300    0.037434    0.661866    0.287895    0.000000    0.000000    0.000000    0.000000    0.000000    0.000000
  -6.10003   27.785133    0.709353    0.037701    0.671652    0.292903    0.000000    0.000000    0.000000    0.000000    0.000000    0.000000
  -6.09403   28.157718    0.718560    0.037923    0.680637    0.297633    0.000000    0.000000    0.000000    0.000000    0.000000    0.000000
  -6.08803   28.469287    0.726846    0.038093    0.688753    0.302043    0.000000    0.000000    0.000000    0.000000    0.000000    0.000000
  -6.08203   28.720000    0.734252    0.038210    0.696042    0.306128    0.000000    0.000000    0.000000    0.000000    0.000000    0.000000
  -6.07603   28.913650    0.740908    0.038277    0.702631    0.309913    0.000000    0.000000    0.000000    0.000000    0.000000    0.000000
  -6.07002   29.056718    0.747003    0.038302    0.708702    0.313439    0.000000    0.000000    0.000000    0.000000    0.000000    0.000000
  -6.06402   29.157291    0.752752    0.038295    0.714457    0.316761    0.000000    0.000000    0.000000    0.000000    0.000000    0.000000
  -6.05802   29.223999    0.758364    0.038271    0.720093    0.319937    0.000000    0.000000    0.000000    0.000000    0.000000    0.000000
  -6.05202   29.265117    0.764013    0.038244    0.725769    0.323015    0.000000    0.000000    0.000000    0.000000    0.000000    0.000000
  -6.04602   29.287914    0.769828    0.038230    0.731599    0.326037    0.000000    0.000000    0.000000    0.000000    0.000000    0.000000
  -6.04001   29.298299    0.775878    0.038242    0.737636    0.329031    0.000000    0.000000    0.000000    0.000000    0.000000    0.000000
  -6.03401   29.300752    0.782176    0.038295    0.743881    0.332008    0.000000    0.000000    0.000000    0.000000    0.000000    0.000000
  -6.02801   29.298489    0.788685    0.038400    0.750285    0.334969    0.000000    0.000000    0.000000    0.000000    0.000000    0.000000
  -6.02201   29.293772    0.795337    0.038566    0.756771    0.337901    0.000000    0.000000    0.000000    0.000000    0.000000    0.000000
  -6.01601   29.288263    0.802045    0.038797    0.763248    0.340785    0.000000    0.000000    0.000000    0.000000    0.000000    0.000000
  -6.01000   29.283353    0.808728    0.039098    0.769630    0.343595    0.000000    0.000000    0.000000    0.000000    0.000000    0.000000
  -6.00400   29.280377    0.815326    0.039466    0.775860    0.346305    0.000000    0.000000    0.000000    0.000000    0.000000    0.000000
  -5.99800   29.280711    0.821819    0.039900    0.781920    0.348890    0.000000    0.000000    0.000000    0.000000    0.000000    0.000000
  -5.99200   29.285734    0.828240    0.040392    0.787848    0.351333    0.000000    0.000000    0.000000    0.000000    0.000000    0.000000
  -5.98600   29.296704    0.834681    0.040935    0.793746    0.353624    0.000000    0.000000    0.000000    0.000000    0.000000    0.000000
  -5.97999   29.314591    0.841301    0.041520    0.799781    0.355768    0.000000    0.000000    0.000000    0.000000    0.000000    0.000000
  -5.97399   29.339917    0.848323    0.042139    0.806184    0.357784    0.000000    0.000000    0.000000    0.000000    0.000000    0.000000
  -5.96799   29.372670    0.856023    0.042784    0.813239    0.359708    0.000000    0.000000    0.000000    0.000000    0.000000    0.000000
  -5.96199   29.412289    0.864718    0.043448    0.821269    0.361590    0.000000    0.000000    0.000000    0.000000    0.000000    0.000000
  -5.95599   29.457764    0.874745    0.044127    0.830618    0.363495    0.000000    0.000000    0.000000    0.000000    0.000000    0.000000
  -5.94998   29.507805    0.886436    0.044818    0.841618    0.365491    0.000000    0.000000    0.000000    0.000000    0.000000    0.000000
  -5.94398   29.561088    0.900091    0.045518    0.854572    0.367649    0.000000    0.000000    0.000000    0.000000    0.000000    0.000000
  -5.93798   29.616512    0.915947    0.046230    0.869717    0.370034    0.000000    0.000000    0.000000    0.000000    0.000000    0.000000
  -5.93198   29.673465    0.934156    0.046952    0.887203    0.372697    0.000000    0.000000    0.000000    0.000000    0.000000    0.000000
  -5.92598   29.732045    0.954760    0.047687    0.907072    0.375670    0.000000    0.000000    0.000000    0.000000    0.000000    0.000000
  -5.91997   29.793212    0.977682    0.048436    0.929246    0.378964    0.000000    0.000000    0.000000    0.000000    0.000000    0.000000
  -5.91397   29.858865    1.002723    0.049200    0.953523    0.382571    0.000000    0.000000    0.000000    0.000000    0.000000    0.000000
  -5.90797   29.931815    1.029565    0.049981    0.979584    0.386463    0.000000    0.000000    0.000000    0.000000    0.000000    0.000000
  -5.90197   30.015632    1.057789    0.050780    1.007009    0.390598    0.000000    0.000000    0.000000    0.000000    0.000000    0.000000
  -5.89597   30.114388    1.086900    0.051600    1.035300    0.394925    0.000000    0.000000    0.000000    0.000000    0.000000    0.000000
  -5.88996   30.232263    1.116352    0.052443    1.063909    0.399392    0.000000    0.000000    0.000000    0.000000    0.000000    0.000000
  -5.88396   30.373064    1.145578    0.053310    1.092268    0.403945    0.000000    0.000000    0.000000    0.000000    0.000000    0.000000
  -5.87796   30.539675    1.174022    0.054203    1.119819    0.408533    0.000000    0.000000    0.000000    0.000000    0.000000    0.000000
  -5.87196   30.733501    1.201166    0.055120    1.146046    0.413108    0.000000    0.000000    0.000000    0.000000    0.000000    0.000000
  -5.86596   30.953983    1.226556    0.056058    1.170498    0.417619    0.000000    0.000000    0.000000    0.000000    0.000000    0.000000
  -5.85995   31.198254    1.249826    0.057011    1.192815    0.422015    0.000000    0.000000    0.000000    0.000000    0.000000    0.000000
  -5.85395   31.461034    1.270717    0.057969    1.212748    0.426238    0.000000    0.000000    0.000000    0.000000    0.000000    0.000000
  -5.84795   31.734786    1.289097    0.058919    1.230178    0.430226    0.000000    0.000000    0.000000    0.000000    0.000000    0.000000
  -5.84195   32.010184    1.304976    0.059846    1.245129    0.433910    0.000000    0.000000    0.000000    0.000000    0.000000    0.000000
  -5.83595   32.276836    1.318517    0.060736    1.257781    0.437226    0.000000    0.000000    0.000000    0.000000    0.000000    0.000000
  -5.82994   32.524215    1.330039    0.061574    1.268465    0.440112    0.000000    0.000000    0.000000    0.000000    0.000000    0.000000
  -5.82394   32.742659    1.340013    0.062352    1.277661    0.442525    0.000000    0.000000    0.000000    0.000000    0.000000    0.000000
  -5.81794   32.924331    1.349041    0.063064    1.285978    0.444440    0.000000    0.000000    0.000000    0.000000    0.000000    0.000000
  -5.81194   33.063978    1.357828    0.063712    1.294116    0.445862    0.000000    0.000000    0.000000    0.000000    0.000000    0.000000
  -5.80594   33.159409    1.367130    0.064303    1.302827    0.446826    0.000000    0.000000    0.000000    0.000000    0.000000    0.000000
  -5.79993   33.211597    1.377707    0.064852    1.312855    0.447392    0.000000    0.000000    0.000000    0.000000    0.000000    0.000000
  -5.79393   33.224426    1.390253    0.065376    1.324877    0.447645    0.000000    0.000000    0.000000    0.000000    0.000000    0.000000
  -5.78793   33.204114    1.405338    0.065893    1.339445    0.447685    0.000000    0.000000    0.000000    0.000000    0.000000    0.000000
  -5.78193   33.158433    1.423356    0.066423    1.356933    0.447615    0.000000    0.000000    0.000000    0.000000    0.000000    0.000000
  -5.77593   33.095841    1.444487    0.066982    1.377504    0.447530    0.000000    0.000000    0.000000    0.000000    0.000000    0.000000
  -5.76992   33.024668    1.468680    0.067582    1.401098    0.447512    0.000000    0.000000    0.000000    0.000000    0.000000    0.000000
  -5.76392   32.952473    1.495664    0.068227    1.427437    0.447624    0.000000    0.000000    0.000000    0.000000    0.000000    0.000000
  -5.75792   32.885632    1.524978    0.068920    1.456058    0.447905    0.000000    0.000000    0.000000    0.000000    0.000000    0.000000
  -5.75192   32.829189    1.556022    0.069654    1.486367    0.448374    0.000000    0.000000    0.000000    0.000000    0.000000    0.000000
  -5.74592   32.786929    1.588122    0.070423    1.517699    0.449038    0.000000    0.000000    0.000000    0.000000    0.000000    0.000000
  -5.73991   32.761609    1.620598    0.071217    1.549381    0.449896    0.000000    0.000000    0.000000    0.000000    0.000000    0.000000
  -5.73391   32.755248    1.652822    0.072023    1.580799    0.450947    0.000000    0.000000    0.000000    0.000000    0.000000    0.000000
  -5.72791   32.769393    1.684271    0.072835    1.611436    0.452200    0.000000    0.000000    0.000000    0.000000    0.000000    0.000000
  -5.72191   32.805285    1.714556    0.073645    1.640911    0.453672    0.000000    0.000000    0.000000    0.000000    0.000000    0.000000
  -5.71591   32.863893    1.743426    0.074450    1.668976    0.455395    0.000000    0.000000    0.000000    0.000000    0.000000    0.000000
  -5.70990   32.945804    1.770758    0.075249    1.695510    0.457412    0.000000    0.000000    0.000000    0.000000    0.000000    0.000000
  -5.70390   33.051015    1.796529    0.076044    1.720485    0.459768    0.000000    0.000000    0.000000    0.000000    0.000000    0.000000
  -5.69790   33.178671    1.820774    0.076839    1.743935    0.462511    0.000000    0.000000    0.000000    0.000000    0.000000    0.000000
  -5.69190   33.326817    1.843544    0.077638    1.765907    0.465680    0.000000    0.000000    0.000000    0.000000    0.000000    0.000000
  -5.68590   33.492209    1.864876    0.078444    1.786432    0.469299    0.000000    0.000000    0.000000    0.000000    0.000000    0.000000
  -5.67989   33.670249    1.884761    0.079261    1.805500    0.473373    0.000000    0.000000    0.000000    0.000000    0.000000    0.000000
  -5.67389   33.855035    1.903142    0.080088    1.823054    0.477884    0.000000    0.000000    0.000000    0.000000    0.000000    0.000000
  -5.66789   34.039555    1.919920    0.080924    1.838996    0.482791    0.000000    0.000000    0.000000    0.000000    0.000000    0.000000
  -5.66189   34.215994    1.934980    0.081765    1.853214    0.488030    0.000000    0.000000    0.000000    0.000000    0.000000    0.000000
  -5.65589   34.376131    1.948222    0.082607    1.865615    0.493518    0.000000    0.000000    0.000000    0.000000    0.000000    0.000000
  -5.64988   34.511789    1.959603    0.083443    1.876161    0.499158    0.000000    0.000000    0.000000    0.000000    0.000000    0.000000
  -5.64388   34.615308    1.969172    0.084264    1.884907    0.504846    0.000000    0.000000    0.000000    0.000000    0.000000    0.000000
  -5.63788   34.679994    1.977093    0.085066    1.892027    0.510476    0.000000    0.000000    0.000000    0.000000    0.000000    0.000000
  -5.63188   34.700512    1.983659    0.085841    1.897818    0.515946    0.000000    0.000000    0.000000    0.000000    0.000000    0.000000
  -5.62588   34.673197    1.989283    0.086584    1.902699    0.521164    0.000000    0.000000    0.000000    0.000000    0.000000    0.000000
  -5.61987   34.596235    1.994468    0.087292    1.907176    0.526053    0.000000    0.000000    0.000000    0.000000    0.000000    0.000000
  -5.61387   34.469729    1.999769    0.087962    1.911806    0.530552    0.000000    0.000000    0.000000    0.000000    0.000000    0.000000
  -5.60787   34.295618    2.005736    0.088593    1.917143    0.534621    0.000000    0.000000    0.000000    0.000000    0.000000    0.000000
  -5.60187   34.077470    2.012863    0.089185    1.923678    0.538235    0.000000    0.000000    0.000000    0.000000    0.000000    0.000000
  -5.59587   33.820188    2.021535    0.089737    1.931798    0.541386    0.000000    0.000000    0.000000    0.000000    0.000000    0.000000
  -5.58986   33.529637    2.031995    0.090251    1.941743    0.544084    0.000000    0.000000    0.000000    0.000000    0.000000    0.000000
  -5.58386   33.212266    2.044319    0.090728    1.953591    0.546347    0.000000    0.000000    0.000000    0.000000    0.000000    0.000000
  -5.57786   32.874757    2.058427    0.091167    1.967260    0.548208    0.000000    0.000000    0.000000    0.000000    0.000000    0.000000
  -5.57186   32.523729    2.074099    0.091570    1.982529    0.549706    0.000000    0.000000    0.000000    0.000000    0.000000    0.000000
  -5.56586   32.165549    2.091023    0.091940    1.999083    0.550891    0.000000    0.000000    0.000000    0.000000    0.000000    0.000000
  -5.55985   31.806237    2.108842    0.092278    2.016564    0.551821    0.000000    0.000000    0.000000    0.000000    0.000000    0.000000
  -5.55385   31.451466    2.127216    0.092590    2.034626    0.552565    0.000000    0.000000    0.000000    0.000000    0.000000    0.000000
  -5.54785   31.106645    2.145872    0.092883    2.052989    0.553201    0.000000    0.000000    0.000000    0.000000    0.000000    0.000000
  -5.54185   30.777037    2.164648    0.093166    2.071482    0.553819    0.000000    0.000000    0.000000    0.000000    0.000000    0.000000
  -5.53585   30.467876    2.183522    0.093452    2.090070    0.554518    0.000000    0.000000    0.000000    0.000000    0.000000    0.000000
  -5.52984   30.184431    2.202613    0.093755    2.108858    0.555404    0.000000    0.000000    0.000000    0.000000    0.000000    0.000000
  -5.52384   29.931985    2.222172    0.094092    2.128080    0.556585    0.000000    0.000000    0.000000    0.000000    0.000000    0.000000
  -5.51784   29.715676    2.242537    0.094479    2.148058    0.558165    0.000000    0.000000    0.000000    0.000000    0.000000    0.000000
  -5.51184   29.540199    2.264084    0.094934    2.169150    0.560234    0.000000    0.000000    0.000000    0.000000    0.000000    0.000000
  -5.50584   29.409364    2.287154    0.095469    2.191684    0.562860    0.000000    0.000000    0.000000    0.000000    0.000000    0.000000
  -5.49983   29.325542    2.311980    0.096095    2.215885    0.566071    0.000000    0.000000    0.000000    0.000000    0.000000    0.000000
  -5.49383   29.289074    2.338612    0.096814    2.241797    0.569852    0.000000    0.000000    0.000000    0.000000    0.000000    0.000000
  -5.48783   29.297704    2.366854    0.097621    2.269233    0.574130    0.000000    0.000000    0.000000    0.000000    0.000000    0.000000
  -5.48183   29.346171    2.396228    0.098501    2.297727    0.578771    0.000000    0.000000    0.000000    0.000000    0.000000    0.000000
  -5.47583   29.426040    2.425957    0.099429    2.326528    0.583584    0.000000    0.000000    0.000000    0.000000    0.000000    0.000000
  -5.46982   29.525864    2.454995    0.100372    2.354623    0.588323    0.000000    0.000000    0.000000    0.000000    0.000000    0.000000
  -5.46382   29.631740    2.482088    0.101289    2.380799    0.592706    0.000000    0.000000    0.000000    0.000000    0.000000    0.000000
  -5.45782   29.728247    2.505878    0.102134    2.403744    0.596436    0.000000    0.000000    0.000000    0.000000    0.000000    0.000000
  -5.45182   29.799712    2.525033    0.102863    2.422170    0.599230    0.000000    0.000000    0.000000    0.000000    0.000000    0.000000
  -5.44582   29.831681    2.538396    0.103435    2.434960    0.600848    0.000000    0.000000    0.000000    0.000000    0.000000    0.000000
  -5.43981   29.812446    2.545132    0.103820    2.441312    0.601124    0.000000    0.000000    0.000000    0.000000    0.000000    0.000000
  -5.43381   29.734410    2.544863    0.104002    2.440861    0.599993    0.000000    0.000000    0.000000    0.000000    0.000000    0.000000
  -5.42781   29.595125    2.537760    0.103983    2.433777    0.597507    0.000000    0.000000    0.000000    0.000000    0.000000    0.000000
  -5.42181   29.397835    2.524586    0.103783    2.420804    0.593846    0.000000    0.000000    0.000000    0.000000    0.000000    0.000000
  -5.41581   29.151416    2.506683    0.103443    2.403240    0.589309    0.000000    0.000000    0.000000    0.000000    0.000000    0.000000
  -5.40980   28.869713    2.485885    0.103023    2.382863    0.584294    0.000000    0.000000    0.000000    0.000000    0.000000    0.000000
  -5.40380   28.570304    2.464386    0.102591    2.361795    0.579274    0.000000    0.000000    0.000000    0.000000    0.000000    0.000000
  -5.39780   28.272851    2.444555    0.102227    2.342328    0.574753    0.000000    0.000000    0.000000    0.000000    0.000000    0.000000
  -5.39180   27.997221    2.428736    0.102008    2.326729    0.571226    0.000000    0.000000    0.000000    0.000000    0.000000    0.000000
  -5.38580   27.761591    2.419041    0.102005    2.317036    0.569131    0.000000    0.000000    0.000000    0.000000    0.000000    0.000000
  -5.37979   27.580769    2.417170    0.102277    2.314893    0.568816    0.000000    0.000000    0.000000    0.000000    0.000000    0.000000
  -5.37379   27.464890    2.424276    0.102866    2.321410    0.570504    0.000000    0.000000    0.000000    0.000000    0.000000    0.000000
  -5.36779   27.418628    2.440879    0.103791    2.337087    0.574276    0.000000    0.000000    0.000000    0.000000    0.000000    0.000000
  -5.36179   27.440970    2.466848    0.105052    2.361796    0.580063    0.000000    0.000000    0.000000    0.000000    0.000000    0.000000
  -5.35579   27.525526    2.501449    0.106627    2.394822    0.587653    0.000000    0.000000    0.000000    0.000000    0.000000    0.000000
  -5.34978   27.661311    2.543432    0.108474    2.434958    0.596705    0.000000    0.000000    0.000000    0.000000    0.000000    0.000000
  -5.34378   27.833874    2.591174    0.110538    2.480636    0.606780    0.000000    0.000000    0.000000    0.000000    0.000000    0.000000
  -5.33778   28.026642    2.642834    0.112755    2.530079    0.617371    0.000000    0.000000    0.000000    0.000000    0.000000    0.000000
  -5.33178   28.222337    2.696521    0.115054    2.581467    0.627942    0.000000    0.000000    0.000000    0.000000    0.000000    0.000000
  -5.32578   28.404366    2.750448    0.117365    2.633082    0.637964    0.000000    0.000000    0.000000    0.000000    0.000000    0.000000
  -5.31977   28.558065    2.803071    0.119623    2.683448    0.646950    0.000000    0.000000    0.000000    0.000000    0.000000    0.000000
  -5.31377   28.671752    2.853198    0.121770    2.731429    0.654492    0.000000    0.000000    0.000000    0.000000    0.000000    0.000000
  -5.30777   28.737520    2.900058    0.123760    2.776299    0.660279    0.000000    0.000000    0.000000    0.000000    0.000000    0.000000
  -5.30177   28.751761    2.943335    0.125561    2.817773    0.664123    0.000000    0.000000    0.000000    0.000000    0.000000    0.000000
  -5.29577   28.715367    2.983164    0.127159    2.856006    0.665964    0.000000    0.000000    0.000000    0.000000    0.000000    0.000000
  -5.28976   28.633635    3.020095    0.128551    2.891543    0.665872    0.000000    0.000000    0.000000    0.000000    0.000000    0.000000
  -5.28376   28.515847    3.055011    0.129754    2.925257    0.664034    0.000000    0.000000    0.000000    0.000000    0.000000    0.000000
  -5.27776   28.374562    3.089040    0.130796    2.958244    0.660741    0.000000    0.000000    0.000000    0.000000    0.000000    0.000000
  -5.27176   28.224655    3.123432    0.131717    2.991715    0.656359    0.000000    0.000000    0.000000    0.000000    0.000000    0.000000
  -5.26576   28.082175    3.159432    0.132562    3.026871    0.651295    0.000000    0.000000    0.000000    0.000000    0.000000    0.000000
  -5.25975   27.963108    3.198164    0.133380    3.064784    0.645970    0.000000    0.000000    0.000000    0.000000    0.000000    0.000000
  -5.25375   27.882148    3.240512    0.134218    3.106294    0.640781    0.000000    0.000000    0.000000    0.000000    0.000000    0.000000
  -5.24775   27.851592    3.287035    0.135117    3.151919    0.636074    0.000000    0.000000    0.000000    0.000000    0.000000    0.000000
  -5.24175   27.880449    3.337904    0.136105    3.201799    0.632119    0.000000    0.000000    0.000000    0.000000    0.000000    0.000000
  -5.23575   27.973842    3.392872    0.137197    3.255675    0.629101    0.000000    0.000000    0.000000    0.000000    0.000000    0.000000
  -5.22974   28.132749    3.451281    0.138395    3.312887    0.627110    0.000000    0.000000    0.000000    0.000000    0.000000    0.000000
  -5.22374   28.354076    3.512093    0.139681    3.372412    0.626145    0.000000    0.000000    0.000000    0.000000    0.000000    0.000000
  -5.21774   28.631057    3.573951    0.141024    3.432927    0.626130    0.000000    0.000000    0.000000    0.000000    0.000000    0.000000
  -5.21174   28.953906    3.635262    0.142383    3.492879    0.626925    0.000000    0.000000    0.000000    0.000000    0.000000    0.000000
  -5.20574   29.310656    3.694295    0.143708    3.550588    0.628351    0.000000    0.000000    0.000000    0.000000    0.000000    0.000000
  -5.19973   29.688111    3.749288    0.144944    3.604344    0.630207    0.000000    0.000000    0.000000    0.000000    0.000000    0.000000
  -5.19373   30.072824    3.798563    0.146043    3.652520    0.632294    0.000000    0.000000    0.000000    0.000000    0.000000    0.000000
  -5.18773   30.452031    3.840643    0.146961    3.693683    0.634428    0.000000    0.000000    0.000000    0.000000    0.000000    0.000000
  -5.18173   30.814472    3.874362    0.147666    3.726696    0.636452    0.000000    0.000000    0.000000    0.000000    0.000000    0.000000
  -5.17573   31.151054    3.898960    0.148143    3.750817    0.638249    0.000000    0.000000    0.000000    0.000000    0.000000    0.000000
  -5.16972   31.455295    3.914165    0.148393    3.765772    0.639738    0.000000    0.000000    0.000000    0.000000    0.000000    0.000000
  -5.16372   31.723539    3.920232    0.148434    3.771798    0.640876    0.000000    0.000000    0.000000    0.000000    0.000000    0.000000
  -5.15772   31.954902    3.917949    0.148300    3.769650    0.641654    0.000000    0.000000    0.000000    0.000000    0.000000    0.000000
  -5.15172   32.150989    3.908600    0.148035    3.760565    0.642085    0.000000    0.000000    0.000000    0.000000    0.000000    0.000000
  -5.14572   32.315380    3.893878    0.147694    3.746184    0.642198    0.000000    0.000000    0.000000    0.000000    0.000000    0.000000
  -5.13971   32.452973    3.875763    0.147331    3.728432    0.642029    0.000000    0.000000    0.000000    0.000000    0.000000    0.000000
  -5.13371   32.569252    3.856373    0.147001    3.709372    0.641610    0.000000    0.000000    0.000000    0.000000    0.000000    0.000000
  -5.12771   32.669571    3.837803    0.146749    3.691054    0.640967    0.000000    0.000000    0.000000    0.000000    0.000000    0.000000
  -5.12171   32.758575    3.821975    0.146612    3.675363    0.640113    0.000000    0.000000    0.000000    0.000000    0.000000    0.000000
  -5.11571   32.839813    3.810512    0.146613    3.663899    0.639057    0.000000    0.000000    0.000000    0.000000    0.000000    0.000000
  -5.10970   32.915620    3.804657    0.146764    3.657893    0.637800    0.000000    0.000000    0.000000    0.000000    0.000000    0.000000
  -5.10370   32.987273    3.805240    0.147066    3.658174    0.636348    0.000000    0.000000    0.000000    0.000000    0.000000    0.000000
  -5.09770   33.055396    3.812691    0.147511    3.665180    0.634718    0.000000    0.000000    0.000000    0.000000    0.000000    0.000000
  -5.09170   33.120532    3.827098    0.148086    3.679012    0.632950    0.000000    0.000000    0.000000    0.000000    0.000000    0.000000
  -5.08570   33.183792    3.848289    0.148774    3.699515    0.631110    0.000000    0.000000    0.000000    0.000000    0.000000    0.000000
  -5.07969   33.247458    3.875922    0.149559    3.726364    0.629296    0.000000    0.000000    0.000000    0.000000    0.000000    0.000000
  -5.07369   33.315416    3.909575    0.150425    3.759150    0.627640    0.000000    0.000000    0.000000    0.000000    0.000000    0.000000
  -5.06769   33.393348    3.948796    0.151358    3.797437    0.626295    0.000000    0.000000    0.000000    0.000000    0.000000    0.000000
  -5.06169   33.488609    3.993137    0.152348    3.840789    0.625437    0.000000    0.000000    0.000000    0.000000    0.000000    0.000000
  -5.05569   33.609797    4.042143    0.153381    3.888762    0.625243    0.000000    0.000000    0.000000    0.000000    0.000000    0.000000
  -5.04968   33.766045    4.095311    0.154447    3.940865    0.625880    0.000000    0.000000    0.000000    0.000000    0.000000    0.000000
  -5.04368   33.966121    4.152037    0.155529    3.996508    0.627492    0.000000    0.000000    0.000000    0.000000    0.000000    0.000000
  -5.03768   34.217433    4.211551    0.156611    4.054941    0.630183    0.000000    0.000000    0.000000    0.000000    0.000000    0.000000
  -5.03168   34.525077    4.272874    0.157670    4.115204    0.634008    0.000000    0.000000    0.000000    0.000000    0.000000    0.000000
  -5.02568   34.891018    4.334794    0.158683    4.176111    0.638968    0.000000    0.000000    0.000000    0.000000    0.000000    0.000000
  -5.01967   35.313522    4.395880    0.159623    4.236256    0.645008    0.000000    0.000000    0.000000    0.000000    0.000000    0.000000
  -5.01367   35.786893    4.454536    0.160468    4.294069    0.652018    0.000000    0.000000    0.000000    0.000000    0.000000    0.000000
  -5.00767   36.301544    4.509086    0.161194    4.347892    0.659845    0.000000    0.000000    0.000000    0.000000    0.000000    0.000000
  -5.00167   36.844399    4.557877    0.161787    4.396089    0.668297    0.000000    0.000000    0.000000    0.000000    0.000000    0.000000
  -4.99567   37.399569    4.599396    0.162237    4.437159    0.677164    0.000000    0.000000    0.000000    0.000000    0.000000    0.000000
  -4.98966   37.949241    4.632375    0.162545    4.469831    0.686219    0.000000    0.000000    0.000000    0.000000    0.000000    0.000000
  -4.98366   38.474695    4.655869    0.162717    4.493153    0.695240    0.000000    0.000000    0.000000    0.000000    0.000000    0.000000
  -4.97766   38.957346    4.669302    0.162768    4.506534    0.704014    0.000000    0.000000    0.000000    0.000000    0.000000    0.000000
  -4.97166   39.379747    4.672470    0.162719    4.509751    0.712344    0.000000    0.000000    0.000000    0.000000    0.000000    0.000000
  -4.96566   39.726468    4.665514    0.162592    4.502922    0.720057    0.000000    0.000000    0.000000    0.000000    0.000000    0.000000
  -4.95965   39.984819    4.648856    0.162410    4.486446    0.727004    0.000000    0.000000    0.000000    0.000000    0.000000    0.000000
  -4.95365   40.145386    4.623121    0.162193    4.460928    0.733062    0.000000    0.000000    0.000000    0.000000    0.000000    0.000000
  -4.94765   40.202363    4.589059    0.161957    4.427103    0.738134    0.000000    0.000000    0.000000    0.000000    0.000000    0.000000
  -4.94165   40.153704    4.547477    0.161711    4.385767    0.742149    0.000000    0.000000    0.000000    0.000000    0.000000    0.000000
  -4.93565   40.001100    4.499192    0.161460    4.337732    0.745063    0.000000    0.000000    0.000000    0.000000    0.000000    0.000000
  -4.92964   39.749802    4.445012    0.161204    4.283809    0.746858    0.000000    0.000000    0.000000    0.000000    0.000000    0.000000
  -4.92364   39.408307    4.385748    0.160938    4.224810    0.747543    0.000000    0.000000    0.000000    0.000000    0.000000    0.000000
  -4.91764   38.987941    4.322246    0.160661    4.161584    0.747156    0.000000    0.000000    0.000000    0.000000    0.000000    0.000000
  -4.91164   38.502353    4.255430    0.160371    4.095059    0.745765    0.000000    0.000000    0.000000    0.000000    0.000000    0.000000
  -4.90564   37.966939    4.186357    0.160071    4.026286    0.743467    0.000000    0.000000    0.000000    0.000000    0.000000    0.000000
  -4.89963   37.398228    4.116253    0.159774    3.956479    0.740387    0.000000    0.000000    0.000000    0.000000    0.000000    0.000000
  -4.89363   36.813252    4.046532    0.159502    3.887031    0.736679    0.000000    0.000000    0.000000    0.000000    0.000000    0.000000
  -4.88763   36.228918    3.978791    0.159284    3.819508    0.732521    0.000000    0.000000    0.000000    0.000000    0.000000    0.000000
  -4.88163   35.661402    3.914774    0.159160    3.755614    0.728110    0.000000    0.000000    0.000000    0.000000    0.000000    0.000000
  -4.87563   35.125581    3.856302    0.159177    3.697125    0.723660    0.000000    0.000000    0.000000    0.000000    0.000000    0.000000
  -4.86962   34.634507    3.805183    0.159385    3.645798    0.719392    0.000000    0.000000    0.000000    0.000000    0.000000    0.000000
  -4.86362   34.198936    3.763102    0.159833    3.603269    0.715529    0.000000    0.000000    0.000000    0.000000    0.000000    0.000000
  -4.85762   33.826929    3.731501    0.160567    3.570934    0.712281    0.000000    0.000000    0.000000    0.000000    0.000000    0.000000
  -4.85162   33.523545    3.711465    0.161623    3.549842    0.709843    0.000000    0.000000    0.000000    0.000000    0.000000    0.000000
  -4.84562   33.290648    3.703624    0.163021    3.540602    0.708376    0.000000    0.000000    0.000000    0.000000    0.000000    0.000000
  -4.83961   33.126880    3.708082    0.164769    3.543313    0.708008    0.000000    0.000000    0.000000    0.000000    0.000000    0.000000
  -4.83361   33.027812    3.724384    0.166853    3.557531    0.708818    0.000000    0.000000    0.000000    0.000000    0.000000    0.000000
  -4.82761   32.986299    3.751530    0.169244    3.582286    0.710842    0.000000    0.000000    0.000000    0.000000    0.000000    0.000000
  -4.82161   32.993044    3.788024    0.171897    3.616128    0.714063    0.000000    0.000000    0.000000    0.000000    0.000000    0.000000
  -4.81561   33.037318    3.831982    0.174755    3.657227    0.718421    0.000000    0.000000    0.000000    0.000000    0.000000    0.000000
  -4.80960   33.107786    3.881257    0.177754    3.703503    0.723817    0.000000    0.000000    0.000000    0.000000    0.000000    0.000000
  -4.80360   33.193346    3.933599    0.180828    3.752771    0.730117    0.000000    0.000000    0.000000    0.000000    0.000000    0.000000
  -4.79760   33.283895    3.986813    0.183912    3.802901    0.737161    0.000000    0.000000    0.000000    0.000000    0.000000    0.000000
  -4.79160   33.370922    4.038912    0.186947    3.851965    0.744773    0.000000    0.000000    0.000000    0.000000    0.000000    0.000000
  -4.78560   33.447889    4.088244    0.189880    3.898363    0.752761    0.000000    0.000000    0.000000    0.000000    0.000000    0.000000
  -4.77959   33.510358    4.133582    0.192667    3.940915    0.760926    0.000000    0.000000    0.000000    0.000000    0.000000    0.000000
  -4.77359   33.555896    4.174177    0.195267    3.978910    0.769065    0.000000    0.000000    0.000000    0.000000    0.000000    0.000000
  -4.76759   33.583810    4.209761    0.197650    4.012112    0.776978    0.000000    0.000000    0.000000    0.000000    0.000000    0.000000
  -4.76159   33.594785    4.240516    0.199783    4.040734    0.784473    0.000000    0.000000    0.000000    0.000000    0.000000    0.000000
  -4.75559   33.590516    4.267006    0.201640    4.065366    0.791373    0.000000    0.000000    0.000000    0.000000    0.000000    0.000000
  -4.74958   33.573385    4.290087    0.203196    4.086891    0.797538    0.000000    0.000000    0.000000    0.000000    0.000000    0.000000
  -4.74358   33.546244    4.310806    0.204429    4.106378    0.802866    0.000000    0.000000    0.000000    0.000000    0.000000    0.000000
  -4.73758   33.512297    4.330297    0.205323    4.124974    0.807314    0.000000    0.000000    0.000000    0.000000    0.000000    0.000000
  -4.73158   33.475056    4.349671    0.205870    4.143800    0.810909    0.000000    0.000000    0.000000    0.000000    0.000000    0.000000
  -4.72558   33.438336    4.369930    0.206074    4.163856    0.813745    0.000000    0.000000    0.000000    0.000000    0.000000    0.000000
  -4.71957   33.406224    4.391885    0.205951    4.185934    0.815990    0.000000    0.000000    0.000000    0.000000    0.000000    0.000000
  -4.71357   33.382985    4.416090    0.205530    4.210560    0.817868    0.000000    0.000000    0.000000    0.000000    0.000000    0.000000
  -4.70757   33.372871    4.442802    0.204855    4.237948    0.819643    0.000000    0.000000    0.000000    0.000000    0.000000    0.000000
  -4.70157   33.379839    4.471953    0.203978    4.267975    0.821594    0.000000    0.000000    0.000000    0.000000    0.000000    0.000000
  -4.69557   33.407208    4.503150    0.202961    4.300189    0.823985    0.000000    0.000000    0.000000    0.000000    0.000000    0.000000
  -4.68956   33.457309    4.535695    0.201867    4.333828    0.827036    0.000000    0.000000    0.000000    0.000000    0.000000    0.000000
  -4.68356   33.531182    4.568637    0.200757    4.367880    0.830900    0.000000    0.000000    0.000000    0.000000    0.000000    0.000000
  -4.67756   33.628404    4.600841    0.199689    4.401153    0.835648    0.000000    0.000000    0.000000    0.000000    0.000000    0.000000
  -4.67156   33.747074    4.631084    0.198709    4.432374    0.841261    0.000000    0.000000    0.000000    0.000000    0.000000    0.000000
  -4.66556   33.883989    4.658159    0.197856    4.460302    0.847637    0.000000    0.000000    0.000000    0.000000    0.000000    0.000000
  -4.65955   34.035007    4.680996    0.197159    4.483838    0.854605    0.000000    0.000000    0.000000    0.000000    0.000000    0.000000
  -4.65355   34.195536    4.698773    0.196635    4.502138    0.861952    0.000000    0.000000    0.000000    0.000000    0.000000    0.000000
  -4.64755   34.361090    4.711001    0.196300    4.514702    0.869452    0.000000    0.000000    0.000000    0.000000    0.000000    0.000000
  -4.64155   34.527818    4.717598    0.196163    4.521435    0.876890    0.000000    0.000000    0.000000    0.000000    0.000000    0.000000
  -4.63555   34.692921    4.718902    0.196233    4.522669    0.884094    0.000000    0.000000    0.000000    0.000000    0.000000    0.000000
  -4.62954   34.854873    4.715656    0.196519    4.519137    0.890950    0.000000    0.000000    0.000000    0.000000    0.000000    0.000000
  -4.62354   35.013427    4.708937    0.197033    4.511904    0.897410    0.000000    0.000000    0.000000    0.000000    0.000000    0.000000
  -4.61754   35.169385    4.700051    0.197785    4.502266    0.903494    0.000000    0.000000    0.000000    0.000000    0.000000    0.000000
  -4.61154   35.324187    4.690404    0.198782    4.491622    0.909276    0.000000    0.000000    0.000000    0.000000    0.000000    0.000000
  -4.60554   35.479413    4.681363    0.200030    4.481333    0.914873    0.000000    0.000000    0.000000    0.000000    0.000000    0.000000
  -4.59953   35.636281    4.674131    0.201523    4.472608    0.920424    0.000000    0.000000    0.000000    0.000000    0.000000    0.000000
  -4.59353   35.795262    4.669655    0.203249    4.466405    0.926070    0.000000    0.000000    0.000000    0.000000    0.000000    0.000000
  -4.58753   35.955883    4.668565    0.205183    4.463382    0.931945    0.000000    0.000000    0.000000    0.000000    0.000000    0.000000
  -4.58153   36.116766    4.671180    0.207289    4.463890    0.938163    0.000000    0.000000    0.000000    0.000000    0.000000    0.000000
  -4.57553   36.275895    4.677538    0.209524    4.468014    0.944820    0.000000    0.000000    0.000000    0.000000    0.000000    0.000000
  -4.56952   36.431058    4.687483    0.211838    4.475644    0.951995    0.000000    0.000000    0.000000    0.000000    0.000000    0.000000
  -4.56352   36.580367    4.700754    0.214183    4.486571    0.959757    0.000000    0.000000    0.000000    0.000000    0.000000    0.000000
  -4.55752   36.722767    4.717090    0.216515    4.500576    0.968173    0.000000    0.000000    0.000000    0.000000    0.000000    0.000000
  -4.55152   36.858411    4.736310    0.218799    4.517511    0.977316    0.000000    0.000000    0.000000    0.000000    0.000000    0.000000
  -4.54552   36.988847    4.758368    0.221017    4.537351    0.987261    0.000000    0.000000    0.000000    0.000000    0.000000    0.000000
  -4.53951   37.116959    4.783370    0.223165    4.560205    0.998090    0.000000    0.000000    0.000000    0.000000    0.000000    0.000000
  -4.53351   37.246687    4.811559    0.225258    4.586301    1.009874    0.000000    0.000000    0.000000    0.000000    0.000000    0.000000
  -4.52751   37.382554    4.843254    0.227324    4.615930    1.022671    0.000000    0.000000    0.000000    0.000000    0.000000    0.000000
  -4.52151   37.529074    4.878780    0.229400    4.649380    1.036502    0.000000    0.000000    0.000000    0.000000    0.000000    0.000000
  -4.51551   37.690134    4.918375    0.231530    4.686845    1.051350    0.000000    0.000000    0.000000    0.000000    0.000000    0.000000
  -4.50950   37.868422    4.962104    0.233751    4.728353    1.067137    0.000000    0.000000    0.000000    0.000000    0.000000    0.000000
  -4.50350   38.064970    5.009785    0.236094    4.773691    1.083729    0.000000    0.000000    0.000000    0.000000    0.000000    0.000000
  -4.49750   38.278880    5.060931    0.238570    4.822360    1.100927    0.000000    0.000000    0.000000    0.000000    0.000000    0.000000
  -4.49150   38.507240    5.114727    0.241171    4.873556    1.118475    0.000000    0.000000    0.000000    0.000000    0.000000    0.000000
  -4.48550   38.745253    5.170042    0.243864    4.926179    1.136073    0.000000    0.000000    0.000000    0.000000    0.000000    0.000000
  -4.47949   38.986570    5.225470    0.246590    4.978879    1.153383    0.000000    0.000000    0.000000    0.000000    0.000000    0.000000
  -4.47349   39.223795    5.279411    0.249273    5.030138    1.170053    0.000000    0.000000    0.000000    0.000000    0.000000    0.000000
  -4.46749   39.449129    5.330186    0.251819    5.078367    1.185733    0.000000    0.000000    0.000000    0.000000    0.000000    0.000000
  -4.46149   39.655098    5.376170    0.254126    5.122044    1.200097    0.000000    0.000000    0.000000    0.000000    0.000000    0.000000
  -4.45549   39.835294    5.415941    0.256096    5.159845    1.212863    0.000000    0.000000    0.000000    0.000000    0.000000    0.000000
  -4.44948   39.985066    5.448424    0.257642    5.190782    1.223811    0.000000    0.000000    0.000000    0.000000    0.000000    0.000000
  -4.44348   40.102074    5.473015    0.258697    5.214318    1.232804    0.000000    0.000000    0.000000    0.000000    0.000000    0.000000
  -4.43748   40.186626    5.489672    0.259223    5.230449    1.239793    0.000000    0.000000    0.000000    0.000000    0.000000    0.000000
  -4.43148   40.241762    5.498943    0.259214    5.239728    1.244829    0.000000    0.000000    0.000000    0.000000    0.000000    0.000000
  -4.42548   40.273022    5.501941    0.258696    5.243245    1.248056    0.000000    0.000000    0.000000    0.000000    0.000000    0.000000
  -4.41947   40.287934    5.500251    0.257726    5.242525    1.249701    0.000000    0.000000    0.000000    0.000000    0.000000    0.000000
  -4.41347   40.295249    5.495781    0.256384    5.239397    1.250056    0.000000    0.000000    0.000000    0.000000    0.000000    0.000000
  -4.40747   40.304007    5.490571    0.254768    5.235803    1.249445    0.000000    0.000000    0.000000    0.000000    0.000000    0.000000
  -4.40147   40.322572    5.486586    0.252980    5.233606    1.248204    0.000000    0.000000    0.000000    0.000000    0.000000    0.000000
  -4.39547   40.357728    5.485521    0.251120    5.234401    1.246640    0.000000    0.000000    0.000000    0.000000    0.000000    0.000000
  -4.38946   40.414002    5.488639    0.249276    5.239362    1.245013    0.000000    0.000000    0.000000    0.000000    0.000000    0.000000
  -4.38346   40.493280    5.496667    0.247519    5.249148    1.243516    0.000000    0.000000    0.000000    0.000000    0.000000    0.000000
  -4.37746   40.594785    5.509768    0.245899    5.263869    1.242265    0.000000    0.000000    0.000000    0.000000    0.000000    0.000000
  -4.37146   40.715415    5.527576    0.244446    5.283130    1.241307    0.000000    0.000000    0.000000    0.000000    0.000000    0.000000
  -4.36546   40.850390    5.549299    0.243172    5.306128    1.240633    0.000000    0.000000    0.000000    0.000000    0.000000    0.000000
  -4.35945   40.994091    5.573869    0.242076    5.331793    1.240201    0.000000    0.000000    0.000000    0.000000    0.000000    0.000000
  -4.35345   41.140966    5.600103    0.241152    5.358951    1.239957    0.000000    0.000000    0.000000    0.000000    0.000000    0.000000
  -4.34745   41.286366    5.626864    0.240390    5.386474    1.239867    0.000000    0.000000    0.000000    0.000000    0.000000    0.000000
  -4.34145   41.427160    5.653188    0.239782    5.413406    1.239926    0.000000    0.000000    0.000000    0.000000    0.000000    0.000000
  -4.33545   41.562067    5.678365    0.239324    5.439041    1.240176    0.000000    0.000000    0.000000    0.000000    0.000000    0.000000
  -4.32944   41.691646    5.701963    0.239018    5.462946    1.240698    0.000000    0.000000    0.000000    0.000000    0.000000    0.000000
  -4.32344   41.817976    5.723798    0.238865    5.484933    1.241608    0.000000    0.000000    0.000000    0.000000    0.000000    0.000000
  -4.31744   41.944100    5.743862    0.238871    5.504991    1.243033    0.000000    0.000000    0.000000    0.000000    0.000000    0.000000
  -4.31144   42.073333    5.762224    0.239035    5.523189    1.245096    0.000000    0.000000    0.000000    0.000000    0.000000    0.000000
  -4.30544   42.208572    5.778925    0.239351    5.539574    1.247888    0.000000    0.000000    0.000000    0.000000    0.000000    0.000000
  -4.29943   42.351731    5.793891    0.239805    5.554087    1.251451    0.000000    0.000000    0.000000    0.000000    0.000000    0.000000
  -4.29343   42.503383    5.806875    0.240373    5.566502    1.255768    0.000000    0.000000    0.000000    0.000000    0.000000    0.000000
  -4.28743   42.662669    5.817443    0.241024    5.576419    1.260761    0.000000    0.000000    0.000000    0.000000    0.000000    0.000000
  -4.28143   42.827475    5.825018    0.241723    5.583295    1.266292    0.000000    0.000000    0.000000    0.000000    0.000000    0.000000
  -4.27543   42.994818    5.828950    0.242432    5.586518    1.272182    0.000000    0.000000    0.000000    0.000000    0.000000    0.000000
  -4.26942   43.161368    5.828636    0.243119    5.585517    1.278228    0.000000    0.000000    0.000000    0.000000    0.000000    0.000000
  -4.26342   43.323992    5.823643    0.243761    5.579882    1.284225    0.000000    0.000000    0.000000    0.000000    0.000000    0.000000
  -4.25742   43.480217    5.813829    0.244346    5.569483    1.289989    0.000000    0.000000    0.000000    0.000000    0.000000    0.000000
  -4.25142   43.628512    5.799435    0.244879    5.554556    1.295375    0.000000    0.000000    0.000000    0.000000    0.000000    0.000000
  -4.24542   43.768346    5.781131    0.245381    5.535750    1.300287    0.000000    0.000000    0.000000    0.000000    0.000000    0.000000
  -4.23941   43.899995    5.760011    0.245886    5.514125    1.304684    0.000000    0.000000    0.000000    0.000000    0.000000    0.000000
  -4.23341   44.024136    5.737512    0.246436    5.491076    1.308577    0.000000    0.000000    0.000000    0.000000    0.000000    0.000000
  -4.22741   44.141291    5.715297    0.247079    5.468218    1.312017    0.000000    0.000000    0.000000    0.000000    0.000000    0.000000
  -4.22141   44.251236    5.695080    0.247853    5.447227    1.315079    0.000000    0.000000    0.000000    0.000000    0.000000    0.000000
  -4.21541   44.352481    5.678443    0.248788    5.429655    1.317843    0.000000    0.000000    0.000000    0.000000    0.000000    0.000000
  -4.20940   44.441937    5.666654    0.249892    5.416762    1.320379    0.000000    0.000000    0.000000    0.000000    0.000000    0.000000
  -4.20340   44.514855    5.660522    0.251150    5.409372    1.322733    0.000000    0.000000    0.000000    0.000000    0.000000    0.000000
  -4.19740   44.565097    5.660302    0.252522    5.407780    1.324922    0.000000    0.000000    0.000000    0.000000    0.000000    0.000000
  -4.19140   44.585723    5.665684    0.253947    5.411737    1.326938    0.000000    0.000000    0.000000    0.000000    0.000000    0.000000
  -4.18540   44.569853    5.675841    0.255348    5.420493    1.328759    0.000000    0.000000    0.000000    0.000000    0.000000    0.000000
  -4.17939   44.511683    5.689561    0.256642    5.432918    1.330373    0.000000    0.000000    0.000000    0.000000    0.000000    0.000000
  -4.17339   44.407531    5.705421    0.257752    5.447669    1.331797    0.000000    0.000000    0.000000    0.000000    0.000000    0.000000
  -4.16739   44.256741    5.721998    0.258616    5.463382    1.333105    0.000000    0.000000    0.000000    0.000000    0.000000    0.000000
  -4.16139   44.062299    5.738068    0.259202    5.478866    1.334445    0.000000    0.000000    0.000000    0.000000    0.000000    0.000000
  -4.15539   43.831045    5.752774    0.259511    5.493263    1.336049    0.000000    0.000000    0.000000    0.000000    0.000000    0.000000
  -4.14938   43.573416    5.765741    0.259583    5.506158    1.338230    0.000000    0.000000    0.000000    0.000000    0.000000    0.000000
  -4.14338   43.302705    5.777109    0.259490    5.517619    1.341364    0.000000    0.000000    0.000000    0.000000    0.000000    0.000000
  -4.13738   43.033921    5.787496    0.259338    5.528158    1.345857    0.000000    0.000000    0.000000    0.000000    0.000000    0.000000
  -4.13138   42.782352    5.797874    0.259244    5.538629    1.352103    0.000000    0.000000    0.000000    0.000000    0.000000    0.000000
  -4.12538   42.562020    5.809407    0.259336    5.550071    1.360442    0.000000    0.000000    0.000000    0.000000    0.000000    0.000000
  -4.11937   42.384202    5.823247    0.259725    5.563522    1.371106    0.000000    0.000000    0.000000    0.000000    0.000000    0.000000
  -4.11337   42.256208    5.840337    0.260501    5.579836    1.384189    0.000000    0.000000    0.000000    0.000000    0.000000    0.000000
  -4.10737   42.180575    5.861242    0.261720    5.599523    1.399624    0.000000    0.000000    0.000000    0.000000    0.000000    0.000000
  -4.10137   42.154770    5.886039    0.263395    5.622644    1.417174    0.000000    0.000000    0.000000    0.000000    0.000000    0.000000
  -4.09537   42.171463    5.914273    0.265500    5.648773    1.436454    0.000000    0.000000    0.000000    0.000000    0.000000    0.000000
  -4.08936   42.219322    5.945000    0.267972    5.677029    1.456968    0.000000    0.000000    0.000000    0.000000    0.000000    0.000000
  -4.08336   42.284248    5.976893    0.270719    5.706174    1.478157    0.000000    0.000000    0.000000    0.000000    0.000000    0.000000
  -4.07736   42.350901    6.008413    0.273638    5.734775    1.499465    0.000000    0.000000    0.000000    0.000000    0.000000    0.000000
  -4.07136   42.404323    6.038004    0.276625    5.761379    1.520398    0.000000    0.000000    0.000000    0.000000    0.000000    0.000000
  -4.06536   42.431470    6.064300    0.279591    5.784709    1.540579    0.000000    0.000000    0.000000    0.000000    0.000000    0.000000
  -4.05935   42.422451    6.086294    0.282473    5.803821    1.559788    0.000000    0.000000    0.000000    0.000000    0.000000    0.000000
  -4.05335   42.371336    6.103463    0.285240    5.818222    1.577977    0.000000    0.000000    0.000000    0.000000    0.000000    0.000000
  -4.04735   42.276434    6.115816    0.287900    5.827917    1.595266    0.000000    0.000000    0.000000    0.000000    0.000000    0.000000
  -4.04135   42.140021    6.123870    0.290488    5.833382    1.611909    0.000000    0.000000    0.000000    0.000000    0.000000    0.000000
  -4.03535   41.967572    6.128540    0.293065    5.835475    1.628251    0.000000    0.000000    0.000000    0.000000    0.000000    0.000000
  -4.02934   41.766630    6.130987    0.295702    5.835285    1.644659    0.000000    0.000000    0.000000    0.000000    0.000000    0.000000
  -4.02334   41.545473    6.132421    0.298468    5.833953    1.661461    0.000000    0.000000    0.000000    0.000000    0.000000    0.000000
  -4.01734   41.311791    6.133902    0.301414    5.832488    1.678885    0.000000    0.000000    0.000000    0.000000    0.000000    0.000000
  -4.01134   41.071563    6.136170    0.304562    5.831608    1.697014    0.000000    0.000000    0.000000    0.000000    0.000000    0.000000
  -4.00534   40.828285    6.139522    0.307898    5.831624    1.715762    0.000000    0.000000    0.000000    0.000000    0.000000    0.000000
  -3.99933   40.582670    6.143764    0.311370    5.832394    1.734874    0.000000    0.000000    0.000000    0.000000    0.000000    0.000000
  -3.99333   40.332824    6.148233    0.314889    5.833344    1.753950    0.000000    0.000000    0.000000    0.000000    0.000000    0.000000
  -3.98733   40.074882    6.151896    0.318337    5.833559    1.772494    0.000000    0.000000    0.000000    0.000000    0.000000    0.000000
  -3.98133   39.803978    6.153501    0.321581    5.831920    1.789972    0.000000    0.000000    0.000000    0.000000    0.000000    0.000000
  -3.97533   39.515416    6.151772    0.324484    5.827288    1.805891    0.000000    0.000000    0.000000    0.000000    0.000000    0.000000
  -3.96932   39.205855    6.145608    0.326926    5.818682    1.819860    0.000000    0.000000    0.000000    0.000000    0.000000    0.000000
  -3.96332   38.874361    6.134265    0.328813    5.805452    1.831657    0.000000    0.000000    0.000000    0.000000    0.000000    0.000000
  -3.95732   38.523162    6.117499    0.330092    5.787407    1.841275    0.000000    0.000000    0.000000    0.000000    0.000000    0.000000
  -3.95132   38.158019    6.095651    0.330758    5.764893    1.848942    0.000000    0.000000    0.000000    0.000000    0.000000    0.000000
  -3.94532   37.788157    6.069663    0.330859    5.738805    1.855120    0.000000    0.000000    0.000000    0.000000    0.000000    0.000000
  -3.93931   37.425748    6.041022    0.330487    5.710535    1.860480    0.000000    0.000000    0.000000    0.000000    0.000000    0.000000
  -3.93331   37.085019    6.011639    0.329776    5.681863    1.865853    0.000000    0.000000    0.000000    0.000000    0.000000    0.000000
  -3.92731   36.781052    5.983687    0.328887    5.654800    1.872157    0.000000    0.000000    0.000000    0.000000    0.000000    0.000000
  -3.92131   36.528420    5.959394    0.327990    5.631403    1.880319    0.000000    0.000000    0.000000    0.000000    0.000000    0.000000
  -3.91531   36.339794    5.940842    0.327252    5.613590    1.891189    0.000000    0.000000    0.000000    0.000000    0.000000    0.000000
  -3.90930   36.224647    5.929767    0.326813    5.602953    1.905455    0.000000    0.000000    0.000000    0.000000    0.000000    0.000000
  -3.90330   36.188204    5.927398    0.326781    5.600618    1.923578    0.000000    0.000000    0.000000    0.000000    0.000000    0.000000
  -3.89730   36.230723    5.934343    0.327213    5.607130    1.945735    0.000000    0.000000    0.000000    0.000000    0.000000    0.000000
  -3.89130   36.347175    5.950526    0.328120    5.622407    1.971794    0.000000    0.000000    0.000000    0.000000    0.000000    0.000000
  -3.88530   36.527364    5.975193    0.329461    5.645732    2.001308    0.000000    0.000000    0.000000    0.000000    0.000000    0.000000
  -3.87929   36.756476    6.006969    0.331153    5.675815    2.033546    0.000000    0.000000    0.000000    0.000000    0.000000    0.000000
  -3.87329   37.016019    6.043973    0.333085    5.710888    2.067536    0.000000    0.000000    0.000000    0.000000    0.000000    0.000000
  -3.86729   37.285082    6.083975    0.335127    5.748848    2.102144    0.000000    0.000000    0.000000    0.000000    0.000000    0.000000
  -3.86129   37.541847    6.124579    0.337153    5.787426    2.136157    0.000000    0.000000    0.000000    0.000000    0.000000    0.000000
  -3.85529   37.765225    6.163426    0.339051    5.824376    2.168385    0.000000    0.000000    0.000000    0.000000    0.000000    0.000000
  -3.84928   37.936506    6.198406    0.340742    5.857663    2.197758    0.000000    0.000000    0.000000    0.000000    0.000000    0.000000
  -3.84328   38.040895    6.227840    0.342190    5.885651    2.223420    0.000000    0.000000    0.000000    0.000000    0.000000    0.000000
  -3.83728   38.068796    6.250651    0.343402    5.907250    2.244804    0.000000    0.000000    0.000000    0.000000    0.000000    0.000000
  -3.83128   38.016694    6.266470    0.344436    5.922034    2.261687    0.000000    0.000000    0.000000    0.000000    0.000000    0.000000
  -3.82528   37.887546    6.275682    0.345390    5.930292    2.274211    0.000000    0.000000    0.000000    0.000000    0.000000    0.000000
  -3.81927   37.690563    6.279399    0.346394    5.933005    2.282863    0.000000    0.000000    0.000000    0.000000    0.000000    0.000000
  -3.81327   37.440369    6.279340    0.347591    5.931749    2.288430    0.000000    0.000000    0.000000    0.000000    0.000000    0.000000
  -3.80727   37.155577    6.277641    0.349124    5.928517    2.291905    0.000000    0.000000    0.000000    0.000000    0.000000    0.000000
  -3.80127   36.856870    6.276591    0.351113    5.925478    2.294378    0.000000    0.000000    0.000000    0.000000    0.000000    0.000000
  -3.79527   36.564807    6.278336    0.353641    5.924695    2.296902    0.000000    0.000000    0.000000    0.000000    0.000000    0.000000
  -3.78926   36.297585    6.284577    0.356735    5.927842    2.300370    0.000000    0.000000    0.000000    0.000000    0.000000    0.000000
  -3.78326   36.069033    6.296313    0.360364    5.935949    2.305404    0.000000    0.000000    0.000000    0.000000    0.000000    0.000000
  -3.77726   35.887138    6.313662    0.364436    5.949227    2.312274    0.000000    0.000000    0.000000    0.000000    0.000000    0.000000
  -3.77126   35.753295    6.335801    0.368802    5.966998    2.320875    0.000000    0.000000    0.000000    0.000000    0.000000    0.000000
  -3.76526   35.662430    6.361032    0.373279    5.987753    2.330743    0.000000    0.000000    0.000000    0.000000    0.000000    0.000000
  -3.75925   35.604021    6.386994    0.377663    6.009331    2.341132    0.000000    0.000000    0.000000    0.000000    0.000000    0.000000
  -3.75325   35.563886    6.410979    0.381761    6.029218    2.351128    0.000000    0.000000    0.000000    0.000000    0.000000    0.000000
  -3.74725   35.526530    6.430325    0.385411    6.044914    2.359795    0.000000    0.000000    0.000000    0.000000    0.000000    0.000000
  -3.74125   35.477720    6.442831    0.388512    6.054319    2.366324    0.000000    0.000000    0.000000    0.000000    0.000000    0.000000
  -3.73525   35.406942    6.447127    0.391034    6.056093    2.370168    0.000000    0.000000    0.000000    0.000000    0.000000    0.000000
  -3.72924   35.309382    6.442948    0.393027    6.049921    2.371144    0.000000    0.000000    0.000000    0.000000    0.000000    0.000000
  -3.72324   35.187161    6.431272    0.394624    6.036648    2.369477    0.000000    0.000000    0.000000    0.000000    0.000000    0.000000
  -3.71724   35.049627    6.414282    0.396017    6.018265    2.365800    0.000000    0.000000    0.000000    0.000000    0.000000    0.000000
  -3.71124   34.912680    6.395177    0.397447    5.997730    2.361084    0.000000    0.000000    0.000000    0.000000    0.000000    0.000000
  -3.70524   34.797211    6.377829    0.399164    5.978665    2.356527    0.000000    0.000000    0.000000    0.000000    0.000000    0.000000
  -3.69923   34.726874    6.366365    0.401407    5.964958    2.353418    0.000000    0.000000    0.000000    0.000000    0.000000    0.000000
  -3.69323   34.725489    6.364702    0.404370    5.960332    2.352981    0.000000    0.000000    0.000000    0.000000    0.000000    0.000000
  -3.68723   34.814418    6.376119    0.408183    5.967936    2.356241    0.000000    0.000000    0.000000    0.000000    0.000000    0.000000
  -3.68123   35.010236    6.402914    0.412897    5.990017    2.363915    0.000000    0.000000    0.000000    0.000000    0.000000    0.000000
  -3.67523   35.322972    6.446193    0.418485    6.027707    2.376349    0.000000    0.000000    0.000000    0.000000    0.000000    0.000000
  -3.66922   35.755087    6.505800    0.424849    6.080951    2.393503    0.000000    0.000000    0.000000    0.000000    0.000000    0.000000
  -3.66322   36.301282    6.580404    0.431834    6.148570    2.414987    0.000000    0.000000    0.000000    0.000000    0.000000    0.000000
  -3.65722   36.949066    6.667703    0.439256    6.228447    2.440129    0.000000    0.000000    0.000000    0.000000    0.000000    0.000000
  -3.65122   37.679989    6.764716    0.446924    6.317792    2.468076    0.000000    0.000000    0.000000    0.000000    0.000000    0.000000
  -3.64522   38.471325    6.868116    0.454662    6.413454    2.497895    0.000000    0.000000    0.000000    0.000000    0.000000    0.000000
  -3.63921   39.298003    6.974555    0.462329    6.512225    2.528675    0.000000    0.000000    0.000000    0.000000    0.000000    0.000000
  -3.63321   40.134540    7.080945    0.469831    6.611114    2.559602    0.000000    0.000000    0.000000    0.000000    0.000000    0.000000
  -3.62721   40.956812    7.184664    0.477122    6.707542    2.590017    0.000000    0.000000    0.000000    0.000000    0.000000    0.000000
  -3.62121   41.743484    7.283674    0.484198    6.799476    2.619433    0.000000    0.000000    0.000000    0.000000    0.000000    0.000000
  -3.61521   42.477029    7.376550    0.491091    6.885459    2.647536    0.000000    0.000000    0.000000    0.000000    0.000000    0.000000
  -3.60920   43.144282    7.462440    0.497846    6.964594    2.674157    0.000000    0.000000    0.000000    0.000000    0.000000    0.000000
  -3.60320   43.736560    7.540965    0.504514    7.036451    2.699233    0.000000    0.000000    0.000000    0.000000    0.000000    0.000000
  -3.59720   44.249406    7.612091    0.511132    7.100960    2.722769    0.000000    0.000000    0.000000    0.000000    0.000000    0.000000
  -3.59120   44.682045    7.675993    0.517715    7.158279    2.744796    0.000000    0.000000    0.000000    0.000000    0.000000    0.000000
  -3.58520   45.036679    7.732938    0.524251    7.208687    2.765344    0.000000    0.000000    0.000000    0.000000    0.000000    0.000000
  -3.57919   45.317732    7.783191    0.530703    7.252488    2.784430    0.000000    0.000000    0.000000    0.000000    0.000000    0.000000
  -3.57319   45.531146    7.826975    0.537017    7.289957    2.802055    0.000000    0.000000    0.000000    0.000000    0.000000    0.000000
  -3.56719   45.683824    7.864451    0.543133    7.321318    2.818208    0.000000    0.000000    0.000000    0.000000    0.000000    0.000000
  -3.56119   45.783259    7.895755    0.548997    7.346759    2.832888    0.000000    0.000000    0.000000    0.000000    0.000000    0.000000
  -3.55519   45.837370    7.921051    0.554576    7.366475    2.846122    0.000000    0.000000    0.000000    0.000000    0.000000    0.000000
  -3.54918   45.854500    7.940599    0.559874    7.380725    2.857978    0.000000    0.000000    0.000000    0.000000    0.000000    0.000000
  -3.54318   45.843552    7.954821    0.564930    7.389891    2.868575    0.000000    0.000000    0.000000    0.000000    0.000000    0.000000
  -3.53718   45.814158    7.964362    0.569830    7.394532    2.878091    0.000000    0.000000    0.000000    0.000000    0.000000    0.000000
  -3.53118   45.776805    7.970111    0.574695    7.395415    2.886749    0.000000    0.000000    0.000000    0.000000    0.000000    0.000000
  -3.52518   45.742859    7.973199    0.579675    7.393524    2.894805    0.000000    0.000000    0.000000    0.000000    0.000000    0.000000
  -3.51917   45.724405    7.974959    0.584932    7.390027    2.902529    0.000000    0.000000    0.000000    0.000000    0.000000    0.000000
  -3.51317   45.733880    7.976844    0.590618    7.386226    2.910172    0.000000    0.000000    0.000000    0.000000    0.000000    0.000000
  -3.50717   45.783504    7.980331    0.596863    7.383468    2.917949    0.000000    0.000000    0.000000    0.000000    0.000000    0.000000
  -3.50117   45.884514    7.986804    0.603749    7.383054    2.926009    0.000000    0.000000    0.000000    0.000000    0.000000    0.000000
  -3.49517   46.046284    7.997431    0.611300    7.386131    2.934423    0.000000    0.000000    0.000000    0.000000    0.000000    0.000000
  -3.48916   46.275382    8.013069    0.619467    7.393603    2.943175    0.000000    0.000000    0.000000    0.000000    0.000000    0.000000
  -3.48316   46.574692    8.034192    0.628130    7.406062    2.952164    0.000000    0.000000    0.000000    0.000000    0.000000    0.000000
  -3.47716   46.942676    8.060861    0.637100    7.423761    2.961217    0.000000    0.000000    0.000000    0.000000    0.000000    0.000000
  -3.47116   47.372909    8.092745    0.646129    7.446616    2.970115    0.000000    0.000000    0.000000    0.000000    0.000000    0.000000
  -3.46516   47.853963    8.129194    0.654929    7.474265    2.978623    0.000000    0.000000    0.000000    0.000000    0.000000    0.000000
  -3.45915   48.369716    8.169353    0.663194    7.506159    2.986531    0.000000    0.000000    0.000000    0.000000    0.000000    0.000000
  -3.45315   48.900106    8.212300    0.670625    7.541675    2.993688    0.000000    0.000000    0.000000    0.000000    0.000000    0.000000
  -3.44715   49.422301    8.257201    0.676956    7.580245    3.000041    0.000000    0.000000    0.000000    0.000000    0.000000    0.000000
  -3.44115   49.912218    8.303444    0.681978    7.621466    3.005654    0.000000    0.000000    0.000000    0.000000    0.000000    0.000000
  -3.43515   50.346244    8.350738    0.685556    7.665182    3.010724    0.000000    0.000000    0.000000    0.000000    0.000000    0.000000
  -3.42914   50.703007    8.399167    0.687644    7.711523    3.015569    0.000000    0.000000    0.000000    0.000000    0.000000    0.000000
  -3.42314   50.965004    8.449166    0.688284    7.760882    3.020606    0.000000    0.000000    0.000000    0.000000    0.000000    0.000000
  -3.41714   51.119901    8.501452    0.687607    7.813845    3.026312    0.000000    0.000000    0.000000    0.000000    0.000000    0.000000
  -3.41114   51.161376    8.556892    0.685821    7.871071    3.033176    0.000000    0.000000    0.000000    0.000000    0.000000    0.000000
  -3.40514   51.089407    8.616341    0.683187    7.933155    3.041647    0.000000    0.000000    0.000000    0.000000    0.000000    0.000000
  -3.39913   50.909984    8.680474    0.680003    8.000471    3.052084    0.000000    0.000000    0.000000    0.000000    0.000000    0.000000
  -3.39313   50.634309    8.749630    0.676574    8.073056    3.064721    0.000000    0.000000    0.000000    0.000000    0.000000    0.000000
  -3.38713   50.277589    8.823704    0.673189    8.150515    3.079645    0.000000    0.000000    0.000000    0.000000    0.000000    0.000000
  -3.38113   49.857600    8.902097    0.670099    8.231997    3.096794    0.000000    0.000000    0.000000    0.000000    0.000000    0.000000
  -3.37513   49.393189    8.983724    0.667497    8.316226    3.115964    0.000000    0.000000    0.000000    0.000000    0.000000    0.000000
  -3.36912   48.902895    9.067099    0.665508    8.401592    3.136846    0.000000    0.000000    0.000000    0.000000    0.000000    0.000000
  -3.36312   48.403827    9.150472    0.664179    8.486292    3.159052    0.000000    0.000000    0.000000    0.000000    0.000000    0.000000
  -3.35712   47.910898    9.231995    0.663488    8.568506    3.182170    0.000000    0.000000    0.000000    0.000000    0.000000    0.000000
  -3.35112   47.436431    9.309916    0.663344    8.646572    3.205793    0.000000    0.000000    0.000000    0.000000    0.000000    0.000000
  -3.34512   46.990125    9.382755    0.663601    8.719153    3.229566    0.000000    0.000000    0.000000    0.000000    0.000000    0.000000
  -3.33911   46.579301    9.449454    0.664083    8.785371    3.253212    0.000000    0.000000    0.000000    0.000000    0.000000    0.000000
  -3.33311   46.209330    9.509480    0.664596    8.844884    3.276551    0.000000    0.000000    0.000000    0.000000    0.000000    0.000000
  -3.32711   45.884126    9.562864    0.664956    8.897907    3.299513    0.000000    0.000000    0.000000    0.000000    0.000000    0.000000
  -3.32111   45.606584    9.610181    0.665009    8.945172    3.322137    0.000000    0.000000    0.000000    0.000000    0.000000    0.000000
  -3.31511   45.378893    9.652468    0.664649    8.987819    3.344561    0.000000    0.000000    0.000000    0.000000    0.000000    0.000000
  -3.30910   45.202657    9.691084    0.663830    9.027255    3.367000    0.000000    0.000000    0.000000    0.000000    0.000000    0.000000
  -3.30310   45.078806    9.727538    0.662574    9.064964    3.389717    0.000000    0.000000    0.000000    0.000000    0.000000    0.000000
  -3.29710   45.007330    9.763287    0.660971    9.102317    3.412983    0.000000    0.000000    0.000000    0.000000    0.000000    0.000000
  -3.29110   44.986871    9.799541    0.659164    9.140376    3.437035    0.000000    0.000000    0.000000    0.000000    0.000000    0.000000
  -3.28510   45.014279    9.837079    0.657341    9.179737    3.462030    0.000000    0.000000    0.000000    0.000000    0.000000    0.000000
  -3.27909   45.084202    9.876110    0.655709    9.220401    3.488005    0.000000    0.000000    0.000000    0.000000    0.000000    0.000000
  -3.27309   45.188820    9.916179    0.654469    9.261710    3.514847    0.000000    0.000000    0.000000    0.000000    0.000000    0.000000
  -3.26709   45.317799    9.956148    0.653801    9.302346    3.542279    0.000000    0.000000    0.000000    0.000000    0.000000    0.000000
  -3.26109   45.458517    9.994234    0.653839    9.340395    3.569859    0.000000    0.000000    0.000000    0.000000    0.000000    0.000000
  -3.25509   45.596585   10.028130    0.654656    9.373474    3.597013    0.000000    0.000000    0.000000    0.000000    0.000000    0.000000
  -3.24908   45.716642   10.055180    0.656265    9.398915    3.623076    0.000000    0.000000    0.000000    0.000000    0.000000    0.000000
  -3.24308   45.803349   10.072597    0.658611    9.413986    3.647350    0.000000    0.000000    0.000000    0.000000    0.000000    0.000000
  -3.23708   45.842495   10.077718    0.661587    9.416130    3.669174    0.000000    0.000000    0.000000    0.000000    0.000000    0.000000
  -3.23108   45.822083   10.068241    0.665041    9.403200    3.687987    0.000000    0.000000    0.000000    0.000000    0.000000    0.000000
  -3.22508   45.733273   10.042460    0.668793    9.373667    3.703380    0.000000    0.000000    0.000000    0.000000    0.000000    0.000000
  -3.21907   45.571059    9.999435    0.672653    9.326782    3.715127    0.000000    0.000000    0.000000    0.000000    0.000000    0.000000
  -3.21307   45.334615    9.939101    0.676438    9.262663    3.723199    0.000000    0.000000    0.000000    0.000000    0.000000    0.000000
  -3.20707   45.027253    9.862302    0.679980    9.182322    3.727746    0.000000    0.000000    0.000000    0.000000    0.000000    0.000000
  -3.20107   44.656025    9.770749    0.683145    9.087605    3.729062    0.000000    0.000000    0.000000    0.000000    0.000000    0.000000
  -3.19507   44.231025    9.666896    0.685833    8.981064    3.727540    0.000000    0.000000    0.000000    0.000000    0.000000    0.000000
  -3.18906   43.764491    9.553772    0.687987    8.865785    3.723616    0.000000    0.000000    0.000000    0.000000    0.000000    0.000000
  -3.18306   43.269838    9.434771    0.689594    8.745176    3.717728    0.000000    0.000000    0.000000    0.000000    0.000000    0.000000
  -3.17706   42.760724    9.313432    0.690686    8.622746    3.710279    0.000000    0.000000    0.000000    0.000000    0.000000    0.000000
  -3.17106   42.250261    9.193229    0.691334    8.501895    3.701622    0.000000    0.000000    0.000000    0.000000    0.000000    0.000000
  -3.16506   41.750419    9.077381    0.691649    8.385732    3.692058    0.000000    0.000000    0.000000    0.000000    0.000000    0.000000
  -3.15905   41.271653    8.968709    0.691769    8.276940    3.681859    0.000000    0.000000    0.000000    0.000000    0.000000    0.000000
  -3.15305   40.822737    8.869527    0.691857    8.177670    3.671284    0.000000    0.000000    0.000000    0.000000    0.000000    0.000000
  -3.14705   40.410746    8.781587    0.692084    8.089503    3.660616    0.000000    0.000000    0.000000    0.000000    0.000000    0.000000
  -3.14105   40.041145    8.706055    0.692618    8.013437    3.650181    0.000000    0.000000    0.000000    0.000000    0.000000    0.000000
  -3.13505   39.717921    8.643536    0.693616    7.949920    3.640368    0.000000    0.000000    0.000000    0.000000    0.000000    0.000000
  -3.12904   39.443713    8.594118    0.695209    7.898909    3.631639    0.000000    0.000000    0.000000    0.000000    0.000000    0.000000
  -3.12304   39.219928    8.557450    0.697499    7.859951    3.624522    0.000000    0.000000    0.000000    0.000000    0.000000    0.000000
  -3.11704   39.046824    8.532837    0.700554    7.832283    3.619600    0.000000    0.000000    0.000000    0.000000    0.000000    0.000000
  -3.11104   38.923596    8.519341    0.704409    7.814932    3.617490    0.000000    0.000000    0.000000    0.000000    0.000000    0.000000
  -3.10504   38.848454    8.515899    0.709071    7.806827    3.618822    0.000000    0.000000    0.000000    0.000000    0.000000    0.000000
  -3.09903   38.818729    8.521418    0.714529    7.806888    3.624201    0.000000    0.000000    0.000000    0.000000    0.000000    0.000000
  -3.09303   38.830985    8.534865    0.720758    7.814107    3.634177    0.000000    0.000000    0.000000    0.000000    0.000000    0.000000
  -3.08703   38.881155    8.555323    0.727726    7.827597    3.649206    0.000000    0.000000    0.000000    0.000000    0.000000    0.000000
  -3.08103   38.964657    8.582011    0.735400    7.846610    3.669610    0.000000    0.000000    0.000000    0.000000    0.000000    0.000000
  -3.07503   39.076495    8.614262    0.743742    7.870521    3.695541    0.000000    0.000000    0.000000    0.000000    0.000000    0.000000
  -3.06902   39.211309    8.651479    0.752705    7.898774    3.726938    0.000000    0.000000    0.000000    0.000000    0.000000    0.000000
  -3.06302   39.363401    8.693047    0.762231    7.930815    3.763507    0.000000    0.000000    0.000000    0.000000    0.000000    0.000000
  -3.05702   39.526729    8.738251    0.772240    7.966011    3.804708    0.000000    0.000000    0.000000    0.000000    0.000000    0.000000
  -3.05102   39.694912    8.786201    0.782625    8.003575    3.849761    0.000000    0.000000    0.000000    0.000000    0.000000    0.000000
  -3.04502   39.861277    8.835783    0.793259    8.042524    3.897681    0.000000    0.000000    0.000000    0.000000    0.000000    0.000000
  -3.03901   40.018978    8.885658    0.803991    8.081667    3.947335    0.000000    0.000000    0.000000    0.000000    0.000000    0.000000
  -3.03301   40.161203    8.934304    0.814666    8.119637    3.997518    0.000000    0.000000    0.000000    0.000000    0.000000    0.000000
  -3.02701   40.281471    8.980111    0.825140    8.154971    4.047043    0.000000    0.000000    0.000000    0.000000    0.000000    0.000000
  -3.02101   40.373986    9.021507    0.835294    8.186214    4.094839    0.000000    0.000000    0.000000    0.000000    0.000000    0.000000
  -3.01501   40.434018    9.057096    0.845059    8.212037    4.140036    0.000000    0.000000    0.000000    0.000000    0.000000    0.000000
  -3.00900   40.458237    9.085783    0.854426    8.231356    4.182028    0.000000    0.000000    0.000000    0.000000    0.000000    0.000000
  -3.00300   40.444962    9.106876    0.863456    8.243420    4.220512    0.000000    0.000000    0.000000    0.000000    0.000000    0.000000
  -2.99700   40.394270    9.120130    0.872271    8.247860    4.255486    0.000000    0.000000    0.000000    0.000000    0.000000    0.000000
  -2.99100   40.307957    9.125734    0.881047    8.244687    4.287214    0.000000    0.000000    0.000000    0.000000    0.000000    0.000000
  -2.98499   40.189341    9.124244    0.889992    8.234252    4.316162    0.000000    0.000000    0.000000    0.000000    0.000000    0.000000
  -2.97899   40.042950    9.116472    0.899314    8.217158    4.342905    0.000000    0.000000    0.000000    0.000000    0.000000    0.000000
  -2.97299   39.874131    9.103351    0.909197    8.194154    4.368036    0.000000    0.000000    0.000000    0.000000    0.000000    0.000000
  -2.96699   39.688658    9.085797    0.919769    8.166028    4.392069    0.000000    0.000000    0.000000    0.000000    0.000000    0.000000
  -2.96099   39.492372    9.064597    0.931083    8.133513    4.415372    0.000000    0.000000    0.000000    0.000000    0.000000    0.000000
  -2.95498   39.290915    9.040329    0.943109    8.097220    4.438124    0.000000    0.000000    0.000000    0.000000    0.000000    0.000000
  -2.94898   39.089578    9.013337    0.955729    8.057608    4.460306    0.000000    0.000000    0.000000    0.000000    0.000000    0.000000
  -2.94298   38.893251    8.983748    0.968756    8.014992    4.481732    0.000000    0.000000    0.000000    0.000000    0.000000    0.000000
  -2.93698   38.706484    8.951535    0.981950    7.969586    4.502113    0.000000    0.000000    0.000000    0.000000    0.000000    0.000000
  -2.93098   38.533584    8.916609    0.995052    7.921557    4.521134    0.000000    0.000000    0.000000    0.000000    0.000000    0.000000
  -2.92497   38.378740    8.878909    1.007810    7.871100    4.538553    0.000000    0.000000    0.000000    0.000000    0.000000    0.000000
  -2.91897   38.246110    8.838506    1.020010    7.818496    4.554284    0.000000    0.000000    0.000000    0.000000    0.000000    0.000000
  -2.91297   38.139834    8.795659    1.031496    7.764163    4.568466    0.000000    0.000000    0.000000    0.000000    0.000000    0.000000
  -2.90697   38.063964    8.750858    1.042178    7.708681    4.581498    0.000000    0.000000    0.000000    0.000000    0.000000    0.000000
  -2.90097   38.022294    8.704819    1.052035    7.652784    4.594039    0.000000    0.000000    0.000000    0.000000    0.000000    0.000000
  -2.89496   38.018104    8.658439    1.061106    7.597334    4.606963    0.000000    0.000000    0.000000    0.000000    0.000000    0.000000
  -2.88896   38.053867    8.612726    1.069464    7.543263    4.621280    0.000000    0.000000    0.000000    0.000000    0.000000    0.000000
  -2.88296   38.130947    8.568702    1.077201    7.491501    4.638032    0.000000    0.000000    0.000000    0.000000    0.000000    0.000000
  -2.87696   38.249356    8.527294    1.084398    7.442896    4.658171    0.000000    0.000000    0.000000    0.000000    0.000000    0.000000
  -2.87096   38.407632    8.489240    1.091109    7.398130    4.682443    0.000000    0.000000    0.000000    0.000000    0.000000    0.000000
  -2.86495   38.602865    8.454999    1.097348    7.357652    4.711295    0.000000    0.000000    0.000000    0.000000    0.000000    0.000000
  -2.85895   38.830922    8.424706    1.103082    7.321624    4.744809    0.000000    0.000000    0.000000    0.000000    0.000000    0.000000
  -2.85295   39.086847    8.398158    1.108246    7.289912    4.782687    0.000000    0.000000    0.000000    0.000000    0.000000    0.000000
  -2.84695   39.365415    8.374842    1.112754    7.262088    4.824273    0.000000    0.000000    0.000000    0.000000    0.000000    0.000000
  -2.84095   39.661766    8.354010    1.116519    7.237490    4.868624    0.000000    0.000000    0.000000    0.000000    0.000000    0.000000
  -2.83494   39.972018    8.334779    1.119485    7.215293    4.914610    0.000000    0.000000    0.000000    0.000000    0.000000    0.000000
  -2.82894   40.293776    8.316252    1.121641    7.194611    4.961032    0.000000    0.000000    0.000000    0.000000    0.000000    0.000000
  -2.82294   40.626415    8.297644    1.123044    7.174600    5.006743    0.000000    0.000000    0.000000    0.000000    0.000000    0.000000
  -2.81694   40.971091    8.278393    1.123826    7.154567    5.050754    0.000000    0.000000    0.000000    0.000000    0.000000    0.000000
  -2.81094   41.330447    8.258236    1.124194    7.134043    5.092314    0.000000    0.000000    0.000000    0.000000    0.000000    0.000000
  -2.80493   41.708045    8.237265    1.124423    7.112842    5.130969    0.000000    0.000000    0.000000    0.000000    0.000000    0.000000
  -2.79893   42.107596    8.215926    1.124841    7.091085    5.166572    0.000000    0.000000    0.000000    0.000000    0.000000    0.000000
  -2.79293   42.532123    8.194988    1.125804    7.069184    5.199278    0.000000    0.000000    0.000000    0.000000    0.000000    0.000000
  -2.78693   42.983164    8.175486    1.127674    7.047812    5.229512    0.000000    0.000000    0.000000    0.000000    0.000000    0.000000
  -2.78093   43.460180    8.158639    1.130798    7.027840    5.257923    0.000000    0.000000    0.000000    0.000000    0.000000    0.000000
  -2.77492   43.960226    8.145762    1.135484    7.010278    5.285328    0.000000    0.000000    0.000000    0.000000    0.000000    0.000000
  -2.76892   44.477969    8.138182    1.141982    6.996199    5.312663    0.000000    0.000000    0.000000    0.000000    0.000000    0.000000
  -2.76292   45.006026    8.137151    1.150476    6.986674    5.340916    0.000000    0.000000    0.000000    0.000000    0.000000    0.000000
  -2.75692   45.535565    8.143774    1.161071    6.982703    5.371084    0.000000    0.000000    0.000000    0.000000    0.000000    0.000000
  -2.75092   46.057079    8.158940    1.173790    6.985149    5.404107    0.000000    0.000000    0.000000    0.000000    0.000000    0.000000
  -2.74491   46.561191    8.183252    1.188580    6.994672    5.440819    0.000000    0.000000    0.000000    0.000000    0.000000    0.000000
  -2.73891   47.039395    8.216972    1.205315    7.011657    5.481887    0.000000    0.000000    0.000000    0.000000    0.000000    0.000000
  -2.73291   47.484616    8.259960    1.223807    7.036152    5.527771    0.000000    0.000000    0.000000    0.000000    0.000000    0.000000
  -2.72691   47.891527    8.311636    1.243831    7.067805    5.578682    0.000000    0.000000    0.000000    0.000000    0.000000    0.000000
  -2.72091   48.256622    8.370962    1.265139    7.105822    5.634574    0.000000    0.000000    0.000000    0.000000    0.000000    0.000000
  -2.71490   48.578042    8.436446    1.287497    7.148950    5.695158    0.000000    0.000000    0.000000    0.000000    0.000000    0.000000
  -2.70890   48.855234    8.506205    1.310709    7.195496    5.759953    0.000000    0.000000    0.000000    0.000000    0.000000    0.000000
  -2.70290   49.088503    8.578052    1.334655    7.243397    5.828363    0.000000    0.000000    0.000000    0.000000    0.000000    0.000000
  -2.69690   49.278557    8.649631    1.359314    7.290318    5.899789    0.000000    0.000000    0.000000    0.000000    0.000000    0.000000
  -2.69090   49.426112    8.718588    1.384789    7.333799    5.973734    0.000000    0.000000    0.000000    0.000000    0.000000    0.000000
  -2.68489   49.531609    8.782736    1.411317    7.371419    6.049920    0.000000    0.000000    0.000000    0.000000    0.000000    0.000000
  -2.67889   49.595096    8.840230    1.439261    7.400968    6.128362    0.000000    0.000000    0.000000    0.000000    0.000000    0.000000
  -2.67289   49.616254    8.889690    1.469091    7.420599    6.209400    0.000000    0.000000    0.000000    0.000000    0.000000    0.000000
  -2.66689   49.594572    8.930294    1.501340    7.428955    6.293670    0.000000    0.000000    0.000000    0.000000    0.000000    0.000000
  -2.66089   49.529621    8.961796    1.536548    7.425248    6.382023    0.000000    0.000000    0.000000    0.000000    0.000000    0.000000
  -2.65488   49.421385    8.984492    1.575200    7.409293    6.475378    0.000000    0.000000    0.000000    0.000000    0.000000    0.000000
  -2.64888   49.270615    8.999136    1.617649    7.381487    6.574551    0.000000    0.000000    0.000000    0.000000    0.000000    0.000000
  -2.64288   49.079154    9.006821    1.664057    7.342764    6.680080    0.000000    0.000000    0.000000    0.000000    0.000000    0.000000
  -2.63688   48.850216    9.008856    1.714340    7.294517    6.792061    0.000000    0.000000    0.000000    0.000000    0.000000    0.000000
  -2.63088   48.588582    9.006652    1.768140    7.238512    6.910051    0.000000    0.000000    0.000000    0.000000    0.000000    0.000000
  -2.62487   48.300703    9.001631    1.824825    7.176805    7.033031    0.000000    0.000000    0.000000    0.000000    0.000000    0.000000
  -2.61887   47.994701    8.995178    1.883518    7.111660    7.159455    0.000000    0.000000    0.000000    0.000000    0.000000    0.000000
  -2.61287   47.680233    8.988624    1.943152    7.045472    7.287368    0.000000    0.000000    0.000000    0.000000    0.000000    0.000000
  -2.60687   47.368225    8.983236    2.002548    6.980688    7.414587    0.000000    0.000000    0.000000    0.000000    0.000000    0.000000
  -2.60087   47.070447    8.980232    2.060511    6.919721    7.538911    0.000000    0.000000    0.000000    0.000000    0.000000    0.000000
  -2.59486   46.798947    8.980758    2.115920    6.864838    7.658331    0.000000    0.000000    0.000000    0.000000    0.000000    0.000000
  -2.58886   46.565347    8.985857    2.167814    6.818043    7.771209    0.000000    0.000000    0.000000    0.000000    0.000000    0.000000
  -2.58286   46.380051    8.996391    2.215458    6.780932    7.876405    0.000000    0.000000    0.000000    0.000000    0.000000    0.000000
  -2.57686   46.251413    9.012943    2.258380    6.754563    7.973337    0.000000    0.000000    0.000000    0.000000    0.000000    0.000000
  -2.57086   46.184969    9.035703    2.296378    6.739326    8.061965    0.000000    0.000000    0.000000    0.000000    0.000000    0.000000
  -2.56485   46.182809    9.064365    2.329496    6.734869    8.142717    0.000000    0.000000    0.000000    0.000000    0.000000    0.000000
  -2.55885   46.243184    9.098045    2.357978    6.740067    8.216354    0.000000    0.000000    0.000000    0.000000    0.000000    0.000000
  -2.55285   46.360432    9.135269    2.382199    6.753070    8.283823    0.000000    0.000000    0.000000    0.000000    0.000000    0.000000
  -2.54685   46.525245    9.174006    2.402593    6.771414    8.346087    0.000000    0.000000    0.000000    0.000000    0.000000    0.000000
  -2.54085   46.725301    9.211784    2.419577    6.792207    8.403984    0.000000    0.000000    0.000000    0.000000    0.000000    0.000000
  -2.53484   46.946181    9.245858    2.433502    6.812356    8.458114    0.000000    0.000000    0.000000    0.000000    0.000000    0.000000
  -2.52884   47.172497    9.273421    2.444604    6.828816    8.508766    0.000000    0.000000    0.000000    0.000000    0.000000    0.000000
  -2.52284   47.389093    9.291830    2.453001    6.838829    8.555902    0.000000    0.000000    0.000000    0.000000    0.000000    0.000000
  -2.51684   47.582170    9.298823    2.458698    6.840125    8.599180    0.000000    0.000000    0.000000    0.000000    0.000000    0.000000
  -2.51084   47.740215    9.292682    2.461615    6.831067    8.638017    0.000000    0.000000    0.000000    0.000000    0.000000    0.000000
  -2.50483   47.854613    9.272353    2.461638    6.810715    8.671685    0.000000    0.000000    0.000000    0.000000    0.000000    0.000000
  -2.49883   47.919896    9.237481    2.458661    6.778819    8.699416    0.000000    0.000000    0.000000    0.000000    0.000000    0.000000
  -2.49283   47.933631    9.188382    2.452636    6.735746    8.720511    0.000000    0.000000    0.000000    0.000000    0.000000    0.000000
  -2.48683   47.896000    9.125955    2.443601    6.682353    8.734438    0.000000    0.000000    0.000000    0.000000    0.000000    0.000000
  -2.48083   47.809185    9.051544    2.431705    6.619839    8.740912    0.000000    0.000000    0.000000    0.000000    0.000000    0.000000
  -2.47482   47.676679    8.966799    2.417202    6.549597    8.739960    0.000000    0.000000    0.000000    0.000000    0.000000    0.000000
  -2.46882   47.502661    8.873522    2.400441    6.473081    8.731948    0.000000    0.000000    0.000000    0.000000    0.000000    0.000000
  -2.46282   47.291536    8.773555    2.381836    6.391719    8.717599    0.000000    0.000000    0.000000    0.000000    0.000000    0.000000
  -2.45682   47.047714    8.668688    2.361835    6.306853    8.697985    0.000000    0.000000    0.000000    0.000000    0.000000    0.000000
  -2.45082   46.775623    8.560617    2.340889    6.219728    8.674507    0.000000    0.000000    0.000000    0.000000    0.000000    0.000000
  -2.44481   46.479932    8.450929    2.319422    6.131507    8.648856    0.000000    0.000000    0.000000    0.000000    0.000000    0.000000
  -2.43881   46.165890    8.341107    2.297814    6.043293    8.622965    0.000000    0.000000    0.000000    0.000000    0.000000    0.000000
  -2.43281   45.839669    8.232551    2.276391    5.956160    8.598945    0.000000    0.000000    0.000000    0.000000    0.000000    0.000000
  -2.42681   45.508608    8.126586    2.255428    5.871158    8.579002    0.000000    0.000000    0.000000    0.000000    0.000000    0.000000
  -2.42081   45.181261    8.024452    2.235149    5.789304    8.565338    0.000000    0.000000    0.000000    0.000000    0.000000    0.000000
  -2.41480   44.867199    7.927276    2.215734    5.711542    8.560025    0.000000    0.000000    0.000000    0.000000    0.000000    0.000000
  -2.40880   44.576555    7.836020    2.197328    5.638693    8.564875    0.000000    0.000000    0.000000    0.000000    0.000000    0.000000
  -2.40280   44.319363    7.751418    2.180034    5.571385    8.581301    0.000000    0.000000    0.000000    0.000000    0.000000    0.000000
  -2.39680   44.104782    7.673907    2.163913    5.509994    8.610187    0.000000    0.000000    0.000000    0.000000    0.000000    0.000000
  -2.39080   43.940304    7.603579    2.148975    5.454603    8.651796    0.000000    0.000000    0.000000    0.000000    0.000000    0.000000
  -2.38479   43.831075    7.540152    2.135171    5.404982    8.705719    0.000000    0.000000    0.000000    0.000000    0.000000    0.000000
  -2.37879   43.779440    7.482990    2.122385    5.360605    8.770889    0.000000    0.000000    0.000000    0.000000    0.000000    0.000000
  -2.37279   43.784769    7.431153    2.110445    5.320708    8.845673    0.000000    0.000000    0.000000    0.000000    0.000000    0.000000
  -2.36679   43.843599    7.383495    2.099129    5.284367    8.928024    0.000000    0.000000    0.000000    0.000000    0.000000    0.000000
  -2.36079   43.950065    7.338798    2.088197    5.250601    9.015692    0.000000    0.000000    0.000000    0.000000    0.000000    0.000000
  -2.35478   44.096545    7.295910    2.077424    5.218486    9.106460    0.000000    0.000000    0.000000    0.000000    0.000000    0.000000
  -2.34878   44.274410    7.253888    2.066638    5.187250    9.198375    0.000000    0.000000    0.000000    0.000000    0.000000    0.000000
  -2.34278   44.474764    7.212118    2.055763    5.156355    9.289931    0.000000    0.000000    0.000000    0.000000    0.000000    0.000000
  -2.33678   44.689055    7.170387    2.044842    5.125545    9.380183    0.000000    0.000000    0.000000    0.000000    0.000000    0.000000
  -2.33078   44.909473    7.128905    2.034055    5.094849    9.468762    0.000000    0.000000    0.000000    0.000000    0.000000    0.000000
  -2.32477   45.129104    7.088265    2.023713    5.064552    9.555795    0.000000    0.000000    0.000000    0.000000    0.000000    0.000000
  -2.31877   45.341845    7.049350    2.014227    5.035123    9.641738    0.000000    0.000000    0.000000    0.000000    0.000000    0.000000
  -2.31277   45.542167    7.013202    2.006070    5.007132    9.727147    0.000000    0.000000    0.000000    0.000000    0.000000    0.000000
  -2.30677   45.724813    6.980875    1.999722    4.981153    9.812451    0.000000    0.000000    0.000000    0.000000    0.000000    0.000000
  -2.30077   45.884567    6.953288    1.995614    4.957675    9.897749    0.000000    0.000000    0.000000    0.000000    0.000000    0.000000
  -2.29476   46.016191    6.931122    1.994086    4.937036    9.982689    0.000000    0.000000    0.000000    0.000000    0.000000    0.000000
  -2.28876   46.114612    6.914756    1.995359    4.919397   10.066457    0.000000    0.000000    0.000000    0.000000    0.000000    0.000000
  -2.28276   46.175355    6.904265    1.999528    4.904736   10.147883    0.000000    0.000000    0.000000    0.000000    0.000000    0.000000
  -2.27676   46.195196    6.899470    2.006580    4.892890   10.225650    0.000000    0.000000    0.000000    0.000000    0.000000    0.000000
  -2.27076   46.172894    6.900027    2.016427    4.883601   10.298574    0.000000    0.000000    0.000000    0.000000    0.000000    0.000000
  -2.26475   46.109876    6.905527    2.028946    4.876581   10.365906    0.000000    0.000000    0.000000    0.000000    0.000000    0.000000
  -2.25875   46.010703    6.915583    2.044022    4.871560   10.427590    0.000000    0.000000    0.000000    0.000000    0.000000    0.000000
  -2.25275   45.883175    6.929885    2.061570    4.868315   10.484437    0.000000    0.000000    0.000000    0.000000    0.000000    0.000000
  -2.24675   45.738006    6.948203    2.081540    4.866663   10.538162    0.000000    0.000000    0.000000    0.000000    0.000000    0.000000
  -2.24075   45.588042    6.970325    2.103896    4.866429   10.591273    0.000000    0.000000    0.000000    0.000000    0.000000    0.000000
  -2.23474   45.447094    6.995963    2.128576    4.867387   10.646829    0.000000    0.000000    0.000000    0.000000    0.000000    0.000000
  -2.22874   45.328543    7.024630    2.155439    4.869191   10.708085    0.000000    0.000000    0.000000    0.000000    0.000000    0.000000
  -2.22274   45.243905    7.055522    2.184207    4.871315   10.778089    0.000000    0.000000    0.000000    0.000000    0.000000    0.000000
  -2.21674   45.201559    7.087445    2.214429    4.873016   10.859302    0.000000    0.000000    0.000000    0.000000    0.000000    0.000000
  -2.21074   45.205850    7.118796    2.245458    4.873338   10.953280    0.000000    0.000000    0.000000    0.000000    0.000000    0.000000
  -2.20473   45.256691    7.147632    2.276474    4.871159   11.060492    0.000000    0.000000    0.000000    0.000000    0.000000    0.000000
  -2.19873   45.349724    7.171816    2.306531    4.865285   11.180290    0.000000    0.000000    0.000000    0.000000    0.000000    0.000000
  -2.19273   45.477030    7.189220    2.334645    4.854575   11.311041    0.000000    0.000000    0.000000    0.000000    0.000000    0.000000
  -2.18673   45.628260    7.197980    2.359891    4.838089   11.450397    0.000000    0.000000    0.000000    0.000000    0.000000    0.000000
  -2.18073   45.792030    7.196743    2.381516    4.815227   11.595659    0.000000    0.000000    0.000000    0.000000    0.000000    0.000000
  -2.17472   45.957383    7.184889    2.399041    4.785848   11.744198    0.000000    0.000000    0.000000    0.000000    0.000000    0.000000
  -2.16872   46.115106    7.162680    2.412338    4.750342   11.893853    0.000000    0.000000    0.000000    0.000000    0.000000    0.000000
  -2.16272   46.258767    7.131324    2.421671    4.709654   12.043272    0.000000    0.000000    0.000000    0.000000    0.000000    0.000000
  -2.15672   46.385331    7.092939    2.427704    4.665234   12.192147    0.000000    0.000000    0.000000    0.000000    0.000000    0.000000
  -2.15072   46.495341    7.050408    2.431465    4.618943   12.341326    0.000000    0.000000    0.000000    0.000000    0.000000    0.000000
  -2.14471   46.592668    7.007165    2.434267    4.572898   12.492785    0.000000    0.000000    0.000000    0.000000    0.000000    0.000000
  -2.13871   46.683909    6.966907    2.437618    4.529289   12.649484    0.000000    0.000000    0.000000    0.000000    0.000000    0.000000
  -2.13271   46.777543    6.933285    2.443097    4.490188   12.815109    0.000000    0.000000    0.000000    0.000000    0.000000    0.000000
  -2.12671   46.882952    6.909595    2.452241    4.457353   12.993741    0.000000    0.000000    0.000000    0.000000    0.000000    0.000000
  -2.12071   47.009426    6.898505    2.466429    4.432076   13.189479    0.000000    0.000000    0.000000    0.000000    0.000000    0.000000
  -2.11470   47.165248    6.901841    2.486786    4.415056   13.406054    0.000000    0.000000    0.000000    0.000000    0.000000    0.000000
  -2.10870   47.356918    6.920452    2.514109    4.406343   13.646460    0.000000    0.000000    0.000000    0.000000    0.000000    0.000000
  -2.10270   47.588572    6.954164    2.548827    4.405336   13.912649    0.000000    0.000000    0.000000    0.000000    0.000000    0.000000
  -2.09670   47.861598    7.001823    2.590981    4.410842   14.205288    0.000000    0.000000    0.000000    0.000000    0.000000    0.000000
  -2.09070   48.174481    7.061422    2.640239    4.421183   14.523638    0.000000    0.000000    0.000000    0.000000    0.000000    0.000000
  -2.08469   48.522846    7.130291    2.695934    4.434357   14.865529    0.000000    0.000000    0.000000    0.000000    0.000000    0.000000
  -2.07869   48.899694    7.205334    2.757127    4.448207   15.227470    0.000000    0.000000    0.000000    0.000000    0.000000    0.000000
  -2.07269   49.295825    7.283289    2.822682    4.460607   15.604869    0.000000    0.000000    0.000000    0.000000    0.000000    0.000000
  -2.06669   49.700398    7.360983    2.891351    4.469632   15.992351    0.000000    0.000000    0.000000    0.000000    0.000000    0.000000
  -2.06069   50.101608    7.435561    2.961865    4.473696   16.384155    0.000000    0.000000    0.000000    0.000000    0.000000    0.000000
  -2.05468   50.487440    7.504674    3.033019    4.471655   16.774566    0.000000    0.000000    0.000000    0.000000    0.000000    0.000000
  -2.04868   50.846444    7.566609    3.103750    4.462858   17.158357    0.000000    0.000000    0.000000    0.000000    0.000000    0.000000
  -2.04268   51.168479    7.620356    3.173205    4.447150   17.531185    0.000000    0.000000    0.000000    0.000000    0.000000    0.000000
  -2.03668   51.445388    7.665624    3.240791    4.424834   17.889921    0.000000    0.000000    0.000000    0.000000    0.000000    0.000000
  -2.03068   51.671541    7.702801    3.306208    4.396593   18.232889    0.000000    0.000000    0.000000    0.000000    0.000000    0.000000
  -2.02467   51.844224    7.732876    3.369473    4.363403   18.559978    0.000000    0.000000    0.000000    0.000000    0.000000    0.000000
  -2.01867   51.963840    7.757337    3.430912    4.326425   18.872647    0.000000    0.000000    0.000000    0.000000    0.000000    0.000000
  -2.01267   52.033913    7.778059    3.491151    4.286908   19.173802    0.000000    0.000000    0.000000    0.000000    0.000000    0.000000
  -2.00667   52.060899    7.797179    3.551072    4.246107   19.467571    0.000000    0.000000    0.000000    0.000000    0.000000    0.000000
  -2.00067   52.053801    7.816980    3.611766    4.205214   19.758987    0.000000    0.000000    0.000000    0.000000    0.000000    0.000000
  -1.99466   52.023618    7.839768    3.674453    4.165315   20.053608    0.000000    0.000000    0.000000    0.000000    0.000000    0.000000
  -1.98866   51.982662    7.867753    3.740401    4.127352   20.357086    0.000000    0.000000    0.000000    0.000000    0.000000    0.000000
  -1.98266   51.943764    7.902930    3.810819    4.092111   20.674738    0.000000    0.000000    0.000000    0.000000    0.000000    0.000000
  -1.97666   51.919449    7.946958    3.886756    4.060202   21.011126    0.000000    0.000000    0.000000    0.000000    0.000000    0.000000
  -1.97066   51.921116    8.001048    3.969001    4.032047   21.369700    0.000000    0.000000    0.000000    0.000000    0.000000    0.000000
  -1.96465   51.958313    8.065873    4.058002    4.007871   21.752515    0.000000    0.000000    0.000000    0.000000    0.000000    0.000000
  -1.95865   52.038157    8.141496    4.153812    3.987685   22.160075    0.000000    0.000000    0.000000    0.000000    0.000000    0.000000
  -1.95265   52.164968    8.227357    4.256080    3.971277   22.591295    0.000000    0.000000    0.000000    0.000000    0.000000    0.000000
  -1.94665   52.340155    8.322301    4.364082    3.958218   23.043608    0.000000    0.000000    0.000000    0.000000    0.000000    0.000000
  -1.94065   52.562354    8.424669    4.476801    3.947869   23.513191    0.000000    0.000000    0.000000    0.000000    0.000000    0.000000
  -1.93464   52.827813    8.532449    4.593036    3.939412   23.995303    0.000000    0.000000    0.000000    0.000000    0.000000    0.000000
  -1.92864   53.130961    8.643453    4.711549    3.931905   24.484689    0.000000    0.000000    0.000000    0.000000    0.000000    0.000000
  -1.92264   53.465089    8.755534    4.831200    3.924334   24.976006    0.000000    0.000000    0.000000    0.000000    0.000000    0.000000
  -1.91664   53.823057    8.866785    4.951090    3.915695   25.464234    0.000000    0.000000    0.000000    0.000000    0.000000    0.000000
  -1.91064   54.197948    8.975725    5.070663    3.905061   25.945039    0.000000    0.000000    0.000000    0.000000    0.000000    0.000000
  -1.90463   54.583588    9.081437    5.189777    3.891660   26.415047    0.000000    0.000000    0.000000    0.000000    0.000000    0.000000
  -1.89863   54.974903    9.183652    5.308728    3.874925   26.872030    0.000000    0.000000    0.000000    0.000000    0.000000    0.000000
  -1.89263   55.368078    9.282773    5.428237    3.854536   27.314987    0.000000    0.000000    0.000000    0.000000    0.000000    0.000000
  -1.88663   55.760554    9.379841    5.549400    3.830441   27.744139    0.000000    0.000000    0.000000    0.000000    0.000000    0.000000
  -1.88063   56.150869    9.476457    5.673606    3.802851   28.160843    0.000000    0.000000    0.000000    0.000000    0.000000    0.000000
  -1.87462   56.538410    9.574658    5.802438    3.772219   28.567436    0.000000    0.000000    0.000000    0.000000    0.000000    0.000000
  -1.86862   56.923110    9.676769    5.937564    3.739205   28.967026    0.000000    0.000000    0.000000    0.000000    0.000000    0.000000
  -1.86262   57.305135    9.785239    6.080610    3.704629   29.363230    0.000000    0.000000    0.000000    0.000000    0.000000    0.000000
  -1.85662   57.684595    9.902455    6.233036    3.669420   29.759876    0.000000    0.000000    0.000000    0.000000    0.000000    0.000000
  -1.85062   58.061305   10.030561    6.396000    3.634561   30.160682    0.000000    0.000000    0.000000    0.000000    0.000000    0.000000
  -1.84461   58.434593   10.171269    6.570226    3.601043   30.568916    0.000000    0.000000    0.000000    0.000000    0.000000    0.000000
  -1.83861   58.803175   10.325690    6.755879    3.569811   30.987066    0.000000    0.000000    0.000000    0.000000    0.000000    0.000000
  -1.83261   59.165079   10.494185    6.952453    3.541732   31.416553    0.000000    0.000000    0.000000    0.000000    0.000000    0.000000
  -1.82661   59.517622   10.676251    7.158697    3.517554   31.857488    0.000000    0.000000    0.000000    0.000000    0.000000    0.000000
  -1.82061   59.857438   10.870469    7.372585    3.497883   32.308533    0.000000    0.000000    0.000000    0.000000    0.000000    0.000000
  -1.81460   60.180536   11.074506    7.591344    3.483162   32.766850    0.000000    0.000000    0.000000    0.000000    0.000000    0.000000
  -1.80860   60.482400   11.285205    7.811545    3.473660   33.228169    0.000000    0.000000    0.000000    0.000000    0.000000    0.000000
  -1.80260   60.758124   11.498739    8.029268    3.469471   33.686961    0.000000    0.000000    0.000000    0.000000    0.000000    0.000000
  -1.79660   61.002572   11.710833    8.240317    3.470516   34.136700    0.000000    0.000000    0.000000    0.000000    0.000000    0.000000
  -1.79060   61.210554   11.917036    8.440477    3.476559   34.570189    0.000000    0.000000    0.000000    0.000000    0.000000    0.000000
  -1.78459   61.377022   12.113012    8.625789    3.487224   34.979918    0.000000    0.000000    0.000000    0.000000    0.000000    0.000000
  -1.77859   61.497258   12.294832    8.792807    3.502024   35.358415    0.000000    0.000000    0.000000    0.000000    0.000000    0.000000
  -1.77259   61.567028   12.459217    8.938827    3.520390   35.698562    0.000000    0.000000    0.000000    0.000000    0.000000    0.000000
  -1.76659   61.582708   12.603733    9.062033    3.541699   35.993836    0.000000    0.000000    0.000000    0.000000    0.000000    0.000000
  -1.76059   61.541335   12.726889    9.161586    3.565303   36.238478    0.000000    0.000000    0.000000    0.000000    0.000000    0.000000
  -1.75458   61.440585   12.828151    9.237598    3.590553   36.427563    0.000000    0.000000    0.000000    0.000000    0.000000    0.000000
  -1.74858   61.278675   12.907859    9.291045    3.616814   36.556997    0.000000    0.000000    0.000000    0.000000    0.000000    0.000000
  -1.74258   61.054201   12.967073    9.323591    3.643482   36.623445    0.000000    0.000000    0.000000    0.000000    0.000000    0.000000
  -1.73658   60.765930   13.007354    9.337373    3.669981   36.624228    0.000000    0.000000    0.000000    0.000000    0.000000    0.000000
  -1.73058   60.412594   13.030524    9.334756    3.695768   36.557227    0.000000    0.000000    0.000000    0.000000    0.000000    0.000000
  -1.72457   59.992712   13.038434    9.318109    3.720325   36.420798    0.000000    0.000000    0.000000    0.000000    0.000000    0.000000
  -1.71857   59.504482   13.032762    9.289602    3.743160   36.213758    0.000000    0.000000    0.000000    0.000000    0.000000    0.000000
  -1.71257   58.945764   13.014871    9.251076    3.763795   35.935420    0.000000    0.000000    0.000000    0.000000    0.000000    0.000000
  -1.70657   58.314165   12.985740    9.203969    3.781772   35.585693    0.000000    0.000000    0.000000    0.000000    0.000000    0.000000
  -1.70057   57.607210   12.945966    9.149320    3.796645   35.165212    0.000000    0.000000    0.000000    0.000000    0.000000    0.000000
  -1.69456   56.822578   12.895833    9.087845    3.807987   34.675489    0.000000    0.000000    0.000000    0.000000    0.000000    0.000000
  -1.68856   55.958362   12.835426    9.020042    3.815383   34.119029    0.000000    0.000000    0.000000    0.000000    0.000000    0.000000
  -1.68256   55.013322   12.764766    8.946333    3.818432   33.499388    0.000000    0.000000    0.000000    0.000000    0.000000    0.000000
  -1.67656   53.987102   12.683941    8.867202    3.816739   32.821164    0.000000    0.000000    0.000000    0.000000    0.000000    0.000000
  -1.67056   52.880392   12.593216    8.783306    3.809910   32.089890    0.000000    0.000000    0.000000    0.000000    0.000000    0.000000
  -1.66455   51.695043   12.493095    8.695554    3.797541   31.311861    0.000000    0.000000    0.000000    0.000000    0.000000    0.000000
  -1.65855   50.434144   12.384351    8.605134    3.779217   30.493911    0.000000    0.000000    0.000000    0.000000    0.000000    0.000000
  -1.65255   49.102098   12.268004    8.513497    3.754508   29.643184    0.000000    0.000000    0.000000    0.000000    0.000000    0.000000
  -1.64655   47.704701   12.145280    8.422294    3.722986   28.766927    0.000000    0.000000    0.000000    0.000000    0.000000    0.000000
  -1.64055   46.249259   12.017551    8.333301    3.684250   27.872353    0.000000    0.000000    0.000000    0.000000    0.000000    0.000000
  -1.63454   44.744726   11.886286    8.248318    3.637968   26.966572    0.000000    0.000000    0.000000    0.000000    0.000000    0.000000
  -1.62854   43.201861   11.753009    8.169075    3.583934   26.056615    0.000000    0.000000    0.000000    0.000000    0.000000    0.000000
  -1.62254   41.633348   11.619289    8.097157    3.522132   25.149519    0.000000    0.000000    0.000000    0.000000    0.000000    0.000000
  -1.61654   40.053841   11.486744    8.033940    3.452804   24.252439    0.000000    0.000000    0.000000    0.000000    0.000000    0.000000
  -1.61054   38.479871   11.357055    7.980543    3.376511   23.372749    0.000000    0.000000    0.000000    0.000000    0.000000    0.000000
  -1.60453   36.929572   11.231974    7.937803    3.294171   22.518079    0.000000    0.000000    0.000000    0.000000    0.000000    0.000000
  -1.59853   35.422168   11.113306    7.906240    3.207067   21.696251    0.000000    0.000000    0.000000    0.000000    0.000000    0.000000
  -1.59253   33.977228   11.002837    7.886022    3.116815   20.915071    0.000000    0.000000    0.000000    0.000000    0.000000    0.000000
  -1.58653   32.613674   10.902209    7.876917    3.025292   20.181979    0.000000    0.000000    0.000000    0.000000    0.000000    0.000000
  -1.58053   31.348605   10.812727    7.878215    2.934512   19.503559    0.000000    0.000000    0.000000    0.000000    0.000000    0.000000
  -1.57452   30.196003   10.735109    7.888636    2.846474   18.884940    0.000000    0.000000    0.000000    0.000000    0.000000    0.000000
  -1.56852   29.165423   10.669207    7.906228    2.762980   18.329159    0.000000    0.000000    0.000000    0.000000    0.000000    0.000000
  -1.56252   28.260811   10.613725    7.928270    2.685455   17.836542    0.000000    0.000000    0.000000    0.000000    0.000000    0.000000
  -1.55652   27.479580   10.565987    7.951204    2.614783   17.404201    0.000000    0.000000    0.000000    0.000000    0.000000    0.000000
  -1.55052   26.812093   10.521808    7.970625    2.551183   17.025737    0.000000    0.000000    0.000000    0.000000    0.000000    0.000000
  -1.54451   26.241677   10.475499    7.981354    2.494145   16.691215    0.000000    0.000000    0.000000    0.000000    0.000000    0.000000
  -1.53851   25.745235   10.420054    7.977611    2.442443   16.387470    0.000000    0.000000    0.000000    0.000000    0.000000    0.000000
  -1.53251   25.294506   10.347522    7.953294    2.394228   16.098761    0.000000    0.000000    0.000000    0.000000    0.000000    0.000000
  -1.52651   24.857891   10.249553    7.902365    2.347188   15.807758    0.000000    0.000000    0.000000    0.000000    0.000000    0.000000
  -1.52051   24.402753   10.118077    7.819304    2.298773   15.496785    0.000000    0.000000    0.000000    0.000000    0.000000    0.000000
  -1.51450   23.897977    9.946053    7.699596    2.246457   15.149207    0.000000    0.000000    0.000000    0.000000    0.000000    0.000000
  -1.50850   23.316554    9.728196    7.540197    2.187998   14.750840    0.000000    0.000000    0.000000    0.000000    0.000000    0.000000
  -1.50250   22.637909    9.461598    7.339917    2.121681   14.291204    0.000000    0.000000    0.000000    0.000000    0.000000    0.000000
  -1.49650   21.849724    9.146154    7.099655    2.046499   13.764489    0.000000    0.000000    0.000000    0.000000    0.000000    0.000000
  -1.49050   20.949022    8.784726    6.822457    1.962268   13.170097    0.000000    0.000000    0.000000    0.000000    0.000000    0.000000
  -1.48449   19.942399    8.383009    6.513366    1.869643   12.512694    0.000000    0.000000    0.000000    0.000000    0.000000    0.000000
  -1.47849   18.845343    7.949111    6.179060    1.770051   11.801758    0.000000    0.000000    0.000000    0.000000    0.000000    0.000000
  -1.47249   17.680742    7.492876    5.827337    1.665539   11.050661    0.000000    0.000000    0.000000    0.000000    0.000000    0.000000
  -1.46649   16.476731    7.025049    5.466473    1.558576   10.275407    0.000000    0.000000    0.000000    0.000000    0.000000    0.000000
  -1.46049   15.264162    6.556367    5.104563    1.451804    9.493176    0.000000    0.000000    0.000000    0.000000    0.000000    0.000000
  -1.45448   14.073962    6.096704    4.748896    1.347807    8.720848    0.000000    0.000000    0.000000    0.000000    0.000000    0.000000
  -1.44848   12.934694    5.654365    4.405471    1.248894    7.973686    0.000000    0.000000    0.000000    0.000000    0.000000    0.000000
  -1.44248   11.870560    5.235611    4.078678    1.156934    7.264308    0.000000    0.000000    0.000000    0.000000    0.000000    0.000000
  -1.43648   10.900012    4.844456    3.771200    1.073256    6.602060    0.000000    0.000000    0.000000    0.000000    0.000000    0.000000
  -1.43048   10.035057    4.482724    3.484113    0.998611    5.992792    0.000000    0.000000    0.000000    0.000000    0.000000    0.000000
  -1.42447    9.281223    4.150355    3.217160    0.933195    5.439036    0.000000    0.000000    0.000000    0.000000    0.000000    0.000000
  -1.41847    8.638088    3.845847    2.969125    0.876722    4.940480    0.000000    0.000000    0.000000    0.000000    0.000000    0.000000
  -1.41247    8.100197    3.566784    2.738263    0.828521    4.494641    0.000000    0.000000    0.000000    0.000000    0.000000    0.000000
  -1.40647    7.658201    3.310346    2.522695    0.787651    4.097600    0.000000    0.000000    0.000000    0.000000    0.000000    0.000000
  -1.40047    7.300018    3.073729    2.320719    0.753010    3.744688    0.000000    0.000000    0.000000    0.000000    0.000000    0.000000
  -1.39446    7.011911    2.854432    2.131012    0.723421    3.431045    0.000000    0.000000    0.000000    0.000000    0.000000    0.000000
  -1.38846    6.779376    2.650406    1.952698    0.697707    3.151997    0.000000    0.000000    0.000000    0.000000    0.000000    0.000000
  -1.38246    6.587826    2.460052    1.785313    0.674739    2.903253    0.000000    0.000000    0.000000    0.000000    0.000000    0.000000
  -1.37646    6.423097    2.282139    1.628682    0.653457    2.680939    0.000000    0.000000    0.000000    0.000000    0.000000    0.000000
  -1.37046    6.271816    2.115656    1.482760    0.632896    2.481541    0.000000    0.000000    0.000000    0.000000    0.000000    0.000000
  -1.36445    6.121707    1.959664    1.347474    0.612191    2.301785    0.000000    0.000000    0.000000    0.000000    0.000000    0.000000
  -1.35845    5.961875    1.813187    1.222598    0.590589    2.138542    0.000000    0.000000    0.000000    0.000000    0.000000    0.000000
  -1.35245    5.783111    1.675156    1.107687    0.567470    1.988773    0.000000    0.000000    0.000000    0.000000    0.000000    0.000000
  -1.34645    5.578199    1.544420    1.002063    0.542357    1.849536    0.000000    0.000000    0.000000    0.000000    0.000000    0.000000
  -1.34045    5.342211    1.419811    0.904867    0.514944    1.718074    0.000000    0.000000    0.000000    0.000000    0.000000    0.000000
  -1.33444    5.072744    1.300248    0.815139    0.485110    1.591932    0.000000    0.000000    0.000000    0.000000    0.000000    0.000000
  -1.32844    4.770028    1.184850    0.731922    0.452928    1.469103    0.000000    0.000000    0.000000    0.000000    0.000000    0.000000
  -1.32244    4.436892    1.073027    0.654359    0.418669    1.348155    0.000000    0.000000    0.000000    0.000000    0.000000    0.000000
  -1.31644    4.078541    0.964545    0.581767    0.382778    1.228311    0.000000    0.000000    0.000000    0.000000    0.000000    0.000000
  -1.31044    3.702157    0.859538    0.513683    0.345855    1.109480    0.000000    0.000000    0.000000    0.000000    0.000000    0.000000
  -1.30443    3.316370    0.758476    0.449873    0.308603    0.992205    0.000000    0.000000    0.000000    0.000000    0.000000    0.000000
  -1.29843    2.930629    0.662094    0.390306    0.271788    0.877564    0.000000    0.000000    0.000000    0.000000    0.000000    0.000000
  -1.29243    2.554571    0.571289    0.335109    0.236181    0.767022    0.000000    0.000000    0.000000    0.000000    0.000000    0.000000
  -1.28643    2.197435    0.487014    0.284503    0.202510    0.662261    0.000000    0.000000    0.000000    0.000000    0.000000    0.000000
  -1.28043    1.867603    0.410170    0.238744    0.171426    0.565011    0.000000    0.000000    0.000000    0.000000    0.000000    0.000000
  -1.27442    1.572299    0.341528    0.198062    0.143466    0.476915    0.000000    0.000000    0.000000    0.000000    0.000000    0.000000
  -1.26842    1.317465    0.281675    0.162624    0.119051    0.399415    0.000000    0.000000    0.000000    0.000000    0.000000    0.000000
  -1.26242    1.107819    0.230987    0.132510    0.098477    0.333710    0.000000    0.000000    0.000000    0.000000    0.000000    0.000000
  -1.25642    0.947049    0.189641    0.107705    0.081936    0.280735    0.000000    0.000000    0.000000    0.000000    0.000000    0.000000
  -1.25042    0.838103    0.157648    0.088114    0.069534    0.241201    0.000000    0.000000    0.000000    0.000000    0.000000    0.000000
  -1.24441    0.783512    0.134900    0.073579    0.061321    0.215643    0.000000    0.000000    0.000000    0.000000    0.000000    0.000000
  -1.23841    0.785690    0.121223    0.063905    0.057318    0.204487    0.000000    0.000000    0.000000    0.000000    0.000000    0.000000
  -1.23241    0.847153    0.116428    0.058888    0.057540    0.208106    0.000000    0.000000    0.000000    0.000000    0.000000    0.000000
  -1.22641    0.970613    0.120347    0.058334    0.062012    0.226854    0.000000    0.000000    0.000000    0.000000    0.000000    0.000000
  -1.22041    1.158925    0.132853    0.062075    0.070778    0.261071    0.000000    0.000000    0.000000    0.000000    0.000000    0.000000
  -1.21440    1.414892    0.153864    0.069969    0.083895    0.311051    0.000000    0.000000    0.000000    0.000000    0.000000    0.000000
  -1.20840    1.740930    0.183327    0.081899    0.101428    0.376980    0.000000    0.000000    0.000000    0.000000    0.000000    0.000000
  -1.20240    2.138645    0.221181    0.097757    0.123425    0.458849    0.000000    0.000000    0.000000    0.000000    0.000000    0.000000
  -1.19640    2.608360    0.267323    0.117427    0.149896    0.556353    0.000000    0.000000    0.000000    0.000000    0.000000    0.000000
  -1.19040    3.148669    0.321558    0.140768    0.180791    0.668799    0.000000    0.000000    0.000000    0.000000    0.000000    0.000000
  -1.18439    3.756063    0.383560    0.167587    0.215973    0.795029    0.000000    0.000000    0.000000    0.000000    0.000000    0.000000
  -1.17839    4.424702    0.452836    0.197631    0.255205    0.933379    0.000000    0.000000    0.000000    0.000000    0.000000    0.000000
  -1.17239    5.146360    0.528708    0.230577    0.298132    1.081691    0.000000    0.000000    0.000000    0.000000    0.000000    0.000000
  -1.16639    5.910564    0.610308    0.266024    0.344284    1.237361    0.000000    0.000000    0.000000    0.000000    0.000000    0.000000
  -1.16039    6.704932    0.696586    0.303507    0.393079    1.397447    0.000000    0.000000    0.000000    0.000000    0.000000    0.000000
  -1.15438    7.515673    0.786334    0.342499    0.443835    1.558809    0.000000    0.000000    0.000000    0.000000    0.000000    0.000000
  -1.14838    8.328189    0.878223    0.382431    0.495792    1.718269    0.000000    0.000000    0.000000    0.000000    0.000000    0.000000
  -1.14238    9.127727    0.970842    0.422709    0.548134    1.872777    0.000000    0.000000    0.000000    0.000000    0.000000    0.000000
  -1.13638    9.900000    1.062740    0.462726    0.600014    2.019555    0.000000    0.000000    0.000000    0.000000    0.000000    0.000000
  -1.13038   10.631716    1.152464    0.501882    0.650582    2.156210    0.000000    0.000000    0.000000    0.000000    0.000000    0.000000
  -1.12437   11.310975    1.238593    0.539585    0.699007    2.280791    0.000000    0.000000    0.000000    0.000000    0.000000    0.000000
  -1.11837   11.927501    1.319766    0.575269    0.744497    2.391806    0.000000    0.000000    0.000000    0.000000    0.000000    0.000000
  -1.11237   12.472717    1.394702    0.608386    0.786316    2.488182    0.000000    0.000000    0.000000    0.000000    0.000000    0.000000
  -1.10637   12.939700    1.462216    0.638417    0.823799    2.569189    0.000000    0.000000    0.000000    0.000000    0.000000    0.000000
  -1.10037   13.323035    1.521229    0.664872    0.856357    2.634354    0.000000    0.000000    0.000000    0.000000    0.000000    0.000000
  -1.09436   13.618648    1.570785    0.687295    0.883490    2.683365    0.000000    0.000000    0.000000    0.000000    0.000000    0.000000
  -1.08836   13.823645    1.610060    0.705271    0.904789    2.715991    0.000000    0.000000    0.000000    0.000000    0.000000    0.000000
  -1.08236   13.936205    1.638382    0.718441    0.919941    2.732039    0.000000    0.000000    0.000000    0.000000    0.000000    0.000000
  -1.07636   13.955549    1.655246    0.726512    0.928733    2.731339    0.000000    0.000000    0.000000    0.000000    0.000000    0.000000
  -1.07036   13.881973    1.660333    0.729277    0.931056    2.713772    0.000000    0.000000    0.000000    0.000000    0.000000    0.000000
  -1.06435   13.716955    1.653530    0.726624    0.926906    2.679318    0.000000    0.000000    0.000000    0.000000    0.000000    0.000000
  -1.05835   13.463275    1.634941    0.718554    0.916387    2.628137    0.000000    0.000000    0.000000    0.000000    0.000000    0.000000
  -1.05235   13.125138    1.604901    0.705187    0.899714    2.560637    0.000000    0.000000    0.000000    0.000000    0.000000    0.000000
  -1.04635   12.708250    1.563971    0.686762    0.877209    2.477543    0.000000    0.000000    0.000000    0.000000    0.000000    0.000000
  -1.04035   12.219817    1.512935    0.663636    0.849298    2.379943    0.000000    0.000000    0.000000    0.000000    0.000000    0.000000
  -1.03434   11.668465    1.452780    0.636276    0.816505    2.269300    0.000000    0.000000    0.000000    0.000000    0.000000    0.000000
  -1.02834   11.064055    1.384674    0.605236    0.779438    2.147434    0.000000    0.000000    0.000000    0.000000    0.000000    0.000000
  -1.02234   10.417425    1.309926    0.571147    0.738779    2.016478    0.000000    0.000000    0.000000    0.000000    0.000000    0.000000
  -1.01634    9.740073    1.229950    0.534687    0.695263    1.878799    0.000000    0.000000    0.000000    0.000000    0.000000    0.000000
  -1.01034    9.043835    1.146222    0.496563    0.649659    1.736916    0.000000    0.000000    0.000000    0.000000    0.000000    0.000000
  -1.00433    8.340564    1.060239    0.457487    0.602752    1.593407    0.000000    0.000000    0.000000    0.000000    0.000000    0.000000
  -0.99833    7.641882    0.973477    0.418154    0.555323    1.450821    0.000000    0.000000    0.000000    0.000000    0.000000    0.000000
  -0.99233    6.959000    0.887366    0.379228    0.508138    1.311613    0.000000    0.000000    0.000000    0.000000    0.000000    0.000000
  -0.98633    6.302629    0.803260    0.341327    0.461933    1.178093    0.000000    0.000000    0.000000    0.000000    0.000000    0.000000
  -0.98033    5.682961    0.722425    0.305015    0.417410    1.052390    0.000000    0.000000    0.000000    0.000000    0.000000    0.000000
  -0.97432    5.109703    0.646033    0.270797    0.375235    0.936447    0.000000    0.000000    0.000000    0.000000    0.000000    0.000000
  -0.96832    4.592104    0.575151    0.239118    0.336033    0.832014    0.000000    0.000000    0.000000    0.000000    0.000000    0.000000
  -0.96232    4.138945    0.510744    0.210359    0.300385    0.740646    0.000000    0.000000    0.000000    0.000000    0.000000    0.000000
  -0.95632    3.758423    0.453662    0.184840    0.268822    0.663699    0.000000    0.000000    0.000000    0.000000    0.000000    0.000000
  -0.95032    3.457919    0.404625    0.162812    0.241813    0.602303    0.000000    0.000000    0.000000    0.000000    0.000000    0.000000
  -0.94431    3.243618    0.364205    0.144461    0.219744    0.557322    0.000000    0.000000    0.000000    0.000000    0.000000    0.000000
  -0.93831    3.120007    0.332789    0.129893    0.202895    0.529291    0.000000    0.000000    0.000000    0.000000    0.000000    0.000000
  -0.93231    3.089291    0.310547    0.119132    0.191415    0.518343    0.000000    0.000000    0.000000    0.000000    0.000000    0.000000
  -0.92631    3.150796    0.297395    0.112105    0.185290    0.524124    0.000000    0.000000    0.000000    0.000000    0.000000    0.000000
  -0.92031    3.300456    0.292961    0.108639    0.184323    0.545728    0.000000    0.000000    0.000000    0.000000    0.000000    0.000000
  -0.91430    3.530476    0.296569    0.108453    0.188116    0.581644    0.000000    0.000000    0.000000    0.000000    0.000000    0.000000
  -0.90830    3.829260    0.307236    0.111160    0.196075    0.629751    0.000000    0.000000    0.000000    0.000000    0.000000    0.000000
  -0.90230    4.181676    0.323699    0.116276    0.207423    0.687362    0.000000    0.000000    0.000000    0.000000    0.000000    0.000000
  -0.89630    4.569685    0.344465    0.123234    0.221231    0.751321    0.000000    0.000000    0.000000    0.000000    0.000000    0.000000
  -0.89030    4.973321    0.367880    0.131409    0.236471    0.818158    0.000000    0.000000    0.000000    0.000000    0.000000    0.000000
  -0.88429    5.371946    0.392229    0.140150    0.252079    0.884287    0.000000    0.000000    0.000000    0.000000    0.000000    0.000000
  -0.87829    5.745675    0.415841    0.148816    0.267025    0.946242    0.000000    0.000000    0.000000    0.000000    0.000000    0.000000
  -0.87229    6.076829    0.437195    0.156815    0.280380    1.000907    0.000000    0.000000    0.000000    0.000000    0.000000    0.000000
  -0.86629    6.351240    0.455023    0.163635    0.291387    1.045732    0.000000    0.000000    0.000000    0.000000    0.000000    0.000000
  -0.86029    6.559270    0.468384    0.168881    0.299503    1.078912    0.000000    0.000000    0.000000    0.000000    0.000000    0.000000
  -0.85428    6.696412    0.476718    0.172288    0.304431    1.099488    0.000000    0.000000    0.000000    0.000000    0.000000    0.000000
  -0.84828    6.763405    0.479861    0.173736    0.306124    1.107382    0.000000    0.000000    0.000000    0.000000    0.000000    0.000000
  -0.84228    6.765842    0.478018    0.173247    0.304771    1.103348    0.000000    0.000000    0.000000    0.000000    0.000000    0.000000
  -0.83628    6.713333    0.471717    0.170967    0.300751    1.088851    0.000000    0.000000    0.000000    0.000000    0.000000    0.000000
  -0.83028    6.618305    0.461724    0.167143    0.294581    1.065889    0.000000    0.000000    0.000000    0.000000    0.000000    0.000000
  -0.82427    6.494599    0.448946    0.162093    0.286853    1.036773    0.000000    0.000000    0.000000    0.000000    0.000000    0.000000
  -0.81827    6.356012    0.434333    0.156168    0.278164    1.003907    0.000000    0.000000    0.000000    0.000000    0.000000    0.000000
  -0.81227    6.214947    0.418776    0.149719    0.269057    0.969575    0.000000    0.000000    0.000000    0.000000    0.000000    0.000000
  -0.80627    6.081306    0.403033    0.143062    0.259971    0.935758    0.000000    0.000000    0.000000    0.000000    0.000000    0.000000
  -0.80027    5.961723    0.387665    0.136457    0.251208    0.904007    0.000000    0.000000    0.000000    0.000000    0.000000    0.000000
  -0.79426    5.859191    0.373009    0.130087    0.242922    0.875366    0.000000    0.000000    0.000000    0.000000    0.000000    0.000000
  -0.78826    5.773100    0.359171    0.124054    0.235117    0.850355    0.000000    0.000000    0.000000    0.000000    0.000000    0.000000
  -0.78226    5.699640    0.346054    0.118384    0.227670    0.828999    0.000000    0.000000    0.000000    0.000000    0.000000    0.000000
  -0.77626    5.632505    0.333394    0.113031    0.220364    0.810902    0.000000    0.000000    0.000000    0.000000    0.000000    0.000000
  -0.77026    5.563807    0.320823    0.107899    0.212924    0.795346    0.000000    0.000000    0.000000    0.000000    0.000000    0.000000
  -0.76425    5.485088    0.307930    0.102865    0.205065    0.781408    0.000000    0.000000    0.000000    0.000000    0.000000    0.000000
  -0.75825    5.388321    0.294324    0.097795    0.196529    0.768075    0.000000    0.000000    0.000000    0.000000    0.000000    0.000000
  -0.75225    5.266803    0.279689    0.092570    0.187119    0.754358    0.000000    0.000000    0.000000    0.000000    0.000000    0.000000
  -0.74625    5.115856    0.263828    0.087102    0.176726    0.739381    0.000000    0.000000    0.000000    0.000000    0.000000    0.000000
  -0.74025    4.933282    0.246685    0.081343    0.165342    0.722456    0.000000    0.000000    0.000000    0.000000    0.000000    0.000000
  -0.73424    4.719537    0.228353    0.075295    0.153058    0.703131    0.000000    0.000000    0.000000    0.000000    0.000000    0.000000
  -0.72824    4.477639    0.209062    0.069006    0.140056    0.681215    0.000000    0.000000    0.000000    0.000000    0.000000    0.000000
  -0.72224    4.212823    0.189153    0.062563    0.126590    0.656773    0.000000    0.000000    0.000000    0.000000    0.000000    0.000000
  -0.71624    3.932016    0.169042    0.056082    0.112960    0.630107    0.000000    0.000000    0.000000    0.000000    0.000000    0.000000
  -0.71024    3.643177    0.149180    0.049696    0.099484    0.601710    0.000000    0.000000    0.000000    0.000000    0.000000    0.000000
  -0.70423    3.354589    0.130010    0.043540    0.086470    0.572212    0.000000    0.000000    0.000000    0.000000    0.000000    0.000000
  -0.69823    3.074184    0.111931    0.037737    0.074194    0.542308    0.000000    0.000000    0.000000    0.000000    0.000000    0.000000
  -0.69223    2.808946    0.095267    0.032390    0.062877    0.512693    0.000000    0.000000    0.000000    0.000000    0.000000    0.000000
  -0.68623    2.564467    0.080255    0.027574    0.052681    0.483987    0.000000    0.000000    0.000000    0.000000    0.000000    0.000000
  -0.68023    2.344672    0.067030    0.023332    0.043698    0.456685    0.000000    0.000000    0.000000    0.000000    0.000000    0.000000
  -0.67422    2.151751    0.055633    0.019677    0.035957    0.431111    0.000000    0.000000    0.000000    0.000000    0.000000    0.000000
  -0.66822    1.986263    0.046024    0.016593    0.029431    0.407403    0.000000    0.000000    0.000000    0.000000    0.000000    0.000000
  -0.66222    1.847413    0.038093    0.014044    0.024049    0.385519    0.000000    0.000000    0.000000    0.000000    0.000000    0.000000
  -0.65622    1.733445    0.031690    0.011979    0.019711    0.365267    0.000000    0.000000    0.000000    0.000000    0.000000    0.000000
  -0.65022    1.642095    0.026643    0.010338    0.016304    0.346355    0.000000    0.000000    0.000000    0.000000    0.000000    0.000000
  -0.64421    1.571044    0.022780    0.009065    0.013715    0.328455    0.000000    0.000000    0.000000    0.000000    0.000000    0.000000
  -0.63821    1.518307    0.019953    0.008107    0.011845    0.311267    0.000000    0.000000    0.000000    0.000000    0.000000    0.000000
  -0.63221    1.482501    0.018053    0.007429    0.010623    0.294575    0.000000    0.000000    0.000000    0.000000    0.000000    0.000000
  -0.62621    1.462955    0.017026    0.007012    0.010014    0.278291    0.000000    0.000000    0.000000    0.000000    0.000000    0.000000
  -0.62021    1.459656    0.016885    0.006860    0.010025    0.262475    0.000000    0.000000    0.000000    0.000000    0.000000    0.000000
  -0.61420    1.473035    0.017721    0.007001    0.010720    0.247325    0.000000    0.000000    0.000000    0.000000    0.000000    0.000000
  -0.60820    1.503638    0.019706    0.007492    0.012215    0.233160    0.000000    0.000000    0.000000    0.000000    0.000000    0.000000
  -0.60220    1.551741    0.023104    0.008416    0.014688    0.220368    0.000000    0.000000    0.000000    0.000000    0.000000    0.000000
  -0.59620    1.616977    0.028267    0.009886    0.018381    0.209362    0.000000    0.000000    0.000000    0.000000    0.000000    0.000000
  -0.59020    1.698063    0.035630    0.012039    0.023591    0.200525    0.000000    0.000000    0.000000    0.000000    0.000000    0.000000
  -0.58419    1.792653    0.045708    0.015036    0.030672    0.194177    0.000000    0.000000    0.000000    0.000000    0.000000    0.000000
  -0.57819    1.897396    0.059071    0.019053    0.040018    0.190544    0.000000    0.000000    0.000000    0.000000    0.000000    0.000000
  -0.57219    2.008168    0.076319    0.024275    0.052044    0.189758    0.000000    0.000000    0.000000    0.000000    0.000000    0.000000
  -0.56619    2.120480    0.098044    0.030880    0.067164    0.191867    0.000000    0.000000    0.000000    0.000000    0.000000    0.000000
  -0.56019    2.229986    0.124786    0.039032    0.085755    0.196859    0.000000    0.000000    0.000000    0.000000    0.000000    0.000000
  -0.55418    2.333041    0.156974    0.048854    0.108120    0.204702    0.000000    0.000000    0.000000    0.000000    0.000000    0.000000
  -0.54818    2.427208    0.194871    0.060420    0.134451    0.215373    0.000000    0.000000    0.000000    0.000000    0.000000    0.000000
  -0.54218    2.511651    0.238517    0.073734    0.164783    0.228893    0.000000    0.000000    0.000000    0.000000    0.000000    0.000000
  -0.53618    2.587354    0.287681    0.088714    0.198967    0.245339    0.000000    0.000000    0.000000    0.000000    0.000000    0.000000
  -0.53018    2.657128    0.341832    0.105188    0.236644    0.264854    0.000000    0.000000    0.000000    0.000000    0.000000    0.000000
  -0.52417    2.725420    0.400118    0.122886    0.277233    0.287634    0.000000    0.000000    0.000000    0.000000    0.000000    0.000000
  -0.51817    2.797927    0.461387    0.141449    0.319938    0.313901    0.000000    0.000000    0.000000    0.000000    0.000000    0.000000
  -0.51217    2.881090    0.524217    0.160440    0.363777    0.343865    0.000000    0.000000    0.000000    0.000000    0.000000    0.000000
  -0.50617    2.981509    0.586979    0.179364    0.407615    0.377686    0.000000    0.000000    0.000000    0.000000    0.000000    0.000000
  -0.50017    3.105360    0.647920    0.197693    0.450227    0.415420    0.000000    0.000000    0.000000    0.000000    0.000000    0.000000
  -0.49416    3.257860    0.705257    0.214897    0.490360    0.456985    0.000000    0.000000    0.000000    0.000000    0.000000    0.000000
  -0.48816    3.442854    0.757276    0.230474    0.526802    0.502122    0.000000    0.000000    0.000000    0.000000    0.000000    0.000000
  -0.48216    3.662520    0.802434    0.243981    0.558454    0.550377    0.000000    0.000000    0.000000    0.000000    0.000000    0.000000
  -0.47616    3.917237    0.839444    0.255054    0.584390    0.601098    0.000000    0.000000    0.000000    0.000000    0.000000    0.000000
  -0.47016    4.205587    0.867351    0.263436    0.603915    0.653448    0.000000    0.000000    0.000000    0.000000    0.000000    0.000000
  -0.46415    4.524488    0.885577    0.268979    0.616598    0.706440    0.000000    0.000000    0.000000    0.000000    0.000000    0.000000
  -0.45815    4.869409    0.893954    0.271658    0.622297    0.758985    0.000000    0.000000    0.000000    0.000000    0.000000    0.000000
  -0.45215    5.234652    0.892719    0.271562    0.621158    0.809955    0.000000    0.000000    0.000000    0.000000    0.000000    0.000000
  -0.44615    5.613642    0.882488    0.268885    0.613602    0.858244    0.000000    0.000000    0.000000    0.000000    0.000000    0.000000
  -0.44015    5.999211    0.864204    0.263911    0.600294    0.902838    0.000000    0.000000    0.000000    0.000000    0.000000    0.000000
  -0.43414    6.383856    0.839073    0.256986    0.582087    0.942861    0.000000    0.000000    0.000000    0.000000    0.000000    0.000000
  -0.42814    6.759946    0.808475    0.248501    0.559974    0.977620    0.000000    0.000000    0.000000    0.000000    0.000000    0.000000
  -0.42214    7.119909    0.773872    0.238860    0.535012    1.006623    0.000000    0.000000    0.000000    0.000000    0.000000    0.000000
  -0.41614    7.456391    0.736726    0.228458    0.508267    1.029581    0.000000    0.000000    0.000000    0.000000    0.000000    0.000000
  -0.41014    7.762425    0.698410    0.217661    0.480749    1.046392    0.000000    0.000000    0.000000    0.000000    0.000000    0.000000
  -0.40413    8.031628    0.660152    0.206787    0.453365    1.057115    0.000000    0.000000    0.000000    0.000000    0.000000    0.000000
  -0.39813    8.258434    0.622986    0.196100    0.426886    1.061938    0.000000    0.000000    0.000000    0.000000    0.000000    0.000000
  -0.39213    8.438362    0.587733    0.185804    0.401929    1.061146    0.000000    0.000000    0.000000    0.000000    0.000000    0.000000
  -0.38613    8.568319    0.555006    0.176048    0.378958    1.055094    0.000000    0.000000    0.000000    0.000000    0.000000    0.000000
  -0.38013    8.646881    0.525230    0.166933    0.358297    1.044189    0.000000    0.000000    0.000000    0.000000    0.000000    0.000000
  -0.37412    8.674532    0.498671    0.158521    0.340151    1.028880    0.000000    0.000000    0.000000    0.000000    0.000000    0.000000
  -0.36812    8.653800    0.475485    0.150848    0.324637    1.009656    0.000000    0.000000    0.000000    0.000000    0.000000    0.000000
  -0.36212    8.589248    0.455745    0.143934    0.311811    0.987050    0.000000    0.000000    0.000000    0.000000    0.000000    0.000000
  -0.35612    8.487302    0.439476    0.137790    0.301686    0.961636    0.000000    0.000000    0.000000    0.000000    0.000000    0.000000
  -0.35012    8.355885    0.426671    0.132422    0.294249    0.934027    0.000000    0.000000    0.000000    0.000000    0.000000    0.000000
  -0.34411    8.203890    0.417292    0.127829    0.289463    0.904868    0.000000    0.000000    0.000000    0.000000    0.000000    0.000000
  -0.33811    8.040511    0.411263    0.124005    0.287258    0.874810    0.000000    0.000000    0.000000    0.000000    0.000000    0.000000
  -0.33211    7.874509    0.408445    0.120929    0.287516    0.844490    0.000000    0.000000    0.000000    0.000000    0.000000    0.000000
  -0.32611    7.713459    0.408612    0.118559    0.290053    0.814487    0.000000    0.000000    0.000000    0.000000    0.000000    0.000000
  -0.32011    7.563088    0.411426    0.116830    0.294597    0.785296    0.000000    0.000000    0.000000    0.000000    0.000000    0.000000
  -0.31410    7.426755    0.416417    0.115644    0.300773    0.757282    0.000000    0.000000    0.000000    0.000000    0.000000    0.000000
  -0.30810    7.305150    0.422976    0.114875    0.308101    0.730662    0.000000    0.000000    0.000000    0.000000    0.000000    0.000000
  -0.30210    7.196256    0.430363    0.114366    0.315997    0.705484    0.000000    0.000000    0.000000    0.000000    0.000000    0.000000
  -0.29610    7.095581    0.437739    0.113941    0.323799    0.681629    0.000000    0.000000    0.000000    0.000000    0.000000    0.000000
  -0.29010    6.996648    0.444203    0.113410    0.330793    0.658827    0.000000    0.000000    0.000000    0.000000    0.000000    0.000000
  -0.28409    6.891699    0.448853    0.112587    0.336266    0.636693    0.000000    0.000000    0.000000    0.000000    0.000000    0.000000
  -0.27809    6.772539    0.450849    0.111299    0.339550    0.614770    0.000000    0.000000    0.000000    0.000000    0.000000    0.000000
  -0.27209    6.631422    0.449481    0.109405    0.340075    0.592588    0.000000    0.000000    0.000000    0.000000    0.000000    0.000000
  -0.26609    6.461895    0.444223    0.106805    0.337418    0.569717    0.000000    0.000000    0.000000    0.000000    0.000000    0.000000
  -0.26009    6.259498    0.434785    0.103451    0.331334    0.545825    0.000000    0.000000    0.000000    0.000000    0.000000    0.000000
  -0.25408    6.022247    0.421129    0.099349    0.321780    0.520715    0.000000    0.000000    0.000000    0.000000    0.000000    0.000000
  -0.24808    5.750860    0.403480    0.094562    0.308917    0.494352    0.000000    0.000000    0.000000    0.000000    0.000000    0.000000
  -0.24208    5.448702    0.382297    0.089203    0.293094    0.466875    0.000000    0.000000    0.000000    0.000000    0.000000    0.000000
  -0.23608    5.121467    0.358240    0.083423    0.274817    0.438578    0.000000    0.000000    0.000000    0.000000    0.000000    0.000000
  -0.23008    4.776654    0.332107    0.077398    0.254709    0.409886    0.000000    0.000000    0.000000    0.000000    0.000000    0.000000
  -0.22407    4.422894    0.304773    0.071317    0.233456    0.381315    0.000000    0.000000    0.000000    0.000000    0.000000    0.000000
  -0.21807    4.069232    0.277122    0.065363    0.211759    0.353416    0.000000    0.000000    0.000000    0.000000    0.000000    0.000000
  -0.21207    3.724428    0.249985    0.059701    0.190284    0.326736    0.000000    0.000000    0.000000    0.000000    0.000000    0.000000
  -0.20607    3.396391    0.224098    0.054470    0.169627    0.301771    0.000000    0.000000    0.000000    0.000000    0.000000    0.000000
  -0.20007    3.091772    0.200062    0.049775    0.150286    0.278940    0.000000    0.000000    0.000000    0.000000    0.000000    0.000000
  -0.19406    2.815794    0.178338    0.045688    0.132650    0.258574    0.000000    0.000000    0.000000    0.000000    0.000000    0.000000
  -0.18806    2.572288    0.159249    0.042250    0.116999    0.240924    0.000000    0.000000    0.000000    0.000000    0.000000    0.000000
  -0.18206    2.363957    0.143003    0.039482    0.103520    0.226183    0.000000    0.000000    0.000000    0.000000    0.000000    0.000000
  -0.17606    2.192776    0.129723    0.037395    0.092328    0.214528    0.000000    0.000000    0.000000    0.000000    0.000000    0.000000
  -0.17006    2.060489    0.119489    0.035999    0.083490    0.206160    0.000000    0.000000    0.000000    0.000000    0.000000    0.000000
  -0.16405    1.969106    0.112376    0.035316    0.077060    0.201346    0.000000    0.000000    0.000000    0.000000    0.000000    0.000000
  -0.15805    1.921304    0.108485    0.035387    0.073099    0.200457    0.000000    0.000000    0.000000    0.000000    0.000000    0.000000
  -0.15205    1.920677    0.107968    0.036277    0.071691    0.203974    0.000000    0.000000    0.000000    0.000000    0.000000    0.000000
  -0.14605    1.971753    0.111032    0.038074    0.072958    0.212487    0.000000    0.000000    0.000000    0.000000    0.000000    0.000000
  -0.14005    2.079768    0.117930    0.040881    0.077049    0.226656    0.000000    0.000000    0.000000    0.000000    0.000000    0.000000
  -0.13404    2.250193    0.128938    0.044808    0.084130    0.247153    0.000000    0.000000    0.000000    0.000000    0.000000    0.000000
  -0.12804    2.488053    0.144318    0.049956    0.094362    0.274582    0.000000    0.000000    0.000000    0.000000    0.000000    0.000000
  -0.12204    2.797118    0.164264    0.056400    0.107864    0.309388    0.000000    0.000000    0.000000    0.000000    0.000000    0.000000
  -0.11604    3.179044    0.188859    0.064175    0.124684    0.351761    0.000000    0.000000    0.000000    0.000000    0.000000    0.000000
  -0.11004    3.632600    0.218023    0.073259    0.144764    0.401556    0.000000    0.000000    0.000000    0.000000    0.000000    0.000000
  -0.10403    4.153058    0.251477    0.083565    0.167912    0.458226    0.000000    0.000000    0.000000    0.000000    0.000000    0.000000
  -0.09803    4.731881    0.288723    0.094933    0.193790    0.520796    0.000000    0.000000    0.000000    0.000000    0.000000    0.000000
  -0.09203    5.356746    0.329044    0.107137    0.221907    0.587870    0.000000    0.000000    0.000000    0.000000    0.000000    0.000000
  -0.08603    6.011969    0.371525    0.119891    0.251634    0.657685    0.000000    0.000000    0.000000    0.000000    0.000000    0.000000
  -0.08003    6.679312    0.415108    0.132867    0.282241    0.728200    0.000000    0.000000    0.000000    0.000000    0.000000    0.000000
  -0.07402    7.339124    0.458654    0.145717    0.312937    0.797225    0.000000    0.000000    0.000000    0.000000    0.000000    0.000000
  -0.06802    7.971718    0.501028    0.158097    0.342931    0.862574    0.000000    0.000000    0.000000    0.000000    0.000000    0.000000
  -0.06202    8.558870    0.541196    0.169697    0.371498    0.922224    0.000000    0.000000    0.000000    0.000000    0.000000    0.000000
  -0.05602    9.085263    0.578304    0.180264    0.398040    0.974466    0.000000    0.000000    0.000000    0.000000    0.000000    0.000000
  -0.05002    9.539754    0.611762    0.189621    0.422141    1.018043    0.000000    0.000000    0.000000    0.000000    0.000000    0.000000
  -0.04401    9.916288    0.641292    0.197685    0.443607    1.052236    0.000000    0.000000    0.000000    0.000000    0.000000    0.000000
  -0.03801   10.214383    0.666954    0.204468    0.462487    1.076917    0.000000    0.000000    0.000000    0.000000    0.000000    0.000000
  -0.03201   10.439105    0.689134    0.210073    0.479061    1.092535    0.000000    0.000000    0.000000    0.000000    0.000000    0.000000
  -0.02601   10.600520    0.708497    0.214681    0.493816    1.100063    0.000000    0.000000    0.000000    0.000000    0.000000    0.000000
  -0.02001   10.712695    0.725913    0.218529    0.507385    1.100886    0.000000    0.000000    0.000000    0.000000    0.000000    0.000000
  -0.01400   10.792323    0.742355    0.221878    0.520477    1.096662    0.000000    0.000000    0.000000    0.000000    0.000000    0.000000
  -0.00800   10.857122    0.758781    0.224987    0.533794    1.089156    0.000000    0.000000    0.000000    0.000000    0.000000    0.000000
  -0.00200   10.924164    0.776021    0.228076    0.547945    1.080083    0.000000    0.000000    0.000000    0.000000    0.000000    0.000000
   0.00400   11.008303    0.794671    0.231304    0.563367    1.070945    0.000000    0.000000    0.000000    0.000000    0.000000    0.000000
   0.01000   11.120848    0.815009    0.234742    0.580267    1.062917    0.000000    0.000000    0.000000    0.000000    0.000000    0.000000
   0.01601   11.268612    0.836952    0.238368    0.598583    1.056758    0.000000    0.000000    0.000000    0.000000    0.000000    0.000000
   0.02201   11.453418    0.860044    0.242065    0.617979    1.052772    0.000000    0.000000    0.000000    0.000000    0.000000    0.000000
   0.02801   11.672101    0.883497    0.245626    0.637871    1.050826    0.000000    0.000000    0.000000    0.000000    0.000000    0.000000
   0.03401   11.916997    0.906262    0.248784    0.657479    1.050401    0.000000    0.000000    0.000000    0.000000    0.000000    0.000000
   0.04001   12.176857    0.927142    0.251232    0.675909    1.050690    0.000000    0.000000    0.000000    0.000000    0.000000    0.000000
   0.04602   12.438077    0.944918    0.252666    0.692252    1.050715    0.000000    0.000000    0.000000    0.000000    0.000000    0.000000
   0.05202   12.686123    0.958490    0.252810    0.705680    1.049460    0.000000    0.000000    0.000000    0.000000    0.000000    0.000000
   0.05802   12.906981    0.967002    0.251459    0.715543    1.046001    0.000000    0.000000    0.000000    0.000000    0.000000    0.000000
   0.06402   13.088480    0.969941    0.248496    0.721445    1.039611    0.000000    0.000000    0.000000    0.000000    0.000000    0.000000
   0.07002   13.221341    0.967200    0.243910    0.723289    1.029841    0.000000    0.000000    0.000000    0.000000    0.000000    0.000000
   0.07603   13.299846    0.959090    0.237803    0.721287    1.016561    0.000000    0.000000    0.000000    0.000000    0.000000    0.000000
   0.08203   13.322064    0.946306    0.230376    0.715930    0.999955    0.000000    0.000000    0.000000    0.000000    0.000000    0.000000
   0.08803   13.289621    0.929844    0.221914    0.707931    0.980487    0.000000    0.000000    0.000000    0.000000    0.000000    0.000000
   0.09403   13.207078    0.910880    0.212753    0.698126    0.958821    0.000000    0.000000    0.000000    0.000000    0.000000    0.000000
   0.10003   13.081019    0.890631    0.203253    0.687378    0.935735    0.000000    0.000000    0.000000    0.000000    0.000000    0.000000
   0.10604   12.918981    0.870219    0.193758    0.676461    0.912015    0.000000    0.000000    0.000000    0.000000    0.000000    0.000000
   0.11204   12.728397    0.850543    0.184570    0.665973    0.888365    0.000000    0.000000    0.000000    0.000000    0.000000    0.000000
   0.11804   12.515687    0.832188    0.175922    0.656265    0.865332    0.000000    0.000000    0.000000    0.000000    0.000000    0.000000
   0.12404   12.285617    0.815377    0.167968    0.647409    0.843258    0.000000    0.000000    0.000000    0.000000    0.000000    0.000000
   0.13004   12.040999    0.799973    0.160775    0.639198    0.822261    0.000000    0.000000    0.000000    0.000000    0.000000    0.000000
   0.13605   11.782735    0.785521    0.154329    0.631192    0.802251    0.000000    0.000000    0.000000    0.000000    0.000000    0.000000
   0.14205   11.510180    0.771336    0.148549    0.622787    0.782964    0.000000    0.000000    0.000000    0.000000    0.000000    0.000000
   0.14805   11.221729    0.756612    0.143307    0.613305    0.764022    0.000000    0.000000    0.000000    0.000000    0.000000    0.000000
   0.15405   10.915525    0.740540    0.138450    0.602090    0.744992    0.000000    0.000000    0.000000    0.000000    0.000000    0.000000
   0.16005   10.590168    0.722421    0.133818    0.588602    0.725453    0.000000    0.000000    0.000000    0.000000    0.000000    0.000000
   0.16606   10.245327    0.701761    0.129271    0.572491    0.705047    0.000000    0.000000    0.000000    0.000000    0.000000    0.000000
   0.17206    9.882174    0.678334    0.124693    0.553641    0.683521    0.000000    0.000000    0.000000    0.000000    0.000000    0.000000
   0.17806    9.503601    0.652208    0.120014    0.532194    0.660751    0.000000    0.000000    0.000000    0.000000    0.000000    0.000000
   0.18406    9.114205    0.623739    0.115202    0.508537    0.636751    0.000000    0.000000    0.000000    0.000000    0.000000    0.000000
   0.19006    8.720077    0.593531    0.110270    0.483261    0.611665    0.000000    0.000000    0.000000    0.000000    0.000000    0.000000
   0.19607    8.328419    0.562372    0.105266    0.457107    0.585754    0.000000    0.000000    0.000000    0.000000    0.000000    0.000000
   0.20207    7.947063    0.531158    0.100266    0.430892    0.559369    0.000000    0.000000    0.000000    0.000000    0.000000    0.000000
   0.20807    7.583927    0.500805    0.095364    0.405441    0.532920    0.000000    0.000000    0.000000    0.000000    0.000000    0.000000
   0.21407    7.246463    0.472174    0.090659    0.381515    0.506853    0.000000    0.000000    0.000000    0.000000    0.000000    0.000000
   0.22007    6.941143    0.445998    0.086246    0.359752    0.481610    0.000000    0.000000    0.000000    0.000000    0.000000    0.000000
   0.22608    6.673002    0.422831    0.082206    0.340625    0.457607    0.000000    0.000000    0.000000    0.000000    0.000000    0.000000
   0.23208    6.445268    0.403014    0.078600    0.324413    0.435206    0.000000    0.000000    0.000000    0.000000    0.000000    0.000000
   0.23808    6.259103    0.386659    0.075463    0.311196    0.414690    0.000000    0.000000    0.000000    0.000000    0.000000    0.000000
   0.24408    6.113481    0.373656    0.072802    0.300854    0.396247    0.000000    0.000000    0.000000    0.000000    0.000000    0.000000
   0.25008    6.005201    0.363690    0.070595    0.293095    0.379963    0.000000    0.000000    0.000000    0.000000    0.000000    0.000000
   0.25609    5.929079    0.356278    0.068795    0.287483    0.365810    0.000000    0.000000    0.000000    0.000000    0.000000    0.000000
   0.26209    5.878281    0.350816    0.067336    0.283481    0.353659    0.000000    0.000000    0.000000    0.000000    0.000000    0.000000
   0.26809    5.844830    0.346629    0.066134    0.280495    0.343291    0.000000    0.000000    0.000000    0.000000    0.000000    0.000000
   0.27409    5.820209    0.343029    0.065100    0.277929    0.334415    0.000000    0.000000    0.000000    0.000000    0.000000    0.000000
   0.28009    5.796045    0.339366    0.064144    0.275222    0.326704    0.000000    0.000000    0.000000    0.000000    0.000000    0.000000
   0.28610    5.764786    0.335084    0.063183    0.271900    0.319818    0.000000    0.000000    0.000000    0.000000    0.000000    0.000000
   0.29210    5.720317    0.329753    0.062151    0.267602    0.313441    0.000000    0.000000    0.000000    0.000000    0.000000    0.000000
   0.29810    5.658420    0.323102    0.060998    0.262104    0.307302    0.000000    0.000000    0.000000    0.000000    0.000000    0.000000
   0.30410    5.577049    0.315023    0.059696    0.255327    0.301199    0.000000    0.000000    0.000000    0.000000    0.000000    0.000000
   0.31010    5.476371    0.305573    0.058241    0.247332    0.295010    0.000000    0.000000    0.000000    0.000000    0.000000    0.000000
   0.31611    5.358583    0.294947    0.056647    0.238299    0.288690    0.000000    0.000000    0.000000    0.000000    0.000000    0.000000
   0.32211    5.227518    0.283452    0.054949    0.228503    0.282265    0.000000    0.000000    0.000000    0.000000    0.000000    0.000000
   0.32811    5.088119    0.271462    0.053188    0.218273    0.275816    0.000000    0.000000    0.000000    0.000000    0.000000    0.000000
   0.33411    4.945834    0.259378    0.051416    0.207962    0.269455    0.000000    0.000000    0.000000    0.000000    0.000000    0.000000
   0.34011    4.806010    0.247585    0.049682    0.197904    0.263305    0.000000    0.000000    0.000000    0.000000    0.000000    0.000000
   0.34612    4.673358    0.236420    0.048030    0.188390    0.257477    0.000000    0.000000    0.000000    0.000000    0.000000    0.000000
   0.35212    4.551541    0.226139    0.046496    0.179643    0.252056    0.000000    0.000000    0.000000    0.000000    0.000000    0.000000
   0.35812    4.442893    0.216910    0.045101    0.171809    0.247080    0.000000    0.000000    0.000000    0.000000    0.000000    0.000000
   0.36412    4.348293    0.208803    0.043855    0.164948    0.242543    0.000000    0.000000    0.000000    0.000000    0.000000    0.000000
   0.37012    4.267165    0.201793    0.042751    0.159041    0.238384    0.000000    0.000000    0.000000    0.000000    0.000000    0.000000
   0.37613    4.197576    0.195772    0.041771    0.154001    0.234495    0.000000    0.000000    0.000000    0.000000    0.000000    0.000000
   0.38213    4.136425    0.190566    0.040884    0.149682    0.230724    0.000000    0.000000    0.000000    0.000000    0.000000    0.000000
   0.38813    4.079668    0.185946    0.040051    0.145895    0.226885    0.000000    0.000000    0.000000    0.000000    0.000000    0.000000
   0.39413    4.022595    0.181654    0.039225    0.142428    0.222768    0.000000    0.000000    0.000000    0.000000    0.000000    0.000000
   0.40013    3.960132    0.177415    0.038359    0.139055    0.218153    0.000000    0.000000    0.000000    0.000000    0.000000    0.000000
   0.40614    3.887172    0.172959    0.037404    0.135555    0.212823    0.000000    0.000000    0.000000    0.000000    0.000000    0.000000
   0.41214    3.798923    0.168038    0.036317    0.131721    0.206583    0.000000    0.000000    0.000000    0.000000    0.000000    0.000000
   0.41814    3.691266    0.162441    0.035059    0.127381    0.199276    0.000000    0.000000    0.000000    0.000000    0.000000    0.000000
   0.42414    3.561088    0.156008    0.033607    0.122401    0.190794    0.000000    0.000000    0.000000    0.000000    0.000000    0.000000
   0.43014    3.406579    0.148643    0.031945    0.116698    0.181099    0.000000    0.000000    0.000000    0.000000    0.000000    0.000000
   0.43615    3.227437    0.140320    0.030076    0.110245    0.170226    0.000000    0.000000    0.000000    0.000000    0.000000    0.000000
   0.44215    3.024971    0.131088    0.028015    0.103073    0.158285    0.000000    0.000000    0.000000    0.000000    0.000000    0.000000
   0.44815    2.802062    0.121063    0.025793    0.095270    0.145463    0.000000    0.000000    0.000000    0.000000    0.000000    0.000000
   0.45415    2.562993    0.110423    0.023451    0.086972    0.132004    0.000000    0.000000    0.000000    0.000000    0.000000    0.000000
   0.46015    2.313156    0.099392    0.021039    0.078352    0.118202    0.000000    0.000000    0.000000    0.000000    0.000000    0.000000
   0.46616    2.058661    0.088224    0.018614    0.069610    0.104373    0.000000    0.000000    0.000000    0.000000    0.000000    0.000000
   0.47216    1.805902    0.077182    0.016230    0.060952    0.090835    0.000000    0.000000    0.000000    0.000000    0.000000    0.000000
   0.47816    1.561126    0.066522    0.013942    0.052580    0.077886    0.000000    0.000000    0.000000    0.000000    0.000000    0.000000
   0.48416    1.330045    0.056472    0.011797    0.044675    0.065790    0.000000    0.000000    0.000000    0.000000    0.000000    0.000000
   0.49016    1.117551    0.047224    0.009832    0.037392    0.054758    0.000000    0.000000    0.000000    0.000000    0.000000    0.000000
   0.49617    0.927529    0.038923    0.008075    0.030849    0.044944    0.000000    0.000000    0.000000    0.000000    0.000000    0.000000
   0.50217    0.762810    0.031669    0.006544    0.025125    0.036448    0.000000    0.000000    0.000000    0.000000    0.000000    0.000000
   0.50817    0.625217    0.025518    0.005249    0.020269    0.029317    0.000000    0.000000    0.000000    0.000000    0.000000    0.000000
   0.51417    0.515717    0.020489    0.004190    0.016298    0.023556    0.000000    0.000000    0.000000    0.000000    0.000000    0.000000
   0.52017    0.434617    0.016577    0.003364    0.013212    0.019144    0.000000    0.000000    0.000000    0.000000    0.000000    0.000000
   0.52618    0.381784    0.013764    0.002765    0.010999    0.016043    0.000000    0.000000    0.000000    0.000000    0.000000    0.000000
   0.53218    0.356854    0.012033    0.002387    0.009647    0.014218    0.000000    0.000000    0.000000    0.000000    0.000000    0.000000
   0.53818    0.359385    0.011377    0.002227    0.009150    0.013644    0.000000    0.000000    0.000000    0.000000    0.000000    0.000000
   0.54418    0.388967    0.011807    0.002286    0.009521    0.014315    0.000000    0.000000    0.000000    0.000000    0.000000    0.000000
   0.55018    0.445249    0.013361    0.002572    0.010789    0.016250    0.000000    0.000000    0.000000    0.000000    0.000000    0.000000
   0.55619    0.527912    0.016105    0.003099    0.013006    0.019493    0.000000    0.000000    0.000000    0.000000    0.000000    0.000000
   0.56219    0.636583    0.020126    0.003885    0.016241    0.024110    0.000000    0.000000    0.000000    0.000000    0.000000    0.000000
   0.56819    0.770728    0.025534    0.004956    0.020578    0.030181    0.000000    0.000000    0.000000    0.000000    0.000000    0.000000
   0.57419    0.929535    0.032446    0.006339    0.026108    0.037792    0.000000    0.000000    0.000000    0.000000    0.000000    0.000000
   0.58019    1.111820    0.040976    0.008061    0.032915    0.047023    0.000000    0.000000    0.000000    0.000000    0.000000    0.000000
   0.58620    1.315961    0.051222    0.010150    0.041072    0.057930    0.000000    0.000000    0.000000    0.000000    0.000000    0.000000
   0.59220    1.539904    0.063249    0.012624    0.050624    0.070543    0.000000    0.000000    0.000000    0.000000    0.000000    0.000000
   0.59820    1.781203    0.077080    0.015499    0.061581    0.084846    0.000000    0.000000    0.000000    0.000000    0.000000    0.000000
   0.60420    2.037131    0.092681    0.018774    0.073907    0.100776    0.000000    0.000000    0.000000    0.000000    0.000000    0.000000
   0.61020    2.304819    0.109959    0.022441    0.087518    0.118219    0.000000    0.000000    0.000000    0.000000    0.000000    0.000000
   0.61621    2.581414    0.128755    0.026476    0.102279    0.137005    0.000000    0.000000    0.000000    0.000000    0.000000    0.000000
   0.62221    2.864231    0.148850    0.030841    0.118010    0.156923    0.000000    0.000000    0.000000    0.000000    0.000000    0.000000
   0.62821    3.150878    0.169974    0.035485    0.134489    0.177719    0.000000    0.000000    0.000000    0.000000    0.000000    0.000000
   0.63421    3.439327    0.191814    0.040347    0.151467    0.199114    0.000000    0.000000    0.000000    0.000000    0.000000    0.000000
   0.64021    3.727933    0.214031    0.045353    0.168678    0.220811    0.000000    0.000000    0.000000    0.000000    0.000000    0.000000
   0.64622    4.015393    0.236278    0.050426    0.185852    0.242508    0.000000    0.000000    0.000000    0.000000    0.000000    0.000000
   0.65222    4.300663    0.258210    0.055480    0.202730    0.263907    0.000000    0.000000    0.000000    0.000000    0.000000    0.000000
   0.65822    4.582848    0.279502    0.060432    0.219071    0.284721    0.000000    0.000000    0.000000    0.000000    0.000000    0.000000
   0.66422    4.861097    0.299860    0.065197    0.234663    0.304678    0.000000    0.000000    0.000000    0.000000    0.000000    0.000000
   0.67022    5.134519    0.319028    0.069699    0.249329    0.323530    0.000000    0.000000    0.000000    0.000000    0.000000    0.000000
   0.67623    5.402147    0.336799    0.073867    0.262931    0.341051    0.000000    0.000000    0.000000    0.000000    0.000000    0.000000
   0.68223    5.662948    0.353014    0.077646    0.275368    0.357046    0.000000    0.000000    0.000000    0.000000    0.000000    0.000000
   0.68823    5.915864    0.367570    0.080992    0.286578    0.371349    0.000000    0.000000    0.000000    0.000000    0.000000    0.000000
   0.69423    6.159885    0.380415    0.083881    0.296534    0.383834    0.000000    0.000000    0.000000    0.000000    0.000000    0.000000
   0.70023    6.394093    0.391548    0.086305    0.305242    0.394416    0.000000    0.000000    0.000000    0.000000    0.000000    0.000000
   0.70624    6.617679    0.401011    0.088278    0.312733    0.403053    0.000000    0.000000    0.000000    0.000000    0.000000    0.000000
   0.71224    6.829883    0.408882    0.089825    0.319057    0.409748    0.000000    0.000000    0.000000    0.000000    0.000000    0.000000
   0.71824    7.029876    0.415261    0.090986    0.324275    0.414544    0.000000    0.000000    0.000000    0.000000    0.000000    0.000000
   0.72424    7.216579    0.420258    0.091809    0.328450    0.417520    0.000000    0.000000    0.000000    0.000000    0.000000    0.000000
   0.73024    7.388460    0.423976    0.092341    0.331635    0.418774    0.000000    0.000000    0.000000    0.000000    0.000000    0.000000
   0.73625    7.543359    0.426500    0.092626    0.333874    0.418421    0.000000    0.000000    0.000000    0.000000    0.000000    0.000000
   0.74225    7.678383    0.427883    0.092697    0.335186    0.416571    0.000000    0.000000    0.000000    0.000000    0.000000    0.000000
   0.74825    7.789918    0.428147    0.092573    0.335574    0.413327    0.000000    0.000000    0.000000    0.000000    0.000000    0.000000
   0.75425    7.873789    0.427280    0.092258    0.335022    0.408775    0.000000    0.000000    0.000000    0.000000    0.000000    0.000000
   0.76025    7.925552    0.425244    0.091741    0.333503    0.402986    0.000000    0.000000    0.000000    0.000000    0.000000    0.000000
   0.76626    7.940909    0.421991    0.091001    0.330990    0.396017    0.000000    0.000000    0.000000    0.000000    0.000000    0.000000
   0.77226    7.916194    0.417475    0.090009    0.327467    0.387922    0.000000    0.000000    0.000000    0.000000    0.000000    0.000000
   0.77826    7.848856    0.411679    0.088737    0.322942    0.378764    0.000000    0.000000    0.000000    0.000000    0.000000    0.000000
   0.78426    7.737891    0.404623    0.087167    0.317456    0.368622    0.000000    0.000000    0.000000    0.000000    0.000000    0.000000
   0.79026    7.584163    0.396388    0.085292    0.311096    0.357609    0.000000    0.000000    0.000000    0.000000    0.000000    0.000000
   0.79627    7.390567    0.387121    0.083129    0.303993    0.345878    0.000000    0.000000    0.000000    0.000000    0.000000    0.000000
   0.80227    7.162036    0.377045    0.080714    0.296331    0.333632    0.000000    0.000000    0.000000    0.000000    0.000000    0.000000
   0.80827    6.905388    0.366455    0.078113    0.288343    0.321122    0.000000    0.000000    0.000000    0.000000    0.000000    0.000000
   0.81427    6.629036    0.355717    0.075414    0.280303    0.308651    0.000000    0.000000    0.000000    0.000000    0.000000    0.000000
   0.82027    6.342602    0.345252    0.072728    0.272524    0.296568    0.000000    0.000000    0.000000    0.000000    0.000000    0.000000
   0.82628    6.056470    0.335529    0.070185    0.265344    0.285255    0.000000    0.000000    0.000000    0.000000    0.000000    0.000000
   0.83228    5.781308    0.327037    0.067923    0.259114    0.275118    0.000000    0.000000    0.000000    0.000000    0.000000    0.000000
   0.83828    5.527594    0.320271    0.066086    0.254185    0.266570    0.000000    0.000000    0.000000    0.000000    0.000000    0.000000
   0.84428    5.305156    0.315704    0.064812    0.250893    0.260007    0.000000    0.000000    0.000000    0.000000    0.000000    0.000000
   0.85028    5.122754    0.313764    0.064225    0.249539    0.255784    0.000000    0.000000    0.000000    0.000000    0.000000    0.000000
   0.85629    4.987694    0.314802    0.064428    0.250374    0.254196    0.000000    0.000000    0.000000    0.000000    0.000000    0.000000
   0.86229    4.905508    0.319074    0.065492    0.253582    0.255447    0.000000    0.000000    0.000000    0.000000    0.000000    0.000000
   0.86829    4.879686    0.326712    0.067453    0.259259    0.259630    0.000000    0.000000    0.000000    0.000000    0.000000    0.000000
   0.87429    4.911505    0.337713    0.070305    0.267408    0.266712    0.000000    0.000000    0.000000    0.000000    0.000000    0.000000
   0.88029    4.999945    0.351924    0.073997    0.277927    0.276525    0.000000    0.000000    0.000000    0.000000    0.000000    0.000000
   0.88630    5.141722    0.369042    0.078435    0.290607    0.288761    0.000000    0.000000    0.000000    0.000000    0.000000    0.000000
   0.89230    5.331457    0.388623    0.083483    0.305140    0.302991    0.000000    0.000000    0.000000    0.000000    0.000000    0.000000
   0.89830    5.561961    0.410101    0.088968    0.321133    0.318680    0.000000    0.000000    0.000000    0.000000    0.000000    0.000000
   0.90430    5.824657    0.432817    0.094694    0.338123    0.335219    0.000000    0.000000    0.000000    0.000000    0.000000    0.000000
   0.91030    6.110091    0.456055    0.100445    0.355609    0.351965    0.000000    0.000000    0.000000    0.000000    0.000000    0.000000
   0.91631    6.408516    0.479083    0.106005    0.373078    0.368280    0.000000    0.000000    0.000000    0.000000    0.000000    0.000000
   0.92231    6.710484    0.501202    0.111167    0.390035    0.383576    0.000000    0.000000    0.000000    0.000000    0.000000    0.000000
   0.92831    7.007394    0.521778    0.115747    0.406032    0.397347    0.000000    0.000000    0.000000    0.000000    0.000000    0.000000
   0.93431    7.291942    0.540285    0.119596    0.420689    0.409203    0.000000    0.000000    0.000000    0.000000    0.000000    0.000000
   0.94031    7.558406    0.556322    0.122608    0.433714    0.418882    0.000000    0.000000    0.000000    0.000000    0.000000    0.000000
   0.94632    7.802733    0.569624    0.124724    0.444901    0.426258    0.000000    0.000000    0.000000    0.000000    0.000000    0.000000
   0.95232    8.022407    0.580061    0.125931    0.454130    0.431328    0.000000    0.000000    0.000000    0.000000    0.000000    0.000000
   0.95832    8.216115    0.587612    0.126260    0.461352    0.434190    0.000000    0.000000    0.000000    0.000000    0.000000    0.000000
   0.96432    8.383247    0.592341    0.125775    0.466566    0.435009    0.000000    0.000000    0.000000    0.000000    0.000000    0.000000
   0.97032    8.523320    0.594358    0.124561    0.469796    0.433980    0.000000    0.000000    0.000000    0.000000    0.000000    0.000000
   0.97633    8.635401    0.593783    0.122715    0.471068    0.431288    0.000000    0.000000    0.000000    0.000000    0.000000    0.000000
   0.98233    8.717656    0.590714    0.120330    0.470384    0.427077    0.000000    0.000000    0.000000    0.000000    0.000000    0.000000
   0.98833    8.767107    0.585206    0.117487    0.467719    0.421429    0.000000    0.000000    0.000000    0.000000    0.000000    0.000000
   0.99433    8.779667    0.577264    0.114247    0.463017    0.414354    0.000000    0.000000    0.000000    0.000000    0.000000    0.000000
   1.00033    8.750475    0.566853    0.110651    0.456201    0.405801    0.000000    0.000000    0.000000    0.000000    0.000000    0.000000
   1.00634    8.674516    0.553923    0.106720    0.447203    0.395676    0.000000    0.000000    0.000000    0.000000    0.000000    0.000000
   1.01234    8.547420    0.538445    0.102462    0.435983    0.383879    0.000000    0.000000    0.000000    0.000000    0.000000    0.000000
   1.01834    8.366344    0.520449    0.097880    0.422569    0.370341    0.000000    0.000000    0.000000    0.000000    0.000000    0.000000
   1.02434    8.130787    0.500059    0.092982    0.407077    0.355061    0.000000    0.000000    0.000000    0.000000    0.000000    0.000000
   1.03034    7.843194    0.477520    0.087792    0.389728    0.338141    0.000000    0.000000    0.000000    0.000000    0.000000    0.000000
   1.03635    7.509253    0.453207    0.082352    0.370855    0.319797    0.000000    0.000000    0.000000    0.000000    0.000000    0.000000
   1.04235    7.137813    0.427617    0.076730    0.350887    0.300368    0.000000    0.000000    0.000000    0.000000    0.000000    0.000000
   1.04835    6.740434    0.401345    0.071017    0.330328    0.280301    0.000000    0.000000    0.000000    0.000000    0.000000    0.000000
   1.05435    6.330627    0.375039    0.065322    0.309717    0.260123    0.000000    0.000000    0.000000    0.000000    0.000000    0.000000
   1.06035    5.922885    0.349356    0.059769    0.289588    0.240407    0.000000    0.000000    0.000000    0.000000    0.000000    0.000000
   1.06636    5.531643    0.324910    0.054483    0.270428    0.221729    0.000000    0.000000    0.000000    0.000000    0.000000    0.000000
   1.07236    5.170292    0.302230    0.049586    0.252644    0.204628    0.000000    0.000000    0.000000    0.000000    0.000000    0.000000
   1.07836    4.850373    0.281727    0.045186    0.236541    0.189576    0.000000    0.000000    0.000000    0.000000    0.000000    0.000000
   1.08436    4.581000    0.263680    0.041373    0.222307    0.176948    0.000000    0.000000    0.000000    0.000000    0.000000    0.000000
   1.09036    4.368572    0.248234    0.038214    0.210020    0.167012    0.000000    0.000000    0.000000    0.000000    0.000000    0.000000
   1.09637    4.216721    0.235408    0.035749    0.199659    0.159925    0.000000    0.000000    0.000000    0.000000    0.000000    0.000000
   1.10237    4.126473    0.225124    0.033996    0.191128    0.155736    0.000000    0.000000    0.000000    0.000000    0.000000    0.000000
   1.10837    4.096548    0.217226    0.032949    0.184277    0.154401    0.000000    0.000000    0.000000    0.000000    0.000000    0.000000
   1.11437    4.123717    0.211510    0.032580    0.178930    0.155792    0.000000    0.000000    0.000000    0.000000    0.000000    0.000000
   1.12037    4.203169    0.207744    0.032842    0.174903    0.159716    0.000000    0.000000    0.000000    0.000000    0.000000    0.000000
   1.12638    4.328840    0.205685    0.033672    0.172013    0.165929    0.000000    0.000000    0.000000    0.000000    0.000000    0.000000
   1.13238    4.493687    0.205087    0.034995    0.170091    0.174142    0.000000    0.000000    0.000000    0.000000    0.000000    0.000000
   1.13838    4.689921    0.205702    0.036721    0.168981    0.184034    0.000000    0.000000    0.000000    0.000000    0.000000    0.000000
   1.14438    4.909202    0.207283    0.038752    0.168531    0.195255    0.000000    0.000000    0.000000    0.000000    0.000000    0.000000
   1.15038    5.142830    0.209579    0.040981    0.168598    0.207434    0.000000    0.000000    0.000000    0.000000    0.000000    0.000000
   1.15639    5.381957    0.212334    0.043299    0.169035    0.220184    0.000000    0.000000    0.000000    0.000000    0.000000    0.000000
   1.16239    5.617835    0.215292    0.045597    0.169694    0.233110    0.000000    0.000000    0.000000    0.000000    0.000000    0.000000
   1.16839    5.842099    0.218196    0.047769    0.170426    0.245817    0.000000    0.000000    0.000000    0.000000    0.000000    0.000000
   1.17439    6.047086    0.220804    0.049718    0.171086    0.257923    0.000000    0.000000    0.000000    0.000000    0.000000    0.000000
   1.18039    6.226171    0.222900    0.051360    0.171539    0.269075    0.000000    0.000000    0.000000    0.000000    0.000000    0.000000
   1.18640    6.374082    0.224302    0.052628    0.171674    0.278964    0.000000    0.000000    0.000000    0.000000    0.000000    0.000000
   1.19240    6.487175    0.224881    0.053475    0.171406    0.287338    0.000000    0.000000    0.000000    0.000000    0.000000    0.000000
   1.19840    6.563623    0.224566    0.053876    0.170690    0.294022    0.000000    0.000000    0.000000    0.000000    0.000000    0.000000
   1.20440    6.603498    0.223352    0.053829    0.169523    0.298920    0.000000    0.000000    0.000000    0.000000    0.000000    0.000000
   1.21040    6.608724    0.221296    0.053353    0.167942    0.302028    0.000000    0.000000    0.000000    0.000000    0.000000    0.000000
   1.21641    6.582879    0.218511    0.052488    0.166022    0.303422    0.000000    0.000000    0.000000    0.000000    0.000000    0.000000
   1.22241    6.530871    0.215156    0.051289    0.163868    0.303259    0.000000    0.000000    0.000000    0.000000    0.000000    0.000000
   1.22841    6.458492    0.211420    0.049822    0.161598    0.301752    0.000000    0.000000    0.000000    0.000000    0.000000    0.000000
   1.23441    6.371901    0.207498    0.048162    0.159335    0.299150    0.000000    0.000000    0.000000    0.000000    0.000000    0.000000
   1.24041    6.277076    0.203577    0.046385    0.157192    0.295717    0.000000    0.000000    0.000000    0.000000    0.000000    0.000000
   1.24642    6.179311    0.199817    0.044562    0.155255    0.291705    0.000000    0.000000    0.000000    0.000000    0.000000    0.000000
   1.25242    6.082790    0.196335    0.042756    0.153579    0.287332    0.000000    0.000000    0.000000    0.000000    0.000000    0.000000
   1.25842    5.990316    0.193199    0.041019    0.152180    0.282768    0.000000    0.000000    0.000000    0.000000    0.000000    0.000000
   1.26442    5.903199    0.190423    0.039387    0.151036    0.278127    0.000000    0.000000    0.000000    0.000000    0.000000    0.000000
   1.27042    5.821323    0.187974    0.037885    0.150089    0.273463    0.000000    0.000000    0.000000    0.000000    0.000000    0.000000
   1.27643    5.743366    0.185777    0.036518    0.149260    0.268782    0.000000    0.000000    0.000000    0.000000    0.000000    0.000000
   1.28243    5.667132    0.183732    0.035281    0.148450    0.264052    0.000000    0.000000    0.000000    0.000000    0.000000    0.000000
   1.28843    5.589934    0.181720    0.034160    0.147560    0.259217    0.000000    0.000000    0.000000    0.000000    0.000000    0.000000
   1.29443    5.508974    0.179626    0.033132    0.146494    0.254209    0.000000    0.000000    0.000000    0.000000    0.000000    0.000000
   1.30043    5.421662    0.177342    0.032170    0.145171    0.248966    0.000000    0.000000    0.000000    0.000000    0.000000    0.000000
   1.30644    5.325835    0.174776    0.031247    0.143529    0.243438    0.000000    0.000000    0.000000    0.000000    0.000000    0.000000
   1.31244    5.219876    0.171860    0.030337    0.141523    0.237585    0.000000    0.000000    0.000000    0.000000    0.000000    0.000000
   1.31844    5.102725    0.168545    0.029418    0.139127    0.231387    0.000000    0.000000    0.000000    0.000000    0.000000    0.000000
   1.32444    4.973830    0.164800    0.028472    0.136329    0.224830    0.000000    0.000000    0.000000    0.000000    0.000000    0.000000
   1.33044    4.833058    0.160614    0.027485    0.133129    0.217913    0.000000    0.000000    0.000000    0.000000    0.000000    0.000000
   1.33645    4.680619    0.155986    0.026451    0.129535    0.210638    0.000000    0.000000    0.000000    0.000000    0.000000    0.000000
   1.34245    4.517012    0.150931    0.025368    0.125563    0.203012    0.000000    0.000000    0.000000    0.000000    0.000000    0.000000
   1.34845    4.343024    0.145473    0.024237    0.121235    0.195050    0.000000    0.000000    0.000000    0.000000    0.000000    0.000000
   1.35445    4.159757    0.139651    0.023067    0.116584    0.186777    0.000000    0.000000    0.000000    0.000000    0.000000    0.000000
   1.36045    3.968670    0.133519    0.021869    0.111650    0.178232    0.000000    0.000000    0.000000    0.000000    0.000000    0.000000
   1.36646    3.771612    0.127145    0.020657    0.106488    0.169472    0.000000    0.000000    0.000000    0.000000    0.000000    0.000000
   1.37246    3.570819    0.120612    0.019448    0.101164    0.160577    0.000000    0.000000    0.000000    0.000000    0.000000    0.000000
   1.37846    3.368849    0.114015    0.018260    0.095754    0.151644    0.000000    0.000000    0.000000    0.000000    0.000000    0.000000
   1.38446    3.168467    0.107456    0.017113    0.090343    0.142788    0.000000    0.000000    0.000000    0.000000    0.000000    0.000000
   1.39046    2.972492    0.101041    0.016024    0.085017    0.134132    0.000000    0.000000    0.000000    0.000000    0.000000    0.000000
   1.39647    2.783614    0.094870    0.015010    0.079860    0.125802    0.000000    0.000000    0.000000    0.000000    0.000000    0.000000
   1.40247    2.604243    0.089034    0.014084    0.074950    0.117918    0.000000    0.000000    0.000000    0.000000    0.000000    0.000000
   1.40847    2.436394    0.083610    0.013258    0.070352    0.110592    0.000000    0.000000    0.000000    0.000000    0.000000    0.000000
   1.41447    2.281643    0.078662    0.012540    0.066122    0.103919    0.000000    0.000000    0.000000    0.000000    0.000000    0.000000
   1.42047    2.141156    0.074241    0.011937    0.062303    0.097980    0.000000    0.000000    0.000000    0.000000    0.000000    0.000000
   1.42648    2.015785    0.070387    0.011455    0.058933    0.092846    0.000000    0.000000    0.000000    0.000000    0.000000    0.000000
   1.43248    1.906203    0.067139    0.011098    0.056041    0.088576    0.000000    0.000000    0.000000    0.000000    0.000000    0.000000
   1.43848    1.813050    0.064535    0.010872    0.053662    0.085224    0.000000    0.000000    0.000000    0.000000    0.000000    0.000000
   1.44448    1.737066    0.062616    0.010785    0.051831    0.082842    0.000000    0.000000    0.000000    0.000000    0.000000    0.000000
   1.45048    1.679164    0.061435    0.010844    0.050591    0.081480    0.000000    0.000000    0.000000    0.000000    0.000000    0.000000
   1.45649    1.640461    0.061050    0.011060    0.049990    0.081185    0.000000    0.000000    0.000000    0.000000    0.000000    0.000000
   1.46249    1.622238    0.061526    0.011444    0.050082    0.081999    0.000000    0.000000    0.000000    0.000000    0.000000    0.000000
   1.46849    1.625865    0.062933    0.012009    0.050924    0.083952    0.000000    0.000000    0.000000    0.000000    0.000000    0.000000
   1.47449    1.652710    0.065338    0.012767    0.052571    0.087061    0.000000    0.000000    0.000000    0.000000    0.000000    0.000000
   1.48049    1.704048    0.068808    0.013731    0.055077    0.091327    0.000000    0.000000    0.000000    0.000000    0.000000    0.000000
   1.48650    1.780997    0.073400    0.014915    0.058485    0.096736    0.000000    0.000000    0.000000    0.000000    0.000000    0.000000
   1.49250    1.884496    0.079168    0.016334    0.062834    0.103258    0.000000    0.000000    0.000000    0.000000    0.000000    0.000000
   1.49850    2.015308    0.086156    0.018001    0.068155    0.110854    0.000000    0.000000    0.000000    0.000000    0.000000    0.000000
   1.50450    2.174036    0.094400    0.019933    0.074467    0.119482    0.000000    0.000000    0.000000    0.000000    0.000000    0.000000
   1.51050    2.361135    0.103927    0.022143    0.081783    0.129100    0.000000    0.000000    0.000000    0.000000    0.000000    0.000000
   1.51651    2.576877    0.114752    0.024644    0.090108    0.139665    0.000000    0.000000    0.000000    0.000000    0.000000    0.000000
   1.52251    2.821266    0.126875    0.027444    0.099431    0.151135    0.000000    0.000000    0.000000    0.000000    0.000000    0.000000
   1.52851    3.093881    0.140268    0.030542    0.109726    0.163463    0.000000    0.000000    0.000000    0.000000    0.000000    0.000000
   1.53451    3.393668    0.154869    0.033926    0.120943    0.176584    0.000000    0.000000    0.000000    0.000000    0.000000    0.000000
   1.54051    3.718694    0.170573    0.037569    0.133003    0.190405    0.000000    0.000000    0.000000    0.000000    0.000000    0.000000
   1.54652    4.065923    0.187220    0.041428    0.145793    0.204791    0.000000    0.000000    0.000000    0.000000    0.000000    0.000000
   1.55252    4.431034    0.204594    0.045437    0.159157    0.219557    0.000000    0.000000    0.000000    0.000000    0.000000    0.000000
   1.55852    4.808358    0.222417    0.049516    0.172901    0.234461    0.000000    0.000000    0.000000    0.000000    0.000000    0.000000
   1.56452    5.190947    0.240361    0.053566    0.186795    0.249205    0.000000    0.000000    0.000000    0.000000    0.000000    0.000000
   1.57052    5.570802    0.258055    0.057479    0.200577    0.263442    0.000000    0.000000    0.000000    0.000000    0.000000    0.000000
   1.57653    5.939260    0.275111    0.061140    0.213971    0.276798    0.000000    0.000000    0.000000    0.000000    0.000000    0.000000
   1.58253    6.287494    0.291141    0.064440    0.226701    0.288886    0.000000    0.000000    0.000000    0.000000    0.000000    0.000000
   1.58853    6.607089    0.305785    0.067281    0.238505    0.299341    0.000000    0.000000    0.000000    0.000000    0.000000    0.000000
   1.59453    6.890622    0.318738    0.069583    0.249155    0.307841    0.000000    0.000000    0.000000    0.000000    0.000000    0.000000
   1.60053    7.132171    0.329763    0.071291    0.258472    0.314135    0.000000    0.000000    0.000000    0.000000    0.000000    0.000000
   1.60654    7.327689    0.338712    0.072381    0.266331    0.318059    0.000000    0.000000    0.000000    0.000000    0.000000    0.000000
   1.61254    7.475197    0.345525    0.072856    0.272669    0.319550    0.000000    0.000000    0.000000    0.000000    0.000000    0.000000
   1.61854    7.574766    0.350226    0.072747    0.277479    0.318648    0.000000    0.000000    0.000000    0.000000    0.000000    0.000000
   1.62454    7.628298    0.352909    0.072109    0.280800    0.315486    0.000000    0.000000    0.000000    0.000000    0.000000    0.000000
   1.63054    7.639135    0.353720    0.071014    0.282706    0.310281    0.000000    0.000000    0.000000    0.000000    0.000000    0.000000
   1.63655    7.611565    0.352830    0.069544    0.283286    0.303308    0.000000    0.000000    0.000000    0.000000    0.000000    0.000000
   1.64255    7.550290    0.350413    0.067782    0.282631    0.294885    0.000000    0.000000    0.000000    0.000000    0.000000    0.000000
   1.64855    7.459933    0.346627    0.065810    0.280817    0.285346    0.000000    0.000000    0.000000    0.000000    0.000000    0.000000
   1.65455    7.344668    0.341597    0.063697    0.277899    0.275027    0.000000    0.000000    0.000000    0.000000    0.000000    0.000000
   1.66055    7.208006    0.335414    0.061505    0.273909    0.264250    0.000000    0.000000    0.000000    0.000000    0.000000    0.000000
   1.66656    7.052766    0.328137    0.059278    0.268859    0.253318    0.000000    0.000000    0.000000    0.000000    0.000000    0.000000
   1.67256    6.881218    0.319805    0.057053    0.262752    0.242510    0.000000    0.000000    0.000000    0.000000    0.000000    0.000000
   1.67856    6.695364    0.310457    0.054856    0.255601    0.232086    0.000000    0.000000    0.000000    0.000000    0.000000    0.000000
   1.68456    6.497288    0.300152    0.052709    0.247443    0.222285    0.000000    0.000000    0.000000    0.000000    0.000000    0.000000
   1.69056    6.289500    0.288987    0.050633    0.238355    0.213331    0.000000    0.000000    0.000000    0.000000    0.000000    0.000000
   1.69657    6.075216    0.277113    0.048648    0.228465    0.205431    0.000000    0.000000    0.000000    0.000000    0.000000    0.000000
   1.70257    5.858501    0.264741    0.046781    0.217959    0.198771    0.000000    0.000000    0.000000    0.000000    0.000000    0.000000
   1.70857    5.644247    0.252139    0.045061    0.207079    0.193512    0.000000    0.000000    0.000000    0.000000    0.000000    0.000000
   1.71457    5.437988    0.239623    0.043518    0.196106    0.189776    0.000000    0.000000    0.000000    0.000000    0.000000    0.000000
   1.72057    5.245568    0.227533    0.042183    0.185349    0.187638    0.000000    0.000000    0.000000    0.000000    0.000000    0.000000
   1.72658    5.072711    0.216210    0.041087    0.175123    0.187118    0.000000    0.000000    0.000000    0.000000    0.000000    0.000000
   1.73258    4.924561    0.205968    0.040251    0.165717    0.188170    0.000000    0.000000    0.000000    0.000000    0.000000    0.000000
   1.73858    4.805241    0.197070    0.039687    0.157383    0.190683    0.000000    0.000000    0.000000    0.000000    0.000000    0.000000
   1.74458    4.717505    0.189706    0.039399    0.150307    0.194485    0.000000    0.000000    0.000000    0.000000    0.000000    0.000000
   1.75058    4.662500    0.183978    0.039377    0.144601    0.199354    0.000000    0.000000    0.000000    0.000000    0.000000    0.000000
   1.75659    4.639676    0.179897    0.039599    0.140298    0.205026    0.000000    0.000000    0.000000    0.000000    0.000000    0.000000
   1.76259    4.646818    0.177387    0.040035    0.137352    0.211214    0.000000    0.000000    0.000000    0.000000    0.000000    0.000000
   1.76859    4.680210    0.176290    0.040646    0.135644    0.217627    0.000000    0.000000    0.000000    0.000000    0.000000    0.000000
   1.77459    4.734868    0.176388    0.041388    0.134999    0.223980    0.000000    0.000000    0.000000    0.000000    0.000000    0.000000
   1.78059    4.804850    0.177417    0.042218    0.135199    0.230008    0.000000    0.000000    0.000000    0.000000    0.000000    0.000000
   1.78660    4.883580    0.179091    0.043090    0.136001    0.235476    0.000000    0.000000    0.000000    0.000000    0.000000    0.000000
   1.79260    4.964197    0.181119    0.043962    0.137157    0.240182    0.000000    0.000000    0.000000    0.000000    0.000000    0.000000
   1.79860    5.039894    0.183222    0.044796    0.138426    0.243962    0.000000    0.000000    0.000000    0.000000    0.000000    0.000000
   1.80460    5.104248    0.185151    0.045561    0.139590    0.246691    0.000000    0.000000    0.000000    0.000000    0.000000    0.000000
   1.81060    5.151536    0.186696    0.046231    0.140465    0.248284    0.000000    0.000000    0.000000    0.000000    0.000000    0.000000
   1.81661    5.177024    0.187693    0.046785    0.140908    0.248697    0.000000    0.000000    0.000000    0.000000    0.000000    0.000000
   1.82261    5.177212    0.188032    0.047209    0.140822    0.247929    0.000000    0.000000    0.000000    0.000000    0.000000    0.000000
   1.82861    5.150037    0.187656    0.047497    0.140159    0.246021    0.000000    0.000000    0.000000    0.000000    0.000000    0.000000
   1.83461    5.094994    0.186562    0.047646    0.138915    0.243059    0.000000    0.000000    0.000000    0.000000    0.000000    0.000000
   1.84061    5.013173    0.184793    0.047660    0.137132    0.239171    0.000000    0.000000    0.000000    0.000000    0.000000    0.000000
   1.84662    4.907206    0.182435    0.047547    0.134888    0.234521    0.000000    0.000000    0.000000    0.000000    0.000000    0.000000
   1.85262    4.781100    0.179610    0.047319    0.132291    0.229307    0.000000    0.000000    0.000000    0.000000    0.000000    0.000000
   1.85862    4.639998    0.176463    0.046990    0.129473    0.223748    0.000000    0.000000    0.000000    0.000000    0.000000    0.000000
   1.86462    4.489850    0.173156    0.046580    0.126576    0.218073    0.000000    0.000000    0.000000    0.000000    0.000000    0.000000
   1.87062    4.337059    0.169859    0.046110    0.123749    0.212511    0.000000    0.000000    0.000000    0.000000    0.000000    0.000000
   1.87663    4.188104    0.166744    0.045602    0.121142    0.207277    0.000000    0.000000    0.000000    0.000000    0.000000    0.000000
   1.88263    4.049189    0.163977    0.045082    0.118895    0.202566    0.000000    0.000000    0.000000    0.000000    0.000000    0.000000
   1.88863    3.925965    0.161715    0.044577    0.117138    0.198544    0.000000    0.000000    0.000000    0.000000    0.000000    0.000000
   1.89463    3.823317    0.160110    0.044117    0.115993    0.195347    0.000000    0.000000    0.000000    0.000000    0.000000    0.000000
   1.90063    3.745268    0.159303    0.043734    0.115569    0.193082    0.000000    0.000000    0.000000    0.000000    0.000000    0.000000
   1.90664    3.694970    0.159426    0.043461    0.115965    0.191832    0.000000    0.000000    0.000000    0.000000    0.000000    0.000000
   1.91264    3.674786    0.160610    0.043335    0.117275    0.191659    0.000000    0.000000    0.000000    0.000000    0.000000    0.000000
   1.91864    3.686427    0.162979    0.043394    0.119584    0.192620    0.000000    0.000000    0.000000    0.000000    0.000000    0.000000
   1.92464    3.731100    0.166652    0.043677    0.122974    0.194763    0.000000    0.000000    0.000000    0.000000    0.000000    0.000000
   1.93064    3.809634    0.171737    0.044223    0.127515    0.198139    0.000000    0.000000    0.000000    0.000000    0.000000    0.000000
   1.93665    3.922542    0.178330    0.045067    0.133262    0.202798    0.000000    0.000000    0.000000    0.000000    0.000000    0.000000
   1.94265    4.070001    0.186495    0.046241    0.140253    0.208783    0.000000    0.000000    0.000000    0.000000    0.000000    0.000000
   1.94865    4.251748    0.196262    0.047768    0.148493    0.216123    0.000000    0.000000    0.000000    0.000000    0.000000    0.000000
   1.95465    4.466911    0.207610    0.049660    0.157951    0.224818    0.000000    0.000000    0.000000    0.000000    0.000000    0.000000
   1.96065    4.713821    0.220464    0.051913    0.168551    0.234830    0.000000    0.000000    0.000000    0.000000    0.000000    0.000000
   1.96666    4.989853    0.234683    0.054509    0.180173    0.246066    0.000000    0.000000    0.000000    0.000000    0.000000    0.000000
   1.97266    5.291352    0.250070    0.057413    0.192658    0.258380    0.000000    0.000000    0.000000    0.000000    0.000000    0.000000
   1.97866    5.613681    0.266381    0.060571    0.205809    0.271566    0.000000    0.000000    0.000000    0.000000    0.000000    0.000000
   1.98466    5.951404    0.283336    0.063918    0.219417    0.285367    0.000000    0.000000    0.000000    0.000000    0.000000    0.000000
   1.99066    6.298599    0.300647    0.067379    0.233269    0.299496    0.000000    0.000000    0.000000    0.000000    0.000000    0.000000
   1.99667    6.649254    0.318041    0.070872    0.247169    0.313646    0.000000    0.000000    0.000000    0.000000    0.000000    0.000000
   2.00267    6.997700    0.335275    0.074317    0.260957    0.327517    0.000000    0.000000    0.000000    0.000000    0.000000    0.000000
   2.00867    7.339001    0.352159    0.077643    0.274516    0.340835    0.000000    0.000000    0.000000    0.000000    0.000000    0.000000
   2.01467    7.669257    0.368560    0.080783    0.287778    0.353367    0.000000    0.000000    0.000000    0.000000    0.000000    0.000000
   2.02067    7.985772    0.384404    0.083686    0.300718    0.364931    0.000000    0.000000    0.000000    0.000000    0.000000    0.000000
   2.02668    8.287075    0.399663    0.086314    0.313349    0.375402    0.000000    0.000000    0.000000    0.000000    0.000000    0.000000
   2.03268    8.572794    0.414345    0.088642    0.325703    0.384705    0.000000    0.000000    0.000000    0.000000    0.000000    0.000000
   2.03868    8.843428    0.428471    0.090657    0.337814    0.392810    0.000000    0.000000    0.000000    0.000000    0.000000    0.000000
   2.04468    9.100031    0.442057    0.092354    0.349704    0.399720    0.000000    0.000000    0.000000    0.000000    0.000000    0.000000
   2.05068    9.343873    0.455103    0.093736    0.361367    0.405460    0.000000    0.000000    0.000000    0.000000    0.000000    0.000000
   2.05669    9.576096    0.467575    0.094810    0.372766    0.410067    0.000000    0.000000    0.000000    0.000000    0.000000    0.000000
   2.06269    9.797396    0.479406    0.095586    0.383820    0.413577    0.000000    0.000000    0.000000    0.000000    0.000000    0.000000
   2.06869   10.007736    0.490486    0.096073    0.394414    0.416023    0.000000    0.000000    0.000000    0.000000    0.000000    0.000000
   2.07469   10.206113    0.500674    0.096280    0.404395    0.417422    0.000000    0.000000    0.000000    0.000000    0.000000    0.000000
   2.08069   10.390379    0.509793    0.096212    0.413581    0.417775    0.000000    0.000000    0.000000    0.000000    0.000000    0.000000
   2.08670   10.557127    0.517635    0.095871    0.421764    0.417064    0.000000    0.000000    0.000000    0.000000    0.000000    0.000000
   2.09270   10.701683    0.523970    0.095254    0.428716    0.415244    0.000000    0.000000    0.000000    0.000000    0.000000    0.000000
   2.09870   10.818209    0.528546    0.094351    0.434195    0.412248    0.000000    0.000000    0.000000    0.000000    0.000000    0.000000
   2.10470   10.899961    0.531101    0.093149    0.437952    0.407985    0.000000    0.000000    0.000000    0.000000    0.000000    0.000000
   2.11070   10.939707    0.531373    0.091627    0.439746    0.402350    0.000000    0.000000    0.000000    0.000000    0.000000    0.000000
   2.11671   10.930302    0.529119    0.089765    0.439354    0.395236    0.000000    0.000000    0.000000    0.000000    0.000000    0.000000
   2.12271   10.865386    0.524135    0.087543    0.436593    0.386542    0.000000    0.000000    0.000000    0.000000    0.000000    0.000000
   2.12871   10.740156    0.516287    0.084947    0.431340    0.376201    0.000000    0.000000    0.000000    0.000000    0.000000    0.000000
   2.13471   10.552106    0.505531    0.081973    0.423558    0.364192    0.000000    0.000000    0.000000    0.000000    0.000000    0.000000
   2.14071   10.301658    0.491941    0.078633    0.413309    0.350564    0.000000    0.000000    0.000000    0.000000    0.000000    0.000000
   2.14672    9.992578    0.475726    0.074955    0.400771    0.335445    0.000000    0.000000    0.000000    0.000000    0.000000    0.000000
   2.15272    9.632109    0.457230    0.070991    0.386239    0.319051    0.000000    0.000000    0.000000    0.000000    0.000000    0.000000
   2.15872    9.230759    0.436923    0.066808    0.370115    0.301681    0.000000    0.000000    0.000000    0.000000    0.000000    0.000000
   2.16472    8.801760    0.415383    0.062495    0.352889    0.283711    0.000000    0.000000    0.000000    0.000000    0.000000    0.000000
   2.17072    8.360235    0.393255    0.058149    0.335105    0.265566    0.000000    0.000000    0.000000    0.000000    0.000000    0.000000
   2.17673    7.922150    0.371205    0.053879    0.317326    0.247700    0.000000    0.000000    0.000000    0.000000    0.000000    0.000000
   2.18273    7.503174    0.349877    0.049788    0.300088    0.230561    0.000000    0.000000    0.000000    0.000000    0.000000    0.000000
   2.18873    7.117565    0.329844    0.045977    0.283867    0.214561    0.000000    0.000000    0.000000    0.000000    0.000000    0.000000
   2.19473    6.777206    0.311572    0.042528    0.269044    0.200053    0.000000    0.000000    0.000000    0.000000    0.000000    0.000000
   2.20073    6.490888    0.295392    0.039509    0.255883    0.187306    0.000000    0.000000    0.000000    0.000000    0.000000    0.000000
   2.20674    6.263893    0.281491    0.036963    0.244528    0.176497    0.000000    0.000000    0.000000    0.000000    0.000000    0.000000
   2.21274    6.097891    0.269918    0.034913    0.235005    0.167704    0.000000    0.000000    0.000000    0.000000    0.000000    0.000000
   2.21874    5.991146    0.260595    0.033358    0.227236    0.160915    0.000000    0.000000    0.000000    0.000000    0.000000    0.000000
   2.22474    5.938938    0.253346    0.032280    0.221066    0.156034    0.000000    0.000000    0.000000    0.000000    0.000000    0.000000
   2.23074    5.934158    0.247930    0.031643    0.216287    0.152902    0.000000    0.000000    0.000000    0.000000    0.000000    0.000000
   2.23675    5.967967    0.244064    0.031400    0.212664    0.151311    0.000000    0.000000    0.000000    0.000000    0.000000    0.000000
   2.24275    6.030461    0.241457    0.031494    0.209963    0.151022    0.000000    0.000000    0.000000    0.000000    0.000000    0.000000
   2.24875    6.111294    0.239825    0.031865    0.207960    0.151775    0.000000    0.000000    0.000000    0.000000    0.000000    0.000000
   2.25475    6.200220    0.238908    0.032449    0.206459    0.153311    0.000000    0.000000    0.000000    0.000000    0.000000    0.000000
   2.26075    6.287563    0.238478    0.033184    0.205293    0.155372    0.000000    0.000000    0.000000    0.000000    0.000000    0.000000
   2.26676    6.364623    0.238337    0.034010    0.204327    0.157715    0.000000    0.000000    0.000000    0.000000    0.000000    0.000000
   2.27276    6.424026    0.238327    0.034873    0.203454    0.160120    0.000000    0.000000    0.000000    0.000000    0.000000    0.000000
   2.27876    6.460033    0.238325    0.035725    0.202599    0.162395    0.000000    0.000000    0.000000    0.000000    0.000000    0.000000
   2.28476    6.468800    0.238245    0.036530    0.201715    0.164386    0.000000    0.000000    0.000000    0.000000    0.000000    0.000000
   2.29076    6.448554    0.238048    0.037262    0.200785    0.165981    0.000000    0.000000    0.000000    0.000000    0.000000    0.000000
   2.29677    6.399661    0.237735    0.037911    0.199824    0.167120    0.000000    0.000000    0.000000    0.000000    0.000000    0.000000
   2.30277    6.324538    0.237356    0.038479    0.198877    0.167791    0.000000    0.000000    0.000000    0.000000    0.000000    0.000000
   2.30877    6.227381    0.236997    0.038981    0.198016    0.168032    0.000000    0.000000    0.000000    0.000000    0.000000    0.000000
   2.31477    6.113703    0.236773    0.039441    0.197332    0.167919    0.000000    0.000000    0.000000    0.000000    0.000000    0.000000
   2.32077    5.989706    0.236807    0.039889    0.196918    0.167551    0.000000    0.000000    0.000000    0.000000    0.000000    0.000000
   2.32678    5.861555    0.237206    0.040355    0.196852    0.167035    0.000000    0.000000    0.000000    0.000000    0.000000    0.000000
   2.33278    5.734628    0.238036    0.040859    0.197177    0.166462    0.000000    0.000000    0.000000    0.000000    0.000000    0.000000
   2.33878    5.612870    0.239294    0.041411    0.197882    0.165890    0.000000    0.000000    0.000000    0.000000    0.000000    0.000000
   2.34478    5.498339    0.240891    0.042003    0.198887    0.165327    0.000000    0.000000    0.000000    0.000000    0.000000    0.000000
   2.35078    5.391045    0.242649    0.042607    0.200042    0.164724    0.000000    0.000000    0.000000    0.000000    0.000000    0.000000
   2.35679    5.289116    0.244306    0.043177    0.201129    0.163979    0.000000    0.000000    0.000000    0.000000    0.000000    0.000000
   2.36279    5.189300    0.245543    0.043653    0.201891    0.162947    0.000000    0.000000    0.000000    0.000000    0.000000    0.000000
   2.36879    5.087736    0.246018    0.043967    0.202050    0.161466    0.000000    0.000000    0.000000    0.000000    0.000000    0.000000
   2.37479    4.980899    0.245412    0.044054    0.201358    0.159376    0.000000    0.000000    0.000000    0.000000    0.000000    0.000000
   2.38079    4.866568    0.243480    0.043858    0.199622    0.156558    0.000000    0.000000    0.000000    0.000000    0.000000    0.000000
   2.38680    4.744683    0.240094    0.043342    0.196752    0.152954    0.000000    0.000000    0.000000    0.000000    0.000000    0.000000
   2.39280    4.617934    0.235272    0.042498    0.192774    0.148591    0.000000    0.000000    0.000000    0.000000    0.000000    0.000000
   2.39880    4.491989    0.229195    0.041344    0.187850    0.143590    0.000000    0.000000    0.000000    0.000000    0.000000    0.000000
   2.40480    4.375291    0.222200    0.039932    0.182267    0.138161    0.000000    0.000000    0.000000    0.000000    0.000000    0.000000
   2.41080    4.278443    0.214755    0.038340    0.176415    0.132596    0.000000    0.000000    0.000000    0.000000    0.000000    0.000000
   2.41681    4.213222    0.207415    0.036665    0.170750    0.127234    0.000000    0.000000    0.000000    0.000000    0.000000    0.000000
   2.42281    4.191356    0.200769    0.035018    0.165752    0.122437    0.000000    0.000000    0.000000    0.000000    0.000000    0.000000
   2.42881    4.223189    0.195377    0.033508    0.161868    0.118547    0.000000    0.000000    0.000000    0.000000    0.000000    0.000000
   2.43481    4.316420    0.191716    0.032240    0.159476    0.115857    0.000000    0.000000    0.000000    0.000000    0.000000    0.000000
   2.44081    4.475057    0.190135    0.031297    0.158838    0.114576    0.000000    0.000000    0.000000    0.000000    0.000000    0.000000
   2.44682    4.698725    0.190823    0.030739    0.160084    0.114812    0.000000    0.000000    0.000000    0.000000    0.000000    0.000000
   2.45282    4.982421    0.193800    0.030598    0.163202    0.116562    0.000000    0.000000    0.000000    0.000000    0.000000    0.000000
   2.45882    5.316729    0.198921    0.030875    0.168046    0.119714    0.000000    0.000000    0.000000    0.000000    0.000000    0.000000
   2.46482    5.688507    0.205903    0.031543    0.174359    0.124063    0.000000    0.000000    0.000000    0.000000    0.000000    0.000000
   2.47082    6.081936    0.214361    0.032555    0.181806    0.129332    0.000000    0.000000    0.000000    0.000000    0.000000    0.000000
   2.47683    6.479835    0.223855    0.033842    0.190013    0.135201    0.000000    0.000000    0.000000    0.000000    0.000000    0.000000
   2.48283    6.865088    0.233930    0.035328    0.198602    0.141343    0.000000    0.000000    0.000000    0.000000    0.000000    0.000000
   2.48883    7.222021    0.244163    0.036932    0.207231    0.147450    0.000000    0.000000    0.000000    0.000000    0.000000    0.000000
   2.49483    7.537590    0.254189    0.038577    0.215612    0.153262    0.000000    0.000000    0.000000    0.000000    0.000000    0.000000
   2.50083    7.802270    0.263730    0.040195    0.223535    0.158583    0.000000    0.000000    0.000000    0.000000    0.000000    0.000000
   2.50684    8.010541    0.272594    0.041730    0.230864    0.163295    0.000000    0.000000    0.000000    0.000000    0.000000    0.000000
   2.51284    8.160986    0.280683    0.043143    0.237540    0.167355    0.000000    0.000000    0.000000    0.000000    0.000000    0.000000
   2.51884    8.255982    0.287974    0.044410    0.243564    0.170792    0.000000    0.000000    0.000000    0.000000    0.000000    0.000000
   2.52484    8.301085    0.294506    0.045527    0.248980    0.173693    0.000000    0.000000    0.000000    0.000000    0.000000    0.000000
   2.53084    8.304183    0.300361    0.046501    0.253860    0.176183    0.000000    0.000000    0.000000    0.000000    0.000000    0.000000
   2.53685    8.274538    0.305642    0.047358    0.258285    0.178410    0.000000    0.000000    0.000000    0.000000    0.000000    0.000000
   2.54285    8.221841    0.310460    0.048129    0.262331    0.180524    0.000000    0.000000    0.000000    0.000000    0.000000    0.000000
   2.54885    8.155354    0.314917    0.048857    0.266060    0.182660    0.000000    0.000000    0.000000    0.000000    0.000000    0.000000
   2.55485    8.083226    0.319103    0.049585    0.269518    0.184927    0.000000    0.000000    0.000000    0.000000    0.000000    0.000000
   2.56085    8.012012    0.323084    0.050357    0.272728    0.187395    0.000000    0.000000    0.000000    0.000000    0.000000    0.000000
   2.56686    7.946410    0.326906    0.051210    0.275696    0.190097    0.000000    0.000000    0.000000    0.000000    0.000000    0.000000
   2.57286    7.889193    0.330587    0.052173    0.278414    0.193018    0.000000    0.000000    0.000000    0.000000    0.000000    0.000000
   2.57886    7.841310    0.334122    0.053260    0.280862    0.196108    0.000000    0.000000    0.000000    0.000000    0.000000    0.000000
   2.58486    7.802118    0.337483    0.054470    0.283013    0.199278    0.000000    0.000000    0.000000    0.000000    0.000000    0.000000
   2.59086    7.769707    0.340620    0.055784    0.284836    0.202409    0.000000    0.000000    0.000000    0.000000    0.000000    0.000000
   2.59687    7.741292    0.343466    0.057166    0.286301    0.205366    0.000000    0.000000    0.000000    0.000000    0.000000    0.000000
   2.60287    7.713644    0.345944    0.058562    0.287382    0.208003    0.000000    0.000000    0.000000    0.000000    0.000000    0.000000
   2.60887    7.683524    0.347977    0.059911    0.288066    0.210181    0.000000    0.000000    0.000000    0.000000    0.000000    0.000000
   2.61487    7.648117    0.349500    0.061146    0.288354    0.211778    0.000000    0.000000    0.000000    0.000000    0.000000    0.000000
   2.62087    7.605406    0.350472    0.062203    0.288269    0.212705    0.000000    0.000000    0.000000    0.000000    0.000000    0.000000
   2.62688    7.554473    0.350888    0.063028    0.287860    0.212917    0.000000    0.000000    0.000000    0.000000    0.000000    0.000000
   2.63288    7.495676    0.350787    0.063584    0.287203    0.212418    0.000000    0.000000    0.000000    0.000000    0.000000    0.000000
   2.63888    7.430683    0.350251    0.063857    0.286394    0.211269    0.000000    0.000000    0.000000    0.000000    0.000000    0.000000
   2.64488    7.362351    0.349404    0.063858    0.285546    0.209584    0.000000    0.000000    0.000000    0.000000    0.000000    0.000000
   2.65088    7.294451    0.348392    0.063621    0.284771    0.207519    0.000000    0.000000    0.000000    0.000000    0.000000    0.000000
   2.65689    7.231283    0.347372    0.063203    0.284169    0.205262    0.000000    0.000000    0.000000    0.000000    0.000000    0.000000
   2.66289    7.177225    0.346488    0.062675    0.283813    0.203018    0.000000    0.000000    0.000000    0.000000    0.000000    0.000000
   2.66889    7.136284    0.345851    0.062114    0.283737    0.200984    0.000000    0.000000    0.000000    0.000000    0.000000    0.000000
   2.67489    7.111715    0.345526    0.061599    0.283927    0.199339    0.000000    0.000000    0.000000    0.000000    0.000000    0.000000
   2.68089    7.105759    0.345525    0.061199    0.284326    0.198225    0.000000    0.000000    0.000000    0.000000    0.000000    0.000000
   2.68690    7.119526    0.345811    0.060968    0.284843    0.197740    0.000000    0.000000    0.000000    0.000000    0.000000    0.000000
   2.69290    7.153032    0.346309    0.060940    0.285369    0.197932    0.000000    0.000000    0.000000    0.000000    0.000000    0.000000
   2.69890    7.205354    0.346924    0.061127    0.285797    0.198800    0.000000    0.000000    0.000000    0.000000    0.000000    0.000000
   2.70490    7.274860    0.347563    0.061521    0.286042    0.200301    0.000000    0.000000    0.000000    0.000000    0.000000    0.000000
   2.71090    7.359463    0.348156    0.062093    0.286063    0.202355    0.000000    0.000000    0.000000    0.000000    0.000000    0.000000
   2.71691    7.456839    0.348669    0.062798    0.285871    0.204857    0.000000    0.000000    0.000000    0.000000    0.000000    0.000000
   2.72291    7.564569    0.349114    0.063579    0.285535    0.207686    0.000000    0.000000    0.000000    0.000000    0.000000    0.000000
   2.72891    7.680209    0.349544    0.064375    0.285168    0.210712    0.000000    0.000000    0.000000    0.000000    0.000000    0.000000
   2.73491    7.801263    0.350040    0.065120    0.284921    0.213805    0.000000    0.000000    0.000000    0.000000    0.000000    0.000000
   2.74091    7.925119    0.350699    0.065749    0.284950    0.216836    0.000000    0.000000    0.000000    0.000000    0.000000    0.000000
   2.74692    8.048972    0.351608    0.066206    0.285402    0.219685    0.000000    0.000000    0.000000    0.000000    0.000000    0.000000
   2.75292    8.169773    0.352824    0.066442    0.286382    0.222246    0.000000    0.000000    0.000000    0.000000    0.000000    0.000000
   2.75892    8.284256    0.354360    0.066418    0.287942    0.224422    0.000000    0.000000    0.000000    0.000000    0.000000    0.000000
   2.76492    8.389040    0.356177    0.066110    0.290067    0.226137    0.000000    0.000000    0.000000    0.000000    0.000000    0.000000
   2.77092    8.480815    0.358180    0.065508    0.292672    0.227332    0.000000    0.000000    0.000000    0.000000    0.000000    0.000000
   2.77693    8.556588    0.360228    0.064618    0.295610    0.227973    0.000000    0.000000    0.000000    0.000000    0.000000    0.000000
   2.78293    8.613950    0.362147    0.063461    0.298686    0.228050    0.000000    0.000000    0.000000    0.000000    0.000000    0.000000
   2.78893    8.651326    0.363751    0.062072    0.301679    0.227577    0.000000    0.000000    0.000000    0.000000    0.000000    0.000000
   2.79493    8.668159    0.364861    0.060501    0.304361    0.226593    0.000000    0.000000    0.000000    0.000000    0.000000    0.000000
   2.80093    8.664994    0.365324    0.058805    0.306519    0.225158    0.000000    0.000000    0.000000    0.000000    0.000000    0.000000
   2.80694    8.643452    0.365026    0.057049    0.307977    0.223347    0.000000    0.000000    0.000000    0.000000    0.000000    0.000000
   2.81294    8.606095    0.363908    0.055299    0.308610    0.221249    0.000000    0.000000    0.000000    0.000000    0.000000    0.000000
   2.81894    8.556188    0.361968    0.053616    0.308351    0.218951    0.000000    0.000000    0.000000    0.000000    0.000000    0.000000
   2.82494    8.497407    0.359255    0.052057    0.307199    0.216542    0.000000    0.000000    0.000000    0.000000    0.000000    0.000000
   2.83094    8.433527    0.355874    0.050665    0.305209    0.214100    0.000000    0.000000    0.000000    0.000000    0.000000    0.000000
   2.83695    8.368129    0.351966    0.049471    0.302495    0.211693    0.000000    0.000000    0.000000    0.000000    0.000000    0.000000
   2.84295    8.304368    0.347703    0.048491    0.299212    0.209372    0.000000    0.000000    0.000000    0.000000    0.000000    0.000000
   2.84895    8.244813    0.343274    0.047727    0.295546    0.207176    0.000000    0.000000    0.000000    0.000000    0.000000    0.000000
   2.85495    8.191384    0.338871    0.047170    0.291700    0.205131    0.000000    0.000000    0.000000    0.000000    0.000000    0.000000
   2.86095    8.145351    0.334679    0.046800    0.287879    0.203252    0.000000    0.000000    0.000000    0.000000    0.000000    0.000000
   2.86696    8.107400    0.330868    0.046591    0.284277    0.201549    0.000000    0.000000    0.000000    0.000000    0.000000    0.000000
   2.87296    8.077708    0.327579    0.046516    0.281063    0.200027    0.000000    0.000000    0.000000    0.000000    0.000000    0.000000
   2.87896    8.056023    0.324919    0.046548    0.278371    0.198691    0.000000    0.000000    0.000000    0.000000    0.000000    0.000000
   2.88496    8.041712    0.322957    0.046663    0.276294    0.197541    0.000000    0.000000    0.000000    0.000000    0.000000    0.000000
   2.89096    8.033764    0.321715    0.046840    0.274875    0.196576    0.000000    0.000000    0.000000    0.000000    0.000000    0.000000
   2.89697    8.030780    0.321172    0.047063    0.274109    0.195790    0.000000    0.000000    0.000000    0.000000    0.000000    0.000000
   2.90297    8.030942    0.321265    0.047320    0.273945    0.195167    0.000000    0.000000    0.000000    0.000000    0.000000    0.000000
   2.90897    8.032009    0.321891    0.047600    0.274292    0.194681    0.000000    0.000000    0.000000    0.000000    0.000000    0.000000
   2.91497    8.031375    0.322924    0.047894    0.275030    0.194295    0.000000    0.000000    0.000000    0.000000    0.000000    0.000000
   2.92097    8.026191    0.324220    0.048195    0.276025    0.193961    0.000000    0.000000    0.000000    0.000000    0.000000    0.000000
   2.92698    8.013578    0.325639    0.048495    0.277145    0.193622    0.000000    0.000000    0.000000    0.000000    0.000000    0.000000
   2.93298    7.990886    0.327057    0.048785    0.278271    0.193222    0.000000    0.000000    0.000000    0.000000    0.000000    0.000000
   2.93898    7.955986    0.328378    0.049059    0.279318    0.192707    0.000000    0.000000    0.000000    0.000000    0.000000    0.000000
   2.94498    7.907515    0.329547    0.049312    0.280235    0.192032    0.000000    0.000000    0.000000    0.000000    0.000000    0.000000
   2.95098    7.845022    0.330547    0.049537    0.281010    0.191164    0.000000    0.000000    0.000000    0.000000    0.000000    0.000000
   2.95699    7.768978    0.331395    0.049733    0.281662    0.190086    0.000000    0.000000    0.000000    0.000000    0.000000    0.000000
   2.96299    7.680594    0.332124    0.049895    0.282230    0.188787    0.000000    0.000000    0.000000    0.000000    0.000000    0.000000
   2.96899    7.581489    0.332764    0.050015    0.282749    0.187266    0.000000    0.000000    0.000000    0.000000    0.000000    0.000000
   2.97499    7.473222    0.333313    0.050083    0.283229    0.185511    0.000000    0.000000    0.000000    0.000000    0.000000    0.000000
   2.98099    7.356777    0.333713    0.050079    0.283633    0.183500    0.000000    0.000000    0.000000    0.000000    0.000000    0.000000
   2.98700    7.232093    0.333832    0.049976    0.283856    0.181187    0.000000    0.000000    0.000000    0.000000    0.000000    0.000000
   2.99300    7.097732    0.333453    0.049737    0.283715    0.178497    0.000000    0.000000    0.000000    0.000000    0.000000    0.000000
   2.99900    6.950773    0.332273    0.049318    0.282956    0.175330    0.000000    0.000000    0.000000    0.000000    0.000000    0.000000
   3.00500    6.786967    0.329928    0.048668    0.281260    0.171562    0.000000    0.000000    0.000000    0.000000    0.000000    0.000000
   3.01100    6.601166    0.326017    0.047740    0.278277    0.167062    0.000000    0.000000    0.000000    0.000000    0.000000    0.000000
   3.01701    6.387972    0.320148    0.046490    0.273657    0.161704    0.000000    0.000000    0.000000    0.000000    0.000000    0.000000
   3.02301    6.142515    0.311981    0.044887    0.267094    0.155388    0.000000    0.000000    0.000000    0.000000    0.000000    0.000000
   3.02901    5.861256    0.301278    0.042916    0.258362    0.148054    0.000000    0.000000    0.000000    0.000000    0.000000    0.000000
   3.03501    5.542680    0.287935    0.040584    0.247351    0.139702    0.000000    0.000000    0.000000    0.000000    0.000000    0.000000
   3.04101    5.187776    0.272008    0.037918    0.234090    0.130396    0.000000    0.000000    0.000000    0.000000    0.000000    0.000000
   3.04702    4.800229    0.253724    0.034968    0.218755    0.120265    0.000000    0.000000    0.000000    0.000000    0.000000    0.000000
   3.05302    4.386291    0.233462    0.031804    0.201658    0.109499    0.000000    0.000000    0.000000    0.000000    0.000000    0.000000
   3.05902    3.954355    0.211733    0.028506    0.183228    0.098335    0.000000    0.000000    0.000000    0.000000    0.000000    0.000000
   3.06502    3.514282    0.189135    0.025163    0.163973    0.087038    0.000000    0.000000    0.000000    0.000000    0.000000    0.000000
   3.07102    3.076592    0.166305    0.021863    0.144442    0.075881    0.000000    0.000000    0.000000    0.000000    0.000000    0.000000
   3.07703    2.651617    0.143869    0.018690    0.125178    0.065124    0.000000    0.000000    0.000000    0.000000    0.000000    0.000000
   3.08303    2.248714    0.122397    0.015714    0.106683    0.054996    0.000000    0.000000    0.000000    0.000000    0.000000    0.000000
   3.08903    1.875644    0.102367    0.012988    0.089378    0.045680    0.000000    0.000000    0.000000    0.000000    0.000000    0.000000
   3.09503    1.538152    0.084140    0.010552    0.073588    0.037305    0.000000    0.000000    0.000000    0.000000    0.000000    0.000000
   3.10103    1.239784    0.067951    0.008424    0.059527    0.029947    0.000000    0.000000    0.000000    0.000000    0.000000    0.000000
   3.10704    0.981921    0.053906    0.006607    0.047299    0.023625    0.000000    0.000000    0.000000    0.000000    0.000000    0.000000
   3.11304    0.764004    0.042000    0.005090    0.036910    0.018311    0.000000    0.000000    0.000000    0.000000    0.000000    0.000000
   3.11904    0.583876    0.032135    0.003852    0.028283    0.013942    0.000000    0.000000    0.000000    0.000000    0.000000    0.000000
   3.12504    0.438210    0.024141    0.002862    0.021278    0.010426    0.000000    0.000000    0.000000    0.000000    0.000000    0.000000
   3.13104    0.322940    0.017804    0.002089    0.015716    0.007657    0.000000    0.000000    0.000000    0.000000    0.000000    0.000000
   3.13705    0.233661    0.012890    0.001496    0.011394    0.005522    0.000000    0.000000    0.000000    0.000000    0.000000    0.000000
   3.14305    0.165970    0.009160    0.001052    0.008108    0.003910    0.000000    0.000000    0.000000    0.000000    0.000000    0.000000
   3.14905    0.115722    0.006389    0.000727    0.005662    0.002718    0.000000    0.000000    0.000000    0.000000    0.000000    0.000000
   3.15505    0.079197    0.004373    0.000492    0.003881    0.001855    0.000000    0.000000    0.000000    0.000000    0.000000    0.000000
   3.16105    0.053195    0.002938    0.000328    0.002610    0.001242    0.000000    0.000000    0.000000    0.000000    0.000000    0.000000
   3.16706    0.035066    0.001937    0.000214    0.001723    0.000817    0.000000    0.000000    0.000000    0.000000    0.000000    0.000000
   3.17306    0.022684    0.001253    0.000137    0.001116    0.000527    0.000000    0.000000    0.000000    0.000000    0.000000    0.000000
   3.17906    0.014400    0.000795    0.000086    0.000709    0.000334    0.000000    0.000000    0.000000    0.000000    0.000000    0.000000
   3.18506    0.008969    0.000495    0.000053    0.000442    0.000207    0.000000    0.000000    0.000000    0.000000    0.000000    0.000000
   3.19106    0.005482    0.000303    0.000032    0.000270    0.000127    0.000000    0.000000    0.000000    0.000000    0.000000    0.000000
   3.19707    0.003287    0.000181    0.000019    0.000162    0.000076    0.000000    0.000000    0.000000    0.000000    0.000000    0.000000
   3.20307    0.001934    0.000107    0.000011    0.000095    0.000044    0.000000    0.000000    0.000000    0.000000    0.000000    0.000000
   3.20907    0.001116    0.000062    0.000006    0.000055    0.000026    0.000000    0.000000    0.000000    0.000000    0.000000    0.000000
   3.21507    0.000632    0.000035    0.000004    0.000031    0.000014    0.000000    0.000000    0.000000    0.000000    0.000000    0.000000
   3.22107    0.000351    0.000019    0.000002    0.000017    0.000008    0.000000    0.000000    0.000000    0.000000    0.000000    0.000000
   3.22708    0.000191    0.000011    0.000001    0.000009    0.000004    0.000000    0.000000    0.000000    0.000000    0.000000    0.000000
   3.23308    0.000102    0.000006    0.000001    0.000005    0.000002    0.000000    0.000000    0.000000    0.000000    0.000000    0.000000
   3.23908    0.000054    0.000003    0.000000    0.000003    0.000001    0.000000    0.000000    0.000000    0.000000    0.000000    0.000000
   3.24508    0.000028    0.000002    0.000000    0.000001    0.000001    0.000000    0.000000    0.000000    0.000000    0.000000    0.000000
   3.25108    0.000014    0.000001    0.000000    0.000001    0.000000    0.000000    0.000000    0.000000    0.000000    0.000000    0.000000
   3.25709    0.000007    0.000000    0.000000    0.000000    0.000000    0.000000    0.000000    0.000000    0.000000    0.000000    0.000000
   3.26309    0.000003    0.000000    0.000000    0.000000    0.000000    0.000000    0.000000    0.000000    0.000000    0.000000    0.000000
   3.26909    0.000002    0.000000    0.000000    0.000000    0.000000    0.000000    0.000000    0.000000    0.000000    0.000000    0.000000
   3.27509    0.000001    0.000000    0.000000    0.000000    0.000000    0.000000    0.000000    0.000000    0.000000    0.000000    0.000000
   3.28109    0.000000    0.000000    0.000000    0.000000    0.000000    0.000000    0.000000    0.000000    0.000000    0.000000    0.000000
   3.28710    0.000000    0.000000    0.000000    0.000000    0.000000    0.000000    0.000000    0.000000    0.000000    0.000000    0.000000
   3.29310    0.000000    0.000000    0.000000    0.000000    0.000000    0.000000    0.000000    0.000000    0.000000    0.000000    0.000000
   3.29910    0.000000    0.000000    0.000000    0.000000    0.000000    0.000000    0.000000    0.000000    0.000000    0.000000    0.000000
   3.30510    0.000000    0.000000    0.000000    0.000000    0.000000    0.000000    0.000000    0.000000    0.000000    0.000000    0.000000
   3.31110    0.000000    0.000000    0.000000    0.000000    0.000000    0.000000    0.000000    0.000000    0.000000    0.000000    0.000000
   3.31711    0.000000    0.000000    0.000000    0.000000    0.000000    0.000000    0.000000    0.000000    0.000000    0.000000    0.000000
   3.32311    0.000000    0.000000    0.000000    0.000000    0.000000    0.000000    0.000000    0.000000    0.000000    0.000000    0.000000
   3.32911    0.000000    0.000000    0.000000    0.000000    0.000000    0.000000    0.000000    0.000000    0.000000    0.000000    0.000000
   3.33511    0.000000    0.000000    0.000000    0.000000    0.000000    0.000000    0.000000    0.000000    0.000000    0.000000    0.000000
   3.34111    0.000000    0.000000    0.000000    0.000000    0.000000    0.000000    0.000000    0.000000    0.000000    0.000000    0.000000
   3.34712    0.000000    0.000000    0.000000    0.000000    0.000000    0.000000    0.000000    0.000000    0.000000    0.000000    0.000000
   3.35312    0.000000    0.000000    0.000000    0.000000    0.000000    0.000000    0.000000    0.000000    0.000000    0.000000    0.000000
   3.35912    0.000000    0.000000    0.000000    0.000000    0.000000    0.000000    0.000000    0.000000    0.000000    0.000000    0.000000
   3.36512    0.000000    0.000000    0.000000    0.000000    0.000000    0.000000    0.000000    0.000000    0.000000    0.000000    0.000000
   3.37112    0.000000    0.000000    0.000000    0.000000    0.000000    0.000000    0.000000    0.000000    0.000000    0.000000    0.000000
   3.37713    0.000000    0.000000    0.000000    0.000000    0.000000    0.000000    0.000000    0.000000    0.000000    0.000000    0.000000
   3.38313    0.000000    0.000000    0.000000    0.000000    0.000000    0.000000    0.000000    0.000000    0.000000    0.000000    0.000000
   3.38913    0.000000    0.000000    0.000000    0.000000    0.000000    0.000000    0.000000    0.000000    0.000000    0.000000    0.000000
   3.39513    0.000000    0.000000    0.000000    0.000000    0.000000    0.000000    0.000000    0.000000    0.000000    0.000000    0.000000
   3.40113    0.000000    0.000000    0.000000    0.000000    0.000000    0.000000    0.000000    0.000000    0.000000    0.000000    0.000000
   3.40714    0.000000    0.000000    0.000000    0.000000    0.000000    0.000000    0.000000    0.000000    0.000000    0.000000    0.000000
   3.41314    0.000000    0.000000    0.000000    0.000000    0.000000    0.000000    0.000000    0.000000    0.000000    0.000000    0.000000
   3.41914    0.000000    0.000000    0.000000    0.000000    0.000000    0.000000    0.000000    0.000000    0.000000    0.000000    0.000000
   3.42514    0.000000    0.000000    0.000000    0.000000    0.000000    0.000000    0.000000    0.000000    0.000000    0.000000    0.000000
   3.43114    0.000000    0.000000    0.000000    0.000000    0.000000    0.000000    0.000000    0.000000    0.000000    0.000000    0.000000
   3.43715    0.000000    0.000000    0.000000    0.000000    0.000000    0.000000    0.000000    0.000000    0.000000    0.000000    0.000000
   3.44315    0.000000    0.000000    0.000000    0.000000    0.000000    0.000000    0.000000    0.000000    0.000000    0.000000    0.000000
   3.44915    0.000000    0.000000    0.000000    0.000000    0.000000    0.000000    0.000000    0.000000    0.000000    0.000000    0.000000
   3.45515    0.000000    0.000000    0.000000    0.000000    0.000000    0.000000    0.000000    0.000000    0.000000    0.000000    0.000000
   3.46115    0.000000    0.000000    0.000000    0.000000    0.000000    0.000000    0.000000    0.000000    0.000000    0.000000    0.000000
   3.46716    0.000000    0.000000    0.000000    0.000000    0.000000    0.000000    0.000000    0.000000    0.000000    0.000000    0.000000
   3.47316    0.000000    0.000000    0.000000    0.000000    0.000000    0.000000    0.000000    0.000000    0.000000    0.000000    0.000000
   3.47916    0.000000    0.000000    0.000000    0.000000    0.000000    0.000000    0.000000    0.000000    0.000000    0.000000    0.000000
   3.48516    0.000000    0.000000    0.000000    0.000000    0.000000    0.000000    0.000000    0.000000    0.000000    0.000000    0.000000
   3.49116    0.000000    0.000000    0.000000    0.000000    0.000000    0.000000    0.000000    0.000000    0.000000    0.000000    0.000000
   3.49717    0.000000    0.000000    0.000000    0.000000    0.000000    0.000000    0.000000    0.000000    0.000000    0.000000    0.000000
   3.50317    0.000000    0.000000    0.000000    0.000000    0.000000    0.000000    0.000000    0.000000    0.000000    0.000000    0.000000
   3.50917    0.000000    0.000000    0.000000    0.000000    0.000000    0.000000    0.000000    0.000000    0.000000    0.000000    0.000000
   3.51517    0.000000    0.000000    0.000000    0.000000    0.000000    0.000000    0.000000    0.000000    0.000000    0.000000    0.000000
   3.52117    0.000000    0.000000    0.000000    0.000000    0.000000    0.000000    0.000000    0.000000    0.000000    0.000000    0.000000
   3.52718    0.000000    0.000000    0.000000    0.000000    0.000000    0.000000    0.000000    0.000000    0.000000    0.000000    0.000000
   3.53318    0.000000    0.000000    0.000000    0.000000    0.000000    0.000000    0.000000    0.000000    0.000000    0.000000    0.000000
   3.53918    0.000000    0.000000    0.000000    0.000000    0.000000    0.000000    0.000000    0.000000    0.000000    0.000000    0.000000
   3.54518    0.000000    0.000000    0.000000    0.000000    0.000000    0.000000    0.000000    0.000000    0.000000    0.000000    0.000000
   3.55118    0.000000    0.000000    0.000000    0.000000    0.000000    0.000000    0.000000    0.000000    0.000000    0.000000    0.000000
   3.55719    0.000000    0.000000    0.000000    0.000000    0.000000    0.000000    0.000000    0.000000    0.000000    0.000000    0.000000
   3.56319    0.000000    0.000000    0.000000    0.000000    0.000000    0.000000    0.000000    0.000000    0.000000    0.000000    0.000000
   3.56919    0.000000    0.000000    0.000000    0.000000    0.000000    0.000000    0.000000    0.000000    0.000000    0.000000    0.000000
   3.57519    0.000000    0.000000    0.000000    0.000000    0.000000    0.000000    0.000000    0.000000    0.000000    0.000000    0.000000
   3.58119    0.000000    0.000000    0.000000    0.000000    0.000000    0.000000    0.000000    0.000000    0.000000    0.000000    0.000000
   3.58720    0.000000    0.000000    0.000000    0.000000    0.000000    0.000000    0.000000    0.000000    0.000000    0.000000    0.000000
   3.59320    0.000000    0.000000    0.000000    0.000000    0.000000    0.000000    0.000000    0.000000    0.000000    0.000000    0.000000
   3.59920    0.000000    0.000000    0.000000    0.000000    0.000000    0.000000    0.000000    0.000000    0.000000    0.000000    0.000000
   3.60520    0.000000    0.000000    0.000000    0.000000    0.000000    0.000000    0.000000    0.000000    0.000000    0.000000    0.000000
   3.61120    0.000000    0.000000    0.000000    0.000000    0.000000    0.000000    0.000000    0.000000    0.000000    0.000000    0.000000
   3.61721    0.000000    0.000000    0.000000    0.000000    0.000000    0.000000    0.000000    0.000000    0.000000    0.000000    0.000000
   3.62321    0.000000    0.000000    0.000000    0.000000    0.000000    0.000000    0.000000    0.000000    0.000000    0.000000    0.000000
   3.62921    0.000000    0.000000    0.000000    0.000000    0.000000    0.000000    0.000000    0.000000    0.000000    0.000000    0.000000
   3.63521    0.000000    0.000000    0.000000    0.000000    0.000000    0.000000    0.000000    0.000000    0.000000    0.000000    0.000000
   3.64121    0.000000    0.000000    0.000000    0.000000    0.000000    0.000000    0.000000    0.000000    0.000000    0.000000    0.000000
   3.64722    0.000000    0.000000    0.000000    0.000000    0.000000    0.000000    0.000000    0.000000    0.000000    0.000000    0.000000
   3.65322    0.000000    0.000000    0.000000    0.000000    0.000000    0.000000    0.000000    0.000000    0.000000    0.000000    0.000000
   3.65922    0.000000    0.000000    0.000000    0.000000    0.000000    0.000000    0.000000    0.000000    0.000000    0.000000    0.000000
   3.66522    0.000000    0.000000    0.000000    0.000000    0.000000    0.000000    0.000000    0.000000    0.000000    0.000000    0.000000
   3.67122    0.000000    0.000000    0.000000    0.000000    0.000000    0.000000    0.000000    0.000000    0.000000    0.000000    0.000000
   3.67723    0.000000    0.000000    0.000000    0.000000    0.000000    0.000000    0.000000    0.000000    0.000000    0.000000    0.000000
   3.68323    0.000000    0.000000    0.000000    0.000000    0.000000    0.000000    0.000000    0.000000    0.000000    0.000000    0.000000
   3.68923    0.000000    0.000000    0.000000    0.000000    0.000000    0.000000    0.000000    0.000000    0.000000    0.000000    0.000000
   3.69523    0.000000    0.000000    0.000000    0.000000    0.000000    0.000000    0.000000    0.000000    0.000000    0.000000    0.000000
   3.70123    0.000000    0.000000    0.000000    0.000000    0.000000    0.000000    0.000000    0.000000    0.000000    0.000000    0.000000
   3.70724    0.000000    0.000000    0.000000    0.000000    0.000000    0.000000    0.000000    0.000000    0.000000    0.000000    0.000000
   3.71324    0.000000    0.000000    0.000000    0.000000    0.000000    0.000000    0.000000    0.000000    0.000000    0.000000    0.000000
   3.71924    0.000000    0.000000    0.000000    0.000000    0.000000    0.000000    0.000000    0.000000    0.000000    0.000000    0.000000
   3.72524    0.000000    0.000000    0.000000    0.000000    0.000000    0.000000    0.000000    0.000000    0.000000    0.000000    0.000000
   3.73124    0.000000    0.000000    0.000000    0.000000    0.000000    0.000000    0.000000    0.000000    0.000000    0.000000    0.000000
   3.73725    0.000000    0.000000    0.000000    0.000000    0.000000    0.000000    0.000000    0.000000    0.000000    0.000000    0.000000
   3.74325    0.000000    0.000000    0.000000    0.000000    0.000000    0.000000    0.000000    0.000000    0.000000    0.000000    0.000000
   3.74925    0.000000    0.000000    0.000000    0.000000    0.000000    0.000000    0.000000    0.000000    0.000000    0.000000    0.000000
   3.75525    0.000000    0.000000    0.000000    0.000000    0.000000    0.000000    0.000000    0.000000    0.000000    0.000000    0.000000
   3.76125    0.000000    0.000000    0.000000    0.000000    0.000000    0.000000    0.000000    0.000000    0.000000    0.000000    0.000000
   3.76726    0.000000    0.000000    0.000000    0.000000    0.000000    0.000000    0.000000    0.000000    0.000000    0.000000    0.000000
   3.77326    0.000000    0.000000    0.000000    0.000000    0.000000    0.000000    0.000000    0.000000    0.000000    0.000000    0.000000
   3.77926    0.000000    0.000000    0.000000    0.000000    0.000000    0.000000    0.000000    0.000000    0.000000    0.000000    0.000000
   3.78526    0.000000    0.000000    0.000000    0.000000    0.000000    0.000000    0.000000    0.000000    0.000000    0.000000    0.000000
   3.79126    0.000000    0.000000    0.000000    0.000000    0.000000    0.000000    0.000000    0.000000    0.000000    0.000000    0.000000
   3.79727    0.000000    0.000000    0.000000    0.000000    0.000000    0.000000    0.000000    0.000000    0.000000    0.000000    0.000000
   3.80327    0.000000    0.000000    0.000000    0.000000    0.000000    0.000000    0.000000    0.000000    0.000000    0.000000    0.000000
   3.80927    0.000000    0.000000    0.000000    0.000000    0.000000    0.000000    0.000000    0.000000    0.000000    0.000000    0.000000
   3.81527    0.000000    0.000000    0.000000    0.000000    0.000000    0.000000    0.000000    0.000000    0.000000    0.000000    0.000000
   3.82127    0.000000    0.000000    0.000000    0.000000    0.000000    0.000000    0.000000    0.000000    0.000000    0.000000    0.000000
   3.82728    0.000000    0.000000    0.000000    0.000000    0.000000    0.000000    0.000000    0.000000    0.000000    0.000000    0.000000
   3.83328    0.000000    0.000000    0.000000    0.000000    0.000000    0.000000    0.000000    0.000000    0.000000    0.000000    0.000000
   3.83928    0.000000    0.000000    0.000000    0.000000    0.000000    0.000000    0.000000    0.000000    0.000000    0.000000    0.000000
   3.84528    0.000000    0.000000    0.000000    0.000000    0.000000    0.000000    0.000000    0.000000    0.000000    0.000000    0.000000
   3.85128    0.000000    0.000000    0.000000    0.000000    0.000000    0.000000    0.000000    0.000000    0.000000    0.000000    0.000000
   3.85729    0.000000    0.000000    0.000000    0.000000    0.000000    0.000000    0.000000    0.000000    0.000000    0.000000    0.000000
   3.86329    0.000000    0.000000    0.000000    0.000000    0.000000    0.000000    0.000000    0.000000    0.000000    0.000000    0.000000
   3.86929    0.000000    0.000000    0.000000    0.000000    0.000000    0.000000    0.000000    0.000000    0.000000    0.000000    0.000000
   3.87529    0.000000    0.000000    0.000000    0.000000    0.000000    0.000000    0.000000    0.000000    0.000000    0.000000    0.000000
   3.88129    0.000000    0.000000    0.000000    0.000000    0.000000    0.000000    0.000000    0.000000    0.000000    0.000000    0.000000
   3.88730    0.000000    0.000000    0.000000    0.000000    0.000000    0.000000    0.000000    0.000000    0.000000    0.000000    0.000000
   3.89330    0.000000    0.000000    0.000000    0.000000    0.000000    0.000000    0.000000    0.000000    0.000000    0.000000    0.000000
   3.89930    0.000000    0.000000    0.000000    0.000000    0.000000    0.000000    0.000000    0.000000    0.000000    0.000000    0.000000
   3.90530    0.000000    0.000000    0.000000    0.000000    0.000000    0.000000    0.000000    0.000000    0.000000    0.000000    0.000000
   3.91130    0.000000    0.000000    0.000000    0.000000    0.000000    0.000000    0.000000    0.000000    0.000000    0.000000    0.000000
   3.91731    0.000000    0.000000    0.000000    0.000000    0.000000    0.000000    0.000000    0.000000    0.000000    0.000000    0.000000
   3.92331    0.000000    0.000000    0.000000    0.000000    0.000000    0.000000    0.000000    0.000000    0.000000    0.000000    0.000000
   3.92931    0.000000    0.000000    0.000000    0.000000    0.000000    0.000000    0.000000    0.000000    0.000000    0.000000    0.000000
   3.93531    0.000000    0.000000    0.000000    0.000000    0.000000    0.000000    0.000000    0.000000    0.000000    0.000000    0.000000
   3.94131    0.000000    0.000000    0.000000    0.000000    0.000000    0.000000    0.000000    0.000000    0.000000    0.000000    0.000000
   3.94732    0.000000    0.000000    0.000000    0.000000    0.000000    0.000000    0.000000    0.000000    0.000000    0.000000    0.000000
   3.95332    0.000000    0.000000    0.000000    0.000000    0.000000    0.000000    0.000000    0.000000    0.000000    0.000000    0.000000
   3.95932    0.000000    0.000000    0.000000    0.000000    0.000000    0.000000    0.000000    0.000000    0.000000    0.000000    0.000000
   3.96532    0.000000    0.000000    0.000000    0.000000    0.000000    0.000000    0.000000    0.000000    0.000000    0.000000    0.000000
   3.97132    0.000000    0.000000    0.000000    0.000000    0.000000    0.000000    0.000000    0.000000    0.000000    0.000000    0.000000
   3.97733    0.000000    0.000000    0.000000    0.000000    0.000000    0.000000    0.000000    0.000000    0.000000    0.000000    0.000000
   3.98333    0.000000    0.000000    0.000000    0.000000    0.000000    0.000000    0.000000    0.000000    0.000000    0.000000    0.000000
   3.98933    0.000000    0.000000    0.000000    0.000000    0.000000    0.000000    0.000000    0.000000    0.000000    0.000000    0.000000
   3.99533    0.000000    0.000000    0.000000    0.000000    0.000000    0.000000    0.000000    0.000000    0.000000    0.000000    0.000000
   4.00133    0.000000    0.000000    0.000000    0.000000    0.000000    0.000000    0.000000    0.000000    0.000000    0.000000    0.000000
   4.00734    0.000000    0.000000    0.000000    0.000000    0.000000    0.000000    0.000000    0.000000    0.000000    0.000000    0.000000
   4.01334    0.000000    0.000000    0.000000    0.000000    0.000000    0.000000    0.000000    0.000000    0.000000    0.000000    0.000000
   4.01934    0.000000    0.000000    0.000000    0.000000    0.000000    0.000000    0.000000    0.000000    0.000000    0.000000    0.000000
   4.02534    0.000000    0.000000    0.000000    0.000000    0.000000    0.000000    0.000000    0.000000    0.000000    0.000000    0.000000
   4.03134    0.000000    0.000000    0.000000    0.000000    0.000000    0.000000    0.000000    0.000000    0.000000    0.000000    0.000000
   4.03735    0.000000    0.000000    0.000000    0.000000    0.000000    0.000000    0.000000    0.000000    0.000000    0.000000    0.000000
   4.04335    0.000000    0.000000    0.000000    0.000000    0.000000    0.000000    0.000000    0.000000    0.000000    0.000000    0.000000
   4.04935    0.000000    0.000000    0.000000    0.000000    0.000000    0.000000    0.000000    0.000000    0.000000    0.000000    0.000000
   4.05535    0.000000    0.000000    0.000000    0.000000    0.000000    0.000000    0.000000    0.000000    0.000000    0.000000    0.000000
   4.06135    0.000000    0.000000    0.000000    0.000000    0.000000    0.000000    0.000000    0.000000    0.000000    0.000000    0.000000
   4.06736    0.000000    0.000000    0.000000    0.000000    0.000000    0.000000    0.000000    0.000000    0.000000    0.000000    0.000000
   4.07336    0.000000    0.000000    0.000000    0.000000    0.000000    0.000000    0.000000    0.000000    0.000000    0.000000    0.000000
   4.07936    0.000000    0.000000    0.000000    0.000000    0.000000    0.000000    0.000000    0.000000    0.000000    0.000000    0.000000
   4.08536    0.000000    0.000000    0.000000    0.000000    0.000000    0.000000    0.000000    0.000000    0.000000    0.000000    0.000000
   4.09136    0.000000    0.000000    0.000000    0.000000    0.000000    0.000000    0.000000    0.000000    0.000000    0.000000    0.000000
   4.09737    0.000000    0.000000    0.000000    0.000000    0.000000    0.000000    0.000000    0.000000    0.000000    0.000000    0.000000
   4.10337    0.000000    0.000000    0.000000    0.000000    0.000000    0.000000    0.000000    0.000000    0.000000    0.000000    0.000000
   4.10937    0.000000    0.000000    0.000000    0.000000    0.000000    0.000000    0.000000    0.000000    0.000000    0.000000    0.000000
   4.11537    0.000000    0.000000    0.000000    0.000000    0.000000    0.000000    0.000000    0.000000    0.000000    0.000000    0.000000
   4.12137    0.000000    0.000000    0.000000    0.000000    0.000000    0.000000    0.000000    0.000000    0.000000    0.000000    0.000000
   4.12738    0.000000    0.000000    0.000000    0.000000    0.000000    0.000000    0.000000    0.000000    0.000000    0.000000    0.000000
   4.13338    0.000000    0.000000    0.000000    0.000000    0.000000    0.000000    0.000000    0.000000    0.000000    0.000000    0.000000
   4.13938    0.000000    0.000000    0.000000    0.000000    0.000000    0.000000    0.000000    0.000000    0.000000    0.000000    0.000000
   4.14538    0.000000    0.000000    0.000000    0.000000    0.000000    0.000000    0.000000    0.000000    0.000000    0.000000    0.000000
   4.15138    0.000000    0.000000    0.000000    0.000000    0.000000    0.000000    0.000000    0.000000    0.000000    0.000000    0.000000
   4.15739    0.000000    0.000000    0.000000    0.000000    0.000000    0.000000    0.000000    0.000000    0.000000    0.000000    0.000000
   4.16339    0.000000    0.000000    0.000000    0.000000    0.000000    0.000000    0.000000    0.000000    0.000000    0.000000    0.000000
   4.16939    0.000000    0.000000    0.000000    0.000000    0.000000    0.000000    0.000000    0.000000    0.000000    0.000000    0.000000
   4.17539    0.000000    0.000000    0.000000    0.000000    0.000000    0.000000    0.000000    0.000000    0.000000    0.000000    0.000000
   4.18139    0.000000    0.000000    0.000000    0.000000    0.000000    0.000000    0.000000    0.000000    0.000000    0.000000    0.000000
   4.18740    0.000000    0.000000    0.000000    0.000000    0.000000    0.000000    0.000000    0.000000    0.000000    0.000000    0.000000
   4.19340    0.000000    0.000000    0.000000    0.000000    0.000000    0.000000    0.000000    0.000000    0.000000    0.000000    0.000000
   4.19940    0.000000    0.000000    0.000000    0.000000    0.000000    0.000000    0.000000    0.000000    0.000000    0.000000    0.000000
   4.20540    0.000000    0.000000    0.000000    0.000000    0.000000    0.000000    0.000000    0.000000    0.000000    0.000000    0.000000
   4.21140    0.000000    0.000000    0.000000    0.000000    0.000000    0.000000    0.000000    0.000000    0.000000    0.000000    0.000000
   4.21741    0.000000    0.000000    0.000000    0.000000    0.000000    0.000000    0.000000    0.000000    0.000000    0.000000    0.000000
   4.22341    0.000000    0.000000    0.000000    0.000000    0.000000    0.000000    0.000000    0.000000    0.000000    0.000000    0.000000
   4.22941    0.000000    0.000000    0.000000    0.000000    0.000000    0.000000    0.000000    0.000000    0.000000    0.000000    0.000000
   4.23541    0.000000    0.000000    0.000000    0.000000    0.000000    0.000000    0.000000    0.000000    0.000000    0.000000    0.000000
   4.24141    0.000000    0.000000    0.000000    0.000000    0.000000    0.000000    0.000000    0.000000    0.000000    0.000000    0.000000
   4.24742    0.000000    0.000000    0.000000    0.000000    0.000000    0.000000    0.000000    0.000000    0.000000    0.000000    0.000000
   4.25342    0.000000    0.000000    0.000000    0.000000    0.000000    0.000000    0.000000    0.000000    0.000000    0.000000    0.000000
   4.25942    0.000000    0.000000    0.000000    0.000000    0.000000    0.000000    0.000000    0.000000    0.000000    0.000000    0.000000
   4.26542    0.000000    0.000000    0.000000    0.000000    0.000000    0.000000    0.000000    0.000000    0.000000    0.000000    0.000000
   4.27142    0.000000    0.000000    0.000000    0.000000    0.000000    0.000000    0.000000    0.000000    0.000000    0.000000    0.000000
   4.27743    0.000000    0.000000    0.000000    0.000000    0.000000    0.000000    0.000000    0.000000    0.000000    0.000000    0.000000
   4.28343    0.000000    0.000000    0.000000    0.000000    0.000000    0.000000    0.000000    0.000000    0.000000    0.000000    0.000000
   4.28943    0.000000    0.000000    0.000000    0.000000    0.000000    0.000000    0.000000    0.000000    0.000000    0.000000    0.000000
   4.29543    0.000000    0.000000    0.000000    0.000000    0.000000    0.000000    0.000000    0.000000    0.000000    0.000000    0.000000
   4.30143    0.000000    0.000000    0.000000    0.000000    0.000000    0.000000    0.000000    0.000000    0.000000    0.000000    0.000000
   4.30744    0.000000    0.000000    0.000000    0.000000    0.000000    0.000000    0.000000    0.000000    0.000000    0.000000    0.000000
   4.31344    0.000000    0.000000    0.000000    0.000000    0.000000    0.000000    0.000000    0.000000    0.000000    0.000000    0.000000
   4.31944    0.000000    0.000000    0.000000    0.000000    0.000000    0.000000    0.000000    0.000000    0.000000    0.000000    0.000000
   4.32544    0.000000    0.000000    0.000000    0.000000    0.000000    0.000000    0.000000    0.000000    0.000000    0.000000    0.000000
   4.33144    0.000000    0.000000    0.000000    0.000000    0.000000    0.000000    0.000000    0.000000    0.000000    0.000000    0.000000
   4.33745    0.000000    0.000000    0.000000    0.000000    0.000000    0.000000    0.000000    0.000000    0.000000    0.000000    0.000000
   4.34345    0.000000    0.000000    0.000000    0.000000    0.000000    0.000000    0.000000    0.000000    0.000000    0.000000    0.000000
   4.34945    0.000000    0.000000    0.000000    0.000000    0.000000    0.000000    0.000000    0.000000    0.000000    0.000000    0.000000
   4.35545    0.000000    0.000000    0.000000    0.000000    0.000000    0.000000    0.000000    0.000000    0.000000    0.000000    0.000000
   4.36145    0.000000    0.000000    0.000000    0.000000    0.000000    0.000000    0.000000    0.000000    0.000000    0.000000    0.000000
   4.36746    0.000000    0.000000    0.000000    0.000000    0.000000    0.000000    0.000000    0.000000    0.000000    0.000000    0.000000
   4.37346    0.000000    0.000000    0.000000    0.000000    0.000000    0.000000    0.000000    0.000000    0.000000    0.000000    0.000000
   4.37946    0.000000    0.000000    0.000000    0.000000    0.000000    0.000000    0.000000    0.000000    0.000000    0.000000    0.000000
   4.38546    0.000000    0.000000    0.000000    0.000000    0.000000    0.000000    0.000000    0.000000    0.000000    0.000000    0.000000
   4.39146    0.000000    0.000000    0.000000    0.000000    0.000000    0.000000    0.000000    0.000000    0.000000    0.000000    0.000000
   4.39747    0.000000    0.000000    0.000000    0.000000    0.000000    0.000000    0.000000    0.000000    0.000000    0.000000    0.000000
   4.40347    0.000000    0.000000    0.000000    0.000000    0.000000    0.000000    0.000000    0.000000    0.000000    0.000000    0.000000
   4.40947    0.000000    0.000000    0.000000    0.000000    0.000000    0.000000    0.000000    0.000000    0.000000    0.000000    0.000000
   4.41547    0.000000    0.000000    0.000000    0.000000    0.000000    0.000000    0.000000    0.000000    0.000000    0.000000    0.000000
   4.42147    0.000000    0.000000    0.000000    0.000000    0.000000    0.000000    0.000000    0.000000    0.000000    0.000000    0.000000
   4.42748    0.000000    0.000000    0.000000    0.000000    0.000000    0.000000    0.000000    0.000000    0.000000    0.000000    0.000000
   4.43348    0.000000    0.000000    0.000000    0.000000    0.000000    0.000000    0.000000    0.000000    0.000000    0.000000    0.000000
   4.43948    0.000000    0.000000    0.000000    0.000000    0.000000    0.000000    0.000000    0.000000    0.000000    0.000000    0.000000
   4.44548    0.000000    0.000000    0.000000    0.000000    0.000000    0.000000    0.000000    0.000000    0.000000    0.000000    0.000000
   4.45148    0.000000    0.000000    0.000000    0.000000    0.000000    0.000000    0.000000    0.000000    0.000000    0.000000    0.000000
   4.45749    0.000000    0.000000    0.000000    0.000000    0.000000    0.000000    0.000000    0.000000    0.000000    0.000000    0.000000
   4.46349    0.000000    0.000000    0.000000    0.000000    0.000000    0.000000    0.000000    0.000000    0.000000    0.000000    0.000000
   4.46949    0.000000    0.000000    0.000000    0.000000    0.000000    0.000000    0.000000    0.000000    0.000000    0.000000    0.000000
   4.47549    0.000000    0.000000    0.000000    0.000000    0.000000    0.000000    0.000000    0.000000    0.000000    0.000000    0.000000
   4.48149    0.000000    0.000000    0.000000    0.000000    0.000000    0.000000    0.000000    0.000000    0.000000    0.000000    0.000000
   4.48750    0.000000    0.000000    0.000000    0.000000    0.000000    0.000000    0.000000    0.000000    0.000000    0.000000    0.000000
   4.49350    0.000000    0.000000    0.000000    0.000000    0.000000    0.000000    0.000000    0.000000    0.000000    0.000000    0.000000
   4.49950    0.000000    0.000000    0.000000    0.000000    0.000000    0.000000    0.000000    0.000000    0.000000    0.000000    0.000000
   4.50550    0.000000    0.000000    0.000000    0.000000    0.000000    0.000000    0.000000    0.000000    0.000000    0.000000    0.000000
   4.51150    0.000000    0.000000    0.000000    0.000000    0.000000    0.000000    0.000000    0.000000    0.000000    0.000000    0.000000
   4.51751    0.000000    0.000000    0.000000    0.000000    0.000000    0.000000    0.000000    0.000000    0.000000    0.000000    0.000000
   4.52351    0.000000    0.000000    0.000000    0.000000    0.000000    0.000000    0.000000    0.000000    0.000000    0.000000    0.000000
   4.52951    0.000000    0.000000    0.000000    0.000000    0.000000    0.000000    0.000000    0.000000    0.000000    0.000000    0.000000
   4.53551    0.000000    0.000000    0.000000    0.000000    0.000000    0.000000    0.000000    0.000000    0.000000    0.000000    0.000000
   4.54151    0.000000    0.000000    0.000000    0.000000    0.000000    0.000000    0.000000    0.000000    0.000000    0.000000    0.000000
   4.54752    0.000000    0.000000    0.000000    0.000000    0.000000    0.000000    0.000000    0.000000    0.000000    0.000000    0.000000
   4.55352    0.000000    0.000000    0.000000    0.000000    0.000000    0.000000    0.000000    0.000000    0.000000    0.000000    0.000000
   4.55952    0.000000    0.000000    0.000000    0.000000    0.000000    0.000000    0.000000    0.000000    0.000000    0.000000    0.000000
   4.56552    0.000000    0.000000    0.000000    0.000000    0.000000    0.000000    0.000000    0.000000    0.000000    0.000000    0.000000
   4.57152    0.000000    0.000000    0.000000    0.000000    0.000000    0.000000    0.000000    0.000000    0.000000    0.000000    0.000000
   4.57753    0.000000    0.000000    0.000000    0.000000    0.000000    0.000000    0.000000    0.000000    0.000000    0.000000    0.000000
   4.58353    0.000000    0.000000    0.000000    0.000000    0.000000    0.000000    0.000000    0.000000    0.000000    0.000000    0.000000
   4.58953    0.000000    0.000000    0.000000    0.000000    0.000000    0.000000    0.000000    0.000000    0.000000    0.000000    0.000000
   4.59553    0.000000    0.000000    0.000000    0.000000    0.000000    0.000000    0.000000    0.000000    0.000000    0.000000    0.000000
   4.60153    0.000000    0.000000    0.000000    0.000000    0.000000    0.000000    0.000000    0.000000    0.000000    0.000000    0.000000
   4.60754    0.000000    0.000000    0.000000    0.000000    0.000000    0.000000    0.000000    0.000000    0.000000    0.000000    0.000000
   4.61354    0.000000    0.000000    0.000000    0.000000    0.000000    0.000000    0.000000    0.000000    0.000000    0.000000    0.000000
   4.61954    0.000000    0.000000    0.000000    0.000000    0.000000    0.000000    0.000000    0.000000    0.000000    0.000000    0.000000
   4.62554    0.000000    0.000000    0.000000    0.000000    0.000000    0.000000    0.000000    0.000000    0.000000    0.000000    0.000000
   4.63154    0.000000    0.000000    0.000000    0.000000    0.000000    0.000000    0.000000    0.000000    0.000000    0.000000    0.000000
   4.63755    0.000000    0.000000    0.000000    0.000000    0.000000    0.000000    0.000000    0.000000    0.000000    0.000000    0.000000
   4.64355    0.000000    0.000000    0.000000    0.000000    0.000000    0.000000    0.000000    0.000000    0.000000    0.000000    0.000000
   4.64955    0.000000    0.000000    0.000000    0.000000    0.000000    0.000000    0.000000    0.000000    0.000000    0.000000    0.000000
   4.65555    0.000000    0.000000    0.000000    0.000000    0.000000    0.000000    0.000000    0.000000    0.000000    0.000000    0.000000
   4.66155    0.000000    0.000000    0.000000    0.000000    0.000000    0.000000    0.000000    0.000000    0.000000    0.000000    0.000000
   4.66756    0.000000    0.000000    0.000000    0.000000    0.000000    0.000000    0.000000    0.000000    0.000000    0.000000    0.000000
   4.67356    0.000000    0.000000    0.000000    0.000000    0.000000    0.000000    0.000000    0.000000    0.000000    0.000000    0.000000
   4.67956    0.000000    0.000000    0.000000    0.000000    0.000000    0.000000    0.000000    0.000000    0.000000    0.000000    0.000000
   4.68556    0.000000    0.000000    0.000000    0.000000    0.000000    0.000000    0.000000    0.000000    0.000000    0.000000    0.000000
   4.69156    0.000000    0.000000    0.000000    0.000000    0.000000    0.000000    0.000000    0.000000    0.000000    0.000000    0.000000
   4.69757    0.000000    0.000000    0.000000    0.000000    0.000000    0.000000    0.000000    0.000000    0.000000    0.000000    0.000000
   4.70357    0.000000    0.000000    0.000000    0.000000    0.000000    0.000000    0.000000    0.000000    0.000000    0.000000    0.000000
   4.70957    0.000000    0.000000    0.000000    0.000000    0.000000    0.000000    0.000000    0.000000    0.000000    0.000000    0.000000
   4.71557    0.000000    0.000000    0.000000    0.000000    0.000000    0.000000    0.000000    0.000000    0.000000    0.000000    0.000000
   4.72157    0.000000    0.000000    0.000000    0.000000    0.000000    0.000000    0.000000    0.000000    0.000000    0.000000    0.000000
   4.72758    0.000000    0.000000    0.000000    0.000000    0.000000    0.000000    0.000000    0.000000    0.000000    0.000000    0.000000
   4.73358    0.000000    0.000000    0.000000    0.000000    0.000000    0.000000    0.000000    0.000000    0.000000    0.000000    0.000000
   4.73958    0.000000    0.000000    0.000000    0.000000    0.000000    0.000000    0.000000    0.000000    0.000000    0.000000    0.000000
   4.74558    0.000000    0.000000    0.000000    0.000000    0.000000    0.000000    0.000000    0.000000    0.000000    0.000000    0.000000
   4.75158    0.000000    0.000000    0.000000    0.000000    0.000000    0.000000    0.000000    0.000000    0.000000    0.000000    0.000000
   4.75759    0.000000    0.000000    0.000000    0.000000    0.000000    0.000000    0.000000    0.000000    0.000000    0.000000    0.000000
   4.76359    0.000000    0.000000    0.000000    0.000000    0.000000    0.000000    0.000000    0.000000    0.000000    0.000000    0.000000
   4.76959    0.000000    0.000000    0.000000    0.000000    0.000000    0.000000    0.000000    0.000000    0.000000    0.000000    0.000000
   4.77559    0.000000    0.000000    0.000000    0.000000    0.000000    0.000000    0.000000    0.000000    0.000000    0.000000    0.000000
   4.78159    0.000000    0.000000    0.000000    0.000000    0.000000    0.000000    0.000000    0.000000    0.000000    0.000000    0.000000
   4.78760    0.000000    0.000000    0.000000    0.000000    0.000000    0.000000    0.000000    0.000000    0.000000    0.000000    0.000000
   4.79360    0.000000    0.000000    0.000000    0.000000    0.000000    0.000000    0.000000    0.000000    0.000000    0.000000    0.000000
   4.79960    0.000000    0.000000    0.000000    0.000000    0.000000    0.000000    0.000000    0.000000    0.000000    0.000000    0.000000
   4.80560    0.000000    0.000000    0.000000    0.000000    0.000000    0.000000    0.000000    0.000000    0.000000    0.000000    0.000000
   4.81160    0.000000    0.000000    0.000000    0.000000    0.000000    0.000000    0.000000    0.000000    0.000000    0.000000    0.000000
   4.81761    0.000000    0.000000    0.000000    0.000000    0.000000    0.000000    0.000000    0.000000    0.000000    0.000000    0.000000
   4.82361    0.000000    0.000000    0.000000    0.000000    0.000000    0.000000    0.000000    0.000000    0.000000    0.000000    0.000000
   4.82961    0.000000    0.000000    0.000000    0.000000    0.000000    0.000000    0.000000    0.000000    0.000000    0.000000    0.000000
   4.83561    0.000000    0.000000    0.000000    0.000000    0.000000    0.000000    0.000000    0.000000    0.000000    0.000000    0.000000
   4.84161    0.000000    0.000000    0.000000    0.000000    0.000000    0.000000    0.000000    0.000000    0.000000    0.000000    0.000000
   4.84762    0.000000    0.000000    0.000000    0.000000    0.000000    0.000000    0.000000    0.000000    0.000000    0.000000    0.000000
   4.85362    0.000000    0.000000    0.000000    0.000000    0.000000    0.000000    0.000000    0.000000    0.000000    0.000000    0.000000
   4.85962    0.000000    0.000000    0.000000    0.000000    0.000000    0.000000    0.000000    0.000000    0.000000    0.000000    0.000000
   4.86562    0.000000    0.000000    0.000000    0.000000    0.000000    0.000000    0.000000    0.000000    0.000000    0.000000    0.000000
   4.87162    0.000000    0.000000    0.000000    0.000000    0.000000    0.000000    0.000000    0.000000    0.000000    0.000000    0.000000
   4.87763    0.000000    0.000000    0.000000    0.000000    0.000000    0.000000    0.000000    0.000000    0.000000    0.000000    0.000000
   4.88363    0.000000    0.000000    0.000000    0.000000    0.000000    0.000000    0.000000    0.000000    0.000000    0.000000    0.000000
   4.88963    0.000000    0.000000    0.000000    0.000000    0.000000    0.000000    0.000000    0.000000    0.000000    0.000000    0.000000
   4.89563    0.000000    0.000000    0.000000    0.000000    0.000000    0.000000    0.000000    0.000000    0.000000    0.000000    0.000000
   4.90163    0.000000    0.000000    0.000000    0.000000    0.000000    0.000000    0.000000    0.000000    0.000000    0.000000    0.000000
   4.90764    0.000000    0.000000    0.000000    0.000000    0.000000    0.000000    0.000000    0.000000    0.000000    0.000000    0.000000
   4.91364    0.000000    0.000000    0.000000    0.000000    0.000000    0.000000    0.000000    0.000000    0.000000    0.000000    0.000000
   4.91964    0.000000    0.000000    0.000000    0.000000    0.000000    0.000000    0.000000    0.000000    0.000000    0.000000    0.000000
   4.92564    0.000000    0.000000    0.000000    0.000000    0.000000    0.000000    0.000000    0.000000    0.000000    0.000000    0.000000
   4.93164    0.000000    0.000000    0.000000    0.000000    0.000000    0.000000    0.000000    0.000000    0.000000    0.000000    0.000000
   4.93765    0.000000    0.000000    0.000000    0.000000    0.000000    0.000000    0.000000    0.000000    0.000000    0.000000    0.000000
   4.94365    0.000000    0.000000    0.000000    0.000000    0.000000    0.000000    0.000000    0.000000    0.000000    0.000000    0.000000
   4.94965    0.000000    0.000000    0.000000    0.000000    0.000000    0.000000    0.000000    0.000000    0.000000    0.000000    0.000000
   4.95565    0.000000    0.000000    0.000000    0.000000    0.000000    0.000000    0.000000    0.000000    0.000000    0.000000    0.000000
   4.96165    0.000000    0.000000    0.000000    0.000000    0.000000    0.000000    0.000000    0.000000    0.000000    0.000000    0.000000
   4.96766    0.000000    0.000000    0.000000    0.000000    0.000000    0.000000    0.000000    0.000000    0.000000    0.000000    0.000000
   4.97366    0.000000    0.000000    0.000000    0.000000    0.000000    0.000000    0.000000    0.000000    0.000000    0.000000    0.000000
   4.97966    0.000000    0.000000    0.000000    0.000000    0.000000    0.000000    0.000000    0.000000    0.000000    0.000000    0.000000
   4.98566    0.000000    0.000000    0.000000    0.000000    0.000000    0.000000    0.000000    0.000000    0.000000    0.000000    0.000000
   4.99166    0.000000    0.000000    0.000000    0.000000    0.000000    0.000000    0.000000    0.000000    0.000000    0.000000    0.000000
   4.99767    0.000000    0.000000    0.000000    0.000000    0.000000    0.000000    0.000000    0.000000    0.000000    0.000000    0.000000
   5.00367    0.000000    0.000000    0.000000    0.000000    0.000000    0.000000    0.000000    0.000000    0.000000    0.000000    0.000000
   5.00967    0.000000    0.000000    0.000000    0.000000    0.000000    0.000000    0.000000    0.000000    0.000000    0.000000    0.000000
   5.01567    0.000000    0.000000    0.000000    0.000000    0.000000    0.000000    0.000000    0.000000    0.000000    0.000000    0.000000
   5.02167    0.000000    0.000000    0.000000    0.000000    0.000000    0.000000    0.000000    0.000000    0.000000    0.000000    0.000000
   5.02768    0.000000    0.000000    0.000000    0.000000    0.000000    0.000000    0.000000    0.000000    0.000000    0.000000    0.000000
   5.03368    0.000000    0.000000    0.000000    0.000000    0.000000    0.000000    0.000000    0.000000    0.000000    0.000000    0.000000
   5.03968    0.000000    0.000000    0.000000    0.000000    0.000000    0.000000    0.000000    0.000000    0.000000    0.000000    0.000000
   5.04568    0.000000    0.000000    0.000000    0.000000    0.000000    0.000000    0.000000    0.000000    0.000000    0.000000    0.000000
   5.05168    0.000000    0.000000    0.000000    0.000000    0.000000    0.000000    0.000000    0.000000    0.000000    0.000000    0.000000
   5.05769    0.000000    0.000000    0.000000    0.000000    0.000000    0.000000    0.000000    0.000000    0.000000    0.000000    0.000000
   5.06369    0.000000    0.000000    0.000000    0.000000    0.000000    0.000000    0.000000    0.000000    0.000000    0.000000    0.000000
   5.06969    0.000000    0.000000    0.000000    0.000000    0.000000    0.000000    0.000000    0.000000    0.000000    0.000000    0.000000
   5.07569    0.000000    0.000000    0.000000    0.000000    0.000000    0.000000    0.000000    0.000000    0.000000    0.000000    0.000000
   5.08169    0.000000    0.000000    0.000000    0.000000    0.000000    0.000000    0.000000    0.000000    0.000000    0.000000    0.000000
   5.08770    0.000000    0.000000    0.000000    0.000000    0.000000    0.000000    0.000000    0.000000    0.000000    0.000000    0.000000
   5.09370    0.000000    0.000000    0.000000    0.000000    0.000000    0.000000    0.000000    0.000000    0.000000    0.000000    0.000000
   5.09970    0.000000    0.000000    0.000000    0.000000    0.000000    0.000000    0.000000    0.000000    0.000000    0.000000    0.000000
   5.10570    0.000000    0.000000    0.000000    0.000000    0.000000    0.000000    0.000000    0.000000    0.000000    0.000000    0.000000
   5.11170    0.000000    0.000000    0.000000    0.000000    0.000000    0.000000    0.000000    0.000000    0.000000    0.000000    0.000000
   5.11771    0.000000    0.000000    0.000000    0.000000    0.000000    0.000000    0.000000    0.000000    0.000000    0.000000    0.000000
   5.12371    0.000000    0.000000    0.000000    0.000000    0.000000    0.000000    0.000000    0.000000    0.000000    0.000000    0.000000
   5.12971    0.000000    0.000000    0.000000    0.000000    0.000000    0.000000    0.000000    0.000000    0.000000    0.000000    0.000000
   5.13571    0.000000    0.000000    0.000000    0.000000    0.000000    0.000000    0.000000    0.000000    0.000000    0.000000    0.000000
   5.14171    0.000000    0.000000    0.000000    0.000000    0.000000    0.000000    0.000000    0.000000    0.000000    0.000000    0.000000
   5.14772    0.000000    0.000000    0.000000    0.000000    0.000000    0.000000    0.000000    0.000000    0.000000    0.000000    0.000000
   5.15372    0.000000    0.000000    0.000000    0.000000    0.000000    0.000000    0.000000    0.000000    0.000000    0.000000    0.000000
   5.15972    0.000000    0.000000    0.000000    0.000000    0.000000    0.000000    0.000000    0.000000    0.000000    0.000000    0.000000
   5.16572    0.000000    0.000000    0.000000    0.000000    0.000000    0.000000    0.000000    0.000000    0.000000    0.000000    0.000000
   5.17172    0.000000    0.000000    0.000000    0.000000    0.000000    0.000000    0.000000    0.000000    0.000000    0.000000    0.000000
   5.17773    0.000000    0.000000    0.000000    0.000000    0.000000    0.000000    0.000000    0.000000    0.000000    0.000000    0.000000
   5.18373    0.000000    0.000000    0.000000    0.000000    0.000000    0.000000    0.000000    0.000000    0.000000    0.000000    0.000000
   5.18973    0.000000    0.000000    0.000000    0.000000    0.000000    0.000000    0.000000    0.000000    0.000000    0.000000    0.000000
   5.19573    0.000000    0.000000    0.000000    0.000000    0.000000    0.000000    0.000000    0.000000    0.000000    0.000000    0.000000
   5.20173    0.000000    0.000000    0.000000    0.000000    0.000000    0.000000    0.000000    0.000000    0.000000    0.000000    0.000000
   5.20774    0.000000    0.000000    0.000000    0.000000    0.000000    0.000000    0.000000    0.000000    0.000000    0.000000    0.000000
   5.21374    0.000000    0.000000    0.000000    0.000000    0.000000    0.000000    0.000000    0.000000    0.000000    0.000000    0.000000
   5.21974    0.000000    0.000000    0.000000    0.000000    0.000000    0.000000    0.000000    0.000000    0.000000    0.000000    0.000000
   5.22574    0.000000    0.000000    0.000000    0.000000    0.000000    0.000000    0.000000    0.000000    0.000000    0.000000    0.000000
   5.23174    0.000000    0.000000    0.000000    0.000000    0.000000    0.000000    0.000000    0.000000    0.000000    0.000000    0.000000
   5.23775    0.000000    0.000000    0.000000    0.000000    0.000000    0.000000    0.000000    0.000000    0.000000    0.000000    0.000000
   5.24375    0.000000    0.000000    0.000000    0.000000    0.000000    0.000000    0.000000    0.000000    0.000000    0.000000    0.000000
   5.24975    0.000000    0.000000    0.000000    0.000000    0.000000    0.000000    0.000000    0.000000    0.000000    0.000000    0.000000
   5.25575    0.000000    0.000000    0.000000    0.000000    0.000000    0.000000    0.000000    0.000000    0.000000    0.000000    0.000000
   5.26175    0.000000    0.000000    0.000000    0.000000    0.000000    0.000000    0.000000    0.000000    0.000000    0.000000    0.000000
   5.26776    0.000000    0.000000    0.000000    0.000000    0.000000    0.000000    0.000000    0.000000    0.000000    0.000000    0.000000
   5.27376    0.000000    0.000000    0.000000    0.000000    0.000000    0.000000    0.000000    0.000000    0.000000    0.000000    0.000000
   5.27976    0.000000    0.000000    0.000000    0.000000    0.000000    0.000000    0.000000    0.000000    0.000000    0.000000    0.000000
   5.28576    0.000000    0.000000    0.000000    0.000000    0.000000    0.000000    0.000000    0.000000    0.000000    0.000000    0.000000
   5.29176    0.000000    0.000000    0.000000    0.000000    0.000000    0.000000    0.000000    0.000000    0.000000    0.000000    0.000000
   5.29777    0.000000    0.000000    0.000000    0.000000    0.000000    0.000000    0.000000    0.000000    0.000000    0.000000    0.000000
   5.30377    0.000000    0.000000    0.000000    0.000000    0.000000    0.000000    0.000000    0.000000    0.000000    0.000000    0.000000
   5.30977    0.000000    0.000000    0.000000    0.000000    0.000000    0.000000    0.000000    0.000000    0.000000    0.000000    0.000000
   5.31577    0.000000    0.000000    0.000000    0.000000    0.000000    0.000000    0.000000    0.000000    0.000000    0.000000    0.000000
   5.32177    0.000000    0.000000    0.000000    0.000000    0.000000    0.000000    0.000000    0.000000    0.000000    0.000000    0.000000
   5.32778    0.000000    0.000000    0.000000    0.000000    0.000000    0.000000    0.000000    0.000000    0.000000    0.000000    0.000000
   5.33378    0.000000    0.000000    0.000000    0.000000    0.000000    0.000000    0.000000    0.000000    0.000000    0.000000    0.000000
   5.33978    0.000000    0.000000    0.000000    0.000000    0.000000    0.000000    0.000000    0.000000    0.000000    0.000000    0.000000
   5.34578    0.000000    0.000000    0.000000    0.000000    0.000000    0.000000    0.000000    0.000000    0.000000    0.000000    0.000000
   5.35178    0.000000    0.000000    0.000000    0.000000    0.000000    0.000000    0.000000    0.000000    0.000000    0.000000    0.000000
   5.35779    0.000000    0.000000    0.000000    0.000000    0.000000    0.000000    0.000000    0.000000    0.000000    0.000000    0.000000
   5.36379    0.000000    0.000000    0.000000    0.000000    0.000000    0.000000    0.000000    0.000000    0.000000    0.000000    0.000000
   5.36979    0.000000    0.000000    0.000000    0.000000    0.000000    0.000000    0.000000    0.000000    0.000000    0.000000    0.000000
   5.37579    0.000000    0.000000    0.000000    0.000000    0.000000    0.000000    0.000000    0.000000    0.000000    0.000000    0.000000
   5.38179    0.000000    0.000000    0.000000    0.000000    0.000000    0.000000    0.000000    0.000000    0.000000    0.000000    0.000000
   5.38780    0.000000    0.000000    0.000000    0.000000    0.000000    0.000000    0.000000    0.000000    0.000000    0.000000    0.000000
   5.39380    0.000000    0.000000    0.000000    0.000000    0.000000    0.000000    0.000000    0.000000    0.000000    0.000000    0.000000
   5.39980    0.000000    0.000000    0.000000    0.000000    0.000000    0.000000    0.000000    0.000000    0.000000    0.000000    0.000000
   5.40580    0.000000    0.000000    0.000000    0.000000    0.000000    0.000000    0.000000    0.000000    0.000000    0.000000    0.000000
   5.41180    0.000000    0.000000    0.000000    0.000000    0.000000    0.000000    0.000000    0.000000    0.000000    0.000000    0.000000
   5.41781    0.000000    0.000000    0.000000    0.000000    0.000000    0.000000    0.000000    0.000000    0.000000    0.000000    0.000000
   5.42381    0.000000    0.000000    0.000000    0.000000    0.000000    0.000000    0.000000    0.000000    0.000000    0.000000    0.000000
   5.42981    0.000000    0.000000    0.000000    0.000000    0.000000    0.000000    0.000000    0.000000    0.000000    0.000000    0.000000
   5.43581    0.000000    0.000000    0.000000    0.000000    0.000000    0.000000    0.000000    0.000000    0.000000    0.000000    0.000000
   5.44181    0.000000    0.000000    0.000000    0.000000    0.000000    0.000000    0.000000    0.000000    0.000000    0.000000    0.000000
   5.44782    0.000000    0.000000    0.000000    0.000000    0.000000    0.000000    0.000000    0.000000    0.000000    0.000000    0.000000
   5.45382    0.000000    0.000000    0.000000    0.000000    0.000000    0.000000    0.000000    0.000000    0.000000    0.000000    0.000000
   5.45982    0.000000    0.000000    0.000000    0.000000    0.000000    0.000000    0.000000    0.000000    0.000000    0.000000    0.000000
   5.46582    0.000000    0.000000    0.000000    0.000000    0.000000    0.000000    0.000000    0.000000    0.000000    0.000000    0.000000
   5.47182    0.000000    0.000000    0.000000    0.000000    0.000000    0.000000    0.000000    0.000000    0.000000    0.000000    0.000000
   5.47783    0.000000    0.000000    0.000000    0.000000    0.000000    0.000000    0.000000    0.000000    0.000000    0.000000    0.000000
   5.48383    0.000000    0.000000    0.000000    0.000000    0.000000    0.000000    0.000000    0.000000    0.000000    0.000000    0.000000
   5.48983    0.000000    0.000000    0.000000    0.000000    0.000000    0.000000    0.000000    0.000000    0.000000    0.000000    0.000000
   5.49583    0.000000    0.000000    0.000000    0.000000    0.000000    0.000000    0.000000    0.000000    0.000000    0.000000    0.000000
   5.50183    0.000000    0.000000    0.000000    0.000000    0.000000    0.000000    0.000000    0.000000    0.000000    0.000000    0.000000
   5.50784    0.000000    0.000000    0.000000    0.000000    0.000000    0.000000    0.000000    0.000000    0.000000    0.000000    0.000000
   5.51384    0.000000    0.000000    0.000000    0.000000    0.000000    0.000000    0.000000    0.000000    0.000000    0.000000    0.000000
   5.51984    0.000000    0.000000    0.000000    0.000000    0.000000    0.000000    0.000000    0.000000    0.000000    0.000000    0.000000
   5.52584    0.000000    0.000000    0.000000    0.000000    0.000000    0.000000    0.000000    0.000000    0.000000    0.000000    0.000000
   5.53184    0.000000    0.000000    0.000000    0.000000    0.000000    0.000000    0.000000    0.000000    0.000000    0.000000    0.000000
   5.53785    0.000000    0.000000    0.000000    0.000000    0.000000    0.000000    0.000000    0.000000    0.000000    0.000000    0.000000
   5.54385    0.000000    0.000000    0.000000    0.000000    0.000000    0.000000    0.000000    0.000000    0.000000    0.000000    0.000000
   5.54985    0.000000    0.000000    0.000000    0.000000    0.000000    0.000000    0.000000    0.000000    0.000000    0.000000    0.000000
   5.55585    0.000000    0.000000    0.000000    0.000000    0.000000    0.000000    0.000000    0.000000    0.000000    0.000000    0.000000
   5.56185    0.000000    0.000000    0.000000    0.000000    0.000000    0.000000    0.000000    0.000000    0.000000    0.000000    0.000000
   5.56786    0.000000    0.000000    0.000000    0.000000    0.000000    0.000000    0.000000    0.000000    0.000000    0.000000    0.000000
   5.57386    0.000000    0.000000    0.000000    0.000000    0.000000    0.000000    0.000000    0.000000    0.000000    0.000000    0.000000
   5.57986    0.000000    0.000000    0.000000    0.000000    0.000000    0.000000    0.000000    0.000000    0.000000    0.000000    0.000000
   5.58586    0.000000    0.000000    0.000000    0.000000    0.000000    0.000000    0.000000    0.000000    0.000000    0.000000    0.000000
   5.59186    0.000000    0.000000    0.000000    0.000000    0.000000    0.000000    0.000000    0.000000    0.000000    0.000000    0.000000
   5.59787    0.000000    0.000000    0.000000    0.000000    0.000000    0.000000    0.000000    0.000000    0.000000    0.000000    0.000000
   5.60387    0.000000    0.000000    0.000000    0.000000    0.000000    0.000000    0.000000    0.000000    0.000000    0.000000    0.000000
   5.60987    0.000000    0.000000    0.000000    0.000000    0.000000    0.000000    0.000000    0.000000    0.000000    0.000000    0.000000
   5.61587    0.000000    0.000000    0.000000    0.000000    0.000000    0.000000    0.000000    0.000000    0.000000    0.000000    0.000000
   5.62187    0.000000    0.000000    0.000000    0.000000    0.000000    0.000000    0.000000    0.000000    0.000000    0.000000    0.000000
   5.62788    0.000000    0.000000    0.000000    0.000000    0.000000    0.000000    0.000000    0.000000    0.000000    0.000000    0.000000
   5.63388    0.000000    0.000000    0.000000    0.000000    0.000000    0.000000    0.000000    0.000000    0.000000    0.000000    0.000000
   5.63988    0.000000    0.000000    0.000000    0.000000    0.000000    0.000000    0.000000    0.000000    0.000000    0.000000    0.000000
   5.64588    0.000000    0.000000    0.000000    0.000000    0.000000    0.000000    0.000000    0.000000    0.000000    0.000000    0.000000
   5.65188    0.000000    0.000000    0.000000    0.000000    0.000000    0.000000    0.000000    0.000000    0.000000    0.000000    0.000000
   5.65789    0.000000    0.000000    0.000000    0.000000    0.000000    0.000000    0.000000    0.000000    0.000000    0.000000    0.000000
   5.66389    0.000000    0.000000    0.000000    0.000000    0.000000    0.000000    0.000000    0.000000    0.000000    0.000000    0.000000
   5.66989    0.000000    0.000000    0.000000    0.000000    0.000000    0.000000    0.000000    0.000000    0.000000    0.000000    0.000000
   5.67589    0.000000    0.000000    0.000000    0.000000    0.000000    0.000000    0.000000    0.000000    0.000000    0.000000    0.000000
   5.68189    0.000000    0.000000    0.000000    0.000000    0.000000    0.000000    0.000000    0.000000    0.000000    0.000000    0.000000
   5.68790    0.000000    0.000000    0.000000    0.000000    0.000000    0.000000    0.000000    0.000000    0.000000    0.000000    0.000000
   5.69390    0.000000    0.000000    0.000000    0.000000    0.000000    0.000000    0.000000    0.000000    0.000000    0.000000    0.000000
   5.69990    0.000000    0.000000    0.000000    0.000000    0.000000    0.000000    0.000000    0.000000    0.000000    0.000000    0.000000
   5.70590    0.000000    0.000000    0.000000    0.000000    0.000000    0.000000    0.000000    0.000000    0.000000    0.000000    0.000000
   5.71190    0.000000    0.000000    0.000000    0.000000    0.000000    0.000000    0.000000    0.000000    0.000000    0.000000    0.000000
   5.71791    0.000000    0.000000    0.000000    0.000000    0.000000    0.000000    0.000000    0.000000    0.000000    0.000000    0.000000
   5.72391    0.000000    0.000000    0.000000    0.000000    0.000000    0.000000    0.000000    0.000000    0.000000    0.000000    0.000000
   5.72991    0.000000    0.000000    0.000000    0.000000    0.000000    0.000000    0.000000    0.000000    0.000000    0.000000    0.000000
   5.73591    0.000000    0.000000    0.000000    0.000000    0.000000    0.000000    0.000000    0.000000    0.000000    0.000000    0.000000
   5.74191    0.000000    0.000000    0.000000    0.000000    0.000000    0.000000    0.000000    0.000000    0.000000    0.000000    0.000000
   5.74792    0.000000    0.000000    0.000000    0.000000    0.000000    0.000000    0.000000    0.000000    0.000000    0.000000    0.000000
   5.75392    0.000000    0.000000    0.000000    0.000000    0.000000    0.000000    0.000000    0.000000    0.000000    0.000000    0.000000
   5.75992    0.000000    0.000000    0.000000    0.000000    0.000000    0.000000    0.000000    0.000000    0.000000    0.000000    0.000000
   5.76592    0.000000    0.000000    0.000000    0.000000    0.000000    0.000000    0.000000    0.000000    0.000000    0.000000    0.000000
   5.77192    0.000000    0.000000    0.000000    0.000000    0.000000    0.000000    0.000000    0.000000    0.000000    0.000000    0.000000
   5.77793    0.000000    0.000000    0.000000    0.000000    0.000000    0.000000    0.000000    0.000000    0.000000    0.000000    0.000000
   5.78393    0.000000    0.000000    0.000000    0.000000    0.000000    0.000000    0.000000    0.000000    0.000000    0.000000    0.000000
   5.78993    0.000000    0.000000    0.000000    0.000000    0.000000    0.000000    0.000000    0.000000    0.000000    0.000000    0.000000
   5.79593    0.000000    0.000000    0.000000    0.000000    0.000000    0.000000    0.000000    0.000000    0.000000    0.000000    0.000000
   5.80193    0.000000    0.000000    0.000000    0.000000    0.000000    0.000000    0.000000    0.000000    0.000000    0.000000    0.000000
   5.80794    0.000000    0.000000    0.000000    0.000000    0.000000    0.000000    0.000000    0.000000    0.000000    0.000000    0.000000
   5.81394    0.000000    0.000000    0.000000    0.000000    0.000000    0.000000    0.000000    0.000000    0.000000    0.000000    0.000000
   5.81994    0.000000    0.000000    0.000000    0.000000    0.000000    0.000000    0.000000    0.000000    0.000000    0.000000    0.000000
   5.82594    0.000000    0.000000    0.000000    0.000000    0.000000    0.000000    0.000000    0.000000    0.000000    0.000000    0.000000
   5.83194    0.000000    0.000000    0.000000    0.000000    0.000000    0.000000    0.000000    0.000000    0.000000    0.000000    0.000000
   5.83795    0.000000    0.000000    0.000000    0.000000    0.000000    0.000000    0.000000    0.000000    0.000000    0.000000    0.000000
   5.84395    0.000000    0.000000    0.000000    0.000000    0.000000    0.000000    0.000000    0.000000    0.000000    0.000000    0.000000
   5.84995    0.000000    0.000000    0.000000    0.000000    0.000000    0.000000    0.000000    0.000000    0.000000    0.000000    0.000000
   5.85595    0.000000    0.000000    0.000000    0.000000    0.000000    0.000000    0.000000    0.000000    0.000000    0.000000    0.000000
   5.86195    0.000000    0.000000    0.000000    0.000000    0.000000    0.000000    0.000000    0.000000    0.000000    0.000000    0.000000
   5.86796    0.000000    0.000000    0.000000    0.000000    0.000000    0.000000    0.000000    0.000000    0.000000    0.000000    0.000000
   5.87396    0.000000    0.000000    0.000000    0.000000    0.000000    0.000000    0.000000    0.000000    0.000000    0.000000    0.000000
   5.87996    0.000000    0.000000    0.000000    0.000000    0.000000    0.000000    0.000000    0.000000    0.000000    0.000000    0.000000
   5.88596    0.000000    0.000000    0.000000    0.000000    0.000000    0.000000    0.000000    0.000000    0.000000    0.000000    0.000000
   5.89196    0.000000    0.000000    0.000000    0.000000    0.000000    0.000000    0.000000    0.000000    0.000000    0.000000    0.000000
   5.89797    0.000000    0.000000    0.000000    0.000000    0.000000    0.000000    0.000000    0.000000    0.000000    0.000000    0.000000
   5.90397    0.000000    0.000000    0.000000    0.000000    0.000000    0.000000    0.000000    0.000000    0.000000    0.000000    0.000000
   5.90997    0.000000    0.000000    0.000000    0.000000    0.000000    0.000000    0.000000    0.000000    0.000000    0.000000    0.000000
   5.91597    0.000000    0.000000    0.000000    0.000000    0.000000    0.000000    0.000000    0.000000    0.000000    0.000000    0.000000
   5.92197    0.000000    0.000000    0.000000    0.000000    0.000000    0.000000    0.000000    0.000000    0.000000    0.000000    0.000000
   5.92798    0.000000    0.000000    0.000000    0.000000    0.000000    0.000000    0.000000    0.000000    0.000000    0.000000    0.000000
   5.93398    0.000000    0.000000    0.000000    0.000000    0.000000    0.000000    0.000000    0.000000    0.000000    0.000000    0.000000
   5.93998    0.000000    0.000000    0.000000    0.000000    0.000000    0.000000    0.000000    0.000000    0.000000    0.000000    0.000000
   5.94598    0.000000    0.000000    0.000000    0.000000    0.000000    0.000000    0.000000    0.000000    0.000000    0.000000    0.000000
   5.95198    0.000000    0.000000    0.000000    0.000000    0.000000    0.000000    0.000000    0.000000    0.000000    0.000000    0.000000
   5.95799    0.000000    0.000000    0.000000    0.000000    0.000000    0.000000    0.000000    0.000000    0.000000    0.000000    0.000000
   5.96399    0.000000    0.000000    0.000000    0.000000    0.000000    0.000000    0.000000    0.000000    0.000000    0.000000    0.000000
   5.96999    0.000000    0.000000    0.000000    0.000000    0.000000    0.000000    0.000000    0.000000    0.000000    0.000000    0.000000
   5.97599    0.000000    0.000000    0.000000    0.000000    0.000000    0.000000    0.000000    0.000000    0.000000    0.000000    0.000000
   5.98199    0.000000    0.000000    0.000000    0.000000    0.000000    0.000000    0.000000    0.000000    0.000000    0.000000    0.000000
   5.98800    0.000000    0.000000    0.000000    0.000000    0.000000    0.000000    0.000000    0.000000    0.000000    0.000000    0.000000
   5.99400    0.000000    0.000000    0.000000    0.000000    0.000000    0.000000    0.000000    0.000000    0.000000    0.000000    0.000000
   6.00000    0.000000    0.000000    0.000000    0.000000    0.000000    0.000000    0.000000    0.000000    0.000000    0.000000    0.000000
