 -12.00000    0.000000    0.000000    0.000000    0.000000    0.000000    0.000000    0.000000    0.000000    0.000000    0.000000    0.000000
 -11.99400    0.000000    0.000000    0.000000    0.000000    0.000000    0.000000    0.000000    0.000000    0.000000    0.000000    0.000000
 -11.98800    0.000000    0.000000    0.000000    0.000000    0.000000    0.000000    0.000000    0.000000    0.000000    0.000000    0.000000
 -11.98199    0.000000    0.000000    0.000000    0.000000    0.000000    0.000000    0.000000    0.000000    0.000000    0.000000    0.000000
 -11.97599    0.000000    0.000000    0.000000    0.000000    0.000000    0.000000    0.000000    0.000000    0.000000    0.000000    0.000000
 -11.96999    0.000000    0.000000    0.000000    0.000000    0.000000    0.000000    0.000000    0.000000    0.000000    0.000000    0.000000
 -11.96399    0.000000    0.000000    0.000000    0.000000    0.000000    0.000000    0.000000    0.000000    0.000000    0.000000    0.000000
 -11.95799    0.000000    0.000000    0.000000    0.000000    0.000000    0.000000    0.000000    0.000000    0.000000    0.000000    0.000000
 -11.95198    0.000000    0.000000    0.000000    0.000000    0.000000    0.000000    0.000000    0.000000    0.000000    0.000000    0.000000
 -11.94598    0.000000    0.000000    0.000000    0.000000    0.000000    0.000000    0.000000    0.000000    0.000000    0.000000    0.000000
 -11.93998    0.000000    0.000000    0.000000    0.000000    0.000000    0.000000    0.000000    0.000000    0.000000    0.000000    0.000000
 -11.93398    0.000000    0.000000    0.000000    0.000000    0.000000    0.000000    0.000000    0.000000    0.000000    0.000000    0.000000
 -11.92798    0.000000    0.000000    0.000000    0.000000    0.000000    0.000000    0.000000    0.000000    0.000000    0.000000    0.000000
 -11.92197    0.000000    0.000000    0.000000    0.000000    0.000000    0.000000    0.000000    0.000000    0.000000    0.000000    0.000000
 -11.91597    0.000000    0.000000    0.000000    0.000000    0.000000    0.000000    0.000000    0.000000    0.000000    0.000000    0.000000
 -11.90997    0.000000    0.000000    0.000000    0.000000    0.000000    0.000000    0.000000    0.000000    0.000000    0.000000    0.000000
 -11.90397    0.000000    0.000000    0.000000    0.000000    0.000000    0.000000    0.000000    0.000000    0.000000    0.000000    0.000000
 -11.89797    0.000000    0.000000    0.000000    0.000000    0.000000    0.000000    0.000000    0.000000    0.000000    0.000000    0.000000
 -11.89196    0.000000    0.000000    0.000000    0.000000    0.000000    0.000000    0.000000    0.000000    0.000000    0.000000    0.000000
 -11.88596    0.000000    0.000000    0.000000    0.000000    0.000000    0.000000    0.000000    0.000000    0.000000    0.000000    0.000000
 -11.87996    0.000000    0.000000    0.000000    0.000000    0.000000    0.000000    0.000000    0.000000    0.000000    0.000000    0.000000
 -11.87396    0.000000    0.000000    0.000000    0.000000    0.000000    0.000000    0.000000    0.000000    0.000000    0.000000    0.000000
 -11.86796    0.000000    0.000000    0.000000    0.000000    0.000000    0.000000    0.000000    0.000000    0.000000    0.000000    0.000000
 -11.86195    0.000000    0.000000    0.000000    0.000000    0.000000    0.000000    0.000000    0.000000    0.000000    0.000000    0.000000
 -11.85595    0.000000    0.000000    0.000000    0.000000    0.000000    0.000000    0.000000    0.000000    0.000000    0.000000    0.000000
 -11.84995    0.000000    0.000000    0.000000    0.000000    0.000000    0.000000    0.000000    0.000000    0.000000    0.000000    0.000000
 -11.84395    0.000000    0.000000    0.000000    0.000000    0.000000    0.000000    0.000000    0.000000    0.000000    0.000000    0.000000
 -11.83795    0.000000    0.000000    0.000000    0.000000    0.000000    0.000000    0.000000    0.000000    0.000000    0.000000    0.000000
 -11.83194    0.000000    0.000000    0.000000    0.000000    0.000000    0.000000    0.000000    0.000000    0.000000    0.000000    0.000000
 -11.82594    0.000000    0.000000    0.000000    0.000000    0.000000    0.000000    0.000000    0.000000    0.000000    0.000000    0.000000
 -11.81994    0.000000    0.000000    0.000000    0.000000    0.000000    0.000000    0.000000    0.000000    0.000000    0.000000    0.000000
 -11.81394    0.000000    0.000000    0.000000    0.000000    0.000000    0.000000    0.000000    0.000000    0.000000    0.000000    0.000000
 -11.80794    0.000000    0.000000    0.000000    0.000000    0.000000    0.000000    0.000000    0.000000    0.000000    0.000000    0.000000
 -11.80193    0.000000    0.000000    0.000000    0.000000    0.000000    0.000000    0.000000    0.000000    0.000000    0.000000    0.000000
 -11.79593    0.000000    0.000000    0.000000    0.000000    0.000000    0.000000    0.000000    0.000000    0.000000    0.000000    0.000000
 -11.78993    0.000000    0.000000    0.000000    0.000000    0.000000    0.000000    0.000000    0.000000    0.000000    0.000000    0.000000
 -11.78393    0.000000    0.000000    0.000000    0.000000    0.000000    0.000000    0.000000    0.000000    0.000000    0.000000    0.000000
 -11.77793    0.000000    0.000000    0.000000    0.000000    0.000000    0.000000    0.000000    0.000000    0.000000    0.000000    0.000000
 -11.77192    0.000000    0.000000    0.000000    0.000000    0.000000    0.000000    0.000000    0.000000    0.000000    0.000000    0.000000
 -11.76592    0.000000    0.000000    0.000000    0.000000    0.000000    0.000000    0.000000    0.000000    0.000000    0.000000    0.000000
 -11.75992    0.000000    0.000000    0.000000    0.000000    0.000000    0.000000    0.000000    0.000000    0.000000    0.000000    0.000000
 -11.75392    0.000000    0.000000    0.000000    0.000000    0.000000    0.000000    0.000000    0.000000    0.000000    0.000000    0.000000
 -11.74792    0.000000    0.000000    0.000000    0.000000    0.000000    0.000000    0.000000    0.000000    0.000000    0.000000    0.000000
 -11.74191    0.000000    0.000000    0.000000    0.000000    0.000000    0.000000    0.000000    0.000000    0.000000    0.000000    0.000000
 -11.73591    0.000000    0.000000    0.000000    0.000000    0.000000    0.000000    0.000000    0.000000    0.000000    0.000000    0.000000
 -11.72991    0.000000    0.000000    0.000000    0.000000    0.000000    0.000000    0.000000    0.000000    0.000000    0.000000    0.000000
 -11.72391    0.000000    0.000000    0.000000    0.000000    0.000000    0.000000    0.000000    0.000000    0.000000    0.000000    0.000000
 -11.71791    0.000000    0.000000    0.000000    0.000000    0.000000    0.000000    0.000000    0.000000    0.000000    0.000000    0.000000
 -11.71190    0.000000    0.000000    0.000000    0.000000    0.000000    0.000000    0.000000    0.000000    0.000000    0.000000    0.000000
 -11.70590    0.000000    0.000000    0.000000    0.000000    0.000000    0.000000    0.000000    0.000000    0.000000    0.000000    0.000000
 -11.69990    0.000000    0.000000    0.000000    0.000000    0.000000    0.000000    0.000000    0.000000    0.000000    0.000000    0.000000
 -11.69390    0.000000    0.000000    0.000000    0.000000    0.000000    0.000000    0.000000    0.000000    0.000000    0.000000    0.000000
 -11.68790    0.000000    0.000000    0.000000    0.000000    0.000000    0.000000    0.000000    0.000000    0.000000    0.000000    0.000000
 -11.68189    0.000000    0.000000    0.000000    0.000000    0.000000    0.000000    0.000000    0.000000    0.000000    0.000000    0.000000
 -11.67589    0.000000    0.000000    0.000000    0.000000    0.000000    0.000000    0.000000    0.000000    0.000000    0.000000    0.000000
 -11.66989    0.000000    0.000000    0.000000    0.000000    0.000000    0.000000    0.000000    0.000000    0.000000    0.000000    0.000000
 -11.66389    0.000000    0.000000    0.000000    0.000000    0.000000    0.000000    0.000000    0.000000    0.000000    0.000000    0.000000
 -11.65789    0.000000    0.000000    0.000000    0.000000    0.000000    0.000000    0.000000    0.000000    0.000000    0.000000    0.000000
 -11.65188    0.000000    0.000000    0.000000    0.000000    0.000000    0.000000    0.000000    0.000000    0.000000    0.000000    0.000000
 -11.64588    0.000000    0.000000    0.000000    0.000000    0.000000    0.000000    0.000000    0.000000    0.000000    0.000000    0.000000
 -11.63988    0.000000    0.000000    0.000000    0.000000    0.000000    0.000000    0.000000    0.000000    0.000000    0.000000    0.000000
 -11.63388    0.000000    0.000000    0.000000    0.000000    0.000000    0.000000    0.000000    0.000000    0.000000    0.000000    0.000000
 -11.62788    0.000000    0.000000    0.000000    0.000000    0.000000    0.000000    0.000000    0.000000    0.000000    0.000000    0.000000
 -11.62187    0.000000    0.000000    0.000000    0.000000    0.000000    0.000000    0.000000    0.000000    0.000000    0.000000    0.000000
 -11.61587    0.000000    0.000000    0.000000    0.000000    0.000000    0.000000    0.000000    0.000000    0.000000    0.000000    0.000000
 -11.60987    0.000000    0.000000    0.000000    0.000000    0.000000    0.000000    0.000000    0.000000    0.000000    0.000000    0.000000
 -11.60387    0.000000    0.000000    0.000000    0.000000    0.000000    0.000000    0.000000    0.000000    0.000000    0.000000    0.000000
 -11.59787    0.000000    0.000000    0.000000    0.000000    0.000000    0.000000    0.000000    0.000000    0.000000    0.000000    0.000000
 -11.59186    0.000000    0.000000    0.000000    0.000000    0.000000    0.000000    0.000000    0.000000    0.000000    0.000000    0.000000
 -11.58586    0.000000    0.000000    0.000000    0.000000    0.000000    0.000000    0.000000    0.000000    0.000000    0.000000    0.000000
 -11.57986    0.000000    0.000000    0.000000    0.000000    0.000000    0.000000    0.000000    0.000000    0.000000    0.000000    0.000000
 -11.57386    0.000000    0.000000    0.000000    0.000000    0.000000    0.000000    0.000000    0.000000    0.000000    0.000000    0.000000
 -11.56786    0.000000    0.000000    0.000000    0.000000    0.000000    0.000000    0.000000    0.000000    0.000000    0.000000    0.000000
 -11.56185    0.000000    0.000000    0.000000    0.000000    0.000000    0.000000    0.000000    0.000000    0.000000    0.000000    0.000000
 -11.55585    0.000000    0.000000    0.000000    0.000000    0.000000    0.000000    0.000000    0.000000    0.000000    0.000000    0.000000
 -11.54985    0.000000    0.000000    0.000000    0.000000    0.000000    0.000000    0.000000    0.000000    0.000000    0.000000    0.000000
 -11.54385    0.000000    0.000000    0.000000    0.000000    0.000000    0.000000    0.000000    0.000000    0.000000    0.000000    0.000000
 -11.53785    0.000000    0.000000    0.000000    0.000000    0.000000    0.000000    0.000000    0.000000    0.000000    0.000000    0.000000
 -11.53184    0.000000    0.000000    0.000000    0.000000    0.000000    0.000000    0.000000    0.000000    0.000000    0.000000    0.000000
 -11.52584    0.000000    0.000000    0.000000    0.000000    0.000000    0.000000    0.000000    0.000000    0.000000    0.000000    0.000000
 -11.51984    0.000000    0.000000    0.000000    0.000000    0.000000    0.000000    0.000000    0.000000    0.000000    0.000000    0.000000
 -11.51384    0.000000    0.000000    0.000000    0.000000    0.000000    0.000000    0.000000    0.000000    0.000000    0.000000    0.000000
 -11.50784    0.000000    0.000000    0.000000    0.000000    0.000000    0.000000    0.000000    0.000000    0.000000    0.000000    0.000000
 -11.50183    0.000000    0.000000    0.000000    0.000000    0.000000    0.000000    0.000000    0.000000    0.000000    0.000000    0.000000
 -11.49583    0.000000    0.000000    0.000000    0.000000    0.000000    0.000000    0.000000    0.000000    0.000000    0.000000    0.000000
 -11.48983    0.000000    0.000000    0.000000    0.000000    0.000000    0.000000    0.000000    0.000000    0.000000    0.000000    0.000000
 -11.48383    0.000000    0.000000    0.000000    0.000000    0.000000    0.000000    0.000000    0.000000    0.000000    0.000000    0.000000
 -11.47783    0.000000    0.000000    0.000000    0.000000    0.000000    0.000000    0.000000    0.000000    0.000000    0.000000    0.000000
 -11.47182    0.000000    0.000000    0.000000    0.000000    0.000000    0.000000    0.000000    0.000000    0.000000    0.000000    0.000000
 -11.46582    0.000000    0.000000    0.000000    0.000000    0.000000    0.000000    0.000000    0.000000    0.000000    0.000000    0.000000
 -11.45982    0.000000    0.000000    0.000000    0.000000    0.000000    0.000000    0.000000    0.000000    0.000000    0.000000    0.000000
 -11.45382    0.000000    0.000000    0.000000    0.000000    0.000000    0.000000    0.000000    0.000000    0.000000    0.000000    0.000000
 -11.44782    0.000000    0.000000    0.000000    0.000000    0.000000    0.000000    0.000000    0.000000    0.000000    0.000000    0.000000
 -11.44181    0.000000    0.000000    0.000000    0.000000    0.000000    0.000000    0.000000    0.000000    0.000000    0.000000    0.000000
 -11.43581    0.000000    0.000000    0.000000    0.000000    0.000000    0.000000    0.000000    0.000000    0.000000    0.000000    0.000000
 -11.42981    0.000000    0.000000    0.000000    0.000000    0.000000    0.000000    0.000000    0.000000    0.000000    0.000000    0.000000
 -11.42381    0.000000    0.000000    0.000000    0.000000    0.000000    0.000000    0.000000    0.000000    0.000000    0.000000    0.000000
 -11.41781    0.000000    0.000000    0.000000    0.000000    0.000000    0.000000    0.000000    0.000000    0.000000    0.000000    0.000000
 -11.41180    0.000000    0.000000    0.000000    0.000000    0.000000    0.000000    0.000000    0.000000    0.000000    0.000000    0.000000
 -11.40580    0.000000    0.000000    0.000000    0.000000    0.000000    0.000000    0.000000    0.000000    0.000000    0.000000    0.000000
 -11.39980    0.000000    0.000000    0.000000    0.000000    0.000000    0.000000    0.000000    0.000000    0.000000    0.000000    0.000000
 -11.39380    0.000000    0.000000    0.000000    0.000000    0.000000    0.000000    0.000000    0.000000    0.000000    0.000000    0.000000
 -11.38780    0.000000    0.000000    0.000000    0.000000    0.000000    0.000000    0.000000    0.000000    0.000000    0.000000    0.000000
 -11.38179    0.000000    0.000000    0.000000    0.000000    0.000000    0.000000    0.000000    0.000000    0.000000    0.000000    0.000000
 -11.37579    0.000000    0.000000    0.000000    0.000000    0.000000    0.000000    0.000000    0.000000    0.000000    0.000000    0.000000
 -11.36979    0.000000    0.000000    0.000000    0.000000    0.000000    0.000000    0.000000    0.000000    0.000000    0.000000    0.000000
 -11.36379    0.000000    0.000000    0.000000    0.000000    0.000000    0.000000    0.000000    0.000000    0.000000    0.000000    0.000000
 -11.35779    0.000000    0.000000    0.000000    0.000000    0.000000    0.000000    0.000000    0.000000    0.000000    0.000000    0.000000
 -11.35178    0.000000    0.000000    0.000000    0.000000    0.000000    0.000000    0.000000    0.000000    0.000000    0.000000    0.000000
 -11.34578    0.000000    0.000000    0.000000    0.000000    0.000000    0.000000    0.000000    0.000000    0.000000    0.000000    0.000000
 -11.33978    0.000000    0.000000    0.000000    0.000000    0.000000    0.000000    0.000000    0.000000    0.000000    0.000000    0.000000
 -11.33378    0.000000    0.000000    0.000000    0.000000    0.000000    0.000000    0.000000    0.000000    0.000000    0.000000    0.000000
 -11.32778    0.000000    0.000000    0.000000    0.000000    0.000000    0.000000    0.000000    0.000000    0.000000    0.000000    0.000000
 -11.32177    0.000000    0.000000    0.000000    0.000000    0.000000    0.000000    0.000000    0.000000    0.000000    0.000000    0.000000
 -11.31577    0.000000    0.000000    0.000000    0.000000    0.000000    0.000000    0.000000    0.000000    0.000000    0.000000    0.000000
 -11.30977    0.000000    0.000000    0.000000    0.000000    0.000000    0.000000    0.000000    0.000000    0.000000    0.000000    0.000000
 -11.30377    0.000000    0.000000    0.000000    0.000000    0.000000    0.000000    0.000000    0.000000    0.000000    0.000000    0.000000
 -11.29777    0.000000    0.000000    0.000000    0.000000    0.000000    0.000000    0.000000    0.000000    0.000000    0.000000    0.000000
 -11.29176    0.000000    0.000000    0.000000    0.000000    0.000000    0.000000    0.000000    0.000000    0.000000    0.000000    0.000000
 -11.28576    0.000000    0.000000    0.000000    0.000000    0.000000    0.000000    0.000000    0.000000    0.000000    0.000000    0.000000
 -11.27976    0.000000    0.000000    0.000000    0.000000    0.000000    0.000000    0.000000    0.000000    0.000000    0.000000    0.000000
 -11.27376    0.000000    0.000000    0.000000    0.000000    0.000000    0.000000    0.000000    0.000000    0.000000    0.000000    0.000000
 -11.26776    0.000000    0.000000    0.000000    0.000000    0.000000    0.000000    0.000000    0.000000    0.000000    0.000000    0.000000
 -11.26175    0.000000    0.000000    0.000000    0.000000    0.000000    0.000000    0.000000    0.000000    0.000000    0.000000    0.000000
 -11.25575    0.000000    0.000000    0.000000    0.000000    0.000000    0.000000    0.000000    0.000000    0.000000    0.000000    0.000000
 -11.24975    0.000000    0.000000    0.000000    0.000000    0.000000    0.000000    0.000000    0.000000    0.000000    0.000000    0.000000
 -11.24375    0.000000    0.000000    0.000000    0.000000    0.000000    0.000000    0.000000    0.000000    0.000000    0.000000    0.000000
 -11.23775    0.000000    0.000000    0.000000    0.000000    0.000000    0.000000    0.000000    0.000000    0.000000    0.000000    0.000000
 -11.23174    0.000000    0.000000    0.000000    0.000000    0.000000    0.000000    0.000000    0.000000    0.000000    0.000000    0.000000
 -11.22574    0.000000    0.000000    0.000000    0.000000    0.000000    0.000000    0.000000    0.000000    0.000000    0.000000    0.000000
 -11.21974    0.000000    0.000000    0.000000    0.000000    0.000000    0.000000    0.000000    0.000000    0.000000    0.000000    0.000000
 -11.21374    0.000000    0.000000    0.000000    0.000000    0.000000    0.000000    0.000000    0.000000    0.000000    0.000000    0.000000
 -11.20774    0.000000    0.000000    0.000000    0.000000    0.000000    0.000000    0.000000    0.000000    0.000000    0.000000    0.000000
 -11.20173    0.000000    0.000000    0.000000    0.000000    0.000000    0.000000    0.000000    0.000000    0.000000    0.000000    0.000000
 -11.19573    0.000000    0.000000    0.000000    0.000000    0.000000    0.000000    0.000000    0.000000    0.000000    0.000000    0.000000
 -11.18973    0.000000    0.000000    0.000000    0.000000    0.000000    0.000000    0.000000    0.000000    0.000000    0.000000    0.000000
 -11.18373    0.000000    0.000000    0.000000    0.000000    0.000000    0.000000    0.000000    0.000000    0.000000    0.000000    0.000000
 -11.17773    0.000000    0.000000    0.000000    0.000000    0.000000    0.000000    0.000000    0.000000    0.000000    0.000000    0.000000
 -11.17172    0.000000    0.000000    0.000000    0.000000    0.000000    0.000000    0.000000    0.000000    0.000000    0.000000    0.000000
 -11.16572    0.000000    0.000000    0.000000    0.000000    0.000000    0.000000    0.000000    0.000000    0.000000    0.000000    0.000000
 -11.15972    0.000000    0.000000    0.000000    0.000000    0.000000    0.000000    0.000000    0.000000    0.000000    0.000000    0.000000
 -11.15372    0.000000    0.000000    0.000000    0.000000    0.000000    0.000000    0.000000    0.000000    0.000000    0.000000    0.000000
 -11.14772    0.000000    0.000000    0.000000    0.000000    0.000000    0.000000    0.000000    0.000000    0.000000    0.000000    0.000000
 -11.14171    0.000000    0.000000    0.000000    0.000000    0.000000    0.000000    0.000000    0.000000    0.000000    0.000000    0.000000
 -11.13571    0.000000    0.000000    0.000000    0.000000    0.000000    0.000000    0.000000    0.000000    0.000000    0.000000    0.000000
 -11.12971    0.000000    0.000000    0.000000    0.000000    0.000000    0.000000    0.000000    0.000000    0.000000    0.000000    0.000000
 -11.12371    0.000000    0.000000    0.000000    0.000000    0.000000    0.000000    0.000000    0.000000    0.000000    0.000000    0.000000
 -11.11771    0.000000    0.000000    0.000000    0.000000    0.000000    0.000000    0.000000    0.000000    0.000000    0.000000    0.000000
 -11.11170    0.000000    0.000000    0.000000    0.000000    0.000000    0.000000    0.000000    0.000000    0.000000    0.000000    0.000000
 -11.10570    0.000000    0.000000    0.000000    0.000000    0.000000    0.000000    0.000000    0.000000    0.000000    0.000000    0.000000
 -11.09970    0.000000    0.000000    0.000000    0.000000    0.000000    0.000000    0.000000    0.000000    0.000000    0.000000    0.000000
 -11.09370    0.000000    0.000000    0.000000    0.000000    0.000000    0.000000    0.000000    0.000000    0.000000    0.000000    0.000000
 -11.08770    0.000000    0.000000    0.000000    0.000000    0.000000    0.000000    0.000000    0.000000    0.000000    0.000000    0.000000
 -11.08169    0.000000    0.000000    0.000000    0.000000    0.000000    0.000000    0.000000    0.000000    0.000000    0.000000    0.000000
 -11.07569    0.000000    0.000000    0.000000    0.000000    0.000000    0.000000    0.000000    0.000000    0.000000    0.000000    0.000000
 -11.06969    0.000000    0.000000    0.000000    0.000000    0.000000    0.000000    0.000000    0.000000    0.000000    0.000000    0.000000
 -11.06369    0.000000    0.000000    0.000000    0.000000    0.000000    0.000000    0.000000    0.000000    0.000000    0.000000    0.000000
 -11.05769    0.000000    0.000000    0.000000    0.000000    0.000000    0.000000    0.000000    0.000000    0.000000    0.000000    0.000000
 -11.05168    0.000000    0.000000    0.000000    0.000000    0.000000    0.000000    0.000000    0.000000    0.000000    0.000000    0.000000
 -11.04568    0.000000    0.000000    0.000000    0.000000    0.000000    0.000000    0.000000    0.000000    0.000000    0.000000    0.000000
 -11.03968    0.000000    0.000000    0.000000    0.000000    0.000000    0.000000    0.000000    0.000000    0.000000    0.000000    0.000000
 -11.03368    0.000000    0.000000    0.000000    0.000000    0.000000    0.000000    0.000000    0.000000    0.000000    0.000000    0.000000
 -11.02768    0.000000    0.000000    0.000000    0.000000    0.000000    0.000000    0.000000    0.000000    0.000000    0.000000    0.000000
 -11.02167    0.000000    0.000000    0.000000    0.000000    0.000000    0.000000    0.000000    0.000000    0.000000    0.000000    0.000000
 -11.01567    0.000000    0.000000    0.000000    0.000000    0.000000    0.000000    0.000000    0.000000    0.000000    0.000000    0.000000
 -11.00967    0.000000    0.000000    0.000000    0.000000    0.000000    0.000000    0.000000    0.000000    0.000000    0.000000    0.000000
 -11.00367    0.000000    0.000000    0.000000    0.000000    0.000000    0.000000    0.000000    0.000000    0.000000    0.000000    0.000000
 -10.99767    0.000000    0.000000    0.000000    0.000000    0.000000    0.000000    0.000000    0.000000    0.000000    0.000000    0.000000
 -10.99166    0.000000    0.000000    0.000000    0.000000    0.000000    0.000000    0.000000    0.000000    0.000000    0.000000    0.000000
 -10.98566    0.000000    0.000000    0.000000    0.000000    0.000000    0.000000    0.000000    0.000000    0.000000    0.000000    0.000000
 -10.97966    0.000000    0.000000    0.000000    0.000000    0.000000    0.000000    0.000000    0.000000    0.000000    0.000000    0.000000
 -10.97366    0.000000    0.000000    0.000000    0.000000    0.000000    0.000000    0.000000    0.000000    0.000000    0.000000    0.000000
 -10.96766    0.000000    0.000000    0.000000    0.000000    0.000000    0.000000    0.000000    0.000000    0.000000    0.000000    0.000000
 -10.96165    0.000000    0.000000    0.000000    0.000000    0.000000    0.000000    0.000000    0.000000    0.000000    0.000000    0.000000
 -10.95565    0.000000    0.000000    0.000000    0.000000    0.000000    0.000000    0.000000    0.000000    0.000000    0.000000    0.000000
 -10.94965    0.000000    0.000000    0.000000    0.000000    0.000000    0.000000    0.000000    0.000000    0.000000    0.000000    0.000000
 -10.94365    0.000000    0.000000    0.000000    0.000000    0.000000    0.000000    0.000000    0.000000    0.000000    0.000000    0.000000
 -10.93765    0.000000    0.000000    0.000000    0.000000    0.000000    0.000000    0.000000    0.000000    0.000000    0.000000    0.000000
 -10.93164    0.000000    0.000000    0.000000    0.000000    0.000000    0.000000    0.000000    0.000000    0.000000    0.000000    0.000000
 -10.92564    0.000000    0.000000    0.000000    0.000000    0.000000    0.000000    0.000000    0.000000    0.000000    0.000000    0.000000
 -10.91964    0.000000    0.000000    0.000000    0.000000    0.000000    0.000000    0.000000    0.000000    0.000000    0.000000    0.000000
 -10.91364    0.000000    0.000000    0.000000    0.000000    0.000000    0.000000    0.000000    0.000000    0.000000    0.000000    0.000000
 -10.90764    0.000000    0.000000    0.000000    0.000000    0.000000    0.000000    0.000000    0.000000    0.000000    0.000000    0.000000
 -10.90163    0.000000    0.000000    0.000000    0.000000    0.000000    0.000000    0.000000    0.000000    0.000000    0.000000    0.000000
 -10.89563    0.000000    0.000000    0.000000    0.000000    0.000000    0.000000    0.000000    0.000000    0.000000    0.000000    0.000000
 -10.88963    0.000000    0.000000    0.000000    0.000000    0.000000    0.000000    0.000000    0.000000    0.000000    0.000000    0.000000
 -10.88363    0.000000    0.000000    0.000000    0.000000    0.000000    0.000000    0.000000    0.000000    0.000000    0.000000    0.000000
 -10.87763    0.000000    0.000000    0.000000    0.000000    0.000000    0.000000    0.000000    0.000000    0.000000    0.000000    0.000000
 -10.87162    0.000000    0.000000    0.000000    0.000000    0.000000    0.000000    0.000000    0.000000    0.000000    0.000000    0.000000
 -10.86562    0.000000    0.000000    0.000000    0.000000    0.000000    0.000000    0.000000    0.000000    0.000000    0.000000    0.000000
 -10.85962    0.000000    0.000000    0.000000    0.000000    0.000000    0.000000    0.000000    0.000000    0.000000    0.000000    0.000000
 -10.85362    0.000000    0.000000    0.000000    0.000000    0.000000    0.000000    0.000000    0.000000    0.000000    0.000000    0.000000
 -10.84762    0.000000    0.000000    0.000000    0.000000    0.000000    0.000000    0.000000    0.000000    0.000000    0.000000    0.000000
 -10.84161    0.000000    0.000000    0.000000    0.000000    0.000000    0.000000    0.000000    0.000000    0.000000    0.000000    0.000000
 -10.83561    0.000000    0.000000    0.000000    0.000000    0.000000    0.000000    0.000000    0.000000    0.000000    0.000000    0.000000
 -10.82961    0.000000    0.000000    0.000000    0.000000    0.000000    0.000000    0.000000    0.000000    0.000000    0.000000    0.000000
 -10.82361    0.000000    0.000000    0.000000    0.000000    0.000000    0.000000    0.000000    0.000000    0.000000    0.000000    0.000000
 -10.81761    0.000000    0.000000    0.000000    0.000000    0.000000    0.000000    0.000000    0.000000    0.000000    0.000000    0.000000
 -10.81160    0.000000    0.000000    0.000000    0.000000    0.000000    0.000000    0.000000    0.000000    0.000000    0.000000    0.000000
 -10.80560    0.000000    0.000000    0.000000    0.000000    0.000000    0.000000    0.000000    0.000000    0.000000    0.000000    0.000000
 -10.79960    0.000000    0.000000    0.000000    0.000000    0.000000    0.000000    0.000000    0.000000    0.000000    0.000000    0.000000
 -10.79360    0.000000    0.000000    0.000000    0.000000    0.000000    0.000000    0.000000    0.000000    0.000000    0.000000    0.000000
 -10.78760    0.000000    0.000000    0.000000    0.000000    0.000000    0.000000    0.000000    0.000000    0.000000    0.000000    0.000000
 -10.78159    0.000000    0.000000    0.000000    0.000000    0.000000    0.000000    0.000000    0.000000    0.000000    0.000000    0.000000
 -10.77559    0.000000    0.000000    0.000000    0.000000    0.000000    0.000000    0.000000    0.000000    0.000000    0.000000    0.000000
 -10.76959    0.000000    0.000000    0.000000    0.000000    0.000000    0.000000    0.000000    0.000000    0.000000    0.000000    0.000000
 -10.76359    0.000000    0.000000    0.000000    0.000000    0.000000    0.000000    0.000000    0.000000    0.000000    0.000000    0.000000
 -10.75759    0.000000    0.000000    0.000000    0.000000    0.000000    0.000000    0.000000    0.000000    0.000000    0.000000    0.000000
 -10.75158    0.000000    0.000000    0.000000    0.000000    0.000000    0.000000    0.000000    0.000000    0.000000    0.000000    0.000000
 -10.74558    0.000000    0.000000    0.000000    0.000000    0.000000    0.000000    0.000000    0.000000    0.000000    0.000000    0.000000
 -10.73958    0.000000    0.000000    0.000000    0.000000    0.000000    0.000000    0.000000    0.000000    0.000000    0.000000    0.000000
 -10.73358    0.000000    0.000000    0.000000    0.000000    0.000000    0.000000    0.000000    0.000000    0.000000    0.000000    0.000000
 -10.72758    0.000000    0.000000    0.000000    0.000000    0.000000    0.000000    0.000000    0.000000    0.000000    0.000000    0.000000
 -10.72157    0.000000    0.000000    0.000000    0.000000    0.000000    0.000000    0.000000    0.000000    0.000000    0.000000    0.000000
 -10.71557    0.000000    0.000000    0.000000    0.000000    0.000000    0.000000    0.000000    0.000000    0.000000    0.000000    0.000000
 -10.70957    0.000000    0.000000    0.000000    0.000000    0.000000    0.000000    0.000000    0.000000    0.000000    0.000000    0.000000
 -10.70357    0.000000    0.000000    0.000000    0.000000    0.000000    0.000000    0.000000    0.000000    0.000000    0.000000    0.000000
 -10.69757    0.000000    0.000000    0.000000    0.000000    0.000000    0.000000    0.000000    0.000000    0.000000    0.000000    0.000000
 -10.69156    0.000000    0.000000    0.000000    0.000000    0.000000    0.000000    0.000000    0.000000    0.000000    0.000000    0.000000
 -10.68556    0.000000    0.000000    0.000000    0.000000    0.000000    0.000000    0.000000    0.000000    0.000000    0.000000    0.000000
 -10.67956    0.000000    0.000000    0.000000    0.000000    0.000000    0.000000    0.000000    0.000000    0.000000    0.000000    0.000000
 -10.67356    0.000000    0.000000    0.000000    0.000000    0.000000    0.000000    0.000000    0.000000    0.000000    0.000000    0.000000
 -10.66756    0.000000    0.000000    0.000000    0.000000    0.000000    0.000000    0.000000    0.000000    0.000000    0.000000    0.000000
 -10.66155    0.000000    0.000000    0.000000    0.000000    0.000000    0.000000    0.000000    0.000000    0.000000    0.000000    0.000000
 -10.65555    0.000000    0.000000    0.000000    0.000000    0.000000    0.000000    0.000000    0.000000    0.000000    0.000000    0.000000
 -10.64955    0.000000    0.000000    0.000000    0.000000    0.000000    0.000000    0.000000    0.000000    0.000000    0.000000    0.000000
 -10.64355    0.000000    0.000000    0.000000    0.000000    0.000000    0.000000    0.000000    0.000000    0.000000    0.000000    0.000000
 -10.63755    0.000000    0.000000    0.000000    0.000000    0.000000    0.000000    0.000000    0.000000    0.000000    0.000000    0.000000
 -10.63154    0.000000    0.000000    0.000000    0.000000    0.000000    0.000000    0.000000    0.000000    0.000000    0.000000    0.000000
 -10.62554    0.000000    0.000000    0.000000    0.000000    0.000000    0.000000    0.000000    0.000000    0.000000    0.000000    0.000000
 -10.61954    0.000000    0.000000    0.000000    0.000000    0.000000    0.000000    0.000000    0.000000    0.000000    0.000000    0.000000
 -10.61354    0.000000    0.000000    0.000000    0.000000    0.000000    0.000000    0.000000    0.000000    0.000000    0.000000    0.000000
 -10.60754    0.000000    0.000000    0.000000    0.000000    0.000000    0.000000    0.000000    0.000000    0.000000    0.000000    0.000000
 -10.60153    0.000000    0.000000    0.000000    0.000000    0.000000    0.000000    0.000000    0.000000    0.000000    0.000000    0.000000
 -10.59553    0.000000    0.000000    0.000000    0.000000    0.000000    0.000000    0.000000    0.000000    0.000000    0.000000    0.000000
 -10.58953    0.000000    0.000000    0.000000    0.000000    0.000000    0.000000    0.000000    0.000000    0.000000    0.000000    0.000000
 -10.58353    0.000000    0.000000    0.000000    0.000000    0.000000    0.000000    0.000000    0.000000    0.000000    0.000000    0.000000
 -10.57753    0.000000    0.000000    0.000000    0.000000    0.000000    0.000000    0.000000    0.000000    0.000000    0.000000    0.000000
 -10.57152    0.000000    0.000000    0.000000    0.000000    0.000000    0.000000    0.000000    0.000000    0.000000    0.000000    0.000000
 -10.56552    0.000000    0.000000    0.000000    0.000000    0.000000    0.000000    0.000000    0.000000    0.000000    0.000000    0.000000
 -10.55952    0.000000    0.000000    0.000000    0.000000    0.000000    0.000000    0.000000    0.000000    0.000000    0.000000    0.000000
 -10.55352    0.000000    0.000000    0.000000    0.000000    0.000000    0.000000    0.000000    0.000000    0.000000    0.000000    0.000000
 -10.54752    0.000000    0.000000    0.000000    0.000000    0.000000    0.000000    0.000000    0.000000    0.000000    0.000000    0.000000
 -10.54151    0.000000    0.000000    0.000000    0.000000    0.000000    0.000000    0.000000    0.000000    0.000000    0.000000    0.000000
 -10.53551    0.000000    0.000000    0.000000    0.000000    0.000000    0.000000    0.000000    0.000000    0.000000    0.000000    0.000000
 -10.52951    0.000000    0.000000    0.000000    0.000000    0.000000    0.000000    0.000000    0.000000    0.000000    0.000000    0.000000
 -10.52351    0.000000    0.000000    0.000000    0.000000    0.000000    0.000000    0.000000    0.000000    0.000000    0.000000    0.000000
 -10.51751    0.000000    0.000000    0.000000    0.000000    0.000000    0.000000    0.000000    0.000000    0.000000    0.000000    0.000000
 -10.51150    0.000000    0.000000    0.000000    0.000000    0.000000    0.000000    0.000000    0.000000    0.000000    0.000000    0.000000
 -10.50550    0.000000    0.000000    0.000000    0.000000    0.000000    0.000000    0.000000    0.000000    0.000000    0.000000    0.000000
 -10.49950    0.000000    0.000000    0.000000    0.000000    0.000000    0.000000    0.000000    0.000000    0.000000    0.000000    0.000000
 -10.49350    0.000000    0.000000    0.000000    0.000000    0.000000    0.000000    0.000000    0.000000    0.000000    0.000000    0.000000
 -10.48750    0.000000    0.000000    0.000000    0.000000    0.000000    0.000000    0.000000    0.000000    0.000000    0.000000    0.000000
 -10.48149    0.000000    0.000000    0.000000    0.000000    0.000000    0.000000    0.000000    0.000000    0.000000    0.000000    0.000000
 -10.47549    0.000000    0.000000    0.000000    0.000000    0.000000    0.000000    0.000000    0.000000    0.000000    0.000000    0.000000
 -10.46949    0.000000    0.000000    0.000000    0.000000    0.000000    0.000000    0.000000    0.000000    0.000000    0.000000    0.000000
 -10.46349    0.000000    0.000000    0.000000    0.000000    0.000000    0.000000    0.000000    0.000000    0.000000    0.000000    0.000000
 -10.45749    0.000000    0.000000    0.000000    0.000000    0.000000    0.000000    0.000000    0.000000    0.000000    0.000000    0.000000
 -10.45148    0.000000    0.000000    0.000000    0.000000    0.000000    0.000000    0.000000    0.000000    0.000000    0.000000    0.000000
 -10.44548    0.000000    0.000000    0.000000    0.000000    0.000000    0.000000    0.000000    0.000000    0.000000    0.000000    0.000000
 -10.43948    0.000000    0.000000    0.000000    0.000000    0.000000    0.000000    0.000000    0.000000    0.000000    0.000000    0.000000
 -10.43348    0.000000    0.000000    0.000000    0.000000    0.000000    0.000000    0.000000    0.000000    0.000000    0.000000    0.000000
 -10.42748    0.000000    0.000000    0.000000    0.000000    0.000000    0.000000    0.000000    0.000000    0.000000    0.000000    0.000000
 -10.42147    0.000000    0.000000    0.000000    0.000000    0.000000    0.000000    0.000000    0.000000    0.000000    0.000000    0.000000
 -10.41547    0.000000    0.000000    0.000000    0.000000    0.000000    0.000000    0.000000    0.000000    0.000000    0.000000    0.000000
 -10.40947    0.000000    0.000000    0.000000    0.000000    0.000000    0.000000    0.000000    0.000000    0.000000    0.000000    0.000000
 -10.40347    0.000000    0.000000    0.000000    0.000000    0.000000    0.000000    0.000000    0.000000    0.000000    0.000000    0.000000
 -10.39747    0.000000    0.000000    0.000000    0.000000    0.000000    0.000000    0.000000    0.000000    0.000000    0.000000    0.000000
 -10.39146    0.000000    0.000000    0.000000    0.000000    0.000000    0.000000    0.000000    0.000000    0.000000    0.000000    0.000000
 -10.38546    0.000000    0.000000    0.000000    0.000000    0.000000    0.000000    0.000000    0.000000    0.000000    0.000000    0.000000
 -10.37946    0.000000    0.000000    0.000000    0.000000    0.000000    0.000000    0.000000    0.000000    0.000000    0.000000    0.000000
 -10.37346    0.000000    0.000000    0.000000    0.000000    0.000000    0.000000    0.000000    0.000000    0.000000    0.000000    0.000000
 -10.36746    0.000000    0.000000    0.000000    0.000000    0.000000    0.000000    0.000000    0.000000    0.000000    0.000000    0.000000
 -10.36145    0.000000    0.000000    0.000000    0.000000    0.000000    0.000000    0.000000    0.000000    0.000000    0.000000    0.000000
 -10.35545    0.000000    0.000000    0.000000    0.000000    0.000000    0.000000    0.000000    0.000000    0.000000    0.000000    0.000000
 -10.34945    0.000000    0.000000    0.000000    0.000000    0.000000    0.000000    0.000000    0.000000    0.000000    0.000000    0.000000
 -10.34345    0.000000    0.000000    0.000000    0.000000    0.000000    0.000000    0.000000    0.000000    0.000000    0.000000    0.000000
 -10.33745    0.000000    0.000000    0.000000    0.000000    0.000000    0.000000    0.000000    0.000000    0.000000    0.000000    0.000000
 -10.33144    0.000000    0.000000    0.000000    0.000000    0.000000    0.000000    0.000000    0.000000    0.000000    0.000000    0.000000
 -10.32544    0.000000    0.000000    0.000000    0.000000    0.000000    0.000000    0.000000    0.000000    0.000000    0.000000    0.000000
 -10.31944    0.000000    0.000000    0.000000    0.000000    0.000000    0.000000    0.000000    0.000000    0.000000    0.000000    0.000000
 -10.31344    0.000000    0.000000    0.000000    0.000000    0.000000    0.000000    0.000000    0.000000    0.000000    0.000000    0.000000
 -10.30744    0.000000    0.000000    0.000000    0.000000    0.000000    0.000000    0.000000    0.000000    0.000000    0.000000    0.000000
 -10.30143    0.000000    0.000000    0.000000    0.000000    0.000000    0.000000    0.000000    0.000000    0.000000    0.000000    0.000000
 -10.29543    0.000000    0.000000    0.000000    0.000000    0.000000    0.000000    0.000000    0.000000    0.000000    0.000000    0.000000
 -10.28943    0.000000    0.000000    0.000000    0.000000    0.000000    0.000000    0.000000    0.000000    0.000000    0.000000    0.000000
 -10.28343    0.000000    0.000000    0.000000    0.000000    0.000000    0.000000    0.000000    0.000000    0.000000    0.000000    0.000000
 -10.27743    0.000000    0.000000    0.000000    0.000000    0.000000    0.000000    0.000000    0.000000    0.000000    0.000000    0.000000
 -10.27142    0.000000    0.000000    0.000000    0.000000    0.000000    0.000000    0.000000    0.000000    0.000000    0.000000    0.000000
 -10.26542    0.000000    0.000000    0.000000    0.000000    0.000000    0.000000    0.000000    0.000000    0.000000    0.000000    0.000000
 -10.25942    0.000000    0.000000    0.000000    0.000000    0.000000    0.000000    0.000000    0.000000    0.000000    0.000000    0.000000
 -10.25342    0.000000    0.000000    0.000000    0.000000    0.000000    0.000000    0.000000    0.000000    0.000000    0.000000    0.000000
 -10.24742    0.000000    0.000000    0.000000    0.000000    0.000000    0.000000    0.000000    0.000000    0.000000    0.000000    0.000000
 -10.24141    0.000000    0.000000    0.000000    0.000000    0.000000    0.000000    0.000000    0.000000    0.000000    0.000000    0.000000
 -10.23541    0.000000    0.000000    0.000000    0.000000    0.000000    0.000000    0.000000    0.000000    0.000000    0.000000    0.000000
 -10.22941    0.000000    0.000000    0.000000    0.000000    0.000000    0.000000    0.000000    0.000000    0.000000    0.000000    0.000000
 -10.22341    0.000000    0.000000    0.000000    0.000000    0.000000    0.000000    0.000000    0.000000    0.000000    0.000000    0.000000
 -10.21741    0.000000    0.000000    0.000000    0.000000    0.000000    0.000000    0.000000    0.000000    0.000000    0.000000    0.000000
 -10.21140    0.000000    0.000000    0.000000    0.000000    0.000000    0.000000    0.000000    0.000000    0.000000    0.000000    0.000000
 -10.20540    0.000000    0.000000    0.000000    0.000000    0.000000    0.000000    0.000000    0.000000    0.000000    0.000000    0.000000
 -10.19940    0.000000    0.000000    0.000000    0.000000    0.000000    0.000000    0.000000    0.000000    0.000000    0.000000    0.000000
 -10.19340    0.000000    0.000000    0.000000    0.000000    0.000000    0.000000    0.000000    0.000000    0.000000    0.000000    0.000000
 -10.18740    0.000000    0.000000    0.000000    0.000000    0.000000    0.000000    0.000000    0.000000    0.000000    0.000000    0.000000
 -10.18139    0.000000    0.000000    0.000000    0.000000    0.000000    0.000000    0.000000    0.000000    0.000000    0.000000    0.000000
 -10.17539    0.000000    0.000000    0.000000    0.000000    0.000000    0.000000    0.000000    0.000000    0.000000    0.000000    0.000000
 -10.16939    0.000000    0.000000    0.000000    0.000000    0.000000    0.000000    0.000000    0.000000    0.000000    0.000000    0.000000
 -10.16339    0.000000    0.000000    0.000000    0.000000    0.000000    0.000000    0.000000    0.000000    0.000000    0.000000    0.000000
 -10.15739    0.000000    0.000000    0.000000    0.000000    0.000000    0.000000    0.000000    0.000000    0.000000    0.000000    0.000000
 -10.15138    0.000000    0.000000    0.000000    0.000000    0.000000    0.000000    0.000000    0.000000    0.000000    0.000000    0.000000
 -10.14538    0.000000    0.000000    0.000000    0.000000    0.000000    0.000000    0.000000    0.000000    0.000000    0.000000    0.000000
 -10.13938    0.000000    0.000000    0.000000    0.000000    0.000000    0.000000    0.000000    0.000000    0.000000    0.000000    0.000000
 -10.13338    0.000000    0.000000    0.000000    0.000000    0.000000    0.000000    0.000000    0.000000    0.000000    0.000000    0.000000
 -10.12738    0.000000    0.000000    0.000000    0.000000    0.000000    0.000000    0.000000    0.000000    0.000000    0.000000    0.000000
 -10.12137    0.000000    0.000000    0.000000    0.000000    0.000000    0.000000    0.000000    0.000000    0.000000    0.000000    0.000000
 -10.11537    0.000000    0.000000    0.000000    0.000000    0.000000    0.000000    0.000000    0.000000    0.000000    0.000000    0.000000
 -10.10937    0.000000    0.000000    0.000000    0.000000    0.000000    0.000000    0.000000    0.000000    0.000000    0.000000    0.000000
 -10.10337    0.000000    0.000000    0.000000    0.000000    0.000000    0.000000    0.000000    0.000000    0.000000    0.000000    0.000000
 -10.09737    0.000000    0.000000    0.000000    0.000000    0.000000    0.000000    0.000000    0.000000    0.000000    0.000000    0.000000
 -10.09136    0.000000    0.000000    0.000000    0.000000    0.000000    0.000000    0.000000    0.000000    0.000000    0.000000    0.000000
 -10.08536    0.000000    0.000000    0.000000    0.000000    0.000000    0.000000    0.000000    0.000000    0.000000    0.000000    0.000000
 -10.07936    0.000000    0.000000    0.000000    0.000000    0.000000    0.000000    0.000000    0.000000    0.000000    0.000000    0.000000
 -10.07336    0.000000    0.000000    0.000000    0.000000    0.000000    0.000000    0.000000    0.000000    0.000000    0.000000    0.000000
 -10.06736    0.000000    0.000000    0.000000    0.000000    0.000000    0.000000    0.000000    0.000000    0.000000    0.000000    0.000000
 -10.06135    0.000000    0.000000    0.000000    0.000000    0.000000    0.000000    0.000000    0.000000    0.000000    0.000000    0.000000
 -10.05535    0.000000    0.000000    0.000000    0.000000    0.000000    0.000000    0.000000    0.000000    0.000000    0.000000    0.000000
 -10.04935    0.000000    0.000000    0.000000    0.000000    0.000000    0.000000    0.000000    0.000000    0.000000    0.000000    0.000000
 -10.04335    0.000000    0.000000    0.000000    0.000000    0.000000    0.000000    0.000000    0.000000    0.000000    0.000000    0.000000
 -10.03735    0.000000    0.000000    0.000000    0.000000    0.000000    0.000000    0.000000    0.000000    0.000000    0.000000    0.000000
 -10.03134    0.000000    0.000000    0.000000    0.000000    0.000000    0.000000    0.000000    0.000000    0.000000    0.000000    0.000000
 -10.02534    0.000000    0.000000    0.000000    0.000000    0.000000    0.000000    0.000000    0.000000    0.000000    0.000000    0.000000
 -10.01934    0.000000    0.000000    0.000000    0.000000    0.000000    0.000000    0.000000    0.000000    0.000000    0.000000    0.000000
 -10.01334    0.000000    0.000000    0.000000    0.000000    0.000000    0.000000    0.000000    0.000000    0.000000    0.000000    0.000000
 -10.00734    0.000000    0.000000    0.000000    0.000000    0.000000    0.000000    0.000000    0.000000    0.000000    0.000000    0.000000
 -10.00133    0.000000    0.000000    0.000000    0.000000    0.000000    0.000000    0.000000    0.000000    0.000000    0.000000    0.000000
  -9.99533    0.000000    0.000000    0.000000    0.000000    0.000000    0.000000    0.000000    0.000000    0.000000    0.000000    0.000000
  -9.98933    0.000000    0.000000    0.000000    0.000000    0.000000    0.000000    0.000000    0.000000    0.000000    0.000000    0.000000
  -9.98333    0.000000    0.000000    0.000000    0.000000    0.000000    0.000000    0.000000    0.000000    0.000000    0.000000    0.000000
  -9.97733    0.000000    0.000000    0.000000    0.000000    0.000000    0.000000    0.000000    0.000000    0.000000    0.000000    0.000000
  -9.97132    0.000000    0.000000    0.000000    0.000000    0.000000    0.000000    0.000000    0.000000    0.000000    0.000000    0.000000
  -9.96532    0.000000    0.000000    0.000000    0.000000    0.000000    0.000000    0.000000    0.000000    0.000000    0.000000    0.000000
  -9.95932    0.000000    0.000000    0.000000    0.000000    0.000000    0.000000    0.000000    0.000000    0.000000    0.000000    0.000000
  -9.95332    0.000000    0.000000    0.000000    0.000000    0.000000    0.000000    0.000000    0.000000    0.000000    0.000000    0.000000
  -9.94732    0.000000    0.000000    0.000000    0.000000    0.000000    0.000000    0.000000    0.000000    0.000000    0.000000    0.000000
  -9.94131    0.000000    0.000000    0.000000    0.000000    0.000000    0.000000    0.000000    0.000000    0.000000    0.000000    0.000000
  -9.93531    0.000000    0.000000    0.000000    0.000000    0.000000    0.000000    0.000000    0.000000    0.000000    0.000000    0.000000
  -9.92931    0.000000    0.000000    0.000000    0.000000    0.000000    0.000000    0.000000    0.000000    0.000000    0.000000    0.000000
  -9.92331    0.000000    0.000000    0.000000    0.000000    0.000000    0.000000    0.000000    0.000000    0.000000    0.000000    0.000000
  -9.91731    0.000000    0.000000    0.000000    0.000000    0.000000    0.000000    0.000000    0.000000    0.000000    0.000000    0.000000
  -9.91130    0.000000    0.000000    0.000000    0.000000    0.000000    0.000000    0.000000    0.000000    0.000000    0.000000    0.000000
  -9.90530    0.000000    0.000000    0.000000    0.000000    0.000000    0.000000    0.000000    0.000000    0.000000    0.000000    0.000000
  -9.89930    0.000000    0.000000    0.000000    0.000000    0.000000    0.000000    0.000000    0.000000    0.000000    0.000000    0.000000
  -9.89330    0.000000    0.000000    0.000000    0.000000    0.000000    0.000000    0.000000    0.000000    0.000000    0.000000    0.000000
  -9.88730    0.000000    0.000000    0.000000    0.000000    0.000000    0.000000    0.000000    0.000000    0.000000    0.000000    0.000000
  -9.88129    0.000000    0.000000    0.000000    0.000000    0.000000    0.000000    0.000000    0.000000    0.000000    0.000000    0.000000
  -9.87529    0.000000    0.000000    0.000000    0.000000    0.000000    0.000000    0.000000    0.000000    0.000000    0.000000    0.000000
  -9.86929    0.000000    0.000000    0.000000    0.000000    0.000000    0.000000    0.000000    0.000000    0.000000    0.000000    0.000000
  -9.86329    0.000000    0.000000    0.000000    0.000000    0.000000    0.000000    0.000000    0.000000    0.000000    0.000000    0.000000
  -9.85729    0.000000    0.000000    0.000000    0.000000    0.000000    0.000000    0.000000    0.000000    0.000000    0.000000    0.000000
  -9.85128    0.000000    0.000000    0.000000    0.000000    0.000000    0.000000    0.000000    0.000000    0.000000    0.000000    0.000000
  -9.84528    0.000000    0.000000    0.000000    0.000000    0.000000    0.000000    0.000000    0.000000    0.000000    0.000000    0.000000
  -9.83928    0.000000    0.000000    0.000000    0.000000    0.000000    0.000000    0.000000    0.000000    0.000000    0.000000    0.000000
  -9.83328    0.000000    0.000000    0.000000    0.000000    0.000000    0.000000    0.000000    0.000000    0.000000    0.000000    0.000000
  -9.82728    0.000000    0.000000    0.000000    0.000000    0.000000    0.000000    0.000000    0.000000    0.000000    0.000000    0.000000
  -9.82127    0.000000    0.000000    0.000000    0.000000    0.000000    0.000000    0.000000    0.000000    0.000000    0.000000    0.000000
  -9.81527    0.000000    0.000000    0.000000    0.000000    0.000000    0.000000    0.000000    0.000000    0.000000    0.000000    0.000000
  -9.80927    0.000000    0.000000    0.000000    0.000000    0.000000    0.000000    0.000000    0.000000    0.000000    0.000000    0.000000
  -9.80327    0.000000    0.000000    0.000000    0.000000    0.000000    0.000000    0.000000    0.000000    0.000000    0.000000    0.000000
  -9.79727    0.000000    0.000000    0.000000    0.000000    0.000000    0.000000    0.000000    0.000000    0.000000    0.000000    0.000000
  -9.79126    0.000000    0.000000    0.000000    0.000000    0.000000    0.000000    0.000000    0.000000    0.000000    0.000000    0.000000
  -9.78526    0.000000    0.000000    0.000000    0.000000    0.000000    0.000000    0.000000    0.000000    0.000000    0.000000    0.000000
  -9.77926    0.000000    0.000000    0.000000    0.000000    0.000000    0.000000    0.000000    0.000000    0.000000    0.000000    0.000000
  -9.77326    0.000000    0.000000    0.000000    0.000000    0.000000    0.000000    0.000000    0.000000    0.000000    0.000000    0.000000
  -9.76726    0.000000    0.000000    0.000000    0.000000    0.000000    0.000000    0.000000    0.000000    0.000000    0.000000    0.000000
  -9.76125    0.000000    0.000000    0.000000    0.000000    0.000000    0.000000    0.000000    0.000000    0.000000    0.000000    0.000000
  -9.75525    0.000000    0.000000    0.000000    0.000000    0.000000    0.000000    0.000000    0.000000    0.000000    0.000000    0.000000
  -9.74925    0.000000    0.000000    0.000000    0.000000    0.000000    0.000000    0.000000    0.000000    0.000000    0.000000    0.000000
  -9.74325    0.000000    0.000000    0.000000    0.000000    0.000000    0.000000    0.000000    0.000000    0.000000    0.000000    0.000000
  -9.73725    0.000000    0.000000    0.000000    0.000000    0.000000    0.000000    0.000000    0.000000    0.000000    0.000000    0.000000
  -9.73124    0.000000    0.000000    0.000000    0.000000    0.000000    0.000000    0.000000    0.000000    0.000000    0.000000    0.000000
  -9.72524    0.000000    0.000000    0.000000    0.000000    0.000000    0.000000    0.000000    0.000000    0.000000    0.000000    0.000000
  -9.71924    0.000000    0.000000    0.000000    0.000000    0.000000    0.000000    0.000000    0.000000    0.000000    0.000000    0.000000
  -9.71324    0.000000    0.000000    0.000000    0.000000    0.000000    0.000000    0.000000    0.000000    0.000000    0.000000    0.000000
  -9.70724    0.000000    0.000000    0.000000    0.000000    0.000000    0.000000    0.000000    0.000000    0.000000    0.000000    0.000000
  -9.70123    0.000000    0.000000    0.000000    0.000000    0.000000    0.000000    0.000000    0.000000    0.000000    0.000000    0.000000
  -9.69523    0.000000    0.000000    0.000000    0.000000    0.000000    0.000000    0.000000    0.000000    0.000000    0.000000    0.000000
  -9.68923    0.000000    0.000000    0.000000    0.000000    0.000000    0.000000    0.000000    0.000000    0.000000    0.000000    0.000000
  -9.68323    0.000000    0.000000    0.000000    0.000000    0.000000    0.000000    0.000000    0.000000    0.000000    0.000000    0.000000
  -9.67723    0.000000    0.000000    0.000000    0.000000    0.000000    0.000000    0.000000    0.000000    0.000000    0.000000    0.000000
  -9.67122    0.000000    0.000000    0.000000    0.000000    0.000000    0.000000    0.000000    0.000000    0.000000    0.000000    0.000000
  -9.66522    0.000000    0.000000    0.000000    0.000000    0.000000    0.000000    0.000000    0.000000    0.000000    0.000000    0.000000
  -9.65922    0.000000    0.000000    0.000000    0.000000    0.000000    0.000000    0.000000    0.000000    0.000000    0.000000    0.000000
  -9.65322    0.000000    0.000000    0.000000    0.000000    0.000000    0.000000    0.000000    0.000000    0.000000    0.000000    0.000000
  -9.64722    0.000000    0.000000    0.000000    0.000000    0.000000    0.000000    0.000000    0.000000    0.000000    0.000000    0.000000
  -9.64121    0.000000    0.000000    0.000000    0.000000    0.000000    0.000000    0.000000    0.000000    0.000000    0.000000    0.000000
  -9.63521    0.000000    0.000000    0.000000    0.000000    0.000000    0.000000    0.000000    0.000000    0.000000    0.000000    0.000000
  -9.62921    0.000000    0.000000    0.000000    0.000000    0.000000    0.000000    0.000000    0.000000    0.000000    0.000000    0.000000
  -9.62321    0.000000    0.000000    0.000000    0.000000    0.000000    0.000000    0.000000    0.000000    0.000000    0.000000    0.000000
  -9.61721    0.000000    0.000000    0.000000    0.000000    0.000000    0.000000    0.000000    0.000000    0.000000    0.000000    0.000000
  -9.61120    0.000000    0.000000    0.000000    0.000000    0.000000    0.000000    0.000000    0.000000    0.000000    0.000000    0.000000
  -9.60520    0.000000    0.000000    0.000000    0.000000    0.000000    0.000000    0.000000    0.000000    0.000000    0.000000    0.000000
  -9.59920    0.000000    0.000000    0.000000    0.000000    0.000000    0.000000    0.000000    0.000000    0.000000    0.000000    0.000000
  -9.59320    0.000000    0.000000    0.000000    0.000000    0.000000    0.000000    0.000000    0.000000    0.000000    0.000000    0.000000
  -9.58720    0.000000    0.000000    0.000000    0.000000    0.000000    0.000000    0.000000    0.000000    0.000000    0.000000    0.000000
  -9.58119    0.000000    0.000000    0.000000    0.000000    0.000000    0.000000    0.000000    0.000000    0.000000    0.000000    0.000000
  -9.57519    0.000000    0.000000    0.000000    0.000000    0.000000    0.000000    0.000000    0.000000    0.000000    0.000000    0.000000
  -9.56919    0.000000    0.000000    0.000000    0.000000    0.000000    0.000000    0.000000    0.000000    0.000000    0.000000    0.000000
  -9.56319    0.000000    0.000000    0.000000    0.000000    0.000000    0.000000    0.000000    0.000000    0.000000    0.000000    0.000000
  -9.55719    0.000000    0.000000    0.000000    0.000000    0.000000    0.000000    0.000000    0.000000    0.000000    0.000000    0.000000
  -9.55118    0.000000    0.000000    0.000000    0.000000    0.000000    0.000000    0.000000    0.000000    0.000000    0.000000    0.000000
  -9.54518    0.000000    0.000000    0.000000    0.000000    0.000000    0.000000    0.000000    0.000000    0.000000    0.000000    0.000000
  -9.53918    0.000000    0.000000    0.000000    0.000000    0.000000    0.000000    0.000000    0.000000    0.000000    0.000000    0.000000
  -9.53318    0.000000    0.000000    0.000000    0.000000    0.000000    0.000000    0.000000    0.000000    0.000000    0.000000    0.000000
  -9.52718    0.000000    0.000000    0.000000    0.000000    0.000000    0.000000    0.000000    0.000000    0.000000    0.000000    0.000000
  -9.52117    0.000000    0.000000    0.000000    0.000000    0.000000    0.000000    0.000000    0.000000    0.000000    0.000000    0.000000
  -9.51517    0.000000    0.000000    0.000000    0.000000    0.000000    0.000000    0.000000    0.000000    0.000000    0.000000    0.000000
  -9.50917    0.000000    0.000000    0.000000    0.000000    0.000000    0.000000    0.000000    0.000000    0.000000    0.000000    0.000000
  -9.50317    0.000000    0.000000    0.000000    0.000000    0.000000    0.000000    0.000000    0.000000    0.000000    0.000000    0.000000
  -9.49717    0.000000    0.000000    0.000000    0.000000    0.000000    0.000000    0.000000    0.000000    0.000000    0.000000    0.000000
  -9.49116    0.000000    0.000000    0.000000    0.000000    0.000000    0.000000    0.000000    0.000000    0.000000    0.000000    0.000000
  -9.48516    0.000000    0.000000    0.000000    0.000000    0.000000    0.000000    0.000000    0.000000    0.000000    0.000000    0.000000
  -9.47916    0.000000    0.000000    0.000000    0.000000    0.000000    0.000000    0.000000    0.000000    0.000000    0.000000    0.000000
  -9.47316    0.000000    0.000000    0.000000    0.000000    0.000000    0.000000    0.000000    0.000000    0.000000    0.000000    0.000000
  -9.46716    0.000000    0.000000    0.000000    0.000000    0.000000    0.000000    0.000000    0.000000    0.000000    0.000000    0.000000
  -9.46115    0.000000    0.000000    0.000000    0.000000    0.000000    0.000000    0.000000    0.000000    0.000000    0.000000    0.000000
  -9.45515    0.000000    0.000000    0.000000    0.000000    0.000000    0.000000    0.000000    0.000000    0.000000    0.000000    0.000000
  -9.44915    0.000000    0.000000    0.000000    0.000000    0.000000    0.000000    0.000000    0.000000    0.000000    0.000000    0.000000
  -9.44315    0.000000    0.000000    0.000000    0.000000    0.000000    0.000000    0.000000    0.000000    0.000000    0.000000    0.000000
  -9.43715    0.000000    0.000000    0.000000    0.000000    0.000000    0.000000    0.000000    0.000000    0.000000    0.000000    0.000000
  -9.43114    0.000000    0.000000    0.000000    0.000000    0.000000    0.000000    0.000000    0.000000    0.000000    0.000000    0.000000
  -9.42514    0.000000    0.000000    0.000000    0.000000    0.000000    0.000000    0.000000    0.000000    0.000000    0.000000    0.000000
  -9.41914    0.000000    0.000000    0.000000    0.000000    0.000000    0.000000    0.000000    0.000000    0.000000    0.000000    0.000000
  -9.41314    0.000000    0.000000    0.000000    0.000000    0.000000    0.000000    0.000000    0.000000    0.000000    0.000000    0.000000
  -9.40714    0.000000    0.000000    0.000000    0.000000    0.000000    0.000000    0.000000    0.000000    0.000000    0.000000    0.000000
  -9.40113    0.000000    0.000000    0.000000    0.000000    0.000000    0.000000    0.000000    0.000000    0.000000    0.000000    0.000000
  -9.39513    0.000000    0.000000    0.000000    0.000000    0.000000    0.000000    0.000000    0.000000    0.000000    0.000000    0.000000
  -9.38913    0.000000    0.000000    0.000000    0.000000    0.000000    0.000000    0.000000    0.000000    0.000000    0.000000    0.000000
  -9.38313    0.000000    0.000000    0.000000    0.000000    0.000000    0.000000    0.000000    0.000000    0.000000    0.000000    0.000000
  -9.37713    0.000000    0.000000    0.000000    0.000000    0.000000    0.000000    0.000000    0.000000    0.000000    0.000000    0.000000
  -9.37112    0.000000    0.000000    0.000000    0.000000    0.000000    0.000000    0.000000    0.000000    0.000000    0.000000    0.000000
  -9.36512    0.000000    0.000000    0.000000    0.000000    0.000000    0.000000    0.000000    0.000000    0.000000    0.000000    0.000000
  -9.35912    0.000000    0.000000    0.000000    0.000000    0.000000    0.000000    0.000000    0.000000    0.000000    0.000000    0.000000
  -9.35312    0.000000    0.000000    0.000000    0.000000    0.000000    0.000000    0.000000    0.000000    0.000000    0.000000    0.000000
  -9.34712    0.000000    0.000000    0.000000    0.000000    0.000000    0.000000    0.000000    0.000000    0.000000    0.000000    0.000000
  -9.34111    0.000000    0.000000    0.000000    0.000000    0.000000    0.000000    0.000000    0.000000    0.000000    0.000000    0.000000
  -9.33511    0.000000    0.000000    0.000000    0.000000    0.000000    0.000000    0.000000    0.000000    0.000000    0.000000    0.000000
  -9.32911    0.000000    0.000000    0.000000    0.000000    0.000000    0.000000    0.000000    0.000000    0.000000    0.000000    0.000000
  -9.32311    0.000000    0.000000    0.000000    0.000000    0.000000    0.000000    0.000000    0.000000    0.000000    0.000000    0.000000
  -9.31711    0.000001    0.000000    0.000000    0.000000    0.000000    0.000000    0.000000    0.000000    0.000000    0.000000    0.000000
  -9.31110    0.000001    0.000000    0.000000    0.000000    0.000000    0.000000    0.000000    0.000000    0.000000    0.000000    0.000000
  -9.30510    0.000002    0.000000    0.000000    0.000000    0.000000    0.000000    0.000000    0.000000    0.000000    0.000000    0.000000
  -9.29910    0.000005    0.000000    0.000000    0.000000    0.000000    0.000000    0.000000    0.000000    0.000000    0.000000    0.000000
  -9.29310    0.000009    0.000000    0.000000    0.000000    0.000000    0.000000    0.000000    0.000000    0.000000    0.000000    0.000000
  -9.28710    0.000018    0.000000    0.000000    0.000000    0.000000    0.000000    0.000000    0.000000    0.000000    0.000000    0.000000
  -9.28109    0.000035    0.000000    0.000000    0.000000    0.000000    0.000000    0.000000    0.000000    0.000000    0.000000    0.000000
  -9.27509    0.000066    0.000000    0.000000    0.000000    0.000000    0.000000    0.000000    0.000000    0.000000    0.000000    0.000000
  -9.26909    0.000121    0.000000    0.000000    0.000000    0.000000    0.000000    0.000000    0.000000    0.000000    0.000000    0.000000
  -9.26309    0.000218    0.000000    0.000000    0.000000    0.000000    0.000000    0.000000    0.000000    0.000000    0.000000    0.000000
  -9.25709    0.000385    0.000001    0.000000    0.000001    0.000000    0.000000    0.000000    0.000000    0.000000    0.000000    0.000000
  -9.25108    0.000667    0.000001    0.000000    0.000001    0.000000    0.000000    0.000000    0.000000    0.000000    0.000000    0.000000
  -9.24508    0.001131    0.000002    0.000000    0.000002    0.000001    0.000000    0.000000    0.000000    0.000000    0.000000    0.000000
  -9.23908    0.001880    0.000003    0.000000    0.000003    0.000001    0.000000    0.000000    0.000000    0.000000    0.000000    0.000000
  -9.23308    0.003063    0.000005    0.000000    0.000005    0.000002    0.000000    0.000000    0.000000    0.000000    0.000000    0.000000
  -9.22708    0.004892    0.000008    0.000000    0.000007    0.000003    0.000000    0.000000    0.000000    0.000000    0.000000    0.000000
  -9.22107    0.007660    0.000012    0.000001    0.000011    0.000004    0.000000    0.000000    0.000000    0.000000    0.000000    0.000000
  -9.21507    0.011755    0.000019    0.000001    0.000018    0.000007    0.000000    0.000000    0.000000    0.000000    0.000000    0.000000
  -9.20907    0.017685    0.000028    0.000002    0.000027    0.000010    0.000000    0.000000    0.000000    0.000000    0.000000    0.000000
  -9.20307    0.026078    0.000042    0.000003    0.000039    0.000015    0.000000    0.000000    0.000000    0.000000    0.000000    0.000000
  -9.19707    0.037694    0.000060    0.000004    0.000056    0.000021    0.000000    0.000000    0.000000    0.000000    0.000000    0.000000
  -9.19106    0.053408    0.000085    0.000005    0.000080    0.000030    0.000000    0.000000    0.000000    0.000000    0.000000    0.000000
  -9.18506    0.074175    0.000119    0.000007    0.000111    0.000041    0.000000    0.000000    0.000000    0.000000    0.000000    0.000000
  -9.17906    0.100981    0.000161    0.000010    0.000151    0.000056    0.000000    0.000000    0.000000    0.000000    0.000000    0.000000
  -9.17306    0.134754    0.000215    0.000013    0.000202    0.000075    0.000000    0.000000    0.000000    0.000000    0.000000    0.000000
  -9.16706    0.176266    0.000282    0.000018    0.000264    0.000098    0.000000    0.000000    0.000000    0.000000    0.000000    0.000000
  -9.16105    0.226006    0.000361    0.000022    0.000339    0.000126    0.000000    0.000000    0.000000    0.000000    0.000000    0.000000
  -9.15505    0.284050    0.000454    0.000028    0.000426    0.000158    0.000000    0.000000    0.000000    0.000000    0.000000    0.000000
  -9.14905    0.349942    0.000559    0.000035    0.000524    0.000195    0.000000    0.000000    0.000000    0.000000    0.000000    0.000000
  -9.14305    0.422592    0.000675    0.000042    0.000633    0.000235    0.000000    0.000000    0.000000    0.000000    0.000000    0.000000
  -9.13705    0.500232    0.000799    0.000050    0.000750    0.000278    0.000000    0.000000    0.000000    0.000000    0.000000    0.000000
  -9.13104    0.580424    0.000928    0.000058    0.000870    0.000323    0.000000    0.000000    0.000000    0.000000    0.000000    0.000000
  -9.12504    0.660153    0.001055    0.000066    0.000989    0.000367    0.000000    0.000000    0.000000    0.000000    0.000000    0.000000
  -9.11904    0.735984    0.001176    0.000073    0.001103    0.000409    0.000000    0.000000    0.000000    0.000000    0.000000    0.000000
  -9.11304    0.804296    0.001285    0.000080    0.001205    0.000447    0.000000    0.000000    0.000000    0.000000    0.000000    0.000000
  -9.10704    0.861566    0.001377    0.000086    0.001291    0.000479    0.000000    0.000000    0.000000    0.000000    0.000000    0.000000
  -9.10103    0.904661    0.001446    0.000090    0.001356    0.000503    0.000000    0.000000    0.000000    0.000000    0.000000    0.000000
  -9.09503    0.931124    0.001488    0.000092    0.001395    0.000518    0.000000    0.000000    0.000000    0.000000    0.000000    0.000000
  -9.08903    0.939407    0.001501    0.000093    0.001408    0.000522    0.000000    0.000000    0.000000    0.000000    0.000000    0.000000
  -9.08303    0.929019    0.001485    0.000092    0.001392    0.000517    0.000000    0.000000    0.000000    0.000000    0.000000    0.000000
  -9.07703    0.900575    0.001439    0.000089    0.001350    0.000501    0.000000    0.000000    0.000000    0.000000    0.000000    0.000000
  -9.07102    0.855736    0.001367    0.000085    0.001282    0.000476    0.000000    0.000000    0.000000    0.000000    0.000000    0.000000
  -9.06502    0.797048    0.001274    0.000079    0.001195    0.000443    0.000000    0.000000    0.000000    0.000000    0.000000    0.000000
  -9.05902    0.727702    0.001163    0.000072    0.001091    0.000405    0.000000    0.000000    0.000000    0.000000    0.000000    0.000000
  -9.05302    0.651249    0.001041    0.000065    0.000976    0.000362    0.000000    0.000000    0.000000    0.000000    0.000000    0.000000
  -9.04702    0.571301    0.000913    0.000057    0.000856    0.000318    0.000000    0.000000    0.000000    0.000000    0.000000    0.000000
  -9.04101    0.491256    0.000785    0.000049    0.000736    0.000273    0.000000    0.000000    0.000000    0.000000    0.000000    0.000000
  -9.03501    0.414072    0.000662    0.000041    0.000621    0.000230    0.000000    0.000000    0.000000    0.000000    0.000000    0.000000
  -9.02901    0.342113    0.000547    0.000034    0.000513    0.000190    0.000000    0.000000    0.000000    0.000000    0.000000    0.000000
  -9.02301    0.277070    0.000443    0.000028    0.000415    0.000154    0.000000    0.000000    0.000000    0.000000    0.000000    0.000000
  -9.01701    0.219958    0.000351    0.000022    0.000330    0.000122    0.000000    0.000000    0.000000    0.000000    0.000000    0.000000
  -9.01100    0.171170    0.000274    0.000017    0.000257    0.000095    0.000000    0.000000    0.000000    0.000000    0.000000    0.000000
  -9.00500    0.130580    0.000209    0.000013    0.000196    0.000073    0.000000    0.000000    0.000000    0.000000    0.000000    0.000000
  -8.99900    0.097664    0.000156    0.000010    0.000146    0.000054    0.000000    0.000000    0.000000    0.000000    0.000000    0.000000
  -8.99300    0.071638    0.000115    0.000007    0.000107    0.000040    0.000000    0.000000    0.000000    0.000000    0.000000    0.000000
  -8.98700    0.051575    0.000083    0.000005    0.000077    0.000029    0.000000    0.000000    0.000000    0.000000    0.000000    0.000000
  -8.98099    0.036516    0.000059    0.000004    0.000055    0.000020    0.000000    0.000000    0.000000    0.000000    0.000000    0.000000
  -8.97499    0.025552    0.000041    0.000003    0.000039    0.000014    0.000000    0.000000    0.000000    0.000000    0.000000    0.000000
  -8.96899    0.017882    0.000029    0.000002    0.000027    0.000010    0.000000    0.000000    0.000000    0.000000    0.000000    0.000000
  -8.96299    0.012860    0.000022    0.000001    0.000020    0.000007    0.000000    0.000000    0.000000    0.000000    0.000000    0.000000
  -8.95699    0.010011    0.000018    0.000001    0.000017    0.000005    0.000000    0.000000    0.000000    0.000000    0.000000    0.000000
  -8.95098    0.009054    0.000017    0.000001    0.000016    0.000004    0.000000    0.000000    0.000000    0.000000    0.000000    0.000000
  -8.94498    0.009906    0.000020    0.000001    0.000019    0.000004    0.000000    0.000000    0.000000    0.000000    0.000000    0.000000
  -8.93898    0.012696    0.000027    0.000001    0.000026    0.000004    0.000000    0.000000    0.000000    0.000000    0.000000    0.000000
  -8.93298    0.017771    0.000039    0.000002    0.000038    0.000006    0.000000    0.000000    0.000000    0.000000    0.000000    0.000000
  -8.92698    0.025709    0.000057    0.000002    0.000055    0.000008    0.000000    0.000000    0.000000    0.000000    0.000000    0.000000
  -8.92097    0.037330    0.000083    0.000003    0.000080    0.000012    0.000000    0.000000    0.000000    0.000000    0.000000    0.000000
  -8.91497    0.053702    0.000120    0.000005    0.000115    0.000017    0.000000    0.000000    0.000000    0.000000    0.000000    0.000000
  -8.90897    0.076138    0.000170    0.000007    0.000163    0.000024    0.000000    0.000000    0.000000    0.000000    0.000000    0.000000
  -8.90297    0.106179    0.000237    0.000009    0.000228    0.000034    0.000000    0.000000    0.000000    0.000000    0.000000    0.000000
  -8.89697    0.145557    0.000324    0.000013    0.000312    0.000047    0.000000    0.000000    0.000000    0.000000    0.000000    0.000000
  -8.89096    0.196127    0.000436    0.000017    0.000419    0.000063    0.000000    0.000000    0.000000    0.000000    0.000000    0.000000
  -8.88496    0.259785    0.000577    0.000022    0.000554    0.000084    0.000000    0.000000    0.000000    0.000000    0.000000    0.000000
  -8.87896    0.338347    0.000750    0.000029    0.000720    0.000110    0.000000    0.000000    0.000000    0.000000    0.000000    0.000000
  -8.87296    0.433414    0.000958    0.000037    0.000921    0.000141    0.000000    0.000000    0.000000    0.000000    0.000000    0.000000
  -8.86696    0.546219    0.001204    0.000047    0.001157    0.000179    0.000000    0.000000    0.000000    0.000000    0.000000    0.000000
  -8.86095    0.677470    0.001489    0.000058    0.001431    0.000223    0.000000    0.000000    0.000000    0.000000    0.000000    0.000000
  -8.85495    0.827207    0.001813    0.000071    0.001742    0.000274    0.000000    0.000000    0.000000    0.000000    0.000000    0.000000
  -8.84895    0.994671    0.002173    0.000085    0.002088    0.000331    0.000000    0.000000    0.000000    0.000000    0.000000    0.000000
  -8.84295    1.178220    0.002565    0.000100    0.002465    0.000395    0.000000    0.000000    0.000000    0.000000    0.000000    0.000000
  -8.83695    1.375280    0.002983    0.000117    0.002866    0.000464    0.000000    0.000000    0.000000    0.000000    0.000000    0.000000
  -8.83094    1.582356    0.003417    0.000134    0.003284    0.000538    0.000000    0.000000    0.000000    0.000000    0.000000    0.000000
  -8.82494    1.795100    0.003860    0.000151    0.003709    0.000614    0.000000    0.000000    0.000000    0.000000    0.000000    0.000000
  -8.81894    2.008436    0.004297    0.000168    0.004129    0.000692    0.000000    0.000000    0.000000    0.000000    0.000000    0.000000
  -8.81294    2.216738    0.004718    0.000185    0.004534    0.000770    0.000000    0.000000    0.000000    0.000000    0.000000    0.000000
  -8.80694    2.414058    0.005110    0.000200    0.004910    0.000844    0.000000    0.000000    0.000000    0.000000    0.000000    0.000000
  -8.80093    2.594388    0.005458    0.000214    0.005245    0.000914    0.000000    0.000000    0.000000    0.000000    0.000000    0.000000
  -8.79493    2.751946    0.005752    0.000225    0.005527    0.000975    0.000000    0.000000    0.000000    0.000000    0.000000    0.000000
  -8.78893    2.881461    0.005981    0.000234    0.005748    0.001028    0.000000    0.000000    0.000000    0.000000    0.000000    0.000000
  -8.78293    2.978454    0.006137    0.000240    0.005897    0.001069    0.000000    0.000000    0.000000    0.000000    0.000000    0.000000
  -8.77693    3.039478    0.006213    0.000242    0.005971    0.001097    0.000000    0.000000    0.000000    0.000000    0.000000    0.000000
  -8.77092    3.062316    0.006207    0.000242    0.005965    0.001110    0.000000    0.000000    0.000000    0.000000    0.000000    0.000000
  -8.76492    3.046104    0.006119    0.000238    0.005881    0.001109    0.000000    0.000000    0.000000    0.000000    0.000000    0.000000
  -8.75892    2.991389    0.005952    0.000231    0.005721    0.001093    0.000000    0.000000    0.000000    0.000000    0.000000    0.000000
  -8.75292    2.900101    0.005714    0.000221    0.005492    0.001062    0.000000    0.000000    0.000000    0.000000    0.000000    0.000000
  -8.74692    2.775445    0.005411    0.000209    0.005202    0.001019    0.000000    0.000000    0.000000    0.000000    0.000000    0.000000
  -8.74091    2.621725    0.005057    0.000195    0.004862    0.000964    0.000000    0.000000    0.000000    0.000000    0.000000    0.000000
  -8.73491    2.444112    0.004662    0.000179    0.004482    0.000899    0.000000    0.000000    0.000000    0.000000    0.000000    0.000000
  -8.72891    2.248367    0.004240    0.000163    0.004077    0.000827    0.000000    0.000000    0.000000    0.000000    0.000000    0.000000
  -8.72291    2.040546    0.003803    0.000145    0.003658    0.000750    0.000000    0.000000    0.000000    0.000000    0.000000    0.000000
  -8.71691    1.826706    0.003365    0.000128    0.003237    0.000671    0.000000    0.000000    0.000000    0.000000    0.000000    0.000000
  -8.71090    1.612626    0.002936    0.000112    0.002824    0.000592    0.000000    0.000000    0.000000    0.000000    0.000000    0.000000
  -8.70490    1.403563    0.002526    0.000096    0.002430    0.000514    0.000000    0.000000    0.000000    0.000000    0.000000    0.000000
  -8.69890    1.204057    0.002142    0.000081    0.002061    0.000440    0.000000    0.000000    0.000000    0.000000    0.000000    0.000000
  -8.69290    1.017794    0.001791    0.000067    0.001723    0.000371    0.000000    0.000000    0.000000    0.000000    0.000000    0.000000
  -8.68690    0.847527    0.001475    0.000055    0.001420    0.000308    0.000000    0.000000    0.000000    0.000000    0.000000    0.000000
  -8.68089    0.695065    0.001198    0.000045    0.001153    0.000252    0.000000    0.000000    0.000000    0.000000    0.000000    0.000000
  -8.67489    0.561318    0.000958    0.000036    0.000922    0.000203    0.000000    0.000000    0.000000    0.000000    0.000000    0.000000
  -8.66889    0.446393    0.000756    0.000028    0.000728    0.000161    0.000000    0.000000    0.000000    0.000000    0.000000    0.000000
  -8.66289    0.349736    0.000589    0.000022    0.000567    0.000126    0.000000    0.000000    0.000000    0.000000    0.000000    0.000000
  -8.65689    0.270293    0.000454    0.000017    0.000437    0.000097    0.000000    0.000000    0.000000    0.000000    0.000000    0.000000
  -8.65088    0.206693    0.000349    0.000013    0.000337    0.000074    0.000000    0.000000    0.000000    0.000000    0.000000    0.000000
  -8.64488    0.157431    0.000272    0.000010    0.000262    0.000056    0.000000    0.000000    0.000000    0.000000    0.000000    0.000000
  -8.63888    0.121034    0.000219    0.000008    0.000212    0.000042    0.000000    0.000000    0.000000    0.000000    0.000000    0.000000
  -8.63288    0.096216    0.000190    0.000006    0.000184    0.000033    0.000000    0.000000    0.000000    0.000000    0.000000    0.000000
  -8.62688    0.081998    0.000184    0.000006    0.000179    0.000027    0.000000    0.000000    0.000000    0.000000    0.000000    0.000000
  -8.62087    0.077798    0.000202    0.000006    0.000197    0.000024    0.000000    0.000000    0.000000    0.000000    0.000000    0.000000
  -8.61487    0.083479    0.000247    0.000007    0.000240    0.000025    0.000000    0.000000    0.000000    0.000000    0.000000    0.000000
  -8.60887    0.099357    0.000320    0.000008    0.000312    0.000028    0.000000    0.000000    0.000000    0.000000    0.000000    0.000000
  -8.60287    0.126164    0.000426    0.000011    0.000416    0.000035    0.000000    0.000000    0.000000    0.000000    0.000000    0.000000
  -8.59687    0.164957    0.000571    0.000014    0.000557    0.000045    0.000000    0.000000    0.000000    0.000000    0.000000    0.000000
  -8.59086    0.216985    0.000760    0.000019    0.000741    0.000059    0.000000    0.000000    0.000000    0.000000    0.000000    0.000000
  -8.58486    0.283506    0.000997    0.000025    0.000972    0.000077    0.000000    0.000000    0.000000    0.000000    0.000000    0.000000
  -8.57886    0.365567    0.001287    0.000032    0.001254    0.000099    0.000000    0.000000    0.000000    0.000000    0.000000    0.000000
  -8.57286    0.463760    0.001631    0.000041    0.001590    0.000126    0.000000    0.000000    0.000000    0.000000    0.000000    0.000000
  -8.56686    0.577985    0.002030    0.000052    0.001978    0.000157    0.000000    0.000000    0.000000    0.000000    0.000000    0.000000
  -8.56085    0.707228    0.002478    0.000063    0.002415    0.000192    0.000000    0.000000    0.000000    0.000000    0.000000    0.000000
  -8.55485    0.849408    0.002970    0.000076    0.002893    0.000230    0.000000    0.000000    0.000000    0.000000    0.000000    0.000000
  -8.54885    1.001316    0.003492    0.000090    0.003402    0.000272    0.000000    0.000000    0.000000    0.000000    0.000000    0.000000
  -8.54285    1.158668    0.004031    0.000105    0.003926    0.000315    0.000000    0.000000    0.000000    0.000000    0.000000    0.000000
  -8.53685    1.316296    0.004566    0.000120    0.004447    0.000358    0.000000    0.000000    0.000000    0.000000    0.000000    0.000000
  -8.53084    1.468468    0.005079    0.000134    0.004945    0.000400    0.000000    0.000000    0.000000    0.000000    0.000000    0.000000
  -8.52484    1.609324    0.005548    0.000147    0.005401    0.000439    0.000000    0.000000    0.000000    0.000000    0.000000    0.000000
  -8.51884    1.733385    0.005955    0.000159    0.005796    0.000474    0.000000    0.000000    0.000000    0.000000    0.000000    0.000000
  -8.51284    1.836081    0.006284    0.000168    0.006115    0.000503    0.000000    0.000000    0.000000    0.000000    0.000000    0.000000
  -8.50684    1.914227    0.006523    0.000176    0.006347    0.000526    0.000000    0.000000    0.000000    0.000000    0.000000    0.000000
  -8.50083    1.966391    0.006668    0.000180    0.006488    0.000543    0.000000    0.000000    0.000000    0.000000    0.000000    0.000000
  -8.49483    1.993102    0.006721    0.000183    0.006538    0.000553    0.000000    0.000000    0.000000    0.000000    0.000000    0.000000
  -8.48883    1.996839    0.006690    0.000183    0.006508    0.000558    0.000000    0.000000    0.000000    0.000000    0.000000    0.000000
  -8.48283    1.981826    0.006590    0.000181    0.006410    0.000559    0.000000    0.000000    0.000000    0.000000    0.000000    0.000000
  -8.47683    1.953618    0.006440    0.000178    0.006263    0.000558    0.000000    0.000000    0.000000    0.000000    0.000000    0.000000
  -8.47082    1.918554    0.006262    0.000174    0.006088    0.000557    0.000000    0.000000    0.000000    0.000000    0.000000    0.000000
  -8.46482    1.883117    0.006077    0.000170    0.005907    0.000557    0.000000    0.000000    0.000000    0.000000    0.000000    0.000000
  -8.45882    1.853296    0.005906    0.000166    0.005740    0.000561    0.000000    0.000000    0.000000    0.000000    0.000000    0.000000
  -8.45282    1.834017    0.005766    0.000164    0.005602    0.000571    0.000000    0.000000    0.000000    0.000000    0.000000    0.000000
  -8.44682    1.828713    0.005668    0.000164    0.005505    0.000586    0.000000    0.000000    0.000000    0.000000    0.000000    0.000000
  -8.44081    1.839071    0.005619    0.000165    0.005454    0.000608    0.000000    0.000000    0.000000    0.000000    0.000000    0.000000
  -8.43481    1.864976    0.005618    0.000169    0.005449    0.000636    0.000000    0.000000    0.000000    0.000000    0.000000    0.000000
  -8.42881    1.904644    0.005659    0.000174    0.005485    0.000669    0.000000    0.000000    0.000000    0.000000    0.000000    0.000000
  -8.42281    1.954910    0.005733    0.000182    0.005551    0.000707    0.000000    0.000000    0.000000    0.000000    0.000000    0.000000
  -8.41681    2.011618    0.005824    0.000191    0.005633    0.000747    0.000000    0.000000    0.000000    0.000000    0.000000    0.000000
  -8.41080    2.070065    0.005918    0.000201    0.005717    0.000786    0.000000    0.000000    0.000000    0.000000    0.000000    0.000000
  -8.40480    2.125433    0.006000    0.000212    0.005788    0.000824    0.000000    0.000000    0.000000    0.000000    0.000000    0.000000
  -8.39880    2.173168    0.006054    0.000223    0.005831    0.000857    0.000000    0.000000    0.000000    0.000000    0.000000    0.000000
  -8.39280    2.209273    0.006070    0.000233    0.005837    0.000883    0.000000    0.000000    0.000000    0.000000    0.000000    0.000000
  -8.38680    2.230503    0.006038    0.000242    0.005795    0.000902    0.000000    0.000000    0.000000    0.000000    0.000000    0.000000
  -8.38079    2.234459    0.005952    0.000250    0.005702    0.000911    0.000000    0.000000    0.000000    0.000000    0.000000    0.000000
  -8.37479    2.219603    0.005811    0.000255    0.005556    0.000911    0.000000    0.000000    0.000000    0.000000    0.000000    0.000000
  -8.36879    2.185215    0.005616    0.000258    0.005357    0.000900    0.000000    0.000000    0.000000    0.000000    0.000000    0.000000
  -8.36279    2.131318    0.005370    0.000259    0.005112    0.000879    0.000000    0.000000    0.000000    0.000000    0.000000    0.000000
  -8.35679    2.058589    0.005081    0.000256    0.004825    0.000848    0.000000    0.000000    0.000000    0.000000    0.000000    0.000000
  -8.35078    1.968284    0.004754    0.000250    0.004504    0.000808    0.000000    0.000000    0.000000    0.000000    0.000000    0.000000
  -8.34478    1.862165    0.004400    0.000242    0.004158    0.000761    0.000000    0.000000    0.000000    0.000000    0.000000    0.000000
  -8.33878    1.742438    0.004026    0.000231    0.003795    0.000708    0.000000    0.000000    0.000000    0.000000    0.000000    0.000000
  -8.33278    1.611694    0.003642    0.000217    0.003425    0.000650    0.000000    0.000000    0.000000    0.000000    0.000000    0.000000
  -8.32678    1.472838    0.003256    0.000202    0.003054    0.000590    0.000000    0.000000    0.000000    0.000000    0.000000    0.000000
  -8.32077    1.328995    0.002876    0.000185    0.002691    0.000527    0.000000    0.000000    0.000000    0.000000    0.000000    0.000000
  -8.31477    1.183395    0.002509    0.000166    0.002342    0.000466    0.000000    0.000000    0.000000    0.000000    0.000000    0.000000
  -8.30877    1.039243    0.002161    0.000148    0.002013    0.000405    0.000000    0.000000    0.000000    0.000000    0.000000    0.000000
  -8.30277    0.899566    0.001836    0.000129    0.001707    0.000348    0.000000    0.000000    0.000000    0.000000    0.000000    0.000000
  -8.29677    0.767068    0.001539    0.000111    0.001428    0.000294    0.000000    0.000000    0.000000    0.000000    0.000000    0.000000
  -8.29076    0.644007    0.001272    0.000094    0.001178    0.000245    0.000000    0.000000    0.000000    0.000000    0.000000    0.000000
  -8.28476    0.532095    0.001036    0.000078    0.000958    0.000201    0.000000    0.000000    0.000000    0.000000    0.000000    0.000000
  -8.27876    0.432447    0.000831    0.000064    0.000767    0.000162    0.000000    0.000000    0.000000    0.000000    0.000000    0.000000
  -8.27276    0.345575    0.000656    0.000051    0.000605    0.000128    0.000000    0.000000    0.000000    0.000000    0.000000    0.000000
  -8.26676    0.271433    0.000510    0.000040    0.000470    0.000100    0.000000    0.000000    0.000000    0.000000    0.000000    0.000000
  -8.26075    0.209486    0.000390    0.000031    0.000359    0.000077    0.000000    0.000000    0.000000    0.000000    0.000000    0.000000
  -8.25475    0.158827    0.000293    0.000024    0.000269    0.000058    0.000000    0.000000    0.000000    0.000000    0.000000    0.000000
  -8.24875    0.118283    0.000217    0.000018    0.000199    0.000043    0.000000    0.000000    0.000000    0.000000    0.000000    0.000000
  -8.24275    0.086545    0.000158    0.000013    0.000145    0.000031    0.000000    0.000000    0.000000    0.000000    0.000000    0.000000
  -8.23675    0.062270    0.000113    0.000009    0.000104    0.000023    0.000000    0.000000    0.000000    0.000000    0.000000    0.000000
  -8.23074    0.044175    0.000081    0.000007    0.000074    0.000016    0.000000    0.000000    0.000000    0.000000    0.000000    0.000000
  -8.22474    0.031113    0.000058    0.000005    0.000053    0.000011    0.000000    0.000000    0.000000    0.000000    0.000000    0.000000
  -8.21874    0.022124    0.000043    0.000003    0.000040    0.000008    0.000000    0.000000    0.000000    0.000000    0.000000    0.000000
  -8.21274    0.016479    0.000035    0.000002    0.000033    0.000006    0.000000    0.000000    0.000000    0.000000    0.000000    0.000000
  -8.20674    0.013707    0.000034    0.000002    0.000032    0.000006    0.000000    0.000000    0.000000    0.000000    0.000000    0.000000
  -8.20073    0.013626    0.000041    0.000002    0.000039    0.000006    0.000000    0.000000    0.000000    0.000000    0.000000    0.000000
  -8.19473    0.016368    0.000055    0.000002    0.000053    0.000008    0.000000    0.000000    0.000000    0.000000    0.000000    0.000000
  -8.18873    0.022419    0.000081    0.000003    0.000078    0.000012    0.000000    0.000000    0.000000    0.000000    0.000000    0.000000
  -8.18273    0.032653    0.000122    0.000005    0.000118    0.000018    0.000000    0.000000    0.000000    0.000000    0.000000    0.000000
  -8.17673    0.048382    0.000183    0.000007    0.000177    0.000026    0.000000    0.000000    0.000000    0.000000    0.000000    0.000000
  -8.17072    0.071388    0.000272    0.000010    0.000262    0.000039    0.000000    0.000000    0.000000    0.000000    0.000000    0.000000
  -8.16472    0.103948    0.000396    0.000015    0.000382    0.000057    0.000000    0.000000    0.000000    0.000000    0.000000    0.000000
  -8.15872    0.148829    0.000567    0.000021    0.000546    0.000083    0.000000    0.000000    0.000000    0.000000    0.000000    0.000000
  -8.15272    0.209226    0.000796    0.000029    0.000767    0.000116    0.000000    0.000000    0.000000    0.000000    0.000000    0.000000
  -8.14672    0.288644    0.001097    0.000041    0.001056    0.000161    0.000000    0.000000    0.000000    0.000000    0.000000    0.000000
  -8.14071    0.390694    0.001483    0.000055    0.001428    0.000218    0.000000    0.000000    0.000000    0.000000    0.000000    0.000000
  -8.13471    0.518813    0.001967    0.000073    0.001893    0.000291    0.000000    0.000000    0.000000    0.000000    0.000000    0.000000
  -8.12871    0.675892    0.002558    0.000095    0.002463    0.000380    0.000000    0.000000    0.000000    0.000000    0.000000    0.000000
  -8.12271    0.863852    0.003265    0.000122    0.003143    0.000487    0.000000    0.000000    0.000000    0.000000    0.000000    0.000000
  -8.11671    1.083190    0.004089    0.000153    0.003936    0.000612    0.000000    0.000000    0.000000    0.000000    0.000000    0.000000
  -8.11070    1.332559    0.005023    0.000188    0.004834    0.000754    0.000000    0.000000    0.000000    0.000000    0.000000    0.000000
  -8.10470    1.608424    0.006055    0.000228    0.005827    0.000913    0.000000    0.000000    0.000000    0.000000    0.000000    0.000000
  -8.09870    1.904882    0.007161    0.000270    0.006891    0.001084    0.000000    0.000000    0.000000    0.000000    0.000000    0.000000
  -8.09270    2.213694    0.008313    0.000314    0.007998    0.001262    0.000000    0.000000    0.000000    0.000000    0.000000    0.000000
  -8.08670    2.524573    0.009471    0.000359    0.009112    0.001443    0.000000    0.000000    0.000000    0.000000    0.000000    0.000000
  -8.08069    2.825736    0.010592    0.000403    0.010190    0.001619    0.000000    0.000000    0.000000    0.000000    0.000000    0.000000
  -8.07469    3.104710    0.011633    0.000443    0.011190    0.001784    0.000000    0.000000    0.000000    0.000000    0.000000    0.000000
  -8.06869    3.349311    0.012551    0.000479    0.012072    0.001931    0.000000    0.000000    0.000000    0.000000    0.000000    0.000000
  -8.06269    3.548719    0.013308    0.000510    0.012799    0.002052    0.000000    0.000000    0.000000    0.000000    0.000000    0.000000
  -8.05669    3.694511    0.013879    0.000533    0.013346    0.002145    0.000000    0.000000    0.000000    0.000000    0.000000    0.000000
  -8.05068    3.781533    0.014249    0.000549    0.013700    0.002206    0.000000    0.000000    0.000000    0.000000    0.000000    0.000000
  -8.04468    3.808486    0.014420    0.000557    0.013863    0.002234    0.000000    0.000000    0.000000    0.000000    0.000000    0.000000
  -8.03868    3.778145    0.014407    0.000558    0.013849    0.002232    0.000000    0.000000    0.000000    0.000000    0.000000    0.000000
  -8.03268    3.697154    0.014243    0.000554    0.013690    0.002205    0.000000    0.000000    0.000000    0.000000    0.000000    0.000000
  -8.02668    3.575428    0.013970    0.000545    0.013425    0.002158    0.000000    0.000000    0.000000    0.000000    0.000000    0.000000
  -8.02067    3.425201    0.013637    0.000534    0.013103    0.002099    0.000000    0.000000    0.000000    0.000000    0.000000    0.000000
  -8.01467    3.259853    0.013296    0.000522    0.012775    0.002037    0.000000    0.000000    0.000000    0.000000    0.000000    0.000000
  -8.00867    3.092637    0.012999    0.000512    0.012487    0.001980    0.000000    0.000000    0.000000    0.000000    0.000000    0.000000
  -8.00267    2.935470    0.012785    0.000505    0.012280    0.001935    0.000000    0.000000    0.000000    0.000000    0.000000    0.000000
  -7.99667    2.797913    0.012686    0.000502    0.012183    0.001907    0.000000    0.000000    0.000000    0.000000    0.000000    0.000000
  -7.99066    2.686464    0.012716    0.000504    0.012212    0.001901    0.000000    0.000000    0.000000    0.000000    0.000000    0.000000
  -7.98466    2.604204    0.012878    0.000510    0.012367    0.001917    0.000000    0.000000    0.000000    0.000000    0.000000    0.000000
  -7.97866    2.550837    0.013155    0.000521    0.012634    0.001954    0.000000    0.000000    0.000000    0.000000    0.000000    0.000000
  -7.97266    2.523066    0.013521    0.000533    0.012987    0.002008    0.000000    0.000000    0.000000    0.000000    0.000000    0.000000
  -7.96666    2.515244    0.013938    0.000547    0.013391    0.002075    0.000000    0.000000    0.000000    0.000000    0.000000    0.000000
  -7.96065    2.520194    0.014366    0.000560    0.013806    0.002149    0.000000    0.000000    0.000000    0.000000    0.000000    0.000000
  -7.95465    2.530087    0.014759    0.000570    0.014189    0.002222    0.000000    0.000000    0.000000    0.000000    0.000000    0.000000
  -7.94865    2.537274    0.015080    0.000576    0.014504    0.002287    0.000000    0.000000    0.000000    0.000000    0.000000    0.000000
  -7.94265    2.534989    0.015292    0.000577    0.014716    0.002340    0.000000    0.000000    0.000000    0.000000    0.000000    0.000000
  -7.93665    2.517871    0.015372    0.000571    0.014802    0.002374    0.000000    0.000000    0.000000    0.000000    0.000000    0.000000
  -7.93064    2.482279    0.015305    0.000559    0.014746    0.002387    0.000000    0.000000    0.000000    0.000000    0.000000    0.000000
  -7.92464    2.426412    0.015086    0.000540    0.014545    0.002375    0.000000    0.000000    0.000000    0.000000    0.000000    0.000000
  -7.91864    2.350266    0.014721    0.000517    0.014204    0.002340    0.000000    0.000000    0.000000    0.000000    0.000000    0.000000
  -7.91264    2.255474    0.014227    0.000488    0.013738    0.002280    0.000000    0.000000    0.000000    0.000000    0.000000    0.000000
  -7.90664    2.145070    0.013627    0.000457    0.013170    0.002199    0.000000    0.000000    0.000000    0.000000    0.000000    0.000000
  -7.90063    2.023233    0.012954    0.000425    0.012528    0.002101    0.000000    0.000000    0.000000    0.000000    0.000000    0.000000
  -7.89463    1.895025    0.012244    0.000394    0.011850    0.001990    0.000000    0.000000    0.000000    0.000000    0.000000    0.000000
  -7.88863    1.766151    0.011537    0.000365    0.011172    0.001872    0.000000    0.000000    0.000000    0.000000    0.000000    0.000000
  -7.88263    1.642727    0.010879    0.000340    0.010539    0.001752    0.000000    0.000000    0.000000    0.000000    0.000000    0.000000
  -7.87663    1.531070    0.010313    0.000321    0.009992    0.001638    0.000000    0.000000    0.000000    0.000000    0.000000    0.000000
  -7.87062    1.437472    0.009885    0.000309    0.009575    0.001535    0.000000    0.000000    0.000000    0.000000    0.000000    0.000000
  -7.86462    1.367974    0.009634    0.000305    0.009329    0.001451    0.000000    0.000000    0.000000    0.000000    0.000000    0.000000
  -7.85862    1.328107    0.009599    0.000311    0.009288    0.001392    0.000000    0.000000    0.000000    0.000000    0.000000    0.000000
  -7.85262    1.322629    0.009809    0.000326    0.009483    0.001361    0.000000    0.000000    0.000000    0.000000    0.000000    0.000000
  -7.84662    1.355248    0.010285    0.000351    0.009934    0.001364    0.000000    0.000000    0.000000    0.000000    0.000000    0.000000
  -7.84061    1.428355    0.011037    0.000385    0.010652    0.001401    0.000000    0.000000    0.000000    0.000000    0.000000    0.000000
  -7.83461    1.542789    0.012060    0.000428    0.011632    0.001476    0.000000    0.000000    0.000000    0.000000    0.000000    0.000000
  -7.82861    1.697651    0.013339    0.000478    0.012861    0.001585    0.000000    0.000000    0.000000    0.000000    0.000000    0.000000
  -7.82261    1.890189    0.014844    0.000535    0.014309    0.001726    0.000000    0.000000    0.000000    0.000000    0.000000    0.000000
  -7.81661    2.115775    0.016530    0.000595    0.015935    0.001896    0.000000    0.000000    0.000000    0.000000    0.000000    0.000000
  -7.81060    2.367992    0.018343    0.000657    0.017685    0.002087    0.000000    0.000000    0.000000    0.000000    0.000000    0.000000
  -7.80460    2.638828    0.020219    0.000720    0.019500    0.002293    0.000000    0.000000    0.000000    0.000000    0.000000    0.000000
  -7.79860    2.918998    0.022091    0.000779    0.021311    0.002506    0.000000    0.000000    0.000000    0.000000    0.000000    0.000000
  -7.79260    3.198381    0.023885    0.000834    0.023051    0.002716    0.000000    0.000000    0.000000    0.000000    0.000000    0.000000
  -7.78660    3.466554    0.025536    0.000883    0.024653    0.002916    0.000000    0.000000    0.000000    0.000000    0.000000    0.000000
  -7.78059    3.713412    0.026980    0.000924    0.026056    0.003098    0.000000    0.000000    0.000000    0.000000    0.000000    0.000000
  -7.77459    3.929822    0.028169    0.000956    0.027213    0.003254    0.000000    0.000000    0.000000    0.000000    0.000000    0.000000
  -7.76859    4.108266    0.029065    0.000978    0.028087    0.003380    0.000000    0.000000    0.000000    0.000000    0.000000    0.000000
  -7.76259    4.243426    0.029652    0.000991    0.028661    0.003471    0.000000    0.000000    0.000000    0.000000    0.000000    0.000000
  -7.75659    4.332631    0.029930    0.000995    0.028935    0.003526    0.000000    0.000000    0.000000    0.000000    0.000000    0.000000
  -7.75058    4.376122    0.029918    0.000990    0.028928    0.003546    0.000000    0.000000    0.000000    0.000000    0.000000    0.000000
  -7.74458    4.377091    0.029657    0.000980    0.028677    0.003534    0.000000    0.000000    0.000000    0.000000    0.000000    0.000000
  -7.73858    4.341450    0.029198    0.000964    0.028234    0.003495    0.000000    0.000000    0.000000    0.000000    0.000000    0.000000
  -7.73258    4.277357    0.028609    0.000947    0.027662    0.003437    0.000000    0.000000    0.000000    0.000000    0.000000    0.000000
  -7.72658    4.194510    0.027959    0.000929    0.027030    0.003367    0.000000    0.000000    0.000000    0.000000    0.000000    0.000000
  -7.72057    4.103287    0.027319    0.000913    0.026405    0.003294    0.000000    0.000000    0.000000    0.000000    0.000000    0.000000
  -7.71457    4.013806    0.026755    0.000902    0.025852    0.003227    0.000000    0.000000    0.000000    0.000000    0.000000    0.000000
  -7.70857    3.935023    0.026320    0.000897    0.025423    0.003173    0.000000    0.000000    0.000000    0.000000    0.000000    0.000000
  -7.70257    3.873945    0.026052    0.000899    0.025153    0.003138    0.000000    0.000000    0.000000    0.000000    0.000000    0.000000
  -7.69657    3.835080    0.025972    0.000908    0.025064    0.003128    0.000000    0.000000    0.000000    0.000000    0.000000    0.000000
  -7.69056    3.820156    0.026082    0.000926    0.025156    0.003143    0.000000    0.000000    0.000000    0.000000    0.000000    0.000000
  -7.68456    3.828154    0.026364    0.000951    0.025413    0.003185    0.000000    0.000000    0.000000    0.000000    0.000000    0.000000
  -7.67856    3.855646    0.026788    0.000981    0.025807    0.003250    0.000000    0.000000    0.000000    0.000000    0.000000    0.000000
  -7.67256    3.897364    0.027315    0.001017    0.026299    0.003336    0.000000    0.000000    0.000000    0.000000    0.000000    0.000000
  -7.66656    3.946945    0.027900    0.001054    0.026846    0.003438    0.000000    0.000000    0.000000    0.000000    0.000000    0.000000
  -7.66055    3.997736    0.028499    0.001092    0.027407    0.003549    0.000000    0.000000    0.000000    0.000000    0.000000    0.000000
  -7.65455    4.043557    0.029075    0.001129    0.027946    0.003665    0.000000    0.000000    0.000000    0.000000    0.000000    0.000000
  -7.64855    4.079337    0.029597    0.001162    0.028435    0.003781    0.000000    0.000000    0.000000    0.000000    0.000000    0.000000
  -7.64255    4.101547    0.030049    0.001190    0.028859    0.003892    0.000000    0.000000    0.000000    0.000000    0.000000    0.000000
  -7.63655    4.108402    0.030424    0.001212    0.029213    0.003996    0.000000    0.000000    0.000000    0.000000    0.000000    0.000000
  -7.63054    4.099822    0.030727    0.001227    0.029501    0.004091    0.000000    0.000000    0.000000    0.000000    0.000000    0.000000
  -7.62454    4.077195    0.030970    0.001235    0.029735    0.004177    0.000000    0.000000    0.000000    0.000000    0.000000    0.000000
  -7.61854    4.042980    0.031168    0.001237    0.029931    0.004254    0.000000    0.000000    0.000000    0.000000    0.000000    0.000000
  -7.61254    4.000244    0.031339    0.001233    0.030106    0.004323    0.000000    0.000000    0.000000    0.000000    0.000000    0.000000
  -7.60654    3.952174    0.031498    0.001224    0.030273    0.004388    0.000000    0.000000    0.000000    0.000000    0.000000    0.000000
  -7.60053    3.901649    0.031654    0.001212    0.030442    0.004448    0.000000    0.000000    0.000000    0.000000    0.000000    0.000000
  -7.59453    3.850899    0.031811    0.001196    0.030615    0.004505    0.000000    0.000000    0.000000    0.000000    0.000000    0.000000
  -7.58853    3.801292    0.031965    0.001179    0.030785    0.004561    0.000000    0.000000    0.000000    0.000000    0.000000    0.000000
  -7.58253    3.753224    0.032103    0.001162    0.030942    0.004614    0.000000    0.000000    0.000000    0.000000    0.000000    0.000000
  -7.57653    3.706132    0.032209    0.001144    0.031065    0.004663    0.000000    0.000000    0.000000    0.000000    0.000000    0.000000
  -7.57052    3.658581    0.032259    0.001126    0.031132    0.004706    0.000000    0.000000    0.000000    0.000000    0.000000    0.000000
  -7.56452    3.608417    0.032227    0.001109    0.031118    0.004741    0.000000    0.000000    0.000000    0.000000    0.000000    0.000000
  -7.55852    3.552960    0.032086    0.001092    0.030994    0.004762    0.000000    0.000000    0.000000    0.000000    0.000000    0.000000
  -7.55252    3.489229    0.031808    0.001073    0.030735    0.004765    0.000000    0.000000    0.000000    0.000000    0.000000    0.000000
  -7.54652    3.414185    0.031368    0.001052    0.030315    0.004745    0.000000    0.000000    0.000000    0.000000    0.000000    0.000000
  -7.54051    3.324999    0.030744    0.001029    0.029716    0.004697    0.000000    0.000000    0.000000    0.000000    0.000000    0.000000
  -7.53451    3.219326    0.029922    0.001001    0.028921    0.004617    0.000000    0.000000    0.000000    0.000000    0.000000    0.000000
  -7.52851    3.095589    0.028895    0.000968    0.027927    0.004501    0.000000    0.000000    0.000000    0.000000    0.000000    0.000000
  -7.52251    2.953245    0.027666    0.000930    0.026736    0.004349    0.000000    0.000000    0.000000    0.000000    0.000000    0.000000
  -7.51651    2.793005    0.026252    0.000886    0.025366    0.004162    0.000000    0.000000    0.000000    0.000000    0.000000    0.000000
  -7.51050    2.616986    0.024681    0.000837    0.023844    0.003943    0.000000    0.000000    0.000000    0.000000    0.000000    0.000000
  -7.50450    2.428759    0.022998    0.000784    0.022214    0.003698    0.000000    0.000000    0.000000    0.000000    0.000000    0.000000
  -7.49850    2.233283    0.021260    0.000729    0.020531    0.003436    0.000000    0.000000    0.000000    0.000000    0.000000    0.000000
  -7.49250    2.036708    0.019534    0.000674    0.018861    0.003169    0.000000    0.000000    0.000000    0.000000    0.000000    0.000000
  -7.48650    1.846068    0.017900    0.000621    0.017279    0.002909    0.000000    0.000000    0.000000    0.000000    0.000000    0.000000
  -7.48049    1.668879    0.016438    0.000574    0.015864    0.002670    0.000000    0.000000    0.000000    0.000000    0.000000    0.000000
  -7.47449    1.512685    0.015233    0.000535    0.014698    0.002468    0.000000    0.000000    0.000000    0.000000    0.000000    0.000000
  -7.46849    1.384588    0.014363    0.000507    0.013856    0.002315    0.000000    0.000000    0.000000    0.000000    0.000000    0.000000
  -7.46249    1.290788    0.013898    0.000493    0.013405    0.002225    0.000000    0.000000    0.000000    0.000000    0.000000    0.000000
  -7.45649    1.236196    0.013895    0.000495    0.013400    0.002209    0.000000    0.000000    0.000000    0.000000    0.000000    0.000000
  -7.45048    1.224104    0.014391    0.000514    0.013877    0.002275    0.000000    0.000000    0.000000    0.000000    0.000000    0.000000
  -7.44448    1.255956    0.015405    0.000551    0.014854    0.002427    0.000000    0.000000    0.000000    0.000000    0.000000    0.000000
  -7.43848    1.331212    0.016931    0.000606    0.016325    0.002668    0.000000    0.000000    0.000000    0.000000    0.000000    0.000000
  -7.43248    1.447311    0.018939    0.000677    0.018262    0.002994    0.000000    0.000000    0.000000    0.000000    0.000000    0.000000
  -7.42648    1.599735    0.021375    0.000763    0.020612    0.003400    0.000000    0.000000    0.000000    0.000000    0.000000    0.000000
  -7.42047    1.782162    0.024161    0.000862    0.023299    0.003875    0.000000    0.000000    0.000000    0.000000    0.000000    0.000000
  -7.41447    1.986715    0.027199    0.000969    0.026230    0.004405    0.000000    0.000000    0.000000    0.000000    0.000000    0.000000
  -7.40847    2.204305    0.030374    0.001082    0.029293    0.004972    0.000000    0.000000    0.000000    0.000000    0.000000    0.000000
  -7.40247    2.425039    0.033560    0.001196    0.032365    0.005558    0.000000    0.000000    0.000000    0.000000    0.000000    0.000000
  -7.39647    2.638695    0.036625    0.001306    0.035319    0.006140    0.000000    0.000000    0.000000    0.000000    0.000000    0.000000
  -7.39046    2.835241    0.039437    0.001408    0.038029    0.006695    0.000000    0.000000    0.000000    0.000000    0.000000    0.000000
  -7.38446    3.005346    0.041874    0.001498    0.040376    0.007201    0.000000    0.000000    0.000000    0.000000    0.000000    0.000000
  -7.37846    3.140880    0.043828    0.001572    0.042256    0.007636    0.000000    0.000000    0.000000    0.000000    0.000000    0.000000
  -7.37246    3.235337    0.045212    0.001627    0.043585    0.007981    0.000000    0.000000    0.000000    0.000000    0.000000    0.000000
  -7.36646    3.284176    0.045964    0.001660    0.044304    0.008222    0.000000    0.000000    0.000000    0.000000    0.000000    0.000000
  -7.36045    3.285028    0.046051    0.001670    0.044381    0.008346    0.000000    0.000000    0.000000    0.000000    0.000000    0.000000
  -7.35445    3.237778    0.045470    0.001657    0.043813    0.008348    0.000000    0.000000    0.000000    0.000000    0.000000    0.000000
  -7.34845    3.144502    0.044245    0.001620    0.042625    0.008227    0.000000    0.000000    0.000000    0.000000    0.000000    0.000000
  -7.34245    3.009270    0.042428    0.001561    0.040868    0.007989    0.000000    0.000000    0.000000    0.000000    0.000000    0.000000
  -7.33645    2.837848    0.040097    0.001483    0.038614    0.007642    0.000000    0.000000    0.000000    0.000000    0.000000    0.000000
  -7.33044    2.637300    0.037342    0.001388    0.035955    0.007202    0.000000    0.000000    0.000000    0.000000    0.000000    0.000000
  -7.32444    2.415556    0.034270    0.001280    0.032991    0.006686    0.000000    0.000000    0.000000    0.000000    0.000000    0.000000
  -7.31844    2.180958    0.030992    0.001163    0.029830    0.006115    0.000000    0.000000    0.000000    0.000000    0.000000    0.000000
  -7.31244    1.941816    0.027619    0.001041    0.026578    0.005510    0.000000    0.000000    0.000000    0.000000    0.000000    0.000000
  -7.30644    1.706025    0.024256    0.000918    0.023339    0.004893    0.000000    0.000000    0.000000    0.000000    0.000000    0.000000
  -7.30043    1.480736    0.020999    0.000797    0.020201    0.004285    0.000000    0.000000    0.000000    0.000000    0.000000    0.000000
  -7.29443    1.272115    0.017927    0.000682    0.017245    0.003705    0.000000    0.000000    0.000000    0.000000    0.000000    0.000000
  -7.28843    1.085181    0.015106    0.000576    0.014531    0.003168    0.000000    0.000000    0.000000    0.000000    0.000000    0.000000
  -7.28243    0.923722    0.012584    0.000480    0.012104    0.002687    0.000000    0.000000    0.000000    0.000000    0.000000    0.000000
  -7.27643    0.790279    0.010389    0.000395    0.009993    0.002272    0.000000    0.000000    0.000000    0.000000    0.000000    0.000000
  -7.27042    0.686179    0.008534    0.000323    0.008211    0.001927    0.000000    0.000000    0.000000    0.000000    0.000000    0.000000
  -7.26442    0.611599    0.007019    0.000263    0.006756    0.001656    0.000000    0.000000    0.000000    0.000000    0.000000    0.000000
  -7.25842    0.565653    0.005828    0.000215    0.005613    0.001457    0.000000    0.000000    0.000000    0.000000    0.000000    0.000000
  -7.25242    0.546489    0.004938    0.000178    0.004760    0.001326    0.000000    0.000000    0.000000    0.000000    0.000000    0.000000
  -7.24642    0.551392    0.004318    0.000151    0.004168    0.001257    0.000000    0.000000    0.000000    0.000000    0.000000    0.000000
  -7.24041    0.576907    0.003933    0.000132    0.003800    0.001242    0.000000    0.000000    0.000000    0.000000    0.000000    0.000000
  -7.23441    0.618980    0.003743    0.000121    0.003622    0.001271    0.000000    0.000000    0.000000    0.000000    0.000000    0.000000
  -7.22841    0.673139    0.003713    0.000116    0.003596    0.001333    0.000000    0.000000    0.000000    0.000000    0.000000    0.000000
  -7.22241    0.734725    0.003806    0.000116    0.003690    0.001419    0.000000    0.000000    0.000000    0.000000    0.000000    0.000000
  -7.21641    0.799173    0.003995    0.000120    0.003876    0.001517    0.000000    0.000000    0.000000    0.000000    0.000000    0.000000
  -7.21040    0.862335    0.004258    0.000126    0.004132    0.001618    0.000000    0.000000    0.000000    0.000000    0.000000    0.000000
  -7.20440    0.920844    0.004583    0.000135    0.004448    0.001715    0.000000    0.000000    0.000000    0.000000    0.000000    0.000000
  -7.19840    0.972468    0.004972    0.000147    0.004825    0.001803    0.000000    0.000000    0.000000    0.000000    0.000000    0.000000
  -7.19240    1.016442    0.005441    0.000162    0.005279    0.001879    0.000000    0.000000    0.000000    0.000000    0.000000    0.000000
  -7.18640    1.053724    0.006023    0.000181    0.005842    0.001944    0.000000    0.000000    0.000000    0.000000    0.000000    0.000000
  -7.18039    1.087137    0.006768    0.000206    0.006562    0.002004    0.000000    0.000000    0.000000    0.000000    0.000000    0.000000
  -7.17439    1.121380    0.007746    0.000239    0.007507    0.002067    0.000000    0.000000    0.000000    0.000000    0.000000    0.000000
  -7.16839    1.162871    0.009039    0.000283    0.008756    0.002147    0.000000    0.000000    0.000000    0.000000    0.000000    0.000000
  -7.16239    1.219431    0.010745    0.000340    0.010405    0.002259    0.000000    0.000000    0.000000    0.000000    0.000000    0.000000
  -7.15639    1.299808    0.012969    0.000414    0.012555    0.002421    0.000000    0.000000    0.000000    0.000000    0.000000    0.000000
  -7.15038    1.413086    0.015817    0.000508    0.015309    0.002652    0.000000    0.000000    0.000000    0.000000    0.000000    0.000000
  -7.14438    1.567989    0.019389    0.000626    0.018763    0.002973    0.000000    0.000000    0.000000    0.000000    0.000000    0.000000
  -7.13838    1.772164    0.023768    0.000770    0.022998    0.003401    0.000000    0.000000    0.000000    0.000000    0.000000    0.000000
  -7.13238    2.031470    0.029013    0.000941    0.028071    0.003951    0.000000    0.000000    0.000000    0.000000    0.000000    0.000000
  -7.12638    2.349353    0.035144    0.001141    0.034003    0.004634    0.000000    0.000000    0.000000    0.000000    0.000000    0.000000
  -7.12037    2.726351    0.042142    0.001369    0.040773    0.005457    0.000000    0.000000    0.000000    0.000000    0.000000    0.000000
  -7.11437    3.159792    0.049936    0.001622    0.048313    0.006418    0.000000    0.000000    0.000000    0.000000    0.000000    0.000000
  -7.10837    3.643710    0.058402    0.001898    0.056505    0.007508    0.000000    0.000000    0.000000    0.000000    0.000000    0.000000
  -7.10237    4.169013    0.067369    0.002189    0.065180    0.008712    0.000000    0.000000    0.000000    0.000000    0.000000    0.000000
  -7.09637    4.723901    0.076619    0.002490    0.074129    0.010007    0.000000    0.000000    0.000000    0.000000    0.000000    0.000000
  -7.09036    5.294513    0.085897    0.002792    0.083105    0.011363    0.000000    0.000000    0.000000    0.000000    0.000000    0.000000
  -7.08436    5.865752    0.094930    0.003087    0.091843    0.012745    0.000000    0.000000    0.000000    0.000000    0.000000    0.000000
  -7.07836    6.422229    0.103440    0.003365    0.100075    0.014115    0.000000    0.000000    0.000000    0.000000    0.000000    0.000000
  -7.07236    6.949231    0.111161    0.003619    0.107543    0.015435    0.000000    0.000000    0.000000    0.000000    0.000000    0.000000
  -7.06636    7.433632    0.117859    0.003839    0.114020    0.016665    0.000000    0.000000    0.000000    0.000000    0.000000    0.000000
  -7.06035    7.864646    0.123346    0.004021    0.119325    0.017774    0.000000    0.000000    0.000000    0.000000    0.000000    0.000000
  -7.05435    8.234349    0.127492    0.004159    0.123333    0.018732    0.000000    0.000000    0.000000    0.000000    0.000000    0.000000
  -7.04835    8.537932    0.130233    0.004252    0.125981    0.019520    0.000000    0.000000    0.000000    0.000000    0.000000    0.000000
  -7.04235    8.773645    0.131571    0.004299    0.127272    0.020126    0.000000    0.000000    0.000000    0.000000    0.000000    0.000000
  -7.03635    8.942477    0.131571    0.004304    0.127268    0.020548    0.000000    0.000000    0.000000    0.000000    0.000000    0.000000
  -7.03034    9.047616    0.130351    0.004270    0.126082    0.020791    0.000000    0.000000    0.000000    0.000000    0.000000    0.000000
  -7.02434    9.093779    0.128069    0.004202    0.123866    0.020869    0.000000    0.000000    0.000000    0.000000    0.000000    0.000000
  -7.01834    9.086525    0.124906    0.004108    0.120798    0.020801    0.000000    0.000000    0.000000    0.000000    0.000000    0.000000
  -7.01234    9.031642    0.121058    0.003994    0.117064    0.020609    0.000000    0.000000    0.000000    0.000000    0.000000    0.000000
  -7.00634    8.934704    0.116715    0.003867    0.112848    0.020317    0.000000    0.000000    0.000000    0.000000    0.000000    0.000000
  -7.00033    8.800854    0.112056    0.003733    0.108323    0.019953    0.000000    0.000000    0.000000    0.000000    0.000000    0.000000
  -6.99433    8.634815    0.107239    0.003597    0.103642    0.019540    0.000000    0.000000    0.000000    0.000000    0.000000    0.000000
  -6.98833    8.441104    0.102403    0.003464    0.098939    0.019103    0.000000    0.000000    0.000000    0.000000    0.000000    0.000000
  -6.98233    8.224371    0.097669    0.003337    0.094332    0.018667    0.000000    0.000000    0.000000    0.000000    0.000000    0.000000
  -6.97633    7.989773    0.093141    0.003219    0.089922    0.018254    0.000000    0.000000    0.000000    0.000000    0.000000    0.000000
  -6.97032    7.743274    0.088914    0.003113    0.085801    0.017889    0.000000    0.000000    0.000000    0.000000    0.000000    0.000000
  -6.96432    7.491786    0.085076    0.003019    0.082057    0.017596    0.000000    0.000000    0.000000    0.000000    0.000000    0.000000
  -6.95832    7.243108    0.081714    0.002940    0.078774    0.017399    0.000000    0.000000    0.000000    0.000000    0.000000    0.000000
  -6.95232    7.005623    0.078915    0.002878    0.076037    0.017323    0.000000    0.000000    0.000000    0.000000    0.000000    0.000000
  -6.94632    6.787821    0.076761    0.002835    0.073926    0.017391    0.000000    0.000000    0.000000    0.000000    0.000000    0.000000
  -6.94031    6.597671    0.075327    0.002812    0.072515    0.017625    0.000000    0.000000    0.000000    0.000000    0.000000    0.000000
  -6.93431    6.441971    0.074675    0.002811    0.071863    0.018040    0.000000    0.000000    0.000000    0.000000    0.000000    0.000000
  -6.92831    6.325740    0.074845    0.002835    0.072011    0.018648    0.000000    0.000000    0.000000    0.000000    0.000000    0.000000
  -6.92231    6.251751    0.075852    0.002882    0.072970    0.019452    0.000000    0.000000    0.000000    0.000000    0.000000    0.000000
  -6.91631    6.220267    0.077675    0.002954    0.074721    0.020444    0.000000    0.000000    0.000000    0.000000    0.000000    0.000000
  -6.91030    6.229013    0.080257    0.003049    0.077208    0.021609    0.000000    0.000000    0.000000    0.000000    0.000000    0.000000
  -6.90430    6.273390    0.083504    0.003166    0.080338    0.022919    0.000000    0.000000    0.000000    0.000000    0.000000    0.000000
  -6.89830    6.346913    0.087283    0.003299    0.083984    0.024340    0.000000    0.000000    0.000000    0.000000    0.000000    0.000000
  -6.89230    6.441832    0.091433    0.003445    0.087988    0.025829    0.000000    0.000000    0.000000    0.000000    0.000000    0.000000
  -6.88630    6.549878    0.095774    0.003599    0.092175    0.027338    0.000000    0.000000    0.000000    0.000000    0.000000    0.000000
  -6.88029    6.663071    0.100115    0.003754    0.096361    0.028817    0.000000    0.000000    0.000000    0.000000    0.000000    0.000000
  -6.87429    6.774524    0.104273    0.003905    0.100368    0.030221    0.000000    0.000000    0.000000    0.000000    0.000000    0.000000
  -6.86829    6.879158    0.108087    0.004045    0.104042    0.031510    0.000000    0.000000    0.000000    0.000000    0.000000    0.000000
  -6.86229    6.974269    0.111436    0.004171    0.107265    0.032651    0.000000    0.000000    0.000000    0.000000    0.000000    0.000000
  -6.85629    7.059883    0.114247    0.004279    0.109969    0.033629    0.000000    0.000000    0.000000    0.000000    0.000000    0.000000
  -6.85028    7.138845    0.116512    0.004368    0.112144    0.034438    0.000000    0.000000    0.000000    0.000000    0.000000    0.000000
  -6.84428    7.216623    0.118283    0.004438    0.113845    0.035089    0.000000    0.000000    0.000000    0.000000    0.000000    0.000000
  -6.83828    7.300832    0.119677    0.004493    0.115184    0.035606    0.000000    0.000000    0.000000    0.000000    0.000000    0.000000
  -6.83228    7.400499    0.120865    0.004536    0.116329    0.036024    0.000000    0.000000    0.000000    0.000000    0.000000    0.000000
  -6.82628    7.525148    0.122052    0.004574    0.117478    0.036384    0.000000    0.000000    0.000000    0.000000    0.000000    0.000000
  -6.82027    7.683790    0.123462    0.004612    0.118851    0.036730    0.000000    0.000000    0.000000    0.000000    0.000000    0.000000
  -6.81427    7.883916    0.125313    0.004657    0.120656    0.037104    0.000000    0.000000    0.000000    0.000000    0.000000    0.000000
  -6.80827    8.130622    0.127790    0.004715    0.123075    0.037541    0.000000    0.000000    0.000000    0.000000    0.000000    0.000000
  -6.80227    8.425940    0.131029    0.004789    0.126239    0.038067    0.000000    0.000000    0.000000    0.000000    0.000000    0.000000
  -6.79627    8.768476    0.135099    0.004883    0.130216    0.038693    0.000000    0.000000    0.000000    0.000000    0.000000    0.000000
  -6.79026    9.153371    0.139993    0.004995    0.134998    0.039418    0.000000    0.000000    0.000000    0.000000    0.000000    0.000000
  -6.78426    9.572610    0.145630    0.005125    0.140505    0.040227    0.000000    0.000000    0.000000    0.000000    0.000000    0.000000
  -6.77826   10.015617    0.151861    0.005268    0.146593    0.041097    0.000000    0.000000    0.000000    0.000000    0.000000    0.000000
  -6.77226   10.470084    0.158484    0.005418    0.153066    0.041994    0.000000    0.000000    0.000000    0.000000    0.000000    0.000000
  -6.76626   10.922915    0.165271    0.005571    0.159700    0.042885    0.000000    0.000000    0.000000    0.000000    0.000000    0.000000
  -6.76025   11.361191    0.171985    0.005719    0.166266    0.043734    0.000000    0.000000    0.000000    0.000000    0.000000    0.000000
  -6.75425   11.773048    0.178411    0.005859    0.172552    0.044513    0.000000    0.000000    0.000000    0.000000    0.000000    0.000000
  -6.74825   12.148367    0.184372    0.005987    0.178385    0.045202    0.000000    0.000000    0.000000    0.000000    0.000000    0.000000
  -6.74225   12.479246    0.189746    0.006101    0.183645    0.045789    0.000000    0.000000    0.000000    0.000000    0.000000    0.000000
  -6.73625   12.760207    0.194477    0.006203    0.188274    0.046275    0.000000    0.000000    0.000000    0.000000    0.000000    0.000000
  -6.73024   12.988171    0.198573    0.006296    0.192277    0.046668    0.000000    0.000000    0.000000    0.000000    0.000000    0.000000
  -6.72424   13.162242    0.202099    0.006384    0.195714    0.046987    0.000000    0.000000    0.000000    0.000000    0.000000    0.000000
  -6.71824   13.283366    0.205166    0.006474    0.198691    0.047253    0.000000    0.000000    0.000000    0.000000    0.000000    0.000000
  -6.71224   13.353940    0.207914    0.006573    0.201341    0.047492    0.000000    0.000000    0.000000    0.000000    0.000000    0.000000
  -6.70624   13.377435    0.210492    0.006686    0.203806    0.047729    0.000000    0.000000    0.000000    0.000000    0.000000    0.000000
  -6.70023   13.358077    0.213041    0.006820    0.206222    0.047986    0.000000    0.000000    0.000000    0.000000    0.000000    0.000000
  -6.69423   13.300614    0.215680    0.006978    0.208702    0.048282    0.000000    0.000000    0.000000    0.000000    0.000000    0.000000
  -6.68823   13.210178    0.218489    0.007163    0.211326    0.048631    0.000000    0.000000    0.000000    0.000000    0.000000    0.000000
  -6.68223   13.092205    0.221511    0.007373    0.214137    0.049042    0.000000    0.000000    0.000000    0.000000    0.000000    0.000000
  -6.67623   12.952401    0.224744    0.007608    0.217136    0.049522    0.000000    0.000000    0.000000    0.000000    0.000000    0.000000
  -6.67022   12.796727    0.228150    0.007862    0.220289    0.050074    0.000000    0.000000    0.000000    0.000000    0.000000    0.000000
  -6.66422   12.631348    0.231662    0.008129    0.223534    0.050700    0.000000    0.000000    0.000000    0.000000    0.000000    0.000000
  -6.65822   12.462570    0.235192    0.008401    0.226791    0.051399    0.000000    0.000000    0.000000    0.000000    0.000000    0.000000
  -6.65222   12.296720    0.238647    0.008672    0.229975    0.052173    0.000000    0.000000    0.000000    0.000000    0.000000    0.000000
  -6.64622   12.139997    0.241936    0.008933    0.233003    0.053022    0.000000    0.000000    0.000000    0.000000    0.000000    0.000000
  -6.64021   11.998292    0.244982    0.009178    0.235804    0.053949    0.000000    0.000000    0.000000    0.000000    0.000000    0.000000
  -6.63421   11.876994    0.247731    0.009401    0.238329    0.054956    0.000000    0.000000    0.000000    0.000000    0.000000    0.000000
  -6.62821   11.780808    0.250149    0.009599    0.240550    0.056046    0.000000    0.000000    0.000000    0.000000    0.000000    0.000000
  -6.62221   11.713592    0.252229    0.009769    0.242460    0.057222    0.000000    0.000000    0.000000    0.000000    0.000000    0.000000
  -6.61621   11.678245    0.253987    0.009909    0.244078    0.058487    0.000000    0.000000    0.000000    0.000000    0.000000    0.000000
  -6.61020   11.676642    0.255458    0.010020    0.245438    0.059843    0.000000    0.000000    0.000000    0.000000    0.000000    0.000000
  -6.60420   11.709648    0.256695    0.010105    0.246590    0.061293    0.000000    0.000000    0.000000    0.000000    0.000000    0.000000
  -6.59820   11.777192    0.257764    0.010165    0.247599    0.062836    0.000000    0.000000    0.000000    0.000000    0.000000    0.000000
  -6.59220   11.878389    0.258741    0.010205    0.248536    0.064473    0.000000    0.000000    0.000000    0.000000    0.000000    0.000000
  -6.58620   12.011706    0.259713    0.010229    0.249485    0.066204    0.000000    0.000000    0.000000    0.000000    0.000000    0.000000
  -6.58019   12.175121    0.260776    0.010241    0.250535    0.068028    0.000000    0.000000    0.000000    0.000000    0.000000    0.000000
  -6.57419   12.366254    0.262029    0.010248    0.251782    0.069943    0.000000    0.000000    0.000000    0.000000    0.000000    0.000000
  -6.56819   12.582440    0.263578    0.010254    0.253324    0.071944    0.000000    0.000000    0.000000    0.000000    0.000000    0.000000
  -6.56219   12.820722    0.265524    0.010267    0.255257    0.074020    0.000000    0.000000    0.000000    0.000000    0.000000    0.000000
  -6.55619   13.077783    0.267961    0.010290    0.257671    0.076156    0.000000    0.000000    0.000000    0.000000    0.000000    0.000000
  -6.55018   13.349824    0.270964    0.010328    0.260636    0.078325    0.000000    0.000000    0.000000    0.000000    0.000000    0.000000
  -6.54418   13.632441    0.274587    0.010385    0.264202    0.080492    0.000000    0.000000    0.000000    0.000000    0.000000    0.000000
  -6.53818   13.920550    0.278850    0.010462    0.268388    0.082607    0.000000    0.000000    0.000000    0.000000    0.000000    0.000000
  -6.53218   14.208414    0.283738    0.010558    0.273179    0.084609    0.000000    0.000000    0.000000    0.000000    0.000000    0.000000
  -6.52618   14.489804    0.289203    0.010673    0.278530    0.086428    0.000000    0.000000    0.000000    0.000000    0.000000    0.000000
  -6.52017   14.758324    0.295167    0.010802    0.284365    0.087988    0.000000    0.000000    0.000000    0.000000    0.000000    0.000000
  -6.51417   15.007861    0.301534    0.010941    0.290593    0.089213    0.000000    0.000000    0.000000    0.000000    0.000000    0.000000
  -6.50817   15.233145    0.308200    0.011085    0.297114    0.090037    0.000000    0.000000    0.000000    0.000000    0.000000    0.000000
  -6.50217   15.430333    0.315070    0.011229    0.303840    0.090406    0.000000    0.000000    0.000000    0.000000    0.000000    0.000000
  -6.49617   15.597543    0.322073    0.011370    0.310704    0.090290    0.000000    0.000000    0.000000    0.000000    0.000000    0.000000
  -6.49016   15.735282    0.329179    0.011504    0.317675    0.089686    0.000000    0.000000    0.000000    0.000000    0.000000    0.000000
  -6.48416   15.846688    0.336403    0.011631    0.324771    0.088625    0.000000    0.000000    0.000000    0.000000    0.000000    0.000000
  -6.47816   15.937569    0.343816    0.011756    0.332061    0.087168    0.000000    0.000000    0.000000    0.000000    0.000000    0.000000
  -6.47216   16.016235    0.351547    0.011882    0.339665    0.085408    0.000000    0.000000    0.000000    0.000000    0.000000    0.000000
  -6.46616   16.093122    0.359775    0.012018    0.347757    0.083466    0.000000    0.000000    0.000000    0.000000    0.000000    0.000000
  -6.46015   16.180262    0.368722    0.012172    0.356549    0.081481    0.000000    0.000000    0.000000    0.000000    0.000000    0.000000
  -6.45415   16.290616    0.378638    0.012357    0.366281    0.079601    0.000000    0.000000    0.000000    0.000000    0.000000    0.000000
  -6.44815   16.437310    0.389783    0.012582    0.377201    0.077979    0.000000    0.000000    0.000000    0.000000    0.000000    0.000000
  -6.44215   16.632816    0.402403    0.012857    0.389546    0.076757    0.000000    0.000000    0.000000    0.000000    0.000000    0.000000
  -6.43615   16.888082    0.416704    0.013192    0.403512    0.076061    0.000000    0.000000    0.000000    0.000000    0.000000    0.000000
  -6.43014   17.211677    0.432825    0.013590    0.419235    0.075991    0.000000    0.000000    0.000000    0.000000    0.000000    0.000000
  -6.42414   17.608969    0.450813    0.014053    0.436760    0.076614    0.000000    0.000000    0.000000    0.000000    0.000000    0.000000
  -6.41814   18.081422    0.470601    0.014578    0.456024    0.077964    0.000000    0.000000    0.000000    0.000000    0.000000    0.000000
  -6.41214   18.626079    0.491993    0.015155    0.476838    0.080032    0.000000    0.000000    0.000000    0.000000    0.000000    0.000000
  -6.40614   19.235316    0.514656    0.015772    0.498884    0.082776    0.000000    0.000000    0.000000    0.000000    0.000000    0.000000
  -6.40013   19.896931    0.538136    0.016412    0.521724    0.086116    0.000000    0.000000    0.000000    0.000000    0.000000    0.000000
  -6.39413   20.594629    0.561868    0.017055    0.544814    0.089946    0.000000    0.000000    0.000000    0.000000    0.000000    0.000000
  -6.38813   21.308874    0.585216    0.017679    0.567537    0.094133    0.000000    0.000000    0.000000    0.000000    0.000000    0.000000
  -6.38213   22.018073    0.607507    0.018262    0.589245    0.098534    0.000000    0.000000    0.000000    0.000000    0.000000    0.000000
  -6.37613   22.699971    0.628083    0.018785    0.609298    0.103000    0.000000    0.000000    0.000000    0.000000    0.000000    0.000000
  -6.37012   23.333119    0.646345    0.019231    0.627114    0.107387    0.000000    0.000000    0.000000    0.000000    0.000000    0.000000
  -6.36412   23.898261    0.661793    0.019586    0.642207    0.111564    0.000000    0.000000    0.000000    0.000000    0.000000    0.000000
  -6.35812   24.379478    0.674059    0.019844    0.654216    0.115421    0.000000    0.000000    0.000000    0.000000    0.000000    0.000000
  -6.35212   24.764995    0.682931    0.020001    0.662930    0.118871    0.000000    0.000000    0.000000    0.000000    0.000000    0.000000
  -6.34612   25.047592    0.688353    0.020061    0.668292    0.121856    0.000000    0.000000    0.000000    0.000000    0.000000    0.000000
  -6.34011   25.224606    0.690425    0.020030    0.670395    0.124346    0.000000    0.000000    0.000000    0.000000    0.000000    0.000000
  -6.33411   25.297605    0.689386    0.019919    0.669467    0.126337    0.000000    0.000000    0.000000    0.000000    0.000000    0.000000
  -6.32811   25.271804    0.685587    0.019741    0.665846    0.127846    0.000000    0.000000    0.000000    0.000000    0.000000    0.000000
  -6.32211   25.155349    0.679464    0.019512    0.659952    0.128909    0.000000    0.000000    0.000000    0.000000    0.000000    0.000000
  -6.31611   24.958565    0.671506    0.019245    0.652261    0.129576    0.000000    0.000000    0.000000    0.000000    0.000000    0.000000
  -6.31010   24.693259    0.662224    0.018955    0.643269    0.129901    0.000000    0.000000    0.000000    0.000000    0.000000    0.000000
  -6.30410   24.372127    0.652122    0.018655    0.633466    0.129946    0.000000    0.000000    0.000000    0.000000    0.000000    0.000000
  -6.29810   24.008288    0.641676    0.018357    0.623319    0.129769    0.000000    0.000000    0.000000    0.000000    0.000000    0.000000
  -6.29210   23.614948    0.631315    0.018069    0.613245    0.129426    0.000000    0.000000    0.000000    0.000000    0.000000    0.000000
  -6.28610   23.205164    0.621404    0.017799    0.603605    0.128969    0.000000    0.000000    0.000000    0.000000    0.000000    0.000000
  -6.28009   22.791691    0.612245    0.017552    0.594693    0.128442    0.000000    0.000000    0.000000    0.000000    0.000000    0.000000
  -6.27409   22.386883    0.604074    0.017330    0.586743    0.127886    0.000000    0.000000    0.000000    0.000000    0.000000    0.000000
  -6.26809   22.002619    0.597072    0.017137    0.579934    0.127339    0.000000    0.000000    0.000000    0.000000    0.000000    0.000000
  -6.26209   21.650260    0.591377    0.016975    0.574402    0.126832    0.000000    0.000000    0.000000    0.000000    0.000000    0.000000
  -6.25609   21.340589    0.587107    0.016845    0.570262    0.126401    0.000000    0.000000    0.000000    0.000000    0.000000    0.000000
  -6.25008   21.083752    0.584376    0.016751    0.567625    0.126079    0.000000    0.000000    0.000000    0.000000    0.000000    0.000000
  -6.24408   20.889158    0.583320    0.016697    0.566623    0.125904    0.000000    0.000000    0.000000    0.000000    0.000000    0.000000
  -6.23808   20.765334    0.584108    0.016690    0.567418    0.125915    0.000000    0.000000    0.000000    0.000000    0.000000    0.000000
  -6.23208   20.719716    0.586954    0.016739    0.570215    0.126156    0.000000    0.000000    0.000000    0.000000    0.000000    0.000000
  -6.22608   20.758382    0.592113    0.016854    0.575259    0.126670    0.000000    0.000000    0.000000    0.000000    0.000000    0.000000
  -6.22007   20.885727    0.599868    0.017048    0.582821    0.127501    0.000000    0.000000    0.000000    0.000000    0.000000    0.000000
  -6.21407   21.104130    0.610508    0.017331    0.593177    0.128688    0.000000    0.000000    0.000000    0.000000    0.000000    0.000000
  -6.20807   21.413646    0.624294    0.017716    0.606577    0.130262    0.000000    0.000000    0.000000    0.000000    0.000000    0.000000
  -6.20207   21.811785    0.641419    0.018211    0.623208    0.132241    0.000000    0.000000    0.000000    0.000000    0.000000    0.000000
  -6.19607   22.293427    0.661976    0.018819    0.643157    0.134628    0.000000    0.000000    0.000000    0.000000    0.000000    0.000000
  -6.19006   22.850918    0.685922    0.019539    0.666383    0.137410    0.000000    0.000000    0.000000    0.000000    0.000000    0.000000
  -6.18406   23.474343    0.713055    0.020365    0.692690    0.140554    0.000000    0.000000    0.000000    0.000000    0.000000    0.000000
  -6.17806   24.151976    0.743003    0.021282    0.721721    0.144011    0.000000    0.000000    0.000000    0.000000    0.000000    0.000000
  -6.17206   24.870845    0.775234    0.022271    0.752963    0.147715    0.000000    0.000000    0.000000    0.000000    0.000000    0.000000
  -6.16606   25.617351    0.809073    0.023306    0.785768    0.151590    0.000000    0.000000    0.000000    0.000000    0.000000    0.000000
  -6.16005   26.377860    0.843739    0.024357    0.819382    0.155555    0.000000    0.000000    0.000000    0.000000    0.000000    0.000000
  -6.15405   27.139192    0.878387    0.025394    0.852993    0.159525    0.000000    0.000000    0.000000    0.000000    0.000000    0.000000
  -6.14805   27.888958    0.912161    0.026386    0.885776    0.163419    0.000000    0.000000    0.000000    0.000000    0.000000    0.000000
  -6.14205   28.615728    0.944242    0.027301    0.916942    0.167164    0.000000    0.000000    0.000000    0.000000    0.000000    0.000000
  -6.13605   29.309015    0.973894    0.028114    0.945781    0.170698    0.000000    0.000000    0.000000    0.000000    0.000000    0.000000
  -6.13004   29.959147    1.000500    0.028803    0.971697    0.173972    0.000000    0.000000    0.000000    0.000000    0.000000    0.000000
  -6.12404   30.557060    1.023585    0.029352    0.994233    0.176949    0.000000    0.000000    0.000000    0.000000    0.000000    0.000000
  -6.11804   31.094092    1.042832    0.029750    1.013082    0.179606    0.000000    0.000000    0.000000    0.000000    0.000000    0.000000
  -6.11204   31.561845    1.058080    0.029994    1.028086    0.181932    0.000000    0.000000    0.000000    0.000000    0.000000    0.000000
  -6.10604   31.952167    1.069316    0.030084    1.039232    0.183922    0.000000    0.000000    0.000000    0.000000    0.000000    0.000000
  -6.10003   32.257265    1.076659    0.030026    1.046633    0.185579    0.000000    0.000000    0.000000    0.000000    0.000000    0.000000
  -6.09403   32.469970    1.080339    0.029829    1.050510    0.186908    0.000000    0.000000    0.000000    0.000000    0.000000    0.000000
  -6.08803   32.584110    1.080680    0.029506    1.051174    0.187915    0.000000    0.000000    0.000000    0.000000    0.000000    0.000000
  -6.08203   32.594958    1.078077    0.029072    1.049005    0.188602    0.000000    0.000000    0.000000    0.000000    0.000000    0.000000
  -6.07603   32.499705    1.072981    0.028542    1.044438    0.188972    0.000000    0.000000    0.000000    0.000000    0.000000    0.000000
  -6.07002   32.297891    1.065884    0.027935    1.037949    0.189022    0.000000    0.000000    0.000000    0.000000    0.000000    0.000000
  -6.06402   31.991771    1.057308    0.027268    1.030040    0.188748    0.000000    0.000000    0.000000    0.000000    0.000000    0.000000
  -6.05802   31.586577    1.047795    0.026561    1.021234    0.188148    0.000000    0.000000    0.000000    0.000000    0.000000    0.000000
  -6.05202   31.090668    1.037893    0.025833    1.012061    0.187222    0.000000    0.000000    0.000000    0.000000    0.000000    0.000000
  -6.04602   30.515567    1.028150    0.025104    1.003046    0.185983    0.000000    0.000000    0.000000    0.000000    0.000000    0.000000
  -6.04001   29.875891    1.019098    0.024395    0.994703    0.184453    0.000000    0.000000    0.000000    0.000000    0.000000    0.000000
  -6.03401   29.189189    1.011248    0.023725    0.987523    0.182675    0.000000    0.000000    0.000000    0.000000    0.000000    0.000000
  -6.02801   28.475669    1.005074    0.023115    0.981959    0.180713    0.000000    0.000000    0.000000    0.000000    0.000000    0.000000
  -6.02201   27.757808    1.001006    0.022584    0.978421    0.178653    0.000000    0.000000    0.000000    0.000000    0.000000    0.000000
  -6.01601   27.059812    0.999421    0.022150    0.977270    0.176606    0.000000    0.000000    0.000000    0.000000    0.000000    0.000000
  -6.01000   26.406896    1.000636    0.021830    0.978806    0.174701    0.000000    0.000000    0.000000    0.000000    0.000000    0.000000
  -6.00400   25.824346    1.004904    0.021638    0.983266    0.173080    0.000000    0.000000    0.000000    0.000000    0.000000    0.000000
  -5.99800   25.336376    1.012403    0.021585    0.990818    0.171891    0.000000    0.000000    0.000000    0.000000    0.000000    0.000000
  -5.99200   24.964791    1.023238    0.021679    1.001559    0.171272    0.000000    0.000000    0.000000    0.000000    0.000000    0.000000
  -5.98600   24.727543    1.037429    0.021921    1.015507    0.171340    0.000000    0.000000    0.000000    0.000000    0.000000    0.000000
  -5.97999   24.637293    1.054910    0.022311    1.032599    0.172183    0.000000    0.000000    0.000000    0.000000    0.000000    0.000000
  -5.97399   24.700124    1.075526    0.022841    1.052684    0.173842    0.000000    0.000000    0.000000    0.000000    0.000000    0.000000
  -5.96799   24.914591    1.099026    0.023498    1.075528    0.176309    0.000000    0.000000    0.000000    0.000000    0.000000    0.000000
  -5.96199   25.271247    1.125074    0.024265    1.100809    0.179525    0.000000    0.000000    0.000000    0.000000    0.000000    0.000000
  -5.95599   25.752795    1.153245    0.025119    1.128126    0.183377    0.000000    0.000000    0.000000    0.000000    0.000000    0.000000
  -5.94998   26.334910    1.183047    0.026036    1.157012    0.187715    0.000000    0.000000    0.000000    0.000000    0.000000    0.000000
  -5.94398   26.987738    1.213936    0.026989    1.186947    0.192356    0.000000    0.000000    0.000000    0.000000    0.000000    0.000000
  -5.93798   27.677976    1.245341    0.027952    1.217389    0.197107    0.000000    0.000000    0.000000    0.000000    0.000000    0.000000
  -5.93198   28.371362    1.276695    0.028900    1.247794    0.201780    0.000000    0.000000    0.000000    0.000000    0.000000    0.000000
  -5.92598   29.035361    1.307472    0.029814    1.277658    0.206209    0.000000    0.000000    0.000000    0.000000    0.000000    0.000000
  -5.91997   29.641772    1.337225    0.030677    1.306547    0.210268    0.000000    0.000000    0.000000    0.000000    0.000000    0.000000
  -5.91397   30.169011    1.365624    0.031481    1.334142    0.213877    0.000000    0.000000    0.000000    0.000000    0.000000    0.000000
  -5.90797   30.603817    1.392492    0.032225    1.360267    0.217018    0.000000    0.000000    0.000000    0.000000    0.000000    0.000000
  -5.90197   30.942213    1.417835    0.032914    1.384922    0.219723    0.000000    0.000000    0.000000    0.000000    0.000000    0.000000
  -5.89597   31.189623    1.441859    0.033562    1.408297    0.222079    0.000000    0.000000    0.000000    0.000000    0.000000    0.000000
  -5.88996   31.360109    1.464972    0.034189    1.430783    0.224212    0.000000    0.000000    0.000000    0.000000    0.000000    0.000000
  -5.88396   31.474836    1.487774    0.034820    1.452954    0.226278    0.000000    0.000000    0.000000    0.000000    0.000000    0.000000
  -5.87796   31.559904    1.511020    0.035485    1.475536    0.228441    0.000000    0.000000    0.000000    0.000000    0.000000    0.000000
  -5.87196   31.643792    1.535574    0.036212    1.499362    0.230859    0.000000    0.000000    0.000000    0.000000    0.000000    0.000000
  -5.86596   31.754680    1.562341    0.037031    1.525310    0.233672    0.000000    0.000000    0.000000    0.000000    0.000000    0.000000
  -5.85995   31.917914    1.592200    0.037970    1.554230    0.236984    0.000000    0.000000    0.000000    0.000000    0.000000    0.000000
  -5.85395   32.153895    1.625929    0.039051    1.586878    0.240858    0.000000    0.000000    0.000000    0.000000    0.000000    0.000000
  -5.84795   32.476556    1.664138    0.040292    1.623846    0.245311    0.000000    0.000000    0.000000    0.000000    0.000000    0.000000
  -5.84195   32.892563    1.707216    0.041702    1.665514    0.250317    0.000000    0.000000    0.000000    0.000000    0.000000    0.000000
  -5.83595   33.401257    1.755301    0.043284    1.712017    0.255809    0.000000    0.000000    0.000000    0.000000    0.000000    0.000000
  -5.82994   33.995259    1.808265    0.045035    1.763229    0.261688    0.000000    0.000000    0.000000    0.000000    0.000000    0.000000
  -5.82394   34.661616    1.865717    0.046942    1.818775    0.267835    0.000000    0.000000    0.000000    0.000000    0.000000    0.000000
  -5.81794   35.383265    1.927037    0.048985    1.878052    0.274121    0.000000    0.000000    0.000000    0.000000    0.000000    0.000000
  -5.81194   36.140644    1.991408    0.051136    1.940272    0.280412    0.000000    0.000000    0.000000    0.000000    0.000000    0.000000
  -5.80594   36.913219    2.057867    0.053363    2.004504    0.286584    0.000000    0.000000    0.000000    0.000000    0.000000    0.000000
  -5.79993   37.680817    2.125356    0.055626    2.069730    0.292519    0.000000    0.000000    0.000000    0.000000    0.000000    0.000000
  -5.79393   38.424659    2.192771    0.057881    2.134890    0.298117    0.000000    0.000000    0.000000    0.000000    0.000000    0.000000
  -5.78793   39.128082    2.259018    0.060081    2.198937    0.303286    0.000000    0.000000    0.000000    0.000000    0.000000    0.000000
  -5.78193   39.776977    2.323056    0.062180    2.260876    0.307951    0.000000    0.000000    0.000000    0.000000    0.000000    0.000000
  -5.77593   40.360031    2.383943    0.064131    2.319811    0.312047    0.000000    0.000000    0.000000    0.000000    0.000000    0.000000
  -5.76992   40.868824    2.440875    0.065897    2.374979    0.315522    0.000000    0.000000    0.000000    0.000000    0.000000    0.000000
  -5.76392   41.297879    2.493224    0.067444    2.425781    0.318338    0.000000    0.000000    0.000000    0.000000    0.000000    0.000000
  -5.75792   41.644673    2.540561    0.068752    2.471809    0.320467    0.000000    0.000000    0.000000    0.000000    0.000000    0.000000
  -5.75192   41.909622    2.582672    0.069811    2.512861    0.321904    0.000000    0.000000    0.000000    0.000000    0.000000    0.000000
  -5.74592   42.095998    2.619562    0.070627    2.548935    0.322660    0.000000    0.000000    0.000000    0.000000    0.000000    0.000000
  -5.73991   42.209717    2.651436    0.071216    2.580220    0.322767    0.000000    0.000000    0.000000    0.000000    0.000000    0.000000
  -5.73391   42.258944    2.678667    0.071607    2.607061    0.322282    0.000000    0.000000    0.000000    0.000000    0.000000    0.000000
  -5.72791   42.253477    2.701744    0.071837    2.629907    0.321279    0.000000    0.000000    0.000000    0.000000    0.000000    0.000000
  -5.72191   42.203915    2.721205    0.071948    2.649257    0.319849    0.000000    0.000000    0.000000    0.000000    0.000000    0.000000
  -5.71591   42.120666    2.737572    0.071984    2.665588    0.318097    0.000000    0.000000    0.000000    0.000000    0.000000    0.000000
  -5.70990   42.012879    2.751281    0.071983    2.679298    0.316128    0.000000    0.000000    0.000000    0.000000    0.000000    0.000000
  -5.70390   41.887456    2.762625    0.071978    2.690647    0.314044    0.000000    0.000000    0.000000    0.000000    0.000000    0.000000
  -5.69790   41.748265    2.771723    0.071991    2.699731    0.311938    0.000000    0.000000    0.000000    0.000000    0.000000    0.000000
  -5.69190   41.595700    2.778510    0.072035    2.706475    0.309886    0.000000    0.000000    0.000000    0.000000    0.000000    0.000000
  -5.68590   41.426667    2.782756    0.072108    2.710648    0.307941    0.000000    0.000000    0.000000    0.000000    0.000000    0.000000
  -5.67989   41.235032    2.784114    0.072200    2.711914    0.306140    0.000000    0.000000    0.000000    0.000000    0.000000    0.000000
  -5.67389   41.012495    2.782189    0.072294    2.709895    0.304493    0.000000    0.000000    0.000000    0.000000    0.000000    0.000000
  -5.66789   40.749791    2.776614    0.072366    2.704248    0.302999    0.000000    0.000000    0.000000    0.000000    0.000000    0.000000
  -5.66189   40.438066    2.767135    0.072390    2.694745    0.301640    0.000000    0.000000    0.000000    0.000000    0.000000    0.000000
  -5.65589   40.070255    2.753679    0.072343    2.681336    0.300393    0.000000    0.000000    0.000000    0.000000    0.000000    0.000000
  -5.64988   39.642289    2.736407    0.072205    2.664202    0.299230    0.000000    0.000000    0.000000    0.000000    0.000000    0.000000
  -5.64388   39.153974    2.715742    0.071964    2.643779    0.298126    0.000000    0.000000    0.000000    0.000000    0.000000    0.000000
  -5.63788   38.609439    2.692364    0.071614    2.620751    0.297061    0.000000    0.000000    0.000000    0.000000    0.000000    0.000000
  -5.63188   38.017113    2.667181    0.071159    2.596021    0.296020    0.000000    0.000000    0.000000    0.000000    0.000000    0.000000
  -5.62588   37.389231    2.641272    0.070612    2.570659    0.294994    0.000000    0.000000    0.000000    0.000000    0.000000    0.000000
  -5.61987   36.740946    2.615817    0.069991    2.545825    0.293981    0.000000    0.000000    0.000000    0.000000    0.000000    0.000000
  -5.61387   36.089157    2.592014    0.069321    2.522693    0.292981    0.000000    0.000000    0.000000    0.000000    0.000000    0.000000
  -5.60787   35.451191    2.570995    0.068630    2.502365    0.291994    0.000000    0.000000    0.000000    0.000000    0.000000    0.000000
  -5.60187   34.843483    2.553746    0.067947    2.485799    0.291022    0.000000    0.000000    0.000000    0.000000    0.000000    0.000000
  -5.59587   34.280391    2.541045    0.067302    2.473743    0.290064    0.000000    0.000000    0.000000    0.000000    0.000000    0.000000
  -5.58986   33.773263    2.533414    0.066725    2.466689    0.289120    0.000000    0.000000    0.000000    0.000000    0.000000    0.000000
  -5.58386   33.329828    2.531086    0.066238    2.464848    0.288186    0.000000    0.000000    0.000000    0.000000    0.000000    0.000000
  -5.57786   32.953945    2.534004    0.065862    2.468142    0.287262    0.000000    0.000000    0.000000    0.000000    0.000000    0.000000
  -5.57186   32.645707    2.541824    0.065613    2.476211    0.286349    0.000000    0.000000    0.000000    0.000000    0.000000    0.000000
  -5.56586   32.401851    2.553946    0.065501    2.488445    0.285456    0.000000    0.000000    0.000000    0.000000    0.000000    0.000000
  -5.55985   32.216391    2.569550    0.065530    2.504019    0.284596    0.000000    0.000000    0.000000    0.000000    0.000000    0.000000
  -5.55385   32.081392    2.587640    0.065701    2.521939    0.283793    0.000000    0.000000    0.000000    0.000000    0.000000    0.000000
  -5.54785   31.987772    2.607096    0.066008    2.541088    0.283077    0.000000    0.000000    0.000000    0.000000    0.000000    0.000000
  -5.54185   31.926045    2.626719    0.066444    2.560275    0.282483    0.000000    0.000000    0.000000    0.000000    0.000000    0.000000
  -5.53585   31.886950    2.645280    0.066996    2.578283    0.282053    0.000000    0.000000    0.000000    0.000000    0.000000    0.000000
  -5.52984   31.861901    2.661565    0.067651    2.593914    0.281827    0.000000    0.000000    0.000000    0.000000    0.000000    0.000000
  -5.52384   31.843273    2.674417    0.068392    2.606025    0.281840    0.000000    0.000000    0.000000    0.000000    0.000000    0.000000
  -5.51784   31.824527    2.682779    0.069202    2.613577    0.282121    0.000000    0.000000    0.000000    0.000000    0.000000    0.000000
  -5.51184   31.800221    2.685728    0.070063    2.615665    0.282688    0.000000    0.000000    0.000000    0.000000    0.000000    0.000000
  -5.50584   31.765957    2.682523    0.070955    2.611568    0.283543    0.000000    0.000000    0.000000    0.000000    0.000000    0.000000
  -5.49983   31.718310    2.672638    0.071860    2.600778    0.284675    0.000000    0.000000    0.000000    0.000000    0.000000    0.000000
  -5.49383   31.654786    2.655799    0.072758    2.583042    0.286062    0.000000    0.000000    0.000000    0.000000    0.000000    0.000000
  -5.48783   31.573815    2.632017    0.073626    2.558390    0.287670    0.000000    0.000000    0.000000    0.000000    0.000000    0.000000
  -5.48183   31.474786    2.601602    0.074447    2.527155    0.289457    0.000000    0.000000    0.000000    0.000000    0.000000    0.000000
  -5.47583   31.358103    2.565174    0.075197    2.489977    0.291382    0.000000    0.000000    0.000000    0.000000    0.000000    0.000000
  -5.46982   31.225213    2.523647    0.075859    2.447788    0.293405    0.000000    0.000000    0.000000    0.000000    0.000000    0.000000
  -5.46382   31.078570    2.478193    0.076414    2.401779    0.295492    0.000000    0.000000    0.000000    0.000000    0.000000    0.000000
  -5.45782   30.921502    2.430186    0.076848    2.353339    0.297622    0.000000    0.000000    0.000000    0.000000    0.000000    0.000000
  -5.45182   30.757953    2.381120    0.077147    2.303973    0.299779    0.000000    0.000000    0.000000    0.000000    0.000000    0.000000
  -5.44582   30.592102    2.332514    0.077305    2.255210    0.301960    0.000000    0.000000    0.000000    0.000000    0.000000    0.000000
  -5.43981   30.427885    2.285804    0.077317    2.208487    0.304167    0.000000    0.000000    0.000000    0.000000    0.000000    0.000000
  -5.43381   30.268462    2.242234    0.077185    2.165049    0.306400    0.000000    0.000000    0.000000    0.000000    0.000000    0.000000
  -5.42781   30.115685    2.202760    0.076911    2.125849    0.308657    0.000000    0.000000    0.000000    0.000000    0.000000    0.000000
  -5.42181   29.969633    2.167965    0.076502    2.091463    0.310921    0.000000    0.000000    0.000000    0.000000    0.000000    0.000000
  -5.41581   29.828277    2.138010    0.075962    2.062048    0.313158    0.000000    0.000000    0.000000    0.000000    0.000000    0.000000
  -5.40980   29.687318    2.112619    0.075299    2.037320    0.315310    0.000000    0.000000    0.000000    0.000000    0.000000    0.000000
  -5.40380   29.540235    2.091092    0.074516    2.016576    0.317293    0.000000    0.000000    0.000000    0.000000    0.000000    0.000000
  -5.39780   29.378559    2.072368    0.073612    1.998756    0.319000    0.000000    0.000000    0.000000    0.000000    0.000000    0.000000
  -5.39180   29.192365    2.055112    0.072586    1.982526    0.320301    0.000000    0.000000    0.000000    0.000000    0.000000    0.000000
  -5.38580   28.970979    2.037829    0.071433    1.966396    0.321049    0.000000    0.000000    0.000000    0.000000    0.000000    0.000000
  -5.37979   28.703848    2.018993    0.070145    1.948849    0.321095    0.000000    0.000000    0.000000    0.000000    0.000000    0.000000
  -5.37379   28.381539    1.997181    0.068714    1.928467    0.320293    0.000000    0.000000    0.000000    0.000000    0.000000    0.000000
  -5.36779   27.996789    1.971203    0.067135    1.904068    0.318519    0.000000    0.000000    0.000000    0.000000    0.000000    0.000000
  -5.36179   27.545543    1.940209    0.065407    1.874802    0.315679    0.000000    0.000000    0.000000    0.000000    0.000000    0.000000
  -5.35579   27.027868    1.903779    0.063533    1.840246    0.311726    0.000000    0.000000    0.000000    0.000000    0.000000    0.000000
  -5.34978   26.448659    1.861976    0.061527    1.800449    0.306670    0.000000    0.000000    0.000000    0.000000    0.000000    0.000000
  -5.34378   25.818037    1.815364    0.059407    1.755957    0.300578    0.000000    0.000000    0.000000    0.000000    0.000000    0.000000
  -5.33778   25.151355    1.764994    0.057204    1.707790    0.293585    0.000000    0.000000    0.000000    0.000000    0.000000    0.000000
  -5.33178   24.468764    1.712348    0.054954    1.657394    0.285882    0.000000    0.000000    0.000000    0.000000    0.000000    0.000000
  -5.32578   23.794326    1.659256    0.052701    1.606556    0.277712    0.000000    0.000000    0.000000    0.000000    0.000000    0.000000
  -5.31977   23.154708    1.607788    0.050492    1.557296    0.269355    0.000000    0.000000    0.000000    0.000000    0.000000    0.000000
  -5.31377   22.577530    1.560121    0.048379    1.511743    0.261111    0.000000    0.000000    0.000000    0.000000    0.000000    0.000000
  -5.30777   22.089504    1.518409    0.046408    1.472001    0.253282    0.000000    0.000000    0.000000    0.000000    0.000000    0.000000
  -5.30177   21.714490    1.484644    0.044626    1.440018    0.246149    0.000000    0.000000    0.000000    0.000000    0.000000    0.000000
  -5.29577   21.471653    1.460533    0.043071    1.417462    0.239959    0.000000    0.000000    0.000000    0.000000    0.000000    0.000000
  -5.28976   21.373868    1.447397    0.041775    1.405622    0.234903    0.000000    0.000000    0.000000    0.000000    0.000000    0.000000
  -5.28376   21.426509    1.446087    0.040759    1.405329    0.231113    0.000000    0.000000    0.000000    0.000000    0.000000    0.000000
  -5.27776   21.626754    1.456944    0.040034    1.416910    0.228644    0.000000    0.000000    0.000000    0.000000    0.000000    0.000000
  -5.27176   21.963457    1.479781    0.039600    1.440181    0.227483    0.000000    0.000000    0.000000    0.000000    0.000000    0.000000
  -5.26576   22.417634    1.513907    0.039447    1.474461    0.227545    0.000000    0.000000    0.000000    0.000000    0.000000    0.000000
  -5.25975   22.963550    1.558178    0.039554    1.518625    0.228684    0.000000    0.000000    0.000000    0.000000    0.000000    0.000000
  -5.25375   23.570360    1.611076    0.039890    1.571187    0.230705    0.000000    0.000000    0.000000    0.000000    0.000000    0.000000
  -5.24775   24.204181    1.670808    0.040418    1.630390    0.233376    0.000000    0.000000    0.000000    0.000000    0.000000    0.000000
  -5.24175   24.830491    1.735420    0.041093    1.694326    0.236448    0.000000    0.000000    0.000000    0.000000    0.000000    0.000000
  -5.23575   25.416638    1.802919    0.041870    1.761049    0.239671    0.000000    0.000000    0.000000    0.000000    0.000000    0.000000
  -5.22974   25.934283    1.871392    0.042701    1.828692    0.242812    0.000000    0.000000    0.000000    0.000000    0.000000    0.000000
  -5.22374   26.361554    1.939126    0.043541    1.895585    0.245666    0.000000    0.000000    0.000000    0.000000    0.000000    0.000000
  -5.21774   26.684700    2.004703    0.044351    1.960352    0.248073    0.000000    0.000000    0.000000    0.000000    0.000000    0.000000
  -5.21174   26.899088    2.067095    0.045102    2.021993    0.249921    0.000000    0.000000    0.000000    0.000000    0.000000    0.000000
  -5.20574   27.009441    2.125728    0.045774    2.079954    0.251150    0.000000    0.000000    0.000000    0.000000    0.000000    0.000000
  -5.19973   27.029267    2.180528    0.046360    2.134168    0.251751    0.000000    0.000000    0.000000    0.000000    0.000000    0.000000
  -5.19373   26.979563    2.231937    0.046865    2.185072    0.251759    0.000000    0.000000    0.000000    0.000000    0.000000    0.000000
  -5.18773   26.886908    2.280904    0.047308    2.233596    0.251245    0.000000    0.000000    0.000000    0.000000    0.000000    0.000000
  -5.18173   26.781151    2.328837    0.047717    2.281120    0.250301    0.000000    0.000000    0.000000    0.000000    0.000000    0.000000
  -5.17573   26.692931    2.377531    0.048131    2.329400    0.249035    0.000000    0.000000    0.000000    0.000000    0.000000    0.000000
  -5.16972   26.651269    2.429047    0.048592    2.380455    0.247560    0.000000    0.000000    0.000000    0.000000    0.000000    0.000000
  -5.16372   26.681432    2.485573    0.049146    2.436427    0.245980    0.000000    0.000000    0.000000    0.000000    0.000000    0.000000
  -5.15772   26.803253    2.549249    0.049837    2.499412    0.244393    0.000000    0.000000    0.000000    0.000000    0.000000    0.000000
  -5.15172   27.029994    2.621982    0.050702    2.571279    0.242881    0.000000    0.000000    0.000000    0.000000    0.000000    0.000000
  -5.14572   27.367789    2.705256    0.051772    2.653483    0.241513    0.000000    0.000000    0.000000    0.000000    0.000000    0.000000
  -5.13971   27.815661    2.799968    0.053065    2.746902    0.240343    0.000000    0.000000    0.000000    0.000000    0.000000    0.000000
  -5.13371   28.366026    2.906294    0.054587    2.851708    0.239415    0.000000    0.000000    0.000000    0.000000    0.000000    0.000000
  -5.12771   29.005611    3.023617    0.056328    2.967289    0.238757    0.000000    0.000000    0.000000    0.000000    0.000000    0.000000
  -5.12171   29.716662    3.150512    0.058266    3.092246    0.238388    0.000000    0.000000    0.000000    0.000000    0.000000    0.000000
  -5.11571   30.478349    3.284819    0.060367    3.224452    0.238320    0.000000    0.000000    0.000000    0.000000    0.000000    0.000000
  -5.10970   31.268254    3.423776    0.062585    3.361192    0.238553    0.000000    0.000000    0.000000    0.000000    0.000000    0.000000
  -5.10370   32.063851    3.564218    0.064867    3.499351    0.239081    0.000000    0.000000    0.000000    0.000000    0.000000    0.000000
  -5.09770   32.843891    3.702809    0.067157    3.635652    0.239893    0.000000    0.000000    0.000000    0.000000    0.000000    0.000000
  -5.09170   33.589627    3.836304    0.069399    3.766905    0.240972    0.000000    0.000000    0.000000    0.000000    0.000000    0.000000
  -5.08570   34.285806    3.961785    0.071540    3.890245    0.242302    0.000000    0.000000    0.000000    0.000000    0.000000    0.000000
  -5.07969   34.921390    4.076882    0.073535    4.003346    0.243866    0.000000    0.000000    0.000000    0.000000    0.000000    0.000000
  -5.07369   35.489975    4.179928    0.075350    4.104578    0.245650    0.000000    0.000000    0.000000    0.000000    0.000000    0.000000
  -5.06769   35.989896    4.270058    0.076962    4.193096    0.247644    0.000000    0.000000    0.000000    0.000000    0.000000    0.000000
  -5.06169   36.424018    4.347232    0.078361    4.268871    0.249845    0.000000    0.000000    0.000000    0.000000    0.000000    0.000000
  -5.05569   36.799254    4.412187    0.079550    4.332637    0.252255    0.000000    0.000000    0.000000    0.000000    0.000000    0.000000
  -5.04968   37.125826    4.466333    0.080547    4.385786    0.254884    0.000000    0.000000    0.000000    0.000000    0.000000    0.000000
  -5.04368   37.416340    4.511588    0.081376    4.430212    0.257745    0.000000    0.000000    0.000000    0.000000    0.000000    0.000000
  -5.03768   37.684714    4.550184    0.082073    4.468111    0.260854    0.000000    0.000000    0.000000    0.000000    0.000000    0.000000
  -5.03168   37.945028    4.584452    0.082676    4.501776    0.264232    0.000000    0.000000    0.000000    0.000000    0.000000    0.000000
  -5.02568   38.210352    4.616603    0.083227    4.533375    0.267896    0.000000    0.000000    0.000000    0.000000    0.000000    0.000000
  -5.01967   38.491621    4.648527    0.083765    4.564761    0.271858    0.000000    0.000000    0.000000    0.000000    0.000000    0.000000
  -5.01367   38.796624    4.681628    0.084324    4.597304    0.276124    0.000000    0.000000    0.000000    0.000000    0.000000    0.000000
  -5.00767   39.129170    4.716706    0.084927    4.631779    0.280685    0.000000    0.000000    0.000000    0.000000    0.000000    0.000000
  -5.00167   39.488522    4.753903    0.085591    4.668312    0.285514    0.000000    0.000000    0.000000    0.000000    0.000000    0.000000
  -4.99567   39.869152    4.792713    0.086317    4.706396    0.290564    0.000000    0.000000    0.000000    0.000000    0.000000    0.000000
  -4.98966   40.260887    4.832065    0.087095    4.744971    0.295765    0.000000    0.000000    0.000000    0.000000    0.000000    0.000000
  -4.98366   40.649480    4.870471    0.087904    4.782567    0.301022    0.000000    0.000000    0.000000    0.000000    0.000000    0.000000
  -4.97766   41.017609    4.906218    0.088715    4.817503    0.306221    0.000000    0.000000    0.000000    0.000000    0.000000    0.000000
  -4.97166   41.346248    4.937591    0.089493    4.848098    0.311230    0.000000    0.000000    0.000000    0.000000    0.000000    0.000000
  -4.96566   41.616334    4.963102    0.090204    4.872898    0.315913    0.000000    0.000000    0.000000    0.000000    0.000000    0.000000
  -4.95965   41.810563    4.981691    0.090817    4.890874    0.320140    0.000000    0.000000    0.000000    0.000000    0.000000    0.000000
  -4.95365   41.915150    4.992879    0.091311    4.901569    0.323794    0.000000    0.000000    0.000000    0.000000    0.000000    0.000000
  -4.94765   41.921334    4.996851    0.091677    4.905174    0.326787    0.000000    0.000000    0.000000    0.000000    0.000000    0.000000
  -4.94165   41.826461    4.994452    0.091921    4.902531    0.329068    0.000000    0.000000    0.000000    0.000000    0.000000    0.000000
  -4.93565   41.634473    4.987106    0.092066    4.895040    0.330628    0.000000    0.000000    0.000000    0.000000    0.000000    0.000000
  -4.92964   41.355743    4.976646    0.092146    4.884500    0.331499    0.000000    0.000000    0.000000    0.000000    0.000000    0.000000
  -4.92364   41.006231    4.965090    0.092205    4.872885    0.331752    0.000000    0.000000    0.000000    0.000000    0.000000    0.000000
  -4.91764   40.606075    4.954390    0.092291    4.862099    0.331487    0.000000    0.000000    0.000000    0.000000    0.000000    0.000000
  -4.91164   40.177775    4.946170    0.092451    4.853719    0.330825    0.000000    0.000000    0.000000    0.000000    0.000000    0.000000
  -4.90564   39.744189    4.941507    0.092723    4.848784    0.329889    0.000000    0.000000    0.000000    0.000000    0.000000    0.000000
  -4.89963   39.326599    4.940758    0.093132    4.847626    0.328798    0.000000    0.000000    0.000000    0.000000    0.000000    0.000000
  -4.89363   38.943066    4.943486    0.093686    4.849800    0.327654    0.000000    0.000000    0.000000    0.000000    0.000000    0.000000
  -4.88763   38.607253    4.948465    0.094372    4.854093    0.326537    0.000000    0.000000    0.000000    0.000000    0.000000    0.000000
  -4.88163   38.327827    4.953790    0.095161    4.858629    0.325503    0.000000    0.000000    0.000000    0.000000    0.000000    0.000000
  -4.87563   38.108438    4.957061    0.096006    4.861055    0.324586    0.000000    0.000000    0.000000    0.000000    0.000000    0.000000
  -4.86962   37.948219    4.955635    0.096850    4.858786    0.323801    0.000000    0.000000    0.000000    0.000000    0.000000    0.000000
  -4.86362   37.842663    4.946911    0.097631    4.849280    0.323156    0.000000    0.000000    0.000000    0.000000    0.000000    0.000000
  -4.85762   37.784721    4.928605    0.098289    4.830315    0.322654    0.000000    0.000000    0.000000    0.000000    0.000000    0.000000
  -4.85162   37.765925    4.899008    0.098774    4.800234    0.322304    0.000000    0.000000    0.000000    0.000000    0.000000    0.000000
  -4.84562   37.777399    4.857171    0.099048    4.758123    0.322121    0.000000    0.000000    0.000000    0.000000    0.000000    0.000000
  -4.83961   37.810657    4.803019    0.099092    4.703927    0.322129    0.000000    0.000000    0.000000    0.000000    0.000000    0.000000
  -4.83361   37.858115    4.737370    0.098907    4.638463    0.322360    0.000000    0.000000    0.000000    0.000000    0.000000    0.000000
  -4.82761   37.913349    4.661866    0.098513    4.563353    0.322848    0.000000    0.000000    0.000000    0.000000    0.000000    0.000000
  -4.82161   37.971114    4.578829    0.097946    4.480883    0.323620    0.000000    0.000000    0.000000    0.000000    0.000000    0.000000
  -4.81561   38.027217    4.491057    0.097253    4.393804    0.324698    0.000000    0.000000    0.000000    0.000000    0.000000    0.000000
  -4.80960   38.078304    4.401590    0.096489    4.305101    0.326082    0.000000    0.000000    0.000000    0.000000    0.000000    0.000000
  -4.80360   38.121633    4.313470    0.095705    4.217765    0.327755    0.000000    0.000000    0.000000    0.000000    0.000000    0.000000
  -4.79760   38.154888    4.229519    0.094949    4.134570    0.329672    0.000000    0.000000    0.000000    0.000000    0.000000    0.000000
  -4.79160   38.176056    4.152161    0.094256    4.057906    0.331765    0.000000    0.000000    0.000000    0.000000    0.000000    0.000000
  -4.78560   38.183390    4.083299    0.093645    3.989654    0.333943    0.000000    0.000000    0.000000    0.000000    0.000000    0.000000
  -4.77959   38.175435    4.024246    0.093123    3.931123    0.336095    0.000000    0.000000    0.000000    0.000000    0.000000    0.000000
  -4.77359   38.151128    3.975724    0.092677    3.883048    0.338099    0.000000    0.000000    0.000000    0.000000    0.000000    0.000000
  -4.76759   38.109944    3.937914    0.092282    3.845632    0.339823    0.000000    0.000000    0.000000    0.000000    0.000000    0.000000
  -4.76159   38.052059    3.910541    0.091905    3.818636    0.341141    0.000000    0.000000    0.000000    0.000000    0.000000    0.000000
  -4.75559   37.978539    3.892998    0.091505    3.801492    0.341935    0.000000    0.000000    0.000000    0.000000    0.000000    0.000000
  -4.74958   37.891493    3.884469    0.091045    3.793424    0.342108    0.000000    0.000000    0.000000    0.000000    0.000000    0.000000
  -4.74358   37.794202    3.884064    0.090491    3.793573    0.341586    0.000000    0.000000    0.000000    0.000000    0.000000    0.000000
  -4.73758   37.691168    3.890930    0.089818    3.801112    0.340328    0.000000    0.000000    0.000000    0.000000    0.000000    0.000000
  -4.73158   37.588079    3.904346    0.089017    3.815329    0.338329    0.000000    0.000000    0.000000    0.000000    0.000000    0.000000
  -4.72558   37.491652    3.923780    0.088090    3.835690    0.335624    0.000000    0.000000    0.000000    0.000000    0.000000    0.000000
  -4.71957   37.409364    3.948918    0.087060    3.861858    0.332283    0.000000    0.000000    0.000000    0.000000    0.000000    0.000000
  -4.71357   37.349045    3.979649    0.085960    3.893689    0.328415    0.000000    0.000000    0.000000    0.000000    0.000000    0.000000
  -4.70757   37.318370    4.016017    0.084837    3.931180    0.324159    0.000000    0.000000    0.000000    0.000000    0.000000    0.000000
  -4.70157   37.324254    4.058141    0.083748    3.974393    0.319679    0.000000    0.000000    0.000000    0.000000    0.000000    0.000000
  -4.69557   37.372217    4.106112    0.082752    4.023360    0.315153    0.000000    0.000000    0.000000    0.000000    0.000000    0.000000
  -4.68956   37.465736    4.159878    0.081910    4.077967    0.310764    0.000000    0.000000    0.000000    0.000000    0.000000    0.000000
  -4.68356   37.605669    4.219128    0.081277    4.137851    0.306689    0.000000    0.000000    0.000000    0.000000    0.000000    0.000000
  -4.67756   37.789806    4.283200    0.080899    4.202300    0.303087    0.000000    0.000000    0.000000    0.000000    0.000000    0.000000
  -4.67156   38.012592    4.351008    0.080809    4.270200    0.300088    0.000000    0.000000    0.000000    0.000000    0.000000    0.000000
  -4.66556   38.265097    4.421025    0.081022    4.340002    0.297789    0.000000    0.000000    0.000000    0.000000    0.000000    0.000000
  -4.65955   38.535255    4.491301    0.081540    4.409762    0.296242    0.000000    0.000000    0.000000    0.000000    0.000000    0.000000
  -4.65355   38.808382    4.559548    0.082342    4.477206    0.295460    0.000000    0.000000    0.000000    0.000000    0.000000    0.000000
  -4.64755   39.067967    4.623253    0.083395    4.539858    0.295411    0.000000    0.000000    0.000000    0.000000    0.000000    0.000000
  -4.64155   39.296694    4.679838    0.084648    4.595190    0.296029    0.000000    0.000000    0.000000    0.000000    0.000000    0.000000
  -4.63555   39.477602    4.726836    0.086041    4.640795    0.297221    0.000000    0.000000    0.000000    0.000000    0.000000    0.000000
  -4.62954   39.595302    4.762059    0.087506    4.674553    0.298871    0.000000    0.000000    0.000000    0.000000    0.000000    0.000000
  -4.62354   39.637135    4.783750    0.088968    4.694782    0.300861    0.000000    0.000000    0.000000    0.000000    0.000000    0.000000
  -4.61754   39.594168    4.790709    0.090358    4.700351    0.303071    0.000000    0.000000    0.000000    0.000000    0.000000    0.000000
  -4.61154   39.461924    4.782360    0.091609    4.690751    0.305393    0.000000    0.000000    0.000000    0.000000    0.000000    0.000000
  -4.60554   39.240794    4.758773    0.092661    4.666112    0.307736    0.000000    0.000000    0.000000    0.000000    0.000000    0.000000
  -4.59953   38.936088    4.720644    0.093468    4.627177    0.310030    0.000000    0.000000    0.000000    0.000000    0.000000    0.000000
  -4.59353   38.557746    4.669230    0.093994    4.575236    0.312228    0.000000    0.000000    0.000000    0.000000    0.000000    0.000000
  -4.58753   38.119737    4.606252    0.094222    4.512030    0.314301    0.000000    0.000000    0.000000    0.000000    0.000000    0.000000
  -4.58153   37.639224    4.533788    0.094144    4.439644    0.316243    0.000000    0.000000    0.000000    0.000000    0.000000    0.000000
  -4.57553   37.135567    4.454163    0.093769    4.360394    0.318060    0.000000    0.000000    0.000000    0.000000    0.000000    0.000000
  -4.56952   36.629274    4.369839    0.093121    4.276718    0.319773    0.000000    0.000000    0.000000    0.000000    0.000000    0.000000
  -4.56352   36.140940    4.283323    0.092230    4.191093    0.321409    0.000000    0.000000    0.000000    0.000000    0.000000    0.000000
  -4.55752   35.690277    4.197084    0.091139    4.105945    0.323003    0.000000    0.000000    0.000000    0.000000    0.000000    0.000000
  -4.55152   35.295245    4.113492    0.089896    4.023596    0.324591    0.000000    0.000000    0.000000    0.000000    0.000000    0.000000
  -4.54552   34.971327    4.034755    0.088551    3.946204    0.326207    0.000000    0.000000    0.000000    0.000000    0.000000    0.000000
  -4.53951   34.730947    3.962871    0.087155    3.875716    0.327881    0.000000    0.000000    0.000000    0.000000    0.000000    0.000000
  -4.53351   34.583043    3.899584    0.085758    3.813826    0.329638    0.000000    0.000000    0.000000    0.000000    0.000000    0.000000
  -4.52751   34.532775    3.846333    0.084403    3.761930    0.331491    0.000000    0.000000    0.000000    0.000000    0.000000    0.000000
  -4.52151   34.581396    3.804214    0.083127    3.721087    0.333438    0.000000    0.000000    0.000000    0.000000    0.000000    0.000000
  -4.51551   34.726252    3.773941    0.081957    3.691984    0.335464    0.000000    0.000000    0.000000    0.000000    0.000000    0.000000
  -4.50950   34.960961    3.755817    0.080910    3.674907    0.337537    0.000000    0.000000    0.000000    0.000000    0.000000    0.000000
  -4.50350   35.275730    3.749729    0.079995    3.669734    0.339611    0.000000    0.000000    0.000000    0.000000    0.000000    0.000000
  -4.49750   35.657842    3.755144    0.079208    3.675935    0.341626    0.000000    0.000000    0.000000    0.000000    0.000000    0.000000
  -4.49150   36.092284    3.771144    0.078541    3.692603    0.343515    0.000000    0.000000    0.000000    0.000000    0.000000    0.000000
  -4.48550   36.562498    3.796471    0.077975    3.718495    0.345209    0.000000    0.000000    0.000000    0.000000    0.000000    0.000000
  -4.47949   37.051210    3.829594    0.077490    3.752104    0.346645    0.000000    0.000000    0.000000    0.000000    0.000000    0.000000
  -4.47349   37.541314    3.868794    0.077062    3.791732    0.347772    0.000000    0.000000    0.000000    0.000000    0.000000    0.000000
  -4.46749   38.016734    3.912258    0.076670    3.835588    0.348557    0.000000    0.000000    0.000000    0.000000    0.000000    0.000000
  -4.46149   38.463236    3.958178    0.076292    3.881886    0.348992    0.000000    0.000000    0.000000    0.000000    0.000000    0.000000
  -4.45549   38.869131    4.004850    0.075915    3.928935    0.349092    0.000000    0.000000    0.000000    0.000000    0.000000    0.000000
  -4.44948   39.225825    4.050763    0.075530    3.975233    0.348903    0.000000    0.000000    0.000000    0.000000    0.000000    0.000000
  -4.44348   39.528196    4.094674    0.075133    4.019540    0.348493    0.000000    0.000000    0.000000    0.000000    0.000000    0.000000
  -4.43748   39.774748    4.135669    0.074728    4.060941    0.347951    0.000000    0.000000    0.000000    0.000000    0.000000    0.000000
  -4.43148   39.967548    4.173197    0.074322    4.098875    0.347379    0.000000    0.000000    0.000000    0.000000    0.000000    0.000000
  -4.42548   40.111918    4.207076    0.073927    4.133149    0.346885    0.000000    0.000000    0.000000    0.000000    0.000000    0.000000
  -4.41947   40.215908    4.237479    0.073558    4.163920    0.346574    0.000000    0.000000    0.000000    0.000000    0.000000    0.000000
  -4.41347   40.289559    4.264888    0.073230    4.191658    0.346542    0.000000    0.000000    0.000000    0.000000    0.000000    0.000000
  -4.40747   40.344007    4.290034    0.072956    4.217078    0.346869    0.000000    0.000000    0.000000    0.000000    0.000000    0.000000
  -4.40147   40.390499    4.313809    0.072748    4.241061    0.347610    0.000000    0.000000    0.000000    0.000000    0.000000    0.000000
  -4.39547   40.439395    4.337184    0.072615    4.264569    0.348800    0.000000    0.000000    0.000000    0.000000    0.000000    0.000000
  -4.38946   40.499251    4.361117    0.072560    4.288558    0.350445    0.000000    0.000000    0.000000    0.000000    0.000000    0.000000
  -4.38346   40.576090    4.386481    0.072584    4.313897    0.352531    0.000000    0.000000    0.000000    0.000000    0.000000    0.000000
  -4.37746   40.672936    4.413999    0.072684    4.341315    0.355024    0.000000    0.000000    0.000000    0.000000    0.000000    0.000000
  -4.37146   40.789678    4.444211    0.072852    4.371358    0.357874    0.000000    0.000000    0.000000    0.000000    0.000000    0.000000
  -4.36546   40.923293    4.477466    0.073079    4.404387    0.361024    0.000000    0.000000    0.000000    0.000000    0.000000    0.000000
  -4.35945   41.068404    4.513939    0.073353    4.440585    0.364417    0.000000    0.000000    0.000000    0.000000    0.000000    0.000000
  -4.35345   41.218135    4.553665    0.073662    4.480004    0.367999    0.000000    0.000000    0.000000    0.000000    0.000000    0.000000
  -4.34745   41.365150    4.596593    0.073991    4.522602    0.371727    0.000000    0.000000    0.000000    0.000000    0.000000    0.000000
  -4.34145   41.502764    4.642640    0.074331    4.568309    0.375574    0.000000    0.000000    0.000000    0.000000    0.000000    0.000000
  -4.33545   41.625983    4.691741    0.074671    4.617069    0.379532    0.000000    0.000000    0.000000    0.000000    0.000000    0.000000
  -4.32944   41.732355    4.743885    0.075006    4.668879    0.383611    0.000000    0.000000    0.000000    0.000000    0.000000    0.000000
  -4.32344   41.822498    4.799141    0.075333    4.723808    0.387844    0.000000    0.000000    0.000000    0.000000    0.000000    0.000000
  -4.31744   41.900257    4.857647    0.075655    4.781992    0.392276    0.000000    0.000000    0.000000    0.000000    0.000000    0.000000
  -4.31144   41.972451    4.919594    0.075979    4.843614    0.396968    0.000000    0.000000    0.000000    0.000000    0.000000    0.000000
  -4.30544   42.048230    4.985181    0.076319    4.908862    0.401984    0.000000    0.000000    0.000000    0.000000    0.000000    0.000000
  -4.29943   42.138131    5.054570    0.076691    4.977878    0.407388    0.000000    0.000000    0.000000    0.000000    0.000000    0.000000
  -4.29343   42.252947    5.127828    0.077117    5.050711    0.413232    0.000000    0.000000    0.000000    0.000000    0.000000    0.000000
  -4.28743   42.402537    5.204884    0.077617    5.127267    0.419552    0.000000    0.000000    0.000000    0.000000    0.000000    0.000000
  -4.28143   42.594748    5.285494    0.078216    5.207278    0.426359    0.000000    0.000000    0.000000    0.000000    0.000000    0.000000
  -4.27543   42.834559    5.369223    0.078934    5.290289    0.433635    0.000000    0.000000    0.000000    0.000000    0.000000    0.000000
  -4.26942   43.123568    5.455456    0.079789    5.375667    0.441332    0.000000    0.000000    0.000000    0.000000    0.000000    0.000000
  -4.26342   43.459855    5.543420    0.080794    5.462626    0.449371    0.000000    0.000000    0.000000    0.000000    0.000000    0.000000
  -4.25742   43.838233    5.632237    0.081955    5.550282    0.457651    0.000000    0.000000    0.000000    0.000000    0.000000    0.000000
  -4.25142   44.250829    5.720978    0.083274    5.637705    0.466050    0.000000    0.000000    0.000000    0.000000    0.000000    0.000000
  -4.24542   44.687903    5.808735    0.084742    5.723993    0.474441    0.000000    0.000000    0.000000    0.000000    0.000000    0.000000
  -4.23941   45.138780    5.894684    0.086348    5.808336    0.482694    0.000000    0.000000    0.000000    0.000000    0.000000    0.000000
  -4.23341   45.592778    5.978145    0.088074    5.890071    0.490689    0.000000    0.000000    0.000000    0.000000    0.000000    0.000000
  -4.22741   46.040036    6.058625    0.089897    5.968728    0.498325    0.000000    0.000000    0.000000    0.000000    0.000000    0.000000
  -4.22141   46.472133    6.135843    0.091792    6.044051    0.505523    0.000000    0.000000    0.000000    0.000000    0.000000    0.000000
  -4.21541   46.882503    6.209739    0.093733    6.116006    0.512229    0.000000    0.000000    0.000000    0.000000    0.000000    0.000000
  -4.20940   47.266609    6.280453    0.095691    6.184762    0.518419    0.000000    0.000000    0.000000    0.000000    0.000000    0.000000
  -4.20340   47.621932    6.348302    0.097640    6.250661    0.524094    0.000000    0.000000    0.000000    0.000000    0.000000    0.000000
  -4.19740   47.947819    6.413732    0.099556    6.314177    0.529279    0.000000    0.000000    0.000000    0.000000    0.000000    0.000000
  -4.19140   48.245247    6.477276    0.101415    6.375862    0.534019    0.000000    0.000000    0.000000    0.000000    0.000000    0.000000
  -4.18540   48.516564    6.539505    0.103200    6.436305    0.538379    0.000000    0.000000    0.000000    0.000000    0.000000    0.000000
  -4.17939   48.765235    6.600986    0.104897    6.496089    0.542435    0.000000    0.000000    0.000000    0.000000    0.000000    0.000000
  -4.17339   48.995611    6.662259    0.106500    6.555759    0.546277    0.000000    0.000000    0.000000    0.000000    0.000000    0.000000
  -4.16739   49.212715    6.723809    0.108008    6.615801    0.550001    0.000000    0.000000    0.000000    0.000000    0.000000    0.000000
  -4.16139   49.422027    6.786062    0.109429    6.676633    0.553711    0.000000    0.000000    0.000000    0.000000    0.000000    0.000000
  -4.15539   49.629248    6.849377    0.110776    6.738601    0.557512    0.000000    0.000000    0.000000    0.000000    0.000000    0.000000
  -4.14938   49.840000    6.914047    0.112070    6.801977    0.561504    0.000000    0.000000    0.000000    0.000000    0.000000    0.000000
  -4.14338   50.059477    6.980293    0.113333    6.866959    0.565784    0.000000    0.000000    0.000000    0.000000    0.000000    0.000000
  -4.13738   50.292034    7.048256    0.114592    6.933664    0.570429    0.000000    0.000000    0.000000    0.000000    0.000000    0.000000
  -4.13138   50.540758    7.117988    0.115870    7.002118    0.575497    0.000000    0.000000    0.000000    0.000000    0.000000    0.000000
  -4.12538   50.807046    7.189437    0.117187    7.072250    0.581017    0.000000    0.000000    0.000000    0.000000    0.000000    0.000000
  -4.11937   51.090270    7.262434    0.118557    7.143877    0.586986    0.000000    0.000000    0.000000    0.000000    0.000000    0.000000
  -4.11337   51.387569    7.336691    0.119982    7.216709    0.593367    0.000000    0.000000    0.000000    0.000000    0.000000    0.000000
  -4.10737   51.693813    7.411811    0.121458    7.290353    0.600092    0.000000    0.000000    0.000000    0.000000    0.000000    0.000000
  -4.10137   52.001761    7.487305    0.122972    7.364332    0.607067    0.000000    0.000000    0.000000    0.000000    0.000000    0.000000
  -4.09537   52.302398    7.562618    0.124505    7.438113    0.614186    0.000000    0.000000    0.000000    0.000000    0.000000    0.000000
  -4.08936   52.585414    7.637166    0.126035    7.511131    0.621337    0.000000    0.000000    0.000000    0.000000    0.000000    0.000000
  -4.08336   52.839754    7.710352    0.127543    7.582809    0.628422    0.000000    0.000000    0.000000    0.000000    0.000000    0.000000
  -4.07736   53.054175    7.781580    0.129014    7.652566    0.635363    0.000000    0.000000    0.000000    0.000000    0.000000    0.000000
  -4.07136   53.217743    7.850238    0.130441    7.719797    0.642116    0.000000    0.000000    0.000000    0.000000    0.000000    0.000000
  -4.06536   53.320225    7.915675    0.131827    7.783848    0.648670    0.000000    0.000000    0.000000    0.000000    0.000000    0.000000
  -4.05935   53.352384    7.977152    0.133182    7.843970    0.655049    0.000000    0.000000    0.000000    0.000000    0.000000    0.000000
  -4.05335   53.306187    8.033810    0.134527    7.899283    0.661310    0.000000    0.000000    0.000000    0.000000    0.000000    0.000000
  -4.04735   53.174979    8.084647    0.135884    7.948764    0.667527    0.000000    0.000000    0.000000    0.000000    0.000000    0.000000
  -4.04135   52.953690    8.128534    0.137277    7.991257    0.673790    0.000000    0.000000    0.000000    0.000000    0.000000    0.000000
  -4.03535   52.639084    8.164269    0.138728    8.025541    0.680191    0.000000    0.000000    0.000000    0.000000    0.000000    0.000000
  -4.02934   52.230076    8.190675    0.140255    8.050420    0.686817    0.000000    0.000000    0.000000    0.000000    0.000000    0.000000
  -4.02334   51.728072    8.206724    0.141866    8.064858    0.693746    0.000000    0.000000    0.000000    0.000000    0.000000    0.000000
  -4.01734   51.137249    8.211670    0.143564    8.068105    0.701043    0.000000    0.000000    0.000000    0.000000    0.000000    0.000000
  -4.01134   50.464700    8.205152    0.145343    8.059809    0.708762    0.000000    0.000000    0.000000    0.000000    0.000000    0.000000
  -4.00534   49.720334    8.187263    0.147191    8.040073    0.716943    0.000000    0.000000    0.000000    0.000000    0.000000    0.000000
  -3.99933   48.916492    8.158533    0.149089    8.009445    0.725612    0.000000    0.000000    0.000000    0.000000    0.000000    0.000000
  -3.99333   48.067270    8.119851    0.151014    7.968837    0.734783    0.000000    0.000000    0.000000    0.000000    0.000000    0.000000
  -3.98733   47.187607    8.072315    0.152940    7.919375    0.744451    0.000000    0.000000    0.000000    0.000000    0.000000    0.000000
  -3.98133   46.292259    8.017046    0.154835    7.862211    0.754592    0.000000    0.000000    0.000000    0.000000    0.000000    0.000000
  -3.97533   45.394805    7.954990    0.156665    7.798325    0.765163    0.000000    0.000000    0.000000    0.000000    0.000000    0.000000
  -3.96932   44.506851    7.886764    0.158390    7.728374    0.776101    0.000000    0.000000    0.000000    0.000000    0.000000    0.000000
  -3.96332   43.637547    7.812562    0.159968    7.652594    0.787328    0.000000    0.000000    0.000000    0.000000    0.000000    0.000000
  -3.95732   42.793494    7.732157    0.161355    7.570802    0.798761    0.000000    0.000000    0.000000    0.000000    0.000000    0.000000
  -3.95132   41.979040    7.645001    0.162507    7.482494    0.810323    0.000000    0.000000    0.000000    0.000000    0.000000    0.000000
  -3.94532   41.196885    7.550403    0.163382    7.387021    0.821957    0.000000    0.000000    0.000000    0.000000    0.000000    0.000000
  -3.93931   40.448858    7.447762    0.163947    7.283815    0.833643    0.000000    0.000000    0.000000    0.000000    0.000000    0.000000
  -3.93331   39.736703    7.336805    0.164176    7.172629    0.845404    0.000000    0.000000    0.000000    0.000000    0.000000    0.000000
  -3.92731   39.062702    7.217791    0.164058    7.053733    0.857316    0.000000    0.000000    0.000000    0.000000    0.000000    0.000000
  -3.92131   38.430012    7.091637    0.163597    6.928041    0.869502    0.000000    0.000000    0.000000    0.000000    0.000000    0.000000
  -3.91531   37.842632    6.959935    0.162809    6.797126    0.882125    0.000000    0.000000    0.000000    0.000000    0.000000    0.000000
  -3.90930   37.305013    6.824863    0.161728    6.663135    0.895367    0.000000    0.000000    0.000000    0.000000    0.000000    0.000000
  -3.90330   36.821373    6.688990    0.160396    6.528594    0.909404    0.000000    0.000000    0.000000    0.000000    0.000000    0.000000
  -3.89730   36.394851    6.555013    0.158863    6.396150    0.924378    0.000000    0.000000    0.000000    0.000000    0.000000    0.000000
  -3.89130   36.026662    6.425463    0.157181    6.268283    0.940371    0.000000    0.000000    0.000000    0.000000    0.000000    0.000000
  -3.88530   35.715409    6.302428    0.155398    6.147030    0.957380    0.000000    0.000000    0.000000    0.000000    0.000000    0.000000
  -3.87929   35.456695    6.187338    0.153559    6.033779    0.975304    0.000000    0.000000    0.000000    0.000000    0.000000    0.000000
  -3.87329   35.243119    6.080843    0.151698    5.929145    0.993937    0.000000    0.000000    0.000000    0.000000    0.000000    0.000000
  -3.86729   35.064669    5.982797    0.149839    5.832958    1.012977    0.000000    0.000000    0.000000    0.000000    0.000000    0.000000
  -3.86129   34.909478    5.892361    0.148001    5.744360    1.032043    0.000000    0.000000    0.000000    0.000000    0.000000    0.000000
  -3.85529   34.764838    5.808183    0.146192    5.661992    1.050705    0.000000    0.000000    0.000000    0.000000    0.000000    0.000000
  -3.84928   34.618334    5.728651    0.144420    5.584230    1.068511    0.000000    0.000000    0.000000    0.000000    0.000000    0.000000
  -3.84328   34.458958    5.652158    0.142695    5.509463    1.085026    0.000000    0.000000    0.000000    0.000000    0.000000    0.000000
  -3.83728   34.278053    5.577363    0.141029    5.436334    1.099865    0.000000    0.000000    0.000000    0.000000    0.000000    0.000000
  -3.83128   34.070003    5.503392    0.139442    5.363950    1.112718    0.000000    0.000000    0.000000    0.000000    0.000000    0.000000
  -3.82528   33.832596    5.429981    0.137966    5.292015    1.123373    0.000000    0.000000    0.000000    0.000000    0.000000    0.000000
  -3.81927   33.567045    5.357521    0.136639    5.220881    1.131727    0.000000    0.000000    0.000000    0.000000    0.000000    0.000000
  -3.81327   33.277713    5.287035    0.135511    5.151523    1.137787    0.000000    0.000000    0.000000    0.000000    0.000000    0.000000
  -3.80727   32.971584    5.220073    0.134637    5.085435    1.141666    0.000000    0.000000    0.000000    0.000000    0.000000    0.000000
  -3.80127   32.657571    5.158557    0.134078    5.024479    1.143568    0.000000    0.000000    0.000000    0.000000    0.000000    0.000000
  -3.79527   32.345741    5.104593    0.133895    4.970698    1.143767    0.000000    0.000000    0.000000    0.000000    0.000000    0.000000
  -3.78926   32.046524    5.060263    0.134145    4.926118    1.142587    0.000000    0.000000    0.000000    0.000000    0.000000    0.000000
  -3.78326   31.769970    5.027434    0.134880    4.892554    1.140370    0.000000    0.000000    0.000000    0.000000    0.000000    0.000000
  -3.77726   31.525098    5.007581    0.136138    4.871442    1.137455    0.000000    0.000000    0.000000    0.000000    0.000000    0.000000
  -3.77126   31.319371    5.001653    0.137943    4.863710    1.134148    0.000000    0.000000    0.000000    0.000000    0.000000    0.000000
  -3.76526   31.158303    5.009979    0.140295    4.869684    1.130702    0.000000    0.000000    0.000000    0.000000    0.000000    0.000000
  -3.75925   31.045221    5.032224    0.143173    4.889050    1.127299    0.000000    0.000000    0.000000    0.000000    0.000000    0.000000
  -3.75325   30.981186    5.067403    0.146531    4.920872    1.124037    0.000000    0.000000    0.000000    0.000000    0.000000    0.000000
  -3.74725   30.965071    5.113943    0.150296    4.963647    1.120934    0.000000    0.000000    0.000000    0.000000    0.000000    0.000000
  -3.74125   30.993791    5.169794    0.154370    5.015424    1.117926    0.000000    0.000000    0.000000    0.000000    0.000000    0.000000
  -3.73525   31.062677    5.232581    0.158637    5.073944    1.114888    0.000000    0.000000    0.000000    0.000000    0.000000    0.000000
  -3.72924   31.165963    5.299782    0.162966    5.136816    1.111650    0.000000    0.000000    0.000000    0.000000    0.000000    0.000000
  -3.72324   31.297360    5.368927    0.167223    5.201704    1.108026    0.000000    0.000000    0.000000    0.000000    0.000000    0.000000
  -3.71724   31.450653    5.437778    0.171273    5.266505    1.103840    0.000000    0.000000    0.000000    0.000000    0.000000    0.000000
  -3.71124   31.620306    5.504511    0.174998    5.329513    1.098949    0.000000    0.000000    0.000000    0.000000    0.000000    0.000000
  -3.70524   31.801990    5.567842    0.178298    5.389544    1.093266    0.000000    0.000000    0.000000    0.000000    0.000000    0.000000
  -3.69923   31.993020    5.627121    0.181097    5.446025    1.086773    0.000000    0.000000    0.000000    0.000000    0.000000    0.000000
  -3.69323   32.192648    5.682376    0.183352    5.499025    1.079524    0.000000    0.000000    0.000000    0.000000    0.000000    0.000000
  -3.68723   32.402202    5.734300    0.185047    5.549253    1.071646    0.000000    0.000000    0.000000    0.000000    0.000000    0.000000
  -3.68123   32.625057    5.784202    0.186198    5.598003    1.063326    0.000000    0.000000    0.000000    0.000000    0.000000    0.000000
  -3.67523   32.866435    5.833916    0.186845    5.647072    1.054794    0.000000    0.000000    0.000000    0.000000    0.000000    0.000000
  -3.66922   33.133049    5.885695    0.187046    5.698648    1.046312    0.000000    0.000000    0.000000    0.000000    0.000000    0.000000
  -3.66322   33.432612    5.942070    0.186880    5.755190    1.038152    0.000000    0.000000    0.000000    0.000000    0.000000    0.000000
  -3.65722   33.773217    6.005721    0.186434    5.819288    1.030585    0.000000    0.000000    0.000000    0.000000    0.000000    0.000000
  -3.65122   34.162658    6.079325    0.185801    5.893523    1.023865    0.000000    0.000000    0.000000    0.000000    0.000000    0.000000
  -3.64522   34.607703    6.165412    0.185084    5.980328    1.018228    0.000000    0.000000    0.000000    0.000000    0.000000    0.000000
  -3.63921   35.113410    6.266226    0.184383    6.081843    1.013885    0.000000    0.000000    0.000000    0.000000    0.000000    0.000000
  -3.63321   35.682524    6.383585    0.183805    6.199780    1.011025    0.000000    0.000000    0.000000    0.000000    0.000000    0.000000
  -3.62721   36.315047    6.518764    0.183455    6.335309    1.009809    0.000000    0.000000    0.000000    0.000000    0.000000    0.000000
  -3.62121   37.008019    6.672399    0.183442    6.488957    1.010378    0.000000    0.000000    0.000000    0.000000    0.000000    0.000000
  -3.61521   37.755562    6.844426    0.183875    6.660552    1.012850    0.000000    0.000000    0.000000    0.000000    0.000000    0.000000
  -3.60920   38.549195    7.034074    0.184864    6.849210    1.017316    0.000000    0.000000    0.000000    0.000000    0.000000    0.000000
  -3.60320   39.378390    7.239902    0.186521    7.053381    1.023841    0.000000    0.000000    0.000000    0.000000    0.000000    0.000000
  -3.59720   40.231315    7.459905    0.188952    7.270953    1.032452    0.000000    0.000000    0.000000    0.000000    0.000000    0.000000
  -3.59120   41.095678    7.691661    0.192261    7.499401    1.043138    0.000000    0.000000    0.000000    0.000000    0.000000    0.000000
  -3.58520   41.959563    7.932527    0.196541    7.735985    1.055844    0.000000    0.000000    0.000000    0.000000    0.000000    0.000000
  -3.57919   42.812174    8.179839    0.201873    7.977966    1.070463    0.000000    0.000000    0.000000    0.000000    0.000000    0.000000
  -3.57319   43.644377    8.431111    0.208311    8.222800    1.086833    0.000000    0.000000    0.000000    0.000000    0.000000    0.000000
  -3.56719   44.449015    8.684195    0.215883    8.468312    1.104741    0.000000    0.000000    0.000000    0.000000    0.000000    0.000000
  -3.56119   45.220965    8.937368    0.224573    8.712795    1.123920    0.000000    0.000000    0.000000    0.000000    0.000000    0.000000
  -3.55519   45.956959    9.189355    0.234316    8.955039    1.144055    0.000000    0.000000    0.000000    0.000000    0.000000    0.000000
  -3.54918   46.655247    9.439254    0.244991    9.194264    1.164788    0.000000    0.000000    0.000000    0.000000    0.000000    0.000000
  -3.54318   47.315170    9.686392    0.256412    9.429980    1.185729    0.000000    0.000000    0.000000    0.000000    0.000000    0.000000
  -3.53718   47.936734    9.930123    0.268330    9.661793    1.206464    0.000000    0.000000    0.000000    0.000000    0.000000    0.000000
  -3.53118   48.520279   10.169606    0.280435    9.889170    1.226567    0.000000    0.000000    0.000000    0.000000    0.000000    0.000000
  -3.52518   49.066300   10.403601    0.292369   10.111232    1.245616    0.000000    0.000000    0.000000    0.000000    0.000000    0.000000
  -3.51917   49.575443   10.630316    0.303736   10.326580    1.263204    0.000000    0.000000    0.000000    0.000000    0.000000    0.000000
  -3.51317   50.048679   10.847344    0.314128   10.533215    1.278958    0.000000    0.000000    0.000000    0.000000    0.000000    0.000000
  -3.50717   50.487601   11.051704    0.323152   10.728552    1.292559    0.000000    0.000000    0.000000    0.000000    0.000000    0.000000
  -3.50117   50.894756   11.239991    0.330450   10.909541    1.303755    0.000000    0.000000    0.000000    0.000000    0.000000    0.000000
  -3.49517   51.273932   11.408622    0.335731   11.072891    1.312383    0.000000    0.000000    0.000000    0.000000    0.000000    0.000000
  -3.48916   51.630264   11.554142    0.338795   11.215348    1.318382    0.000000    0.000000    0.000000    0.000000    0.000000    0.000000
  -3.48316   51.970112   11.673557    0.339544   11.334013    1.321804    0.000000    0.000000    0.000000    0.000000    0.000000    0.000000
  -3.47716   52.300625   11.764638    0.337998   11.426640    1.322821    0.000000    0.000000    0.000000    0.000000    0.000000    0.000000
  -3.47116   52.629017   11.826172    0.334291   11.491881    1.321720    0.000000    0.000000    0.000000    0.000000    0.000000    0.000000
  -3.46516   52.961615   11.858106    0.328664   11.529441    1.318895    0.000000    0.000000    0.000000    0.000000    0.000000    0.000000
  -3.45915   53.302789   11.861583    0.321446   11.540137    1.314827    0.000000    0.000000    0.000000    0.000000    0.000000    0.000000
  -3.45315   53.653932   11.838871    0.313030   11.525842    1.310063    0.000000    0.000000    0.000000    0.000000    0.000000    0.000000
  -3.44715   54.012666   11.793187    0.303845   11.489342    1.305180    0.000000    0.000000    0.000000    0.000000    0.000000    0.000000
  -3.44115   54.372435   11.728453    0.294327   11.434126    1.300760    0.000000    0.000000    0.000000    0.000000    0.000000    0.000000
  -3.43515   54.722611   11.649025    0.284889   11.364136    1.297353    0.000000    0.000000    0.000000    0.000000    0.000000    0.000000
  -3.42914   55.049151   11.559406    0.275900   11.283506    1.295448    0.000000    0.000000    0.000000    0.000000    0.000000    0.000000
  -3.42314   55.335769   11.463990    0.267663   11.196327    1.295451    0.000000    0.000000    0.000000    0.000000    0.000000    0.000000
  -3.41714   55.565509   11.366855    0.260407   11.106447    1.297662    0.000000    0.000000    0.000000    0.000000    0.000000    0.000000
  -3.41114   55.722521   11.271599    0.254282   11.017317    1.302268    0.000000    0.000000    0.000000    0.000000    0.000000    0.000000
  -3.40514   55.793810   11.181247    0.249359   10.931888    1.309333    0.000000    0.000000    0.000000    0.000000    0.000000    0.000000
  -3.39913   55.770736   11.098197    0.245641   10.852556    1.318802    0.000000    0.000000    0.000000    0.000000    0.000000    0.000000
  -3.39313   55.650064   11.024214    0.243071   10.781143    1.330509    0.000000    0.000000    0.000000    0.000000    0.000000    0.000000
  -3.38713   55.434445   10.960455    0.241548   10.718907    1.344188    0.000000    0.000000    0.000000    0.000000    0.000000    0.000000
  -3.38113   55.132268   10.907513    0.240939   10.666573    1.359497    0.000000    0.000000    0.000000    0.000000    0.000000    0.000000
  -3.37513   54.756940   10.865472    0.241094   10.624378    1.376033    0.000000    0.000000    0.000000    0.000000    0.000000    0.000000
  -3.36912   54.325705   10.833974    0.241857   10.592117    1.393360    0.000000    0.000000    0.000000    0.000000    0.000000    0.000000
  -3.36312   53.858157   10.812278    0.243079   10.569199    1.411037    0.000000    0.000000    0.000000    0.000000    0.000000    0.000000
  -3.35712   53.374641   10.799319    0.244623   10.554696    1.428636    0.000000    0.000000    0.000000    0.000000    0.000000    0.000000
  -3.35112   52.894711   10.793761    0.246373   10.547388    1.445769    0.000000    0.000000    0.000000    0.000000    0.000000    0.000000
  -3.34512   52.435780   10.794046    0.248237   10.545809    1.462101    0.000000    0.000000    0.000000    0.000000    0.000000    0.000000
  -3.33911   52.012069   10.798427    0.250146   10.548281    1.477366    0.000000    0.000000    0.000000    0.000000    0.000000    0.000000
  -3.33311   51.633885   10.805009    0.252058   10.552951    1.491367    0.000000    0.000000    0.000000    0.000000    0.000000    0.000000
  -3.32711   51.307253   10.811786    0.253952   10.557834    1.503979    0.000000    0.000000    0.000000    0.000000    0.000000    0.000000
  -3.32111   51.033860   10.816686    0.255824   10.560862    1.515140    0.000000    0.000000    0.000000    0.000000    0.000000    0.000000
  -3.31511   50.811286   10.817629    0.257689   10.559940    1.524848    0.000000    0.000000    0.000000    0.000000    0.000000    0.000000
  -3.30910   50.633475   10.812601    0.259570   10.553031    1.533147    0.000000    0.000000    0.000000    0.000000    0.000000    0.000000
  -3.30310   50.491400   10.799751    0.261498   10.538253    1.540125    0.000000    0.000000    0.000000    0.000000    0.000000    0.000000
  -3.29710   50.373884   10.777503    0.263510   10.513992    1.545903    0.000000    0.000000    0.000000    0.000000    0.000000    0.000000
  -3.29110   50.268527   10.744667    0.265644   10.479023    1.550636    0.000000    0.000000    0.000000    0.000000    0.000000    0.000000
  -3.28510   50.162690   10.700566    0.267940   10.432627    1.554511    0.000000    0.000000    0.000000    0.000000    0.000000    0.000000
  -3.27909   50.044456   10.645121    0.270434   10.374687    1.557751    0.000000    0.000000    0.000000    0.000000    0.000000    0.000000
  -3.27309   49.903506   10.578917    0.273165   10.305752    1.560609    0.000000    0.000000    0.000000    0.000000    0.000000    0.000000
  -3.26709   49.731814   10.503207    0.276161   10.227046    1.563366    0.000000    0.000000    0.000000    0.000000    0.000000    0.000000
  -3.26109   49.524097   10.419865    0.279447   10.140418    1.566323    0.000000    0.000000    0.000000    0.000000    0.000000    0.000000
  -3.25509   49.277978   10.331264    0.283033   10.048230    1.569786    0.000000    0.000000    0.000000    0.000000    0.000000    0.000000
  -3.24908   48.993837   10.240107    0.286917    9.953191    1.574042    0.000000    0.000000    0.000000    0.000000    0.000000    0.000000
  -3.24308   48.674397   10.149215    0.291075    9.858140    1.579343    0.000000    0.000000    0.000000    0.000000    0.000000    0.000000
  -3.23708   48.324105   10.061288    0.295463    9.765825    1.585878    0.000000    0.000000    0.000000    0.000000    0.000000    0.000000
  -3.23108   47.948417    9.978686    0.300018    9.678668    1.593760    0.000000    0.000000    0.000000    0.000000    0.000000    0.000000
  -3.22508   47.553099    9.903233    0.304656    9.598577    1.603012    0.000000    0.000000    0.000000    0.000000    0.000000    0.000000
  -3.21907   47.143642    9.836084    0.309279    9.526805    1.613568    0.000000    0.000000    0.000000    0.000000    0.000000    0.000000
  -3.21307   46.724865    9.777659    0.313781    9.463877    1.625278    0.000000    0.000000    0.000000    0.000000    0.000000    0.000000
  -3.20707   46.300739    9.727649    0.318060    9.409589    1.637927    0.000000    0.000000    0.000000    0.000000    0.000000    0.000000
  -3.20107   45.874407    9.685089    0.322018    9.363070    1.651260    0.000000    0.000000    0.000000    0.000000    0.000000    0.000000
  -3.19507   45.448338    9.648480    0.325579    9.322901    1.665001    0.000000    0.000000    0.000000    0.000000    0.000000    0.000000
  -3.18906   45.024536    9.615941    0.328686    9.287255    1.678880    0.000000    0.000000    0.000000    0.000000    0.000000    0.000000
  -3.18306   44.604718    9.585361    0.331309    9.254052    1.692647    0.000000    0.000000    0.000000    0.000000    0.000000    0.000000
  -3.17706   44.190386    9.554544    0.333445    9.221099    1.706079    0.000000    0.000000    0.000000    0.000000    0.000000    0.000000
  -3.17106   43.782766    9.521320    0.335113    9.186207    1.718977    0.000000    0.000000    0.000000    0.000000    0.000000    0.000000
  -3.16506   43.382625    9.483624    0.336351    9.147273    1.731162    0.000000    0.000000    0.000000    0.000000    0.000000    0.000000
  -3.15905   42.990010    9.439545    0.337210    9.102335    1.742456    0.000000    0.000000    0.000000    0.000000    0.000000    0.000000
  -3.15305   42.603993    9.387348    0.337747    9.049601    1.752674    0.000000    0.000000    0.000000    0.000000    0.000000    0.000000
  -3.14705   42.222496    9.325487    0.338014    8.987473    1.761610    0.000000    0.000000    0.000000    0.000000    0.000000    0.000000
  -3.14105   41.842291    9.252619    0.338056    8.914563    1.769038    0.000000    0.000000    0.000000    0.000000    0.000000    0.000000
  -3.13505   41.459192    9.167640    0.337902    8.829739    1.774718    0.000000    0.000000    0.000000    0.000000    0.000000    0.000000
  -3.12904   41.068475    9.069728    0.337561    8.732168    1.778413    0.000000    0.000000    0.000000    0.000000    0.000000    0.000000
  -3.12304   40.665469    8.958421    0.337023    8.621398    1.779914    0.000000    0.000000    0.000000    0.000000    0.000000    0.000000
  -3.11704   40.246260    8.833700    0.336256    8.497444    1.779073    0.000000    0.000000    0.000000    0.000000    0.000000    0.000000
  -3.11104   39.808415    8.696086    0.335212    8.360874    1.775833    0.000000    0.000000    0.000000    0.000000    0.000000    0.000000
  -3.10504   39.351615    8.546721    0.333829    8.212892    1.770259    0.000000    0.000000    0.000000    0.000000    0.000000    0.000000
  -3.09903   38.878122    8.387429    0.332045    8.055384    1.762560    0.000000    0.000000    0.000000    0.000000    0.000000    0.000000
  -3.09303   38.392992    8.220735    0.329801    7.890933    1.753104    0.000000    0.000000    0.000000    0.000000    0.000000    0.000000
  -3.08703   37.904009    8.049831    0.327058    7.722774    1.742407    0.000000    0.000000    0.000000    0.000000    0.000000    0.000000
  -3.08103   37.421329    7.878496    0.323799    7.554697    1.731125    0.000000    0.000000    0.000000    0.000000    0.000000    0.000000
  -3.07503   36.956859    7.710942    0.320044    7.390899    1.720015    0.000000    0.000000    0.000000    0.000000    0.000000    0.000000
  -3.06902   36.523436    7.551628    0.315848    7.235780    1.709891    0.000000    0.000000    0.000000    0.000000    0.000000    0.000000
  -3.06302   36.133865    7.405019    0.311307    7.093712    1.701572    0.000000    0.000000    0.000000    0.000000    0.000000    0.000000
  -3.05702   35.799921    7.275337    0.306547    6.968790    1.695819    0.000000    0.000000    0.000000    0.000000    0.000000    0.000000
  -3.05102   35.531388    7.166297    0.301723    6.864574    1.693282    0.000000    0.000000    0.000000    0.000000    0.000000    0.000000
  -3.04502   35.335226    7.080873    0.297003    6.783870    1.694447    0.000000    0.000000    0.000000    0.000000    0.000000    0.000000
  -3.03901   35.214946    7.021088    0.292557    6.728532    1.699602    0.000000    0.000000    0.000000    0.000000    0.000000    0.000000
  -3.03301   35.170234    6.987877    0.288544    6.699332    1.708812    0.000000    0.000000    0.000000    0.000000    0.000000    0.000000
  -3.02701   35.196896    6.981002    0.285106    6.695896    1.721919    0.000000    0.000000    0.000000    0.000000    0.000000    0.000000
  -3.02101   35.287109    6.999067    0.282355    6.716713    1.738566    0.000000    0.000000    0.000000    0.000000    0.000000    0.000000
  -3.01501   35.429999    7.039601    0.280373    6.759229    1.758226    0.000000    0.000000    0.000000    0.000000    0.000000    0.000000
  -3.00900   35.612493    7.099232    0.279211    6.820021    1.780266    0.000000    0.000000    0.000000    0.000000    0.000000    0.000000
  -3.00300   35.820382    7.173931    0.278897    6.895034    1.804000    0.000000    0.000000    0.000000    0.000000    0.000000    0.000000
  -2.99700   36.039507    7.259308    0.279437    6.979872    1.828760    0.000000    0.000000    0.000000    0.000000    0.000000    0.000000
  -2.99100   36.256943    7.350940    0.280824    7.070116    1.853957    0.000000    0.000000    0.000000    0.000000    0.000000    0.000000
  -2.98499   36.462068    7.444693    0.283049    7.161643    1.879123    0.000000    0.000000    0.000000    0.000000    0.000000    0.000000
  -2.97899   36.647375    7.537009    0.286098    7.250912    1.903948    0.000000    0.000000    0.000000    0.000000    0.000000    0.000000
  -2.97299   36.808948    7.625137    0.289958    7.335180    1.928282    0.000000    0.000000    0.000000    0.000000    0.000000    0.000000
  -2.96699   36.946516    7.707257    0.294614    7.412643    1.952125    0.000000    0.000000    0.000000    0.000000    0.000000    0.000000
  -2.96099   37.063084    7.782504    0.300042    7.482463    1.975585    0.000000    0.000000    0.000000    0.000000    0.000000    0.000000
  -2.95498   37.164172    7.850883    0.306203    7.544680    1.998827    0.000000    0.000000    0.000000    0.000000    0.000000    0.000000
  -2.94898   37.256750    7.913072    0.313035    7.600037    2.022013    0.000000    0.000000    0.000000    0.000000    0.000000    0.000000
  -2.94298   37.348018    7.970160    0.320441    7.649719    2.045238    0.000000    0.000000    0.000000    0.000000    0.000000    0.000000
  -2.93698   37.444164    8.023338    0.328289    7.695049    2.068475    0.000000    0.000000    0.000000    0.000000    0.000000    0.000000
  -2.93098   37.549303    8.073597    0.336407    7.737190    2.091535    0.000000    0.000000    0.000000    0.000000    0.000000    0.000000
  -2.92497   37.664707    8.121470    0.344586    7.776884    2.114054    0.000000    0.000000    0.000000    0.000000    0.000000    0.000000
  -2.91897   37.788468    8.166872    0.352594    7.814278    2.135497    0.000000    0.000000    0.000000    0.000000    0.000000    0.000000
  -2.91297   37.915639    8.209039    0.360184    7.848855    2.155195    0.000000    0.000000    0.000000    0.000000    0.000000    0.000000
  -2.90697   38.038856    8.246609    0.367115    7.879494    2.172402    0.000000    0.000000    0.000000    0.000000    0.000000    0.000000
  -2.90097   38.149366    8.277815    0.373168    7.904647    2.186369    0.000000    0.000000    0.000000    0.000000    0.000000    0.000000
  -2.89496   38.238351    8.300778    0.378167    7.922611    2.196427    0.000000    0.000000    0.000000    0.000000    0.000000    0.000000
  -2.88896   38.298367    8.313853    0.381993    7.931860    2.202076    0.000000    0.000000    0.000000    0.000000    0.000000    0.000000
  -2.88296   38.324728    8.315985    0.384594    7.931391    2.203057    0.000000    0.000000    0.000000    0.000000    0.000000    0.000000
  -2.87696   38.316630    8.307018    0.385994    7.921024    2.199407    0.000000    0.000000    0.000000    0.000000    0.000000    0.000000
  -2.87096   38.277876    8.287910    0.386287    7.901623    2.191491    0.000000    0.000000    0.000000    0.000000    0.000000    0.000000
  -2.86495   38.217088    8.260826    0.385630    7.875196    2.179999    0.000000    0.000000    0.000000    0.000000    0.000000    0.000000
  -2.85895   38.147361    8.229080    0.384232    7.844848    2.165908    0.000000    0.000000    0.000000    0.000000    0.000000    0.000000
  -2.85295   38.085396    8.196934    0.382332    7.814601    2.150418    0.000000    0.000000    0.000000    0.000000    0.000000    0.000000
  -2.84695   38.050215    8.169273    0.380184    7.789089    2.134859    0.000000    0.000000    0.000000    0.000000    0.000000    0.000000
  -2.84095   38.061594    8.151201    0.378033    7.773168    2.120584    0.000000    0.000000    0.000000    0.000000    0.000000    0.000000
  -2.83494   38.138408    8.147588    0.376099    7.771489    2.108859    0.000000    0.000000    0.000000    0.000000    0.000000    0.000000
  -2.82894   38.297067    8.162643    0.374566    7.788077    2.100755    0.000000    0.000000    0.000000    0.000000    0.000000    0.000000
  -2.82294   38.550205    8.199538    0.373569    7.825969    2.097067    0.000000    0.000000    0.000000    0.000000    0.000000    0.000000
  -2.81694   38.905737    8.260151    0.373194    7.886957    2.098247    0.000000    0.000000    0.000000    0.000000    0.000000    0.000000
  -2.81094   39.366349    8.344921    0.373476    7.971445    2.104382    0.000000    0.000000    0.000000    0.000000    0.000000    0.000000
  -2.80493   39.929420    8.452866    0.374410    8.078456    2.115201    0.000000    0.000000    0.000000    0.000000    0.000000    0.000000
  -2.79893   40.587341    8.581718    0.375959    8.205760    2.130110    0.000000    0.000000    0.000000    0.000000    0.000000    0.000000
  -2.79293   41.328135    8.728187    0.378064    8.350123    2.148262    0.000000    0.000000    0.000000    0.000000    0.000000    0.000000
  -2.78693   42.136295    8.888306    0.380662    8.507643    2.168645    0.000000    0.000000    0.000000    0.000000    0.000000    0.000000
  -2.78093   42.993728    9.057821    0.383698    8.674123    2.190179    0.000000    0.000000    0.000000    0.000000    0.000000    0.000000
  -2.77492   43.880730    9.232586    0.387131    8.845455    2.211817    0.000000    0.000000    0.000000    0.000000    0.000000    0.000000
  -2.76892   44.776931    9.408912    0.390947    9.017965    2.232631    0.000000    0.000000    0.000000    0.000000    0.000000    0.000000
  -2.76292   45.662155    9.583840    0.395160    9.188680    2.251889    0.000000    0.000000    0.000000    0.000000    0.000000    0.000000
  -2.75692   46.517203    9.755312    0.399808    9.355504    2.269109    0.000000    0.000000    0.000000    0.000000    0.000000    0.000000
  -2.75092   47.324532    9.922217    0.404954    9.517263    2.284079    0.000000    0.000000    0.000000    0.000000    0.000000    0.000000
  -2.74491   48.068844   10.084323    0.410673    9.673650    2.296862    0.000000    0.000000    0.000000    0.000000    0.000000    0.000000
  -2.73891   48.737582   10.242099    0.417046    9.825053    2.307773    0.000000    0.000000    0.000000    0.000000    0.000000    0.000000
  -2.73291   49.321336   10.396475    0.424151    9.972323    2.317336    0.000000    0.000000    0.000000    0.000000    0.000000    0.000000
  -2.72691   49.814139   10.548556    0.432054   10.116502    2.326240    0.000000    0.000000    0.000000    0.000000    0.000000    0.000000
  -2.72091   50.213640   10.699360    0.440806   10.258554    2.335278    0.000000    0.000000    0.000000    0.000000    0.000000    0.000000
  -2.71490   50.521140   10.849592    0.450440   10.399152    2.345296    0.000000    0.000000    0.000000    0.000000    0.000000    0.000000
  -2.70890   50.741453   10.999508    0.460970   10.538537    2.357148    0.000000    0.000000    0.000000    0.000000    0.000000    0.000000
  -2.70290   50.882586   11.148869    0.472400   10.676470    2.371657    0.000000    0.000000    0.000000    0.000000    0.000000    0.000000
  -2.69690   50.955220   11.296987    0.484717   10.812270    2.389584    0.000000    0.000000    0.000000    0.000000    0.000000    0.000000
  -2.69090   50.971999   11.442834    0.497900   10.944934    2.411606    0.000000    0.000000    0.000000    0.000000    0.000000    0.000000
  -2.68489   50.946637   11.585197    0.511914   11.073282    2.438291    0.000000    0.000000    0.000000    0.000000    0.000000    0.000000
  -2.67889   50.892910   11.722822    0.526707   11.196114    2.470075    0.000000    0.000000    0.000000    0.000000    0.000000    0.000000
  -2.67289   50.823583   11.854531    0.542200   11.312331    2.507233    0.000000    0.000000    0.000000    0.000000    0.000000    0.000000
  -2.66689   50.749371   11.979275    0.558277   11.420998    2.549848    0.000000    0.000000    0.000000    0.000000    0.000000    0.000000
  -2.66089   50.678055   12.096125    0.574775   11.521350    2.597780    0.000000    0.000000    0.000000    0.000000    0.000000    0.000000
  -2.65488   50.613851   12.204209    0.591479   11.612730    2.650632    0.000000    0.000000    0.000000    0.000000    0.000000    0.000000
  -2.64888   50.557117   12.302619    0.608115   11.694504    2.707744    0.000000    0.000000    0.000000    0.000000    0.000000    0.000000
  -2.64288   50.504488   12.390317    0.624360   11.765957    2.768182    0.000000    0.000000    0.000000    0.000000    0.000000    0.000000
  -2.63688   50.449405   12.466080    0.639853   11.826228    2.830774    0.000000    0.000000    0.000000    0.000000    0.000000    0.000000
  -2.63088   50.383035   12.528494    0.654213   11.874281    2.894154    0.000000    0.000000    0.000000    0.000000    0.000000    0.000000
  -2.62487   50.295452   12.576021    0.667071   11.908950    2.956843    0.000000    0.000000    0.000000    0.000000    0.000000    0.000000
  -2.61887   50.176946   12.607123    0.678094   11.929029    3.017346    0.000000    0.000000    0.000000    0.000000    0.000000    0.000000
  -2.61287   50.019316   12.620435    0.687019   11.933416    3.074258    0.000000    0.000000    0.000000    0.000000    0.000000    0.000000
  -2.60687   49.816964   12.614951    0.693673   11.921277    3.126376    0.000000    0.000000    0.000000    0.000000    0.000000    0.000000
  -2.60087   49.567703   12.590201    0.697996   11.892205    3.172793    0.000000    0.000000    0.000000    0.000000    0.000000    0.000000
  -2.59486   49.273163   12.546391    0.700045   11.846346    3.212970    0.000000    0.000000    0.000000    0.000000    0.000000    0.000000
  -2.58886   48.938811   12.484475    0.699992   11.784483    3.246779    0.000000    0.000000    0.000000    0.000000    0.000000    0.000000
  -2.58286   48.573586   12.406175    0.698116   11.708059    3.274505    0.000000    0.000000    0.000000    0.000000    0.000000    0.000000
  -2.57686   48.189250   12.313921    0.694778   11.619143    3.296809    0.000000    0.000000    0.000000    0.000000    0.000000    0.000000
  -2.57086   47.799536   12.210741    0.690398   11.520344    3.314662    0.000000    0.000000    0.000000    0.000000    0.000000    0.000000
  -2.56485   47.419222   12.100106    0.685423   11.414683    3.329248    0.000000    0.000000    0.000000    0.000000    0.000000    0.000000
  -2.55885   47.063212   11.985748    0.680302   11.305446    3.341858    0.000000    0.000000    0.000000    0.000000    0.000000    0.000000
  -2.55285   46.745726   11.871472    0.675460   11.196012    3.353772    0.000000    0.000000    0.000000    0.000000    0.000000    0.000000
  -2.54685   46.479625   11.760967    0.671277   11.089690    3.366166    0.000000    0.000000    0.000000    0.000000    0.000000    0.000000
  -2.54085   46.275917   11.657635    0.668072   10.989562    3.380014    0.000000    0.000000    0.000000    0.000000    0.000000    0.000000
  -2.53484   46.143412   11.564439    0.666100   10.898339    3.396033    0.000000    0.000000    0.000000    0.000000    0.000000    0.000000
  -2.52884   46.088496   11.483778    0.665542   10.818236    3.414643    0.000000    0.000000    0.000000    0.000000    0.000000    0.000000
  -2.52284   46.114994   11.417375    0.666506   10.750869    3.435946    0.000000    0.000000    0.000000    0.000000    0.000000    0.000000
  -2.51684   46.224047   11.366198    0.669027   10.697171    3.459735    0.000000    0.000000    0.000000    0.000000    0.000000    0.000000
  -2.51084   46.413982   11.330393    0.673066   10.657327    3.485505    0.000000    0.000000    0.000000    0.000000    0.000000    0.000000
  -2.50483   46.680151   11.309240    0.678509   10.630731    3.512479    0.000000    0.000000    0.000000    0.000000    0.000000    0.000000
  -2.49883   47.014749   11.301138    0.685166   10.615971    3.539642    0.000000    0.000000    0.000000    0.000000    0.000000    0.000000
  -2.49283   47.406657   11.303621    0.692774   10.610847    3.565779    0.000000    0.000000    0.000000    0.000000    0.000000    0.000000
  -2.48683   47.841387   11.313415    0.700993   10.612422    3.589524    0.000000    0.000000    0.000000    0.000000    0.000000    0.000000
  -2.48083   48.301218   11.326552    0.709423   10.617129    3.609425    0.000000    0.000000    0.000000    0.000000    0.000000    0.000000
  -2.47482   48.765602   11.338544    0.717616   10.620928    3.624024    0.000000    0.000000    0.000000    0.000000    0.000000    0.000000
  -2.46882   49.211923   11.344623    0.725100   10.619523    3.631949    0.000000    0.000000    0.000000    0.000000    0.000000    0.000000
  -2.46282   49.616611   11.340032    0.731409   10.608624    3.632029    0.000000    0.000000    0.000000    0.000000    0.000000    0.000000
  -2.45682   49.956585   11.320363    0.736117   10.584246    3.623400    0.000000    0.000000    0.000000    0.000000    0.000000    0.000000
  -2.45082   50.210920   11.281902    0.738879   10.543023    3.605614    0.000000    0.000000    0.000000    0.000000    0.000000    0.000000
  -2.44481   50.362574   11.221952    0.739458   10.482495    3.578725    0.000000    0.000000    0.000000    0.000000    0.000000    0.000000
  -2.43881   50.399996   11.139103    0.737750   10.401354    3.543334    0.000000    0.000000    0.000000    0.000000    0.000000    0.000000
  -2.43281   50.318400   11.033400    0.733799   10.299601    3.500595    0.000000    0.000000    0.000000    0.000000    0.000000    0.000000
  -2.42681   50.120531   10.906401    0.727796   10.178604    3.452170    0.000000    0.000000    0.000000    0.000000    0.000000    0.000000
  -2.42081   49.816791   10.761096    0.720062   10.041033    3.400136    0.000000    0.000000    0.000000    0.000000    0.000000    0.000000
  -2.41480   49.424683   10.601703    0.711020    9.890684    3.346851    0.000000    0.000000    0.000000    0.000000    0.000000    0.000000
  -2.40880   48.967588   10.433357    0.701158    9.732199    3.294800    0.000000    0.000000    0.000000    0.000000    0.000000    0.000000
  -2.40280   48.473020   10.261710    0.690993    9.570717    3.246429    0.000000    0.000000    0.000000    0.000000    0.000000    0.000000
  -2.39680   47.970505   10.092510    0.681025    9.411485    3.203999    0.000000    0.000000    0.000000    0.000000    0.000000    0.000000
  -2.39080   47.489345    9.931176    0.671709    9.259467    3.169464    0.000000    0.000000    0.000000    0.000000    0.000000    0.000000
  -2.38479   47.056476    9.782433    0.663429    9.119004    3.144387    0.000000    0.000000    0.000000    0.000000    0.000000    0.000000
  -2.37879   46.694651    9.650020    0.656485    8.993536    3.129908    0.000000    0.000000    0.000000    0.000000    0.000000    0.000000
  -2.37279   46.421097    9.536515    0.651095    8.885421    3.126750    0.000000    0.000000    0.000000    0.000000    0.000000    0.000000
  -2.36679   46.246752    9.443261    0.647401    8.795860    3.135260    0.000000    0.000000    0.000000    0.000000    0.000000    0.000000
  -2.36079   46.176087    9.370404    0.645484    8.724920    3.155472    0.000000    0.000000    0.000000    0.000000    0.000000    0.000000
  -2.35478   46.207477    9.317025    0.645380    8.671644    3.187178    0.000000    0.000000    0.000000    0.000000    0.000000    0.000000
  -2.34878   46.333992    9.281323    0.647095    8.634228    3.229986    0.000000    0.000000    0.000000    0.000000    0.000000    0.000000
  -2.34278   46.544476    9.260846    0.650611    8.610235    3.283372    0.000000    0.000000    0.000000    0.000000    0.000000    0.000000
  -2.33678   46.824767    9.252719    0.655892    8.596826    3.346695    0.000000    0.000000    0.000000    0.000000    0.000000    0.000000
  -2.33078   47.158894    9.253859    0.662878    8.590981    3.419202    0.000000    0.000000    0.000000    0.000000    0.000000    0.000000
  -2.32477   47.530174    9.261161    0.671476    8.589685    3.500006    0.000000    0.000000    0.000000    0.000000    0.000000    0.000000
  -2.31877   47.922130    9.271643    0.681551    8.590093    3.588075    0.000000    0.000000    0.000000    0.000000    0.000000    0.000000
  -2.31277   48.319198    9.282560    0.692915    8.589645    3.682211    0.000000    0.000000    0.000000    0.000000    0.000000    0.000000
  -2.30677   48.707260    9.291485    0.705331    8.586154    3.781065    0.000000    0.000000    0.000000    0.000000    0.000000    0.000000
  -2.30077   49.074011    9.296376    0.718514    8.577862    3.883169    0.000000    0.000000    0.000000    0.000000    0.000000    0.000000
  -2.29476   49.409207    9.295635    0.732151    8.563485    3.987001    0.000000    0.000000    0.000000    0.000000    0.000000    0.000000
  -2.28876   49.704844    9.288159    0.745922    8.542237    4.091079    0.000000    0.000000    0.000000    0.000000    0.000000    0.000000
  -2.28276   49.955257    9.273384    0.759534    8.513850    4.194055    0.000000    0.000000    0.000000    0.000000    0.000000    0.000000
  -2.27676   50.157163    9.251324    0.772753    8.478571    4.294818    0.000000    0.000000    0.000000    0.000000    0.000000    0.000000
  -2.27076   50.309626    9.222575    0.785429    8.437145    4.392567    0.000000    0.000000    0.000000    0.000000    0.000000    0.000000
  -2.26475   50.413927    9.188294    0.797521    8.390773    4.486851    0.000000    0.000000    0.000000    0.000000    0.000000    0.000000
  -2.25875   50.473306    9.150124    0.809101    8.341024    4.577560    0.000000    0.000000    0.000000    0.000000    0.000000    0.000000
  -2.25275   50.492602    9.110071    0.820345    8.289726    4.664867    0.000000    0.000000    0.000000    0.000000    0.000000    0.000000
  -2.24675   50.477770    9.070327    0.831515    8.238812    4.749127    0.000000    0.000000    0.000000    0.000000    0.000000    0.000000
  -2.24075   50.435334    9.033066    0.842919    8.190147    4.830752    0.000000    0.000000    0.000000    0.000000    0.000000    0.000000
  -2.23474   50.371812    9.000211    0.854866    8.145345    4.910075    0.000000    0.000000    0.000000    0.000000    0.000000    0.000000
  -2.22874   50.293182    8.973217    0.867620    8.105597    4.987234    0.000000    0.000000    0.000000    0.000000    0.000000    0.000000
  -2.22274   50.204451    8.952881    0.881355    8.071525    5.062096    0.000000    0.000000    0.000000    0.000000    0.000000    0.000000
  -2.21674   50.109367    8.939216    0.896122    8.043094    5.134225    0.000000    0.000000    0.000000    0.000000    0.000000    0.000000
  -2.21074   50.010316    8.931402    0.911829    8.019573    5.202916    0.000000    0.000000    0.000000    0.000000    0.000000    0.000000
  -2.20473   49.908401    8.927819    0.928243    7.999576    5.267284    0.000000    0.000000    0.000000    0.000000    0.000000    0.000000
  -2.19873   49.803676    8.926175    0.945012    7.981163    5.326390    0.000000    0.000000    0.000000    0.000000    0.000000    0.000000
  -2.19273   49.695505    8.923699    0.961700    7.961999    5.379398    0.000000    0.000000    0.000000    0.000000    0.000000    0.000000
  -2.18673   49.582965    8.917396    0.977842    7.939554    5.425728    0.000000    0.000000    0.000000    0.000000    0.000000    0.000000
  -2.18073   49.465249    8.904319    0.992999    7.911320    5.465191    0.000000    0.000000    0.000000    0.000000    0.000000    0.000000
  -2.17472   49.342004    8.881838    1.006818    7.875020    5.498089    0.000000    0.000000    0.000000    0.000000    0.000000    0.000000
  -2.16872   49.213565    8.847878    1.019080    7.828798    5.525258    0.000000    0.000000    0.000000    0.000000    0.000000    0.000000
  -2.16272   49.081073    8.801092    1.029733    7.771360    5.548069    0.000000    0.000000    0.000000    0.000000    0.000000    0.000000
  -2.15672   48.946476    8.740957    1.038903    7.702054    5.568364    0.000000    0.000000    0.000000    0.000000    0.000000    0.000000
  -2.15072   48.812424    8.667791    1.046894    7.620898    5.588359    0.000000    0.000000    0.000000    0.000000    0.000000    0.000000
  -2.14471   48.682091    8.582683    1.054148    7.528535    5.610516    0.000000    0.000000    0.000000    0.000000    0.000000    0.000000
  -2.13871   48.558949    8.487352    1.061206    7.426146    5.637390    0.000000    0.000000    0.000000    0.000000    0.000000    0.000000
  -2.13271   48.446508    8.383963    1.068648    7.315315    5.671475    0.000000    0.000000    0.000000    0.000000    0.000000    0.000000
  -2.12671   48.348033    8.274903    1.077031    7.197872    5.715050    0.000000    0.000000    0.000000    0.000000    0.000000    0.000000
  -2.12071   48.266255    8.162561    1.086831    7.075730    5.770040    0.000000    0.000000    0.000000    0.000000    0.000000    0.000000
  -2.11470   48.203079    8.049126    1.098398    6.950727    5.837894    0.000000    0.000000    0.000000    0.000000    0.000000    0.000000
  -2.10870   48.159296    7.936427    1.111928    6.824500    5.919487    0.000000    0.000000    0.000000    0.000000    0.000000    0.000000
  -2.10270   48.134337    7.825832    1.127450    6.698382    6.015058    0.000000    0.000000    0.000000    0.000000    0.000000    0.000000
  -2.09670   48.126087    7.718198    1.144841    6.573356    6.124180    0.000000    0.000000    0.000000    0.000000    0.000000    0.000000
  -2.09070   48.130817    7.613896    1.163858    6.450038    6.245773    0.000000    0.000000    0.000000    0.000000    0.000000    0.000000
  -2.08469   48.143251    7.512881    1.184180    6.328702    6.378171    0.000000    0.000000    0.000000    0.000000    0.000000    0.000000
  -2.07869   48.156805    7.414804    1.205464    6.209340    6.519222    0.000000    0.000000    0.000000    0.000000    0.000000    0.000000
  -2.07269   48.164000    7.319139    1.227403    6.091736    6.666445    0.000000    0.000000    0.000000    0.000000    0.000000    0.000000
  -2.06669   48.157014    7.225326    1.249778    5.975548    6.817213    0.000000    0.000000    0.000000    0.000000    0.000000    0.000000
  -2.06069   48.128336    7.132884    1.272497    5.860387    6.968960    0.000000    0.000000    0.000000    0.000000    0.000000    0.000000
  -2.05468   48.071444    7.041502    1.295623    5.745879    7.119393    0.000000    0.000000    0.000000    0.000000    0.000000    0.000000
  -2.04868   47.981419    6.951101    1.319387    5.631714    7.266694    0.000000    0.000000    0.000000    0.000000    0.000000    0.000000
  -2.04268   47.855442    6.861848    1.344173    5.517675    7.409689    0.000000    0.000000    0.000000    0.000000    0.000000    0.000000
  -2.03668   47.693090    6.774148    1.370501    5.403647    7.547974    0.000000    0.000000    0.000000    0.000000    0.000000    0.000000
  -2.03068   47.496417    6.688610    1.398985    5.289625    7.681980    0.000000    0.000000    0.000000    0.000000    0.000000    0.000000
  -2.02467   47.269801    6.606005    1.430292    5.175713    7.812979    0.000000    0.000000    0.000000    0.000000    0.000000    0.000000
  -2.01867   47.019590    6.527213    1.465094    5.062119    7.943022    0.000000    0.000000    0.000000    0.000000    0.000000    0.000000
  -2.01267   46.753588    6.453189    1.504024    4.949166    8.074818    0.000000    0.000000    0.000000    0.000000    0.000000    0.000000
  -2.00667   46.480449    6.384926    1.547634    4.837293    8.211567    0.000000    0.000000    0.000000    0.000000    0.000000    0.000000
  -2.00067   46.209021    6.323435    1.596374    4.727061    8.356749    0.000000    0.000000    0.000000    0.000000    0.000000    0.000000
  -1.99466   45.947733    6.269725    1.650576    4.619149    8.513903    0.000000    0.000000    0.000000    0.000000    0.000000    0.000000
  -1.98866   45.704042    6.224788    1.710449    4.514339    8.686404    0.000000    0.000000    0.000000    0.000000    0.000000    0.000000
  -1.98266   45.484009    6.189573    1.776090    4.413483    8.877256    0.000000    0.000000    0.000000    0.000000    0.000000    0.000000
  -1.97666   45.292000    6.164953    1.847502    4.317451    9.088921    0.000000    0.000000    0.000000    0.000000    0.000000    0.000000
  -1.97066   45.130550    6.151678    1.924606    4.227072    9.323199    0.000000    0.000000    0.000000    0.000000    0.000000    0.000000
  -1.96465   45.000369    6.150325    2.007267    4.143058    9.581158    0.000000    0.000000    0.000000    0.000000    0.000000    0.000000
  -1.95865   44.900493    6.161235    2.095299    4.065936    9.863116    0.000000    0.000000    0.000000    0.000000    0.000000    0.000000
  -1.95265   44.828552    6.184463    2.188468    3.995994   10.168683    0.000000    0.000000    0.000000    0.000000    0.000000    0.000000
  -1.94665   44.781138    6.219733    2.286491    3.933243   10.496835    0.000000    0.000000    0.000000    0.000000    0.000000    0.000000
  -1.94065   44.754225    6.266427    2.389017    3.877410   10.846021    0.000000    0.000000    0.000000    0.000000    0.000000    0.000000
  -1.93464   44.743626    6.323588    2.495623    3.827965   11.214287    0.000000    0.000000    0.000000    0.000000    0.000000    0.000000
  -1.92864   44.745429    6.389965    2.605796    3.784169   11.599403    0.000000    0.000000    0.000000    0.000000    0.000000    0.000000
  -1.92264   44.756392    6.464092    2.718942    3.745150   11.998982    0.000000    0.000000    0.000000    0.000000    0.000000    0.000000
  -1.91664   44.774261    6.544385    2.834398    3.709988   12.410597    0.000000    0.000000    0.000000    0.000000    0.000000    0.000000
  -1.91064   44.797993    6.629270    2.951468    3.677802   12.831876    0.000000    0.000000    0.000000    0.000000    0.000000    0.000000
  -1.90463   44.827882    6.717307    3.069481    3.647826   13.260592    0.000000    0.000000    0.000000    0.000000    0.000000    0.000000
  -1.89863   44.865569    6.807319    3.187853    3.619467   13.694742    0.000000    0.000000    0.000000    0.000000    0.000000    0.000000
  -1.89263   44.913972    6.898502    3.306160    3.592343   14.132620    0.000000    0.000000    0.000000    0.000000    0.000000    0.000000
  -1.88663   44.977127    6.990503    3.424213    3.566290   14.572892    0.000000    0.000000    0.000000    0.000000    0.000000    0.000000
  -1.88063   45.059963    7.083467    3.542109    3.541357   15.014656    0.000000    0.000000    0.000000    0.000000    0.000000    0.000000
  -1.87462   45.168024    7.178036    3.660261    3.517774   15.457501    0.000000    0.000000    0.000000    0.000000    0.000000    0.000000
  -1.86862   45.307141    7.275307    3.779393    3.495914   15.901538    0.000000    0.000000    0.000000    0.000000    0.000000    0.000000
  -1.86262   45.483054    7.376748    3.900500    3.476248   16.347410    0.000000    0.000000    0.000000    0.000000    0.000000    0.000000
  -1.85662   45.700996    7.484068    4.024770    3.459298   16.796255    0.000000    0.000000    0.000000    0.000000    0.000000    0.000000
  -1.85062   45.965234    7.599065    4.153474    3.445590   17.249615    0.000000    0.000000    0.000000    0.000000    0.000000    0.000000
  -1.84461   46.278590    7.723449    4.287836    3.435613   17.709292    0.000000    0.000000    0.000000    0.000000    0.000000    0.000000
  -1.83861   46.641964    7.858665    4.428894    3.429771   18.177137    0.000000    0.000000    0.000000    0.000000    0.000000    0.000000
  -1.83261   47.053896    8.005713    4.577371    3.428342   18.654788    0.000000    0.000000    0.000000    0.000000    0.000000    0.000000
  -1.82661   47.510219    8.164996    4.733556    3.431440   19.143368    0.000000    0.000000    0.000000    0.000000    0.000000    0.000000
  -1.82061   48.003842    8.336201    4.897230    3.438971   19.643158    0.000000    0.000000    0.000000    0.000000    0.000000    0.000000
  -1.81460   48.524722    8.518223    5.067619    3.450603   20.153291    0.000000    0.000000    0.000000    0.000000    0.000000    0.000000
  -1.80860   49.060041    8.709136    5.243394    3.465742   20.671484    0.000000    0.000000    0.000000    0.000000    0.000000    0.000000
  -1.80260   49.594613    8.906239    5.422716    3.483523   21.193852    0.000000    0.000000    0.000000    0.000000    0.000000    0.000000
  -1.79660   50.111504    9.106137    5.603317    3.502820   21.714843    0.000000    0.000000    0.000000    0.000000    0.000000    0.000000
  -1.79060   50.592835    9.304899    5.782617    3.522282   22.227304    0.000000    0.000000    0.000000    0.000000    0.000000    0.000000
  -1.78459   51.020710    9.498249    5.957865    3.540384   22.722709    0.000000    0.000000    0.000000    0.000000    0.000000    0.000000
  -1.77859   51.378198    9.681795    6.126292    3.555503   23.191534    0.000000    0.000000    0.000000    0.000000    0.000000    0.000000
  -1.77259   51.650283    9.851282    6.285267    3.566015   23.623760    0.000000    0.000000    0.000000    0.000000    0.000000    0.000000
  -1.76659   51.824697   10.002831    6.432445    3.570387   24.009461    0.000000    0.000000    0.000000    0.000000    0.000000    0.000000
  -1.76059   51.892555   10.133170    6.565887    3.567283   24.339422    0.000000    0.000000    0.000000    0.000000    0.000000    0.000000
  -1.75458   51.848731   10.239806    6.684152    3.555654   24.605723    0.000000    0.000000    0.000000    0.000000    0.000000    0.000000
  -1.74858   51.691915   10.321156    6.786347    3.534809   24.802223    0.000000    0.000000    0.000000    0.000000    0.000000    0.000000
  -1.74258   51.424369   10.376595    6.872126    3.504469   24.924889    0.000000    0.000000    0.000000    0.000000    0.000000    0.000000
  -1.73658   51.051369   10.406446    6.941661    3.464785   24.971943    0.000000    0.000000    0.000000    0.000000    0.000000    0.000000
  -1.73058   50.580428   10.411894    6.995564    3.416329   24.943806    0.000000    0.000000    0.000000    0.000000    0.000000    0.000000
  -1.72457   50.020370   10.394856    7.034793    3.360063   24.842875    0.000000    0.000000    0.000000    0.000000    0.000000    0.000000
  -1.71857   49.380367   10.357814    7.060544    3.297270   24.673157    0.000000    0.000000    0.000000    0.000000    0.000000    0.000000
  -1.71257   48.669081   10.303628    7.074142    3.229486   24.439826    0.000000    0.000000    0.000000    0.000000    0.000000    0.000000
  -1.70657   47.893986   10.235357    7.076952    3.158406   24.148759    0.000000    0.000000    0.000000    0.000000    0.000000    0.000000
  -1.70057   47.060979   10.156088    7.070293    3.085795   23.806114    0.000000    0.000000    0.000000    0.000000    0.000000    0.000000
  -1.69456   46.174296   10.068787    7.055379    3.013408   23.417977    0.000000    0.000000    0.000000    0.000000    0.000000    0.000000
  -1.68856   45.236720    9.976180    7.033269    2.942911   22.990113    0.000000    0.000000    0.000000    0.000000    0.000000    0.000000
  -1.68256   44.250030    9.880643    7.004823    2.875820   22.527797    0.000000    0.000000    0.000000    0.000000    0.000000    0.000000
  -1.67656   43.215580    9.784114    6.970660    2.813454   22.035737    0.000000    0.000000    0.000000    0.000000    0.000000    0.000000
  -1.67056   42.134890    9.688018    6.931114    2.756905   21.518026    0.000000    0.000000    0.000000    0.000000    0.000000    0.000000
  -1.66455   41.010138    9.593195    6.886185    2.707010   20.978129    0.000000    0.000000    0.000000    0.000000    0.000000    0.000000
  -1.65855   39.844452    9.499842    6.835501    2.664341   20.418853    0.000000    0.000000    0.000000    0.000000    0.000000    0.000000
  -1.65255   38.641952    9.407474    6.778290    2.629184   19.842315    0.000000    0.000000    0.000000    0.000000    0.000000    0.000000
  -1.64655   37.407535    9.314896    6.713367    2.601528   19.249902    0.000000    0.000000    0.000000    0.000000    0.000000    0.000000
  -1.64055   36.146434    9.220215    6.639167    2.581048   18.642231    0.000000    0.000000    0.000000    0.000000    0.000000    0.000000
  -1.63454   34.863647    9.120874    6.553798    2.567075   18.019153    0.000000    0.000000    0.000000    0.000000    0.000000    0.000000
  -1.62854   33.563328    9.013725    6.455141    2.558584   17.379803    0.000000    0.000000    0.000000    0.000000    0.000000    0.000000
  -1.62254   32.248260    8.895137    6.340971    2.554166   16.722722    0.000000    0.000000    0.000000    0.000000    0.000000    0.000000
  -1.61654   30.919504    8.761137    6.209104    2.552032   16.046059    0.000000    0.000000    0.000000    0.000000    0.000000    0.000000
  -1.61054   29.576308    8.607579    6.057554    2.550025   15.347844    0.000000    0.000000    0.000000    0.000000    0.000000    0.000000
  -1.60453   28.216310    8.430353    5.884680    2.545673   14.626317    0.000000    0.000000    0.000000    0.000000    0.000000    0.000000
  -1.59853   26.836036    8.225602    5.689330    2.536272   13.880286    0.000000    0.000000    0.000000    0.000000    0.000000    0.000000
  -1.59253   25.431654    7.989978    5.470962    2.519016   13.109477    0.000000    0.000000    0.000000    0.000000    0.000000    0.000000
  -1.58653   23.999897    7.720893    5.229734    2.491159   12.314851    0.000000    0.000000    0.000000    0.000000    0.000000    0.000000
  -1.58053   22.539059    7.416775    4.966574    2.450201   11.498845    0.000000    0.000000    0.000000    0.000000    0.000000    0.000000
  -1.57452   21.049945    7.077305    4.683207    2.394098   10.665511    0.000000    0.000000    0.000000    0.000000    0.000000    0.000000
  -1.56852   19.536643    6.703598    4.382152    2.321445    9.820538    0.000000    0.000000    0.000000    0.000000    0.000000    0.000000
  -1.56252   18.007031    6.298326    4.066678    2.231648    8.971139    0.000000    0.000000    0.000000    0.000000    0.000000    0.000000
  -1.55652   16.472923    5.865741    3.740716    2.125025    8.125814    0.000000    0.000000    0.000000    0.000000    0.000000    0.000000
  -1.55052   14.949821    5.411587    3.408732    2.002855    7.293994    0.000000    0.000000    0.000000    0.000000    0.000000    0.000000
  -1.54451   13.456277    4.942899    3.075562    1.867337    6.485595    0.000000    0.000000    0.000000    0.000000    0.000000    0.000000
  -1.53851   12.012899    4.467683    2.746208    1.721475    5.710511    0.000000    0.000000    0.000000    0.000000    0.000000    0.000000
  -1.53251   10.641100    3.994518    2.425627    1.568891    4.978096    0.000000    0.000000    0.000000    0.000000    0.000000    0.000000
  -1.52651    9.361691    3.532079    2.118496    1.413583    4.296657    0.000000    0.000000    0.000000    0.000000    0.000000    0.000000
  -1.52051    8.193460    3.088659    1.829008    1.259652    3.673028    0.000000    0.000000    0.000000    0.000000    0.000000    0.000000
  -1.51450    7.151846    2.671704    1.560676    1.111028    3.112227    0.000000    0.000000    0.000000    0.000000    0.000000    0.000000
  -1.50850    6.247861    2.287416    1.316200    0.971215    2.617242    0.000000    0.000000    0.000000    0.000000    0.000000    0.000000
  -1.50250    5.487314    1.940459    1.097374    0.843085    2.188946    0.000000    0.000000    0.000000    0.000000    0.000000    0.000000
  -1.49650    4.870426    1.633789    0.905059    0.728730    1.826158    0.000000    0.000000    0.000000    0.000000    0.000000    0.000000
  -1.49050    4.391851    1.368611    0.739219    0.629392    1.525808    0.000000    0.000000    0.000000    0.000000    0.000000    0.000000
  -1.48449    4.041090    1.144472    0.599004    0.545469    1.283219    0.000000    0.000000    0.000000    0.000000    0.000000    0.000000
  -1.47849    3.803258    0.959462    0.482880    0.476582    1.092460    0.000000    0.000000    0.000000    0.000000    0.000000    0.000000
  -1.47249    3.660132    0.810499    0.388792    0.421707    0.946734    0.000000    0.000000    0.000000    0.000000    0.000000    0.000000
  -1.46649    3.591390    0.693673    0.314328    0.379345    0.838790    0.000000    0.000000    0.000000    0.000000    0.000000    0.000000
  -1.46049    3.575948    0.604609    0.256900    0.347709    0.761313    0.000000    0.000000    0.000000    0.000000    0.000000    0.000000
  -1.45448    3.593280    0.538820    0.213896    0.324924    0.707279    0.000000    0.000000    0.000000    0.000000    0.000000    0.000000
  -1.44848    3.624631    0.492022    0.182821    0.309201    0.670252    0.000000    0.000000    0.000000    0.000000    0.000000    0.000000
  -1.44248    3.654039    0.460391    0.161401    0.298990    0.644611    0.000000    0.000000    0.000000    0.000000    0.000000    0.000000
  -1.43648    3.669077    0.440748    0.147657    0.293091    0.625704    0.000000    0.000000    0.000000    0.000000    0.000000    0.000000
  -1.43048    3.661298    0.430659    0.139949    0.290709    0.609920    0.000000    0.000000    0.000000    0.000000    0.000000    0.000000
  -1.42447    3.626326    0.428456    0.136985    0.291470    0.594695    0.000000    0.000000    0.000000    0.000000    0.000000    0.000000
  -1.41847    3.563632    0.433178    0.137801    0.295377    0.578443    0.000000    0.000000    0.000000    0.000000    0.000000    0.000000
  -1.41247    3.475999    0.444441    0.141720    0.302721    0.560435    0.000000    0.000000    0.000000    0.000000    0.000000    0.000000
  -1.40647    3.368752    0.462254    0.148291    0.313964    0.540638    0.000000    0.000000    0.000000    0.000000    0.000000    0.000000
  -1.40047    3.248821    0.486801    0.157214    0.329587    0.519524    0.000000    0.000000    0.000000    0.000000    0.000000    0.000000
  -1.39446    3.123734    0.518201    0.168263    0.349939    0.497869    0.000000    0.000000    0.000000    0.000000    0.000000    0.000000
  -1.38846    3.000630    0.556293    0.181203    0.375090    0.476557    0.000000    0.000000    0.000000    0.000000    0.000000    0.000000
  -1.38246    2.885403    0.600443    0.195727    0.404716    0.456406    0.000000    0.000000    0.000000    0.000000    0.000000    0.000000
  -1.37646    2.782044    0.649424    0.211405    0.438019    0.438035    0.000000    0.000000    0.000000    0.000000    0.000000    0.000000
  -1.37046    2.692252    0.701367    0.227654    0.473713    0.421767    0.000000    0.000000    0.000000    0.000000    0.000000    0.000000
  -1.36445    2.615349    0.753809    0.243742    0.510067    0.407587    0.000000    0.000000    0.000000    0.000000    0.000000    0.000000
  -1.35845    2.548491    0.803827    0.258815    0.545011    0.395158    0.000000    0.000000    0.000000    0.000000    0.000000    0.000000
  -1.35245    2.487141    0.848249    0.271957    0.576293    0.383866    0.000000    0.000000    0.000000    0.000000    0.000000    0.000000
  -1.34645    2.425740    0.883930    0.282255    0.601674    0.372920    0.000000    0.000000    0.000000    0.000000    0.000000    0.000000
  -1.34045    2.358479    0.908033    0.288894    0.619139    0.361461    0.000000    0.000000    0.000000    0.000000    0.000000    0.000000
  -1.33444    2.280074    0.918318    0.291229    0.627089    0.348674    0.000000    0.000000    0.000000    0.000000    0.000000    0.000000
  -1.32844    2.186452    0.913363    0.288859    0.624504    0.333904    0.000000    0.000000    0.000000    0.000000    0.000000    0.000000
  -1.32244    2.075254    0.892714    0.281673    0.611042    0.316732    0.000000    0.000000    0.000000    0.000000    0.000000    0.000000
  -1.31644    1.946126    0.856937    0.269862    0.587075    0.297029    0.000000    0.000000    0.000000    0.000000    0.000000    0.000000
  -1.31044    1.800756    0.807560    0.253909    0.553650    0.274969    0.000000    0.000000    0.000000    0.000000    0.000000    0.000000
  -1.30443    1.642710    0.746925    0.234545    0.512380    0.251008    0.000000    0.000000    0.000000    0.000000    0.000000    0.000000
  -1.29843    1.477090    0.677974    0.212678    0.465295    0.225837    0.000000    0.000000    0.000000    0.000000    0.000000    0.000000
  -1.29243    1.310103    0.603982    0.189321    0.414661    0.200318    0.000000    0.000000    0.000000    0.000000    0.000000    0.000000
  -1.28643    1.148619    0.528297    0.165506    0.362790    0.175413    0.000000    0.000000    0.000000    0.000000    0.000000    0.000000
  -1.28043    0.999784    0.454096    0.142212    0.311885    0.152118    0.000000    0.000000    0.000000    0.000000    0.000000    0.000000
  -1.27442    0.870750    0.384205    0.120306    0.263899    0.131417    0.000000    0.000000    0.000000    0.000000    0.000000    0.000000
  -1.26842    0.768546    0.320971    0.100507    0.220463    0.114251    0.000000    0.000000    0.000000    0.000000    0.000000    0.000000
  -1.26242    0.700096    0.266222    0.083371    0.182851    0.101512    0.000000    0.000000    0.000000    0.000000    0.000000    0.000000
  -1.25642    0.672346    0.221281    0.069290    0.151992    0.094050    0.000000    0.000000    0.000000    0.000000    0.000000    0.000000
  -1.25042    0.692460    0.187035    0.058514    0.128521    0.092699    0.000000    0.000000    0.000000    0.000000    0.000000    0.000000
  -1.24441    0.768015    0.164037    0.051184    0.112852    0.098299    0.000000    0.000000    0.000000    0.000000    0.000000    0.000000
  -1.23841    0.907130    0.152612    0.047358    0.105254    0.111720    0.000000    0.000000    0.000000    0.000000    0.000000    0.000000
  -1.23241    1.118456    0.152967    0.047045    0.105922    0.133863    0.000000    0.000000    0.000000    0.000000    0.000000    0.000000
  -1.22641    1.410999    0.165260    0.050225    0.115035    0.165649    0.000000    0.000000    0.000000    0.000000    0.000000    0.000000
  -1.22041    1.793727    0.189648    0.056867    0.132781    0.207979    0.000000    0.000000    0.000000    0.000000    0.000000    0.000000
  -1.21440    2.274977    0.226291    0.066932    0.159360    0.261672    0.000000    0.000000    0.000000    0.000000    0.000000    0.000000
  -1.20840    2.861684    0.275322    0.080362    0.194960    0.327380    0.000000    0.000000    0.000000    0.000000    0.000000    0.000000
  -1.20240    3.558485    0.336781    0.097075    0.239706    0.405489    0.000000    0.000000    0.000000    0.000000    0.000000    0.000000
  -1.19640    4.366787    0.410535    0.116940    0.293595    0.496017    0.000000    0.000000    0.000000    0.000000    0.000000    0.000000
  -1.19040    5.283880    0.496189    0.139762    0.356427    0.598517    0.000000    0.000000    0.000000    0.000000    0.000000    0.000000
  -1.18439    6.302203    0.592991    0.165263    0.427728    0.711996    0.000000    0.000000    0.000000    0.000000    0.000000    0.000000
  -1.17839    7.408858    0.699763    0.193067    0.506696    0.834865    0.000000    0.000000    0.000000    0.000000    0.000000    0.000000
  -1.17239    8.585447    0.814853    0.222696    0.592157    0.964923    0.000000    0.000000    0.000000    0.000000    0.000000    0.000000
  -1.16639    9.808289    0.936115    0.253563    0.682553    1.099385    0.000000    0.000000    0.000000    0.000000    0.000000    0.000000
  -1.16039   11.049037    1.060936    0.284985    0.775951    1.234957    0.000000    0.000000    0.000000    0.000000    0.000000    0.000000
  -1.15438   12.275686    1.186292    0.316194    0.870098    1.367952    0.000000    0.000000    0.000000    0.000000    0.000000    0.000000
  -1.14838   13.453908    1.308847    0.346359    0.962488    1.494445    0.000000    0.000000    0.000000    0.000000    0.000000    0.000000
  -1.14238   14.548650    1.425087    0.374616    1.050472    1.610458    0.000000    0.000000    0.000000    0.000000    0.000000    0.000000
  -1.13638   15.525874    1.531469    0.400096    1.131373    1.712155    0.000000    0.000000    0.000000    0.000000    0.000000    0.000000
  -1.13038   16.354315    1.624593    0.421967    1.202626    1.796052    0.000000    0.000000    0.000000    0.000000    0.000000    0.000000
  -1.12437   17.007149    1.701377    0.439470    1.261907    1.859207    0.000000    0.000000    0.000000    0.000000    0.000000    0.000000
  -1.11837   17.463422    1.759221    0.451957    1.307264    1.899385    0.000000    0.000000    0.000000    0.000000    0.000000    0.000000
  -1.11237   17.709156    1.796153    0.458934    1.337219    1.915187    0.000000    0.000000    0.000000    0.000000    0.000000    0.000000
  -1.10637   17.738045    1.810937    0.460085    1.350852    1.906134    0.000000    0.000000    0.000000    0.000000    0.000000    0.000000
  -1.10037   17.551689    1.803149    0.455302    1.347847    1.872691    0.000000    0.000000    0.000000    0.000000    0.000000    0.000000
  -1.09436   17.159369    1.773199    0.444699    1.328500    1.816234    0.000000    0.000000    0.000000    0.000000    0.000000    0.000000
  -1.08836   16.577374    1.722302    0.428607    1.293695    1.738968    0.000000    0.000000    0.000000    0.000000    0.000000    0.000000
  -1.08236   15.827953    1.652406    0.407569    1.244837    1.643792    0.000000    0.000000    0.000000    0.000000    0.000000    0.000000
  -1.07636   14.937991    1.566072    0.382306    1.183766    1.534126    0.000000    0.000000    0.000000    0.000000    0.000000    0.000000
  -1.07036   13.937509    1.466329    0.353684    1.112645    1.413723    0.000000    0.000000    0.000000    0.000000    0.000000    0.000000
  -1.06435   12.858131    1.356500    0.322661    1.033838    1.286462    0.000000    0.000000    0.000000    0.000000    0.000000    0.000000
  -1.05835   11.731615    1.240032    0.290239    0.949793    1.156165    0.000000    0.000000    0.000000    0.000000    0.000000    0.000000
  -1.05235   10.588585    1.120332    0.257403    0.862928    1.026423    0.000000    0.000000    0.000000    0.000000    0.000000    0.000000
  -1.04635    9.457506    1.000620    0.225079    0.775541    0.900466    0.000000    0.000000    0.000000    0.000000    0.000000    0.000000
  -1.04035    8.363973    0.883819    0.194087    0.689732    0.781071    0.000000    0.000000    0.000000    0.000000    0.000000    0.000000
  -1.03434    7.330304    0.772476    0.165113    0.607363    0.670514    0.000000    0.000000    0.000000    0.000000    0.000000    0.000000
  -1.02834    6.375429    0.668718    0.138693    0.530026    0.570565    0.000000    0.000000    0.000000    0.000000    0.000000    0.000000
  -1.02234    5.514993    0.574245    0.115207    0.459038    0.482513    0.000000    0.000000    0.000000    0.000000    0.000000    0.000000
  -1.01634    4.761622    0.490344    0.094888    0.395456    0.407223    0.000000    0.000000    0.000000    0.000000    0.000000    0.000000
  -1.01034    4.125252    0.417921    0.077835    0.340086    0.345200    0.000000    0.000000    0.000000    0.000000    0.000000    0.000000
  -1.00433    3.613441    0.357552    0.064039    0.293513    0.296660    0.000000    0.000000    0.000000    0.000000    0.000000    0.000000
  -0.99833    3.231592    0.309517    0.053401    0.256116    0.261588    0.000000    0.000000    0.000000    0.000000    0.000000    0.000000
  -0.99233    2.983033    0.273841    0.045761    0.228080    0.239783    0.000000    0.000000    0.000000    0.000000    0.000000    0.000000
  -0.98633    2.868933    0.250320    0.040913    0.209407    0.230880    0.000000    0.000000    0.000000    0.000000    0.000000    0.000000
  -0.98033    2.888059    0.238528    0.038620    0.199908    0.234353    0.000000    0.000000    0.000000    0.000000    0.000000    0.000000
  -0.97432    3.036411    0.237826    0.038624    0.199201    0.249489    0.000000    0.000000    0.000000    0.000000    0.000000    0.000000
  -0.96832    3.306809    0.247347    0.040652    0.206695    0.275362    0.000000    0.000000    0.000000    0.000000    0.000000    0.000000
  -0.96232    3.688523    0.265996    0.044412    0.221584    0.310795    0.000000    0.000000    0.000000    0.000000    0.000000    0.000000
  -0.95632    4.167039    0.292441    0.049594    0.242846    0.354335    0.000000    0.000000    0.000000    0.000000    0.000000    0.000000
  -0.95032    4.724062    0.325125    0.055872    0.269253    0.404238    0.000000    0.000000    0.000000    0.000000    0.000000    0.000000
  -0.94431    5.337828    0.362299    0.062901    0.299398    0.458490    0.000000    0.000000    0.000000    0.000000    0.000000    0.000000
  -0.93831    5.983754    0.402064    0.070324    0.331741    0.514854    0.000000    0.000000    0.000000    0.000000    0.000000    0.000000
  -0.93231    6.635424    0.442445    0.077779    0.364666    0.570950    0.000000    0.000000    0.000000    0.000000    0.000000    0.000000
  -0.92631    7.265831    0.481475    0.084912    0.396563    0.624365    0.000000    0.000000    0.000000    0.000000    0.000000    0.000000
  -0.92031    7.848785    0.517291    0.091391    0.425900    0.672776    0.000000    0.000000    0.000000    0.000000    0.000000    0.000000
  -0.91430    8.360339    0.548229    0.096923    0.451307    0.714082    0.000000    0.000000    0.000000    0.000000    0.000000    0.000000
  -0.90830    8.780079    0.572909    0.101265    0.471645    0.746529    0.000000    0.000000    0.000000    0.000000    0.000000    0.000000
  -0.90230    9.092160    0.590299    0.104238    0.486061    0.768804    0.000000    0.000000    0.000000    0.000000    0.000000    0.000000
  -0.89630    9.285974    0.599755    0.105737    0.494018    0.780105    0.000000    0.000000    0.000000    0.000000    0.000000    0.000000
  -0.89030    9.356406    0.601029    0.105726    0.495303    0.780163    0.000000    0.000000    0.000000    0.000000    0.000000    0.000000
  -0.88429    9.303687    0.594254    0.104243    0.490011    0.769228    0.000000    0.000000    0.000000    0.000000    0.000000    0.000000
  -0.87829    9.132895    0.579894    0.101384    0.478509    0.748018    0.000000    0.000000    0.000000    0.000000    0.000000    0.000000
  -0.87229    8.853206    0.558686    0.097300    0.461386    0.717633    0.000000    0.000000    0.000000    0.000000    0.000000    0.000000
  -0.86629    8.476991    0.531570    0.092177    0.439393    0.679460    0.000000    0.000000    0.000000    0.000000    0.000000    0.000000
  -0.86029    8.018883    0.499613    0.086223    0.413390    0.635064    0.000000    0.000000    0.000000    0.000000    0.000000    0.000000
  -0.85428    7.494883    0.463943    0.079656    0.384286    0.586087    0.000000    0.000000    0.000000    0.000000    0.000000    0.000000
  -0.84828    6.921575    0.425692    0.072692    0.353000    0.534159    0.000000    0.000000    0.000000    0.000000    0.000000    0.000000
  -0.84228    6.315470    0.385951    0.065535    0.320416    0.480820    0.000000    0.000000    0.000000    0.000000    0.000000    0.000000
  -0.83628    5.692471    0.345730    0.058367    0.287362    0.427472    0.000000    0.000000    0.000000    0.000000    0.000000    0.000000
  -0.83028    5.067447    0.305941    0.051351    0.254589    0.375335    0.000000    0.000000    0.000000    0.000000    0.000000    0.000000
  -0.82427    4.453890    0.267378    0.044622    0.222755    0.325431    0.000000    0.000000    0.000000    0.000000    0.000000    0.000000
  -0.81827    3.863630    0.230708    0.038289    0.192420    0.278571    0.000000    0.000000    0.000000    0.000000    0.000000    0.000000
  -0.81227    3.306614    0.196467    0.032432    0.164035    0.235362    0.000000    0.000000    0.000000    0.000000    0.000000    0.000000
  -0.80627    2.790726    0.165054    0.027109    0.137946    0.196211    0.000000    0.000000    0.000000    0.000000    0.000000    0.000000
  -0.80027    2.321694    0.136736    0.022352    0.114384    0.161338    0.000000    0.000000    0.000000    0.000000    0.000000    0.000000
  -0.79426    1.903070    0.111652    0.018172    0.093480    0.130803    0.000000    0.000000    0.000000    0.000000    0.000000    0.000000
  -0.78826    1.536310    0.089822    0.014561    0.075261    0.104518    0.000000    0.000000    0.000000    0.000000    0.000000    0.000000
  -0.78226    1.220948    0.071161    0.011495    0.059666    0.082278    0.000000    0.000000    0.000000    0.000000    0.000000    0.000000
  -0.77626    0.954866    0.055496    0.008936    0.046560    0.063788    0.000000    0.000000    0.000000    0.000000    0.000000    0.000000
  -0.77026    0.734620    0.042587    0.006838    0.035749    0.048686    0.000000    0.000000    0.000000    0.000000    0.000000    0.000000
  -0.76425    0.555817    0.032147    0.005149    0.026998    0.036574    0.000000    0.000000    0.000000    0.000000    0.000000    0.000000
  -0.75825    0.413490    0.023862    0.003814    0.020048    0.027040    0.000000    0.000000    0.000000    0.000000    0.000000    0.000000
  -0.75225    0.302454    0.017413    0.002778    0.014635    0.019682    0.000000    0.000000    0.000000    0.000000    0.000000    0.000000
  -0.74625    0.217617    0.012492    0.001990    0.010502    0.014123    0.000000    0.000000    0.000000    0.000000    0.000000    0.000000
  -0.74025    0.154223    0.008812    0.001403    0.007410    0.010024    0.000000    0.000000    0.000000    0.000000    0.000000    0.000000
  -0.73424    0.108031    0.006118    0.000974    0.005144    0.007098    0.000000    0.000000    0.000000    0.000000    0.000000    0.000000
  -0.72824    0.075425    0.004191    0.000668    0.003523    0.005109    0.000000    0.000000    0.000000    0.000000    0.000000    0.000000
  -0.72224    0.053465    0.002850    0.000456    0.002394    0.003877    0.000000    0.000000    0.000000    0.000000    0.000000    0.000000
  -0.71624    0.039895    0.001950    0.000315    0.001635    0.003279    0.000000    0.000000    0.000000    0.000000    0.000000    0.000000
  -0.71024    0.033114    0.001382    0.000229    0.001153    0.003246    0.000000    0.000000    0.000000    0.000000    0.000000    0.000000
  -0.70423    0.032129    0.001064    0.000183    0.000881    0.003760    0.000000    0.000000    0.000000    0.000000    0.000000    0.000000
  -0.69823    0.036498    0.000941    0.000170    0.000771    0.004853    0.000000    0.000000    0.000000    0.000000    0.000000    0.000000
  -0.69223    0.046261    0.000979    0.000185    0.000794    0.006597    0.000000    0.000000    0.000000    0.000000    0.000000    0.000000
  -0.68623    0.061868    0.001159    0.000226    0.000932    0.009105    0.000000    0.000000    0.000000    0.000000    0.000000    0.000000
  -0.68023    0.084103    0.001475    0.000293    0.001182    0.012515    0.000000    0.000000    0.000000    0.000000    0.000000    0.000000
  -0.67422    0.113995    0.001929    0.000387    0.001542    0.016985    0.000000    0.000000    0.000000    0.000000    0.000000    0.000000
  -0.66822    0.152721    0.002527    0.000509    0.002018    0.022677    0.000000    0.000000    0.000000    0.000000    0.000000    0.000000
  -0.66222    0.201489    0.003278    0.000661    0.002616    0.029736    0.000000    0.000000    0.000000    0.000000    0.000000    0.000000
  -0.65622    0.261421    0.004185    0.000846    0.003339    0.038278    0.000000    0.000000    0.000000    0.000000    0.000000    0.000000
  -0.65022    0.333424    0.005249    0.001062    0.004187    0.048365    0.000000    0.000000    0.000000    0.000000    0.000000    0.000000
  -0.64421    0.418067    0.006460    0.001308    0.005152    0.059985    0.000000    0.000000    0.000000    0.000000    0.000000    0.000000
  -0.63821    0.515480    0.007800    0.001581    0.006218    0.073042    0.000000    0.000000    0.000000    0.000000    0.000000    0.000000
  -0.63221    0.625273    0.009238    0.001875    0.007362    0.087341    0.000000    0.000000    0.000000    0.000000    0.000000    0.000000
  -0.62621    0.746513    0.010733    0.002182    0.008551    0.102592    0.000000    0.000000    0.000000    0.000000    0.000000    0.000000
  -0.62021    0.877735    0.012237    0.002492    0.009745    0.118419    0.000000    0.000000    0.000000    0.000000    0.000000    0.000000
  -0.61420    1.017019    0.013692    0.002793    0.010899    0.134375    0.000000    0.000000    0.000000    0.000000    0.000000    0.000000
  -0.60820    1.162103    0.015043    0.003075    0.011968    0.149978    0.000000    0.000000    0.000000    0.000000    0.000000    0.000000
  -0.60220    1.310538    0.016235    0.003326    0.012908    0.164740    0.000000    0.000000    0.000000    0.000000    0.000000    0.000000
  -0.59620    1.459861    0.017224    0.003537    0.013687    0.178206    0.000000    0.000000    0.000000    0.000000    0.000000    0.000000
  -0.59020    1.607756    0.017983    0.003702    0.014281    0.189989    0.000000    0.000000    0.000000    0.000000    0.000000    0.000000
  -0.58419    1.752199    0.018503    0.003818    0.014685    0.199801    0.000000    0.000000    0.000000    0.000000    0.000000    0.000000
  -0.57819    1.891562    0.018802    0.003888    0.014915    0.207467    0.000000    0.000000    0.000000    0.000000    0.000000    0.000000
  -0.57219    2.024674    0.018928    0.003918    0.015010    0.212941    0.000000    0.000000    0.000000    0.000000    0.000000    0.000000
  -0.56619    2.150836    0.018962    0.003924    0.015038    0.216291    0.000000    0.000000    0.000000    0.000000    0.000000    0.000000
  -0.56019    2.269805    0.019023    0.003924    0.015098    0.217692    0.000000    0.000000    0.000000    0.000000    0.000000    0.000000
  -0.55418    2.381764    0.019274    0.003947    0.015327    0.217405    0.000000    0.000000    0.000000    0.000000    0.000000    0.000000
  -0.54818    2.487305    0.019931    0.004029    0.015902    0.215747    0.000000    0.000000    0.000000    0.000000    0.000000    0.000000
  -0.54218    2.587428    0.021271    0.004216    0.017055    0.213078    0.000000    0.000000    0.000000    0.000000    0.000000    0.000000
  -0.53618    2.683596    0.023643    0.004565    0.019079    0.209776    0.000000    0.000000    0.000000    0.000000    0.000000    0.000000
  -0.53018    2.777818    0.027489    0.005147    0.022343    0.206235    0.000000    0.000000    0.000000    0.000000    0.000000    0.000000
  -0.52417    2.872772    0.033351    0.006050    0.027302    0.202859    0.000000    0.000000    0.000000    0.000000    0.000000    0.000000
  -0.51817    2.971923    0.041887    0.007377    0.034509    0.200070    0.000000    0.000000    0.000000    0.000000    0.000000    0.000000
  -0.51217    3.079604    0.053871    0.009253    0.044618    0.198316    0.000000    0.000000    0.000000    0.000000    0.000000    0.000000
  -0.50617    3.201022    0.070194    0.011816    0.058378    0.198075    0.000000    0.000000    0.000000    0.000000    0.000000    0.000000
  -0.50017    3.342124    0.091832    0.015218    0.076613    0.199856    0.000000    0.000000    0.000000    0.000000    0.000000    0.000000
  -0.49416    3.509315    0.119811    0.019620    0.100191    0.204191    0.000000    0.000000    0.000000    0.000000    0.000000    0.000000
  -0.48816    3.709000    0.155140    0.025176    0.129964    0.211612    0.000000    0.000000    0.000000    0.000000    0.000000    0.000000
  -0.48216    3.946972    0.198723    0.032023    0.166700    0.222612    0.000000    0.000000    0.000000    0.000000    0.000000    0.000000
  -0.47616    4.227687    0.251257    0.040264    0.210993    0.237600    0.000000    0.000000    0.000000    0.000000    0.000000    0.000000
  -0.47016    4.553513    0.313115    0.049952    0.263163    0.256851    0.000000    0.000000    0.000000    0.000000    0.000000    0.000000
  -0.46415    4.924039    0.384228    0.061066    0.323162    0.280447    0.000000    0.000000    0.000000    0.000000    0.000000    0.000000
  -0.45815    5.335553    0.463983    0.073503    0.390480    0.308233    0.000000    0.000000    0.000000    0.000000    0.000000    0.000000
  -0.45215    5.780796    0.551151    0.087060    0.464091    0.339785    0.000000    0.000000    0.000000    0.000000    0.000000    0.000000
  -0.44615    6.249044    0.643856    0.101436    0.542420    0.374404    0.000000    0.000000    0.000000    0.000000    0.000000    0.000000
  -0.44015    6.726575    0.739603    0.116236    0.623367    0.411126    0.000000    0.000000    0.000000    0.000000    0.000000    0.000000
  -0.43414    7.197483    0.835371    0.130987    0.704384    0.448770    0.000000    0.000000    0.000000    0.000000    0.000000    0.000000
  -0.42814    7.644786    0.927765    0.145160    0.782605    0.486008    0.000000    0.000000    0.000000    0.000000    0.000000    0.000000
  -0.42214    8.051714    1.013225    0.158208    0.855017    0.521452    0.000000    0.000000    0.000000    0.000000    0.000000    0.000000
  -0.41614    8.403030    1.088274    0.169601    0.918673    0.553754    0.000000    0.000000    0.000000    0.000000    0.000000    0.000000
  -0.41014    8.686242    1.149773    0.178868    0.970905    0.581709    0.000000    0.000000    0.000000    0.000000    0.000000    0.000000
  -0.40413    8.892571    1.195172    0.185632    1.009539    0.604344    0.000000    0.000000    0.000000    0.000000    0.000000    0.000000
  -0.39813    9.017559    1.222712    0.189643    1.033069    0.620987    0.000000    0.000000    0.000000    0.000000    0.000000    0.000000
  -0.39213    9.061270    1.231566    0.190793    1.040773    0.631310    0.000000    0.000000    0.000000    0.000000    0.000000    0.000000
  -0.38613    9.028070    1.221897    0.189126    1.032772    0.635341    0.000000    0.000000    0.000000    0.000000    0.000000    0.000000
  -0.38013    8.926046    1.194833    0.184828    1.010004    0.633443    0.000000    0.000000    0.000000    0.000000    0.000000    0.000000
  -0.37412    8.766136    1.152349    0.178213    0.974136    0.626261    0.000000    0.000000    0.000000    0.000000    0.000000    0.000000
  -0.36812    8.561104    1.097094    0.169686    0.927408    0.614661    0.000000    0.000000    0.000000    0.000000    0.000000    0.000000
  -0.36212    8.324467    1.032156    0.159716    0.872440    0.599642    0.000000    0.000000    0.000000    0.000000    0.000000    0.000000
  -0.35612    8.069510    0.960814    0.148791    0.812024    0.582255    0.000000    0.000000    0.000000    0.000000    0.000000    0.000000
  -0.35012    7.808464    0.886291    0.137386    0.748906    0.563522    0.000000    0.000000    0.000000    0.000000    0.000000    0.000000
  -0.34411    7.551910    0.811537    0.125932    0.685605    0.544372    0.000000    0.000000    0.000000    0.000000    0.000000    0.000000
  -0.33811    7.308435    0.739056    0.114792    0.624265    0.525590    0.000000    0.000000    0.000000    0.000000    0.000000    0.000000
  -0.33211    7.084525    0.670797    0.104246    0.566551    0.507783    0.000000    0.000000    0.000000    0.000000    0.000000    0.000000
  -0.32611    6.884640    0.608098    0.094487    0.513611    0.491371    0.000000    0.000000    0.000000    0.000000    0.000000    0.000000
  -0.32011    6.711430    0.551698    0.085623    0.466075    0.476589    0.000000    0.000000    0.000000    0.000000    0.000000    0.000000
  -0.31410    6.566005    0.501793    0.077686    0.424107    0.463502    0.000000    0.000000    0.000000    0.000000    0.000000    0.000000
  -0.30810    6.448209    0.458130    0.070646    0.387485    0.452027    0.000000    0.000000    0.000000    0.000000    0.000000    0.000000
  -0.30210    6.356833    0.420128    0.064428    0.355701    0.441969    0.000000    0.000000    0.000000    0.000000    0.000000    0.000000
  -0.29610    6.289749    0.387000    0.058929    0.328071    0.433048    0.000000    0.000000    0.000000    0.000000    0.000000    0.000000
  -0.29010    6.243947    0.357878    0.054037    0.303841    0.424928    0.000000    0.000000    0.000000    0.000000    0.000000    0.000000
  -0.28409    6.215505    0.331914    0.049639    0.282275    0.417244    0.000000    0.000000    0.000000    0.000000    0.000000    0.000000
  -0.27809    6.199526    0.308360    0.045635    0.262725    0.409622    0.000000    0.000000    0.000000    0.000000    0.000000    0.000000
  -0.27209    6.190096    0.286619    0.041945    0.244674    0.401697    0.000000    0.000000    0.000000    0.000000    0.000000    0.000000
  -0.26609    6.180324    0.266266    0.038511    0.227755    0.393124    0.000000    0.000000    0.000000    0.000000    0.000000    0.000000
  -0.26009    6.162517    0.247042    0.035295    0.211747    0.383589    0.000000    0.000000    0.000000    0.000000    0.000000    0.000000
  -0.25408    6.128513    0.228831    0.032280    0.196551    0.372820    0.000000    0.000000    0.000000    0.000000    0.000000    0.000000
  -0.24808    6.070176    0.211617    0.029460    0.182158    0.360600    0.000000    0.000000    0.000000    0.000000    0.000000    0.000000
  -0.24208    5.980030    0.195450    0.026839    0.168611    0.346779    0.000000    0.000000    0.000000    0.000000    0.000000    0.000000
  -0.23608    5.851967    0.180400    0.024427    0.155973    0.331290    0.000000    0.000000    0.000000    0.000000    0.000000    0.000000
  -0.23008    5.681953    0.166531    0.022232    0.144299    0.314164    0.000000    0.000000    0.000000    0.000000    0.000000    0.000000
  -0.22407    5.468637    0.153888    0.020262    0.133626    0.295544    0.000000    0.000000    0.000000    0.000000    0.000000    0.000000
  -0.21807    5.213795    0.142490    0.018524    0.123966    0.275693    0.000000    0.000000    0.000000    0.000000    0.000000    0.000000
  -0.21207    4.922527    0.132346    0.017024    0.115322    0.254992    0.000000    0.000000    0.000000    0.000000    0.000000    0.000000
  -0.20607    4.603191    0.123475    0.015770    0.107705    0.233939    0.000000    0.000000    0.000000    0.000000    0.000000    0.000000
  -0.20007    4.267063    0.115923    0.014773    0.101150    0.213124    0.000000    0.000000    0.000000    0.000000    0.000000    0.000000
  -0.19406    3.927757    0.109794    0.014055    0.095739    0.193212    0.000000    0.000000    0.000000    0.000000    0.000000    0.000000
  -0.18806    3.600469    0.105257    0.013642    0.091615    0.174907    0.000000    0.000000    0.000000    0.000000    0.000000    0.000000
  -0.18206    3.301105    0.102555    0.013571    0.088985    0.158915    0.000000    0.000000    0.000000    0.000000    0.000000    0.000000
  -0.17606    3.045375    0.101996    0.013884    0.088112    0.145912    0.000000    0.000000    0.000000    0.000000    0.000000    0.000000
  -0.17006    2.847913    0.103932    0.014628    0.089304    0.136502    0.000000    0.000000    0.000000    0.000000    0.000000    0.000000
  -0.16405    2.721484    0.108732    0.015850    0.092882    0.131187    0.000000    0.000000    0.000000    0.000000    0.000000    0.000000
  -0.15805    2.676311    0.116740    0.017588    0.099151    0.130338    0.000000    0.000000    0.000000    0.000000    0.000000    0.000000
  -0.15205    2.719539    0.128237    0.019872    0.108365    0.134175    0.000000    0.000000    0.000000    0.000000    0.000000    0.000000
  -0.14605    2.854867    0.143401    0.022713    0.120688    0.142746    0.000000    0.000000    0.000000    0.000000    0.000000    0.000000
  -0.14005    3.082327    0.162268    0.026099    0.136169    0.155923    0.000000    0.000000    0.000000    0.000000    0.000000    0.000000
  -0.13404    3.398243    0.184715    0.029998    0.154717    0.173403    0.000000    0.000000    0.000000    0.000000    0.000000    0.000000
  -0.12804    3.795345    0.210442    0.034350    0.176092    0.194713    0.000000    0.000000    0.000000    0.000000    0.000000    0.000000
  -0.12204    4.263051    0.238975    0.039072    0.199903    0.219231    0.000000    0.000000    0.000000    0.000000    0.000000    0.000000
  -0.11604    4.787914    0.269685    0.044063    0.225622    0.246212    0.000000    0.000000    0.000000    0.000000    0.000000    0.000000
  -0.11004    5.354198    0.301813    0.049206    0.252607    0.274818    0.000000    0.000000    0.000000    0.000000    0.000000    0.000000
  -0.10403    5.944586    0.334511    0.054374    0.280137    0.304161    0.000000    0.000000    0.000000    0.000000    0.000000    0.000000
  -0.09803    6.540959    0.366888    0.059438    0.307450    0.333346    0.000000    0.000000    0.000000    0.000000    0.000000    0.000000
  -0.09203    7.125206    0.398057    0.064274    0.333783    0.361509    0.000000    0.000000    0.000000    0.000000    0.000000    0.000000
  -0.08603    7.680014    0.427181    0.068767    0.358414    0.387858    0.000000    0.000000    0.000000    0.000000    0.000000    0.000000
  -0.08003    8.189573    0.453512    0.072816    0.380696    0.411701    0.000000    0.000000    0.000000    0.000000    0.000000    0.000000
  -0.07402    8.640169    0.476419    0.076336    0.400083    0.432471    0.000000    0.000000    0.000000    0.000000    0.000000    0.000000
  -0.06802    9.020617    0.495412    0.079262    0.416150    0.449732    0.000000    0.000000    0.000000    0.000000    0.000000    0.000000
  -0.06202    9.322528    0.510147    0.081546    0.428601    0.463182    0.000000    0.000000    0.000000    0.000000    0.000000    0.000000
  -0.05602    9.540417    0.520426    0.083159    0.437267    0.472644    0.000000    0.000000    0.000000    0.000000    0.000000    0.000000
  -0.05002    9.671673    0.526191    0.084087    0.442104    0.478051    0.000000    0.000000    0.000000    0.000000    0.000000    0.000000
  -0.04401    9.716430    0.527507    0.084334    0.443173    0.479432    0.000000    0.000000    0.000000    0.000000    0.000000    0.000000
  -0.03801    9.677369    0.524550    0.083916    0.440634    0.476892    0.000000    0.000000    0.000000    0.000000    0.000000    0.000000
  -0.03201    9.559504    0.517595    0.082863    0.434732    0.470606    0.000000    0.000000    0.000000    0.000000    0.000000    0.000000
  -0.02601    9.369968    0.507004    0.081219    0.425785    0.460804    0.000000    0.000000    0.000000    0.000000    0.000000    0.000000
  -0.02001    9.117818    0.493217    0.079039    0.414178    0.447777    0.000000    0.000000    0.000000    0.000000    0.000000    0.000000
  -0.01400    8.813857    0.476755    0.076395    0.400360    0.431875    0.000000    0.000000    0.000000    0.000000    0.000000    0.000000
  -0.00800    8.470457    0.458213    0.073366    0.384847    0.413510    0.000000    0.000000    0.000000    0.000000    0.000000    0.000000
  -0.00200    8.101355    0.438260    0.070046    0.368214    0.393163    0.000000    0.000000    0.000000    0.000000    0.000000    0.000000
   0.00400    7.721395    0.417641    0.066540    0.351101    0.371377    0.000000    0.000000    0.000000    0.000000    0.000000    0.000000
   0.01000    7.346184    0.397162    0.062959    0.334203    0.348756    0.000000    0.000000    0.000000    0.000000    0.000000    0.000000
   0.01601    6.991658    0.377687    0.059424    0.318263    0.325946    0.000000    0.000000    0.000000    0.000000    0.000000    0.000000
   0.02201    6.673542    0.360115    0.056057    0.304058    0.303617    0.000000    0.000000    0.000000    0.000000    0.000000    0.000000
   0.02801    6.406736    0.345361    0.052984    0.292377    0.282438    0.000000    0.000000    0.000000    0.000000    0.000000    0.000000
   0.03401    6.204666    0.334327    0.050328    0.284000    0.263050    0.000000    0.000000    0.000000    0.000000    0.000000    0.000000
   0.04001    6.078628    0.327873    0.048205    0.279668    0.246039    0.000000    0.000000    0.000000    0.000000    0.000000    0.000000
   0.04602    6.037218    0.326783    0.046726    0.280057    0.231910    0.000000    0.000000    0.000000    0.000000    0.000000    0.000000
   0.05202    6.085874    0.331739    0.045990    0.285749    0.221076    0.000000    0.000000    0.000000    0.000000    0.000000    0.000000
   0.05802    6.226606    0.343283    0.046078    0.297205    0.213842    0.000000    0.000000    0.000000    0.000000    0.000000    0.000000
   0.06402    6.457946    0.361794    0.047055    0.314739    0.210406    0.000000    0.000000    0.000000    0.000000    0.000000    0.000000
   0.07002    6.775126    0.387462    0.048962    0.338500    0.210859    0.000000    0.000000    0.000000    0.000000    0.000000    0.000000
   0.07603    7.170495    0.420264    0.051811    0.368452    0.215194    0.000000    0.000000    0.000000    0.000000    0.000000    0.000000
   0.08203    7.634128    0.459949    0.055585    0.404364    0.223318    0.000000    0.000000    0.000000    0.000000    0.000000    0.000000
   0.08803    8.154577    0.506034    0.060231    0.445802    0.235056    0.000000    0.000000    0.000000    0.000000    0.000000    0.000000
   0.09403    8.719677    0.557798    0.065661    0.492137    0.250165    0.000000    0.000000    0.000000    0.000000    0.000000    0.000000
   0.10003    9.317308    0.614296    0.071749    0.542547    0.268337    0.000000    0.000000    0.000000    0.000000    0.000000    0.000000
   0.10604    9.936019    0.674380    0.078336    0.596044    0.289205    0.000000    0.000000    0.000000    0.000000    0.000000    0.000000
   0.11204   10.565422    0.736728    0.085234    0.651493    0.312337    0.000000    0.000000    0.000000    0.000000    0.000000    0.000000
   0.11804   11.196305    0.799884    0.092234    0.707651    0.337244    0.000000    0.000000    0.000000    0.000000    0.000000    0.000000
   0.12404   11.820426    0.862309    0.099111    0.763198    0.363369    0.000000    0.000000    0.000000    0.000000    0.000000    0.000000
   0.13004   12.430060    0.922426    0.105641    0.816785    0.390093    0.000000    0.000000    0.000000    0.000000    0.000000    0.000000
   0.13605   13.017353    0.978673    0.111608    0.867065    0.416738    0.000000    0.000000    0.000000    0.000000    0.000000    0.000000
   0.14205   13.573652    1.029557    0.116815    0.912742    0.442573    0.000000    0.000000    0.000000    0.000000    0.000000    0.000000
   0.14805   14.088943    1.073695    0.121092    0.952603    0.466837    0.000000    0.000000    0.000000    0.000000    0.000000    0.000000
   0.15405   14.551582    1.109867    0.124308    0.985560    0.488759    0.000000    0.000000    0.000000    0.000000    0.000000    0.000000
   0.16005   14.948429    1.137055    0.126370    1.010686    0.507595    0.000000    0.000000    0.000000    0.000000    0.000000    0.000000
   0.16606   15.265448    1.154489    0.127231    1.027258    0.522668    0.000000    0.000000    0.000000    0.000000    0.000000    0.000000
   0.17206   15.488762    1.161688    0.126891    1.034797    0.533414    0.000000    0.000000    0.000000    0.000000    0.000000    0.000000
   0.17806   15.606045    1.158496    0.125393    1.033104    0.539424    0.000000    0.000000    0.000000    0.000000    0.000000    0.000000
   0.18406   15.608072    1.145118    0.122822    1.022296    0.540488    0.000000    0.000000    0.000000    0.000000    0.000000    0.000000
   0.19006   15.490193    1.122130    0.119303    1.002827    0.536614    0.000000    0.000000    0.000000    0.000000    0.000000    0.000000
   0.19607   15.253484    1.090482    0.114989    0.975493    0.528048    0.000000    0.000000    0.000000    0.000000    0.000000    0.000000
   0.20207   14.905358    1.051469    0.110061    0.941408    0.515259    0.000000    0.000000    0.000000    0.000000    0.000000    0.000000
   0.20807   14.459504    1.006670    0.104713    0.901957    0.498912    0.000000    0.000000    0.000000    0.000000    0.000000    0.000000
   0.21407   13.935094    0.957869    0.099143    0.858726    0.479820    0.000000    0.000000    0.000000    0.000000    0.000000    0.000000
   0.22007   13.355343    0.906939    0.093543    0.813396    0.458878    0.000000    0.000000    0.000000    0.000000    0.000000    0.000000
   0.22608   12.745567    0.855722    0.088086    0.767636    0.436994    0.000000    0.000000    0.000000    0.000000    0.000000    0.000000
   0.23208   12.131006    0.805898    0.082916    0.722981    0.415015    0.000000    0.000000    0.000000    0.000000    0.000000    0.000000
   0.23808   11.534666    0.758871    0.078143    0.680728    0.393664    0.000000    0.000000    0.000000    0.000000    0.000000    0.000000
   0.24408   10.975459    0.715677    0.073831    0.641846    0.373488    0.000000    0.000000    0.000000    0.000000    0.000000    0.000000
   0.25008   10.466868    0.676930    0.070001    0.606929    0.354835    0.000000    0.000000    0.000000    0.000000    0.000000    0.000000
   0.25609   10.016253    0.642805    0.066632    0.576173    0.337841    0.000000    0.000000    0.000000    0.000000    0.000000    0.000000
   0.26209    9.624860    0.613073    0.063666    0.549407    0.322454    0.000000    0.000000    0.000000    0.000000    0.000000    0.000000
   0.26809    9.288454    0.587164    0.061019    0.526145    0.308458    0.000000    0.000000    0.000000    0.000000    0.000000    0.000000
   0.27409    8.998450    0.564261    0.058587    0.505674    0.295530    0.000000    0.000000    0.000000    0.000000    0.000000    0.000000
   0.28009    8.743345    0.543416    0.056264    0.487152    0.283287    0.000000    0.000000    0.000000    0.000000    0.000000    0.000000
   0.28610    8.510245    0.523655    0.053946    0.469708    0.271341    0.000000    0.000000    0.000000    0.000000    0.000000    0.000000
   0.29210    8.286289    0.504081    0.051550    0.452532    0.259342    0.000000    0.000000    0.000000    0.000000    0.000000    0.000000
   0.29810    8.059829    0.483955    0.049010    0.434945    0.247016    0.000000    0.000000    0.000000    0.000000    0.000000    0.000000
   0.30410    7.821267    0.462740    0.046292    0.416448    0.234184    0.000000    0.000000    0.000000    0.000000    0.000000    0.000000
   0.31010    7.563531    0.440128    0.043387    0.396741    0.220767    0.000000    0.000000    0.000000    0.000000    0.000000    0.000000
   0.31611    7.282208    0.416030    0.040311    0.375719    0.206783    0.000000    0.000000    0.000000    0.000000    0.000000    0.000000
   0.32211    6.975433    0.390552    0.037102    0.353450    0.192330    0.000000    0.000000    0.000000    0.000000    0.000000    0.000000
   0.32811    6.643585    0.363951    0.033814    0.330137    0.177569    0.000000    0.000000    0.000000    0.000000    0.000000    0.000000
   0.33411    6.288916    0.336592    0.030509    0.306083    0.162697    0.000000    0.000000    0.000000    0.000000    0.000000    0.000000
   0.34011    5.915159    0.308898    0.027253    0.281644    0.147932    0.000000    0.000000    0.000000    0.000000    0.000000    0.000000
   0.34612    5.527177    0.281309    0.024108    0.257201    0.133488    0.000000    0.000000    0.000000    0.000000    0.000000    0.000000
   0.35212    5.130648    0.254254    0.021128    0.233126    0.119565    0.000000    0.000000    0.000000    0.000000    0.000000    0.000000
   0.35812    4.731788    0.228124    0.018359    0.209765    0.106339    0.000000    0.000000    0.000000    0.000000    0.000000    0.000000
   0.36412    4.337080    0.203259    0.015832    0.187427    0.093955    0.000000    0.000000    0.000000    0.000000    0.000000    0.000000
   0.37012    3.952997    0.179942    0.013569    0.166373    0.082525    0.000000    0.000000    0.000000    0.000000    0.000000    0.000000
   0.37613    3.585681    0.158392    0.011579    0.146813    0.072128    0.000000    0.000000    0.000000    0.000000    0.000000    0.000000
   0.38213    3.240614    0.138764    0.009860    0.128904    0.062809    0.000000    0.000000    0.000000    0.000000    0.000000    0.000000
   0.38813    2.922279    0.121149    0.008402    0.112747    0.054583    0.000000    0.000000    0.000000    0.000000    0.000000    0.000000
   0.39413    2.633865    0.105574    0.007188    0.098387    0.047433    0.000000    0.000000    0.000000    0.000000    0.000000    0.000000
   0.40013    2.377056    0.092009    0.006195    0.085813    0.041317    0.000000    0.000000    0.000000    0.000000    0.000000    0.000000
   0.40614    2.151955    0.080366    0.005400    0.074966    0.036172    0.000000    0.000000    0.000000    0.000000    0.000000    0.000000
   0.41214    1.957160    0.070513    0.004776    0.065737    0.031915    0.000000    0.000000    0.000000    0.000000    0.000000    0.000000
   0.41814    1.790001    0.062283    0.004297    0.057986    0.028456    0.000000    0.000000    0.000000    0.000000    0.000000    0.000000
   0.42414    1.646925    0.055491    0.003942    0.051548    0.025703    0.000000    0.000000    0.000000    0.000000    0.000000    0.000000
   0.43014    1.523974    0.049948    0.003692    0.046256    0.023574    0.000000    0.000000    0.000000    0.000000    0.000000    0.000000
   0.43615    1.417305    0.045484    0.003534    0.041950    0.022001    0.000000    0.000000    0.000000    0.000000    0.000000    0.000000
   0.44215    1.323689    0.041959    0.003461    0.038498    0.020945    0.000000    0.000000    0.000000    0.000000    0.000000    0.000000
   0.44815    1.240912    0.039280    0.003476    0.035804    0.020395    0.000000    0.000000    0.000000    0.000000    0.000000    0.000000
   0.45415    1.168059    0.037408    0.003585    0.033823    0.020376    0.000000    0.000000    0.000000    0.000000    0.000000    0.000000
   0.46015    1.105620    0.036362    0.003804    0.032557    0.020948    0.000000    0.000000    0.000000    0.000000    0.000000    0.000000
   0.46616    1.055443    0.036216    0.004155    0.032061    0.022199    0.000000    0.000000    0.000000    0.000000    0.000000    0.000000
   0.47216    1.020532    0.037093    0.004662    0.032431    0.024245    0.000000    0.000000    0.000000    0.000000    0.000000    0.000000
   0.47816    1.004728    0.039151    0.005352    0.033799    0.027213    0.000000    0.000000    0.000000    0.000000    0.000000    0.000000
   0.48416    1.012330    0.042567    0.006251    0.036316    0.031234    0.000000    0.000000    0.000000    0.000000    0.000000    0.000000
   0.49016    1.047675    0.047522    0.007383    0.040139    0.036428    0.000000    0.000000    0.000000    0.000000    0.000000    0.000000
   0.49617    1.114748    0.054185    0.008764    0.045421    0.042890    0.000000    0.000000    0.000000    0.000000    0.000000    0.000000
   0.50217    1.216832    0.062695    0.010404    0.052291    0.050682    0.000000    0.000000    0.000000    0.000000    0.000000    0.000000
   0.50817    1.356234    0.073149    0.012300    0.060849    0.059817    0.000000    0.000000    0.000000    0.000000    0.000000    0.000000
   0.51417    1.534085    0.085589    0.014437    0.071152    0.070255    0.000000    0.000000    0.000000    0.000000    0.000000    0.000000
   0.52017    1.750223    0.099998    0.016789    0.083209    0.081897    0.000000    0.000000    0.000000    0.000000    0.000000    0.000000
   0.52618    2.003136    0.116290    0.019316    0.096975    0.094583    0.000000    0.000000    0.000000    0.000000    0.000000    0.000000
   0.53218    2.289967    0.134310    0.021963    0.112347    0.108095    0.000000    0.000000    0.000000    0.000000    0.000000    0.000000
   0.53818    2.606557    0.153834    0.024669    0.129166    0.122164    0.000000    0.000000    0.000000    0.000000    0.000000    0.000000
   0.54418    2.947520    0.174568    0.027359    0.147209    0.136476    0.000000    0.000000    0.000000    0.000000    0.000000    0.000000
   0.55018    3.306334    0.196154    0.029959    0.166195    0.150685    0.000000    0.000000    0.000000    0.000000    0.000000    0.000000
   0.55619    3.675461    0.218172    0.032387    0.185785    0.164425    0.000000    0.000000    0.000000    0.000000    0.000000    0.000000
   0.56219    4.046487    0.240152    0.034568    0.205584    0.177326    0.000000    0.000000    0.000000    0.000000    0.000000    0.000000
   0.56819    4.410284    0.261576    0.036430    0.225146    0.189026    0.000000    0.000000    0.000000    0.000000    0.000000    0.000000
   0.57419    4.757221    0.281898    0.037912    0.243986    0.199188    0.000000    0.000000    0.000000    0.000000    0.000000    0.000000
   0.58019    5.077411    0.300551    0.038965    0.261586    0.207510    0.000000    0.000000    0.000000    0.000000    0.000000    0.000000
   0.58620    5.361016    0.316974    0.039558    0.277417    0.213743    0.000000    0.000000    0.000000    0.000000    0.000000    0.000000
   0.59220    5.598606    0.330627    0.039674    0.290953    0.217693    0.000000    0.000000    0.000000    0.000000    0.000000    0.000000
   0.59820    5.781558    0.341018    0.039314    0.301703    0.219234    0.000000    0.000000    0.000000    0.000000    0.000000    0.000000
   0.60420    5.902502    0.347729    0.038499    0.309230    0.218312    0.000000    0.000000    0.000000    0.000000    0.000000    0.000000
   0.61020    5.955763    0.350445    0.037262    0.313183    0.214947    0.000000    0.000000    0.000000    0.000000    0.000000    0.000000
   0.61621    5.937798    0.348977    0.035651    0.313327    0.209230    0.000000    0.000000    0.000000    0.000000    0.000000    0.000000
   0.62221    5.847554    0.343285    0.033722    0.309563    0.201326    0.000000    0.000000    0.000000    0.000000    0.000000    0.000000
   0.62821    5.686742    0.333493    0.031541    0.301951    0.191467    0.000000    0.000000    0.000000    0.000000    0.000000    0.000000
   0.63421    5.459965    0.319895    0.029177    0.290718    0.179943    0.000000    0.000000    0.000000    0.000000    0.000000    0.000000
   0.64021    5.174685    0.302955    0.026697    0.276258    0.167094    0.000000    0.000000    0.000000    0.000000    0.000000    0.000000
   0.64622    4.841011    0.283294    0.024172    0.259122    0.153296    0.000000    0.000000    0.000000    0.000000    0.000000    0.000000
   0.65222    4.471324    0.261667    0.021667    0.240000    0.138953    0.000000    0.000000    0.000000    0.000000    0.000000    0.000000
   0.65822    4.079755    0.238932    0.019243    0.219688    0.124477    0.000000    0.000000    0.000000    0.000000    0.000000    0.000000
   0.66422    3.681560    0.216013    0.016959    0.199054    0.110276    0.000000    0.000000    0.000000    0.000000    0.000000    0.000000
   0.67022    3.292454    0.193864    0.014866    0.178998    0.096743    0.000000    0.000000    0.000000    0.000000    0.000000    0.000000
   0.67623    2.927939    0.173427    0.013012    0.160414    0.084237    0.000000    0.000000    0.000000    0.000000    0.000000    0.000000
   0.68223    2.602697    0.155595    0.011442    0.144153    0.073079    0.000000    0.000000    0.000000    0.000000    0.000000    0.000000
   0.68823    2.330054    0.141183    0.010194    0.130989    0.063541    0.000000    0.000000    0.000000    0.000000    0.000000    0.000000
   0.69423    2.121553    0.130899    0.009304    0.121594    0.055842    0.000000    0.000000    0.000000    0.000000    0.000000    0.000000
   0.70023    1.986619    0.125321    0.008803    0.116518    0.050146    0.000000    0.000000    0.000000    0.000000    0.000000    0.000000
   0.70624    1.932290    0.124882    0.008716    0.116166    0.046561    0.000000    0.000000    0.000000    0.000000    0.000000    0.000000
   0.71224    1.963012    0.129851    0.009061    0.120789    0.045137    0.000000    0.000000    0.000000    0.000000    0.000000    0.000000
   0.71824    2.080438    0.140321    0.009851    0.130470    0.045868    0.000000    0.000000    0.000000    0.000000    0.000000    0.000000
   0.72424    2.283253    0.156195    0.011084    0.145111    0.048689    0.000000    0.000000    0.000000    0.000000    0.000000    0.000000
   0.73024    2.566996    0.177173    0.012749    0.164424    0.053478    0.000000    0.000000    0.000000    0.000000    0.000000    0.000000
   0.73625    2.923927    0.202745    0.014819    0.187926    0.060049    0.000000    0.000000    0.000000    0.000000    0.000000    0.000000
   0.74225    3.342969    0.232183    0.017249    0.214934    0.068156    0.000000    0.000000    0.000000    0.000000    0.000000    0.000000
   0.74825    3.809780    0.264551    0.019976    0.244576    0.077489    0.000000    0.000000    0.000000    0.000000    0.000000    0.000000
   0.75425    4.307015    0.298720    0.022918    0.275802    0.087681    0.000000    0.000000    0.000000    0.000000    0.000000    0.000000
   0.76025    4.814823    0.333399    0.025975    0.307424    0.098312    0.000000    0.000000    0.000000    0.000000    0.000000    0.000000
   0.76626    5.311599    0.367183    0.029034    0.338150    0.108925    0.000000    0.000000    0.000000    0.000000    0.000000    0.000000
   0.77226    5.774984    0.398620    0.031969    0.366651    0.119042    0.000000    0.000000    0.000000    0.000000    0.000000    0.000000
   0.77826    6.183068    0.426283    0.034655    0.391628    0.128186    0.000000    0.000000    0.000000    0.000000    0.000000    0.000000
   0.78426    6.515709    0.448855    0.036966    0.411889    0.135912    0.000000    0.000000    0.000000    0.000000    0.000000    0.000000
   0.79026    6.755854    0.465219    0.038793    0.426426    0.141828    0.000000    0.000000    0.000000    0.000000    0.000000    0.000000
   0.79627    6.890737    0.474527    0.040044    0.434483    0.145627    0.000000    0.000000    0.000000    0.000000    0.000000    0.000000
   0.80227    6.912826    0.476272    0.040658    0.435614    0.147106    0.000000    0.000000    0.000000    0.000000    0.000000    0.000000
   0.80827    6.820405    0.470321    0.040604    0.429718    0.146183    0.000000    0.000000    0.000000    0.000000    0.000000    0.000000
   0.81427    6.617720    0.456936    0.039888    0.417048    0.142905    0.000000    0.000000    0.000000    0.000000    0.000000    0.000000
   0.82027    6.314670    0.436752    0.038554    0.398199    0.137444    0.000000    0.000000    0.000000    0.000000    0.000000    0.000000
   0.82628    5.926059    0.410736    0.036679    0.374057    0.130090    0.000000    0.000000    0.000000    0.000000    0.000000    0.000000
   0.83228    5.470492    0.380115    0.034368    0.345747    0.121225    0.000000    0.000000    0.000000    0.000000    0.000000    0.000000
   0.83828    4.969036    0.346295    0.031750    0.314545    0.111303    0.000000    0.000000    0.000000    0.000000    0.000000    0.000000
   0.84428    4.443772    0.310764    0.028968    0.281796    0.100816    0.000000    0.000000    0.000000    0.000000    0.000000    0.000000
   0.85028    3.916390    0.274998    0.026168    0.248830    0.090266    0.000000    0.000000    0.000000    0.000000    0.000000    0.000000
   0.85629    3.406953    0.240374    0.023493    0.216881    0.080132    0.000000    0.000000    0.000000    0.000000    0.000000    0.000000
   0.86229    2.932917    0.208106    0.021074    0.187032    0.070850    0.000000    0.000000    0.000000    0.000000    0.000000    0.000000
   0.86829    2.508487    0.179188    0.019024    0.160165    0.062790    0.000000    0.000000    0.000000    0.000000    0.000000    0.000000
   0.87429    2.144285    0.154371    0.017431    0.136940    0.056244    0.000000    0.000000    0.000000    0.000000    0.000000    0.000000
   0.88029    1.847353    0.134153    0.016357    0.117796    0.051418    0.000000    0.000000    0.000000    0.000000    0.000000    0.000000
   0.88630    1.621396    0.118792    0.015838    0.102954    0.048430    0.000000    0.000000    0.000000    0.000000    0.000000    0.000000
   0.89230    1.467219    0.108327    0.015878    0.092449    0.047320    0.000000    0.000000    0.000000    0.000000    0.000000    0.000000
   0.89830    1.383278    0.102615    0.016457    0.086158    0.048048    0.000000    0.000000    0.000000    0.000000    0.000000    0.000000
   0.90430    1.366261    0.101371    0.017532    0.083839    0.050516    0.000000    0.000000    0.000000    0.000000    0.000000    0.000000
   0.91030    1.411665    0.104205    0.019040    0.085166    0.054572    0.000000    0.000000    0.000000    0.000000    0.000000    0.000000
   0.91631    1.514299    0.110666    0.020903    0.089762    0.060026    0.000000    0.000000    0.000000    0.000000    0.000000    0.000000
   0.92231    1.668716    0.120272    0.023039    0.097233    0.066668    0.000000    0.000000    0.000000    0.000000    0.000000    0.000000
   0.92831    1.869550    0.132546    0.025358    0.107188    0.074277    0.000000    0.000000    0.000000    0.000000    0.000000    0.000000
   0.93431    2.111760    0.147040    0.027779    0.119261    0.082637    0.000000    0.000000    0.000000    0.000000    0.000000    0.000000
   0.94031    2.390804    0.163352    0.030226    0.133126    0.091543    0.000000    0.000000    0.000000    0.000000    0.000000    0.000000
   0.94632    2.702740    0.181146    0.032640    0.148506    0.100816    0.000000    0.000000    0.000000    0.000000    0.000000    0.000000
   0.95232    3.044278    0.200156    0.034976    0.165180    0.110302    0.000000    0.000000    0.000000    0.000000    0.000000    0.000000
   0.95832    3.412784    0.220192    0.037206    0.182985    0.119882    0.000000    0.000000    0.000000    0.000000    0.000000    0.000000
   0.96432    3.806244    0.241140    0.039322    0.201817    0.129464    0.000000    0.000000    0.000000    0.000000    0.000000    0.000000
   0.97032    4.223184    0.262954    0.041329    0.221626    0.138988    0.000000    0.000000    0.000000    0.000000    0.000000    0.000000
   0.97633    4.662553    0.285650    0.043242    0.242409    0.148413    0.000000    0.000000    0.000000    0.000000    0.000000    0.000000
   0.98233    5.123545    0.309287    0.045085    0.264202    0.157718    0.000000    0.000000    0.000000    0.000000    0.000000    0.000000
   0.98833    5.605375    0.333951    0.046885    0.287066    0.166888    0.000000    0.000000    0.000000    0.000000    0.000000    0.000000
   0.99433    6.107005    0.359732    0.048664    0.311069    0.175909    0.000000    0.000000    0.000000    0.000000    0.000000    0.000000
   1.00033    6.626834    0.386701    0.050438    0.336263    0.184760    0.000000    0.000000    0.000000    0.000000    0.000000    0.000000
   1.00634    7.162370    0.414880    0.052213    0.362667    0.193404    0.000000    0.000000    0.000000    0.000000    0.000000    0.000000
   1.01234    7.709934    0.444220    0.053985    0.390235    0.201785    0.000000    0.000000    0.000000    0.000000    0.000000    0.000000
   1.01834    8.264408    0.474574    0.055735    0.418839    0.209824    0.000000    0.000000    0.000000    0.000000    0.000000    0.000000
   1.02434    8.819097    0.505681    0.057432    0.448248    0.217414    0.000000    0.000000    0.000000    0.000000    0.000000    0.000000
   1.03034    9.365717    0.537152    0.059039    0.478113    0.224427    0.000000    0.000000    0.000000    0.000000    0.000000    0.000000
   1.03635    9.894542    0.568471    0.060506    0.507965    0.230716    0.000000    0.000000    0.000000    0.000000    0.000000    0.000000
   1.04235   10.394704    0.599005    0.061784    0.537222    0.236121    0.000000    0.000000    0.000000    0.000000    0.000000    0.000000
   1.04835   10.854648    0.628025    0.062820    0.565204    0.240481    0.000000    0.000000    0.000000    0.000000    0.000000    0.000000
   1.05435   11.262687    0.654735    0.063569    0.591167    0.243641    0.000000    0.000000    0.000000    0.000000    0.000000    0.000000
   1.06035   11.607643    0.678320    0.063987    0.614333    0.245469    0.000000    0.000000    0.000000    0.000000    0.000000    0.000000
   1.06636   11.879494    0.697984    0.064045    0.633939    0.245865    0.000000    0.000000    0.000000    0.000000    0.000000    0.000000
   1.07236   12.070019    0.713003    0.063723    0.649280    0.244770    0.000000    0.000000    0.000000    0.000000    0.000000    0.000000
   1.07836   12.173362    0.722772    0.063014    0.659758    0.242180    0.000000    0.000000    0.000000    0.000000    0.000000    0.000000
   1.08436   12.186512    0.726848    0.061929    0.664919    0.238147    0.000000    0.000000    0.000000    0.000000    0.000000    0.000000
   1.09036   12.109660    0.724982    0.060491    0.664491    0.232786    0.000000    0.000000    0.000000    0.000000    0.000000    0.000000
   1.09637   11.946399    0.717142    0.058736    0.658406    0.226273    0.000000    0.000000    0.000000    0.000000    0.000000    0.000000
   1.10237   11.703759    0.703530    0.056716    0.646814    0.218842    0.000000    0.000000    0.000000    0.000000    0.000000    0.000000
   1.10837   11.392037    0.684572    0.054492    0.630081    0.210775    0.000000    0.000000    0.000000    0.000000    0.000000    0.000000
   1.11437   11.024414    0.660907    0.052134    0.608773    0.202388    0.000000    0.000000    0.000000    0.000000    0.000000    0.000000
   1.12037   10.616337    0.633350    0.049719    0.583632    0.194016    0.000000    0.000000    0.000000    0.000000    0.000000    0.000000
   1.12638   10.184685    0.602850    0.047322    0.555528    0.185990    0.000000    0.000000    0.000000    0.000000    0.000000    0.000000
   1.13238    9.746764    0.570434    0.045016    0.525418    0.178618    0.000000    0.000000    0.000000    0.000000    0.000000    0.000000
   1.13838    9.319184    0.537146    0.042867    0.494279    0.172158    0.000000    0.000000    0.000000    0.000000    0.000000    0.000000
   1.14438    8.916740    0.503985    0.040926    0.463059    0.166797    0.000000    0.000000    0.000000    0.000000    0.000000    0.000000
   1.15038    8.551403    0.471844    0.039230    0.432614    0.162640    0.000000    0.000000    0.000000    0.000000    0.000000    0.000000
   1.15639    8.231543    0.441462    0.037795    0.403668    0.159696    0.000000    0.000000    0.000000    0.000000    0.000000    0.000000
   1.16239    7.961493    0.413393    0.036617    0.376776    0.157882    0.000000    0.000000    0.000000    0.000000    0.000000    0.000000
   1.16839    7.741501    0.387983    0.035676    0.352307    0.157026    0.000000    0.000000    0.000000    0.000000    0.000000    0.000000
   1.17439    7.568089    0.365379    0.034932    0.330447    0.156892    0.000000    0.000000    0.000000    0.000000    0.000000    0.000000
   1.18039    7.434773    0.345547    0.034337    0.311210    0.157200    0.000000    0.000000    0.000000    0.000000    0.000000    0.000000
   1.18640    7.333016    0.328303    0.033835    0.294468    0.157653    0.000000    0.000000    0.000000    0.000000    0.000000    0.000000
   1.19240    7.253309    0.313358    0.033368    0.279990    0.157970    0.000000    0.000000    0.000000    0.000000    0.000000    0.000000
   1.19840    7.186207    0.300362    0.032884    0.267478    0.157910    0.000000    0.000000    0.000000    0.000000    0.000000    0.000000
   1.20440    7.123199    0.288947    0.032340    0.256607    0.157285    0.000000    0.000000    0.000000    0.000000    0.000000    0.000000
   1.21040    7.057311    0.278759    0.031702    0.247057    0.155980    0.000000    0.000000    0.000000    0.000000    0.000000    0.000000
   1.21641    6.983410    0.269482    0.030951    0.238531    0.153947    0.000000    0.000000    0.000000    0.000000    0.000000    0.000000
   1.22241    6.898213    0.260854    0.030078    0.230776    0.151200    0.000000    0.000000    0.000000    0.000000    0.000000    0.000000
   1.22841    6.800071    0.252668    0.029085    0.223583    0.147807    0.000000    0.000000    0.000000    0.000000    0.000000    0.000000
   1.23441    6.688621    0.244772    0.027985    0.216787    0.143870    0.000000    0.000000    0.000000    0.000000    0.000000    0.000000
   1.24041    6.564399    0.237061    0.026794    0.210267    0.139511    0.000000    0.000000    0.000000    0.000000    0.000000    0.000000
   1.24642    6.428508    0.229470    0.025532    0.203937    0.134859    0.000000    0.000000    0.000000    0.000000    0.000000    0.000000
   1.25242    6.282394    0.221969    0.024224    0.197745    0.130038    0.000000    0.000000    0.000000    0.000000    0.000000    0.000000
   1.25842    6.127741    0.214562    0.022894    0.191668    0.125163    0.000000    0.000000    0.000000    0.000000    0.000000    0.000000
   1.26442    5.966477    0.207281    0.021565    0.185717    0.120338    0.000000    0.000000    0.000000    0.000000    0.000000    0.000000
   1.27042    5.800832    0.200190    0.020262    0.179928    0.115656    0.000000    0.000000    0.000000    0.000000    0.000000    0.000000
   1.27643    5.633385    0.193378    0.019008    0.174370    0.111202    0.000000    0.000000    0.000000    0.000000    0.000000    0.000000
   1.28243    5.467058    0.186958    0.017828    0.169130    0.107054    0.000000    0.000000    0.000000    0.000000    0.000000    0.000000
   1.28843    5.305010    0.181056    0.016743    0.164313    0.103283    0.000000    0.000000    0.000000    0.000000    0.000000    0.000000
   1.29443    5.150416    0.175799    0.015771    0.160028    0.099951    0.000000    0.000000    0.000000    0.000000    0.000000    0.000000
   1.30043    5.006175    0.171299    0.014928    0.156372    0.097106    0.000000    0.000000    0.000000    0.000000    0.000000    0.000000
   1.30644    4.874568    0.167642    0.014225    0.153418    0.094780    0.000000    0.000000    0.000000    0.000000    0.000000    0.000000
   1.31244    4.756953    0.164871    0.013668    0.151203    0.092980    0.000000    0.000000    0.000000    0.000000    0.000000    0.000000
   1.31844    4.653543    0.162975    0.013256    0.149719    0.091684    0.000000    0.000000    0.000000    0.000000    0.000000    0.000000
   1.32444    4.563339    0.161893    0.012984    0.148909    0.090846    0.000000    0.000000    0.000000    0.000000    0.000000    0.000000
   1.33044    4.484224    0.161514    0.012840    0.148674    0.090389    0.000000    0.000000    0.000000    0.000000    0.000000    0.000000
   1.33645    4.413228    0.161687    0.012810    0.148877    0.090218    0.000000    0.000000    0.000000    0.000000    0.000000    0.000000
   1.34245    4.346921    0.162242    0.012877    0.149365    0.090225    0.000000    0.000000    0.000000    0.000000    0.000000    0.000000
   1.34845    4.281878    0.163003    0.013024    0.149979    0.090299    0.000000    0.000000    0.000000    0.000000    0.000000    0.000000
   1.35445    4.215126    0.163808    0.013233    0.150576    0.090339    0.000000    0.000000    0.000000    0.000000    0.000000    0.000000
   1.36045    4.144521    0.164529    0.013490    0.151039    0.090257    0.000000    0.000000    0.000000    0.000000    0.000000    0.000000
   1.36646    4.068990    0.165074    0.013784    0.151290    0.089991    0.000000    0.000000    0.000000    0.000000    0.000000    0.000000
   1.37246    3.988602    0.165394    0.014104    0.151290    0.089505    0.000000    0.000000    0.000000    0.000000    0.000000    0.000000
   1.37846    3.904492    0.165484    0.014445    0.151038    0.088788    0.000000    0.000000    0.000000    0.000000    0.000000    0.000000
   1.38446    3.818658    0.165373    0.014803    0.150570    0.087853    0.000000    0.000000    0.000000    0.000000    0.000000    0.000000
   1.39046    3.733696    0.165118    0.015174    0.149945    0.086731    0.000000    0.000000    0.000000    0.000000    0.000000    0.000000
   1.39647    3.652535    0.164798    0.015557    0.149240    0.085468    0.000000    0.000000    0.000000    0.000000    0.000000    0.000000
   1.40247    3.578218    0.164502    0.015953    0.148549    0.084120    0.000000    0.000000    0.000000    0.000000    0.000000    0.000000
   1.40847    3.513779    0.164337    0.016363    0.147973    0.082749    0.000000    0.000000    0.000000    0.000000    0.000000    0.000000
   1.41447    3.462214    0.164419    0.016791    0.147628    0.081425    0.000000    0.000000    0.000000    0.000000    0.000000    0.000000
   1.42047    3.426527    0.164883    0.017241    0.147641    0.080225    0.000000    0.000000    0.000000    0.000000    0.000000    0.000000
   1.42648    3.409816    0.165882    0.017723    0.148159    0.079232    0.000000    0.000000    0.000000    0.000000    0.000000    0.000000
   1.43248    3.415348    0.167589    0.018246    0.149343    0.078536    0.000000    0.000000    0.000000    0.000000    0.000000    0.000000
   1.43848    3.446573    0.170194    0.018821    0.151373    0.078234    0.000000    0.000000    0.000000    0.000000    0.000000    0.000000
   1.44448    3.507035    0.173898    0.019461    0.154436    0.078421    0.000000    0.000000    0.000000    0.000000    0.000000    0.000000
   1.45048    3.600173    0.178893    0.020177    0.158716    0.079190    0.000000    0.000000    0.000000    0.000000    0.000000    0.000000
   1.45649    3.729009    0.185353    0.020977    0.164376    0.080615    0.000000    0.000000    0.000000    0.000000    0.000000    0.000000
   1.46249    3.895736    0.193404    0.021864    0.171540    0.082751    0.000000    0.000000    0.000000    0.000000    0.000000    0.000000
   1.46849    4.101270    0.203107    0.022835    0.180273    0.085614    0.000000    0.000000    0.000000    0.000000    0.000000    0.000000
   1.47449    4.344788    0.214437    0.023878    0.190558    0.089180    0.000000    0.000000    0.000000    0.000000    0.000000    0.000000
   1.48049    4.623325    0.227260    0.024976    0.202284    0.093374    0.000000    0.000000    0.000000    0.000000    0.000000    0.000000
   1.48650    4.931475    0.241330    0.026101    0.215229    0.098068    0.000000    0.000000    0.000000    0.000000    0.000000    0.000000
   1.49250    5.261251    0.256278    0.027218    0.229060    0.103083    0.000000    0.000000    0.000000    0.000000    0.000000    0.000000
   1.49850    5.602141    0.271617    0.028286    0.243331    0.108194    0.000000    0.000000    0.000000    0.000000    0.000000    0.000000
   1.50450    5.941401    0.286763    0.029259    0.257503    0.113139    0.000000    0.000000    0.000000    0.000000    0.000000    0.000000
   1.51050    6.264582    0.301052    0.030089    0.270963    0.117635    0.000000    0.000000    0.000000    0.000000    0.000000    0.000000
   1.51651    6.556296    0.313780    0.030726    0.283054    0.121395    0.000000    0.000000    0.000000    0.000000    0.000000    0.000000
   1.52251    6.801170    0.324242    0.031126    0.293116    0.124147    0.000000    0.000000    0.000000    0.000000    0.000000    0.000000
   1.52851    6.984922    0.331781    0.031250    0.300530    0.125652    0.000000    0.000000    0.000000    0.000000    0.000000    0.000000
   1.53451    7.095462    0.335833    0.031069    0.304764    0.125728    0.000000    0.000000    0.000000    0.000000    0.000000    0.000000
   1.54051    7.123919    0.335976    0.030566    0.305409    0.124258    0.000000    0.000000    0.000000    0.000000    0.000000    0.000000
   1.54652    7.065448    0.331962    0.029739    0.302223    0.121207    0.000000    0.000000    0.000000    0.000000    0.000000    0.000000
   1.55252    6.919740    0.323743    0.028599    0.295144    0.116624    0.000000    0.000000    0.000000    0.000000    0.000000    0.000000
   1.55852    6.691147    0.311482    0.027176    0.284306    0.110635    0.000000    0.000000    0.000000    0.000000    0.000000    0.000000
   1.56452    6.388382    0.295541    0.025510    0.270030    0.103443    0.000000    0.000000    0.000000    0.000000    0.000000    0.000000
   1.57052    6.023837    0.276456    0.023656    0.252800    0.095302    0.000000    0.000000    0.000000    0.000000    0.000000    0.000000
   1.57653    5.612556    0.254901    0.021672    0.233229    0.086507    0.000000    0.000000    0.000000    0.000000    0.000000    0.000000
   1.58253    5.171003    0.231637    0.019624    0.212014    0.077364    0.000000    0.000000    0.000000    0.000000    0.000000    0.000000
   1.58853    4.715755    0.207458    0.017572    0.189885    0.068176    0.000000    0.000000    0.000000    0.000000    0.000000    0.000000
   1.59453    4.262254    0.183136    0.015575    0.167561    0.059218    0.000000    0.000000    0.000000    0.000000    0.000000    0.000000
   1.60053    3.823775    0.159376    0.013680    0.145696    0.050721    0.000000    0.000000    0.000000    0.000000    0.000000    0.000000
   1.60654    3.410685    0.136780    0.011924    0.124856    0.042868    0.000000    0.000000    0.000000    0.000000    0.000000    0.000000
   1.61254    3.030076    0.115816    0.010331    0.105485    0.035782    0.000000    0.000000    0.000000    0.000000    0.000000    0.000000
   1.61854    2.685752    0.096813    0.008913    0.087900    0.029530    0.000000    0.000000    0.000000    0.000000    0.000000    0.000000
   1.62454    2.378558    0.079960    0.007671    0.072289    0.024130    0.000000    0.000000    0.000000    0.000000    0.000000    0.000000
   1.63054    2.106953    0.065321    0.006599    0.058723    0.019557    0.000000    0.000000    0.000000    0.000000    0.000000    0.000000
   1.63655    1.867749    0.052852    0.005680    0.047173    0.015752    0.000000    0.000000    0.000000    0.000000    0.000000    0.000000
   1.64255    1.656886    0.042432    0.004898    0.037534    0.012639    0.000000    0.000000    0.000000    0.000000    0.000000    0.000000
   1.64855    1.470179    0.033884    0.004233    0.029651    0.010130    0.000000    0.000000    0.000000    0.000000    0.000000    0.000000
   1.65455    1.303923    0.027010    0.003669    0.023341    0.008137    0.000000    0.000000    0.000000    0.000000    0.000000    0.000000
   1.66055    1.155351    0.021606    0.003190    0.018416    0.006580    0.000000    0.000000    0.000000    0.000000    0.000000    0.000000
   1.66656    1.022890    0.017488    0.002787    0.014701    0.005390    0.000000    0.000000    0.000000    0.000000    0.000000    0.000000
   1.67256    0.906244    0.014500    0.002454    0.012046    0.004516    0.000000    0.000000    0.000000    0.000000    0.000000    0.000000
   1.67856    0.806337    0.012526    0.002189    0.010337    0.003924    0.000000    0.000000    0.000000    0.000000    0.000000    0.000000
   1.68456    0.725136    0.011494    0.001995    0.009499    0.003600    0.000000    0.000000    0.000000    0.000000    0.000000    0.000000
   1.69056    0.665404    0.011375    0.001879    0.009497    0.003549    0.000000    0.000000    0.000000    0.000000    0.000000    0.000000
   1.69657    0.630423    0.012177    0.001848    0.010329    0.003794    0.000000    0.000000    0.000000    0.000000    0.000000    0.000000
   1.70257    0.623690    0.013941    0.001913    0.012028    0.004376    0.000000    0.000000    0.000000    0.000000    0.000000    0.000000
   1.70857    0.648618    0.016728    0.002085    0.014644    0.005351    0.000000    0.000000    0.000000    0.000000    0.000000    0.000000
   1.71457    0.708237    0.020609    0.002372    0.018237    0.006788    0.000000    0.000000    0.000000    0.000000    0.000000    0.000000
   1.72057    0.804895    0.025650    0.002783    0.022867    0.008764    0.000000    0.000000    0.000000    0.000000    0.000000    0.000000
   1.72658    0.939968    0.031895    0.003322    0.028573    0.011361    0.000000    0.000000    0.000000    0.000000    0.000000    0.000000
   1.73258    1.113590    0.039354    0.003989    0.035365    0.014658    0.000000    0.000000    0.000000    0.000000    0.000000    0.000000
   1.73858    1.324427    0.047989    0.004780    0.043209    0.018725    0.000000    0.000000    0.000000    0.000000    0.000000    0.000000
   1.74458    1.569516    0.057704    0.005684    0.052020    0.023612    0.000000    0.000000    0.000000    0.000000    0.000000    0.000000
   1.75058    1.844223    0.068341    0.006686    0.061655    0.029347    0.000000    0.000000    0.000000    0.000000    0.000000    0.000000
   1.75659    2.142334    0.079680    0.007765    0.071915    0.035923    0.000000    0.000000    0.000000    0.000000    0.000000    0.000000
   1.76259    2.456309    0.091451    0.008896    0.082555    0.043297    0.000000    0.000000    0.000000    0.000000    0.000000    0.000000
   1.76859    2.777709    0.103345    0.010051    0.093294    0.051387    0.000000    0.000000    0.000000    0.000000    0.000000    0.000000
   1.77459    3.097751    0.115040    0.011204    0.103836    0.060076    0.000000    0.000000    0.000000    0.000000    0.000000    0.000000
   1.78059    3.407969    0.126225    0.012330    0.113895    0.069214    0.000000    0.000000    0.000000    0.000000    0.000000    0.000000
   1.78660    3.700891    0.136627    0.013408    0.123219    0.078634    0.000000    0.000000    0.000000    0.000000    0.000000    0.000000
   1.79260    3.970649    0.146035    0.014425    0.131610    0.088157    0.000000    0.000000    0.000000    0.000000    0.000000    0.000000
   1.79860    4.213448    0.154319    0.015374    0.138945    0.097614    0.000000    0.000000    0.000000    0.000000    0.000000    0.000000
   1.80460    4.427812    0.161442    0.016257    0.145185    0.106848    0.000000    0.000000    0.000000    0.000000    0.000000    0.000000
   1.81060    4.614562    0.167457    0.017082    0.150375    0.115733    0.000000    0.000000    0.000000    0.000000    0.000000    0.000000
   1.81661    4.776531    0.172501    0.017864    0.154637    0.124170    0.000000    0.000000    0.000000    0.000000    0.000000    0.000000
   1.82261    4.918051    0.176771    0.018618    0.158153    0.132095    0.000000    0.000000    0.000000    0.000000    0.000000    0.000000
   1.82861    5.044281    0.180502    0.019360    0.161142    0.139471    0.000000    0.000000    0.000000    0.000000    0.000000    0.000000
   1.83461    5.160472    0.183937    0.020104    0.163834    0.146279    0.000000    0.000000    0.000000    0.000000    0.000000    0.000000
   1.84061    5.271303    0.187301    0.020856    0.166445    0.152508    0.000000    0.000000    0.000000    0.000000    0.000000    0.000000
   1.84662    5.380348    0.190774    0.021616    0.169158    0.158150    0.000000    0.000000    0.000000    0.000000    0.000000    0.000000
   1.85262    5.489781    0.194485    0.022378    0.172107    0.163186    0.000000    0.000000    0.000000    0.000000    0.000000    0.000000
   1.85862    5.600321    0.198499    0.023126    0.175372    0.167588    0.000000    0.000000    0.000000    0.000000    0.000000    0.000000
   1.86462    5.711418    0.202824    0.023845    0.178980    0.171317    0.000000    0.000000    0.000000    0.000000    0.000000    0.000000
   1.87062    5.821611    0.207425    0.024514    0.182911    0.174327    0.000000    0.000000    0.000000    0.000000    0.000000    0.000000
   1.87663    5.928979    0.212234    0.025117    0.187117    0.176575    0.000000    0.000000    0.000000    0.000000    0.000000    0.000000
   1.88263    6.031603    0.217169    0.025641    0.191528    0.178028    0.000000    0.000000    0.000000    0.000000    0.000000    0.000000
   1.88863    6.127924    0.222152    0.026083    0.196069    0.178672    0.000000    0.000000    0.000000    0.000000    0.000000    0.000000
   1.89463    6.216980    0.227118    0.026447    0.200671    0.178520    0.000000    0.000000    0.000000    0.000000    0.000000    0.000000
   1.90063    6.298452    0.232019    0.026747    0.205272    0.177609    0.000000    0.000000    0.000000    0.000000    0.000000    0.000000
   1.90664    6.372572    0.236827    0.027003    0.209824    0.176007    0.000000    0.000000    0.000000    0.000000    0.000000    0.000000
   1.91264    6.439904    0.241532    0.027244    0.214289    0.173807    0.000000    0.000000    0.000000    0.000000    0.000000    0.000000
   1.91864    6.501066    0.246130    0.027499    0.218631    0.171116    0.000000    0.000000    0.000000    0.000000    0.000000    0.000000
   1.92464    6.556456    0.250616    0.027798    0.222818    0.168053    0.000000    0.000000    0.000000    0.000000    0.000000    0.000000
   1.93064    6.606029    0.254981    0.028168    0.226813    0.164740    0.000000    0.000000    0.000000    0.000000    0.000000    0.000000
   1.93665    6.649162    0.259196    0.028626    0.230571    0.161289    0.000000    0.000000    0.000000    0.000000    0.000000    0.000000
   1.94265    6.684611    0.263217    0.029181    0.234036    0.157799    0.000000    0.000000    0.000000    0.000000    0.000000    0.000000
   1.94865    6.710572    0.266975    0.029830    0.237145    0.154347    0.000000    0.000000    0.000000    0.000000    0.000000    0.000000
   1.95465    6.724808    0.270384    0.030557    0.239826    0.150986    0.000000    0.000000    0.000000    0.000000    0.000000    0.000000
   1.96065    6.724840    0.273339    0.031337    0.242002    0.147741    0.000000    0.000000    0.000000    0.000000    0.000000    0.000000
   1.96666    6.708174    0.275727    0.032130    0.243597    0.144613    0.000000    0.000000    0.000000    0.000000    0.000000    0.000000
   1.97266    6.672558    0.277437    0.032893    0.244544    0.141579    0.000000    0.000000    0.000000    0.000000    0.000000    0.000000
   1.97866    6.616262    0.278369    0.033575    0.244794    0.138600    0.000000    0.000000    0.000000    0.000000    0.000000    0.000000
   1.98466    6.538365    0.278455    0.034129    0.244326    0.135632    0.000000    0.000000    0.000000    0.000000    0.000000    0.000000
   1.99066    6.439051    0.277673    0.034512    0.243160    0.132636    0.000000    0.000000    0.000000    0.000000    0.000000    0.000000
   1.99667    6.319886    0.276063    0.034691    0.241371    0.129587    0.000000    0.000000    0.000000    0.000000    0.000000    0.000000
   2.00267    6.184038    0.273743    0.034649    0.239095    0.126490    0.000000    0.000000    0.000000    0.000000    0.000000    0.000000
   2.00867    6.036416    0.270920    0.034383    0.236537    0.123389    0.000000    0.000000    0.000000    0.000000    0.000000    0.000000
   2.01467    5.883664    0.267883    0.033911    0.233972    0.120368    0.000000    0.000000    0.000000    0.000000    0.000000    0.000000
   2.02067    5.733993    0.265006    0.033270    0.231736    0.117557    0.000000    0.000000    0.000000    0.000000    0.000000    0.000000
   2.02668    5.596831    0.262718    0.032509    0.230209    0.115121    0.000000    0.000000    0.000000    0.000000    0.000000    0.000000
   2.03268    5.482288    0.261485    0.031693    0.229792    0.113252    0.000000    0.000000    0.000000    0.000000    0.000000    0.000000
   2.03868    5.400496    0.261768    0.030889    0.230879    0.112152    0.000000    0.000000    0.000000    0.000000    0.000000    0.000000
   2.04468    5.360871    0.263988    0.030164    0.233824    0.112015    0.000000    0.000000    0.000000    0.000000    0.000000    0.000000
   2.05068    5.371384    0.268490    0.029582    0.238908    0.113004    0.000000    0.000000    0.000000    0.000000    0.000000    0.000000
   2.05669    5.437941    0.275507    0.029190    0.246317    0.115231    0.000000    0.000000    0.000000    0.000000    0.000000    0.000000
   2.06269    5.563926    0.285143    0.029022    0.256121    0.118750    0.000000    0.000000    0.000000    0.000000    0.000000    0.000000
   2.06869    5.749989    0.297359    0.029093    0.268266    0.123540    0.000000    0.000000    0.000000    0.000000    0.000000    0.000000
   2.07469    5.994076    0.311980    0.029399    0.282581    0.129507    0.000000    0.000000    0.000000    0.000000    0.000000    0.000000
   2.08069    6.291689    0.328708    0.029921    0.298787    0.136488    0.000000    0.000000    0.000000    0.000000    0.000000    0.000000
   2.08670    6.636331    0.347149    0.030627    0.316522    0.144267    0.000000    0.000000    0.000000    0.000000    0.000000    0.000000
   2.09270    7.020040    0.366840    0.031475    0.335365    0.152583    0.000000    0.000000    0.000000    0.000000    0.000000    0.000000
   2.09870    7.433937    0.387283    0.032419    0.354864    0.161158    0.000000    0.000000    0.000000    0.000000    0.000000    0.000000
   2.10470    7.868697    0.407970    0.033415    0.374555    0.169708    0.000000    0.000000    0.000000    0.000000    0.000000    0.000000
   2.11070    8.314879    0.428404    0.034419    0.393985    0.177961    0.000000    0.000000    0.000000    0.000000    0.000000    0.000000
   2.11671    8.763105    0.448113    0.035393    0.412720    0.185668    0.000000    0.000000    0.000000    0.000000    0.000000    0.000000
   2.12271    9.204070    0.466652    0.036304    0.430348    0.192613    0.000000    0.000000    0.000000    0.000000    0.000000    0.000000
   2.12871    9.628471    0.483603    0.037124    0.446479    0.198611    0.000000    0.000000    0.000000    0.000000    0.000000    0.000000
   2.13471   10.026895    0.498571    0.037827    0.460743    0.203508    0.000000    0.000000    0.000000    0.000000    0.000000    0.000000
   2.14071   10.389767    0.511178    0.038391    0.472787    0.207180    0.000000    0.000000    0.000000    0.000000    0.000000    0.000000
   2.14672   10.707436    0.521069    0.038792    0.482276    0.209529    0.000000    0.000000    0.000000    0.000000    0.000000    0.000000
   2.15272   10.970433    0.527914    0.039009    0.488905    0.210479    0.000000    0.000000    0.000000    0.000000    0.000000    0.000000
   2.15872   11.169925    0.531427    0.039019    0.492408    0.209981    0.000000    0.000000    0.000000    0.000000    0.000000    0.000000
   2.16472   11.298317    0.531388    0.038802    0.492587    0.208010    0.000000    0.000000    0.000000    0.000000    0.000000    0.000000
   2.17072   11.349937    0.527665    0.038341    0.489324    0.204576    0.000000    0.000000    0.000000    0.000000    0.000000    0.000000
   2.17673   11.321690    0.520237    0.037625    0.482612    0.199722    0.000000    0.000000    0.000000    0.000000    0.000000    0.000000
   2.18273   11.213584    0.509217    0.036652    0.472565    0.193537    0.000000    0.000000    0.000000    0.000000    0.000000    0.000000
   2.18873   11.029009    0.494853    0.035430    0.459423    0.186146    0.000000    0.000000    0.000000    0.000000    0.000000    0.000000
   2.19473   10.774727    0.477532    0.033977    0.443555    0.177718    0.000000    0.000000    0.000000    0.000000    0.000000    0.000000
   2.20073   10.460524    0.457758    0.032324    0.425434    0.168456    0.000000    0.000000    0.000000    0.000000    0.000000    0.000000
   2.20674   10.098575    0.436126    0.030511    0.405615    0.158584    0.000000    0.000000    0.000000    0.000000    0.000000    0.000000
   2.21274    9.702591    0.413288    0.028587    0.384701    0.148341    0.000000    0.000000    0.000000    0.000000    0.000000    0.000000
   2.21874    9.286848    0.389913    0.026604    0.363309    0.137964    0.000000    0.000000    0.000000    0.000000    0.000000    0.000000
   2.22474    8.865232    0.366651    0.024620    0.342031    0.127680    0.000000    0.000000    0.000000    0.000000    0.000000    0.000000
   2.23074    8.450411    0.344102    0.022688    0.321414    0.117688    0.000000    0.000000    0.000000    0.000000    0.000000    0.000000
   2.23675    8.053208    0.322799    0.020862    0.301937    0.108161    0.000000    0.000000    0.000000    0.000000    0.000000    0.000000
   2.24275    7.682246    0.303190    0.019186    0.284004    0.099237    0.000000    0.000000    0.000000    0.000000    0.000000    0.000000
   2.24875    7.343839    0.285642    0.017700    0.267942    0.091022    0.000000    0.000000    0.000000    0.000000    0.000000    0.000000
   2.25475    7.042105    0.270437    0.016432    0.254005    0.083589    0.000000    0.000000    0.000000    0.000000    0.000000    0.000000
   2.26075    6.779217    0.257784    0.015403    0.242382    0.076988    0.000000    0.000000    0.000000    0.000000    0.000000    0.000000
   2.26676    6.555731    0.247821    0.014623    0.233198    0.071242    0.000000    0.000000    0.000000    0.000000    0.000000    0.000000
   2.27276    6.370893    0.240611    0.014094    0.226517    0.066361    0.000000    0.000000    0.000000    0.000000    0.000000    0.000000
   2.27876    6.222890    0.236144    0.013807    0.222336    0.062336    0.000000    0.000000    0.000000    0.000000    0.000000    0.000000
   2.28476    6.109022    0.234325    0.013748    0.220577    0.059147    0.000000    0.000000    0.000000    0.000000    0.000000    0.000000
   2.29076    6.025804    0.234970    0.013891    0.221079    0.056756    0.000000    0.000000    0.000000    0.000000    0.000000    0.000000
   2.29677    5.969042    0.237801    0.014208    0.223593    0.055118    0.000000    0.000000    0.000000    0.000000    0.000000    0.000000
   2.30277    5.933943    0.242449    0.014665    0.227784    0.054169    0.000000    0.000000    0.000000    0.000000    0.000000    0.000000
   2.30877    5.915291    0.248473    0.015229    0.233244    0.053839    0.000000    0.000000    0.000000    0.000000    0.000000    0.000000
   2.31477    5.907738    0.255384    0.015866    0.239517    0.054050    0.000000    0.000000    0.000000    0.000000    0.000000    0.000000
   2.32077    5.906215    0.262683    0.016549    0.246134    0.054721    0.000000    0.000000    0.000000    0.000000    0.000000    0.000000
   2.32678    5.906424    0.269907    0.017256    0.252651    0.055776    0.000000    0.000000    0.000000    0.000000    0.000000    0.000000
   2.33278    5.905370    0.276675    0.017975    0.258700    0.057152    0.000000    0.000000    0.000000    0.000000    0.000000    0.000000
   2.33878    5.901846    0.282731    0.018707    0.264024    0.058801    0.000000    0.000000    0.000000    0.000000    0.000000    0.000000
   2.34478    5.896806    0.287976    0.019461    0.268515    0.060700    0.000000    0.000000    0.000000    0.000000    0.000000    0.000000
   2.35078    5.893531    0.292484    0.020258    0.272227    0.062851    0.000000    0.000000    0.000000    0.000000    0.000000    0.000000
   2.35679    5.897566    0.296504    0.021123    0.275382    0.065275    0.000000    0.000000    0.000000    0.000000    0.000000    0.000000
   2.36279    5.916384    0.300437    0.022087    0.278350    0.068017    0.000000    0.000000    0.000000    0.000000    0.000000    0.000000
   2.36879    5.958813    0.304798    0.023180    0.281618    0.071131    0.000000    0.000000    0.000000    0.000000    0.000000    0.000000
   2.37479    6.034265    0.310171    0.024427    0.285744    0.074671    0.000000    0.000000    0.000000    0.000000    0.000000    0.000000
   2.38079    6.151845    0.317143    0.025842    0.291301    0.078684    0.000000    0.000000    0.000000    0.000000    0.000000    0.000000
   2.38680    6.319434    0.326246    0.027430    0.298816    0.083195    0.000000    0.000000    0.000000    0.000000    0.000000    0.000000
   2.39280    6.542837    0.337899    0.029179    0.308719    0.088202    0.000000    0.000000    0.000000    0.000000    0.000000    0.000000
   2.39880    6.825074    0.352352    0.031063    0.321289    0.093665    0.000000    0.000000    0.000000    0.000000    0.000000    0.000000
   2.40480    7.165886    0.369658    0.033041    0.336617    0.099503    0.000000    0.000000    0.000000    0.000000    0.000000    0.000000
   2.41080    7.561496    0.389642    0.035060    0.354582    0.105600    0.000000    0.000000    0.000000    0.000000    0.000000    0.000000
   2.41681    8.004631    0.411903    0.037058    0.374845    0.111801    0.000000    0.000000    0.000000    0.000000    0.000000    0.000000
   2.42281    8.484790    0.435826    0.038968    0.396858    0.117927    0.000000    0.000000    0.000000    0.000000    0.000000    0.000000
   2.42881    8.988733    0.460612    0.040720    0.419892    0.123780    0.000000    0.000000    0.000000    0.000000    0.000000    0.000000
   2.43481    9.501138    0.485326    0.042248    0.443077    0.129159    0.000000    0.000000    0.000000    0.000000    0.000000    0.000000
   2.44081   10.005370    0.508956    0.043496    0.465460    0.133870    0.000000    0.000000    0.000000    0.000000    0.000000    0.000000
   2.44682   10.484312    0.530476    0.044415    0.486060    0.137740    0.000000    0.000000    0.000000    0.000000    0.000000    0.000000
   2.45282   10.921204    0.548914    0.044973    0.503941    0.140626    0.000000    0.000000    0.000000    0.000000    0.000000    0.000000
   2.45882   11.300456    0.563418    0.045152    0.518266    0.142427    0.000000    0.000000    0.000000    0.000000    0.000000    0.000000
   2.46482   11.608392    0.573311    0.044950    0.528360    0.143088    0.000000    0.000000    0.000000    0.000000    0.000000    0.000000
   2.47082   11.833915    0.578136    0.044384    0.533751    0.142603    0.000000    0.000000    0.000000    0.000000    0.000000    0.000000
   2.47683   11.969063    0.577684    0.043485    0.534199    0.141019    0.000000    0.000000    0.000000    0.000000    0.000000    0.000000
   2.48283   12.009445    0.572005    0.042297    0.529708    0.138428    0.000000    0.000000    0.000000    0.000000    0.000000    0.000000
   2.48883   11.954547    0.561403    0.040876    0.520527    0.134969    0.000000    0.000000    0.000000    0.000000    0.000000    0.000000
   2.49483   11.807884    0.546414    0.039287    0.507127    0.130816    0.000000    0.000000    0.000000    0.000000    0.000000    0.000000
   2.50083   11.576983    0.527772    0.037599    0.490173    0.126172    0.000000    0.000000    0.000000    0.000000    0.000000    0.000000
   2.50684   11.273178    0.506365    0.035884    0.470480    0.121259    0.000000    0.000000    0.000000    0.000000    0.000000    0.000000
   2.51284   10.911205    0.483187    0.034216    0.448971    0.116309    0.000000    0.000000    0.000000    0.000000    0.000000    0.000000
   2.51884   10.508584    0.459286    0.032663    0.426624    0.111554    0.000000    0.000000    0.000000    0.000000    0.000000    0.000000
   2.52484   10.084804    0.435712    0.031290    0.404423    0.107213    0.000000    0.000000    0.000000    0.000000    0.000000    0.000000
   2.53084    9.660347    0.413470    0.030154    0.383316    0.103488    0.000000    0.000000    0.000000    0.000000    0.000000    0.000000
   2.53685    9.255590    0.393474    0.029306    0.364169    0.100550    0.000000    0.000000    0.000000    0.000000    0.000000    0.000000
   2.54285    8.889684    0.376513    0.028783    0.347730    0.098532    0.000000    0.000000    0.000000    0.000000    0.000000    0.000000
   2.54885    8.579466    0.363215    0.028613    0.334602    0.097526    0.000000    0.000000    0.000000    0.000000    0.000000    0.000000
   2.55485    8.338523    0.354032    0.028810    0.325223    0.097573    0.000000    0.000000    0.000000    0.000000    0.000000    0.000000
   2.56085    8.176476    0.349222    0.029374    0.319849    0.098667    0.000000    0.000000    0.000000    0.000000    0.000000    0.000000
   2.56686    8.098541    0.348846    0.030291    0.318554    0.100751    0.000000    0.000000    0.000000    0.000000    0.000000    0.000000
   2.57286    8.105401    0.352771    0.031534    0.321237    0.103723    0.000000    0.000000    0.000000    0.000000    0.000000    0.000000
   2.57886    8.193381    0.360688    0.033061    0.327628    0.107439    0.000000    0.000000    0.000000    0.000000    0.000000    0.000000
   2.58486    8.354886    0.372129    0.034816    0.337313    0.111724    0.000000    0.000000    0.000000    0.000000    0.000000    0.000000
   2.59086    8.579047    0.386493    0.036734    0.349758    0.116376    0.000000    0.000000    0.000000    0.000000    0.000000    0.000000
   2.59687    8.852497    0.403077    0.038741    0.364335    0.121181    0.000000    0.000000    0.000000    0.000000    0.000000    0.000000
   2.60287    9.160199    0.421108    0.040756    0.380352    0.125919    0.000000    0.000000    0.000000    0.000000    0.000000    0.000000
   2.60887    9.486277    0.439777    0.042693    0.397084    0.130374    0.000000    0.000000    0.000000    0.000000    0.000000    0.000000
   2.61487    9.814775    0.458274    0.044470    0.413804    0.134344    0.000000    0.000000    0.000000    0.000000    0.000000    0.000000
   2.62087   10.130331    0.475814    0.046007    0.429807    0.137648    0.000000    0.000000    0.000000    0.000000    0.000000    0.000000
   2.62688   10.418739    0.491672    0.047231    0.444440    0.140134    0.000000    0.000000    0.000000    0.000000    0.000000    0.000000
   2.63288   10.667387    0.505207    0.048085    0.457122    0.141679    0.000000    0.000000    0.000000    0.000000    0.000000    0.000000
   2.63888   10.865579    0.515884    0.048521    0.467362    0.142199    0.000000    0.000000    0.000000    0.000000    0.000000    0.000000
   2.64488   11.004733    0.523287    0.048515    0.474772    0.141647    0.000000    0.000000    0.000000    0.000000    0.000000    0.000000
   2.65088   11.078481    0.527132    0.048055    0.479077    0.140015    0.000000    0.000000    0.000000    0.000000    0.000000    0.000000
   2.65689   11.082661    0.527266    0.047154    0.480112    0.137329    0.000000    0.000000    0.000000    0.000000    0.000000    0.000000
   2.66289   11.015245    0.523662    0.045838    0.477825    0.133651    0.000000    0.000000    0.000000    0.000000    0.000000    0.000000
   2.66889   10.876203    0.516410    0.044150    0.472261    0.129069    0.000000    0.000000    0.000000    0.000000    0.000000    0.000000
   2.67489   10.667354    0.505700    0.042144    0.463556    0.123694    0.000000    0.000000    0.000000    0.000000    0.000000    0.000000
   2.68089   10.392205    0.491805    0.039883    0.451922    0.117655    0.000000    0.000000    0.000000    0.000000    0.000000    0.000000
   2.68690   10.055824    0.475065    0.037432    0.437633    0.111092    0.000000    0.000000    0.000000    0.000000    0.000000    0.000000
   2.69290    9.664732    0.455872    0.034856    0.421016    0.104150    0.000000    0.000000    0.000000    0.000000    0.000000    0.000000
   2.69890    9.226819    0.434660    0.032219    0.402441    0.096976    0.000000    0.000000    0.000000    0.000000    0.000000    0.000000
   2.70490    8.751259    0.411894    0.029575    0.382319    0.089718    0.000000    0.000000    0.000000    0.000000    0.000000    0.000000
   2.71090    8.248386    0.388067    0.026976    0.361092    0.082515    0.000000    0.000000    0.000000    0.000000    0.000000    0.000000
   2.71691    7.729507    0.363692    0.024461    0.339231    0.075503    0.000000    0.000000    0.000000    0.000000    0.000000    0.000000
   2.72291    7.206604    0.339296    0.022067    0.317229    0.068804    0.000000    0.000000    0.000000    0.000000    0.000000    0.000000
   2.72891    6.691932    0.315406    0.019820    0.295586    0.062532    0.000000    0.000000    0.000000    0.000000    0.000000    0.000000
   2.73491    6.197501    0.292537    0.017740    0.274797    0.056780    0.000000    0.000000    0.000000    0.000000    0.000000    0.000000
   2.74091    5.734477    0.271168    0.015842    0.255326    0.051626    0.000000    0.000000    0.000000    0.000000    0.000000    0.000000
   2.74692    5.312557    0.251721    0.014136    0.237585    0.047124    0.000000    0.000000    0.000000    0.000000    0.000000    0.000000
   2.75292    4.939366    0.234533    0.012626    0.221907    0.043302    0.000000    0.000000    0.000000    0.000000    0.000000    0.000000
   2.75892    4.619966    0.219834    0.011311    0.208523    0.040162    0.000000    0.000000    0.000000    0.000000    0.000000    0.000000
   2.76492    4.356507    0.207729    0.010186    0.197543    0.037678    0.000000    0.000000    0.000000    0.000000    0.000000    0.000000
   2.77092    4.148099    0.198186    0.009241    0.188946    0.035800    0.000000    0.000000    0.000000    0.000000    0.000000    0.000000
   2.77693    3.990905    0.191039    0.008461    0.182579    0.034452    0.000000    0.000000    0.000000    0.000000    0.000000    0.000000
   2.78293    3.878452    0.185995    0.007829    0.178166    0.033543    0.000000    0.000000    0.000000    0.000000    0.000000    0.000000
   2.78893    3.802156    0.182656    0.007325    0.175331    0.032971    0.000000    0.000000    0.000000    0.000000    0.000000    0.000000
   2.79493    3.751985    0.180550    0.006929    0.173621    0.032626    0.000000    0.000000    0.000000    0.000000    0.000000    0.000000
   2.80093    3.717224    0.179163    0.006619    0.172543    0.032403    0.000000    0.000000    0.000000    0.000000    0.000000    0.000000
   2.80694    3.687265    0.177983    0.006378    0.171605    0.032208    0.000000    0.000000    0.000000    0.000000    0.000000    0.000000
   2.81294    3.652364    0.176535    0.006190    0.170345    0.031959    0.000000    0.000000    0.000000    0.000000    0.000000    0.000000
   2.81894    3.604295    0.174416    0.006042    0.168374    0.031598    0.000000    0.000000    0.000000    0.000000    0.000000    0.000000
   2.82494    3.536876    0.171324    0.005929    0.165395    0.031088    0.000000    0.000000    0.000000    0.000000    0.000000    0.000000
   2.83094    3.446308    0.167076    0.005849    0.161227    0.030417    0.000000    0.000000    0.000000    0.000000    0.000000    0.000000
   2.83695    3.331326    0.161617    0.005807    0.155810    0.029598    0.000000    0.000000    0.000000    0.000000    0.000000    0.000000
   2.84295    3.193146    0.155017    0.005811    0.149206    0.028665    0.000000    0.000000    0.000000    0.000000    0.000000    0.000000
   2.84895    3.035222    0.147461    0.005873    0.141588    0.027667    0.000000    0.000000    0.000000    0.000000    0.000000    0.000000
   2.85495    2.862846    0.139223    0.006006    0.133217    0.026669    0.000000    0.000000    0.000000    0.000000    0.000000    0.000000
   2.86095    2.682624    0.130643    0.006225    0.124418    0.025739    0.000000    0.000000    0.000000    0.000000    0.000000    0.000000
   2.86696    2.501882    0.122090    0.006540    0.115551    0.024947    0.000000    0.000000    0.000000    0.000000    0.000000    0.000000
   2.87296    2.328075    0.113939    0.006959    0.106980    0.024355    0.000000    0.000000    0.000000    0.000000    0.000000    0.000000
   2.87896    2.168250    0.106532    0.007485    0.099047    0.024017    0.000000    0.000000    0.000000    0.000000    0.000000    0.000000
   2.88496    2.028627    0.100167    0.008114    0.092052    0.023972    0.000000    0.000000    0.000000    0.000000    0.000000    0.000000
   2.89096    1.914344    0.095075    0.008838    0.086237    0.024247    0.000000    0.000000    0.000000    0.000000    0.000000    0.000000
   2.89697    1.829374    0.091424    0.009641    0.081783    0.024855    0.000000    0.000000    0.000000    0.000000    0.000000    0.000000
   2.90297    1.776635    0.089319    0.010504    0.078815    0.025802    0.000000    0.000000    0.000000    0.000000    0.000000    0.000000
   2.90897    1.758228    0.088819    0.011407    0.077412    0.027089    0.000000    0.000000    0.000000    0.000000    0.000000    0.000000
   2.91497    1.775778    0.089950    0.012330    0.077620    0.028720    0.000000    0.000000    0.000000    0.000000    0.000000    0.000000
   2.92097    1.830786    0.092725    0.013255    0.079470    0.030704    0.000000    0.000000    0.000000    0.000000    0.000000    0.000000
   2.92698    1.924920    0.097161    0.014167    0.082994    0.033064    0.000000    0.000000    0.000000    0.000000    0.000000    0.000000
   2.93298    2.060183    0.103287    0.015058    0.088229    0.035830    0.000000    0.000000    0.000000    0.000000    0.000000    0.000000
   2.93898    2.238894    0.111144    0.015924    0.095220    0.039048    0.000000    0.000000    0.000000    0.000000    0.000000    0.000000
   2.94498    2.463470    0.120783    0.016768    0.104015    0.042767    0.000000    0.000000    0.000000    0.000000    0.000000    0.000000
   2.95098    2.736013    0.132240    0.017592    0.114648    0.047032    0.000000    0.000000    0.000000    0.000000    0.000000    0.000000
   2.95699    3.057738    0.145522    0.018403    0.127118    0.051879    0.000000    0.000000    0.000000    0.000000    0.000000    0.000000
   2.96299    3.428331    0.160576    0.019206    0.141370    0.057321    0.000000    0.000000    0.000000    0.000000    0.000000    0.000000
   2.96899    3.845300    0.177267    0.020001    0.157266    0.063336    0.000000    0.000000    0.000000    0.000000    0.000000    0.000000
   2.97499    4.303433    0.195355    0.020787    0.174569    0.069864    0.000000    0.000000    0.000000    0.000000    0.000000    0.000000
   2.98099    4.794435    0.214485    0.021554    0.192932    0.076795    0.000000    0.000000    0.000000    0.000000    0.000000    0.000000
   2.98700    5.306829    0.234184    0.022288    0.211896    0.083975    0.000000    0.000000    0.000000    0.000000    0.000000    0.000000
   2.99300    5.826148    0.253870    0.022970    0.230900    0.091203    0.000000    0.000000    0.000000    0.000000    0.000000    0.000000
   2.99900    6.335447    0.272877    0.023576    0.249302    0.098244    0.000000    0.000000    0.000000    0.000000    0.000000    0.000000
   3.00500    6.816091    0.290487    0.024078    0.266409    0.104838    0.000000    0.000000    0.000000    0.000000    0.000000    0.000000
   3.01100    7.248783    0.305968    0.024450    0.281518    0.110715    0.000000    0.000000    0.000000    0.000000    0.000000    0.000000
   3.01701    7.614735    0.318621    0.024664    0.293957    0.115616    0.000000    0.000000    0.000000    0.000000    0.000000    0.000000
   3.02301    7.896895    0.327825    0.024695    0.303131    0.119303    0.000000    0.000000    0.000000    0.000000    0.000000    0.000000
   3.02901    8.081114    0.333082    0.024522    0.308560    0.121582    0.000000    0.000000    0.000000    0.000000    0.000000    0.000000
   3.03501    8.157149    0.334048    0.024132    0.309916    0.122314    0.000000    0.000000    0.000000    0.000000    0.000000    0.000000
   3.04101    8.119420    0.330563    0.023517    0.307046    0.121425    0.000000    0.000000    0.000000    0.000000    0.000000    0.000000
   3.04702    7.967431    0.322660    0.022678    0.299983    0.118912    0.000000    0.000000    0.000000    0.000000    0.000000    0.000000
   3.05302    7.705837    0.310570    0.021625    0.288945    0.114844    0.000000    0.000000    0.000000    0.000000    0.000000    0.000000
   3.05902    7.344136    0.294701    0.020379    0.274322    0.109357    0.000000    0.000000    0.000000    0.000000    0.000000    0.000000
   3.06502    6.896023    0.275618    0.018966    0.256652    0.102645    0.000000    0.000000    0.000000    0.000000    0.000000    0.000000
   3.07102    6.378451    0.254001    0.017422    0.236579    0.094948    0.000000    0.000000    0.000000    0.000000    0.000000    0.000000
   3.07703    5.810509    0.230605    0.015787    0.214818    0.086538    0.000000    0.000000    0.000000    0.000000    0.000000    0.000000
   3.08303    5.212199    0.206213    0.014104    0.192109    0.077698    0.000000    0.000000    0.000000    0.000000    0.000000    0.000000
   3.08903    4.603218    0.181587    0.012418    0.169169    0.068707    0.000000    0.000000    0.000000    0.000000    0.000000    0.000000
   3.09503    4.001864    0.157428    0.010770    0.146659    0.059827    0.000000    0.000000    0.000000    0.000000    0.000000    0.000000
   3.10103    3.424130    0.134347    0.009197    0.125150    0.051288    0.000000    0.000000    0.000000    0.000000    0.000000    0.000000
   3.10704    2.883054    0.112831    0.007730    0.105101    0.043279    0.000000    0.000000    0.000000    0.000000    0.000000    0.000000
   3.11304    2.388349    0.093241    0.006393    0.086848    0.035941    0.000000    0.000000    0.000000    0.000000    0.000000    0.000000
   3.11904    1.946322    0.075802    0.005201    0.070601    0.029368    0.000000    0.000000    0.000000    0.000000    0.000000    0.000000
   3.12504    1.560033    0.060614    0.004161    0.056453    0.023607    0.000000    0.000000    0.000000    0.000000    0.000000    0.000000
   3.13104    1.229664    0.047666    0.003273    0.044393    0.018665    0.000000    0.000000    0.000000    0.000000    0.000000    0.000000
   3.13705    0.953030    0.036856    0.002531    0.034325    0.014513    0.000000    0.000000    0.000000    0.000000    0.000000    0.000000
   3.14305    0.726156    0.028017    0.001923    0.026093    0.011096    0.000000    0.000000    0.000000    0.000000    0.000000    0.000000
   3.14905    0.543868    0.020934    0.001436    0.019498    0.008340    0.000000    0.000000    0.000000    0.000000    0.000000    0.000000
   3.15505    0.400348    0.015373    0.001054    0.014320    0.006161    0.000000    0.000000    0.000000    0.000000    0.000000    0.000000
   3.16105    0.289604    0.011094    0.000759    0.010335    0.004474    0.000000    0.000000    0.000000    0.000000    0.000000    0.000000
   3.16706    0.205844    0.007867    0.000537    0.007329    0.003192    0.000000    0.000000    0.000000    0.000000    0.000000    0.000000
   3.17306    0.143743    0.005480    0.000374    0.005106    0.002237    0.000000    0.000000    0.000000    0.000000    0.000000    0.000000
   3.17906    0.098605    0.003750    0.000255    0.003495    0.001541    0.000000    0.000000    0.000000    0.000000    0.000000    0.000000
   3.18506    0.066440    0.002520    0.000171    0.002349    0.001042    0.000000    0.000000    0.000000    0.000000    0.000000    0.000000
   3.19106    0.043967    0.001664    0.000113    0.001551    0.000692    0.000000    0.000000    0.000000    0.000000    0.000000    0.000000
   3.19707    0.028573    0.001079    0.000073    0.001006    0.000452    0.000000    0.000000    0.000000    0.000000    0.000000    0.000000
   3.20307    0.018233    0.000687    0.000046    0.000640    0.000289    0.000000    0.000000    0.000000    0.000000    0.000000    0.000000
   3.20907    0.011424    0.000429    0.000029    0.000400    0.000182    0.000000    0.000000    0.000000    0.000000    0.000000    0.000000
   3.21507    0.007027    0.000263    0.000018    0.000246    0.000112    0.000000    0.000000    0.000000    0.000000    0.000000    0.000000
   3.22107    0.004244    0.000159    0.000011    0.000148    0.000068    0.000000    0.000000    0.000000    0.000000    0.000000    0.000000
   3.22708    0.002515    0.000094    0.000006    0.000088    0.000041    0.000000    0.000000    0.000000    0.000000    0.000000    0.000000
   3.23308    0.001464    0.000054    0.000004    0.000051    0.000024    0.000000    0.000000    0.000000    0.000000    0.000000    0.000000
   3.23908    0.000836    0.000031    0.000002    0.000029    0.000014    0.000000    0.000000    0.000000    0.000000    0.000000    0.000000
   3.24508    0.000468    0.000017    0.000001    0.000016    0.000008    0.000000    0.000000    0.000000    0.000000    0.000000    0.000000
   3.25108    0.000258    0.000010    0.000001    0.000009    0.000004    0.000000    0.000000    0.000000    0.000000    0.000000    0.000000
   3.25709    0.000139    0.000005    0.000000    0.000005    0.000002    0.000000    0.000000    0.000000    0.000000    0.000000    0.000000
   3.26309    0.000074    0.000003    0.000000    0.000003    0.000001    0.000000    0.000000    0.000000    0.000000    0.000000    0.000000
   3.26909    0.000038    0.000001    0.000000    0.000001    0.000001    0.000000    0.000000    0.000000    0.000000    0.000000    0.000000
   3.27509    0.000020    0.000001    0.000000    0.000001    0.000000    0.000000    0.000000    0.000000    0.000000    0.000000    0.000000
   3.28109    0.000010    0.000000    0.000000    0.000000    0.000000    0.000000    0.000000    0.000000    0.000000    0.000000    0.000000
   3.28710    0.000005    0.000000    0.000000    0.000000    0.000000    0.000000    0.000000    0.000000    0.000000    0.000000    0.000000
   3.29310    0.000002    0.000000    0.000000    0.000000    0.000000    0.000000    0.000000    0.000000    0.000000    0.000000    0.000000
   3.29910    0.000001    0.000000    0.000000    0.000000    0.000000    0.000000    0.000000    0.000000    0.000000    0.000000    0.000000
   3.30510    0.000001    0.000000    0.000000    0.000000    0.000000    0.000000    0.000000    0.000000    0.000000    0.000000    0.000000
   3.31110    0.000000    0.000000    0.000000    0.000000    0.000000    0.000000    0.000000    0.000000    0.000000    0.000000    0.000000
   3.31711    0.000000    0.000000    0.000000    0.000000    0.000000    0.000000    0.000000    0.000000    0.000000    0.000000    0.000000
   3.32311    0.000000    0.000000    0.000000    0.000000    0.000000    0.000000    0.000000    0.000000    0.000000    0.000000    0.000000
   3.32911    0.000000    0.000000    0.000000    0.000000    0.000000    0.000000    0.000000    0.000000    0.000000    0.000000    0.000000
   3.33511    0.000000    0.000000    0.000000    0.000000    0.000000    0.000000    0.000000    0.000000    0.000000    0.000000    0.000000
   3.34111    0.000000    0.000000    0.000000    0.000000    0.000000    0.000000    0.000000    0.000000    0.000000    0.000000    0.000000
   3.34712    0.000000    0.000000    0.000000    0.000000    0.000000    0.000000    0.000000    0.000000    0.000000    0.000000    0.000000
   3.35312    0.000000    0.000000    0.000000    0.000000    0.000000    0.000000    0.000000    0.000000    0.000000    0.000000    0.000000
   3.35912    0.000000    0.000000    0.000000    0.000000    0.000000    0.000000    0.000000    0.000000    0.000000    0.000000    0.000000
   3.36512    0.000000    0.000000    0.000000    0.000000    0.000000    0.000000    0.000000    0.000000    0.000000    0.000000    0.000000
   3.37112    0.000000    0.000000    0.000000    0.000000    0.000000    0.000000    0.000000    0.000000    0.000000    0.000000    0.000000
   3.37713    0.000000    0.000000    0.000000    0.000000    0.000000    0.000000    0.000000    0.000000    0.000000    0.000000    0.000000
   3.38313    0.000000    0.000000    0.000000    0.000000    0.000000    0.000000    0.000000    0.000000    0.000000    0.000000    0.000000
   3.38913    0.000000    0.000000    0.000000    0.000000    0.000000    0.000000    0.000000    0.000000    0.000000    0.000000    0.000000
   3.39513    0.000000    0.000000    0.000000    0.000000    0.000000    0.000000    0.000000    0.000000    0.000000    0.000000    0.000000
   3.40113    0.000000    0.000000    0.000000    0.000000    0.000000    0.000000    0.000000    0.000000    0.000000    0.000000    0.000000
   3.40714    0.000000    0.000000    0.000000    0.000000    0.000000    0.000000    0.000000    0.000000    0.000000    0.000000    0.000000
   3.41314    0.000000    0.000000    0.000000    0.000000    0.000000    0.000000    0.000000    0.000000    0.000000    0.000000    0.000000
   3.41914    0.000000    0.000000    0.000000    0.000000    0.000000    0.000000    0.000000    0.000000    0.000000    0.000000    0.000000
   3.42514    0.000000    0.000000    0.000000    0.000000    0.000000    0.000000    0.000000    0.000000    0.000000    0.000000    0.000000
   3.43114    0.000000    0.000000    0.000000    0.000000    0.000000    0.000000    0.000000    0.000000    0.000000    0.000000    0.000000
   3.43715    0.000000    0.000000    0.000000    0.000000    0.000000    0.000000    0.000000    0.000000    0.000000    0.000000    0.000000
   3.44315    0.000000    0.000000    0.000000    0.000000    0.000000    0.000000    0.000000    0.000000    0.000000    0.000000    0.000000
   3.44915    0.000000    0.000000    0.000000    0.000000    0.000000    0.000000    0.000000    0.000000    0.000000    0.000000    0.000000
   3.45515    0.000000    0.000000    0.000000    0.000000    0.000000    0.000000    0.000000    0.000000    0.000000    0.000000    0.000000
   3.46115    0.000000    0.000000    0.000000    0.000000    0.000000    0.000000    0.000000    0.000000    0.000000    0.000000    0.000000
   3.46716    0.000000    0.000000    0.000000    0.000000    0.000000    0.000000    0.000000    0.000000    0.000000    0.000000    0.000000
   3.47316    0.000000    0.000000    0.000000    0.000000    0.000000    0.000000    0.000000    0.000000    0.000000    0.000000    0.000000
   3.47916    0.000000    0.000000    0.000000    0.000000    0.000000    0.000000    0.000000    0.000000    0.000000    0.000000    0.000000
   3.48516    0.000000    0.000000    0.000000    0.000000    0.000000    0.000000    0.000000    0.000000    0.000000    0.000000    0.000000
   3.49116    0.000000    0.000000    0.000000    0.000000    0.000000    0.000000    0.000000    0.000000    0.000000    0.000000    0.000000
   3.49717    0.000000    0.000000    0.000000    0.000000    0.000000    0.000000    0.000000    0.000000    0.000000    0.000000    0.000000
   3.50317    0.000000    0.000000    0.000000    0.000000    0.000000    0.000000    0.000000    0.000000    0.000000    0.000000    0.000000
   3.50917    0.000000    0.000000    0.000000    0.000000    0.000000    0.000000    0.000000    0.000000    0.000000    0.000000    0.000000
   3.51517    0.000000    0.000000    0.000000    0.000000    0.000000    0.000000    0.000000    0.000000    0.000000    0.000000    0.000000
   3.52117    0.000000    0.000000    0.000000    0.000000    0.000000    0.000000    0.000000    0.000000    0.000000    0.000000    0.000000
   3.52718    0.000000    0.000000    0.000000    0.000000    0.000000    0.000000    0.000000    0.000000    0.000000    0.000000    0.000000
   3.53318    0.000000    0.000000    0.000000    0.000000    0.000000    0.000000    0.000000    0.000000    0.000000    0.000000    0.000000
   3.53918    0.000000    0.000000    0.000000    0.000000    0.000000    0.000000    0.000000    0.000000    0.000000    0.000000    0.000000
   3.54518    0.000000    0.000000    0.000000    0.000000    0.000000    0.000000    0.000000    0.000000    0.000000    0.000000    0.000000
   3.55118    0.000000    0.000000    0.000000    0.000000    0.000000    0.000000    0.000000    0.000000    0.000000    0.000000    0.000000
   3.55719    0.000000    0.000000    0.000000    0.000000    0.000000    0.000000    0.000000    0.000000    0.000000    0.000000    0.000000
   3.56319    0.000000    0.000000    0.000000    0.000000    0.000000    0.000000    0.000000    0.000000    0.000000    0.000000    0.000000
   3.56919    0.000000    0.000000    0.000000    0.000000    0.000000    0.000000    0.000000    0.000000    0.000000    0.000000    0.000000
   3.57519    0.000000    0.000000    0.000000    0.000000    0.000000    0.000000    0.000000    0.000000    0.000000    0.000000    0.000000
   3.58119    0.000000    0.000000    0.000000    0.000000    0.000000    0.000000    0.000000    0.000000    0.000000    0.000000    0.000000
   3.58720    0.000000    0.000000    0.000000    0.000000    0.000000    0.000000    0.000000    0.000000    0.000000    0.000000    0.000000
   3.59320    0.000000    0.000000    0.000000    0.000000    0.000000    0.000000    0.000000    0.000000    0.000000    0.000000    0.000000
   3.59920    0.000000    0.000000    0.000000    0.000000    0.000000    0.000000    0.000000    0.000000    0.000000    0.000000    0.000000
   3.60520    0.000000    0.000000    0.000000    0.000000    0.000000    0.000000    0.000000    0.000000    0.000000    0.000000    0.000000
   3.61120    0.000000    0.000000    0.000000    0.000000    0.000000    0.000000    0.000000    0.000000    0.000000    0.000000    0.000000
   3.61721    0.000000    0.000000    0.000000    0.000000    0.000000    0.000000    0.000000    0.000000    0.000000    0.000000    0.000000
   3.62321    0.000000    0.000000    0.000000    0.000000    0.000000    0.000000    0.000000    0.000000    0.000000    0.000000    0.000000
   3.62921    0.000000    0.000000    0.000000    0.000000    0.000000    0.000000    0.000000    0.000000    0.000000    0.000000    0.000000
   3.63521    0.000000    0.000000    0.000000    0.000000    0.000000    0.000000    0.000000    0.000000    0.000000    0.000000    0.000000
   3.64121    0.000000    0.000000    0.000000    0.000000    0.000000    0.000000    0.000000    0.000000    0.000000    0.000000    0.000000
   3.64722    0.000000    0.000000    0.000000    0.000000    0.000000    0.000000    0.000000    0.000000    0.000000    0.000000    0.000000
   3.65322    0.000000    0.000000    0.000000    0.000000    0.000000    0.000000    0.000000    0.000000    0.000000    0.000000    0.000000
   3.65922    0.000000    0.000000    0.000000    0.000000    0.000000    0.000000    0.000000    0.000000    0.000000    0.000000    0.000000
   3.66522    0.000000    0.000000    0.000000    0.000000    0.000000    0.000000    0.000000    0.000000    0.000000    0.000000    0.000000
   3.67122    0.000000    0.000000    0.000000    0.000000    0.000000    0.000000    0.000000    0.000000    0.000000    0.000000    0.000000
   3.67723    0.000000    0.000000    0.000000    0.000000    0.000000    0.000000    0.000000    0.000000    0.000000    0.000000    0.000000
   3.68323    0.000000    0.000000    0.000000    0.000000    0.000000    0.000000    0.000000    0.000000    0.000000    0.000000    0.000000
   3.68923    0.000000    0.000000    0.000000    0.000000    0.000000    0.000000    0.000000    0.000000    0.000000    0.000000    0.000000
   3.69523    0.000000    0.000000    0.000000    0.000000    0.000000    0.000000    0.000000    0.000000    0.000000    0.000000    0.000000
   3.70123    0.000000    0.000000    0.000000    0.000000    0.000000    0.000000    0.000000    0.000000    0.000000    0.000000    0.000000
   3.70724    0.000000    0.000000    0.000000    0.000000    0.000000    0.000000    0.000000    0.000000    0.000000    0.000000    0.000000
   3.71324    0.000000    0.000000    0.000000    0.000000    0.000000    0.000000    0.000000    0.000000    0.000000    0.000000    0.000000
   3.71924    0.000000    0.000000    0.000000    0.000000    0.000000    0.000000    0.000000    0.000000    0.000000    0.000000    0.000000
   3.72524    0.000000    0.000000    0.000000    0.000000    0.000000    0.000000    0.000000    0.000000    0.000000    0.000000    0.000000
   3.73124    0.000000    0.000000    0.000000    0.000000    0.000000    0.000000    0.000000    0.000000    0.000000    0.000000    0.000000
   3.73725    0.000000    0.000000    0.000000    0.000000    0.000000    0.000000    0.000000    0.000000    0.000000    0.000000    0.000000
   3.74325    0.000000    0.000000    0.000000    0.000000    0.000000    0.000000    0.000000    0.000000    0.000000    0.000000    0.000000
   3.74925    0.000000    0.000000    0.000000    0.000000    0.000000    0.000000    0.000000    0.000000    0.000000    0.000000    0.000000
   3.75525    0.000000    0.000000    0.000000    0.000000    0.000000    0.000000    0.000000    0.000000    0.000000    0.000000    0.000000
   3.76125    0.000000    0.000000    0.000000    0.000000    0.000000    0.000000    0.000000    0.000000    0.000000    0.000000    0.000000
   3.76726    0.000000    0.000000    0.000000    0.000000    0.000000    0.000000    0.000000    0.000000    0.000000    0.000000    0.000000
   3.77326    0.000000    0.000000    0.000000    0.000000    0.000000    0.000000    0.000000    0.000000    0.000000    0.000000    0.000000
   3.77926    0.000000    0.000000    0.000000    0.000000    0.000000    0.000000    0.000000    0.000000    0.000000    0.000000    0.000000
   3.78526    0.000000    0.000000    0.000000    0.000000    0.000000    0.000000    0.000000    0.000000    0.000000    0.000000    0.000000
   3.79126    0.000000    0.000000    0.000000    0.000000    0.000000    0.000000    0.000000    0.000000    0.000000    0.000000    0.000000
   3.79727    0.000000    0.000000    0.000000    0.000000    0.000000    0.000000    0.000000    0.000000    0.000000    0.000000    0.000000
   3.80327    0.000000    0.000000    0.000000    0.000000    0.000000    0.000000    0.000000    0.000000    0.000000    0.000000    0.000000
   3.80927    0.000000    0.000000    0.000000    0.000000    0.000000    0.000000    0.000000    0.000000    0.000000    0.000000    0.000000
   3.81527    0.000000    0.000000    0.000000    0.000000    0.000000    0.000000    0.000000    0.000000    0.000000    0.000000    0.000000
   3.82127    0.000000    0.000000    0.000000    0.000000    0.000000    0.000000    0.000000    0.000000    0.000000    0.000000    0.000000
   3.82728    0.000000    0.000000    0.000000    0.000000    0.000000    0.000000    0.000000    0.000000    0.000000    0.000000    0.000000
   3.83328    0.000000    0.000000    0.000000    0.000000    0.000000    0.000000    0.000000    0.000000    0.000000    0.000000    0.000000
   3.83928    0.000000    0.000000    0.000000    0.000000    0.000000    0.000000    0.000000    0.000000    0.000000    0.000000    0.000000
   3.84528    0.000000    0.000000    0.000000    0.000000    0.000000    0.000000    0.000000    0.000000    0.000000    0.000000    0.000000
   3.85128    0.000000    0.000000    0.000000    0.000000    0.000000    0.000000    0.000000    0.000000    0.000000    0.000000    0.000000
   3.85729    0.000000    0.000000    0.000000    0.000000    0.000000    0.000000    0.000000    0.000000    0.000000    0.000000    0.000000
   3.86329    0.000000    0.000000    0.000000    0.000000    0.000000    0.000000    0.000000    0.000000    0.000000    0.000000    0.000000
   3.86929    0.000000    0.000000    0.000000    0.000000    0.000000    0.000000    0.000000    0.000000    0.000000    0.000000    0.000000
   3.87529    0.000000    0.000000    0.000000    0.000000    0.000000    0.000000    0.000000    0.000000    0.000000    0.000000    0.000000
   3.88129    0.000000    0.000000    0.000000    0.000000    0.000000    0.000000    0.000000    0.000000    0.000000    0.000000    0.000000
   3.88730    0.000000    0.000000    0.000000    0.000000    0.000000    0.000000    0.000000    0.000000    0.000000    0.000000    0.000000
   3.89330    0.000000    0.000000    0.000000    0.000000    0.000000    0.000000    0.000000    0.000000    0.000000    0.000000    0.000000
   3.89930    0.000000    0.000000    0.000000    0.000000    0.000000    0.000000    0.000000    0.000000    0.000000    0.000000    0.000000
   3.90530    0.000000    0.000000    0.000000    0.000000    0.000000    0.000000    0.000000    0.000000    0.000000    0.000000    0.000000
   3.91130    0.000000    0.000000    0.000000    0.000000    0.000000    0.000000    0.000000    0.000000    0.000000    0.000000    0.000000
   3.91731    0.000000    0.000000    0.000000    0.000000    0.000000    0.000000    0.000000    0.000000    0.000000    0.000000    0.000000
   3.92331    0.000000    0.000000    0.000000    0.000000    0.000000    0.000000    0.000000    0.000000    0.000000    0.000000    0.000000
   3.92931    0.000000    0.000000    0.000000    0.000000    0.000000    0.000000    0.000000    0.000000    0.000000    0.000000    0.000000
   3.93531    0.000000    0.000000    0.000000    0.000000    0.000000    0.000000    0.000000    0.000000    0.000000    0.000000    0.000000
   3.94131    0.000000    0.000000    0.000000    0.000000    0.000000    0.000000    0.000000    0.000000    0.000000    0.000000    0.000000
   3.94732    0.000000    0.000000    0.000000    0.000000    0.000000    0.000000    0.000000    0.000000    0.000000    0.000000    0.000000
   3.95332    0.000000    0.000000    0.000000    0.000000    0.000000    0.000000    0.000000    0.000000    0.000000    0.000000    0.000000
   3.95932    0.000000    0.000000    0.000000    0.000000    0.000000    0.000000    0.000000    0.000000    0.000000    0.000000    0.000000
   3.96532    0.000000    0.000000    0.000000    0.000000    0.000000    0.000000    0.000000    0.000000    0.000000    0.000000    0.000000
   3.97132    0.000000    0.000000    0.000000    0.000000    0.000000    0.000000    0.000000    0.000000    0.000000    0.000000    0.000000
   3.97733    0.000000    0.000000    0.000000    0.000000    0.000000    0.000000    0.000000    0.000000    0.000000    0.000000    0.000000
   3.98333    0.000000    0.000000    0.000000    0.000000    0.000000    0.000000    0.000000    0.000000    0.000000    0.000000    0.000000
   3.98933    0.000000    0.000000    0.000000    0.000000    0.000000    0.000000    0.000000    0.000000    0.000000    0.000000    0.000000
   3.99533    0.000000    0.000000    0.000000    0.000000    0.000000    0.000000    0.000000    0.000000    0.000000    0.000000    0.000000
   4.00133    0.000000    0.000000    0.000000    0.000000    0.000000    0.000000    0.000000    0.000000    0.000000    0.000000    0.000000
   4.00734    0.000000    0.000000    0.000000    0.000000    0.000000    0.000000    0.000000    0.000000    0.000000    0.000000    0.000000
   4.01334    0.000000    0.000000    0.000000    0.000000    0.000000    0.000000    0.000000    0.000000    0.000000    0.000000    0.000000
   4.01934    0.000000    0.000000    0.000000    0.000000    0.000000    0.000000    0.000000    0.000000    0.000000    0.000000    0.000000
   4.02534    0.000000    0.000000    0.000000    0.000000    0.000000    0.000000    0.000000    0.000000    0.000000    0.000000    0.000000
   4.03134    0.000000    0.000000    0.000000    0.000000    0.000000    0.000000    0.000000    0.000000    0.000000    0.000000    0.000000
   4.03735    0.000000    0.000000    0.000000    0.000000    0.000000    0.000000    0.000000    0.000000    0.000000    0.000000    0.000000
   4.04335    0.000000    0.000000    0.000000    0.000000    0.000000    0.000000    0.000000    0.000000    0.000000    0.000000    0.000000
   4.04935    0.000000    0.000000    0.000000    0.000000    0.000000    0.000000    0.000000    0.000000    0.000000    0.000000    0.000000
   4.05535    0.000000    0.000000    0.000000    0.000000    0.000000    0.000000    0.000000    0.000000    0.000000    0.000000    0.000000
   4.06135    0.000000    0.000000    0.000000    0.000000    0.000000    0.000000    0.000000    0.000000    0.000000    0.000000    0.000000
   4.06736    0.000000    0.000000    0.000000    0.000000    0.000000    0.000000    0.000000    0.000000    0.000000    0.000000    0.000000
   4.07336    0.000000    0.000000    0.000000    0.000000    0.000000    0.000000    0.000000    0.000000    0.000000    0.000000    0.000000
   4.07936    0.000000    0.000000    0.000000    0.000000    0.000000    0.000000    0.000000    0.000000    0.000000    0.000000    0.000000
   4.08536    0.000000    0.000000    0.000000    0.000000    0.000000    0.000000    0.000000    0.000000    0.000000    0.000000    0.000000
   4.09136    0.000000    0.000000    0.000000    0.000000    0.000000    0.000000    0.000000    0.000000    0.000000    0.000000    0.000000
   4.09737    0.000000    0.000000    0.000000    0.000000    0.000000    0.000000    0.000000    0.000000    0.000000    0.000000    0.000000
   4.10337    0.000000    0.000000    0.000000    0.000000    0.000000    0.000000    0.000000    0.000000    0.000000    0.000000    0.000000
   4.10937    0.000000    0.000000    0.000000    0.000000    0.000000    0.000000    0.000000    0.000000    0.000000    0.000000    0.000000
   4.11537    0.000000    0.000000    0.000000    0.000000    0.000000    0.000000    0.000000    0.000000    0.000000    0.000000    0.000000
   4.12137    0.000000    0.000000    0.000000    0.000000    0.000000    0.000000    0.000000    0.000000    0.000000    0.000000    0.000000
   4.12738    0.000000    0.000000    0.000000    0.000000    0.000000    0.000000    0.000000    0.000000    0.000000    0.000000    0.000000
   4.13338    0.000000    0.000000    0.000000    0.000000    0.000000    0.000000    0.000000    0.000000    0.000000    0.000000    0.000000
   4.13938    0.000000    0.000000    0.000000    0.000000    0.000000    0.000000    0.000000    0.000000    0.000000    0.000000    0.000000
   4.14538    0.000000    0.000000    0.000000    0.000000    0.000000    0.000000    0.000000    0.000000    0.000000    0.000000    0.000000
   4.15138    0.000000    0.000000    0.000000    0.000000    0.000000    0.000000    0.000000    0.000000    0.000000    0.000000    0.000000
   4.15739    0.000000    0.000000    0.000000    0.000000    0.000000    0.000000    0.000000    0.000000    0.000000    0.000000    0.000000
   4.16339    0.000000    0.000000    0.000000    0.000000    0.000000    0.000000    0.000000    0.000000    0.000000    0.000000    0.000000
   4.16939    0.000000    0.000000    0.000000    0.000000    0.000000    0.000000    0.000000    0.000000    0.000000    0.000000    0.000000
   4.17539    0.000000    0.000000    0.000000    0.000000    0.000000    0.000000    0.000000    0.000000    0.000000    0.000000    0.000000
   4.18139    0.000000    0.000000    0.000000    0.000000    0.000000    0.000000    0.000000    0.000000    0.000000    0.000000    0.000000
   4.18740    0.000000    0.000000    0.000000    0.000000    0.000000    0.000000    0.000000    0.000000    0.000000    0.000000    0.000000
   4.19340    0.000000    0.000000    0.000000    0.000000    0.000000    0.000000    0.000000    0.000000    0.000000    0.000000    0.000000
   4.19940    0.000000    0.000000    0.000000    0.000000    0.000000    0.000000    0.000000    0.000000    0.000000    0.000000    0.000000
   4.20540    0.000000    0.000000    0.000000    0.000000    0.000000    0.000000    0.000000    0.000000    0.000000    0.000000    0.000000
   4.21140    0.000000    0.000000    0.000000    0.000000    0.000000    0.000000    0.000000    0.000000    0.000000    0.000000    0.000000
   4.21741    0.000000    0.000000    0.000000    0.000000    0.000000    0.000000    0.000000    0.000000    0.000000    0.000000    0.000000
   4.22341    0.000000    0.000000    0.000000    0.000000    0.000000    0.000000    0.000000    0.000000    0.000000    0.000000    0.000000
   4.22941    0.000000    0.000000    0.000000    0.000000    0.000000    0.000000    0.000000    0.000000    0.000000    0.000000    0.000000
   4.23541    0.000000    0.000000    0.000000    0.000000    0.000000    0.000000    0.000000    0.000000    0.000000    0.000000    0.000000
   4.24141    0.000000    0.000000    0.000000    0.000000    0.000000    0.000000    0.000000    0.000000    0.000000    0.000000    0.000000
   4.24742    0.000000    0.000000    0.000000    0.000000    0.000000    0.000000    0.000000    0.000000    0.000000    0.000000    0.000000
   4.25342    0.000000    0.000000    0.000000    0.000000    0.000000    0.000000    0.000000    0.000000    0.000000    0.000000    0.000000
   4.25942    0.000000    0.000000    0.000000    0.000000    0.000000    0.000000    0.000000    0.000000    0.000000    0.000000    0.000000
   4.26542    0.000000    0.000000    0.000000    0.000000    0.000000    0.000000    0.000000    0.000000    0.000000    0.000000    0.000000
   4.27142    0.000000    0.000000    0.000000    0.000000    0.000000    0.000000    0.000000    0.000000    0.000000    0.000000    0.000000
   4.27743    0.000000    0.000000    0.000000    0.000000    0.000000    0.000000    0.000000    0.000000    0.000000    0.000000    0.000000
   4.28343    0.000000    0.000000    0.000000    0.000000    0.000000    0.000000    0.000000    0.000000    0.000000    0.000000    0.000000
   4.28943    0.000000    0.000000    0.000000    0.000000    0.000000    0.000000    0.000000    0.000000    0.000000    0.000000    0.000000
   4.29543    0.000000    0.000000    0.000000    0.000000    0.000000    0.000000    0.000000    0.000000    0.000000    0.000000    0.000000
   4.30143    0.000000    0.000000    0.000000    0.000000    0.000000    0.000000    0.000000    0.000000    0.000000    0.000000    0.000000
   4.30744    0.000000    0.000000    0.000000    0.000000    0.000000    0.000000    0.000000    0.000000    0.000000    0.000000    0.000000
   4.31344    0.000000    0.000000    0.000000    0.000000    0.000000    0.000000    0.000000    0.000000    0.000000    0.000000    0.000000
   4.31944    0.000000    0.000000    0.000000    0.000000    0.000000    0.000000    0.000000    0.000000    0.000000    0.000000    0.000000
   4.32544    0.000000    0.000000    0.000000    0.000000    0.000000    0.000000    0.000000    0.000000    0.000000    0.000000    0.000000
   4.33144    0.000000    0.000000    0.000000    0.000000    0.000000    0.000000    0.000000    0.000000    0.000000    0.000000    0.000000
   4.33745    0.000000    0.000000    0.000000    0.000000    0.000000    0.000000    0.000000    0.000000    0.000000    0.000000    0.000000
   4.34345    0.000000    0.000000    0.000000    0.000000    0.000000    0.000000    0.000000    0.000000    0.000000    0.000000    0.000000
   4.34945    0.000000    0.000000    0.000000    0.000000    0.000000    0.000000    0.000000    0.000000    0.000000    0.000000    0.000000
   4.35545    0.000000    0.000000    0.000000    0.000000    0.000000    0.000000    0.000000    0.000000    0.000000    0.000000    0.000000
   4.36145    0.000000    0.000000    0.000000    0.000000    0.000000    0.000000    0.000000    0.000000    0.000000    0.000000    0.000000
   4.36746    0.000000    0.000000    0.000000    0.000000    0.000000    0.000000    0.000000    0.000000    0.000000    0.000000    0.000000
   4.37346    0.000000    0.000000    0.000000    0.000000    0.000000    0.000000    0.000000    0.000000    0.000000    0.000000    0.000000
   4.37946    0.000000    0.000000    0.000000    0.000000    0.000000    0.000000    0.000000    0.000000    0.000000    0.000000    0.000000
   4.38546    0.000000    0.000000    0.000000    0.000000    0.000000    0.000000    0.000000    0.000000    0.000000    0.000000    0.000000
   4.39146    0.000000    0.000000    0.000000    0.000000    0.000000    0.000000    0.000000    0.000000    0.000000    0.000000    0.000000
   4.39747    0.000000    0.000000    0.000000    0.000000    0.000000    0.000000    0.000000    0.000000    0.000000    0.000000    0.000000
   4.40347    0.000000    0.000000    0.000000    0.000000    0.000000    0.000000    0.000000    0.000000    0.000000    0.000000    0.000000
   4.40947    0.000000    0.000000    0.000000    0.000000    0.000000    0.000000    0.000000    0.000000    0.000000    0.000000    0.000000
   4.41547    0.000000    0.000000    0.000000    0.000000    0.000000    0.000000    0.000000    0.000000    0.000000    0.000000    0.000000
   4.42147    0.000000    0.000000    0.000000    0.000000    0.000000    0.000000    0.000000    0.000000    0.000000    0.000000    0.000000
   4.42748    0.000000    0.000000    0.000000    0.000000    0.000000    0.000000    0.000000    0.000000    0.000000    0.000000    0.000000
   4.43348    0.000000    0.000000    0.000000    0.000000    0.000000    0.000000    0.000000    0.000000    0.000000    0.000000    0.000000
   4.43948    0.000000    0.000000    0.000000    0.000000    0.000000    0.000000    0.000000    0.000000    0.000000    0.000000    0.000000
   4.44548    0.000000    0.000000    0.000000    0.000000    0.000000    0.000000    0.000000    0.000000    0.000000    0.000000    0.000000
   4.45148    0.000000    0.000000    0.000000    0.000000    0.000000    0.000000    0.000000    0.000000    0.000000    0.000000    0.000000
   4.45749    0.000000    0.000000    0.000000    0.000000    0.000000    0.000000    0.000000    0.000000    0.000000    0.000000    0.000000
   4.46349    0.000000    0.000000    0.000000    0.000000    0.000000    0.000000    0.000000    0.000000    0.000000    0.000000    0.000000
   4.46949    0.000000    0.000000    0.000000    0.000000    0.000000    0.000000    0.000000    0.000000    0.000000    0.000000    0.000000
   4.47549    0.000000    0.000000    0.000000    0.000000    0.000000    0.000000    0.000000    0.000000    0.000000    0.000000    0.000000
   4.48149    0.000000    0.000000    0.000000    0.000000    0.000000    0.000000    0.000000    0.000000    0.000000    0.000000    0.000000
   4.48750    0.000000    0.000000    0.000000    0.000000    0.000000    0.000000    0.000000    0.000000    0.000000    0.000000    0.000000
   4.49350    0.000000    0.000000    0.000000    0.000000    0.000000    0.000000    0.000000    0.000000    0.000000    0.000000    0.000000
   4.49950    0.000000    0.000000    0.000000    0.000000    0.000000    0.000000    0.000000    0.000000    0.000000    0.000000    0.000000
   4.50550    0.000000    0.000000    0.000000    0.000000    0.000000    0.000000    0.000000    0.000000    0.000000    0.000000    0.000000
   4.51150    0.000000    0.000000    0.000000    0.000000    0.000000    0.000000    0.000000    0.000000    0.000000    0.000000    0.000000
   4.51751    0.000000    0.000000    0.000000    0.000000    0.000000    0.000000    0.000000    0.000000    0.000000    0.000000    0.000000
   4.52351    0.000000    0.000000    0.000000    0.000000    0.000000    0.000000    0.000000    0.000000    0.000000    0.000000    0.000000
   4.52951    0.000000    0.000000    0.000000    0.000000    0.000000    0.000000    0.000000    0.000000    0.000000    0.000000    0.000000
   4.53551    0.000000    0.000000    0.000000    0.000000    0.000000    0.000000    0.000000    0.000000    0.000000    0.000000    0.000000
   4.54151    0.000000    0.000000    0.000000    0.000000    0.000000    0.000000    0.000000    0.000000    0.000000    0.000000    0.000000
   4.54752    0.000000    0.000000    0.000000    0.000000    0.000000    0.000000    0.000000    0.000000    0.000000    0.000000    0.000000
   4.55352    0.000000    0.000000    0.000000    0.000000    0.000000    0.000000    0.000000    0.000000    0.000000    0.000000    0.000000
   4.55952    0.000000    0.000000    0.000000    0.000000    0.000000    0.000000    0.000000    0.000000    0.000000    0.000000    0.000000
   4.56552    0.000000    0.000000    0.000000    0.000000    0.000000    0.000000    0.000000    0.000000    0.000000    0.000000    0.000000
   4.57152    0.000000    0.000000    0.000000    0.000000    0.000000    0.000000    0.000000    0.000000    0.000000    0.000000    0.000000
   4.57753    0.000000    0.000000    0.000000    0.000000    0.000000    0.000000    0.000000    0.000000    0.000000    0.000000    0.000000
   4.58353    0.000000    0.000000    0.000000    0.000000    0.000000    0.000000    0.000000    0.000000    0.000000    0.000000    0.000000
   4.58953    0.000000    0.000000    0.000000    0.000000    0.000000    0.000000    0.000000    0.000000    0.000000    0.000000    0.000000
   4.59553    0.000000    0.000000    0.000000    0.000000    0.000000    0.000000    0.000000    0.000000    0.000000    0.000000    0.000000
   4.60153    0.000000    0.000000    0.000000    0.000000    0.000000    0.000000    0.000000    0.000000    0.000000    0.000000    0.000000
   4.60754    0.000000    0.000000    0.000000    0.000000    0.000000    0.000000    0.000000    0.000000    0.000000    0.000000    0.000000
   4.61354    0.000000    0.000000    0.000000    0.000000    0.000000    0.000000    0.000000    0.000000    0.000000    0.000000    0.000000
   4.61954    0.000000    0.000000    0.000000    0.000000    0.000000    0.000000    0.000000    0.000000    0.000000    0.000000    0.000000
   4.62554    0.000000    0.000000    0.000000    0.000000    0.000000    0.000000    0.000000    0.000000    0.000000    0.000000    0.000000
   4.63154    0.000000    0.000000    0.000000    0.000000    0.000000    0.000000    0.000000    0.000000    0.000000    0.000000    0.000000
   4.63755    0.000000    0.000000    0.000000    0.000000    0.000000    0.000000    0.000000    0.000000    0.000000    0.000000    0.000000
   4.64355    0.000000    0.000000    0.000000    0.000000    0.000000    0.000000    0.000000    0.000000    0.000000    0.000000    0.000000
   4.64955    0.000000    0.000000    0.000000    0.000000    0.000000    0.000000    0.000000    0.000000    0.000000    0.000000    0.000000
   4.65555    0.000000    0.000000    0.000000    0.000000    0.000000    0.000000    0.000000    0.000000    0.000000    0.000000    0.000000
   4.66155    0.000000    0.000000    0.000000    0.000000    0.000000    0.000000    0.000000    0.000000    0.000000    0.000000    0.000000
   4.66756    0.000000    0.000000    0.000000    0.000000    0.000000    0.000000    0.000000    0.000000    0.000000    0.000000    0.000000
   4.67356    0.000000    0.000000    0.000000    0.000000    0.000000    0.000000    0.000000    0.000000    0.000000    0.000000    0.000000
   4.67956    0.000000    0.000000    0.000000    0.000000    0.000000    0.000000    0.000000    0.000000    0.000000    0.000000    0.000000
   4.68556    0.000000    0.000000    0.000000    0.000000    0.000000    0.000000    0.000000    0.000000    0.000000    0.000000    0.000000
   4.69156    0.000000    0.000000    0.000000    0.000000    0.000000    0.000000    0.000000    0.000000    0.000000    0.000000    0.000000
   4.69757    0.000000    0.000000    0.000000    0.000000    0.000000    0.000000    0.000000    0.000000    0.000000    0.000000    0.000000
   4.70357    0.000000    0.000000    0.000000    0.000000    0.000000    0.000000    0.000000    0.000000    0.000000    0.000000    0.000000
   4.70957    0.000000    0.000000    0.000000    0.000000    0.000000    0.000000    0.000000    0.000000    0.000000    0.000000    0.000000
   4.71557    0.000000    0.000000    0.000000    0.000000    0.000000    0.000000    0.000000    0.000000    0.000000    0.000000    0.000000
   4.72157    0.000000    0.000000    0.000000    0.000000    0.000000    0.000000    0.000000    0.000000    0.000000    0.000000    0.000000
   4.72758    0.000000    0.000000    0.000000    0.000000    0.000000    0.000000    0.000000    0.000000    0.000000    0.000000    0.000000
   4.73358    0.000000    0.000000    0.000000    0.000000    0.000000    0.000000    0.000000    0.000000    0.000000    0.000000    0.000000
   4.73958    0.000000    0.000000    0.000000    0.000000    0.000000    0.000000    0.000000    0.000000    0.000000    0.000000    0.000000
   4.74558    0.000000    0.000000    0.000000    0.000000    0.000000    0.000000    0.000000    0.000000    0.000000    0.000000    0.000000
   4.75158    0.000000    0.000000    0.000000    0.000000    0.000000    0.000000    0.000000    0.000000    0.000000    0.000000    0.000000
   4.75759    0.000000    0.000000    0.000000    0.000000    0.000000    0.000000    0.000000    0.000000    0.000000    0.000000    0.000000
   4.76359    0.000000    0.000000    0.000000    0.000000    0.000000    0.000000    0.000000    0.000000    0.000000    0.000000    0.000000
   4.76959    0.000000    0.000000    0.000000    0.000000    0.000000    0.000000    0.000000    0.000000    0.000000    0.000000    0.000000
   4.77559    0.000000    0.000000    0.000000    0.000000    0.000000    0.000000    0.000000    0.000000    0.000000    0.000000    0.000000
   4.78159    0.000000    0.000000    0.000000    0.000000    0.000000    0.000000    0.000000    0.000000    0.000000    0.000000    0.000000
   4.78760    0.000000    0.000000    0.000000    0.000000    0.000000    0.000000    0.000000    0.000000    0.000000    0.000000    0.000000
   4.79360    0.000000    0.000000    0.000000    0.000000    0.000000    0.000000    0.000000    0.000000    0.000000    0.000000    0.000000
   4.79960    0.000000    0.000000    0.000000    0.000000    0.000000    0.000000    0.000000    0.000000    0.000000    0.000000    0.000000
   4.80560    0.000000    0.000000    0.000000    0.000000    0.000000    0.000000    0.000000    0.000000    0.000000    0.000000    0.000000
   4.81160    0.000000    0.000000    0.000000    0.000000    0.000000    0.000000    0.000000    0.000000    0.000000    0.000000    0.000000
   4.81761    0.000000    0.000000    0.000000    0.000000    0.000000    0.000000    0.000000    0.000000    0.000000    0.000000    0.000000
   4.82361    0.000000    0.000000    0.000000    0.000000    0.000000    0.000000    0.000000    0.000000    0.000000    0.000000    0.000000
   4.82961    0.000000    0.000000    0.000000    0.000000    0.000000    0.000000    0.000000    0.000000    0.000000    0.000000    0.000000
   4.83561    0.000000    0.000000    0.000000    0.000000    0.000000    0.000000    0.000000    0.000000    0.000000    0.000000    0.000000
   4.84161    0.000000    0.000000    0.000000    0.000000    0.000000    0.000000    0.000000    0.000000    0.000000    0.000000    0.000000
   4.84762    0.000000    0.000000    0.000000    0.000000    0.000000    0.000000    0.000000    0.000000    0.000000    0.000000    0.000000
   4.85362    0.000000    0.000000    0.000000    0.000000    0.000000    0.000000    0.000000    0.000000    0.000000    0.000000    0.000000
   4.85962    0.000000    0.000000    0.000000    0.000000    0.000000    0.000000    0.000000    0.000000    0.000000    0.000000    0.000000
   4.86562    0.000000    0.000000    0.000000    0.000000    0.000000    0.000000    0.000000    0.000000    0.000000    0.000000    0.000000
   4.87162    0.000000    0.000000    0.000000    0.000000    0.000000    0.000000    0.000000    0.000000    0.000000    0.000000    0.000000
   4.87763    0.000000    0.000000    0.000000    0.000000    0.000000    0.000000    0.000000    0.000000    0.000000    0.000000    0.000000
   4.88363    0.000000    0.000000    0.000000    0.000000    0.000000    0.000000    0.000000    0.000000    0.000000    0.000000    0.000000
   4.88963    0.000000    0.000000    0.000000    0.000000    0.000000    0.000000    0.000000    0.000000    0.000000    0.000000    0.000000
   4.89563    0.000000    0.000000    0.000000    0.000000    0.000000    0.000000    0.000000    0.000000    0.000000    0.000000    0.000000
   4.90163    0.000000    0.000000    0.000000    0.000000    0.000000    0.000000    0.000000    0.000000    0.000000    0.000000    0.000000
   4.90764    0.000000    0.000000    0.000000    0.000000    0.000000    0.000000    0.000000    0.000000    0.000000    0.000000    0.000000
   4.91364    0.000000    0.000000    0.000000    0.000000    0.000000    0.000000    0.000000    0.000000    0.000000    0.000000    0.000000
   4.91964    0.000000    0.000000    0.000000    0.000000    0.000000    0.000000    0.000000    0.000000    0.000000    0.000000    0.000000
   4.92564    0.000000    0.000000    0.000000    0.000000    0.000000    0.000000    0.000000    0.000000    0.000000    0.000000    0.000000
   4.93164    0.000000    0.000000    0.000000    0.000000    0.000000    0.000000    0.000000    0.000000    0.000000    0.000000    0.000000
   4.93765    0.000000    0.000000    0.000000    0.000000    0.000000    0.000000    0.000000    0.000000    0.000000    0.000000    0.000000
   4.94365    0.000000    0.000000    0.000000    0.000000    0.000000    0.000000    0.000000    0.000000    0.000000    0.000000    0.000000
   4.94965    0.000000    0.000000    0.000000    0.000000    0.000000    0.000000    0.000000    0.000000    0.000000    0.000000    0.000000
   4.95565    0.000000    0.000000    0.000000    0.000000    0.000000    0.000000    0.000000    0.000000    0.000000    0.000000    0.000000
   4.96165    0.000000    0.000000    0.000000    0.000000    0.000000    0.000000    0.000000    0.000000    0.000000    0.000000    0.000000
   4.96766    0.000000    0.000000    0.000000    0.000000    0.000000    0.000000    0.000000    0.000000    0.000000    0.000000    0.000000
   4.97366    0.000000    0.000000    0.000000    0.000000    0.000000    0.000000    0.000000    0.000000    0.000000    0.000000    0.000000
   4.97966    0.000000    0.000000    0.000000    0.000000    0.000000    0.000000    0.000000    0.000000    0.000000    0.000000    0.000000
   4.98566    0.000000    0.000000    0.000000    0.000000    0.000000    0.000000    0.000000    0.000000    0.000000    0.000000    0.000000
   4.99166    0.000000    0.000000    0.000000    0.000000    0.000000    0.000000    0.000000    0.000000    0.000000    0.000000    0.000000
   4.99767    0.000000    0.000000    0.000000    0.000000    0.000000    0.000000    0.000000    0.000000    0.000000    0.000000    0.000000
   5.00367    0.000000    0.000000    0.000000    0.000000    0.000000    0.000000    0.000000    0.000000    0.000000    0.000000    0.000000
   5.00967    0.000000    0.000000    0.000000    0.000000    0.000000    0.000000    0.000000    0.000000    0.000000    0.000000    0.000000
   5.01567    0.000000    0.000000    0.000000    0.000000    0.000000    0.000000    0.000000    0.000000    0.000000    0.000000    0.000000
   5.02167    0.000000    0.000000    0.000000    0.000000    0.000000    0.000000    0.000000    0.000000    0.000000    0.000000    0.000000
   5.02768    0.000000    0.000000    0.000000    0.000000    0.000000    0.000000    0.000000    0.000000    0.000000    0.000000    0.000000
   5.03368    0.000000    0.000000    0.000000    0.000000    0.000000    0.000000    0.000000    0.000000    0.000000    0.000000    0.000000
   5.03968    0.000000    0.000000    0.000000    0.000000    0.000000    0.000000    0.000000    0.000000    0.000000    0.000000    0.000000
   5.04568    0.000000    0.000000    0.000000    0.000000    0.000000    0.000000    0.000000    0.000000    0.000000    0.000000    0.000000
   5.05168    0.000000    0.000000    0.000000    0.000000    0.000000    0.000000    0.000000    0.000000    0.000000    0.000000    0.000000
   5.05769    0.000000    0.000000    0.000000    0.000000    0.000000    0.000000    0.000000    0.000000    0.000000    0.000000    0.000000
   5.06369    0.000000    0.000000    0.000000    0.000000    0.000000    0.000000    0.000000    0.000000    0.000000    0.000000    0.000000
   5.06969    0.000000    0.000000    0.000000    0.000000    0.000000    0.000000    0.000000    0.000000    0.000000    0.000000    0.000000
   5.07569    0.000000    0.000000    0.000000    0.000000    0.000000    0.000000    0.000000    0.000000    0.000000    0.000000    0.000000
   5.08169    0.000000    0.000000    0.000000    0.000000    0.000000    0.000000    0.000000    0.000000    0.000000    0.000000    0.000000
   5.08770    0.000000    0.000000    0.000000    0.000000    0.000000    0.000000    0.000000    0.000000    0.000000    0.000000    0.000000
   5.09370    0.000000    0.000000    0.000000    0.000000    0.000000    0.000000    0.000000    0.000000    0.000000    0.000000    0.000000
   5.09970    0.000000    0.000000    0.000000    0.000000    0.000000    0.000000    0.000000    0.000000    0.000000    0.000000    0.000000
   5.10570    0.000000    0.000000    0.000000    0.000000    0.000000    0.000000    0.000000    0.000000    0.000000    0.000000    0.000000
   5.11170    0.000000    0.000000    0.000000    0.000000    0.000000    0.000000    0.000000    0.000000    0.000000    0.000000    0.000000
   5.11771    0.000000    0.000000    0.000000    0.000000    0.000000    0.000000    0.000000    0.000000    0.000000    0.000000    0.000000
   5.12371    0.000000    0.000000    0.000000    0.000000    0.000000    0.000000    0.000000    0.000000    0.000000    0.000000    0.000000
   5.12971    0.000000    0.000000    0.000000    0.000000    0.000000    0.000000    0.000000    0.000000    0.000000    0.000000    0.000000
   5.13571    0.000000    0.000000    0.000000    0.000000    0.000000    0.000000    0.000000    0.000000    0.000000    0.000000    0.000000
   5.14171    0.000000    0.000000    0.000000    0.000000    0.000000    0.000000    0.000000    0.000000    0.000000    0.000000    0.000000
   5.14772    0.000000    0.000000    0.000000    0.000000    0.000000    0.000000    0.000000    0.000000    0.000000    0.000000    0.000000
   5.15372    0.000000    0.000000    0.000000    0.000000    0.000000    0.000000    0.000000    0.000000    0.000000    0.000000    0.000000
   5.15972    0.000000    0.000000    0.000000    0.000000    0.000000    0.000000    0.000000    0.000000    0.000000    0.000000    0.000000
   5.16572    0.000000    0.000000    0.000000    0.000000    0.000000    0.000000    0.000000    0.000000    0.000000    0.000000    0.000000
   5.17172    0.000000    0.000000    0.000000    0.000000    0.000000    0.000000    0.000000    0.000000    0.000000    0.000000    0.000000
   5.17773    0.000000    0.000000    0.000000    0.000000    0.000000    0.000000    0.000000    0.000000    0.000000    0.000000    0.000000
   5.18373    0.000000    0.000000    0.000000    0.000000    0.000000    0.000000    0.000000    0.000000    0.000000    0.000000    0.000000
   5.18973    0.000000    0.000000    0.000000    0.000000    0.000000    0.000000    0.000000    0.000000    0.000000    0.000000    0.000000
   5.19573    0.000000    0.000000    0.000000    0.000000    0.000000    0.000000    0.000000    0.000000    0.000000    0.000000    0.000000
   5.20173    0.000000    0.000000    0.000000    0.000000    0.000000    0.000000    0.000000    0.000000    0.000000    0.000000    0.000000
   5.20774    0.000000    0.000000    0.000000    0.000000    0.000000    0.000000    0.000000    0.000000    0.000000    0.000000    0.000000
   5.21374    0.000000    0.000000    0.000000    0.000000    0.000000    0.000000    0.000000    0.000000    0.000000    0.000000    0.000000
   5.21974    0.000000    0.000000    0.000000    0.000000    0.000000    0.000000    0.000000    0.000000    0.000000    0.000000    0.000000
   5.22574    0.000000    0.000000    0.000000    0.000000    0.000000    0.000000    0.000000    0.000000    0.000000    0.000000    0.000000
   5.23174    0.000000    0.000000    0.000000    0.000000    0.000000    0.000000    0.000000    0.000000    0.000000    0.000000    0.000000
   5.23775    0.000000    0.000000    0.000000    0.000000    0.000000    0.000000    0.000000    0.000000    0.000000    0.000000    0.000000
   5.24375    0.000000    0.000000    0.000000    0.000000    0.000000    0.000000    0.000000    0.000000    0.000000    0.000000    0.000000
   5.24975    0.000000    0.000000    0.000000    0.000000    0.000000    0.000000    0.000000    0.000000    0.000000    0.000000    0.000000
   5.25575    0.000000    0.000000    0.000000    0.000000    0.000000    0.000000    0.000000    0.000000    0.000000    0.000000    0.000000
   5.26175    0.000000    0.000000    0.000000    0.000000    0.000000    0.000000    0.000000    0.000000    0.000000    0.000000    0.000000
   5.26776    0.000000    0.000000    0.000000    0.000000    0.000000    0.000000    0.000000    0.000000    0.000000    0.000000    0.000000
   5.27376    0.000000    0.000000    0.000000    0.000000    0.000000    0.000000    0.000000    0.000000    0.000000    0.000000    0.000000
   5.27976    0.000000    0.000000    0.000000    0.000000    0.000000    0.000000    0.000000    0.000000    0.000000    0.000000    0.000000
   5.28576    0.000000    0.000000    0.000000    0.000000    0.000000    0.000000    0.000000    0.000000    0.000000    0.000000    0.000000
   5.29176    0.000000    0.000000    0.000000    0.000000    0.000000    0.000000    0.000000    0.000000    0.000000    0.000000    0.000000
   5.29777    0.000000    0.000000    0.000000    0.000000    0.000000    0.000000    0.000000    0.000000    0.000000    0.000000    0.000000
   5.30377    0.000000    0.000000    0.000000    0.000000    0.000000    0.000000    0.000000    0.000000    0.000000    0.000000    0.000000
   5.30977    0.000000    0.000000    0.000000    0.000000    0.000000    0.000000    0.000000    0.000000    0.000000    0.000000    0.000000
   5.31577    0.000000    0.000000    0.000000    0.000000    0.000000    0.000000    0.000000    0.000000    0.000000    0.000000    0.000000
   5.32177    0.000000    0.000000    0.000000    0.000000    0.000000    0.000000    0.000000    0.000000    0.000000    0.000000    0.000000
   5.32778    0.000000    0.000000    0.000000    0.000000    0.000000    0.000000    0.000000    0.000000    0.000000    0.000000    0.000000
   5.33378    0.000000    0.000000    0.000000    0.000000    0.000000    0.000000    0.000000    0.000000    0.000000    0.000000    0.000000
   5.33978    0.000000    0.000000    0.000000    0.000000    0.000000    0.000000    0.000000    0.000000    0.000000    0.000000    0.000000
   5.34578    0.000000    0.000000    0.000000    0.000000    0.000000    0.000000    0.000000    0.000000    0.000000    0.000000    0.000000
   5.35178    0.000000    0.000000    0.000000    0.000000    0.000000    0.000000    0.000000    0.000000    0.000000    0.000000    0.000000
   5.35779    0.000000    0.000000    0.000000    0.000000    0.000000    0.000000    0.000000    0.000000    0.000000    0.000000    0.000000
   5.36379    0.000000    0.000000    0.000000    0.000000    0.000000    0.000000    0.000000    0.000000    0.000000    0.000000    0.000000
   5.36979    0.000000    0.000000    0.000000    0.000000    0.000000    0.000000    0.000000    0.000000    0.000000    0.000000    0.000000
   5.37579    0.000000    0.000000    0.000000    0.000000    0.000000    0.000000    0.000000    0.000000    0.000000    0.000000    0.000000
   5.38179    0.000000    0.000000    0.000000    0.000000    0.000000    0.000000    0.000000    0.000000    0.000000    0.000000    0.000000
   5.38780    0.000000    0.000000    0.000000    0.000000    0.000000    0.000000    0.000000    0.000000    0.000000    0.000000    0.000000
   5.39380    0.000000    0.000000    0.000000    0.000000    0.000000    0.000000    0.000000    0.000000    0.000000    0.000000    0.000000
   5.39980    0.000000    0.000000    0.000000    0.000000    0.000000    0.000000    0.000000    0.000000    0.000000    0.000000    0.000000
   5.40580    0.000000    0.000000    0.000000    0.000000    0.000000    0.000000    0.000000    0.000000    0.000000    0.000000    0.000000
   5.41180    0.000000    0.000000    0.000000    0.000000    0.000000    0.000000    0.000000    0.000000    0.000000    0.000000    0.000000
   5.41781    0.000000    0.000000    0.000000    0.000000    0.000000    0.000000    0.000000    0.000000    0.000000    0.000000    0.000000
   5.42381    0.000000    0.000000    0.000000    0.000000    0.000000    0.000000    0.000000    0.000000    0.000000    0.000000    0.000000
   5.42981    0.000000    0.000000    0.000000    0.000000    0.000000    0.000000    0.000000    0.000000    0.000000    0.000000    0.000000
   5.43581    0.000000    0.000000    0.000000    0.000000    0.000000    0.000000    0.000000    0.000000    0.000000    0.000000    0.000000
   5.44181    0.000000    0.000000    0.000000    0.000000    0.000000    0.000000    0.000000    0.000000    0.000000    0.000000    0.000000
   5.44782    0.000000    0.000000    0.000000    0.000000    0.000000    0.000000    0.000000    0.000000    0.000000    0.000000    0.000000
   5.45382    0.000000    0.000000    0.000000    0.000000    0.000000    0.000000    0.000000    0.000000    0.000000    0.000000    0.000000
   5.45982    0.000000    0.000000    0.000000    0.000000    0.000000    0.000000    0.000000    0.000000    0.000000    0.000000    0.000000
   5.46582    0.000000    0.000000    0.000000    0.000000    0.000000    0.000000    0.000000    0.000000    0.000000    0.000000    0.000000
   5.47182    0.000000    0.000000    0.000000    0.000000    0.000000    0.000000    0.000000    0.000000    0.000000    0.000000    0.000000
   5.47783    0.000000    0.000000    0.000000    0.000000    0.000000    0.000000    0.000000    0.000000    0.000000    0.000000    0.000000
   5.48383    0.000000    0.000000    0.000000    0.000000    0.000000    0.000000    0.000000    0.000000    0.000000    0.000000    0.000000
   5.48983    0.000000    0.000000    0.000000    0.000000    0.000000    0.000000    0.000000    0.000000    0.000000    0.000000    0.000000
   5.49583    0.000000    0.000000    0.000000    0.000000    0.000000    0.000000    0.000000    0.000000    0.000000    0.000000    0.000000
   5.50183    0.000000    0.000000    0.000000    0.000000    0.000000    0.000000    0.000000    0.000000    0.000000    0.000000    0.000000
   5.50784    0.000000    0.000000    0.000000    0.000000    0.000000    0.000000    0.000000    0.000000    0.000000    0.000000    0.000000
   5.51384    0.000000    0.000000    0.000000    0.000000    0.000000    0.000000    0.000000    0.000000    0.000000    0.000000    0.000000
   5.51984    0.000000    0.000000    0.000000    0.000000    0.000000    0.000000    0.000000    0.000000    0.000000    0.000000    0.000000
   5.52584    0.000000    0.000000    0.000000    0.000000    0.000000    0.000000    0.000000    0.000000    0.000000    0.000000    0.000000
   5.53184    0.000000    0.000000    0.000000    0.000000    0.000000    0.000000    0.000000    0.000000    0.000000    0.000000    0.000000
   5.53785    0.000000    0.000000    0.000000    0.000000    0.000000    0.000000    0.000000    0.000000    0.000000    0.000000    0.000000
   5.54385    0.000000    0.000000    0.000000    0.000000    0.000000    0.000000    0.000000    0.000000    0.000000    0.000000    0.000000
   5.54985    0.000000    0.000000    0.000000    0.000000    0.000000    0.000000    0.000000    0.000000    0.000000    0.000000    0.000000
   5.55585    0.000000    0.000000    0.000000    0.000000    0.000000    0.000000    0.000000    0.000000    0.000000    0.000000    0.000000
   5.56185    0.000000    0.000000    0.000000    0.000000    0.000000    0.000000    0.000000    0.000000    0.000000    0.000000    0.000000
   5.56786    0.000000    0.000000    0.000000    0.000000    0.000000    0.000000    0.000000    0.000000    0.000000    0.000000    0.000000
   5.57386    0.000000    0.000000    0.000000    0.000000    0.000000    0.000000    0.000000    0.000000    0.000000    0.000000    0.000000
   5.57986    0.000000    0.000000    0.000000    0.000000    0.000000    0.000000    0.000000    0.000000    0.000000    0.000000    0.000000
   5.58586    0.000000    0.000000    0.000000    0.000000    0.000000    0.000000    0.000000    0.000000    0.000000    0.000000    0.000000
   5.59186    0.000000    0.000000    0.000000    0.000000    0.000000    0.000000    0.000000    0.000000    0.000000    0.000000    0.000000
   5.59787    0.000000    0.000000    0.000000    0.000000    0.000000    0.000000    0.000000    0.000000    0.000000    0.000000    0.000000
   5.60387    0.000000    0.000000    0.000000    0.000000    0.000000    0.000000    0.000000    0.000000    0.000000    0.000000    0.000000
   5.60987    0.000000    0.000000    0.000000    0.000000    0.000000    0.000000    0.000000    0.000000    0.000000    0.000000    0.000000
   5.61587    0.000000    0.000000    0.000000    0.000000    0.000000    0.000000    0.000000    0.000000    0.000000    0.000000    0.000000
   5.62187    0.000000    0.000000    0.000000    0.000000    0.000000    0.000000    0.000000    0.000000    0.000000    0.000000    0.000000
   5.62788    0.000000    0.000000    0.000000    0.000000    0.000000    0.000000    0.000000    0.000000    0.000000    0.000000    0.000000
   5.63388    0.000000    0.000000    0.000000    0.000000    0.000000    0.000000    0.000000    0.000000    0.000000    0.000000    0.000000
   5.63988    0.000000    0.000000    0.000000    0.000000    0.000000    0.000000    0.000000    0.000000    0.000000    0.000000    0.000000
   5.64588    0.000000    0.000000    0.000000    0.000000    0.000000    0.000000    0.000000    0.000000    0.000000    0.000000    0.000000
   5.65188    0.000000    0.000000    0.000000    0.000000    0.000000    0.000000    0.000000    0.000000    0.000000    0.000000    0.000000
   5.65789    0.000000    0.000000    0.000000    0.000000    0.000000    0.000000    0.000000    0.000000    0.000000    0.000000    0.000000
   5.66389    0.000000    0.000000    0.000000    0.000000    0.000000    0.000000    0.000000    0.000000    0.000000    0.000000    0.000000
   5.66989    0.000000    0.000000    0.000000    0.000000    0.000000    0.000000    0.000000    0.000000    0.000000    0.000000    0.000000
   5.67589    0.000000    0.000000    0.000000    0.000000    0.000000    0.000000    0.000000    0.000000    0.000000    0.000000    0.000000
   5.68189    0.000000    0.000000    0.000000    0.000000    0.000000    0.000000    0.000000    0.000000    0.000000    0.000000    0.000000
   5.68790    0.000000    0.000000    0.000000    0.000000    0.000000    0.000000    0.000000    0.000000    0.000000    0.000000    0.000000
   5.69390    0.000000    0.000000    0.000000    0.000000    0.000000    0.000000    0.000000    0.000000    0.000000    0.000000    0.000000
   5.69990    0.000000    0.000000    0.000000    0.000000    0.000000    0.000000    0.000000    0.000000    0.000000    0.000000    0.000000
   5.70590    0.000000    0.000000    0.000000    0.000000    0.000000    0.000000    0.000000    0.000000    0.000000    0.000000    0.000000
   5.71190    0.000000    0.000000    0.000000    0.000000    0.000000    0.000000    0.000000    0.000000    0.000000    0.000000    0.000000
   5.71791    0.000000    0.000000    0.000000    0.000000    0.000000    0.000000    0.000000    0.000000    0.000000    0.000000    0.000000
   5.72391    0.000000    0.000000    0.000000    0.000000    0.000000    0.000000    0.000000    0.000000    0.000000    0.000000    0.000000
   5.72991    0.000000    0.000000    0.000000    0.000000    0.000000    0.000000    0.000000    0.000000    0.000000    0.000000    0.000000
   5.73591    0.000000    0.000000    0.000000    0.000000    0.000000    0.000000    0.000000    0.000000    0.000000    0.000000    0.000000
   5.74191    0.000000    0.000000    0.000000    0.000000    0.000000    0.000000    0.000000    0.000000    0.000000    0.000000    0.000000
   5.74792    0.000000    0.000000    0.000000    0.000000    0.000000    0.000000    0.000000    0.000000    0.000000    0.000000    0.000000
   5.75392    0.000000    0.000000    0.000000    0.000000    0.000000    0.000000    0.000000    0.000000    0.000000    0.000000    0.000000
   5.75992    0.000000    0.000000    0.000000    0.000000    0.000000    0.000000    0.000000    0.000000    0.000000    0.000000    0.000000
   5.76592    0.000000    0.000000    0.000000    0.000000    0.000000    0.000000    0.000000    0.000000    0.000000    0.000000    0.000000
   5.77192    0.000000    0.000000    0.000000    0.000000    0.000000    0.000000    0.000000    0.000000    0.000000    0.000000    0.000000
   5.77793    0.000000    0.000000    0.000000    0.000000    0.000000    0.000000    0.000000    0.000000    0.000000    0.000000    0.000000
   5.78393    0.000000    0.000000    0.000000    0.000000    0.000000    0.000000    0.000000    0.000000    0.000000    0.000000    0.000000
   5.78993    0.000000    0.000000    0.000000    0.000000    0.000000    0.000000    0.000000    0.000000    0.000000    0.000000    0.000000
   5.79593    0.000000    0.000000    0.000000    0.000000    0.000000    0.000000    0.000000    0.000000    0.000000    0.000000    0.000000
   5.80193    0.000000    0.000000    0.000000    0.000000    0.000000    0.000000    0.000000    0.000000    0.000000    0.000000    0.000000
   5.80794    0.000000    0.000000    0.000000    0.000000    0.000000    0.000000    0.000000    0.000000    0.000000    0.000000    0.000000
   5.81394    0.000000    0.000000    0.000000    0.000000    0.000000    0.000000    0.000000    0.000000    0.000000    0.000000    0.000000
   5.81994    0.000000    0.000000    0.000000    0.000000    0.000000    0.000000    0.000000    0.000000    0.000000    0.000000    0.000000
   5.82594    0.000000    0.000000    0.000000    0.000000    0.000000    0.000000    0.000000    0.000000    0.000000    0.000000    0.000000
   5.83194    0.000000    0.000000    0.000000    0.000000    0.000000    0.000000    0.000000    0.000000    0.000000    0.000000    0.000000
   5.83795    0.000000    0.000000    0.000000    0.000000    0.000000    0.000000    0.000000    0.000000    0.000000    0.000000    0.000000
   5.84395    0.000000    0.000000    0.000000    0.000000    0.000000    0.000000    0.000000    0.000000    0.000000    0.000000    0.000000
   5.84995    0.000000    0.000000    0.000000    0.000000    0.000000    0.000000    0.000000    0.000000    0.000000    0.000000    0.000000
   5.85595    0.000000    0.000000    0.000000    0.000000    0.000000    0.000000    0.000000    0.000000    0.000000    0.000000    0.000000
   5.86195    0.000000    0.000000    0.000000    0.000000    0.000000    0.000000    0.000000    0.000000    0.000000    0.000000    0.000000
   5.86796    0.000000    0.000000    0.000000    0.000000    0.000000    0.000000    0.000000    0.000000    0.000000    0.000000    0.000000
   5.87396    0.000000    0.000000    0.000000    0.000000    0.000000    0.000000    0.000000    0.000000    0.000000    0.000000    0.000000
   5.87996    0.000000    0.000000    0.000000    0.000000    0.000000    0.000000    0.000000    0.000000    0.000000    0.000000    0.000000
   5.88596    0.000000    0.000000    0.000000    0.000000    0.000000    0.000000    0.000000    0.000000    0.000000    0.000000    0.000000
   5.89196    0.000000    0.000000    0.000000    0.000000    0.000000    0.000000    0.000000    0.000000    0.000000    0.000000    0.000000
   5.89797    0.000000    0.000000    0.000000    0.000000    0.000000    0.000000    0.000000    0.000000    0.000000    0.000000    0.000000
   5.90397    0.000000    0.000000    0.000000    0.000000    0.000000    0.000000    0.000000    0.000000    0.000000    0.000000    0.000000
   5.90997    0.000000    0.000000    0.000000    0.000000    0.000000    0.000000    0.000000    0.000000    0.000000    0.000000    0.000000
   5.91597    0.000000    0.000000    0.000000    0.000000    0.000000    0.000000    0.000000    0.000000    0.000000    0.000000    0.000000
   5.92197    0.000000    0.000000    0.000000    0.000000    0.000000    0.000000    0.000000    0.000000    0.000000    0.000000    0.000000
   5.92798    0.000000    0.000000    0.000000    0.000000    0.000000    0.000000    0.000000    0.000000    0.000000    0.000000    0.000000
   5.93398    0.000000    0.000000    0.000000    0.000000    0.000000    0.000000    0.000000    0.000000    0.000000    0.000000    0.000000
   5.93998    0.000000    0.000000    0.000000    0.000000    0.000000    0.000000    0.000000    0.000000    0.000000    0.000000    0.000000
   5.94598    0.000000    0.000000    0.000000    0.000000    0.000000    0.000000    0.000000    0.000000    0.000000    0.000000    0.000000
   5.95198    0.000000    0.000000    0.000000    0.000000    0.000000    0.000000    0.000000    0.000000    0.000000    0.000000    0.000000
   5.95799    0.000000    0.000000    0.000000    0.000000    0.000000    0.000000    0.000000    0.000000    0.000000    0.000000    0.000000
   5.96399    0.000000    0.000000    0.000000    0.000000    0.000000    0.000000    0.000000    0.000000    0.000000    0.000000    0.000000
   5.96999    0.000000    0.000000    0.000000    0.000000    0.000000    0.000000    0.000000    0.000000    0.000000    0.000000    0.000000
   5.97599    0.000000    0.000000    0.000000    0.000000    0.000000    0.000000    0.000000    0.000000    0.000000    0.000000    0.000000
   5.98199    0.000000    0.000000    0.000000    0.000000    0.000000    0.000000    0.000000    0.000000    0.000000    0.000000    0.000000
   5.98800    0.000000    0.000000    0.000000    0.000000    0.000000    0.000000    0.000000    0.000000    0.000000    0.000000    0.000000
   5.99400    0.000000    0.000000    0.000000    0.000000    0.000000    0.000000    0.000000    0.000000    0.000000    0.000000    0.000000
   6.00000    0.000000    0.000000    0.000000    0.000000    0.000000    0.000000    0.000000    0.000000    0.000000    0.000000    0.000000
