 -12.00000    0.000000    0.000000    0.000000    0.000000    0.000000    0.000000    0.000000    0.000000    0.000000    0.000000    0.000000
 -11.99400    0.000000    0.000000    0.000000    0.000000    0.000000    0.000000    0.000000    0.000000    0.000000    0.000000    0.000000
 -11.98800    0.000000    0.000000    0.000000    0.000000    0.000000    0.000000    0.000000    0.000000    0.000000    0.000000    0.000000
 -11.98199    0.000000    0.000000    0.000000    0.000000    0.000000    0.000000    0.000000    0.000000    0.000000    0.000000    0.000000
 -11.97599    0.000000    0.000000    0.000000    0.000000    0.000000    0.000000    0.000000    0.000000    0.000000    0.000000    0.000000
 -11.96999    0.000000    0.000000    0.000000    0.000000    0.000000    0.000000    0.000000    0.000000    0.000000    0.000000    0.000000
 -11.96399    0.000000    0.000000    0.000000    0.000000    0.000000    0.000000    0.000000    0.000000    0.000000    0.000000    0.000000
 -11.95799    0.000000    0.000000    0.000000    0.000000    0.000000    0.000000    0.000000    0.000000    0.000000    0.000000    0.000000
 -11.95198    0.000000    0.000000    0.000000    0.000000    0.000000    0.000000    0.000000    0.000000    0.000000    0.000000    0.000000
 -11.94598    0.000000    0.000000    0.000000    0.000000    0.000000    0.000000    0.000000    0.000000    0.000000    0.000000    0.000000
 -11.93998    0.000000    0.000000    0.000000    0.000000    0.000000    0.000000    0.000000    0.000000    0.000000    0.000000    0.000000
 -11.93398    0.000000    0.000000    0.000000    0.000000    0.000000    0.000000    0.000000    0.000000    0.000000    0.000000    0.000000
 -11.92798    0.000000    0.000000    0.000000    0.000000    0.000000    0.000000    0.000000    0.000000    0.000000    0.000000    0.000000
 -11.92197    0.000000    0.000000    0.000000    0.000000    0.000000    0.000000    0.000000    0.000000    0.000000    0.000000    0.000000
 -11.91597    0.000000    0.000000    0.000000    0.000000    0.000000    0.000000    0.000000    0.000000    0.000000    0.000000    0.000000
 -11.90997    0.000000    0.000000    0.000000    0.000000    0.000000    0.000000    0.000000    0.000000    0.000000    0.000000    0.000000
 -11.90397    0.000000    0.000000    0.000000    0.000000    0.000000    0.000000    0.000000    0.000000    0.000000    0.000000    0.000000
 -11.89797    0.000000    0.000000    0.000000    0.000000    0.000000    0.000000    0.000000    0.000000    0.000000    0.000000    0.000000
 -11.89196    0.000000    0.000000    0.000000    0.000000    0.000000    0.000000    0.000000    0.000000    0.000000    0.000000    0.000000
 -11.88596    0.000000    0.000000    0.000000    0.000000    0.000000    0.000000    0.000000    0.000000    0.000000    0.000000    0.000000
 -11.87996    0.000000    0.000000    0.000000    0.000000    0.000000    0.000000    0.000000    0.000000    0.000000    0.000000    0.000000
 -11.87396    0.000000    0.000000    0.000000    0.000000    0.000000    0.000000    0.000000    0.000000    0.000000    0.000000    0.000000
 -11.86796    0.000000    0.000000    0.000000    0.000000    0.000000    0.000000    0.000000    0.000000    0.000000    0.000000    0.000000
 -11.86195    0.000000    0.000000    0.000000    0.000000    0.000000    0.000000    0.000000    0.000000    0.000000    0.000000    0.000000
 -11.85595    0.000000    0.000000    0.000000    0.000000    0.000000    0.000000    0.000000    0.000000    0.000000    0.000000    0.000000
 -11.84995    0.000000    0.000000    0.000000    0.000000    0.000000    0.000000    0.000000    0.000000    0.000000    0.000000    0.000000
 -11.84395    0.000000    0.000000    0.000000    0.000000    0.000000    0.000000    0.000000    0.000000    0.000000    0.000000    0.000000
 -11.83795    0.000000    0.000000    0.000000    0.000000    0.000000    0.000000    0.000000    0.000000    0.000000    0.000000    0.000000
 -11.83194    0.000000    0.000000    0.000000    0.000000    0.000000    0.000000    0.000000    0.000000    0.000000    0.000000    0.000000
 -11.82594    0.000000    0.000000    0.000000    0.000000    0.000000    0.000000    0.000000    0.000000    0.000000    0.000000    0.000000
 -11.81994    0.000000    0.000000    0.000000    0.000000    0.000000    0.000000    0.000000    0.000000    0.000000    0.000000    0.000000
 -11.81394    0.000000    0.000000    0.000000    0.000000    0.000000    0.000000    0.000000    0.000000    0.000000    0.000000    0.000000
 -11.80794    0.000000    0.000000    0.000000    0.000000    0.000000    0.000000    0.000000    0.000000    0.000000    0.000000    0.000000
 -11.80193    0.000000    0.000000    0.000000    0.000000    0.000000    0.000000    0.000000    0.000000    0.000000    0.000000    0.000000
 -11.79593    0.000000    0.000000    0.000000    0.000000    0.000000    0.000000    0.000000    0.000000    0.000000    0.000000    0.000000
 -11.78993    0.000000    0.000000    0.000000    0.000000    0.000000    0.000000    0.000000    0.000000    0.000000    0.000000    0.000000
 -11.78393    0.000000    0.000000    0.000000    0.000000    0.000000    0.000000    0.000000    0.000000    0.000000    0.000000    0.000000
 -11.77793    0.000000    0.000000    0.000000    0.000000    0.000000    0.000000    0.000000    0.000000    0.000000    0.000000    0.000000
 -11.77192    0.000000    0.000000    0.000000    0.000000    0.000000    0.000000    0.000000    0.000000    0.000000    0.000000    0.000000
 -11.76592    0.000000    0.000000    0.000000    0.000000    0.000000    0.000000    0.000000    0.000000    0.000000    0.000000    0.000000
 -11.75992    0.000000    0.000000    0.000000    0.000000    0.000000    0.000000    0.000000    0.000000    0.000000    0.000000    0.000000
 -11.75392    0.000000    0.000000    0.000000    0.000000    0.000000    0.000000    0.000000    0.000000    0.000000    0.000000    0.000000
 -11.74792    0.000000    0.000000    0.000000    0.000000    0.000000    0.000000    0.000000    0.000000    0.000000    0.000000    0.000000
 -11.74191    0.000000    0.000000    0.000000    0.000000    0.000000    0.000000    0.000000    0.000000    0.000000    0.000000    0.000000
 -11.73591    0.000000    0.000000    0.000000    0.000000    0.000000    0.000000    0.000000    0.000000    0.000000    0.000000    0.000000
 -11.72991    0.000000    0.000000    0.000000    0.000000    0.000000    0.000000    0.000000    0.000000    0.000000    0.000000    0.000000
 -11.72391    0.000000    0.000000    0.000000    0.000000    0.000000    0.000000    0.000000    0.000000    0.000000    0.000000    0.000000
 -11.71791    0.000000    0.000000    0.000000    0.000000    0.000000    0.000000    0.000000    0.000000    0.000000    0.000000    0.000000
 -11.71190    0.000000    0.000000    0.000000    0.000000    0.000000    0.000000    0.000000    0.000000    0.000000    0.000000    0.000000
 -11.70590    0.000000    0.000000    0.000000    0.000000    0.000000    0.000000    0.000000    0.000000    0.000000    0.000000    0.000000
 -11.69990    0.000000    0.000000    0.000000    0.000000    0.000000    0.000000    0.000000    0.000000    0.000000    0.000000    0.000000
 -11.69390    0.000000    0.000000    0.000000    0.000000    0.000000    0.000000    0.000000    0.000000    0.000000    0.000000    0.000000
 -11.68790    0.000000    0.000000    0.000000    0.000000    0.000000    0.000000    0.000000    0.000000    0.000000    0.000000    0.000000
 -11.68189    0.000000    0.000000    0.000000    0.000000    0.000000    0.000000    0.000000    0.000000    0.000000    0.000000    0.000000
 -11.67589    0.000000    0.000000    0.000000    0.000000    0.000000    0.000000    0.000000    0.000000    0.000000    0.000000    0.000000
 -11.66989    0.000000    0.000000    0.000000    0.000000    0.000000    0.000000    0.000000    0.000000    0.000000    0.000000    0.000000
 -11.66389    0.000000    0.000000    0.000000    0.000000    0.000000    0.000000    0.000000    0.000000    0.000000    0.000000    0.000000
 -11.65789    0.000000    0.000000    0.000000    0.000000    0.000000    0.000000    0.000000    0.000000    0.000000    0.000000    0.000000
 -11.65188    0.000000    0.000000    0.000000    0.000000    0.000000    0.000000    0.000000    0.000000    0.000000    0.000000    0.000000
 -11.64588    0.000000    0.000000    0.000000    0.000000    0.000000    0.000000    0.000000    0.000000    0.000000    0.000000    0.000000
 -11.63988    0.000000    0.000000    0.000000    0.000000    0.000000    0.000000    0.000000    0.000000    0.000000    0.000000    0.000000
 -11.63388    0.000000    0.000000    0.000000    0.000000    0.000000    0.000000    0.000000    0.000000    0.000000    0.000000    0.000000
 -11.62788    0.000000    0.000000    0.000000    0.000000    0.000000    0.000000    0.000000    0.000000    0.000000    0.000000    0.000000
 -11.62187    0.000000    0.000000    0.000000    0.000000    0.000000    0.000000    0.000000    0.000000    0.000000    0.000000    0.000000
 -11.61587    0.000000    0.000000    0.000000    0.000000    0.000000    0.000000    0.000000    0.000000    0.000000    0.000000    0.000000
 -11.60987    0.000000    0.000000    0.000000    0.000000    0.000000    0.000000    0.000000    0.000000    0.000000    0.000000    0.000000
 -11.60387    0.000000    0.000000    0.000000    0.000000    0.000000    0.000000    0.000000    0.000000    0.000000    0.000000    0.000000
 -11.59787    0.000000    0.000000    0.000000    0.000000    0.000000    0.000000    0.000000    0.000000    0.000000    0.000000    0.000000
 -11.59186    0.000000    0.000000    0.000000    0.000000    0.000000    0.000000    0.000000    0.000000    0.000000    0.000000    0.000000
 -11.58586    0.000000    0.000000    0.000000    0.000000    0.000000    0.000000    0.000000    0.000000    0.000000    0.000000    0.000000
 -11.57986    0.000000    0.000000    0.000000    0.000000    0.000000    0.000000    0.000000    0.000000    0.000000    0.000000    0.000000
 -11.57386    0.000000    0.000000    0.000000    0.000000    0.000000    0.000000    0.000000    0.000000    0.000000    0.000000    0.000000
 -11.56786    0.000000    0.000000    0.000000    0.000000    0.000000    0.000000    0.000000    0.000000    0.000000    0.000000    0.000000
 -11.56185    0.000000    0.000000    0.000000    0.000000    0.000000    0.000000    0.000000    0.000000    0.000000    0.000000    0.000000
 -11.55585    0.000000    0.000000    0.000000    0.000000    0.000000    0.000000    0.000000    0.000000    0.000000    0.000000    0.000000
 -11.54985    0.000000    0.000000    0.000000    0.000000    0.000000    0.000000    0.000000    0.000000    0.000000    0.000000    0.000000
 -11.54385    0.000000    0.000000    0.000000    0.000000    0.000000    0.000000    0.000000    0.000000    0.000000    0.000000    0.000000
 -11.53785    0.000000    0.000000    0.000000    0.000000    0.000000    0.000000    0.000000    0.000000    0.000000    0.000000    0.000000
 -11.53184    0.000000    0.000000    0.000000    0.000000    0.000000    0.000000    0.000000    0.000000    0.000000    0.000000    0.000000
 -11.52584    0.000000    0.000000    0.000000    0.000000    0.000000    0.000000    0.000000    0.000000    0.000000    0.000000    0.000000
 -11.51984    0.000000    0.000000    0.000000    0.000000    0.000000    0.000000    0.000000    0.000000    0.000000    0.000000    0.000000
 -11.51384    0.000000    0.000000    0.000000    0.000000    0.000000    0.000000    0.000000    0.000000    0.000000    0.000000    0.000000
 -11.50784    0.000000    0.000000    0.000000    0.000000    0.000000    0.000000    0.000000    0.000000    0.000000    0.000000    0.000000
 -11.50183    0.000000    0.000000    0.000000    0.000000    0.000000    0.000000    0.000000    0.000000    0.000000    0.000000    0.000000
 -11.49583    0.000000    0.000000    0.000000    0.000000    0.000000    0.000000    0.000000    0.000000    0.000000    0.000000    0.000000
 -11.48983    0.000000    0.000000    0.000000    0.000000    0.000000    0.000000    0.000000    0.000000    0.000000    0.000000    0.000000
 -11.48383    0.000000    0.000000    0.000000    0.000000    0.000000    0.000000    0.000000    0.000000    0.000000    0.000000    0.000000
 -11.47783    0.000000    0.000000    0.000000    0.000000    0.000000    0.000000    0.000000    0.000000    0.000000    0.000000    0.000000
 -11.47182    0.000000    0.000000    0.000000    0.000000    0.000000    0.000000    0.000000    0.000000    0.000000    0.000000    0.000000
 -11.46582    0.000000    0.000000    0.000000    0.000000    0.000000    0.000000    0.000000    0.000000    0.000000    0.000000    0.000000
 -11.45982    0.000000    0.000000    0.000000    0.000000    0.000000    0.000000    0.000000    0.000000    0.000000    0.000000    0.000000
 -11.45382    0.000000    0.000000    0.000000    0.000000    0.000000    0.000000    0.000000    0.000000    0.000000    0.000000    0.000000
 -11.44782    0.000000    0.000000    0.000000    0.000000    0.000000    0.000000    0.000000    0.000000    0.000000    0.000000    0.000000
 -11.44181    0.000000    0.000000    0.000000    0.000000    0.000000    0.000000    0.000000    0.000000    0.000000    0.000000    0.000000
 -11.43581    0.000000    0.000000    0.000000    0.000000    0.000000    0.000000    0.000000    0.000000    0.000000    0.000000    0.000000
 -11.42981    0.000000    0.000000    0.000000    0.000000    0.000000    0.000000    0.000000    0.000000    0.000000    0.000000    0.000000
 -11.42381    0.000000    0.000000    0.000000    0.000000    0.000000    0.000000    0.000000    0.000000    0.000000    0.000000    0.000000
 -11.41781    0.000000    0.000000    0.000000    0.000000    0.000000    0.000000    0.000000    0.000000    0.000000    0.000000    0.000000
 -11.41180    0.000000    0.000000    0.000000    0.000000    0.000000    0.000000    0.000000    0.000000    0.000000    0.000000    0.000000
 -11.40580    0.000000    0.000000    0.000000    0.000000    0.000000    0.000000    0.000000    0.000000    0.000000    0.000000    0.000000
 -11.39980    0.000000    0.000000    0.000000    0.000000    0.000000    0.000000    0.000000    0.000000    0.000000    0.000000    0.000000
 -11.39380    0.000000    0.000000    0.000000    0.000000    0.000000    0.000000    0.000000    0.000000    0.000000    0.000000    0.000000
 -11.38780    0.000000    0.000000    0.000000    0.000000    0.000000    0.000000    0.000000    0.000000    0.000000    0.000000    0.000000
 -11.38179    0.000000    0.000000    0.000000    0.000000    0.000000    0.000000    0.000000    0.000000    0.000000    0.000000    0.000000
 -11.37579    0.000000    0.000000    0.000000    0.000000    0.000000    0.000000    0.000000    0.000000    0.000000    0.000000    0.000000
 -11.36979    0.000000    0.000000    0.000000    0.000000    0.000000    0.000000    0.000000    0.000000    0.000000    0.000000    0.000000
 -11.36379    0.000000    0.000000    0.000000    0.000000    0.000000    0.000000    0.000000    0.000000    0.000000    0.000000    0.000000
 -11.35779    0.000000    0.000000    0.000000    0.000000    0.000000    0.000000    0.000000    0.000000    0.000000    0.000000    0.000000
 -11.35178    0.000000    0.000000    0.000000    0.000000    0.000000    0.000000    0.000000    0.000000    0.000000    0.000000    0.000000
 -11.34578    0.000000    0.000000    0.000000    0.000000    0.000000    0.000000    0.000000    0.000000    0.000000    0.000000    0.000000
 -11.33978    0.000000    0.000000    0.000000    0.000000    0.000000    0.000000    0.000000    0.000000    0.000000    0.000000    0.000000
 -11.33378    0.000000    0.000000    0.000000    0.000000    0.000000    0.000000    0.000000    0.000000    0.000000    0.000000    0.000000
 -11.32778    0.000000    0.000000    0.000000    0.000000    0.000000    0.000000    0.000000    0.000000    0.000000    0.000000    0.000000
 -11.32177    0.000000    0.000000    0.000000    0.000000    0.000000    0.000000    0.000000    0.000000    0.000000    0.000000    0.000000
 -11.31577    0.000000    0.000000    0.000000    0.000000    0.000000    0.000000    0.000000    0.000000    0.000000    0.000000    0.000000
 -11.30977    0.000000    0.000000    0.000000    0.000000    0.000000    0.000000    0.000000    0.000000    0.000000    0.000000    0.000000
 -11.30377    0.000000    0.000000    0.000000    0.000000    0.000000    0.000000    0.000000    0.000000    0.000000    0.000000    0.000000
 -11.29777    0.000000    0.000000    0.000000    0.000000    0.000000    0.000000    0.000000    0.000000    0.000000    0.000000    0.000000
 -11.29176    0.000000    0.000000    0.000000    0.000000    0.000000    0.000000    0.000000    0.000000    0.000000    0.000000    0.000000
 -11.28576    0.000000    0.000000    0.000000    0.000000    0.000000    0.000000    0.000000    0.000000    0.000000    0.000000    0.000000
 -11.27976    0.000000    0.000000    0.000000    0.000000    0.000000    0.000000    0.000000    0.000000    0.000000    0.000000    0.000000
 -11.27376    0.000000    0.000000    0.000000    0.000000    0.000000    0.000000    0.000000    0.000000    0.000000    0.000000    0.000000
 -11.26776    0.000000    0.000000    0.000000    0.000000    0.000000    0.000000    0.000000    0.000000    0.000000    0.000000    0.000000
 -11.26175    0.000000    0.000000    0.000000    0.000000    0.000000    0.000000    0.000000    0.000000    0.000000    0.000000    0.000000
 -11.25575    0.000000    0.000000    0.000000    0.000000    0.000000    0.000000    0.000000    0.000000    0.000000    0.000000    0.000000
 -11.24975    0.000000    0.000000    0.000000    0.000000    0.000000    0.000000    0.000000    0.000000    0.000000    0.000000    0.000000
 -11.24375    0.000000    0.000000    0.000000    0.000000    0.000000    0.000000    0.000000    0.000000    0.000000    0.000000    0.000000
 -11.23775    0.000000    0.000000    0.000000    0.000000    0.000000    0.000000    0.000000    0.000000    0.000000    0.000000    0.000000
 -11.23174    0.000000    0.000000    0.000000    0.000000    0.000000    0.000000    0.000000    0.000000    0.000000    0.000000    0.000000
 -11.22574    0.000000    0.000000    0.000000    0.000000    0.000000    0.000000    0.000000    0.000000    0.000000    0.000000    0.000000
 -11.21974    0.000000    0.000000    0.000000    0.000000    0.000000    0.000000    0.000000    0.000000    0.000000    0.000000    0.000000
 -11.21374    0.000000    0.000000    0.000000    0.000000    0.000000    0.000000    0.000000    0.000000    0.000000    0.000000    0.000000
 -11.20774    0.000000    0.000000    0.000000    0.000000    0.000000    0.000000    0.000000    0.000000    0.000000    0.000000    0.000000
 -11.20173    0.000000    0.000000    0.000000    0.000000    0.000000    0.000000    0.000000    0.000000    0.000000    0.000000    0.000000
 -11.19573    0.000000    0.000000    0.000000    0.000000    0.000000    0.000000    0.000000    0.000000    0.000000    0.000000    0.000000
 -11.18973    0.000000    0.000000    0.000000    0.000000    0.000000    0.000000    0.000000    0.000000    0.000000    0.000000    0.000000
 -11.18373    0.000000    0.000000    0.000000    0.000000    0.000000    0.000000    0.000000    0.000000    0.000000    0.000000    0.000000
 -11.17773    0.000000    0.000000    0.000000    0.000000    0.000000    0.000000    0.000000    0.000000    0.000000    0.000000    0.000000
 -11.17172    0.000000    0.000000    0.000000    0.000000    0.000000    0.000000    0.000000    0.000000    0.000000    0.000000    0.000000
 -11.16572    0.000000    0.000000    0.000000    0.000000    0.000000    0.000000    0.000000    0.000000    0.000000    0.000000    0.000000
 -11.15972    0.000000    0.000000    0.000000    0.000000    0.000000    0.000000    0.000000    0.000000    0.000000    0.000000    0.000000
 -11.15372    0.000000    0.000000    0.000000    0.000000    0.000000    0.000000    0.000000    0.000000    0.000000    0.000000    0.000000
 -11.14772    0.000000    0.000000    0.000000    0.000000    0.000000    0.000000    0.000000    0.000000    0.000000    0.000000    0.000000
 -11.14171    0.000000    0.000000    0.000000    0.000000    0.000000    0.000000    0.000000    0.000000    0.000000    0.000000    0.000000
 -11.13571    0.000000    0.000000    0.000000    0.000000    0.000000    0.000000    0.000000    0.000000    0.000000    0.000000    0.000000
 -11.12971    0.000000    0.000000    0.000000    0.000000    0.000000    0.000000    0.000000    0.000000    0.000000    0.000000    0.000000
 -11.12371    0.000000    0.000000    0.000000    0.000000    0.000000    0.000000    0.000000    0.000000    0.000000    0.000000    0.000000
 -11.11771    0.000000    0.000000    0.000000    0.000000    0.000000    0.000000    0.000000    0.000000    0.000000    0.000000    0.000000
 -11.11170    0.000000    0.000000    0.000000    0.000000    0.000000    0.000000    0.000000    0.000000    0.000000    0.000000    0.000000
 -11.10570    0.000000    0.000000    0.000000    0.000000    0.000000    0.000000    0.000000    0.000000    0.000000    0.000000    0.000000
 -11.09970    0.000000    0.000000    0.000000    0.000000    0.000000    0.000000    0.000000    0.000000    0.000000    0.000000    0.000000
 -11.09370    0.000000    0.000000    0.000000    0.000000    0.000000    0.000000    0.000000    0.000000    0.000000    0.000000    0.000000
 -11.08770    0.000000    0.000000    0.000000    0.000000    0.000000    0.000000    0.000000    0.000000    0.000000    0.000000    0.000000
 -11.08169    0.000000    0.000000    0.000000    0.000000    0.000000    0.000000    0.000000    0.000000    0.000000    0.000000    0.000000
 -11.07569    0.000000    0.000000    0.000000    0.000000    0.000000    0.000000    0.000000    0.000000    0.000000    0.000000    0.000000
 -11.06969    0.000000    0.000000    0.000000    0.000000    0.000000    0.000000    0.000000    0.000000    0.000000    0.000000    0.000000
 -11.06369    0.000000    0.000000    0.000000    0.000000    0.000000    0.000000    0.000000    0.000000    0.000000    0.000000    0.000000
 -11.05769    0.000000    0.000000    0.000000    0.000000    0.000000    0.000000    0.000000    0.000000    0.000000    0.000000    0.000000
 -11.05168    0.000000    0.000000    0.000000    0.000000    0.000000    0.000000    0.000000    0.000000    0.000000    0.000000    0.000000
 -11.04568    0.000000    0.000000    0.000000    0.000000    0.000000    0.000000    0.000000    0.000000    0.000000    0.000000    0.000000
 -11.03968    0.000000    0.000000    0.000000    0.000000    0.000000    0.000000    0.000000    0.000000    0.000000    0.000000    0.000000
 -11.03368    0.000000    0.000000    0.000000    0.000000    0.000000    0.000000    0.000000    0.000000    0.000000    0.000000    0.000000
 -11.02768    0.000000    0.000000    0.000000    0.000000    0.000000    0.000000    0.000000    0.000000    0.000000    0.000000    0.000000
 -11.02167    0.000000    0.000000    0.000000    0.000000    0.000000    0.000000    0.000000    0.000000    0.000000    0.000000    0.000000
 -11.01567    0.000000    0.000000    0.000000    0.000000    0.000000    0.000000    0.000000    0.000000    0.000000    0.000000    0.000000
 -11.00967    0.000000    0.000000    0.000000    0.000000    0.000000    0.000000    0.000000    0.000000    0.000000    0.000000    0.000000
 -11.00367    0.000000    0.000000    0.000000    0.000000    0.000000    0.000000    0.000000    0.000000    0.000000    0.000000    0.000000
 -10.99767    0.000000    0.000000    0.000000    0.000000    0.000000    0.000000    0.000000    0.000000    0.000000    0.000000    0.000000
 -10.99166    0.000000    0.000000    0.000000    0.000000    0.000000    0.000000    0.000000    0.000000    0.000000    0.000000    0.000000
 -10.98566    0.000000    0.000000    0.000000    0.000000    0.000000    0.000000    0.000000    0.000000    0.000000    0.000000    0.000000
 -10.97966    0.000000    0.000000    0.000000    0.000000    0.000000    0.000000    0.000000    0.000000    0.000000    0.000000    0.000000
 -10.97366    0.000000    0.000000    0.000000    0.000000    0.000000    0.000000    0.000000    0.000000    0.000000    0.000000    0.000000
 -10.96766    0.000000    0.000000    0.000000    0.000000    0.000000    0.000000    0.000000    0.000000    0.000000    0.000000    0.000000
 -10.96165    0.000000    0.000000    0.000000    0.000000    0.000000    0.000000    0.000000    0.000000    0.000000    0.000000    0.000000
 -10.95565    0.000000    0.000000    0.000000    0.000000    0.000000    0.000000    0.000000    0.000000    0.000000    0.000000    0.000000
 -10.94965    0.000000    0.000000    0.000000    0.000000    0.000000    0.000000    0.000000    0.000000    0.000000    0.000000    0.000000
 -10.94365    0.000000    0.000000    0.000000    0.000000    0.000000    0.000000    0.000000    0.000000    0.000000    0.000000    0.000000
 -10.93765    0.000000    0.000000    0.000000    0.000000    0.000000    0.000000    0.000000    0.000000    0.000000    0.000000    0.000000
 -10.93164    0.000000    0.000000    0.000000    0.000000    0.000000    0.000000    0.000000    0.000000    0.000000    0.000000    0.000000
 -10.92564    0.000000    0.000000    0.000000    0.000000    0.000000    0.000000    0.000000    0.000000    0.000000    0.000000    0.000000
 -10.91964    0.000000    0.000000    0.000000    0.000000    0.000000    0.000000    0.000000    0.000000    0.000000    0.000000    0.000000
 -10.91364    0.000000    0.000000    0.000000    0.000000    0.000000    0.000000    0.000000    0.000000    0.000000    0.000000    0.000000
 -10.90764    0.000000    0.000000    0.000000    0.000000    0.000000    0.000000    0.000000    0.000000    0.000000    0.000000    0.000000
 -10.90163    0.000000    0.000000    0.000000    0.000000    0.000000    0.000000    0.000000    0.000000    0.000000    0.000000    0.000000
 -10.89563    0.000000    0.000000    0.000000    0.000000    0.000000    0.000000    0.000000    0.000000    0.000000    0.000000    0.000000
 -10.88963    0.000000    0.000000    0.000000    0.000000    0.000000    0.000000    0.000000    0.000000    0.000000    0.000000    0.000000
 -10.88363    0.000000    0.000000    0.000000    0.000000    0.000000    0.000000    0.000000    0.000000    0.000000    0.000000    0.000000
 -10.87763    0.000000    0.000000    0.000000    0.000000    0.000000    0.000000    0.000000    0.000000    0.000000    0.000000    0.000000
 -10.87162    0.000000    0.000000    0.000000    0.000000    0.000000    0.000000    0.000000    0.000000    0.000000    0.000000    0.000000
 -10.86562    0.000000    0.000000    0.000000    0.000000    0.000000    0.000000    0.000000    0.000000    0.000000    0.000000    0.000000
 -10.85962    0.000000    0.000000    0.000000    0.000000    0.000000    0.000000    0.000000    0.000000    0.000000    0.000000    0.000000
 -10.85362    0.000000    0.000000    0.000000    0.000000    0.000000    0.000000    0.000000    0.000000    0.000000    0.000000    0.000000
 -10.84762    0.000000    0.000000    0.000000    0.000000    0.000000    0.000000    0.000000    0.000000    0.000000    0.000000    0.000000
 -10.84161    0.000000    0.000000    0.000000    0.000000    0.000000    0.000000    0.000000    0.000000    0.000000    0.000000    0.000000
 -10.83561    0.000000    0.000000    0.000000    0.000000    0.000000    0.000000    0.000000    0.000000    0.000000    0.000000    0.000000
 -10.82961    0.000000    0.000000    0.000000    0.000000    0.000000    0.000000    0.000000    0.000000    0.000000    0.000000    0.000000
 -10.82361    0.000000    0.000000    0.000000    0.000000    0.000000    0.000000    0.000000    0.000000    0.000000    0.000000    0.000000
 -10.81761    0.000000    0.000000    0.000000    0.000000    0.000000    0.000000    0.000000    0.000000    0.000000    0.000000    0.000000
 -10.81160    0.000000    0.000000    0.000000    0.000000    0.000000    0.000000    0.000000    0.000000    0.000000    0.000000    0.000000
 -10.80560    0.000000    0.000000    0.000000    0.000000    0.000000    0.000000    0.000000    0.000000    0.000000    0.000000    0.000000
 -10.79960    0.000000    0.000000    0.000000    0.000000    0.000000    0.000000    0.000000    0.000000    0.000000    0.000000    0.000000
 -10.79360    0.000000    0.000000    0.000000    0.000000    0.000000    0.000000    0.000000    0.000000    0.000000    0.000000    0.000000
 -10.78760    0.000000    0.000000    0.000000    0.000000    0.000000    0.000000    0.000000    0.000000    0.000000    0.000000    0.000000
 -10.78159    0.000000    0.000000    0.000000    0.000000    0.000000    0.000000    0.000000    0.000000    0.000000    0.000000    0.000000
 -10.77559    0.000000    0.000000    0.000000    0.000000    0.000000    0.000000    0.000000    0.000000    0.000000    0.000000    0.000000
 -10.76959    0.000000    0.000000    0.000000    0.000000    0.000000    0.000000    0.000000    0.000000    0.000000    0.000000    0.000000
 -10.76359    0.000000    0.000000    0.000000    0.000000    0.000000    0.000000    0.000000    0.000000    0.000000    0.000000    0.000000
 -10.75759    0.000000    0.000000    0.000000    0.000000    0.000000    0.000000    0.000000    0.000000    0.000000    0.000000    0.000000
 -10.75158    0.000000    0.000000    0.000000    0.000000    0.000000    0.000000    0.000000    0.000000    0.000000    0.000000    0.000000
 -10.74558    0.000000    0.000000    0.000000    0.000000    0.000000    0.000000    0.000000    0.000000    0.000000    0.000000    0.000000
 -10.73958    0.000000    0.000000    0.000000    0.000000    0.000000    0.000000    0.000000    0.000000    0.000000    0.000000    0.000000
 -10.73358    0.000000    0.000000    0.000000    0.000000    0.000000    0.000000    0.000000    0.000000    0.000000    0.000000    0.000000
 -10.72758    0.000000    0.000000    0.000000    0.000000    0.000000    0.000000    0.000000    0.000000    0.000000    0.000000    0.000000
 -10.72157    0.000000    0.000000    0.000000    0.000000    0.000000    0.000000    0.000000    0.000000    0.000000    0.000000    0.000000
 -10.71557    0.000000    0.000000    0.000000    0.000000    0.000000    0.000000    0.000000    0.000000    0.000000    0.000000    0.000000
 -10.70957    0.000000    0.000000    0.000000    0.000000    0.000000    0.000000    0.000000    0.000000    0.000000    0.000000    0.000000
 -10.70357    0.000000    0.000000    0.000000    0.000000    0.000000    0.000000    0.000000    0.000000    0.000000    0.000000    0.000000
 -10.69757    0.000000    0.000000    0.000000    0.000000    0.000000    0.000000    0.000000    0.000000    0.000000    0.000000    0.000000
 -10.69156    0.000000    0.000000    0.000000    0.000000    0.000000    0.000000    0.000000    0.000000    0.000000    0.000000    0.000000
 -10.68556    0.000000    0.000000    0.000000    0.000000    0.000000    0.000000    0.000000    0.000000    0.000000    0.000000    0.000000
 -10.67956    0.000000    0.000000    0.000000    0.000000    0.000000    0.000000    0.000000    0.000000    0.000000    0.000000    0.000000
 -10.67356    0.000000    0.000000    0.000000    0.000000    0.000000    0.000000    0.000000    0.000000    0.000000    0.000000    0.000000
 -10.66756    0.000000    0.000000    0.000000    0.000000    0.000000    0.000000    0.000000    0.000000    0.000000    0.000000    0.000000
 -10.66155    0.000000    0.000000    0.000000    0.000000    0.000000    0.000000    0.000000    0.000000    0.000000    0.000000    0.000000
 -10.65555    0.000000    0.000000    0.000000    0.000000    0.000000    0.000000    0.000000    0.000000    0.000000    0.000000    0.000000
 -10.64955    0.000000    0.000000    0.000000    0.000000    0.000000    0.000000    0.000000    0.000000    0.000000    0.000000    0.000000
 -10.64355    0.000000    0.000000    0.000000    0.000000    0.000000    0.000000    0.000000    0.000000    0.000000    0.000000    0.000000
 -10.63755    0.000000    0.000000    0.000000    0.000000    0.000000    0.000000    0.000000    0.000000    0.000000    0.000000    0.000000
 -10.63154    0.000000    0.000000    0.000000    0.000000    0.000000    0.000000    0.000000    0.000000    0.000000    0.000000    0.000000
 -10.62554    0.000000    0.000000    0.000000    0.000000    0.000000    0.000000    0.000000    0.000000    0.000000    0.000000    0.000000
 -10.61954    0.000000    0.000000    0.000000    0.000000    0.000000    0.000000    0.000000    0.000000    0.000000    0.000000    0.000000
 -10.61354    0.000000    0.000000    0.000000    0.000000    0.000000    0.000000    0.000000    0.000000    0.000000    0.000000    0.000000
 -10.60754    0.000000    0.000000    0.000000    0.000000    0.000000    0.000000    0.000000    0.000000    0.000000    0.000000    0.000000
 -10.60153    0.000000    0.000000    0.000000    0.000000    0.000000    0.000000    0.000000    0.000000    0.000000    0.000000    0.000000
 -10.59553    0.000000    0.000000    0.000000    0.000000    0.000000    0.000000    0.000000    0.000000    0.000000    0.000000    0.000000
 -10.58953    0.000000    0.000000    0.000000    0.000000    0.000000    0.000000    0.000000    0.000000    0.000000    0.000000    0.000000
 -10.58353    0.000000    0.000000    0.000000    0.000000    0.000000    0.000000    0.000000    0.000000    0.000000    0.000000    0.000000
 -10.57753    0.000000    0.000000    0.000000    0.000000    0.000000    0.000000    0.000000    0.000000    0.000000    0.000000    0.000000
 -10.57152    0.000000    0.000000    0.000000    0.000000    0.000000    0.000000    0.000000    0.000000    0.000000    0.000000    0.000000
 -10.56552    0.000000    0.000000    0.000000    0.000000    0.000000    0.000000    0.000000    0.000000    0.000000    0.000000    0.000000
 -10.55952    0.000000    0.000000    0.000000    0.000000    0.000000    0.000000    0.000000    0.000000    0.000000    0.000000    0.000000
 -10.55352    0.000000    0.000000    0.000000    0.000000    0.000000    0.000000    0.000000    0.000000    0.000000    0.000000    0.000000
 -10.54752    0.000000    0.000000    0.000000    0.000000    0.000000    0.000000    0.000000    0.000000    0.000000    0.000000    0.000000
 -10.54151    0.000000    0.000000    0.000000    0.000000    0.000000    0.000000    0.000000    0.000000    0.000000    0.000000    0.000000
 -10.53551    0.000000    0.000000    0.000000    0.000000    0.000000    0.000000    0.000000    0.000000    0.000000    0.000000    0.000000
 -10.52951    0.000000    0.000000    0.000000    0.000000    0.000000    0.000000    0.000000    0.000000    0.000000    0.000000    0.000000
 -10.52351    0.000000    0.000000    0.000000    0.000000    0.000000    0.000000    0.000000    0.000000    0.000000    0.000000    0.000000
 -10.51751    0.000000    0.000000    0.000000    0.000000    0.000000    0.000000    0.000000    0.000000    0.000000    0.000000    0.000000
 -10.51150    0.000000    0.000000    0.000000    0.000000    0.000000    0.000000    0.000000    0.000000    0.000000    0.000000    0.000000
 -10.50550    0.000000    0.000000    0.000000    0.000000    0.000000    0.000000    0.000000    0.000000    0.000000    0.000000    0.000000
 -10.49950    0.000000    0.000000    0.000000    0.000000    0.000000    0.000000    0.000000    0.000000    0.000000    0.000000    0.000000
 -10.49350    0.000000    0.000000    0.000000    0.000000    0.000000    0.000000    0.000000    0.000000    0.000000    0.000000    0.000000
 -10.48750    0.000000    0.000000    0.000000    0.000000    0.000000    0.000000    0.000000    0.000000    0.000000    0.000000    0.000000
 -10.48149    0.000000    0.000000    0.000000    0.000000    0.000000    0.000000    0.000000    0.000000    0.000000    0.000000    0.000000
 -10.47549    0.000000    0.000000    0.000000    0.000000    0.000000    0.000000    0.000000    0.000000    0.000000    0.000000    0.000000
 -10.46949    0.000000    0.000000    0.000000    0.000000    0.000000    0.000000    0.000000    0.000000    0.000000    0.000000    0.000000
 -10.46349    0.000000    0.000000    0.000000    0.000000    0.000000    0.000000    0.000000    0.000000    0.000000    0.000000    0.000000
 -10.45749    0.000000    0.000000    0.000000    0.000000    0.000000    0.000000    0.000000    0.000000    0.000000    0.000000    0.000000
 -10.45148    0.000000    0.000000    0.000000    0.000000    0.000000    0.000000    0.000000    0.000000    0.000000    0.000000    0.000000
 -10.44548    0.000000    0.000000    0.000000    0.000000    0.000000    0.000000    0.000000    0.000000    0.000000    0.000000    0.000000
 -10.43948    0.000000    0.000000    0.000000    0.000000    0.000000    0.000000    0.000000    0.000000    0.000000    0.000000    0.000000
 -10.43348    0.000000    0.000000    0.000000    0.000000    0.000000    0.000000    0.000000    0.000000    0.000000    0.000000    0.000000
 -10.42748    0.000000    0.000000    0.000000    0.000000    0.000000    0.000000    0.000000    0.000000    0.000000    0.000000    0.000000
 -10.42147    0.000000    0.000000    0.000000    0.000000    0.000000    0.000000    0.000000    0.000000    0.000000    0.000000    0.000000
 -10.41547    0.000000    0.000000    0.000000    0.000000    0.000000    0.000000    0.000000    0.000000    0.000000    0.000000    0.000000
 -10.40947    0.000000    0.000000    0.000000    0.000000    0.000000    0.000000    0.000000    0.000000    0.000000    0.000000    0.000000
 -10.40347    0.000000    0.000000    0.000000    0.000000    0.000000    0.000000    0.000000    0.000000    0.000000    0.000000    0.000000
 -10.39747    0.000000    0.000000    0.000000    0.000000    0.000000    0.000000    0.000000    0.000000    0.000000    0.000000    0.000000
 -10.39146    0.000000    0.000000    0.000000    0.000000    0.000000    0.000000    0.000000    0.000000    0.000000    0.000000    0.000000
 -10.38546    0.000000    0.000000    0.000000    0.000000    0.000000    0.000000    0.000000    0.000000    0.000000    0.000000    0.000000
 -10.37946    0.000000    0.000000    0.000000    0.000000    0.000000    0.000000    0.000000    0.000000    0.000000    0.000000    0.000000
 -10.37346    0.000000    0.000000    0.000000    0.000000    0.000000    0.000000    0.000000    0.000000    0.000000    0.000000    0.000000
 -10.36746    0.000000    0.000000    0.000000    0.000000    0.000000    0.000000    0.000000    0.000000    0.000000    0.000000    0.000000
 -10.36145    0.000000    0.000000    0.000000    0.000000    0.000000    0.000000    0.000000    0.000000    0.000000    0.000000    0.000000
 -10.35545    0.000000    0.000000    0.000000    0.000000    0.000000    0.000000    0.000000    0.000000    0.000000    0.000000    0.000000
 -10.34945    0.000000    0.000000    0.000000    0.000000    0.000000    0.000000    0.000000    0.000000    0.000000    0.000000    0.000000
 -10.34345    0.000000    0.000000    0.000000    0.000000    0.000000    0.000000    0.000000    0.000000    0.000000    0.000000    0.000000
 -10.33745    0.000000    0.000000    0.000000    0.000000    0.000000    0.000000    0.000000    0.000000    0.000000    0.000000    0.000000
 -10.33144    0.000000    0.000000    0.000000    0.000000    0.000000    0.000000    0.000000    0.000000    0.000000    0.000000    0.000000
 -10.32544    0.000000    0.000000    0.000000    0.000000    0.000000    0.000000    0.000000    0.000000    0.000000    0.000000    0.000000
 -10.31944    0.000000    0.000000    0.000000    0.000000    0.000000    0.000000    0.000000    0.000000    0.000000    0.000000    0.000000
 -10.31344    0.000000    0.000000    0.000000    0.000000    0.000000    0.000000    0.000000    0.000000    0.000000    0.000000    0.000000
 -10.30744    0.000000    0.000000    0.000000    0.000000    0.000000    0.000000    0.000000    0.000000    0.000000    0.000000    0.000000
 -10.30143    0.000000    0.000000    0.000000    0.000000    0.000000    0.000000    0.000000    0.000000    0.000000    0.000000    0.000000
 -10.29543    0.000000    0.000000    0.000000    0.000000    0.000000    0.000000    0.000000    0.000000    0.000000    0.000000    0.000000
 -10.28943    0.000000    0.000000    0.000000    0.000000    0.000000    0.000000    0.000000    0.000000    0.000000    0.000000    0.000000
 -10.28343    0.000000    0.000000    0.000000    0.000000    0.000000    0.000000    0.000000    0.000000    0.000000    0.000000    0.000000
 -10.27743    0.000000    0.000000    0.000000    0.000000    0.000000    0.000000    0.000000    0.000000    0.000000    0.000000    0.000000
 -10.27142    0.000000    0.000000    0.000000    0.000000    0.000000    0.000000    0.000000    0.000000    0.000000    0.000000    0.000000
 -10.26542    0.000000    0.000000    0.000000    0.000000    0.000000    0.000000    0.000000    0.000000    0.000000    0.000000    0.000000
 -10.25942    0.000000    0.000000    0.000000    0.000000    0.000000    0.000000    0.000000    0.000000    0.000000    0.000000    0.000000
 -10.25342    0.000000    0.000000    0.000000    0.000000    0.000000    0.000000    0.000000    0.000000    0.000000    0.000000    0.000000
 -10.24742    0.000000    0.000000    0.000000    0.000000    0.000000    0.000000    0.000000    0.000000    0.000000    0.000000    0.000000
 -10.24141    0.000000    0.000000    0.000000    0.000000    0.000000    0.000000    0.000000    0.000000    0.000000    0.000000    0.000000
 -10.23541    0.000000    0.000000    0.000000    0.000000    0.000000    0.000000    0.000000    0.000000    0.000000    0.000000    0.000000
 -10.22941    0.000000    0.000000    0.000000    0.000000    0.000000    0.000000    0.000000    0.000000    0.000000    0.000000    0.000000
 -10.22341    0.000000    0.000000    0.000000    0.000000    0.000000    0.000000    0.000000    0.000000    0.000000    0.000000    0.000000
 -10.21741    0.000000    0.000000    0.000000    0.000000    0.000000    0.000000    0.000000    0.000000    0.000000    0.000000    0.000000
 -10.21140    0.000000    0.000000    0.000000    0.000000    0.000000    0.000000    0.000000    0.000000    0.000000    0.000000    0.000000
 -10.20540    0.000000    0.000000    0.000000    0.000000    0.000000    0.000000    0.000000    0.000000    0.000000    0.000000    0.000000
 -10.19940    0.000000    0.000000    0.000000    0.000000    0.000000    0.000000    0.000000    0.000000    0.000000    0.000000    0.000000
 -10.19340    0.000000    0.000000    0.000000    0.000000    0.000000    0.000000    0.000000    0.000000    0.000000    0.000000    0.000000
 -10.18740    0.000000    0.000000    0.000000    0.000000    0.000000    0.000000    0.000000    0.000000    0.000000    0.000000    0.000000
 -10.18139    0.000000    0.000000    0.000000    0.000000    0.000000    0.000000    0.000000    0.000000    0.000000    0.000000    0.000000
 -10.17539    0.000000    0.000000    0.000000    0.000000    0.000000    0.000000    0.000000    0.000000    0.000000    0.000000    0.000000
 -10.16939    0.000000    0.000000    0.000000    0.000000    0.000000    0.000000    0.000000    0.000000    0.000000    0.000000    0.000000
 -10.16339    0.000000    0.000000    0.000000    0.000000    0.000000    0.000000    0.000000    0.000000    0.000000    0.000000    0.000000
 -10.15739    0.000000    0.000000    0.000000    0.000000    0.000000    0.000000    0.000000    0.000000    0.000000    0.000000    0.000000
 -10.15138    0.000000    0.000000    0.000000    0.000000    0.000000    0.000000    0.000000    0.000000    0.000000    0.000000    0.000000
 -10.14538    0.000000    0.000000    0.000000    0.000000    0.000000    0.000000    0.000000    0.000000    0.000000    0.000000    0.000000
 -10.13938    0.000000    0.000000    0.000000    0.000000    0.000000    0.000000    0.000000    0.000000    0.000000    0.000000    0.000000
 -10.13338    0.000000    0.000000    0.000000    0.000000    0.000000    0.000000    0.000000    0.000000    0.000000    0.000000    0.000000
 -10.12738    0.000000    0.000000    0.000000    0.000000    0.000000    0.000000    0.000000    0.000000    0.000000    0.000000    0.000000
 -10.12137    0.000000    0.000000    0.000000    0.000000    0.000000    0.000000    0.000000    0.000000    0.000000    0.000000    0.000000
 -10.11537    0.000000    0.000000    0.000000    0.000000    0.000000    0.000000    0.000000    0.000000    0.000000    0.000000    0.000000
 -10.10937    0.000000    0.000000    0.000000    0.000000    0.000000    0.000000    0.000000    0.000000    0.000000    0.000000    0.000000
 -10.10337    0.000000    0.000000    0.000000    0.000000    0.000000    0.000000    0.000000    0.000000    0.000000    0.000000    0.000000
 -10.09737    0.000000    0.000000    0.000000    0.000000    0.000000    0.000000    0.000000    0.000000    0.000000    0.000000    0.000000
 -10.09136    0.000000    0.000000    0.000000    0.000000    0.000000    0.000000    0.000000    0.000000    0.000000    0.000000    0.000000
 -10.08536    0.000000    0.000000    0.000000    0.000000    0.000000    0.000000    0.000000    0.000000    0.000000    0.000000    0.000000
 -10.07936    0.000000    0.000000    0.000000    0.000000    0.000000    0.000000    0.000000    0.000000    0.000000    0.000000    0.000000
 -10.07336    0.000000    0.000000    0.000000    0.000000    0.000000    0.000000    0.000000    0.000000    0.000000    0.000000    0.000000
 -10.06736    0.000000    0.000000    0.000000    0.000000    0.000000    0.000000    0.000000    0.000000    0.000000    0.000000    0.000000
 -10.06135    0.000000    0.000000    0.000000    0.000000    0.000000    0.000000    0.000000    0.000000    0.000000    0.000000    0.000000
 -10.05535    0.000000    0.000000    0.000000    0.000000    0.000000    0.000000    0.000000    0.000000    0.000000    0.000000    0.000000
 -10.04935    0.000000    0.000000    0.000000    0.000000    0.000000    0.000000    0.000000    0.000000    0.000000    0.000000    0.000000
 -10.04335    0.000000    0.000000    0.000000    0.000000    0.000000    0.000000    0.000000    0.000000    0.000000    0.000000    0.000000
 -10.03735    0.000000    0.000000    0.000000    0.000000    0.000000    0.000000    0.000000    0.000000    0.000000    0.000000    0.000000
 -10.03134    0.000000    0.000000    0.000000    0.000000    0.000000    0.000000    0.000000    0.000000    0.000000    0.000000    0.000000
 -10.02534    0.000000    0.000000    0.000000    0.000000    0.000000    0.000000    0.000000    0.000000    0.000000    0.000000    0.000000
 -10.01934    0.000000    0.000000    0.000000    0.000000    0.000000    0.000000    0.000000    0.000000    0.000000    0.000000    0.000000
 -10.01334    0.000000    0.000000    0.000000    0.000000    0.000000    0.000000    0.000000    0.000000    0.000000    0.000000    0.000000
 -10.00734    0.000000    0.000000    0.000000    0.000000    0.000000    0.000000    0.000000    0.000000    0.000000    0.000000    0.000000
 -10.00133    0.000000    0.000000    0.000000    0.000000    0.000000    0.000000    0.000000    0.000000    0.000000    0.000000    0.000000
  -9.99533    0.000000    0.000000    0.000000    0.000000    0.000000    0.000000    0.000000    0.000000    0.000000    0.000000    0.000000
  -9.98933    0.000000    0.000000    0.000000    0.000000    0.000000    0.000000    0.000000    0.000000    0.000000    0.000000    0.000000
  -9.98333    0.000000    0.000000    0.000000    0.000000    0.000000    0.000000    0.000000    0.000000    0.000000    0.000000    0.000000
  -9.97733    0.000000    0.000000    0.000000    0.000000    0.000000    0.000000    0.000000    0.000000    0.000000    0.000000    0.000000
  -9.97132    0.000000    0.000000    0.000000    0.000000    0.000000    0.000000    0.000000    0.000000    0.000000    0.000000    0.000000
  -9.96532    0.000000    0.000000    0.000000    0.000000    0.000000    0.000000    0.000000    0.000000    0.000000    0.000000    0.000000
  -9.95932    0.000000    0.000000    0.000000    0.000000    0.000000    0.000000    0.000000    0.000000    0.000000    0.000000    0.000000
  -9.95332    0.000000    0.000000    0.000000    0.000000    0.000000    0.000000    0.000000    0.000000    0.000000    0.000000    0.000000
  -9.94732    0.000000    0.000000    0.000000    0.000000    0.000000    0.000000    0.000000    0.000000    0.000000    0.000000    0.000000
  -9.94131    0.000000    0.000000    0.000000    0.000000    0.000000    0.000000    0.000000    0.000000    0.000000    0.000000    0.000000
  -9.93531    0.000000    0.000000    0.000000    0.000000    0.000000    0.000000    0.000000    0.000000    0.000000    0.000000    0.000000
  -9.92931    0.000000    0.000000    0.000000    0.000000    0.000000    0.000000    0.000000    0.000000    0.000000    0.000000    0.000000
  -9.92331    0.000000    0.000000    0.000000    0.000000    0.000000    0.000000    0.000000    0.000000    0.000000    0.000000    0.000000
  -9.91731    0.000000    0.000000    0.000000    0.000000    0.000000    0.000000    0.000000    0.000000    0.000000    0.000000    0.000000
  -9.91130    0.000000    0.000000    0.000000    0.000000    0.000000    0.000000    0.000000    0.000000    0.000000    0.000000    0.000000
  -9.90530    0.000000    0.000000    0.000000    0.000000    0.000000    0.000000    0.000000    0.000000    0.000000    0.000000    0.000000
  -9.89930    0.000000    0.000000    0.000000    0.000000    0.000000    0.000000    0.000000    0.000000    0.000000    0.000000    0.000000
  -9.89330    0.000000    0.000000    0.000000    0.000000    0.000000    0.000000    0.000000    0.000000    0.000000    0.000000    0.000000
  -9.88730    0.000000    0.000000    0.000000    0.000000    0.000000    0.000000    0.000000    0.000000    0.000000    0.000000    0.000000
  -9.88129    0.000000    0.000000    0.000000    0.000000    0.000000    0.000000    0.000000    0.000000    0.000000    0.000000    0.000000
  -9.87529    0.000000    0.000000    0.000000    0.000000    0.000000    0.000000    0.000000    0.000000    0.000000    0.000000    0.000000
  -9.86929    0.000000    0.000000    0.000000    0.000000    0.000000    0.000000    0.000000    0.000000    0.000000    0.000000    0.000000
  -9.86329    0.000000    0.000000    0.000000    0.000000    0.000000    0.000000    0.000000    0.000000    0.000000    0.000000    0.000000
  -9.85729    0.000000    0.000000    0.000000    0.000000    0.000000    0.000000    0.000000    0.000000    0.000000    0.000000    0.000000
  -9.85128    0.000000    0.000000    0.000000    0.000000    0.000000    0.000000    0.000000    0.000000    0.000000    0.000000    0.000000
  -9.84528    0.000000    0.000000    0.000000    0.000000    0.000000    0.000000    0.000000    0.000000    0.000000    0.000000    0.000000
  -9.83928    0.000000    0.000000    0.000000    0.000000    0.000000    0.000000    0.000000    0.000000    0.000000    0.000000    0.000000
  -9.83328    0.000000    0.000000    0.000000    0.000000    0.000000    0.000000    0.000000    0.000000    0.000000    0.000000    0.000000
  -9.82728    0.000000    0.000000    0.000000    0.000000    0.000000    0.000000    0.000000    0.000000    0.000000    0.000000    0.000000
  -9.82127    0.000000    0.000000    0.000000    0.000000    0.000000    0.000000    0.000000    0.000000    0.000000    0.000000    0.000000
  -9.81527    0.000000    0.000000    0.000000    0.000000    0.000000    0.000000    0.000000    0.000000    0.000000    0.000000    0.000000
  -9.80927    0.000000    0.000000    0.000000    0.000000    0.000000    0.000000    0.000000    0.000000    0.000000    0.000000    0.000000
  -9.80327    0.000000    0.000000    0.000000    0.000000    0.000000    0.000000    0.000000    0.000000    0.000000    0.000000    0.000000
  -9.79727    0.000000    0.000000    0.000000    0.000000    0.000000    0.000000    0.000000    0.000000    0.000000    0.000000    0.000000
  -9.79126    0.000000    0.000000    0.000000    0.000000    0.000000    0.000000    0.000000    0.000000    0.000000    0.000000    0.000000
  -9.78526    0.000000    0.000000    0.000000    0.000000    0.000000    0.000000    0.000000    0.000000    0.000000    0.000000    0.000000
  -9.77926    0.000000    0.000000    0.000000    0.000000    0.000000    0.000000    0.000000    0.000000    0.000000    0.000000    0.000000
  -9.77326    0.000000    0.000000    0.000000    0.000000    0.000000    0.000000    0.000000    0.000000    0.000000    0.000000    0.000000
  -9.76726    0.000000    0.000000    0.000000    0.000000    0.000000    0.000000    0.000000    0.000000    0.000000    0.000000    0.000000
  -9.76125    0.000000    0.000000    0.000000    0.000000    0.000000    0.000000    0.000000    0.000000    0.000000    0.000000    0.000000
  -9.75525    0.000000    0.000000    0.000000    0.000000    0.000000    0.000000    0.000000    0.000000    0.000000    0.000000    0.000000
  -9.74925    0.000000    0.000000    0.000000    0.000000    0.000000    0.000000    0.000000    0.000000    0.000000    0.000000    0.000000
  -9.74325    0.000000    0.000000    0.000000    0.000000    0.000000    0.000000    0.000000    0.000000    0.000000    0.000000    0.000000
  -9.73725    0.000000    0.000000    0.000000    0.000000    0.000000    0.000000    0.000000    0.000000    0.000000    0.000000    0.000000
  -9.73124    0.000000    0.000000    0.000000    0.000000    0.000000    0.000000    0.000000    0.000000    0.000000    0.000000    0.000000
  -9.72524    0.000000    0.000000    0.000000    0.000000    0.000000    0.000000    0.000000    0.000000    0.000000    0.000000    0.000000
  -9.71924    0.000000    0.000000    0.000000    0.000000    0.000000    0.000000    0.000000    0.000000    0.000000    0.000000    0.000000
  -9.71324    0.000000    0.000000    0.000000    0.000000    0.000000    0.000000    0.000000    0.000000    0.000000    0.000000    0.000000
  -9.70724    0.000000    0.000000    0.000000    0.000000    0.000000    0.000000    0.000000    0.000000    0.000000    0.000000    0.000000
  -9.70123    0.000000    0.000000    0.000000    0.000000    0.000000    0.000000    0.000000    0.000000    0.000000    0.000000    0.000000
  -9.69523    0.000000    0.000000    0.000000    0.000000    0.000000    0.000000    0.000000    0.000000    0.000000    0.000000    0.000000
  -9.68923    0.000000    0.000000    0.000000    0.000000    0.000000    0.000000    0.000000    0.000000    0.000000    0.000000    0.000000
  -9.68323    0.000000    0.000000    0.000000    0.000000    0.000000    0.000000    0.000000    0.000000    0.000000    0.000000    0.000000
  -9.67723    0.000000    0.000000    0.000000    0.000000    0.000000    0.000000    0.000000    0.000000    0.000000    0.000000    0.000000
  -9.67122    0.000000    0.000000    0.000000    0.000000    0.000000    0.000000    0.000000    0.000000    0.000000    0.000000    0.000000
  -9.66522    0.000000    0.000000    0.000000    0.000000    0.000000    0.000000    0.000000    0.000000    0.000000    0.000000    0.000000
  -9.65922    0.000000    0.000000    0.000000    0.000000    0.000000    0.000000    0.000000    0.000000    0.000000    0.000000    0.000000
  -9.65322    0.000000    0.000000    0.000000    0.000000    0.000000    0.000000    0.000000    0.000000    0.000000    0.000000    0.000000
  -9.64722    0.000000    0.000000    0.000000    0.000000    0.000000    0.000000    0.000000    0.000000    0.000000    0.000000    0.000000
  -9.64121    0.000000    0.000000    0.000000    0.000000    0.000000    0.000000    0.000000    0.000000    0.000000    0.000000    0.000000
  -9.63521    0.000000    0.000000    0.000000    0.000000    0.000000    0.000000    0.000000    0.000000    0.000000    0.000000    0.000000
  -9.62921    0.000000    0.000000    0.000000    0.000000    0.000000    0.000000    0.000000    0.000000    0.000000    0.000000    0.000000
  -9.62321    0.000000    0.000000    0.000000    0.000000    0.000000    0.000000    0.000000    0.000000    0.000000    0.000000    0.000000
  -9.61721    0.000000    0.000000    0.000000    0.000000    0.000000    0.000000    0.000000    0.000000    0.000000    0.000000    0.000000
  -9.61120    0.000000    0.000000    0.000000    0.000000    0.000000    0.000000    0.000000    0.000000    0.000000    0.000000    0.000000
  -9.60520    0.000000    0.000000    0.000000    0.000000    0.000000    0.000000    0.000000    0.000000    0.000000    0.000000    0.000000
  -9.59920    0.000000    0.000000    0.000000    0.000000    0.000000    0.000000    0.000000    0.000000    0.000000    0.000000    0.000000
  -9.59320    0.000000    0.000000    0.000000    0.000000    0.000000    0.000000    0.000000    0.000000    0.000000    0.000000    0.000000
  -9.58720    0.000000    0.000000    0.000000    0.000000    0.000000    0.000000    0.000000    0.000000    0.000000    0.000000    0.000000
  -9.58119    0.000000    0.000000    0.000000    0.000000    0.000000    0.000000    0.000000    0.000000    0.000000    0.000000    0.000000
  -9.57519    0.000000    0.000000    0.000000    0.000000    0.000000    0.000000    0.000000    0.000000    0.000000    0.000000    0.000000
  -9.56919    0.000000    0.000000    0.000000    0.000000    0.000000    0.000000    0.000000    0.000000    0.000000    0.000000    0.000000
  -9.56319    0.000000    0.000000    0.000000    0.000000    0.000000    0.000000    0.000000    0.000000    0.000000    0.000000    0.000000
  -9.55719    0.000000    0.000000    0.000000    0.000000    0.000000    0.000000    0.000000    0.000000    0.000000    0.000000    0.000000
  -9.55118    0.000000    0.000000    0.000000    0.000000    0.000000    0.000000    0.000000    0.000000    0.000000    0.000000    0.000000
  -9.54518    0.000000    0.000000    0.000000    0.000000    0.000000    0.000000    0.000000    0.000000    0.000000    0.000000    0.000000
  -9.53918    0.000000    0.000000    0.000000    0.000000    0.000000    0.000000    0.000000    0.000000    0.000000    0.000000    0.000000
  -9.53318    0.000000    0.000000    0.000000    0.000000    0.000000    0.000000    0.000000    0.000000    0.000000    0.000000    0.000000
  -9.52718    0.000000    0.000000    0.000000    0.000000    0.000000    0.000000    0.000000    0.000000    0.000000    0.000000    0.000000
  -9.52117    0.000000    0.000000    0.000000    0.000000    0.000000    0.000000    0.000000    0.000000    0.000000    0.000000    0.000000
  -9.51517    0.000000    0.000000    0.000000    0.000000    0.000000    0.000000    0.000000    0.000000    0.000000    0.000000    0.000000
  -9.50917    0.000000    0.000000    0.000000    0.000000    0.000000    0.000000    0.000000    0.000000    0.000000    0.000000    0.000000
  -9.50317    0.000000    0.000000    0.000000    0.000000    0.000000    0.000000    0.000000    0.000000    0.000000    0.000000    0.000000
  -9.49717    0.000000    0.000000    0.000000    0.000000    0.000000    0.000000    0.000000    0.000000    0.000000    0.000000    0.000000
  -9.49116    0.000000    0.000000    0.000000    0.000000    0.000000    0.000000    0.000000    0.000000    0.000000    0.000000    0.000000
  -9.48516    0.000000    0.000000    0.000000    0.000000    0.000000    0.000000    0.000000    0.000000    0.000000    0.000000    0.000000
  -9.47916    0.000000    0.000000    0.000000    0.000000    0.000000    0.000000    0.000000    0.000000    0.000000    0.000000    0.000000
  -9.47316    0.000000    0.000000    0.000000    0.000000    0.000000    0.000000    0.000000    0.000000    0.000000    0.000000    0.000000
  -9.46716    0.000000    0.000000    0.000000    0.000000    0.000000    0.000000    0.000000    0.000000    0.000000    0.000000    0.000000
  -9.46115    0.000000    0.000000    0.000000    0.000000    0.000000    0.000000    0.000000    0.000000    0.000000    0.000000    0.000000
  -9.45515    0.000000    0.000000    0.000000    0.000000    0.000000    0.000000    0.000000    0.000000    0.000000    0.000000    0.000000
  -9.44915    0.000000    0.000000    0.000000    0.000000    0.000000    0.000000    0.000000    0.000000    0.000000    0.000000    0.000000
  -9.44315    0.000000    0.000000    0.000000    0.000000    0.000000    0.000000    0.000000    0.000000    0.000000    0.000000    0.000000
  -9.43715    0.000000    0.000000    0.000000    0.000000    0.000000    0.000000    0.000000    0.000000    0.000000    0.000000    0.000000
  -9.43114    0.000000    0.000000    0.000000    0.000000    0.000000    0.000000    0.000000    0.000000    0.000000    0.000000    0.000000
  -9.42514    0.000000    0.000000    0.000000    0.000000    0.000000    0.000000    0.000000    0.000000    0.000000    0.000000    0.000000
  -9.41914    0.000000    0.000000    0.000000    0.000000    0.000000    0.000000    0.000000    0.000000    0.000000    0.000000    0.000000
  -9.41314    0.000000    0.000000    0.000000    0.000000    0.000000    0.000000    0.000000    0.000000    0.000000    0.000000    0.000000
  -9.40714    0.000000    0.000000    0.000000    0.000000    0.000000    0.000000    0.000000    0.000000    0.000000    0.000000    0.000000
  -9.40113    0.000000    0.000000    0.000000    0.000000    0.000000    0.000000    0.000000    0.000000    0.000000    0.000000    0.000000
  -9.39513    0.000000    0.000000    0.000000    0.000000    0.000000    0.000000    0.000000    0.000000    0.000000    0.000000    0.000000
  -9.38913    0.000000    0.000000    0.000000    0.000000    0.000000    0.000000    0.000000    0.000000    0.000000    0.000000    0.000000
  -9.38313    0.000000    0.000000    0.000000    0.000000    0.000000    0.000000    0.000000    0.000000    0.000000    0.000000    0.000000
  -9.37713    0.000000    0.000000    0.000000    0.000000    0.000000    0.000000    0.000000    0.000000    0.000000    0.000000    0.000000
  -9.37112    0.000000    0.000000    0.000000    0.000000    0.000000    0.000000    0.000000    0.000000    0.000000    0.000000    0.000000
  -9.36512    0.000000    0.000000    0.000000    0.000000    0.000000    0.000000    0.000000    0.000000    0.000000    0.000000    0.000000
  -9.35912    0.000000    0.000000    0.000000    0.000000    0.000000    0.000000    0.000000    0.000000    0.000000    0.000000    0.000000
  -9.35312    0.000000    0.000000    0.000000    0.000000    0.000000    0.000000    0.000000    0.000000    0.000000    0.000000    0.000000
  -9.34712    0.000000    0.000000    0.000000    0.000000    0.000000    0.000000    0.000000    0.000000    0.000000    0.000000    0.000000
  -9.34111    0.000000    0.000000    0.000000    0.000000    0.000000    0.000000    0.000000    0.000000    0.000000    0.000000    0.000000
  -9.33511    0.000000    0.000000    0.000000    0.000000    0.000000    0.000000    0.000000    0.000000    0.000000    0.000000    0.000000
  -9.32911    0.000000    0.000000    0.000000    0.000000    0.000000    0.000000    0.000000    0.000000    0.000000    0.000000    0.000000
  -9.32311    0.000000    0.000000    0.000000    0.000000    0.000000    0.000000    0.000000    0.000000    0.000000    0.000000    0.000000
  -9.31711    0.000000    0.000000    0.000000    0.000000    0.000000    0.000000    0.000000    0.000000    0.000000    0.000000    0.000000
  -9.31110    0.000000    0.000000    0.000000    0.000000    0.000000    0.000000    0.000000    0.000000    0.000000    0.000000    0.000000
  -9.30510    0.000000    0.000000    0.000000    0.000000    0.000000    0.000000    0.000000    0.000000    0.000000    0.000000    0.000000
  -9.29910    0.000000    0.000000    0.000000    0.000000    0.000000    0.000000    0.000000    0.000000    0.000000    0.000000    0.000000
  -9.29310    0.000000    0.000000    0.000000    0.000000    0.000000    0.000000    0.000000    0.000000    0.000000    0.000000    0.000000
  -9.28710    0.000001    0.000000    0.000000    0.000000    0.000000    0.000000    0.000000    0.000000    0.000000    0.000000    0.000000
  -9.28109    0.000002    0.000000    0.000000    0.000000    0.000000    0.000000    0.000000    0.000000    0.000000    0.000000    0.000000
  -9.27509    0.000004    0.000000    0.000000    0.000000    0.000000    0.000000    0.000000    0.000000    0.000000    0.000000    0.000000
  -9.26909    0.000007    0.000000    0.000000    0.000000    0.000000    0.000000    0.000000    0.000000    0.000000    0.000000    0.000000
  -9.26309    0.000015    0.000000    0.000000    0.000000    0.000000    0.000000    0.000000    0.000000    0.000000    0.000000    0.000000
  -9.25709    0.000028    0.000000    0.000000    0.000000    0.000000    0.000000    0.000000    0.000000    0.000000    0.000000    0.000000
  -9.25108    0.000053    0.000000    0.000000    0.000000    0.000000    0.000000    0.000000    0.000000    0.000000    0.000000    0.000000
  -9.24508    0.000098    0.000000    0.000000    0.000000    0.000000    0.000000    0.000000    0.000000    0.000000    0.000000    0.000000
  -9.23908    0.000178    0.000000    0.000000    0.000000    0.000000    0.000000    0.000000    0.000000    0.000000    0.000000    0.000000
  -9.23308    0.000317    0.000000    0.000000    0.000000    0.000001    0.000000    0.000000    0.000000    0.000000    0.000000    0.000000
  -9.22708    0.000552    0.000000    0.000000    0.000000    0.000001    0.000000    0.000000    0.000000    0.000000    0.000000    0.000000
  -9.22107    0.000944    0.000000    0.000000    0.000000    0.000002    0.000000    0.000000    0.000000    0.000000    0.000000    0.000000
  -9.21507    0.001579    0.000001    0.000000    0.000000    0.000003    0.000000    0.000000    0.000000    0.000000    0.000000    0.000000
  -9.20907    0.002591    0.000001    0.000000    0.000001    0.000005    0.000000    0.000000    0.000000    0.000000    0.000000    0.000000
  -9.20307    0.004168    0.000002    0.000001    0.000001    0.000008    0.000000    0.000000    0.000000    0.000000    0.000000    0.000000
  -9.19707    0.006571    0.000003    0.000001    0.000002    0.000012    0.000000    0.000000    0.000000    0.000000    0.000000    0.000000
  -9.19106    0.010155    0.000004    0.000001    0.000003    0.000019    0.000000    0.000000    0.000000    0.000000    0.000000    0.000000
  -9.18506    0.015384    0.000006    0.000002    0.000004    0.000028    0.000000    0.000000    0.000000    0.000000    0.000000    0.000000
  -9.17906    0.022843    0.000009    0.000003    0.000006    0.000042    0.000000    0.000000    0.000000    0.000000    0.000000    0.000000
  -9.17306    0.033248    0.000013    0.000004    0.000009    0.000061    0.000000    0.000000    0.000000    0.000000    0.000000    0.000000
  -9.16706    0.047435    0.000019    0.000006    0.000012    0.000087    0.000000    0.000000    0.000000    0.000000    0.000000    0.000000
  -9.16105    0.066338    0.000026    0.000008    0.000017    0.000122    0.000000    0.000000    0.000000    0.000000    0.000000    0.000000
  -9.15505    0.090939    0.000036    0.000012    0.000024    0.000167    0.000000    0.000000    0.000000    0.000000    0.000000    0.000000
  -9.14905    0.122197    0.000048    0.000016    0.000032    0.000225    0.000000    0.000000    0.000000    0.000000    0.000000    0.000000
  -9.14305    0.160952    0.000063    0.000021    0.000042    0.000296    0.000000    0.000000    0.000000    0.000000    0.000000    0.000000
  -9.13705    0.207806    0.000081    0.000027    0.000055    0.000382    0.000000    0.000000    0.000000    0.000000    0.000000    0.000000
  -9.13104    0.262993    0.000103    0.000034    0.000069    0.000483    0.000000    0.000000    0.000000    0.000000    0.000000    0.000000
  -9.12504    0.326252    0.000127    0.000042    0.000086    0.000599    0.000000    0.000000    0.000000    0.000000    0.000000    0.000000
  -9.11904    0.396724    0.000155    0.000051    0.000104    0.000729    0.000000    0.000000    0.000000    0.000000    0.000000    0.000000
  -9.11304    0.472876    0.000185    0.000060    0.000124    0.000869    0.000000    0.000000    0.000000    0.000000    0.000000    0.000000
  -9.10704    0.552498    0.000216    0.000070    0.000145    0.001015    0.000000    0.000000    0.000000    0.000000    0.000000    0.000000
  -9.10103    0.632759    0.000247    0.000081    0.000166    0.001163    0.000000    0.000000    0.000000    0.000000    0.000000    0.000000
  -9.09503    0.710348    0.000277    0.000091    0.000187    0.001305    0.000000    0.000000    0.000000    0.000000    0.000000    0.000000
  -9.08903    0.781679    0.000305    0.000100    0.000205    0.001436    0.000000    0.000000    0.000000    0.000000    0.000000    0.000000
  -9.08303    0.843160    0.000329    0.000108    0.000222    0.001549    0.000000    0.000000    0.000000    0.000000    0.000000    0.000000
  -9.07703    0.891490    0.000348    0.000114    0.000234    0.001638    0.000000    0.000000    0.000000    0.000000    0.000000    0.000000
  -9.07102    0.923947    0.000361    0.000118    0.000243    0.001698    0.000000    0.000000    0.000000    0.000000    0.000000    0.000000
  -9.06502    0.938647    0.000366    0.000120    0.000247    0.001725    0.000000    0.000000    0.000000    0.000000    0.000000    0.000000
  -9.05902    0.934722    0.000365    0.000119    0.000246    0.001717    0.000000    0.000000    0.000000    0.000000    0.000000    0.000000
  -9.05302    0.912403    0.000356    0.000116    0.000240    0.001676    0.000000    0.000000    0.000000    0.000000    0.000000    0.000000
  -9.04702    0.873003    0.000341    0.000111    0.000229    0.001604    0.000000    0.000000    0.000000    0.000000    0.000000    0.000000
  -9.04101    0.818784    0.000320    0.000104    0.000215    0.001504    0.000000    0.000000    0.000000    0.000000    0.000000    0.000000
  -9.03501    0.752745    0.000294    0.000096    0.000198    0.001383    0.000000    0.000000    0.000000    0.000000    0.000000    0.000000
  -9.02901    0.678345    0.000265    0.000087    0.000178    0.001246    0.000000    0.000000    0.000000    0.000000    0.000000    0.000000
  -9.02301    0.599209    0.000234    0.000076    0.000157    0.001101    0.000000    0.000000    0.000000    0.000000    0.000000    0.000000
  -9.01701    0.518837    0.000203    0.000066    0.000136    0.000953    0.000000    0.000000    0.000000    0.000000    0.000000    0.000000
  -9.01100    0.440361    0.000172    0.000056    0.000116    0.000809    0.000000    0.000000    0.000000    0.000000    0.000000    0.000000
  -9.00500    0.366364    0.000143    0.000047    0.000096    0.000673    0.000000    0.000000    0.000000    0.000000    0.000000    0.000000
  -8.99900    0.298778    0.000117    0.000038    0.000079    0.000549    0.000000    0.000000    0.000000    0.000000    0.000000    0.000000
  -8.99300    0.238848    0.000093    0.000030    0.000063    0.000439    0.000000    0.000000    0.000000    0.000000    0.000000    0.000000
  -8.98700    0.187178    0.000073    0.000024    0.000049    0.000344    0.000000    0.000000    0.000000    0.000000    0.000000    0.000000
  -8.98099    0.143813    0.000056    0.000018    0.000038    0.000264    0.000000    0.000000    0.000000    0.000000    0.000000    0.000000
  -8.97499    0.108361    0.000042    0.000014    0.000029    0.000199    0.000000    0.000000    0.000000    0.000000    0.000000    0.000000
  -8.96899    0.080128    0.000031    0.000010    0.000021    0.000147    0.000000    0.000000    0.000000    0.000000    0.000000    0.000000
  -8.96299    0.058247    0.000023    0.000008    0.000016    0.000107    0.000000    0.000000    0.000000    0.000000    0.000000    0.000000
  -8.95699    0.041797    0.000017    0.000006    0.000011    0.000077    0.000000    0.000000    0.000000    0.000000    0.000000    0.000000
  -8.95098    0.029899    0.000013    0.000004    0.000009    0.000056    0.000000    0.000000    0.000000    0.000000    0.000000    0.000000
  -8.94498    0.021794    0.000010    0.000003    0.000007    0.000042    0.000000    0.000000    0.000000    0.000000    0.000000    0.000000
  -8.93898    0.016899    0.000009    0.000003    0.000006    0.000034    0.000000    0.000000    0.000000    0.000000    0.000000    0.000000
  -8.93298    0.014849    0.000010    0.000003    0.000007    0.000032    0.000000    0.000000    0.000000    0.000000    0.000000    0.000000
  -8.92698    0.015528    0.000013    0.000004    0.000009    0.000036    0.000000    0.000000    0.000000    0.000000    0.000000    0.000000
  -8.92097    0.019090    0.000018    0.000006    0.000012    0.000046    0.000000    0.000000    0.000000    0.000000    0.000000    0.000000
  -8.91497    0.025979    0.000026    0.000009    0.000018    0.000065    0.000000    0.000000    0.000000    0.000000    0.000000    0.000000
  -8.90897    0.036943    0.000039    0.000013    0.000026    0.000094    0.000000    0.000000    0.000000    0.000000    0.000000    0.000000
  -8.90297    0.053036    0.000056    0.000019    0.000038    0.000136    0.000000    0.000000    0.000000    0.000000    0.000000    0.000000
  -8.89697    0.075612    0.000080    0.000027    0.000054    0.000194    0.000000    0.000000    0.000000    0.000000    0.000000    0.000000
  -8.89096    0.106287    0.000113    0.000038    0.000075    0.000274    0.000000    0.000000    0.000000    0.000000    0.000000    0.000000
  -8.88496    0.146884    0.000156    0.000052    0.000104    0.000379    0.000000    0.000000    0.000000    0.000000    0.000000    0.000000
  -8.87896    0.199333    0.000211    0.000071    0.000140    0.000515    0.000000    0.000000    0.000000    0.000000    0.000000    0.000000
  -8.87296    0.265540    0.000281    0.000094    0.000186    0.000687    0.000000    0.000000    0.000000    0.000000    0.000000    0.000000
  -8.86696    0.347208    0.000366    0.000124    0.000243    0.000900    0.000000    0.000000    0.000000    0.000000    0.000000    0.000000
  -8.86095    0.445652    0.000469    0.000159    0.000311    0.001156    0.000000    0.000000    0.000000    0.000000    0.000000    0.000000
  -8.85495    0.561584    0.000590    0.000200    0.000390    0.001460    0.000000    0.000000    0.000000    0.000000    0.000000    0.000000
  -8.84895    0.694932    0.000728    0.000248    0.000480    0.001810    0.000000    0.000000    0.000000    0.000000    0.000000    0.000000
  -8.84295    0.844686    0.000883    0.000302    0.000581    0.002205    0.000000    0.000000    0.000000    0.000000    0.000000    0.000000
  -8.83695    1.008830    0.001051    0.000361    0.000690    0.002640    0.000000    0.000000    0.000000    0.000000    0.000000    0.000000
  -8.83094    1.184355    0.001231    0.000425    0.000806    0.003107    0.000000    0.000000    0.000000    0.000000    0.000000    0.000000
  -8.82494    1.367386    0.001417    0.000492    0.000926    0.003597    0.000000    0.000000    0.000000    0.000000    0.000000    0.000000
  -8.81894    1.553408    0.001606    0.000560    0.001045    0.004100    0.000000    0.000000    0.000000    0.000000    0.000000    0.000000
  -8.81294    1.737570    0.001791    0.000629    0.001162    0.004603    0.000000    0.000000    0.000000    0.000000    0.000000    0.000000
  -8.80694    1.915044    0.001968    0.000696    0.001272    0.005094    0.000000    0.000000    0.000000    0.000000    0.000000    0.000000
  -8.80093    2.081375    0.002133    0.000761    0.001372    0.005561    0.000000    0.000000    0.000000    0.000000    0.000000    0.000000
  -8.79493    2.232777    0.002282    0.000821    0.001460    0.005996    0.000000    0.000000    0.000000    0.000000    0.000000    0.000000
  -8.78893    2.366343    0.002412    0.000877    0.001535    0.006390    0.000000    0.000000    0.000000    0.000000    0.000000    0.000000
  -8.78293    2.480109    0.002521    0.000927    0.001594    0.006737    0.000000    0.000000    0.000000    0.000000    0.000000    0.000000
  -8.77693    2.572998    0.002609    0.000970    0.001639    0.007035    0.000000    0.000000    0.000000    0.000000    0.000000    0.000000
  -8.77092    2.644639    0.002675    0.001007    0.001668    0.007280    0.000000    0.000000    0.000000    0.000000    0.000000    0.000000
  -8.76492    2.695102    0.002720    0.001037    0.001683    0.007472    0.000000    0.000000    0.000000    0.000000    0.000000    0.000000
  -8.75892    2.724625    0.002744    0.001060    0.001685    0.007609    0.000000    0.000000    0.000000    0.000000    0.000000    0.000000
  -8.75292    2.733364    0.002749    0.001075    0.001674    0.007689    0.000000    0.000000    0.000000    0.000000    0.000000    0.000000
  -8.74692    2.721247    0.002732    0.001082    0.001650    0.007710    0.000000    0.000000    0.000000    0.000000    0.000000    0.000000
  -8.74091    2.687944    0.002695    0.001080    0.001615    0.007667    0.000000    0.000000    0.000000    0.000000    0.000000    0.000000
  -8.73491    2.632976    0.002637    0.001069    0.001569    0.007559    0.000000    0.000000    0.000000    0.000000    0.000000    0.000000
  -8.72891    2.555927    0.002558    0.001047    0.001511    0.007381    0.000000    0.000000    0.000000    0.000000    0.000000    0.000000
  -8.72291    2.456734    0.002457    0.001016    0.001442    0.007133    0.000000    0.000000    0.000000    0.000000    0.000000    0.000000
  -8.71691    2.335973    0.002335    0.000973    0.001362    0.006816    0.000000    0.000000    0.000000    0.000000    0.000000    0.000000
  -8.71090    2.195098    0.002193    0.000921    0.001272    0.006432    0.000000    0.000000    0.000000    0.000000    0.000000    0.000000
  -8.70490    2.036575    0.002034    0.000860    0.001174    0.005990    0.000000    0.000000    0.000000    0.000000    0.000000    0.000000
  -8.69890    1.863880    0.001861    0.000791    0.001070    0.005501    0.000000    0.000000    0.000000    0.000000    0.000000    0.000000
  -8.69290    1.681362    0.001679    0.000717    0.000961    0.004977    0.000000    0.000000    0.000000    0.000000    0.000000    0.000000
  -8.68690    1.493981    0.001492    0.000640    0.000851    0.004433    0.000000    0.000000    0.000000    0.000000    0.000000    0.000000
  -8.68089    1.306975    0.001305    0.000562    0.000743    0.003888    0.000000    0.000000    0.000000    0.000000    0.000000    0.000000
  -8.67489    1.125497    0.001125    0.000486    0.000638    0.003356    0.000000    0.000000    0.000000    0.000000    0.000000    0.000000
  -8.66889    0.954273    0.000955    0.000414    0.000541    0.002852    0.000000    0.000000    0.000000    0.000000    0.000000    0.000000
  -8.66289    0.797339    0.000800    0.000348    0.000452    0.002390    0.000000    0.000000    0.000000    0.000000    0.000000    0.000000
  -8.65689    0.657869    0.000663    0.000290    0.000374    0.001980    0.000000    0.000000    0.000000    0.000000    0.000000    0.000000
  -8.65088    0.538106    0.000548    0.000240    0.000308    0.001630    0.000000    0.000000    0.000000    0.000000    0.000000    0.000000
  -8.64488    0.439403    0.000455    0.000200    0.000255    0.001344    0.000000    0.000000    0.000000    0.000000    0.000000    0.000000
  -8.63888    0.362327    0.000385    0.000170    0.000215    0.001125    0.000000    0.000000    0.000000    0.000000    0.000000    0.000000
  -8.63288    0.306811    0.000339    0.000151    0.000189    0.000974    0.000000    0.000000    0.000000    0.000000    0.000000    0.000000
  -8.62688    0.272320    0.000318    0.000142    0.000176    0.000890    0.000000    0.000000    0.000000    0.000000    0.000000    0.000000
  -8.62087    0.257989    0.000319    0.000143    0.000176    0.000872    0.000000    0.000000    0.000000    0.000000    0.000000    0.000000
  -8.61487    0.262727    0.000344    0.000155    0.000189    0.000917    0.000000    0.000000    0.000000    0.000000    0.000000    0.000000
  -8.60887    0.285263    0.000391    0.000176    0.000215    0.001022    0.000000    0.000000    0.000000    0.000000    0.000000    0.000000
  -8.60287    0.324160    0.000459    0.000207    0.000252    0.001184    0.000000    0.000000    0.000000    0.000000    0.000000    0.000000
  -8.59687    0.377777    0.000547    0.000247    0.000300    0.001398    0.000000    0.000000    0.000000    0.000000    0.000000    0.000000
  -8.59086    0.444242    0.000652    0.000294    0.000358    0.001658    0.000000    0.000000    0.000000    0.000000    0.000000    0.000000
  -8.58486    0.521421    0.000774    0.000348    0.000426    0.001958    0.000000    0.000000    0.000000    0.000000    0.000000    0.000000
  -8.57886    0.606938    0.000909    0.000408    0.000501    0.002290    0.000000    0.000000    0.000000    0.000000    0.000000    0.000000
  -8.57286    0.698240    0.001054    0.000472    0.000582    0.002647    0.000000    0.000000    0.000000    0.000000    0.000000    0.000000
  -8.56686    0.792721    0.001207    0.000538    0.000669    0.003020    0.000000    0.000000    0.000000    0.000000    0.000000    0.000000
  -8.56085    0.887897    0.001366    0.000605    0.000760    0.003401    0.000000    0.000000    0.000000    0.000000    0.000000    0.000000
  -8.55485    0.981601    0.001528    0.000673    0.000855    0.003785    0.000000    0.000000    0.000000    0.000000    0.000000    0.000000
  -8.54885    1.072174    0.001692    0.000739    0.000953    0.004167    0.000000    0.000000    0.000000    0.000000    0.000000    0.000000
  -8.54285    1.158612    0.001858    0.000805    0.001053    0.004545    0.000000    0.000000    0.000000    0.000000    0.000000    0.000000
  -8.53685    1.240630    0.002027    0.000869    0.001158    0.004919    0.000000    0.000000    0.000000    0.000000    0.000000    0.000000
  -8.53084    1.318624    0.002200    0.000933    0.001267    0.005291    0.000000    0.000000    0.000000    0.000000    0.000000    0.000000
  -8.52484    1.393518    0.002379    0.000996    0.001383    0.005667    0.000000    0.000000    0.000000    0.000000    0.000000    0.000000
  -8.51884    1.466506    0.002565    0.001060    0.001505    0.006049    0.000000    0.000000    0.000000    0.000000    0.000000    0.000000
  -8.51284    1.538723    0.002759    0.001126    0.001634    0.006441    0.000000    0.000000    0.000000    0.000000    0.000000    0.000000
  -8.50684    1.610903    0.002961    0.001193    0.001769    0.006843    0.000000    0.000000    0.000000    0.000000    0.000000    0.000000
  -8.50083    1.683054    0.003169    0.001261    0.001908    0.007252    0.000000    0.000000    0.000000    0.000000    0.000000    0.000000
  -8.49483    1.754246    0.003377    0.001328    0.002048    0.007661    0.000000    0.000000    0.000000    0.000000    0.000000    0.000000
  -8.48883    1.822529    0.003579    0.001394    0.002185    0.008056    0.000000    0.000000    0.000000    0.000000    0.000000    0.000000
  -8.48283    1.885013    0.003767    0.001454    0.002313    0.008421    0.000000    0.000000    0.000000    0.000000    0.000000    0.000000
  -8.47683    1.938128    0.003931    0.001506    0.002425    0.008736    0.000000    0.000000    0.000000    0.000000    0.000000    0.000000
  -8.47082    1.978012    0.004061    0.001546    0.002515    0.008983    0.000000    0.000000    0.000000    0.000000    0.000000    0.000000
  -8.46482    2.000996    0.004149    0.001572    0.002577    0.009141    0.000000    0.000000    0.000000    0.000000    0.000000    0.000000
  -8.45882    2.004107    0.004187    0.001580    0.002608    0.009197    0.000000    0.000000    0.000000    0.000000    0.000000    0.000000
  -8.45282    1.985528    0.004171    0.001568    0.002603    0.009140    0.000000    0.000000    0.000000    0.000000    0.000000    0.000000
  -8.44682    1.944926    0.004100    0.001537    0.002563    0.008970    0.000000    0.000000    0.000000    0.000000    0.000000    0.000000
  -8.44081    1.883629    0.003977    0.001488    0.002489    0.008692    0.000000    0.000000    0.000000    0.000000    0.000000    0.000000
  -8.43481    1.804592    0.003808    0.001422    0.002386    0.008321    0.000000    0.000000    0.000000    0.000000    0.000000    0.000000
  -8.42881    1.712168    0.003602    0.001343    0.002259    0.007876    0.000000    0.000000    0.000000    0.000000    0.000000    0.000000
  -8.42281    1.611716    0.003372    0.001256    0.002116    0.007383    0.000000    0.000000    0.000000    0.000000    0.000000    0.000000
  -8.41681    1.509074    0.003129    0.001164    0.001965    0.006870    0.000000    0.000000    0.000000    0.000000    0.000000    0.000000
  -8.41080    1.409985    0.002888    0.001073    0.001815    0.006364    0.000000    0.000000    0.000000    0.000000    0.000000    0.000000
  -8.40480    1.319529    0.002659    0.000987    0.001672    0.005890    0.000000    0.000000    0.000000    0.000000    0.000000    0.000000
  -8.39880    1.241635    0.002452    0.000909    0.001543    0.005468    0.000000    0.000000    0.000000    0.000000    0.000000    0.000000
  -8.39280    1.178728    0.002274    0.000842    0.001431    0.005109    0.000000    0.000000    0.000000    0.000000    0.000000    0.000000
  -8.38680    1.131546    0.002127    0.000787    0.001340    0.004822    0.000000    0.000000    0.000000    0.000000    0.000000    0.000000
  -8.38079    1.099146    0.002011    0.000743    0.001267    0.004602    0.000000    0.000000    0.000000    0.000000    0.000000    0.000000
  -8.37479    1.079085    0.001923    0.000710    0.001213    0.004443    0.000000    0.000000    0.000000    0.000000    0.000000    0.000000
  -8.36879    1.067761    0.001858    0.000685    0.001172    0.004329    0.000000    0.000000    0.000000    0.000000    0.000000    0.000000
  -8.36279    1.060859    0.001807    0.000666    0.001141    0.004245    0.000000    0.000000    0.000000    0.000000    0.000000    0.000000
  -8.35679    1.053844    0.001765    0.000650    0.001114    0.004172    0.000000    0.000000    0.000000    0.000000    0.000000    0.000000
  -8.35078    1.042453    0.001722    0.000634    0.001088    0.004092    0.000000    0.000000    0.000000    0.000000    0.000000    0.000000
  -8.34478    1.023128    0.001672    0.000616    0.001056    0.003990    0.000000    0.000000    0.000000    0.000000    0.000000    0.000000
  -8.33878    0.993334    0.001610    0.000593    0.001017    0.003854    0.000000    0.000000    0.000000    0.000000    0.000000    0.000000
  -8.33278    0.951745    0.001533    0.000564    0.000969    0.003679    0.000000    0.000000    0.000000    0.000000    0.000000    0.000000
  -8.32678    0.898291    0.001441    0.000530    0.000911    0.003463    0.000000    0.000000    0.000000    0.000000    0.000000    0.000000
  -8.32077    0.834051    0.001334    0.000491    0.000843    0.003210    0.000000    0.000000    0.000000    0.000000    0.000000    0.000000
  -8.31477    0.761048    0.001214    0.000447    0.000767    0.002925    0.000000    0.000000    0.000000    0.000000    0.000000    0.000000
  -8.30877    0.681962    0.001086    0.000400    0.000687    0.002618    0.000000    0.000000    0.000000    0.000000    0.000000    0.000000
  -8.30277    0.599804    0.000954    0.000351    0.000603    0.002301    0.000000    0.000000    0.000000    0.000000    0.000000    0.000000
  -8.29677    0.517607    0.000823    0.000303    0.000520    0.001985    0.000000    0.000000    0.000000    0.000000    0.000000    0.000000
  -8.29076    0.438152    0.000696    0.000256    0.000440    0.001679    0.000000    0.000000    0.000000    0.000000    0.000000    0.000000
  -8.28476    0.363766    0.000578    0.000212    0.000365    0.001394    0.000000    0.000000    0.000000    0.000000    0.000000    0.000000
  -8.27876    0.296197    0.000470    0.000173    0.000297    0.001135    0.000000    0.000000    0.000000    0.000000    0.000000    0.000000
  -8.27276    0.236573    0.000375    0.000138    0.000237    0.000907    0.000000    0.000000    0.000000    0.000000    0.000000    0.000000
  -8.26676    0.185432    0.000294    0.000108    0.000186    0.000711    0.000000    0.000000    0.000000    0.000000    0.000000    0.000000
  -8.26075    0.142805    0.000226    0.000083    0.000143    0.000548    0.000000    0.000000    0.000000    0.000000    0.000000    0.000000
  -8.25475    0.108337    0.000172    0.000063    0.000108    0.000417    0.000000    0.000000    0.000000    0.000000    0.000000    0.000000
  -8.24875    0.081423    0.000129    0.000048    0.000081    0.000315    0.000000    0.000000    0.000000    0.000000    0.000000    0.000000
  -8.24275    0.061345    0.000097    0.000036    0.000061    0.000240    0.000000    0.000000    0.000000    0.000000    0.000000    0.000000
  -8.23675    0.047396    0.000074    0.000028    0.000047    0.000190    0.000000    0.000000    0.000000    0.000000    0.000000    0.000000
  -8.23074    0.038980    0.000061    0.000023    0.000038    0.000162    0.000000    0.000000    0.000000    0.000000    0.000000    0.000000
  -8.22474    0.035693    0.000055    0.000021    0.000034    0.000155    0.000000    0.000000    0.000000    0.000000    0.000000    0.000000
  -8.21874    0.037365    0.000057    0.000022    0.000035    0.000171    0.000000    0.000000    0.000000    0.000000    0.000000    0.000000
  -8.21274    0.044081    0.000066    0.000026    0.000040    0.000209    0.000000    0.000000    0.000000    0.000000    0.000000    0.000000
  -8.20674    0.056175    0.000084    0.000033    0.000051    0.000272    0.000000    0.000000    0.000000    0.000000    0.000000    0.000000
  -8.20073    0.074184    0.000110    0.000043    0.000067    0.000363    0.000000    0.000000    0.000000    0.000000    0.000000    0.000000
  -8.19473    0.098788    0.000146    0.000058    0.000088    0.000486    0.000000    0.000000    0.000000    0.000000    0.000000    0.000000
  -8.18873    0.130708    0.000193    0.000076    0.000117    0.000645    0.000000    0.000000    0.000000    0.000000    0.000000    0.000000
  -8.18273    0.170594    0.000252    0.000100    0.000153    0.000843    0.000000    0.000000    0.000000    0.000000    0.000000    0.000000
  -8.17673    0.218883    0.000324    0.000128    0.000196    0.001083    0.000000    0.000000    0.000000    0.000000    0.000000    0.000000
  -8.17072    0.275665    0.000408    0.000161    0.000246    0.001364    0.000000    0.000000    0.000000    0.000000    0.000000    0.000000
  -8.16472    0.340546    0.000504    0.000199    0.000305    0.001686    0.000000    0.000000    0.000000    0.000000    0.000000    0.000000
  -8.15872    0.412550    0.000611    0.000242    0.000369    0.002044    0.000000    0.000000    0.000000    0.000000    0.000000    0.000000
  -8.15272    0.490057    0.000727    0.000287    0.000439    0.002430    0.000000    0.000000    0.000000    0.000000    0.000000    0.000000
  -8.14672    0.570818    0.000848    0.000335    0.000512    0.002834    0.000000    0.000000    0.000000    0.000000    0.000000    0.000000
  -8.14071    0.652041    0.000971    0.000384    0.000587    0.003243    0.000000    0.000000    0.000000    0.000000    0.000000    0.000000
  -8.13471    0.730553    0.001091    0.000432    0.000659    0.003643    0.000000    0.000000    0.000000    0.000000    0.000000    0.000000
  -8.12871    0.803045    0.001205    0.000477    0.000728    0.004018    0.000000    0.000000    0.000000    0.000000    0.000000    0.000000
  -8.12271    0.866363    0.001308    0.000518    0.000790    0.004356    0.000000    0.000000    0.000000    0.000000    0.000000    0.000000
  -8.11671    0.917821    0.001398    0.000553    0.000845    0.004646    0.000000    0.000000    0.000000    0.000000    0.000000    0.000000
  -8.11070    0.955503    0.001474    0.000584    0.000890    0.004884    0.000000    0.000000    0.000000    0.000000    0.000000    0.000000
  -8.10470    0.978507    0.001536    0.000608    0.000927    0.005068    0.000000    0.000000    0.000000    0.000000    0.000000    0.000000
  -8.09870    0.987097    0.001586    0.000629    0.000957    0.005205    0.000000    0.000000    0.000000    0.000000    0.000000    0.000000
  -8.09270    0.982742    0.001629    0.000646    0.000983    0.005309    0.000000    0.000000    0.000000    0.000000    0.000000    0.000000
  -8.08670    0.968015    0.001671    0.000664    0.001007    0.005399    0.000000    0.000000    0.000000    0.000000    0.000000    0.000000
  -8.08069    0.946380    0.001720    0.000684    0.001036    0.005496    0.000000    0.000000    0.000000    0.000000    0.000000    0.000000
  -8.07469    0.921864    0.001784    0.000711    0.001073    0.005628    0.000000    0.000000    0.000000    0.000000    0.000000    0.000000
  -8.06869    0.898672    0.001869    0.000746    0.001123    0.005817    0.000000    0.000000    0.000000    0.000000    0.000000    0.000000
  -8.06269    0.880774    0.001983    0.000794    0.001190    0.006085    0.000000    0.000000    0.000000    0.000000    0.000000    0.000000
  -8.05669    0.871525    0.002131    0.000855    0.001276    0.006448    0.000000    0.000000    0.000000    0.000000    0.000000    0.000000
  -8.05068    0.873356    0.002314    0.000931    0.001383    0.006914    0.000000    0.000000    0.000000    0.000000    0.000000    0.000000
  -8.04468    0.887584    0.002530    0.001021    0.001509    0.007481    0.000000    0.000000    0.000000    0.000000    0.000000    0.000000
  -8.03868    0.914344    0.002777    0.001124    0.001653    0.008139    0.000000    0.000000    0.000000    0.000000    0.000000    0.000000
  -8.03268    0.952665    0.003046    0.001237    0.001810    0.008870    0.000000    0.000000    0.000000    0.000000    0.000000    0.000000
  -8.02668    1.000674    0.003330    0.001357    0.001974    0.009649    0.000000    0.000000    0.000000    0.000000    0.000000    0.000000
  -8.02067    1.055885    0.003619    0.001480    0.002139    0.010448    0.000000    0.000000    0.000000    0.000000    0.000000    0.000000
  -8.01467    1.115557    0.003902    0.001603    0.002299    0.011239    0.000000    0.000000    0.000000    0.000000    0.000000    0.000000
  -8.00867    1.177049    0.004171    0.001721    0.002449    0.011994    0.000000    0.000000    0.000000    0.000000    0.000000    0.000000
  -8.00267    1.238147    0.004418    0.001834    0.002584    0.012695    0.000000    0.000000    0.000000    0.000000    0.000000    0.000000
  -7.99667    1.297325    0.004641    0.001938    0.002703    0.013327    0.000000    0.000000    0.000000    0.000000    0.000000    0.000000
  -7.99066    1.353899    0.004838    0.002033    0.002805    0.013888    0.000000    0.000000    0.000000    0.000000    0.000000    0.000000
  -7.98466    1.408094    0.005012    0.002120    0.002892    0.014383    0.000000    0.000000    0.000000    0.000000    0.000000    0.000000
  -7.97866    1.460994    0.005171    0.002202    0.002969    0.014826    0.000000    0.000000    0.000000    0.000000    0.000000    0.000000
  -7.97266    1.514432    0.005322    0.002280    0.003042    0.015238    0.000000    0.000000    0.000000    0.000000    0.000000    0.000000
  -7.96666    1.570809    0.005476    0.002359    0.003118    0.015647    0.000000    0.000000    0.000000    0.000000    0.000000    0.000000
  -7.96065    1.632888    0.005647    0.002441    0.003206    0.016083    0.000000    0.000000    0.000000    0.000000    0.000000    0.000000
  -7.95465    1.703572    0.005846    0.002532    0.003314    0.016577    0.000000    0.000000    0.000000    0.000000    0.000000    0.000000
  -7.94865    1.785684    0.006085    0.002634    0.003451    0.017158    0.000000    0.000000    0.000000    0.000000    0.000000    0.000000
  -7.94265    1.881744    0.006375    0.002751    0.003625    0.017852    0.000000    0.000000    0.000000    0.000000    0.000000    0.000000
  -7.93665    1.993763    0.006725    0.002885    0.003840    0.018682    0.000000    0.000000    0.000000    0.000000    0.000000    0.000000
  -7.93064    2.123029    0.007139    0.003038    0.004101    0.019662    0.000000    0.000000    0.000000    0.000000    0.000000    0.000000
  -7.92464    2.269923    0.007620    0.003211    0.004409    0.020798    0.000000    0.000000    0.000000    0.000000    0.000000    0.000000
  -7.91864    2.433749    0.008166    0.003403    0.004762    0.022089    0.000000    0.000000    0.000000    0.000000    0.000000    0.000000
  -7.91264    2.612630    0.008768    0.003612    0.005156    0.023520    0.000000    0.000000    0.000000    0.000000    0.000000    0.000000
  -7.90664    2.803486    0.009417    0.003834    0.005583    0.025070    0.000000    0.000000    0.000000    0.000000    0.000000    0.000000
  -7.90063    3.002110    0.010096    0.004065    0.006031    0.026706    0.000000    0.000000    0.000000    0.000000    0.000000    0.000000
  -7.89463    3.203373    0.010788    0.004298    0.006490    0.028389    0.000000    0.000000    0.000000    0.000000    0.000000    0.000000
  -7.88863    3.401542    0.011472    0.004528    0.006944    0.030075    0.000000    0.000000    0.000000    0.000000    0.000000    0.000000
  -7.88263    3.590678    0.012127    0.004747    0.007380    0.031716    0.000000    0.000000    0.000000    0.000000    0.000000    0.000000
  -7.87663    3.765084    0.012733    0.004948    0.007784    0.033268    0.000000    0.000000    0.000000    0.000000    0.000000    0.000000
  -7.87062    3.919722    0.013273    0.005127    0.008146    0.034690    0.000000    0.000000    0.000000    0.000000    0.000000    0.000000
  -7.86462    4.050557    0.013734    0.005279    0.008455    0.035950    0.000000    0.000000    0.000000    0.000000    0.000000    0.000000
  -7.85862    4.154775    0.014108    0.005400    0.008708    0.037024    0.000000    0.000000    0.000000    0.000000    0.000000    0.000000
  -7.85262    4.230847    0.014391    0.005491    0.008901    0.037900    0.000000    0.000000    0.000000    0.000000    0.000000    0.000000
  -7.84662    4.278456    0.014585    0.005551    0.009034    0.038571    0.000000    0.000000    0.000000    0.000000    0.000000    0.000000
  -7.84061    4.298305    0.014695    0.005583    0.009112    0.039042    0.000000    0.000000    0.000000    0.000000    0.000000    0.000000
  -7.83461    4.291874    0.014728    0.005589    0.009139    0.039321    0.000000    0.000000    0.000000    0.000000    0.000000    0.000000
  -7.82861    4.261172    0.014696    0.005573    0.009123    0.039423    0.000000    0.000000    0.000000    0.000000    0.000000    0.000000
  -7.82261    4.208545    0.014610    0.005540    0.009069    0.039363    0.000000    0.000000    0.000000    0.000000    0.000000    0.000000
  -7.81661    4.136565    0.014481    0.005494    0.008987    0.039162    0.000000    0.000000    0.000000    0.000000    0.000000    0.000000
  -7.81060    4.048006    0.014323    0.005440    0.008882    0.038840    0.000000    0.000000    0.000000    0.000000    0.000000    0.000000
  -7.80460    3.945892    0.014146    0.005382    0.008764    0.038424    0.000000    0.000000    0.000000    0.000000    0.000000    0.000000
  -7.79860    3.833567    0.013965    0.005326    0.008639    0.037941    0.000000    0.000000    0.000000    0.000000    0.000000    0.000000
  -7.79260    3.714742    0.013790    0.005275    0.008515    0.037425    0.000000    0.000000    0.000000    0.000000    0.000000    0.000000
  -7.78660    3.593474    0.013635    0.005236    0.008399    0.036909    0.000000    0.000000    0.000000    0.000000    0.000000    0.000000
  -7.78059    3.474041    0.013510    0.005212    0.008298    0.036431    0.000000    0.000000    0.000000    0.000000    0.000000    0.000000
  -7.77459    3.360726    0.013425    0.005207    0.008217    0.036023    0.000000    0.000000    0.000000    0.000000    0.000000    0.000000
  -7.76859    3.257507    0.013385    0.005224    0.008161    0.035714    0.000000    0.000000    0.000000    0.000000    0.000000    0.000000
  -7.76259    3.167720    0.013394    0.005264    0.008130    0.035525    0.000000    0.000000    0.000000    0.000000    0.000000    0.000000
  -7.75659    3.093737    0.013449    0.005325    0.008124    0.035464    0.000000    0.000000    0.000000    0.000000    0.000000    0.000000
  -7.75058    3.036719    0.013543    0.005404    0.008139    0.035529    0.000000    0.000000    0.000000    0.000000    0.000000    0.000000
  -7.74458    2.996495    0.013666    0.005497    0.008169    0.035702    0.000000    0.000000    0.000000    0.000000    0.000000    0.000000
  -7.73858    2.971595    0.013801    0.005596    0.008205    0.035954    0.000000    0.000000    0.000000    0.000000    0.000000    0.000000
  -7.73258    2.959440    0.013933    0.005694    0.008239    0.036251    0.000000    0.000000    0.000000    0.000000    0.000000    0.000000
  -7.72658    2.956671    0.014043    0.005783    0.008259    0.036550    0.000000    0.000000    0.000000    0.000000    0.000000    0.000000
  -7.72057    2.959577    0.014117    0.005857    0.008260    0.036815    0.000000    0.000000    0.000000    0.000000    0.000000    0.000000
  -7.71457    2.964569    0.014143    0.005909    0.008235    0.037011    0.000000    0.000000    0.000000    0.000000    0.000000    0.000000
  -7.70857    2.968633    0.014118    0.005936    0.008182    0.037118    0.000000    0.000000    0.000000    0.000000    0.000000    0.000000
  -7.70257    2.969712    0.014042    0.005938    0.008104    0.037128    0.000000    0.000000    0.000000    0.000000    0.000000    0.000000
  -7.69657    2.966969    0.013926    0.005918    0.008008    0.037050    0.000000    0.000000    0.000000    0.000000    0.000000    0.000000
  -7.69056    2.960899    0.013785    0.005881    0.007904    0.036908    0.000000    0.000000    0.000000    0.000000    0.000000    0.000000
  -7.68456    2.953281    0.013642    0.005835    0.007807    0.036742    0.000000    0.000000    0.000000    0.000000    0.000000    0.000000
  -7.67856    2.946986    0.013523    0.005791    0.007732    0.036600    0.000000    0.000000    0.000000    0.000000    0.000000    0.000000
  -7.67256    2.945665    0.013454    0.005758    0.007695    0.036539    0.000000    0.000000    0.000000    0.000000    0.000000    0.000000
  -7.66656    2.953358    0.013462    0.005748    0.007713    0.036615    0.000000    0.000000    0.000000    0.000000    0.000000    0.000000
  -7.66055    2.974082    0.013570    0.005770    0.007800    0.036883    0.000000    0.000000    0.000000    0.000000    0.000000    0.000000
  -7.65455    3.011433    0.013797    0.005832    0.007965    0.037387    0.000000    0.000000    0.000000    0.000000    0.000000    0.000000
  -7.64855    3.068250    0.014155    0.005939    0.008216    0.038162    0.000000    0.000000    0.000000    0.000000    0.000000    0.000000
  -7.64255    3.146372    0.014651    0.006094    0.008557    0.039230    0.000000    0.000000    0.000000    0.000000    0.000000    0.000000
  -7.63655    3.246476    0.015283    0.006297    0.008986    0.040596    0.000000    0.000000    0.000000    0.000000    0.000000    0.000000
  -7.63054    3.368028    0.016044    0.006545    0.009499    0.042253    0.000000    0.000000    0.000000    0.000000    0.000000    0.000000
  -7.62454    3.509296    0.016924    0.006834    0.010090    0.044179    0.000000    0.000000    0.000000    0.000000    0.000000    0.000000
  -7.61854    3.667426    0.017907    0.007157    0.010750    0.046337    0.000000    0.000000    0.000000    0.000000    0.000000    0.000000
  -7.61254    3.838546    0.018973    0.007505    0.011468    0.048681    0.000000    0.000000    0.000000    0.000000    0.000000    0.000000
  -7.60654    4.017896    0.020101    0.007868    0.012233    0.051154    0.000000    0.000000    0.000000    0.000000    0.000000    0.000000
  -7.60053    4.199969    0.021268    0.008237    0.013031    0.053688    0.000000    0.000000    0.000000    0.000000    0.000000    0.000000
  -7.59453    4.378675    0.022449    0.008600    0.013849    0.056208    0.000000    0.000000    0.000000    0.000000    0.000000    0.000000
  -7.58853    4.547537    0.023616    0.008946    0.014670    0.058635    0.000000    0.000000    0.000000    0.000000    0.000000    0.000000
  -7.58253    4.699927    0.024739    0.009263    0.015476    0.060885    0.000000    0.000000    0.000000    0.000000    0.000000    0.000000
  -7.57653    4.829368    0.025789    0.009539    0.016249    0.062872    0.000000    0.000000    0.000000    0.000000    0.000000    0.000000
  -7.57052    4.929868    0.026732    0.009765    0.016967    0.064519    0.000000    0.000000    0.000000    0.000000    0.000000    0.000000
  -7.56452    4.996301    0.027537    0.009929    0.017608    0.065752    0.000000    0.000000    0.000000    0.000000    0.000000    0.000000
  -7.55852    5.024779    0.028175    0.010025    0.018149    0.066516    0.000000    0.000000    0.000000    0.000000    0.000000    0.000000
  -7.55252    5.012988    0.028618    0.010048    0.018570    0.066770    0.000000    0.000000    0.000000    0.000000    0.000000    0.000000
  -7.54652    4.960436    0.028848    0.009995    0.018853    0.066497    0.000000    0.000000    0.000000    0.000000    0.000000    0.000000
  -7.54051    4.868576    0.028852    0.009868    0.018984    0.065707    0.000000    0.000000    0.000000    0.000000    0.000000    0.000000
  -7.53451    4.740770    0.028628    0.009670    0.018958    0.064430    0.000000    0.000000    0.000000    0.000000    0.000000    0.000000
  -7.52851    4.582086    0.028185    0.009410    0.018775    0.062723    0.000000    0.000000    0.000000    0.000000    0.000000    0.000000
  -7.52251    4.398935    0.027541    0.009099    0.018442    0.060660    0.000000    0.000000    0.000000    0.000000    0.000000    0.000000
  -7.51651    4.198580    0.026723    0.008748    0.017975    0.058330    0.000000    0.000000    0.000000    0.000000    0.000000    0.000000
  -7.51050    3.988551    0.025766    0.008373    0.017393    0.055826    0.000000    0.000000    0.000000    0.000000    0.000000    0.000000
  -7.50450    3.776050    0.024706    0.007986    0.016721    0.053240    0.000000    0.000000    0.000000    0.000000    0.000000    0.000000
  -7.49850    3.567386    0.023584    0.007599    0.015985    0.050655    0.000000    0.000000    0.000000    0.000000    0.000000    0.000000
  -7.49250    3.367516    0.022433    0.007223    0.015210    0.048137    0.000000    0.000000    0.000000    0.000000    0.000000    0.000000
  -7.48650    3.179731    0.021283    0.006865    0.014417    0.045731    0.000000    0.000000    0.000000    0.000000    0.000000    0.000000
  -7.48049    3.005533    0.020155    0.006529    0.013626    0.043459    0.000000    0.000000    0.000000    0.000000    0.000000    0.000000
  -7.47449    2.844692    0.019062    0.006215    0.012847    0.041323    0.000000    0.000000    0.000000    0.000000    0.000000    0.000000
  -7.46849    2.695487    0.018007    0.005919    0.012088    0.039302    0.000000    0.000000    0.000000    0.000000    0.000000    0.000000
  -7.46249    2.555092    0.016986    0.005638    0.011348    0.037361    0.000000    0.000000    0.000000    0.000000    0.000000    0.000000
  -7.45649    2.420046    0.015989    0.005363    0.010626    0.035459    0.000000    0.000000    0.000000    0.000000    0.000000    0.000000
  -7.45048    2.286764    0.015004    0.005089    0.009915    0.033549    0.000000    0.000000    0.000000    0.000000    0.000000    0.000000
  -7.44448    2.152012    0.014018    0.004807    0.009211    0.031593    0.000000    0.000000    0.000000    0.000000    0.000000    0.000000
  -7.43848    2.013300    0.013020    0.004514    0.008507    0.029561    0.000000    0.000000    0.000000    0.000000    0.000000    0.000000
  -7.43248    1.869161    0.012005    0.004205    0.007801    0.027438    0.000000    0.000000    0.000000    0.000000    0.000000    0.000000
  -7.42648    1.719272    0.010972    0.003880    0.007092    0.025224    0.000000    0.000000    0.000000    0.000000    0.000000    0.000000
  -7.42047    1.564442    0.009926    0.003542    0.006384    0.022936    0.000000    0.000000    0.000000    0.000000    0.000000    0.000000
  -7.41447    1.406462    0.008878    0.003194    0.005684    0.020602    0.000000    0.000000    0.000000    0.000000    0.000000    0.000000
  -7.40847    1.247860    0.007840    0.002842    0.004998    0.018261    0.000000    0.000000    0.000000    0.000000    0.000000    0.000000
  -7.40247    1.091600    0.006831    0.002493    0.004338    0.015959    0.000000    0.000000    0.000000    0.000000    0.000000    0.000000
  -7.39647    0.940752    0.005866    0.002154    0.003712    0.013740    0.000000    0.000000    0.000000    0.000000    0.000000    0.000000
  -7.39046    0.798203    0.004962    0.001832    0.003129    0.011647    0.000000    0.000000    0.000000    0.000000    0.000000    0.000000
  -7.38446    0.666407    0.004131    0.001533    0.002598    0.009715    0.000000    0.000000    0.000000    0.000000    0.000000    0.000000
  -7.37846    0.547215    0.003384    0.001262    0.002122    0.007970    0.000000    0.000000    0.000000    0.000000    0.000000    0.000000
  -7.37246    0.441793    0.002727    0.001021    0.001706    0.006430    0.000000    0.000000    0.000000    0.000000    0.000000    0.000000
  -7.36646    0.350608    0.002160    0.000812    0.001348    0.005100    0.000000    0.000000    0.000000    0.000000    0.000000    0.000000
  -7.36045    0.273496    0.001683    0.000635    0.001048    0.003978    0.000000    0.000000    0.000000    0.000000    0.000000    0.000000
  -7.35445    0.209767    0.001290    0.000488    0.000802    0.003053    0.000000    0.000000    0.000000    0.000000    0.000000    0.000000
  -7.34845    0.158355    0.000974    0.000369    0.000605    0.002310    0.000000    0.000000    0.000000    0.000000    0.000000    0.000000
  -7.34245    0.117965    0.000728    0.000276    0.000452    0.001731    0.000000    0.000000    0.000000    0.000000    0.000000    0.000000
  -7.33645    0.087228    0.000543    0.000205    0.000338    0.001298    0.000000    0.000000    0.000000    0.000000    0.000000    0.000000
  -7.33044    0.064833    0.000412    0.000154    0.000258    0.000994    0.000000    0.000000    0.000000    0.000000    0.000000    0.000000
  -7.32444    0.049638    0.000327    0.000120    0.000207    0.000805    0.000000    0.000000    0.000000    0.000000    0.000000    0.000000
  -7.31844    0.040754    0.000286    0.000102    0.000184    0.000723    0.000000    0.000000    0.000000    0.000000    0.000000    0.000000
  -7.31244    0.037601    0.000286    0.000098    0.000188    0.000745    0.000000    0.000000    0.000000    0.000000    0.000000    0.000000
  -7.30644    0.039945    0.000328    0.000109    0.000219    0.000877    0.000000    0.000000    0.000000    0.000000    0.000000    0.000000
  -7.30043    0.047903    0.000415    0.000134    0.000281    0.001130    0.000000    0.000000    0.000000    0.000000    0.000000    0.000000
  -7.29443    0.061928    0.000554    0.000177    0.000377    0.001521    0.000000    0.000000    0.000000    0.000000    0.000000    0.000000
  -7.28843    0.082780    0.000752    0.000240    0.000513    0.002077    0.000000    0.000000    0.000000    0.000000    0.000000    0.000000
  -7.28243    0.111459    0.001021    0.000325    0.000696    0.002826    0.000000    0.000000    0.000000    0.000000    0.000000    0.000000
  -7.27643    0.149133    0.001372    0.000437    0.000934    0.003803    0.000000    0.000000    0.000000    0.000000    0.000000    0.000000
  -7.27042    0.197031    0.001817    0.000581    0.001236    0.005042    0.000000    0.000000    0.000000    0.000000    0.000000    0.000000
  -7.26442    0.256326    0.002368    0.000760    0.001608    0.006577    0.000000    0.000000    0.000000    0.000000    0.000000    0.000000
  -7.25842    0.328007    0.003036    0.000979    0.002058    0.008439    0.000000    0.000000    0.000000    0.000000    0.000000    0.000000
  -7.25242    0.412749    0.003828    0.001240    0.002588    0.010649    0.000000    0.000000    0.000000    0.000000    0.000000    0.000000
  -7.24642    0.510790    0.004749    0.001547    0.003202    0.013219    0.000000    0.000000    0.000000    0.000000    0.000000    0.000000
  -7.24041    0.621845    0.005797    0.001899    0.003897    0.016150    0.000000    0.000000    0.000000    0.000000    0.000000    0.000000
  -7.23441    0.745042    0.006967    0.002298    0.004669    0.019428    0.000000    0.000000    0.000000    0.000000    0.000000    0.000000
  -7.22841    0.878919    0.008251    0.002742    0.005509    0.023027    0.000000    0.000000    0.000000    0.000000    0.000000    0.000000
  -7.22241    1.021462    0.009633    0.003227    0.006406    0.026904    0.000000    0.000000    0.000000    0.000000    0.000000    0.000000
  -7.21641    1.170195    0.011095    0.003748    0.007347    0.031010    0.000000    0.000000    0.000000    0.000000    0.000000    0.000000
  -7.21040    1.322314    0.012617    0.004301    0.008316    0.035283    0.000000    0.000000    0.000000    0.000000    0.000000    0.000000
  -7.20440    1.474839    0.014176    0.004878    0.009298    0.039659    0.000000    0.000000    0.000000    0.000000    0.000000    0.000000
  -7.19840    1.624779    0.015751    0.005472    0.010279    0.044069    0.000000    0.000000    0.000000    0.000000    0.000000    0.000000
  -7.19240    1.769284    0.017321    0.006076    0.011244    0.048446    0.000000    0.000000    0.000000    0.000000    0.000000    0.000000
  -7.18640    1.905775    0.018865    0.006682    0.012183    0.052728    0.000000    0.000000    0.000000    0.000000    0.000000    0.000000
  -7.18039    2.032036    0.020368    0.007282    0.013085    0.056854    0.000000    0.000000    0.000000    0.000000    0.000000    0.000000
  -7.17439    2.146262    0.021812    0.007868    0.013944    0.060769    0.000000    0.000000    0.000000    0.000000    0.000000    0.000000
  -7.16839    2.247077    0.023186    0.008431    0.014755    0.064425    0.000000    0.000000    0.000000    0.000000    0.000000    0.000000
  -7.16239    2.333517    0.024476    0.008964    0.015512    0.067776    0.000000    0.000000    0.000000    0.000000    0.000000    0.000000
  -7.15639    2.404994    0.025670    0.009458    0.016212    0.070780    0.000000    0.000000    0.000000    0.000000    0.000000    0.000000
  -7.15038    2.461254    0.026757    0.009906    0.016851    0.073402    0.000000    0.000000    0.000000    0.000000    0.000000    0.000000
  -7.14438    2.502338    0.027724    0.010299    0.017425    0.075609    0.000000    0.000000    0.000000    0.000000    0.000000    0.000000
  -7.13838    2.528548    0.028558    0.010632    0.017926    0.077374    0.000000    0.000000    0.000000    0.000000    0.000000    0.000000
  -7.13238    2.540427    0.029247    0.010898    0.018349    0.078678    0.000000    0.000000    0.000000    0.000000    0.000000    0.000000
  -7.12638    2.538758    0.029780    0.011095    0.018685    0.079509    0.000000    0.000000    0.000000    0.000000    0.000000    0.000000
  -7.12037    2.524560    0.030147    0.011218    0.018928    0.079869    0.000000    0.000000    0.000000    0.000000    0.000000    0.000000
  -7.11437    2.499091    0.030340    0.011269    0.019071    0.079772    0.000000    0.000000    0.000000    0.000000    0.000000    0.000000
  -7.10837    2.463855    0.030357    0.011249    0.019108    0.079244    0.000000    0.000000    0.000000    0.000000    0.000000    0.000000
  -7.10237    2.420581    0.030200    0.011163    0.019036    0.078328    0.000000    0.000000    0.000000    0.000000    0.000000    0.000000
  -7.09637    2.371204    0.029876    0.011018    0.018858    0.077079    0.000000    0.000000    0.000000    0.000000    0.000000    0.000000
  -7.09036    2.317804    0.029400    0.010823    0.018578    0.075564    0.000000    0.000000    0.000000    0.000000    0.000000    0.000000
  -7.08436    2.262543    0.028793    0.010587    0.018206    0.073856    0.000000    0.000000    0.000000    0.000000    0.000000    0.000000
  -7.07836    2.207561    0.028079    0.010323    0.017757    0.072034    0.000000    0.000000    0.000000    0.000000    0.000000    0.000000
  -7.07236    2.154878    0.027289    0.010041    0.017249    0.070177    0.000000    0.000000    0.000000    0.000000    0.000000    0.000000
  -7.06636    2.106271    0.026455    0.009752    0.016704    0.068356    0.000000    0.000000    0.000000    0.000000    0.000000    0.000000
  -7.06035    2.063179    0.025611    0.009466    0.016144    0.066633    0.000000    0.000000    0.000000    0.000000    0.000000    0.000000
  -7.05435    2.026625    0.024787    0.009192    0.015595    0.065057    0.000000    0.000000    0.000000    0.000000    0.000000    0.000000
  -7.04835    1.997171    0.024014    0.008936    0.015078    0.063661    0.000000    0.000000    0.000000    0.000000    0.000000    0.000000
  -7.04235    1.974941    0.023316    0.008701    0.014615    0.062464    0.000000    0.000000    0.000000    0.000000    0.000000    0.000000
  -7.03635    1.959687    0.022712    0.008491    0.014221    0.061469    0.000000    0.000000    0.000000    0.000000    0.000000    0.000000
  -7.03034    1.950923    0.022220    0.008307    0.013913    0.060672    0.000000    0.000000    0.000000    0.000000    0.000000    0.000000
  -7.02434    1.948112    0.021852    0.008151    0.013701    0.060064    0.000000    0.000000    0.000000    0.000000    0.000000    0.000000
  -7.01834    1.950880    0.021619    0.008025    0.013594    0.059642    0.000000    0.000000    0.000000    0.000000    0.000000    0.000000
  -7.01234    1.959265    0.021534    0.007931    0.013603    0.059412    0.000000    0.000000    0.000000    0.000000    0.000000    0.000000
  -7.00634    1.973946    0.021614    0.007878    0.013736    0.059400    0.000000    0.000000    0.000000    0.000000    0.000000    0.000000
  -7.00033    1.996440    0.021881    0.007874    0.014007    0.059656    0.000000    0.000000    0.000000    0.000000    0.000000    0.000000
  -6.99433    2.029233    0.022366    0.007933    0.014433    0.060260    0.000000    0.000000    0.000000    0.000000    0.000000    0.000000
  -6.98833    2.075824    0.023108    0.008072    0.015035    0.061320    0.000000    0.000000    0.000000    0.000000    0.000000    0.000000
  -6.98233    2.140646    0.024150    0.008312    0.015839    0.062973    0.000000    0.000000    0.000000    0.000000    0.000000    0.000000
  -6.97633    2.228864    0.025544    0.008673    0.016871    0.065377    0.000000    0.000000    0.000000    0.000000    0.000000    0.000000
  -6.97032    2.346039    0.027339    0.009178    0.018161    0.068701    0.000000    0.000000    0.000000    0.000000    0.000000    0.000000
  -6.96432    2.497681    0.029580    0.009847    0.019734    0.073110    0.000000    0.000000    0.000000    0.000000    0.000000    0.000000
  -6.95832    2.688717    0.032300    0.010694    0.021606    0.078751    0.000000    0.000000    0.000000    0.000000    0.000000    0.000000
  -6.95232    2.922927    0.035512    0.011729    0.023783    0.085736    0.000000    0.000000    0.000000    0.000000    0.000000    0.000000
  -6.94632    3.202412    0.039206    0.012951    0.026255    0.094122    0.000000    0.000000    0.000000    0.000000    0.000000    0.000000
  -6.94031    3.527151    0.043343    0.014348    0.028995    0.103903    0.000000    0.000000    0.000000    0.000000    0.000000    0.000000
  -6.93431    3.894726    0.047855    0.015899    0.031956    0.114997    0.000000    0.000000    0.000000    0.000000    0.000000    0.000000
  -6.92831    4.300240    0.052643    0.017569    0.035074    0.127245    0.000000    0.000000    0.000000    0.000000    0.000000    0.000000
  -6.92231    4.736465    0.057585    0.019317    0.038268    0.140416    0.000000    0.000000    0.000000    0.000000    0.000000    0.000000
  -6.91631    5.194199    0.062540    0.021091    0.041448    0.154217    0.000000    0.000000    0.000000    0.000000    0.000000    0.000000
  -6.91030    5.662801    0.067359    0.022838    0.044521    0.168307    0.000000    0.000000    0.000000    0.000000    0.000000    0.000000
  -6.90430    6.130842    0.071896    0.024503    0.047393    0.182322    0.000000    0.000000    0.000000    0.000000    0.000000    0.000000
  -6.89830    6.586783    0.076014    0.026034    0.049981    0.195894    0.000000    0.000000    0.000000    0.000000    0.000000    0.000000
  -6.89230    7.019619    0.079599    0.027385    0.052214    0.208673    0.000000    0.000000    0.000000    0.000000    0.000000    0.000000
  -6.88630    7.419419    0.082561    0.028522    0.054039    0.220343    0.000000    0.000000    0.000000    0.000000    0.000000    0.000000
  -6.88029    7.777717    0.084843    0.029419    0.055423    0.230643    0.000000    0.000000    0.000000    0.000000    0.000000    0.000000
  -6.87429    8.087742    0.086418    0.030064    0.056354    0.239367    0.000000    0.000000    0.000000    0.000000    0.000000    0.000000
  -6.86829    8.344511    0.087291    0.030455    0.056835    0.246378    0.000000    0.000000    0.000000    0.000000    0.000000    0.000000
  -6.86229    8.544793    0.087492    0.030602    0.056890    0.251602    0.000000    0.000000    0.000000    0.000000    0.000000    0.000000
  -6.85629    8.687003    0.087077    0.030523    0.056553    0.255028    0.000000    0.000000    0.000000    0.000000    0.000000    0.000000
  -6.85028    8.771064    0.086115    0.030246    0.055869    0.256702    0.000000    0.000000    0.000000    0.000000    0.000000    0.000000
  -6.84428    8.798254    0.084690    0.029801    0.054889    0.256722    0.000000    0.000000    0.000000    0.000000    0.000000    0.000000
  -6.83828    8.771064    0.082891    0.029222    0.053669    0.255224    0.000000    0.000000    0.000000    0.000000    0.000000    0.000000
  -6.83228    8.693061    0.080810    0.028545    0.052265    0.252382    0.000000    0.000000    0.000000    0.000000    0.000000    0.000000
  -6.82628    8.568749    0.078536    0.027805    0.050731    0.248390    0.000000    0.000000    0.000000    0.000000    0.000000    0.000000
  -6.82027    8.403411    0.076152    0.027032    0.049120    0.243457    0.000000    0.000000    0.000000    0.000000    0.000000    0.000000
  -6.81427    8.202921    0.073730    0.026253    0.047477    0.237794    0.000000    0.000000    0.000000    0.000000    0.000000    0.000000
  -6.80827    7.973518    0.071330    0.025490    0.045840    0.231603    0.000000    0.000000    0.000000    0.000000    0.000000    0.000000
  -6.80227    7.721559    0.068995    0.024757    0.044238    0.225071    0.000000    0.000000    0.000000    0.000000    0.000000    0.000000
  -6.79627    7.453260    0.066752    0.024061    0.042691    0.218359    0.000000    0.000000    0.000000    0.000000    0.000000    0.000000
  -6.79026    7.174456    0.064612    0.023403    0.041208    0.211597    0.000000    0.000000    0.000000    0.000000    0.000000    0.000000
  -6.78426    6.890402    0.062570    0.022778    0.039792    0.204883    0.000000    0.000000    0.000000    0.000000    0.000000    0.000000
  -6.77826    6.605642    0.060612    0.022176    0.038435    0.198286    0.000000    0.000000    0.000000    0.000000    0.000000    0.000000
  -6.77226    6.323953    0.058712    0.021585    0.037127    0.191848    0.000000    0.000000    0.000000    0.000000    0.000000    0.000000
  -6.76626    6.048383    0.056848    0.020993    0.035855    0.185594    0.000000    0.000000    0.000000    0.000000    0.000000    0.000000
  -6.76025    5.781368    0.054996    0.020388    0.034608    0.179541    0.000000    0.000000    0.000000    0.000000    0.000000    0.000000
  -6.75425    5.524904    0.053145    0.019765    0.033380    0.173709    0.000000    0.000000    0.000000    0.000000    0.000000    0.000000
  -6.74825    5.280768    0.051295    0.019123    0.032172    0.168133    0.000000    0.000000    0.000000    0.000000    0.000000    0.000000
  -6.74225    5.050745    0.049464    0.018471    0.030993    0.162866    0.000000    0.000000    0.000000    0.000000    0.000000    0.000000
  -6.73625    4.836828    0.047684    0.017823    0.029861    0.157993    0.000000    0.000000    0.000000    0.000000    0.000000    0.000000
  -6.73024    4.641370    0.046005    0.017203    0.028802    0.153627    0.000000    0.000000    0.000000    0.000000    0.000000    0.000000
  -6.72424    4.467162    0.044488    0.016638    0.027850    0.149909    0.000000    0.000000    0.000000    0.000000    0.000000    0.000000
  -6.71824    4.317405    0.043202    0.016162    0.027041    0.147002    0.000000    0.000000    0.000000    0.000000    0.000000    0.000000
  -6.71224    4.195593    0.042218    0.015808    0.026410    0.145080    0.000000    0.000000    0.000000    0.000000    0.000000    0.000000
  -6.70624    4.105291    0.041601    0.015609    0.025993    0.144318    0.000000    0.000000    0.000000    0.000000    0.000000    0.000000
  -6.70023    4.049828    0.041407    0.015592    0.025815    0.144871    0.000000    0.000000    0.000000    0.000000    0.000000    0.000000
  -6.69423    4.031946    0.041672    0.015778    0.025895    0.146863    0.000000    0.000000    0.000000    0.000000    0.000000    0.000000
  -6.68823    4.053421    0.042414    0.016176    0.026237    0.150371    0.000000    0.000000    0.000000    0.000000    0.000000    0.000000
  -6.68223    4.114718    0.043622    0.016786    0.026836    0.155406    0.000000    0.000000    0.000000    0.000000    0.000000    0.000000
  -6.67623    4.214712    0.045263    0.017593    0.027670    0.161915    0.000000    0.000000    0.000000    0.000000    0.000000    0.000000
  -6.67022    4.350522    0.047277    0.018572    0.028705    0.169763    0.000000    0.000000    0.000000    0.000000    0.000000    0.000000
  -6.66422    4.517495    0.049581    0.019685    0.029895    0.178748    0.000000    0.000000    0.000000    0.000000    0.000000    0.000000
  -6.65822    4.709351    0.052075    0.020889    0.031187    0.188596    0.000000    0.000000    0.000000    0.000000    0.000000    0.000000
  -6.65222    4.918500    0.054649    0.022130    0.032519    0.198986    0.000000    0.000000    0.000000    0.000000    0.000000    0.000000
  -6.64622    5.136507    0.057184    0.023356    0.033828    0.209559    0.000000    0.000000    0.000000    0.000000    0.000000    0.000000
  -6.64021    5.354686    0.059568    0.024514    0.035053    0.219945    0.000000    0.000000    0.000000    0.000000    0.000000    0.000000
  -6.63421    5.564751    0.061693    0.025555    0.036138    0.229787    0.000000    0.000000    0.000000    0.000000    0.000000    0.000000
  -6.62821    5.759480    0.063472    0.026438    0.037034    0.238767    0.000000    0.000000    0.000000    0.000000    0.000000    0.000000
  -6.62221    5.933306    0.064833    0.027130    0.037703    0.246626    0.000000    0.000000    0.000000    0.000000    0.000000    0.000000
  -6.61621    6.082800    0.065733    0.027612    0.038121    0.253186    0.000000    0.000000    0.000000    0.000000    0.000000    0.000000
  -6.61020    6.206962    0.066152    0.027874    0.038278    0.258363    0.000000    0.000000    0.000000    0.000000    0.000000    0.000000
  -6.60420    6.307306    0.066093    0.027918    0.038175    0.262172    0.000000    0.000000    0.000000    0.000000    0.000000    0.000000
  -6.59820    6.387729    0.065585    0.027757    0.037828    0.264730    0.000000    0.000000    0.000000    0.000000    0.000000    0.000000
  -6.59220    6.454158    0.064677    0.027412    0.037265    0.266249    0.000000    0.000000    0.000000    0.000000    0.000000    0.000000
  -6.58620    6.514029    0.063433    0.026911    0.036521    0.267015    0.000000    0.000000    0.000000    0.000000    0.000000    0.000000
  -6.58019    6.575643    0.061927    0.026287    0.035640    0.267377    0.000000    0.000000    0.000000    0.000000    0.000000    0.000000
  -6.57419    6.647447    0.060242    0.025573    0.034669    0.267716    0.000000    0.000000    0.000000    0.000000    0.000000    0.000000
  -6.56819    6.737332    0.058463    0.024806    0.033658    0.268420    0.000000    0.000000    0.000000    0.000000    0.000000    0.000000
  -6.56219    6.851989    0.056674    0.024020    0.032655    0.269859    0.000000    0.000000    0.000000    0.000000    0.000000    0.000000
  -6.55619    6.996382    0.054956    0.023247    0.031708    0.272360    0.000000    0.000000    0.000000    0.000000    0.000000    0.000000
  -6.55018    7.173384    0.053382    0.022519    0.030863    0.276183    0.000000    0.000000    0.000000    0.000000    0.000000    0.000000
  -6.54418    7.383590    0.052021    0.021863    0.030158    0.281507    0.000000    0.000000    0.000000    0.000000    0.000000    0.000000
  -6.53818    7.625319    0.050932    0.021303    0.029629    0.288421    0.000000    0.000000    0.000000    0.000000    0.000000    0.000000
  -6.53218    7.894804    0.050164    0.020860    0.029304    0.296915    0.000000    0.000000    0.000000    0.000000    0.000000    0.000000
  -6.52618    8.186524    0.049759    0.020553    0.029206    0.306894    0.000000    0.000000    0.000000    0.000000    0.000000    0.000000
  -6.52017    8.493676    0.049745    0.020395    0.029350    0.318177    0.000000    0.000000    0.000000    0.000000    0.000000    0.000000
  -6.51417    8.808711    0.050142    0.020397    0.029745    0.330522    0.000000    0.000000    0.000000    0.000000    0.000000    0.000000
  -6.50817    9.123906    0.050955    0.020565    0.030391    0.343644    0.000000    0.000000    0.000000    0.000000    0.000000    0.000000
  -6.50217    9.431902    0.052181    0.020901    0.031280    0.357234    0.000000    0.000000    0.000000    0.000000    0.000000    0.000000
  -6.49617    9.726179    0.053801    0.021402    0.032399    0.370983    0.000000    0.000000    0.000000    0.000000    0.000000    0.000000
  -6.49016   10.001402    0.055784    0.022060    0.033724    0.384599    0.000000    0.000000    0.000000    0.000000    0.000000    0.000000
  -6.48416   10.253633    0.058088    0.022861    0.035227    0.397827    0.000000    0.000000    0.000000    0.000000    0.000000    0.000000
  -6.47816   10.480391    0.060657    0.023787    0.036870    0.410451    0.000000    0.000000    0.000000    0.000000    0.000000    0.000000
  -6.47216   10.680569    0.063427    0.024815    0.038612    0.422305    0.000000    0.000000    0.000000    0.000000    0.000000    0.000000
  -6.46616   10.854241    0.066324    0.025917    0.040407    0.433269    0.000000    0.000000    0.000000    0.000000    0.000000    0.000000
  -6.46015   11.002402    0.069271    0.027063    0.042208    0.443267    0.000000    0.000000    0.000000    0.000000    0.000000    0.000000
  -6.45415   11.126691    0.072186    0.028221    0.043965    0.452262    0.000000    0.000000    0.000000    0.000000    0.000000    0.000000
  -6.44815   11.229145    0.074992    0.029357    0.045634    0.460252    0.000000    0.000000    0.000000    0.000000    0.000000    0.000000
  -6.44215   11.312012    0.077618    0.030443    0.047175    0.467264    0.000000    0.000000    0.000000    0.000000    0.000000    0.000000
  -6.43615   11.377663    0.080008    0.031452    0.048557    0.473357    0.000000    0.000000    0.000000    0.000000    0.000000    0.000000
  -6.43014   11.428580    0.082121    0.032363    0.049758    0.478622    0.000000    0.000000    0.000000    0.000000    0.000000    0.000000
  -6.42414   11.467415    0.083937    0.033164    0.050773    0.483181    0.000000    0.000000    0.000000    0.000000    0.000000    0.000000
  -6.41814   11.497072    0.085459    0.033852    0.051606    0.487193    0.000000    0.000000    0.000000    0.000000    0.000000    0.000000
  -6.41214   11.520792    0.086714    0.034433    0.052281    0.490847    0.000000    0.000000    0.000000    0.000000    0.000000    0.000000
  -6.40614   11.542177    0.087752    0.034920    0.052833    0.494362    0.000000    0.000000    0.000000    0.000000    0.000000    0.000000
  -6.40013   11.565147    0.088642    0.035336    0.053306    0.497977    0.000000    0.000000    0.000000    0.000000    0.000000    0.000000
  -6.39413   11.593804    0.089465    0.035708    0.053757    0.501935    0.000000    0.000000    0.000000    0.000000    0.000000    0.000000
  -6.38813   11.632207    0.090309    0.036066    0.054244    0.506471    0.000000    0.000000    0.000000    0.000000    0.000000    0.000000
  -6.38213   11.684092    0.091262    0.036440    0.054823    0.511788    0.000000    0.000000    0.000000    0.000000    0.000000    0.000000
  -6.37613   11.752552    0.092401    0.036855    0.055546    0.518044    0.000000    0.000000    0.000000    0.000000    0.000000    0.000000
  -6.37012   11.839727    0.093786    0.037333    0.056453    0.525334    0.000000    0.000000    0.000000    0.000000    0.000000    0.000000
  -6.36412   11.946551    0.095456    0.037885    0.057571    0.533679    0.000000    0.000000    0.000000    0.000000    0.000000    0.000000
  -6.35812   12.072586    0.097422    0.038513    0.058909    0.543023    0.000000    0.000000    0.000000    0.000000    0.000000    0.000000
  -6.35212   12.215986    0.099668    0.039210    0.060458    0.553234    0.000000    0.000000    0.000000    0.000000    0.000000    0.000000
  -6.34612   12.373605    0.102150    0.039959    0.062192    0.564117    0.000000    0.000000    0.000000    0.000000    0.000000    0.000000
  -6.34011   12.541270    0.104806    0.040736    0.064070    0.575430    0.000000    0.000000    0.000000    0.000000    0.000000    0.000000
  -6.33411   12.714192    0.107558    0.041515    0.066043    0.586910    0.000000    0.000000    0.000000    0.000000    0.000000    0.000000
  -6.32811   12.887512    0.110324    0.042267    0.068057    0.598298    0.000000    0.000000    0.000000    0.000000    0.000000    0.000000
  -6.32211   13.056913    0.113030    0.042966    0.070064    0.609373    0.000000    0.000000    0.000000    0.000000    0.000000    0.000000
  -6.31611   13.219252    0.115617    0.043594    0.072023    0.619980    0.000000    0.000000    0.000000    0.000000    0.000000    0.000000
  -6.31010   13.373137    0.118054    0.044141    0.073913    0.630055    0.000000    0.000000    0.000000    0.000000    0.000000    0.000000
  -6.30410   13.519363    0.120341    0.044609    0.075731    0.639643    0.000000    0.000000    0.000000    0.000000    0.000000    0.000000
  -6.29810   13.661160    0.122515    0.045016    0.077498    0.648907    0.000000    0.000000    0.000000    0.000000    0.000000    0.000000
  -6.29210   13.804184    0.124648    0.045391    0.079257    0.658123    0.000000    0.000000    0.000000    0.000000    0.000000    0.000000
  -6.28610   13.956250    0.126841    0.045774    0.081067    0.667671    0.000000    0.000000    0.000000    0.000000    0.000000    0.000000
  -6.28009   14.126801    0.129217    0.046215    0.083002    0.678000    0.000000    0.000000    0.000000    0.000000    0.000000    0.000000
  -6.27409   14.326166    0.131909    0.046769    0.085140    0.689606    0.000000    0.000000    0.000000    0.000000    0.000000    0.000000
  -6.26809   14.564667    0.135047    0.047493    0.087554    0.702980    0.000000    0.000000    0.000000    0.000000    0.000000    0.000000
  -6.26209   14.851662    0.138745    0.048437    0.090307    0.718570    0.000000    0.000000    0.000000    0.000000    0.000000    0.000000
  -6.25609   15.194603    0.143089    0.049647    0.093442    0.736737    0.000000    0.000000    0.000000    0.000000    0.000000    0.000000
  -6.25008   15.598202    0.148126    0.051152    0.096974    0.757714    0.000000    0.000000    0.000000    0.000000    0.000000    0.000000
  -6.24408   16.063761    0.153861    0.052968    0.100894    0.781573    0.000000    0.000000    0.000000    0.000000    0.000000    0.000000
  -6.23808   16.588723    0.160247    0.055088    0.105159    0.808200    0.000000    0.000000    0.000000    0.000000    0.000000    0.000000
  -6.23208   17.166482    0.167187    0.057488    0.109699    0.837286    0.000000    0.000000    0.000000    0.000000    0.000000    0.000000
  -6.22608   17.786457    0.174540    0.060121    0.114420    0.868322    0.000000    0.000000    0.000000    0.000000    0.000000    0.000000
  -6.22007   18.434458    0.182122    0.062920    0.119202    0.900616    0.000000    0.000000    0.000000    0.000000    0.000000    0.000000
  -6.21407   19.093312    0.189719    0.065804    0.123914    0.933320    0.000000    0.000000    0.000000    0.000000    0.000000    0.000000
  -6.20807   19.743739    0.197094    0.068678    0.128417    0.965474    0.000000    0.000000    0.000000    0.000000    0.000000    0.000000
  -6.20207   20.365425    0.204009    0.071439    0.132570    0.996060    0.000000    0.000000    0.000000    0.000000    0.000000    0.000000
  -6.19607   20.938225    0.210228    0.073987    0.136242    1.024064    0.000000    0.000000    0.000000    0.000000    0.000000    0.000000
  -6.19006   21.443413    0.215545    0.076226    0.139318    1.048545    0.000000    0.000000    0.000000    0.000000    0.000000    0.000000
  -6.18406   21.864861    0.219788    0.078077    0.141711    1.068701    0.000000    0.000000    0.000000    0.000000    0.000000    0.000000
  -6.17806   22.190038    0.222837    0.079478    0.143360    1.083922    0.000000    0.000000    0.000000    0.000000    0.000000    0.000000
  -6.17206   22.410733    0.224634    0.080392    0.144242    1.093837    0.000000    0.000000    0.000000    0.000000    0.000000    0.000000
  -6.16606   22.523427    0.225182    0.080810    0.144372    1.098330    0.000000    0.000000    0.000000    0.000000    0.000000    0.000000
  -6.16005   22.529280    0.224549    0.080748    0.143801    1.097547    0.000000    0.000000    0.000000    0.000000    0.000000    0.000000
  -6.15405   22.433757    0.222859    0.080248    0.142611    1.091875    0.000000    0.000000    0.000000    0.000000    0.000000    0.000000
  -6.14805   22.245962    0.220288    0.079372    0.140915    1.081902    0.000000    0.000000    0.000000    0.000000    0.000000    0.000000
  -6.14205   21.977784    0.217040    0.078198    0.138842    1.068370    0.000000    0.000000    0.000000    0.000000    0.000000    0.000000
  -6.13605   21.642987    0.213341    0.076810    0.136531    1.052124    0.000000    0.000000    0.000000    0.000000    0.000000    0.000000
  -6.13004   21.256341    0.209420    0.075295    0.134125    1.034057    0.000000    0.000000    0.000000    0.000000    0.000000    0.000000
  -6.12404   20.832917    0.205494    0.073738    0.131756    1.015066    0.000000    0.000000    0.000000    0.000000    0.000000    0.000000
  -6.11804   20.387551    0.201759    0.072213    0.129546    0.996016    0.000000    0.000000    0.000000    0.000000    0.000000    0.000000
  -6.11204   19.934516    0.198381    0.070783    0.127598    0.977719    0.000000    0.000000    0.000000    0.000000    0.000000    0.000000
  -6.10604   19.487328    0.195496    0.069500    0.125995    0.960911    0.000000    0.000000    0.000000    0.000000    0.000000    0.000000
  -6.10003   19.058625    0.193204    0.068402    0.124802    0.946245    0.000000    0.000000    0.000000    0.000000    0.000000    0.000000
  -6.09403   18.660046    0.191576    0.067512    0.124063    0.934278    0.000000    0.000000    0.000000    0.000000    0.000000    0.000000
  -6.08803   18.302038    0.190654    0.066849    0.123805    0.925462    0.000000    0.000000    0.000000    0.000000    0.000000    0.000000
  -6.08203   17.993570    0.190457    0.066417    0.124040    0.920126    0.000000    0.000000    0.000000    0.000000    0.000000    0.000000
  -6.07603   17.741767    0.190984    0.066218    0.124766    0.918460    0.000000    0.000000    0.000000    0.000000    0.000000    0.000000
  -6.07002   17.551517    0.192214    0.066246    0.125968    0.920503    0.000000    0.000000    0.000000    0.000000    0.000000    0.000000
  -6.06402   17.425133    0.194111    0.066489    0.127622    0.926132    0.000000    0.000000    0.000000    0.000000    0.000000    0.000000
  -6.05802   17.362164    0.196627    0.066935    0.129692    0.935059    0.000000    0.000000    0.000000    0.000000    0.000000    0.000000
  -6.05202   17.359428    0.199698    0.067563    0.132135    0.946854    0.000000    0.000000    0.000000    0.000000    0.000000    0.000000
  -6.04602   17.411318    0.203255    0.068354    0.134901    0.960964    0.000000    0.000000    0.000000    0.000000    0.000000    0.000000
  -6.04001   17.510350    0.207223    0.069284    0.137939    0.976765    0.000000    0.000000    0.000000    0.000000    0.000000    0.000000
  -6.03401   17.647930    0.211526    0.070331    0.141195    0.993608    0.000000    0.000000    0.000000    0.000000    0.000000    0.000000
  -6.02801   17.815197    0.216091    0.071470    0.144622    1.010872    0.000000    0.000000    0.000000    0.000000    0.000000    0.000000
  -6.02201   18.003849    0.220855    0.072680    0.148175    1.028021    0.000000    0.000000    0.000000    0.000000    0.000000    0.000000
  -6.01601   18.206815    0.225763    0.073944    0.151819    1.044629    0.000000    0.000000    0.000000    0.000000    0.000000    0.000000
  -6.01000   18.418665    0.230768    0.075245    0.155524    1.060411    0.000000    0.000000    0.000000    0.000000    0.000000    0.000000
  -6.00400   18.635733    0.235831    0.076569    0.159262    1.075211    0.000000    0.000000    0.000000    0.000000    0.000000    0.000000
  -5.99800   18.855934    0.240911    0.077903    0.163008    1.088991    0.000000    0.000000    0.000000    0.000000    0.000000    0.000000
  -5.99200   19.078347    0.245961    0.079233    0.166728    1.101792    0.000000    0.000000    0.000000    0.000000    0.000000    0.000000
  -5.98600   19.302675    0.250923    0.080544    0.170379    1.113700    0.000000    0.000000    0.000000    0.000000    0.000000    0.000000
  -5.97999   19.528688    0.255719    0.081815    0.173904    1.124802    0.000000    0.000000    0.000000    0.000000    0.000000    0.000000
  -5.97399   19.755781    0.260252    0.083022    0.177230    1.135160    0.000000    0.000000    0.000000    0.000000    0.000000    0.000000
  -5.96799   19.982730    0.264408    0.084136    0.180272    1.144791    0.000000    0.000000    0.000000    0.000000    0.000000    0.000000
  -5.96199   20.207690    0.268060    0.085125    0.182935    1.153668    0.000000    0.000000    0.000000    0.000000    0.000000    0.000000
  -5.95599   20.428428    0.271082    0.085958    0.185124    1.161735    0.000000    0.000000    0.000000    0.000000    0.000000    0.000000
  -5.94998   20.642738    0.273356    0.086605    0.186750    1.168929    0.000000    0.000000    0.000000    0.000000    0.000000    0.000000
  -5.94398   20.848956    0.274789    0.087043    0.187746    1.175212    0.000000    0.000000    0.000000    0.000000    0.000000    0.000000
  -5.93798   21.046454    0.275327    0.087256    0.188070    1.180601    0.000000    0.000000    0.000000    0.000000    0.000000    0.000000
  -5.93198   21.236035    0.274961    0.087242    0.187718    1.185192    0.000000    0.000000    0.000000    0.000000    0.000000    0.000000
  -5.92598   21.420113    0.273737    0.087010    0.186726    1.189169    0.000000    0.000000    0.000000    0.000000    0.000000    0.000000
  -5.91997   21.602663    0.271756    0.086583    0.185172    1.192809    0.000000    0.000000    0.000000    0.000000    0.000000    0.000000
  -5.91397   21.788904    0.269171    0.085998    0.183174    1.196467    0.000000    0.000000    0.000000    0.000000    0.000000    0.000000
  -5.90797   21.984752    0.266180    0.085299    0.180881    1.200547    0.000000    0.000000    0.000000    0.000000    0.000000    0.000000
  -5.90197   22.196117    0.263012    0.084543    0.178469    1.205478    0.000000    0.000000    0.000000    0.000000    0.000000    0.000000
  -5.89597   22.428129    0.259912    0.083786    0.176126    1.211668    0.000000    0.000000    0.000000    0.000000    0.000000    0.000000
  -5.88996   22.684412    0.257128    0.083088    0.174040    1.219476    0.000000    0.000000    0.000000    0.000000    0.000000    0.000000
  -5.88396   22.966508    0.254891    0.082503    0.172388    1.229180    0.000000    0.000000    0.000000    0.000000    0.000000    0.000000
  -5.87796   23.273548    0.253401    0.082079    0.171323    1.240956    0.000000    0.000000    0.000000    0.000000    0.000000    0.000000
  -5.87196   23.602230    0.252817    0.081853    0.170964    1.254873    0.000000    0.000000    0.000000    0.000000    0.000000    0.000000
  -5.86596   23.947121    0.253247    0.081853    0.171394    1.270893    0.000000    0.000000    0.000000    0.000000    0.000000    0.000000
  -5.85995   24.301235    0.254743    0.082094    0.172649    1.288888    0.000000    0.000000    0.000000    0.000000    0.000000    0.000000
  -5.85395   24.656833    0.257303    0.082577    0.174726    1.308662    0.000000    0.000000    0.000000    0.000000    0.000000    0.000000
  -5.84795   25.006296    0.260874    0.083295    0.177579    1.329977    0.000000    0.000000    0.000000    0.000000    0.000000    0.000000
  -5.84195   25.342967    0.265358    0.084233    0.181126    1.352581    0.000000    0.000000    0.000000    0.000000    0.000000    0.000000
  -5.83595   25.661817    0.270623    0.085366    0.185257    1.376227    0.000000    0.000000    0.000000    0.000000    0.000000    0.000000
  -5.82994   25.959843    0.276510    0.086668    0.189842    1.400681    0.000000    0.000000    0.000000    0.000000    0.000000    0.000000
  -5.82394   26.236139    0.282844    0.088105    0.194740    1.425734    0.000000    0.000000    0.000000    0.000000    0.000000    0.000000
  -5.81794   26.491643    0.289447    0.089643    0.199803    1.451185    0.000000    0.000000    0.000000    0.000000    0.000000    0.000000
  -5.81194   26.728614    0.296141    0.091248    0.204892    1.476834    0.000000    0.000000    0.000000    0.000000    0.000000    0.000000
  -5.80594   26.949927    0.302761    0.092882    0.209878    1.502463    0.000000    0.000000    0.000000    0.000000    0.000000    0.000000
  -5.79993   27.158311    0.309160    0.094510    0.214651    1.527821    0.000000    0.000000    0.000000    0.000000    0.000000    0.000000
  -5.79393   27.355641    0.315217    0.096094    0.219123    1.552612    0.000000    0.000000    0.000000    0.000000    0.000000    0.000000
  -5.78793   27.542408    0.320837    0.097602    0.223236    1.576493    0.000000    0.000000    0.000000    0.000000    0.000000    0.000000
  -5.78193   27.717407    0.325959    0.099003    0.226956    1.599076    0.000000    0.000000    0.000000    0.000000    0.000000    0.000000
  -5.77593   27.877701    0.330551    0.100272    0.230279    1.619946    0.000000    0.000000    0.000000    0.000000    0.000000    0.000000
  -5.76992   28.018832    0.334614    0.101390    0.233224    1.638679    0.000000    0.000000    0.000000    0.000000    0.000000    0.000000
  -5.76392   28.135252    0.338178    0.102347    0.235831    1.654866    0.000000    0.000000    0.000000    0.000000    0.000000    0.000000
  -5.75792   28.220896    0.341293    0.103142    0.238152    1.668142    0.000000    0.000000    0.000000    0.000000    0.000000    0.000000
  -5.75192   28.269849    0.344026    0.103780    0.240246    1.678213    0.000000    0.000000    0.000000    0.000000    0.000000    0.000000
  -5.74592   28.277014    0.346452    0.104278    0.242175    1.684878    0.000000    0.000000    0.000000    0.000000    0.000000    0.000000
  -5.73991   28.238760    0.348650    0.104657    0.243993    1.688053    0.000000    0.000000    0.000000    0.000000    0.000000    0.000000
  -5.73391   28.153479    0.350694    0.104946    0.245748    1.687792    0.000000    0.000000    0.000000    0.000000    0.000000    0.000000
  -5.72791   28.022034    0.352658    0.105180    0.247479    1.684295    0.000000    0.000000    0.000000    0.000000    0.000000    0.000000
  -5.72191   27.848063    0.354610    0.105393    0.249216    1.677924    0.000000    0.000000    0.000000    0.000000    0.000000    0.000000
  -5.71591   27.638109    0.356615    0.105627    0.250988    1.669201    0.000000    0.000000    0.000000    0.000000    0.000000    0.000000
  -5.70990   27.401557    0.358745    0.105921    0.252823    1.658804    0.000000    0.000000    0.000000    0.000000    0.000000    0.000000
  -5.70390   27.150331    0.361079    0.106321    0.254758    1.647556    0.000000    0.000000    0.000000    0.000000    0.000000    0.000000
  -5.69790   26.898352    0.363710    0.106869    0.256840    1.636389    0.000000    0.000000    0.000000    0.000000    0.000000    0.000000
  -5.69190   26.660739    0.366744    0.107613    0.259131    1.626311    0.000000    0.000000    0.000000    0.000000    0.000000    0.000000
  -5.68590   26.452785    0.370300    0.108595    0.261705    1.618343    0.000000    0.000000    0.000000    0.000000    0.000000    0.000000
  -5.67989   26.288762    0.374503    0.109858    0.264645    1.613460    0.000000    0.000000    0.000000    0.000000    0.000000    0.000000
  -5.67389   26.180639    0.379470    0.111436    0.268035    1.612510    0.000000    0.000000    0.000000    0.000000    0.000000    0.000000
  -5.66789   26.136841    0.385298    0.113351    0.271947    1.616141    0.000000    0.000000    0.000000    0.000000    0.000000    0.000000
  -5.66189   26.161172    0.392044    0.115613    0.276431    1.624730    0.000000    0.000000    0.000000    0.000000    0.000000    0.000000
  -5.65589   26.252047    0.399711    0.118209    0.281502    1.638322    0.000000    0.000000    0.000000    0.000000    0.000000    0.000000
  -5.64988   26.402150    0.408229    0.121104    0.287124    1.656596    0.000000    0.000000    0.000000    0.000000    0.000000    0.000000
  -5.64388   26.598600    0.417450    0.124239    0.293211    1.678854    0.000000    0.000000    0.000000    0.000000    0.000000    0.000000
  -5.63788   26.823659    0.427145    0.127529    0.299616    1.704048    0.000000    0.000000    0.000000    0.000000    0.000000    0.000000
  -5.63188   27.055950    0.437009    0.130869    0.306140    1.730841    0.000000    0.000000    0.000000    0.000000    0.000000    0.000000
  -5.62588   27.272106    0.446684    0.134142    0.312543    1.757700    0.000000    0.000000    0.000000    0.000000    0.000000    0.000000
  -5.61987   27.448676    0.455782    0.137221    0.318561    1.783014    0.000000    0.000000    0.000000    0.000000    0.000000    0.000000
  -5.61387   27.564121    0.463918    0.139990    0.323928    1.805239    0.000000    0.000000    0.000000    0.000000    0.000000    0.000000
  -5.60787   27.600674    0.470752    0.142346    0.328406    1.823029    0.000000    0.000000    0.000000    0.000000    0.000000    0.000000
  -5.60187   27.545859    0.476017    0.144213    0.331803    1.835368    0.000000    0.000000    0.000000    0.000000    0.000000    0.000000
  -5.59587   27.393502    0.479557    0.145554    0.334003    1.841665    0.000000    0.000000    0.000000    0.000000    0.000000    0.000000
  -5.58986   27.144114    0.481344    0.146369    0.334975    1.841811    0.000000    0.000000    0.000000    0.000000    0.000000    0.000000
  -5.58386   26.804603    0.481484    0.146701    0.334783    1.836185    0.000000    0.000000    0.000000    0.000000    0.000000    0.000000
  -5.57786   26.387380    0.480213    0.146629    0.333584    1.825608    0.000000    0.000000    0.000000    0.000000    0.000000    0.000000
  -5.57186   25.908945    0.477871    0.146260    0.331611    1.811251    0.000000    0.000000    0.000000    0.000000    0.000000    0.000000
  -5.56586   25.388173    0.474875    0.145721    0.329154    1.794500    0.000000    0.000000    0.000000    0.000000    0.000000    0.000000
  -5.55985   24.844491    0.471674    0.145142    0.326531    1.776817    0.000000    0.000000    0.000000    0.000000    0.000000    0.000000
  -5.55385   24.296185    0.468707    0.144644    0.324062    1.759581    0.000000    0.000000    0.000000    0.000000    0.000000    0.000000
  -5.54785   23.759033    0.466367    0.144329    0.322038    1.743964    0.000000    0.000000    0.000000    0.000000    0.000000    0.000000
  -5.54185   23.245398    0.464971    0.144270    0.320702    1.730839    0.000000    0.000000    0.000000    0.000000    0.000000    0.000000
  -5.53585   22.763871    0.464742    0.144508    0.320234    1.720728    0.000000    0.000000    0.000000    0.000000    0.000000    0.000000
  -5.52984   22.319439    0.465808    0.145056    0.320752    1.713807    0.000000    0.000000    0.000000    0.000000    0.000000    0.000000
  -5.52384   21.914112    0.468213    0.145899    0.322314    1.709952    0.000000    0.000000    0.000000    0.000000    0.000000    0.000000
  -5.51784   21.547862    0.471943    0.147005    0.324938    1.708832    0.000000    0.000000    0.000000    0.000000    0.000000    0.000000
  -5.51184   21.219700    0.476955    0.148338    0.328617    1.710005    0.000000    0.000000    0.000000    0.000000    0.000000    0.000000
  -5.50584   20.928708    0.483206    0.149862    0.333345    1.713033    0.000000    0.000000    0.000000    0.000000    0.000000    0.000000
  -5.49983   20.674868    0.490686    0.151555    0.339131    1.717576    0.000000    0.000000    0.000000    0.000000    0.000000    0.000000
  -5.49383   20.459566    0.499432    0.153413    0.346018    1.723462    0.000000    0.000000    0.000000    0.000000    0.000000    0.000000
  -5.48783   20.285707    0.509536    0.155452    0.354084    1.730714    0.000000    0.000000    0.000000    0.000000    0.000000    0.000000
  -5.48183   20.157452    0.521140    0.157706    0.363434    1.739549    0.000000    0.000000    0.000000    0.000000    0.000000    0.000000
  -5.47583   20.079635    0.534413    0.160222    0.374191    1.750334    0.000000    0.000000    0.000000    0.000000    0.000000    0.000000
  -5.46982   20.056953    0.549525    0.163052    0.386473    1.763518    0.000000    0.000000    0.000000    0.000000    0.000000    0.000000
  -5.46382   20.093082    0.566609    0.166243    0.400366    1.779554    0.000000    0.000000    0.000000    0.000000    0.000000    0.000000
  -5.45782   20.189830    0.585732    0.169829    0.415903    1.798806    0.000000    0.000000    0.000000    0.000000    0.000000    0.000000
  -5.45182   20.346448    0.606859    0.173824    0.433036    1.821483    0.000000    0.000000    0.000000    0.000000    0.000000    0.000000
  -5.44582   20.559196    0.629839    0.178210    0.451629    1.847575    0.000000    0.000000    0.000000    0.000000    0.000000    0.000000
  -5.43981   20.821186    0.654390    0.182943    0.471447    1.876825    0.000000    0.000000    0.000000    0.000000    0.000000    0.000000
  -5.43381   21.122541    0.680111    0.187947    0.492163    1.908722    0.000000    0.000000    0.000000    0.000000    0.000000    0.000000
  -5.42781   21.450818    0.706496    0.193121    0.513375    1.942520    0.000000    0.000000    0.000000    0.000000    0.000000    0.000000
  -5.42181   21.791668    0.732967    0.198342    0.534625    1.977286    0.000000    0.000000    0.000000    0.000000    0.000000    0.000000
  -5.41581   22.129670    0.758911    0.203477    0.555434    2.011956    0.000000    0.000000    0.000000    0.000000    0.000000    0.000000
  -5.40980   22.449260    0.783723    0.208387    0.575335    2.045411    0.000000    0.000000    0.000000    0.000000    0.000000    0.000000
  -5.40380   22.735707    0.806852    0.212945    0.593907    2.076555    0.000000    0.000000    0.000000    0.000000    0.000000    0.000000
  -5.39780   22.976052    0.827841    0.217035    0.610806    2.104397    0.000000    0.000000    0.000000    0.000000    0.000000    0.000000
  -5.39180   23.159951    0.846360    0.220568    0.625792    2.128113    0.000000    0.000000    0.000000    0.000000    0.000000    0.000000
  -5.38580   23.280357    0.862229    0.223483    0.638746    2.147115    0.000000    0.000000    0.000000    0.000000    0.000000    0.000000
  -5.37979   23.333991    0.875431    0.225754    0.649677    2.161082    0.000000    0.000000    0.000000    0.000000    0.000000    0.000000
  -5.37379   23.321550    0.886105    0.227386    0.658719    2.169982    0.000000    0.000000    0.000000    0.000000    0.000000    0.000000
  -5.36779   23.247626    0.894531    0.228418    0.666113    2.174068    0.000000    0.000000    0.000000    0.000000    0.000000    0.000000
  -5.36179   23.120339    0.901104    0.228914    0.672189    2.173845    0.000000    0.000000    0.000000    0.000000    0.000000    0.000000
  -5.35579   22.950704    0.906290    0.228961    0.677329    2.170026    0.000000    0.000000    0.000000    0.000000    0.000000    0.000000
  -5.34978   22.751785    0.910590    0.228657    0.681933    2.163466    0.000000    0.000000    0.000000    0.000000    0.000000    0.000000
  -5.34378   22.537723    0.914491    0.228106    0.686385    2.155092    0.000000    0.000000    0.000000    0.000000    0.000000    0.000000
  -5.33778   22.322721    0.918424    0.227409    0.691016    2.145830    0.000000    0.000000    0.000000    0.000000    0.000000    0.000000
  -5.33178   22.120086    0.922734    0.226657    0.696077    2.136538    0.000000    0.000000    0.000000    0.000000    0.000000    0.000000
  -5.32578   21.941419    0.927653    0.225928    0.701725    2.127954    0.000000    0.000000    0.000000    0.000000    0.000000    0.000000
  -5.31977   21.796009    0.933284    0.225281    0.708004    2.120655    0.000000    0.000000    0.000000    0.000000    0.000000    0.000000
  -5.31377   21.690467    0.939603    0.224752    0.714851    2.115033    0.000000    0.000000    0.000000    0.000000    0.000000    0.000000
  -5.30777   21.628606    0.946466    0.224361    0.722105    2.111295    0.000000    0.000000    0.000000    0.000000    0.000000    0.000000
  -5.30177   21.611532    0.953623    0.224104    0.729520    2.109467    0.000000    0.000000    0.000000    0.000000    0.000000    0.000000
  -5.29577   21.637912    0.960750    0.223959    0.736791    2.109414    0.000000    0.000000    0.000000    0.000000    0.000000    0.000000
  -5.28976   21.704357    0.967470    0.223891    0.743580    2.110870    0.000000    0.000000    0.000000    0.000000    0.000000    0.000000
  -5.28376   21.805870    0.973391    0.223850    0.749541    2.113468    0.000000    0.000000    0.000000    0.000000    0.000000    0.000000
  -5.27776   21.936316    0.978137    0.223780    0.754356    2.116782    0.000000    0.000000    0.000000    0.000000    0.000000    0.000000
  -5.27176   22.088900    0.981384    0.223624    0.757761    2.120361    0.000000    0.000000    0.000000    0.000000    0.000000    0.000000
  -5.26576   22.256625    0.982896    0.223324    0.759572    2.123776    0.000000    0.000000    0.000000    0.000000    0.000000    0.000000
  -5.25975   22.432737    0.982549    0.222834    0.759714    2.126658    0.000000    0.000000    0.000000    0.000000    0.000000    0.000000
  -5.25375   22.611145    0.980363    0.222122    0.758241    2.128741    0.000000    0.000000    0.000000    0.000000    0.000000    0.000000
  -5.24775   22.786806    0.976517    0.221176    0.755341    2.129895    0.000000    0.000000    0.000000    0.000000    0.000000    0.000000
  -5.24175   22.956061    0.971356    0.220008    0.751348    2.130159    0.000000    0.000000    0.000000    0.000000    0.000000    0.000000
  -5.23575   23.116879    0.965381    0.218653    0.746728    2.129747    0.000000    0.000000    0.000000    0.000000    0.000000    0.000000
  -5.22974   23.268978    0.959232    0.217174    0.742058    2.129046    0.000000    0.000000    0.000000    0.000000    0.000000    0.000000
  -5.22374   23.413803    0.953646    0.215653    0.737994    2.128595    0.000000    0.000000    0.000000    0.000000    0.000000    0.000000
  -5.21774   23.554323    0.949410    0.214186    0.735224    2.129037    0.000000    0.000000    0.000000    0.000000    0.000000    0.000000
  -5.21174   23.694678    0.947296    0.212877    0.734419    2.131064    0.000000    0.000000    0.000000    0.000000    0.000000    0.000000
  -5.20574   23.839684    0.948004    0.211825    0.736179    2.135345    0.000000    0.000000    0.000000    0.000000    0.000000    0.000000
  -5.19973   23.994261    0.952099    0.211118    0.740981    2.142459    0.000000    0.000000    0.000000    0.000000    0.000000    0.000000
  -5.19373   24.162839    0.959966    0.210823    0.749143    2.152834    0.000000    0.000000    0.000000    0.000000    0.000000    0.000000
  -5.18773   24.348819    0.971774    0.210982    0.760792    2.166699    0.000000    0.000000    0.000000    0.000000    0.000000    0.000000
  -5.18173   24.554145    0.987470    0.211608    0.775861    2.184061    0.000000    0.000000    0.000000    0.000000    0.000000    0.000000
  -5.17573   24.779032    1.006787    0.212689    0.794098    2.204709    0.000000    0.000000    0.000000    0.000000    0.000000    0.000000
  -5.16972   25.021866    1.029278    0.214186    0.815092    2.228233    0.000000    0.000000    0.000000    0.000000    0.000000    0.000000
  -5.16372   25.279281    1.054364    0.216050    0.838314    2.254074    0.000000    0.000000    0.000000    0.000000    0.000000    0.000000
  -5.15772   25.546384    1.081391    0.218219    0.863172    2.281576    0.000000    0.000000    0.000000    0.000000    0.000000    0.000000
  -5.15172   25.817087    1.109692    0.220638    0.889055    2.310047    0.000000    0.000000    0.000000    0.000000    0.000000    0.000000
  -5.14572   26.084519    1.138643    0.223256    0.915388    2.338818    0.000000    0.000000    0.000000    0.000000    0.000000    0.000000
  -5.13971   26.341460    1.167708    0.226039    0.941668    2.367288    0.000000    0.000000    0.000000    0.000000    0.000000    0.000000
  -5.13371   26.580780    1.196467    0.228972    0.967495    2.394960    0.000000    0.000000    0.000000    0.000000    0.000000    0.000000
  -5.12771   26.795843    1.224633    0.232055    0.992577    2.421458    0.000000    0.000000    0.000000    0.000000    0.000000    0.000000
  -5.12171   26.980861    1.252040    0.235303    1.016737    2.446532    0.000000    0.000000    0.000000    0.000000    0.000000    0.000000
  -5.11571   27.131191    1.278631    0.238737    1.039894    2.470048    0.000000    0.000000    0.000000    0.000000    0.000000    0.000000
  -5.10970   27.243543    1.304424    0.242383    1.062041    2.491969    0.000000    0.000000    0.000000    0.000000    0.000000    0.000000
  -5.10370   27.316098    1.329475    0.246256    1.083219    2.512329    0.000000    0.000000    0.000000    0.000000    0.000000    0.000000
  -5.09770   27.348515    1.353848    0.250363    1.103485    2.531198    0.000000    0.000000    0.000000    0.000000    0.000000    0.000000
  -5.09170   27.341816    1.377577    0.254687    1.122889    2.548658    0.000000    0.000000    0.000000    0.000000    0.000000    0.000000
  -5.08570   27.298156    1.400645    0.259194    1.141452    2.564761    0.000000    0.000000    0.000000    0.000000    0.000000    0.000000
  -5.07969   27.220485    1.422972    0.263822    1.159150    2.579511    0.000000    0.000000    0.000000    0.000000    0.000000    0.000000
  -5.07369   27.112138    1.444409    0.268491    1.175918    2.592831    0.000000    0.000000    0.000000    0.000000    0.000000    0.000000
  -5.06769   26.976388    1.464749    0.273102    1.191647    2.604556    0.000000    0.000000    0.000000    0.000000    0.000000    0.000000
  -5.06169   26.816044    1.483744    0.277544    1.206200    2.614423    0.000000    0.000000    0.000000    0.000000    0.000000    0.000000
  -5.05569   26.633130    1.501132    0.281703    1.219429    2.622079    0.000000    0.000000    0.000000    0.000000    0.000000    0.000000
  -5.04968   26.428714    1.516665    0.285467    1.231198    2.627104    0.000000    0.000000    0.000000    0.000000    0.000000    0.000000
  -5.04368   26.202926    1.530147    0.288738    1.241408    2.629043    0.000000    0.000000    0.000000    0.000000    0.000000    0.000000
  -5.03768   25.955167    1.541457    0.291438    1.250019    2.627450    0.000000    0.000000    0.000000    0.000000    0.000000    0.000000
  -5.03168   25.684500    1.550583    0.293515    1.257068    2.621937    0.000000    0.000000    0.000000    0.000000    0.000000    0.000000
  -5.02568   25.390177    1.557645    0.294953    1.262692    2.612232    0.000000    0.000000    0.000000    0.000000    0.000000    0.000000
  -5.01967   25.072232    1.562905    0.295773    1.267132    2.598225    0.000000    0.000000    0.000000    0.000000    0.000000    0.000000
  -5.01367   24.732058    1.566775    0.296036    1.270739    2.580016    0.000000    0.000000    0.000000    0.000000    0.000000    0.000000
  -5.00767   24.372878    1.569811    0.295840    1.273971    2.557940    0.000000    0.000000    0.000000    0.000000    0.000000    0.000000
  -5.00167   24.000046    1.572699    0.295321    1.277377    2.532587    0.000000    0.000000    0.000000    0.000000    0.000000    0.000000
  -4.99567   23.621096    1.576221    0.294645    1.281577    2.504785    0.000000    0.000000    0.000000    0.000000    0.000000    0.000000
  -4.98966   23.245520    1.581223    0.293996    1.287227    2.475583    0.000000    0.000000    0.000000    0.000000    0.000000    0.000000
  -4.98366   22.884274    1.588558    0.293573    1.294984    2.446194    0.000000    0.000000    0.000000    0.000000    0.000000    0.000000
  -4.97766   22.549031    1.599032    0.293571    1.305461    2.417929    0.000000    0.000000    0.000000    0.000000    0.000000    0.000000
  -4.97166   22.251278    1.613347    0.294171    1.319175    2.392116    0.000000    0.000000    0.000000    0.000000    0.000000    0.000000
  -4.96566   22.001322    1.632037    0.295528    1.336510    2.370007    0.000000    0.000000    0.000000    0.000000    0.000000    0.000000
  -4.95965   21.807353    1.655431    0.297755    1.357676    2.352693    0.000000    0.000000    0.000000    0.000000    0.000000    0.000000
  -4.95365   21.674676    1.683617    0.300923    1.382694    2.341023    0.000000    0.000000    0.000000    0.000000    0.000000    0.000000
  -4.94765   21.605212    1.716441    0.305049    1.411392    2.335554    0.000000    0.000000    0.000000    0.000000    0.000000    0.000000
  -4.94165   21.597368    1.753527    0.310102    1.443425    2.336516    0.000000    0.000000    0.000000    0.000000    0.000000    0.000000
  -4.93565   21.646278    1.794324    0.316002    1.478322    2.343820    0.000000    0.000000    0.000000    0.000000    0.000000    0.000000
  -4.92964   21.744423    1.838175    0.322637    1.515538    2.357098    0.000000    0.000000    0.000000    0.000000    0.000000    0.000000
  -4.92364   21.882513    1.884398    0.329869    1.554529    2.375764    0.000000    0.000000    0.000000    0.000000    0.000000    0.000000
  -4.91764   22.050530    1.932366    0.337553    1.594813    2.399094    0.000000    0.000000    0.000000    0.000000    0.000000    0.000000
  -4.91164   22.238774    1.981583    0.345552    1.636031    2.426319    0.000000    0.000000    0.000000    0.000000    0.000000    0.000000
  -4.90564   22.438758    2.031726    0.353745    1.677981    2.456697    0.000000    0.000000    0.000000    0.000000    0.000000    0.000000
  -4.89963   22.643841    2.082671    0.362040    1.720630    2.489574    0.000000    0.000000    0.000000    0.000000    0.000000    0.000000
  -4.89363   22.849522    2.134468    0.370376    1.764092    2.524420    0.000000    0.000000    0.000000    0.000000    0.000000    0.000000
  -4.88763   23.053388    2.187307    0.378722    1.808585    2.560831    0.000000    0.000000    0.000000    0.000000    0.000000    0.000000
  -4.88163   23.254767    2.241438    0.387070    1.854369    2.598512    0.000000    0.000000    0.000000    0.000000    0.000000    0.000000
  -4.87563   23.454183    2.297100    0.395428    1.901672    2.637237    0.000000    0.000000    0.000000    0.000000    0.000000    0.000000
  -4.86962   23.652735    2.354429    0.403810    1.950619    2.676811    0.000000    0.000000    0.000000    0.000000    0.000000    0.000000
  -4.86362   23.851519    2.413399    0.412221    2.001178    2.717028    0.000000    0.000000    0.000000    0.000000    0.000000    0.000000
  -4.85762   24.051199    2.473768    0.420652    2.053116    2.757645    0.000000    0.000000    0.000000    0.000000    0.000000    0.000000
  -4.85162   24.251775    2.535060    0.429072    2.105987    2.798375    0.000000    0.000000    0.000000    0.000000    0.000000    0.000000
  -4.84562   24.452567    2.596580    0.437427    2.159153    2.838897    0.000000    0.000000    0.000000    0.000000    0.000000    0.000000
  -4.83961   24.652391    2.657456    0.445642    2.211814    2.878884    0.000000    0.000000    0.000000    0.000000    0.000000    0.000000
  -4.83361   24.849854    2.716708    0.453628    2.263080    2.918045    0.000000    0.000000    0.000000    0.000000    0.000000    0.000000
  -4.82761   25.043721    2.773340    0.461296    2.312044    2.956169    0.000000    0.000000    0.000000    0.000000    0.000000    0.000000
  -4.82161   25.233256    2.826443    0.468570    2.357873    2.993175    0.000000    0.000000    0.000000    0.000000    0.000000    0.000000
  -4.81561   25.418506    2.875299    0.475406    2.399893    3.029147    0.000000    0.000000    0.000000    0.000000    0.000000    0.000000
  -4.80960   25.600467    2.919478    0.481804    2.437674    3.064360    0.000000    0.000000    0.000000    0.000000    0.000000    0.000000
  -4.80360   25.781121    2.958911    0.487825    2.471087    3.099288    0.000000    0.000000    0.000000    0.000000    0.000000    0.000000
  -4.79760   25.963337    2.993933    0.493593    2.500340    3.134586    0.000000    0.000000    0.000000    0.000000    0.000000    0.000000
  -4.79160   26.150631    3.025278    0.499301    2.525977    3.171049    0.000000    0.000000    0.000000    0.000000    0.000000    0.000000
  -4.78560   26.346808    3.054035    0.505195    2.548840    3.209546    0.000000    0.000000    0.000000    0.000000    0.000000    0.000000
  -4.77959   26.555503    3.081544    0.511559    2.569985    3.250931    0.000000    0.000000    0.000000    0.000000    0.000000    0.000000
  -4.77359   26.779651    3.109264    0.518683    2.590582    3.295939    0.000000    0.000000    0.000000    0.000000    0.000000    0.000000
  -4.76759   27.020938    3.138605    0.526834    2.611771    3.345069    0.000000    0.000000    0.000000    0.000000    0.000000    0.000000
  -4.76159   27.279274    3.170755    0.536219    2.634536    3.398478    0.000000    0.000000    0.000000    0.000000    0.000000    0.000000
  -4.75559   27.552381    3.206523    0.546952    2.659571    3.455895    0.000000    0.000000    0.000000    0.000000    0.000000    0.000000
  -4.74958   27.835529    3.246218    0.559030    2.687189    3.516563    0.000000    0.000000    0.000000    0.000000    0.000000    0.000000
  -4.74358   28.121512    3.289580    0.572316    2.717264    3.579233    0.000000    0.000000    0.000000    0.000000    0.000000    0.000000
  -4.73758   28.400873    3.335775    0.586543    2.749231    3.642208    0.000000    0.000000    0.000000    0.000000    0.000000    0.000000
  -4.73158   28.662398    3.383461    0.601328    2.782133    3.703437    0.000000    0.000000    0.000000    0.000000    0.000000    0.000000
  -4.72558   28.893852    3.430904    0.616193    2.814711    3.760663    0.000000    0.000000    0.000000    0.000000    0.000000    0.000000
  -4.71957   29.082874    3.476144    0.630610    2.845534    3.811595    0.000000    0.000000    0.000000    0.000000    0.000000    0.000000
  -4.71357   29.217965    3.517178    0.644040    2.873138    3.854100    0.000000    0.000000    0.000000    0.000000    0.000000    0.000000
  -4.70757   29.289454    3.552152    0.655979    2.896173    3.886392    0.000000    0.000000    0.000000    0.000000    0.000000    0.000000
  -4.70157   29.290339    3.579526    0.665998    2.913528    3.907196    0.000000    0.000000    0.000000    0.000000    0.000000    0.000000
  -4.69557   29.216942    3.598222    0.673781    2.924440    3.915871    0.000000    0.000000    0.000000    0.000000    0.000000    0.000000
  -4.68956   29.069305    3.607713    0.679148    2.928565    3.912487    0.000000    0.000000    0.000000    0.000000    0.000000    0.000000
  -4.68356   28.851314    3.608084    0.682065    2.926019    3.897843    0.000000    0.000000    0.000000    0.000000    0.000000    0.000000
  -4.67756   28.570556    3.600040    0.682654    2.917386    3.873436    0.000000    0.000000    0.000000    0.000000    0.000000    0.000000
  -4.67156   28.237933    3.584876    0.681175    2.903701    3.841366    0.000000    0.000000    0.000000    0.000000    0.000000    0.000000
  -4.66556   27.867075    3.564411    0.678016    2.886395    3.804219    0.000000    0.000000    0.000000    0.000000    0.000000    0.000000
  -4.65955   27.473593    3.540895    0.673659    2.867236    3.764895    0.000000    0.000000    0.000000    0.000000    0.000000    0.000000
  -4.65355   27.074215    3.516878    0.668653    2.848225    3.726432    0.000000    0.000000    0.000000    0.000000    0.000000    0.000000
  -4.64755   26.685852    3.495065    0.663574    2.831491    3.691815    0.000000    0.000000    0.000000    0.000000    0.000000    0.000000
  -4.64155   26.324646    3.478142    0.658985    2.819157    3.663780    0.000000    0.000000    0.000000    0.000000    0.000000    0.000000
  -4.63555   26.005034    3.468594    0.655395    2.813198    3.644649    0.000000    0.000000    0.000000    0.000000    0.000000    0.000000
  -4.62954   25.738914    3.468523    0.653225    2.815298    3.636179    0.000000    0.000000    0.000000    0.000000    0.000000    0.000000
  -4.62354   25.534961    3.479480    0.652772    2.826708    3.639459    0.000000    0.000000    0.000000    0.000000    0.000000    0.000000
  -4.61754   25.398165    3.502323    0.654187    2.848136    3.654857    0.000000    0.000000    0.000000    0.000000    0.000000    0.000000
  -4.61154   25.329647    3.537134    0.657469    2.879665    3.682022    0.000000    0.000000    0.000000    0.000000    0.000000    0.000000
  -4.60554   25.326781    3.583183    0.662456    2.920727    3.719945    0.000000    0.000000    0.000000    0.000000    0.000000    0.000000
  -4.59953   25.383625    3.638977    0.668850    2.970127    3.767070    0.000000    0.000000    0.000000    0.000000    0.000000    0.000000
  -4.59353   25.491621    3.702365    0.676238    3.026126    3.821454    0.000000    0.000000    0.000000    0.000000    0.000000    0.000000
  -4.58753   25.640487    3.770705    0.684135    3.086570    3.880945    0.000000    0.000000    0.000000    0.000000    0.000000    0.000000
  -4.58153   25.819213    3.841078    0.692022    3.149056    3.943370    0.000000    0.000000    0.000000    0.000000    0.000000    0.000000
  -4.57553   26.017041    3.910520    0.699399    3.211121    4.006710    0.000000    0.000000    0.000000    0.000000    0.000000    0.000000
  -4.56952   26.224328    3.976247    0.705821    3.270426    4.069242    0.000000    0.000000    0.000000    0.000000    0.000000    0.000000
  -4.56352   26.433219    4.035859    0.710937    3.324922    4.129642    0.000000    0.000000    0.000000    0.000000    0.000000    0.000000
  -4.55752   26.638067    4.087503    0.714515    3.372988    4.187041    0.000000    0.000000    0.000000    0.000000    0.000000    0.000000
  -4.55152   26.835604    4.129980    0.716456    3.413524    4.241028    0.000000    0.000000    0.000000    0.000000    0.000000    0.000000
  -4.54552   27.024868    4.162801    0.716794    3.446006    4.291622    0.000000    0.000000    0.000000    0.000000    0.000000    0.000000
  -4.53951   27.206945    4.186177    0.715690    3.470487    4.339210    0.000000    0.000000    0.000000    0.000000    0.000000    0.000000
  -4.53351   27.384567    4.200975    0.713409    3.487566    4.384466    0.000000    0.000000    0.000000    0.000000    0.000000    0.000000
  -4.52751   27.561622    4.208620    0.710301    3.498319    4.428265    0.000000    0.000000    0.000000    0.000000    0.000000    0.000000
  -4.52151   27.742626    4.210972    0.706771    3.504201    4.471595    0.000000    0.000000    0.000000    0.000000    0.000000    0.000000
  -4.51551   27.932173    4.210176    0.703248    3.506928    4.515476    0.000000    0.000000    0.000000    0.000000    0.000000    0.000000
  -4.50950   28.134406    4.208493    0.700156    3.508337    4.560881    0.000000    0.000000    0.000000    0.000000    0.000000    0.000000
  -4.50350   28.352500    4.208129    0.697889    3.510240    4.608663    0.000000    0.000000    0.000000    0.000000    0.000000    0.000000
  -4.49750   28.588206    4.211058    0.696781    3.514277    4.659495    0.000000    0.000000    0.000000    0.000000    0.000000    0.000000
  -4.49150   28.841460    4.218862    0.697088    3.521774    4.713808    0.000000    0.000000    0.000000    0.000000    0.000000    0.000000
  -4.48550   29.110113    4.232595    0.698972    3.533624    4.771745    0.000000    0.000000    0.000000    0.000000    0.000000    0.000000
  -4.47949   29.389817    4.252689    0.702489    3.550200    4.833130    0.000000    0.000000    0.000000    0.000000    0.000000    0.000000
  -4.47349   29.674107    4.278906    0.707589    3.571318    4.897452    0.000000    0.000000    0.000000    0.000000    0.000000    0.000000
  -4.46749   29.954702    4.310362    0.714116    3.596246    4.963886    0.000000    0.000000    0.000000    0.000000    0.000000    0.000000
  -4.46149   30.222026    4.345606    0.721824    3.623782    5.031327    0.000000    0.000000    0.000000    0.000000    0.000000    0.000000
  -4.45549   30.465925    4.382775    0.730395    3.652380    5.098473    0.000000    0.000000    0.000000    0.000000    0.000000    0.000000
  -4.44948   30.676507    4.419785    0.739463    3.680322    5.163913    0.000000    0.000000    0.000000    0.000000    0.000000    0.000000
  -4.44348   30.845041    4.454564    0.748650    3.705913    5.226249    0.000000    0.000000    0.000000    0.000000    0.000000    0.000000
  -4.43748   30.964799    4.485281    0.757592    3.727689    5.284219    0.000000    0.000000    0.000000    0.000000    0.000000    0.000000
  -4.43148   31.031769    4.510561    0.765971    3.744589    5.336811    0.000000    0.000000    0.000000    0.000000    0.000000    0.000000
  -4.42548   31.045132    4.529644    0.773549    3.756094    5.383364    0.000000    0.000000    0.000000    0.000000    0.000000    0.000000
  -4.41947   31.007483    4.542474    0.780180    3.762294    5.423645    0.000000    0.000000    0.000000    0.000000    0.000000    0.000000
  -4.41347   30.924750    4.549713    0.785825    3.763888    5.457880    0.000000    0.000000    0.000000    0.000000    0.000000    0.000000
  -4.40747   30.805830    4.552656    0.790554    3.762102    5.486749    0.000000    0.000000    0.000000    0.000000    0.000000    0.000000
  -4.40147   30.661993    4.553085    0.794535    3.758550    5.511344    0.000000    0.000000    0.000000    0.000000    0.000000    0.000000
  -4.39547   30.506103    4.553056    0.798015    3.755041    5.533084    0.000000    0.000000    0.000000    0.000000    0.000000    0.000000
  -4.38946   30.351732    4.554655    0.801293    3.753361    5.553594    0.000000    0.000000    0.000000    0.000000    0.000000    0.000000
  -4.38346   30.212245    4.559753    0.804686    3.755066    5.574573    0.000000    0.000000    0.000000    0.000000    0.000000    0.000000
  -4.37746   30.099922    4.569785    0.808494    3.761291    5.597647    0.000000    0.000000    0.000000    0.000000    0.000000    0.000000
  -4.37146   30.025179    4.585579    0.812966    3.772613    5.624216    0.000000    0.000000    0.000000    0.000000    0.000000    0.000000
  -4.36546   29.995941    4.607249    0.818272    3.788978    5.655333    0.000000    0.000000    0.000000    0.000000    0.000000    0.000000
  -4.35945   30.017203    4.634167    0.824476    3.809691    5.691597    0.000000    0.000000    0.000000    0.000000    0.000000    0.000000
  -4.35345   30.090810    4.665013    0.831533    3.833480    5.733098    0.000000    0.000000    0.000000    0.000000    0.000000    0.000000
  -4.34745   30.215474    4.697893    0.839283    3.858610    5.779401    0.000000    0.000000    0.000000    0.000000    0.000000    0.000000
  -4.34145   30.387026    4.730516    0.847464    3.883051    5.829585    0.000000    0.000000    0.000000    0.000000    0.000000    0.000000
  -4.33545   30.598893    4.760410    0.855743    3.904668    5.882335    0.000000    0.000000    0.000000    0.000000    0.000000    0.000000
  -4.32944   30.842764    4.785158    0.863740    3.921418    5.936075    0.000000    0.000000    0.000000    0.000000    0.000000    0.000000
  -4.32344   31.109389    4.802625    0.871076    3.931549    5.989131    0.000000    0.000000    0.000000    0.000000    0.000000    0.000000
  -4.31744   31.389441    4.811169    0.877413    3.933756    6.039909    0.000000    0.000000    0.000000    0.000000    0.000000    0.000000
  -4.31144   31.674368    4.809804    0.882492    3.927311    6.087072    0.000000    0.000000    0.000000    0.000000    0.000000    0.000000
  -4.30544   31.957124    4.798306    0.886168    3.912138    6.129685    0.000000    0.000000    0.000000    0.000000    0.000000    0.000000
  -4.29943   32.232735    4.777254    0.888430    3.888824    6.167327    0.000000    0.000000    0.000000    0.000000    0.000000    0.000000
  -4.29343   32.498623    4.747995    0.889412    3.858583    6.200146    0.000000    0.000000    0.000000    0.000000    0.000000    0.000000
  -4.28743   32.754666    4.712542    0.889384    3.823158    6.228862    0.000000    0.000000    0.000000    0.000000    0.000000    0.000000
  -4.28143   33.003002    4.673414    0.888733    3.784681    6.254710    0.000000    0.000000    0.000000    0.000000    0.000000    0.000000
  -4.27543   33.247623    4.633427    0.887930    3.745497    6.279334    0.000000    0.000000    0.000000    0.000000    0.000000    0.000000
  -4.26942   33.493797    4.595469    0.887492    3.707977    6.304662    0.000000    0.000000    0.000000    0.000000    0.000000    0.000000
  -4.26342   33.747414    4.562262    0.887934    3.674328    6.332742    0.000000    0.000000    0.000000    0.000000    0.000000    0.000000
  -4.25742   34.014315    4.536154    0.889729    3.646425    6.365590    0.000000    0.000000    0.000000    0.000000    0.000000    0.000000
  -4.25142   34.299657    4.518940    0.893268    3.625672    6.405042    0.000000    0.000000    0.000000    0.000000    0.000000    0.000000
  -4.24542   34.607371    4.511738    0.898829    3.612909    6.452619    0.000000    0.000000    0.000000    0.000000    0.000000    0.000000
  -4.23941   34.939727    4.514917    0.906559    3.608358    6.509420    0.000000    0.000000    0.000000    0.000000    0.000000    0.000000
  -4.23341   35.297003    4.528087    0.916459    3.611629    6.576041    0.000000    0.000000    0.000000    0.000000    0.000000    0.000000
  -4.22741   35.677282    4.550138    0.928388    3.621750    6.652516    0.000000    0.000000    0.000000    0.000000    0.000000    0.000000
  -4.22141   36.076347    4.579320    0.942069    3.637250    6.738283    0.000000    0.000000    0.000000    0.000000    0.000000    0.000000
  -4.21541   36.487708    4.613364    0.957108    3.656256    6.832188    0.000000    0.000000    0.000000    0.000000    0.000000    0.000000
  -4.20940   36.902753    4.649620    0.973012    3.676608    6.932508    0.000000    0.000000    0.000000    0.000000    0.000000    0.000000
  -4.20340   37.311036    4.685213    0.989221    3.695992    7.037014    0.000000    0.000000    0.000000    0.000000    0.000000    0.000000
  -4.19740   37.700724    4.717201    1.005133    3.712068    7.143073    0.000000    0.000000    0.000000    0.000000    0.000000    0.000000
  -4.19140   38.059187    4.742740    1.020144    3.722597    7.247776    0.000000    0.000000    0.000000    0.000000    0.000000    0.000000
  -4.18540   38.373712    4.759241    1.033677    3.725564    7.348103    0.000000    0.000000    0.000000    0.000000    0.000000    0.000000
  -4.17939   38.632291    4.764512    1.045219    3.719293    7.441107    0.000000    0.000000    0.000000    0.000000    0.000000    0.000000
  -4.17339   38.824445    4.756894    1.054356    3.702537    7.524108    0.000000    0.000000    0.000000    0.000000    0.000000    0.000000
  -4.16739   38.941981    4.735362    1.060796    3.674565    7.594880    0.000000    0.000000    0.000000    0.000000    0.000000    0.000000
  -4.16139   38.979642    4.699609    1.064396    3.635212    7.651821    0.000000    0.000000    0.000000    0.000000    0.000000    0.000000
  -4.15539   38.935576    4.650085    1.065173    3.584912    7.694080    0.000000    0.000000    0.000000    0.000000    0.000000    0.000000
  -4.14938   38.811576    4.587994    1.063306    3.524688    7.721649    0.000000    0.000000    0.000000    0.000000    0.000000    0.000000
  -4.14338   38.613085    4.515251    1.059131    3.456120    7.735388    0.000000    0.000000    0.000000    0.000000    0.000000    0.000000
  -4.13738   38.348946    4.434381    1.053119    3.381262    7.736993    0.000000    0.000000    0.000000    0.000000    0.000000    0.000000
  -4.13138   38.030927    4.348382    1.045843    3.302539    7.728910    0.000000    0.000000    0.000000    0.000000    0.000000    0.000000
  -4.12538   37.673054    4.260544    1.037942    3.222602    7.714184    0.000000    0.000000    0.000000    0.000000    0.000000    0.000000
  -4.11937   37.290788    4.174242    1.030074    3.144168    7.696267    0.000000    0.000000    0.000000    0.000000    0.000000    0.000000
  -4.11337   36.900120    4.092719    1.022867    3.069852    7.678786    0.000000    0.000000    0.000000    0.000000    0.000000    0.000000
  -4.10737   36.516651    4.018875    1.016876    3.002000    7.665304    0.000000    0.000000    0.000000    0.000000    0.000000    0.000000
  -4.10137   36.154726    3.955088    1.012540    2.942548    7.659076    0.000000    0.000000    0.000000    0.000000    0.000000    0.000000
  -4.09537   35.826721    3.903078    1.010161    2.892917    7.662854    0.000000    0.000000    0.000000    0.000000    0.000000    0.000000
  -4.08936   35.542544    3.863841    1.009887    2.853954    7.678734    0.000000    0.000000    0.000000    0.000000    0.000000    0.000000
  -4.08336   35.309422    3.837652    1.011720    2.825933    7.708092    0.000000    0.000000    0.000000    0.000000    0.000000    0.000000
  -4.07736   35.131994    3.824142    1.015531    2.808611    7.751608    0.000000    0.000000    0.000000    0.000000    0.000000    0.000000
  -4.07136   35.012703    3.822440    1.021106    2.801334    7.809377    0.000000    0.000000    0.000000    0.000000    0.000000    0.000000
  -4.06536   34.952419    3.831357    1.028185    2.803172    7.881102    0.000000    0.000000    0.000000    0.000000    0.000000    0.000000
  -4.05935   34.951199    3.849593    1.036519    2.813073    7.966326    0.000000    0.000000    0.000000    0.000000    0.000000    0.000000
  -4.05335   35.009034    3.875922    1.045916    2.830006    8.064677    0.000000    0.000000    0.000000    0.000000    0.000000    0.000000
  -4.04735   35.126452    3.909349    1.056280    2.853069    8.176067    0.000000    0.000000    0.000000    0.000000    0.000000    0.000000
  -4.04135   35.304827    3.949191    1.067637    2.881554    8.300818    0.000000    0.000000    0.000000    0.000000    0.000000    0.000000
  -4.03535   35.546318    3.995087    1.080134    2.914953    8.439674    0.000000    0.000000    0.000000    0.000000    0.000000    0.000000
  -4.02934   35.853394    4.046929    1.094022    2.952908    8.593690    0.000000    0.000000    0.000000    0.000000    0.000000    0.000000
  -4.02334   36.228007    4.104725    1.109616    2.995108    8.763998    0.000000    0.000000    0.000000    0.000000    0.000000    0.000000
  -4.01734   36.670509    4.168422    1.127249    3.041173    8.951495    0.000000    0.000000    0.000000    0.000000    0.000000    0.000000
  -4.01134   37.178491    4.237720    1.147204    3.090516    9.156483    0.000000    0.000000    0.000000    0.000000    0.000000    0.000000
  -4.00534   37.745747    4.311910    1.169668    3.142241    9.378335    0.000000    0.000000    0.000000    0.000000    0.000000    0.000000
  -3.99933   38.361553    4.389758    1.194680    3.195078    9.615235    0.000000    0.000000    0.000000    0.000000    0.000000    0.000000
  -3.99333   39.010432    4.469480    1.222105    3.247375    9.864052    0.000000    0.000000    0.000000    0.000000    0.000000    0.000000
  -3.98733   39.672501    4.548794    1.251630    3.297164   10.120383    0.000000    0.000000    0.000000    0.000000    0.000000    0.000000
  -3.98133   40.324427    4.625064    1.282783    3.342281   10.378773    0.000000    0.000000    0.000000    0.000000    0.000000    0.000000
  -3.97533   40.940923    4.695515    1.314973    3.380542   10.633097    0.000000    0.000000    0.000000    0.000000    0.000000    0.000000
  -3.96932   41.496641    4.757492    1.347543    3.409949   10.877073    0.000000    0.000000    0.000000    0.000000    0.000000    0.000000
  -3.96332   41.968254    4.808731    1.379840    3.428891   11.104830    0.000000    0.000000    0.000000    0.000000    0.000000    0.000000
  -3.95732   42.336488    4.847608    1.411278    3.436329   11.311472    0.000000    0.000000    0.000000    0.000000    0.000000    0.000000
  -3.95132   42.587855    4.873329    1.441392    3.431937   11.493564    0.000000    0.000000    0.000000    0.000000    0.000000    0.000000
  -3.94532   42.715868    4.886044    1.469877    3.416166   11.649464    0.000000    0.000000    0.000000    0.000000    0.000000    0.000000
  -3.93931   42.721589    4.886853    1.496610    3.390243   11.779467    0.000000    0.000000    0.000000    0.000000    0.000000    0.000000
  -3.93331   42.613423    4.877719    1.521639    3.356080   11.885731    0.000000    0.000000    0.000000    0.000000    0.000000    0.000000
  -3.92731   42.406176    4.861278    1.545160    3.316118   11.972000    0.000000    0.000000    0.000000    0.000000    0.000000    0.000000
  -3.92131   42.119481    4.840583    1.567468    3.273115   12.043147    0.000000    0.000000    0.000000    0.000000    0.000000    0.000000
  -3.91531   41.775771    4.818793    1.588905    3.229887   12.104605    0.000000    0.000000    0.000000    0.000000    0.000000    0.000000
  -3.90930   41.398055    4.798853    1.609797    3.189056   12.161758    0.000000    0.000000    0.000000    0.000000    0.000000    0.000000
  -3.90330   41.007752    4.783205    1.630402    3.152803   12.219359    0.000000    0.000000    0.000000    0.000000    0.000000    0.000000
  -3.89730   40.622840    4.773546    1.650873    3.122673   12.281073    0.000000    0.000000    0.000000    0.000000    0.000000    0.000000
  -3.89130   40.256540    4.770679    1.671235    3.099445   12.349179    0.000000    0.000000    0.000000    0.000000    0.000000    0.000000
  -3.88530   39.916664    4.774463    1.691387    3.083076   12.424473    0.000000    0.000000    0.000000    0.000000    0.000000    0.000000
  -3.87929   39.605669    4.783873    1.711126    3.072747   12.506386    0.000000    0.000000    0.000000    0.000000    0.000000    0.000000
  -3.87329   39.321366    4.797156    1.730186    3.066970   12.593268    0.000000    0.000000    0.000000    0.000000    0.000000    0.000000
  -3.86729   39.058135    4.812071    1.748290    3.063782   12.682808    0.000000    0.000000    0.000000    0.000000    0.000000    0.000000
  -3.86129   38.808431    4.826173    1.765201    3.060971   12.772515    0.000000    0.000000    0.000000    0.000000    0.000000    0.000000
  -3.85529   38.564360    4.837110    1.780777    3.056333   12.860169    0.000000    0.000000    0.000000    0.000000    0.000000    0.000000
  -3.84928   38.319067    4.842904    1.794999    3.047905   12.944191    0.000000    0.000000    0.000000    0.000000    0.000000    0.000000
  -3.84328   38.067778    4.842168    1.807992    3.034176   13.023876    0.000000    0.000000    0.000000    0.000000    0.000000    0.000000
  -3.83728   37.808360    4.834244    1.820019    3.014224   13.099451    0.000000    0.000000    0.000000    0.000000    0.000000    0.000000
  -3.83128   37.541386    4.819253    1.831457    2.987796   13.171973    0.000000    0.000000    0.000000    0.000000    0.000000    0.000000
  -3.82528   37.269748    4.798051    1.842754    2.955297   13.243092    0.000000    0.000000    0.000000    0.000000    0.000000    0.000000
  -3.81927   36.997942    4.772101    1.854382    2.917718   13.314728    0.000000    0.000000    0.000000    0.000000    0.000000    0.000000
  -3.81327   36.731191    4.743290    1.866785    2.876506   13.388729    0.000000    0.000000    0.000000    0.000000    0.000000    0.000000
  -3.80727   36.474566    4.713711    1.880324    2.833387   13.466559    0.000000    0.000000    0.000000    0.000000    0.000000    0.000000
  -3.80127   36.232263    4.685439    1.895253    2.790186   13.549079    0.000000    0.000000    0.000000    0.000000    0.000000    0.000000
  -3.79527   36.007119    4.660330    1.911685    2.748645   13.636440    0.000000    0.000000    0.000000    0.000000    0.000000    0.000000
  -3.78926   35.800440    4.639864    1.929599    2.710265   13.728096    0.000000    0.000000    0.000000    0.000000    0.000000    0.000000
  -3.78326   35.612104    4.625043    1.948846    2.676198   13.822929    0.000000    0.000000    0.000000    0.000000    0.000000    0.000000
  -3.77726   35.440890    4.616346    1.969177    2.647170   13.919454    0.000000    0.000000    0.000000    0.000000    0.000000    0.000000
  -3.77126   35.284948    4.613749    1.990281    2.623468   14.016057    0.000000    0.000000    0.000000    0.000000    0.000000    0.000000
  -3.76526   35.142295    4.616792    2.011827    2.604965   14.111243    0.000000    0.000000    0.000000    0.000000    0.000000    0.000000
  -3.75925   35.011264    4.624682    2.033504    2.591179   14.203842    0.000000    0.000000    0.000000    0.000000    0.000000    0.000000
  -3.75325   34.890823    4.636423    2.055061    2.581361   14.293153    0.000000    0.000000    0.000000    0.000000    0.000000    0.000000
  -3.74725   34.780737    4.650935    2.076341    2.574595   14.379022    0.000000    0.000000    0.000000    0.000000    0.000000    0.000000
  -3.74125   34.681571    4.667181    2.097293    2.569888   14.461841    0.000000    0.000000    0.000000    0.000000    0.000000    0.000000
  -3.73525   34.594559    4.684253    2.117988    2.566265   14.542479    0.000000    0.000000    0.000000    0.000000    0.000000    0.000000
  -3.72924   34.521391    4.701438    2.138602    2.562836   14.622170    0.000000    0.000000    0.000000    0.000000    0.000000    0.000000
  -3.72324   34.463973    4.718245    2.159401    2.558844   14.702360    0.000000    0.000000    0.000000    0.000000    0.000000    0.000000
  -3.71724   34.424213    4.734401    2.180704    2.553697   14.784540    0.000000    0.000000    0.000000    0.000000    0.000000    0.000000
  -3.71124   34.403877    4.749819    2.202844    2.546975   14.870079    0.000000    0.000000    0.000000    0.000000    0.000000    0.000000
  -3.70524   34.404535    4.764548    2.226124    2.538424   14.960071    0.000000    0.000000    0.000000    0.000000    0.000000    0.000000
  -3.69923   34.427593    4.778713    2.250772    2.527942   15.055206    0.000000    0.000000    0.000000    0.000000    0.000000    0.000000
  -3.69323   34.474391    4.792455    2.276907    2.515548   15.155664    0.000000    0.000000    0.000000    0.000000    0.000000    0.000000
  -3.68723   34.546334    4.805875    2.304515    2.501360   15.261060    0.000000    0.000000    0.000000    0.000000    0.000000    0.000000
  -3.68123   34.645000    4.819000    2.333440    2.485561   15.370413    0.000000    0.000000    0.000000    0.000000    0.000000    0.000000
  -3.67523   34.772189    4.831762    2.363391    2.468371   15.482178    0.000000    0.000000    0.000000    0.000000    0.000000    0.000000
  -3.66922   34.929878    4.843995    2.393967    2.450028   15.594309    0.000000    0.000000    0.000000    0.000000    0.000000    0.000000
  -3.66322   35.120053    4.855454    2.424693    2.430761   15.704380    0.000000    0.000000    0.000000    0.000000    0.000000    0.000000
  -3.65722   35.344419    4.865848    2.455065    2.410783   15.809741    0.000000    0.000000    0.000000    0.000000    0.000000    0.000000
  -3.65122   35.604015    4.874883    2.484599    2.390283   15.907709    0.000000    0.000000    0.000000    0.000000    0.000000    0.000000
  -3.64522   35.898769    4.882308    2.512884    2.369424   15.995780    0.000000    0.000000    0.000000    0.000000    0.000000    0.000000
  -3.63921   36.227047    4.887962    2.539616    2.348345   16.071850    0.000000    0.000000    0.000000    0.000000    0.000000    0.000000
  -3.63321   36.585287    4.891814    2.564638    2.327176   16.134422    0.000000    0.000000    0.000000    0.000000    0.000000    0.000000
  -3.62721   36.967760    4.893986    2.587951    2.306035   16.182786    0.000000    0.000000    0.000000    0.000000    0.000000    0.000000
  -3.62121   37.366555    4.894771    2.609729    2.285043   16.217152    0.000000    0.000000    0.000000    0.000000    0.000000    0.000000
  -3.61521   37.771814    4.894623    2.630301    2.264322   16.238729    0.000000    0.000000    0.000000    0.000000    0.000000    0.000000
  -3.60920   38.172232    4.894140    2.650139    2.244001   16.249732    0.000000    0.000000    0.000000    0.000000    0.000000    0.000000
  -3.60320   38.555806    4.894034    2.669825    2.224208   16.253308    0.000000    0.000000    0.000000    0.000000    0.000000    0.000000
  -3.59720   38.910758    4.895080    2.690007    2.205073   16.253393    0.000000    0.000000    0.000000    0.000000    0.000000    0.000000
  -3.59120   39.226532    4.898076    2.711357    2.186719   16.254494    0.000000    0.000000    0.000000    0.000000    0.000000    0.000000
  -3.58520   39.494755    4.903779    2.734513    2.169265   16.261401    0.000000    0.000000    0.000000    0.000000    0.000000    0.000000
  -3.57919   39.710024    4.912851    2.760029    2.152822   16.278862    0.000000    0.000000    0.000000    0.000000    0.000000    0.000000
  -3.57319   39.870420    4.925811    2.788316    2.137494   16.311237    0.000000    0.000000    0.000000    0.000000    0.000000    0.000000
  -3.56719   39.977700    4.942980    2.819600    2.123380   16.362158    0.000000    0.000000    0.000000    0.000000    0.000000    0.000000
  -3.56119   40.037133    4.964448    2.853881    2.110567   16.434246    0.000000    0.000000    0.000000    0.000000    0.000000    0.000000
  -3.55519   40.057035    4.990046    2.890915    2.099132   16.528899    0.000000    0.000000    0.000000    0.000000    0.000000    0.000000
  -3.54918   40.048090    5.019339    2.930211    2.089128   16.646198    0.000000    0.000000    0.000000    0.000000    0.000000    0.000000
  -3.54318   40.022570    5.051636    2.971061    2.080575   16.784938    0.000000    0.000000    0.000000    0.000000    0.000000    0.000000
  -3.53718   39.993558    5.086027    3.012587    2.073441   16.942791    0.000000    0.000000    0.000000    0.000000    0.000000    0.000000
  -3.53118   39.974289    5.121439    3.053807    2.067632   17.116578    0.000000    0.000000    0.000000    0.000000    0.000000    0.000000
  -3.52518   39.977655    5.156708    3.093726    2.062982   17.302619    0.000000    0.000000    0.000000    0.000000    0.000000    0.000000
  -3.51917   40.015881    5.190666    3.131423    2.059243   17.497119    0.000000    0.000000    0.000000    0.000000    0.000000    0.000000
  -3.51317   40.100345    5.222236    3.166138    2.056098   17.696525    0.000000    0.000000    0.000000    0.000000    0.000000    0.000000
  -3.50717   40.241481    5.250517    3.197347    2.053170   17.897810    0.000000    0.000000    0.000000    0.000000    0.000000    0.000000
  -3.50117   40.448666    5.274854    3.224807    2.050046   18.098650    0.000000    0.000000    0.000000    0.000000    0.000000    0.000000
  -3.49517   40.730039    5.294886    3.248573    2.046313   18.297469    0.000000    0.000000    0.000000    0.000000    0.000000    0.000000
  -3.48916   41.092188    5.310570    3.268987    2.041583   18.493353    0.000000    0.000000    0.000000    0.000000    0.000000    0.000000
  -3.48316   41.539694    5.322160    3.286626    2.035534   18.685872    0.000000    0.000000    0.000000    0.000000    0.000000    0.000000
  -3.47716   42.074560    5.330171    3.302239    2.027931   18.874833    0.000000    0.000000    0.000000    0.000000    0.000000    0.000000
  -3.47116   42.695575    5.335306    3.316655    2.018651   19.060028    0.000000    0.000000    0.000000    0.000000    0.000000    0.000000
  -3.46516   43.397707    5.338378    3.330692    2.007686   19.241019    0.000000    0.000000    0.000000    0.000000    0.000000    0.000000
  -3.45915   44.171625    5.340213    3.345075    1.995138   19.417001    0.000000    0.000000    0.000000    0.000000    0.000000    0.000000
  -3.45315   45.003443    5.341571    3.360366    1.981205   19.586776    0.000000    0.000000    0.000000    0.000000    0.000000    0.000000
  -3.44715   45.874784    5.343073    3.376917    1.966156   19.748822    0.000000    0.000000    0.000000    0.000000    0.000000    0.000000
  -3.44115   46.763219    5.345159    3.394859    1.950301   19.901468    0.000000    0.000000    0.000000    0.000000    0.000000    0.000000
  -3.43515   47.643110    5.348071    3.414109    1.933962   20.043128    0.000000    0.000000    0.000000    0.000000    0.000000    0.000000
  -3.42914   48.486849    5.351865    3.434415    1.917450   20.172563    0.000000    0.000000    0.000000    0.000000    0.000000    0.000000
  -3.42314   49.266416    5.356451    3.455408    1.901043   20.289116    0.000000    0.000000    0.000000    0.000000    0.000000    0.000000
  -3.41714   49.955154    5.361651    3.476677    1.884974   20.392909    0.000000    0.000000    0.000000    0.000000    0.000000    0.000000
  -3.41114   50.529617    5.367265    3.497831    1.869434   20.484930    0.000000    0.000000    0.000000    0.000000    0.000000    0.000000
  -3.40514   50.971298    5.373139    3.518570    1.854570   20.567042    0.000000    0.000000    0.000000    0.000000    0.000000    0.000000
  -3.39913   51.268073    5.379215    3.538718    1.840497   20.641866    0.000000    0.000000    0.000000    0.000000    0.000000    0.000000
  -3.39313   51.415177    5.385561    3.558258    1.827303   20.712591    0.000000    0.000000    0.000000    0.000000    0.000000    0.000000
  -3.38713   51.415611    5.392383    3.577322    1.815061   20.782715    0.000000    0.000000    0.000000    0.000000    0.000000    0.000000
  -3.38113   51.279899    5.400001    3.596172    1.803828   20.855756    0.000000    0.000000    0.000000    0.000000    0.000000    0.000000
  -3.37513   51.025218    5.408814    3.615165    1.793649   20.934978    0.000000    0.000000    0.000000    0.000000    0.000000    0.000000
  -3.36912   50.673997    5.419248    3.634698    1.784550   21.023156    0.000000    0.000000    0.000000    0.000000    0.000000    0.000000
  -3.36312   50.252129    5.431696    3.655161    1.776535   21.122419    0.000000    0.000000    0.000000    0.000000    0.000000    0.000000
  -3.35712   49.786996    5.446471    3.676892    1.769579   21.234169    0.000000    0.000000    0.000000    0.000000    0.000000    0.000000
  -3.35112   49.305517    5.463767    3.700148    1.763620   21.359086    0.000000    0.000000    0.000000    0.000000    0.000000    0.000000
  -3.34512   48.832414    5.483642    3.725080    1.758562   21.497197    0.000000    0.000000    0.000000    0.000000    0.000000    0.000000
  -3.33911   48.388830    5.506012    3.751737    1.754275   21.647986    0.000000    0.000000    0.000000    0.000000    0.000000    0.000000
  -3.33311   47.991410    5.530666    3.780071    1.750595   21.810512    0.000000    0.000000    0.000000    0.000000    0.000000    0.000000
  -3.32711   47.651845    5.557292    3.809954    1.747338   21.983509    0.000000    0.000000    0.000000    0.000000    0.000000    0.000000
  -3.32111   47.376853    5.585501    3.841194    1.744306   22.165442    0.000000    0.000000    0.000000    0.000000    0.000000    0.000000
  -3.31511   47.168521    5.614848    3.873549    1.741299   22.354514    0.000000    0.000000    0.000000    0.000000    0.000000    0.000000
  -3.30910   47.024887    5.644854    3.906732    1.738123   22.548633    0.000000    0.000000    0.000000    0.000000    0.000000    0.000000
  -3.30310   46.940671    5.675015    3.940413    1.734602   22.745352    0.000000    0.000000    0.000000    0.000000    0.000000    0.000000
  -3.29710   46.908053    5.704801    3.974213    1.730588   22.941811    0.000000    0.000000    0.000000    0.000000    0.000000    0.000000
  -3.29110   46.917428    5.733660    4.007696    1.725964   23.134714    0.000000    0.000000    0.000000    0.000000    0.000000    0.000000
  -3.28510   46.958100    5.761023    4.040369    1.720654   23.320366    0.000000    0.000000    0.000000    0.000000    0.000000    0.000000
  -3.27909   47.018899    5.786311    4.071689    1.714623   23.494776    0.000000    0.000000    0.000000    0.000000    0.000000    0.000000
  -3.27309   47.088715    5.808959    4.101082    1.707878   23.653844    0.000000    0.000000    0.000000    0.000000    0.000000    0.000000
  -3.26709   47.156969    5.828444    4.127975    1.700470   23.793601    0.000000    0.000000    0.000000    0.000000    0.000000    0.000000
  -3.26109   47.214020    5.844323    4.151837    1.692487   23.910491    0.000000    0.000000    0.000000    0.000000    0.000000    0.000000
  -3.25509   47.251517    5.856276    4.172224    1.684051   24.001647    0.000000    0.000000    0.000000    0.000000    0.000000    0.000000
  -3.24908   47.262704    5.864138    4.188825    1.675313   24.065145    0.000000    0.000000    0.000000    0.000000    0.000000    0.000000
  -3.24308   47.242637    5.867932    4.201489    1.666443   24.100184    0.000000    0.000000    0.000000    0.000000    0.000000    0.000000
  -3.23708   47.188342    5.867877    4.210252    1.657625   24.107188    0.000000    0.000000    0.000000    0.000000    0.000000    0.000000
  -3.23108   47.098862    5.864385    4.215332    1.649053   24.087810    0.000000    0.000000    0.000000    0.000000    0.000000    0.000000
  -3.22508   46.975211    5.858036    4.217109    1.640927   24.044842    0.000000    0.000000    0.000000    0.000000    0.000000    0.000000
  -3.21907   46.820221    5.849537    4.216093    1.633444   23.982042    0.000000    0.000000    0.000000    0.000000    0.000000    0.000000
  -3.21307   46.638300    5.839681    4.212878    1.626803   23.903914    0.000000    0.000000    0.000000    0.000000    0.000000    0.000000
  -3.20707   46.435116    5.829290    4.208093    1.621197   23.815445    0.000000    0.000000    0.000000    0.000000    0.000000    0.000000
  -3.20107   46.217233    5.819168    4.202358    1.616809   23.721853    0.000000    0.000000    0.000000    0.000000    0.000000    0.000000
  -3.19507   45.991734    5.810062    4.196251    1.613811   23.628344    0.000000    0.000000    0.000000    0.000000    0.000000    0.000000
  -3.18906   45.765848    5.802639    4.190284    1.612354   23.539907    0.000000    0.000000    0.000000    0.000000    0.000000    0.000000
  -3.18306   45.546614    5.797466    4.184904    1.612562   23.461153    0.000000    0.000000    0.000000    0.000000    0.000000    0.000000
  -3.17706   45.340580    5.795015    4.180492    1.614523   23.396186    0.000000    0.000000    0.000000    0.000000    0.000000    0.000000
  -3.17106   45.153551    5.795664    4.177384    1.618280   23.348506    0.000000    0.000000    0.000000    0.000000    0.000000    0.000000
  -3.16506   44.990369    5.799706    4.175882    1.623823   23.320921    0.000000    0.000000    0.000000    0.000000    0.000000    0.000000
  -3.15905   44.854719    5.807349    4.176268    1.631081   23.315459    0.000000    0.000000    0.000000    0.000000    0.000000    0.000000
  -3.15305   44.748955    5.818722    4.178805    1.639917   23.333277    0.000000    0.000000    0.000000    0.000000    0.000000    0.000000
  -3.14705   44.673933    5.833857    4.183734    1.650124   23.374554    0.000000    0.000000    0.000000    0.000000    0.000000    0.000000
  -3.14105   44.628875    5.852680    4.191249    1.661431   23.438402    0.000000    0.000000    0.000000    0.000000    0.000000    0.000000
  -3.13505   44.611277    5.874985    4.201480    1.673506   23.522794    0.000000    0.000000    0.000000    0.000000    0.000000    0.000000
  -3.12904   44.616898    5.900429    4.214462    1.685966   23.624562    0.000000    0.000000    0.000000    0.000000    0.000000    0.000000
  -3.12304   44.639860    5.928519    4.230122    1.698397   23.739461    0.000000    0.000000    0.000000    0.000000    0.000000    0.000000
  -3.11704   44.672901    5.958625    4.248261    1.710364   23.862352    0.000000    0.000000    0.000000    0.000000    0.000000    0.000000
  -3.11104   44.707767    5.990008    4.268568    1.721440   23.987478    0.000000    0.000000    0.000000    0.000000    0.000000    0.000000
  -3.10504   44.735755    6.021855    4.290635    1.731220   24.108847    0.000000    0.000000    0.000000    0.000000    0.000000    0.000000
  -3.09903   44.748345    6.053340    4.313994    1.739346   24.220657    0.000000    0.000000    0.000000    0.000000    0.000000    0.000000
  -3.09303   44.737856    6.083675    4.338157    1.745517   24.317743    0.000000    0.000000    0.000000    0.000000    0.000000    0.000000
  -3.08703   44.698038    6.112166    4.362660    1.749506   24.395967    0.000000    0.000000    0.000000    0.000000    0.000000    0.000000
  -3.08103   44.624523    6.138257    4.387098    1.751159   24.452496    0.000000    0.000000    0.000000    0.000000    0.000000    0.000000
  -3.07503   44.515048    6.161543    4.411150    1.750393   24.485940    0.000000    0.000000    0.000000    0.000000    0.000000    0.000000
  -3.06902   44.369422    6.181780    4.434586    1.747194   24.496308    0.000000    0.000000    0.000000    0.000000    0.000000    0.000000
  -3.06302   44.189249    6.198852    4.457255    1.741598   24.484810    0.000000    0.000000    0.000000    0.000000    0.000000    0.000000
  -3.05702   43.977437    6.212740    4.479055    1.733685   24.453519    0.000000    0.000000    0.000000    0.000000    0.000000    0.000000
  -3.05102   43.737593    6.223464    4.499900    1.723564   24.404972    0.000000    0.000000    0.000000    0.000000    0.000000    0.000000
  -3.04502   43.473408    6.231037    4.519673    1.711363   24.341758    0.000000    0.000000    0.000000    0.000000    0.000000    0.000000
  -3.03901   43.188137    6.235420    4.538193    1.697227   24.266171    0.000000    0.000000    0.000000    0.000000    0.000000    0.000000
  -3.03301   42.884264    6.236499    4.555188    1.681312   24.179974    0.000000    0.000000    0.000000    0.000000    0.000000    0.000000
  -3.02701   42.563412    6.234075    4.570284    1.663790   24.084316    0.000000    0.000000    0.000000    0.000000    0.000000    0.000000
  -3.02101   42.226503    6.227882    4.583026    1.644856   23.979788    0.000000    0.000000    0.000000    0.000000    0.000000    0.000000
  -3.01501   41.874139    6.217630    4.592904    1.624725   23.866622    0.000000    0.000000    0.000000    0.000000    0.000000    0.000000
  -3.00900   41.507135    6.203050    4.599408    1.603642   23.744968    0.000000    0.000000    0.000000    0.000000    0.000000    0.000000
  -3.00300   41.127111    6.183964    4.602088    1.581876   23.615217    0.000000    0.000000    0.000000    0.000000    0.000000    0.000000
  -2.99700   40.737039    6.160340    4.600621    1.559719   23.478298    0.000000    0.000000    0.000000    0.000000    0.000000    0.000000
  -2.99100   40.341668    6.132350    4.594871    1.537479   23.335916    0.000000    0.000000    0.000000    0.000000    0.000000    0.000000
  -2.98499   39.947730    6.100402    4.584937    1.515464   23.190678    0.000000    0.000000    0.000000    0.000000    0.000000    0.000000
  -2.97899   39.563920    6.065157    4.571182    1.493975   23.046101    0.000000    0.000000    0.000000    0.000000    0.000000    0.000000
  -2.97299   39.200600    6.027520    4.554232    1.473288   22.906486    0.000000    0.000000    0.000000    0.000000    0.000000    0.000000
  -2.96699   38.869271    5.988602    4.534957    1.453645   22.776671    0.000000    0.000000    0.000000    0.000000    0.000000    0.000000
  -2.96099   38.581838    5.949656    4.514415    1.435242   22.661698    0.000000    0.000000    0.000000    0.000000    0.000000    0.000000
  -2.95498   38.349744    5.912006    4.493784    1.418222   22.566404    0.000000    0.000000    0.000000    0.000000    0.000000    0.000000
  -2.94898   38.183031    5.876946    4.474273    1.402673   22.495002    0.000000    0.000000    0.000000    0.000000    0.000000    0.000000
  -2.94298   38.089432    5.845655    4.457032    1.388623   22.450676    0.000000    0.000000    0.000000    0.000000    0.000000    0.000000
  -2.93698   38.073565    5.819106    4.443060    1.376046   22.435254    0.000000    0.000000    0.000000    0.000000    0.000000    0.000000
  -2.93098   38.136335    5.797998    4.433133    1.364865   22.448976    0.000000    0.000000    0.000000    0.000000    0.000000    0.000000
  -2.92497   38.274599    5.782713    4.427748    1.354965   22.490420    0.000000    0.000000    0.000000    0.000000    0.000000    0.000000
  -2.91897   38.481169    5.773302    4.427101    1.346200   22.556572    0.000000    0.000000    0.000000    0.000000    0.000000    0.000000
  -2.91297   38.745181    5.769506    4.431092    1.338414   22.643073    0.000000    0.000000    0.000000    0.000000    0.000000    0.000000
  -2.90697   39.052822    5.770807    4.439356    1.331451   22.744609    0.000000    0.000000    0.000000    0.000000    0.000000    0.000000
  -2.90097   39.388380    5.776507    4.451329    1.325178   22.855414    0.000000    0.000000    0.000000    0.000000    0.000000    0.000000
  -2.89496   39.735544    5.785824    4.466322    1.319501   22.969839    0.000000    0.000000    0.000000    0.000000    0.000000    0.000000
  -2.88896   40.078828    5.797994    4.483610    1.314383   23.082922    0.000000    0.000000    0.000000    0.000000    0.000000    0.000000
  -2.88296   40.404999    5.812372    4.502519    1.309852   23.190897    0.000000    0.000000    0.000000    0.000000    0.000000    0.000000
  -2.87696   40.704350    5.828514    4.522504    1.306010   23.291586    0.000000    0.000000    0.000000    0.000000    0.000000    0.000000
  -2.87096   40.971690    5.846239    4.543209    1.303030   23.384625    0.000000    0.000000    0.000000    0.000000    0.000000    0.000000
  -2.86495   41.206925    5.865652    4.564508    1.301145   23.471505    0.000000    0.000000    0.000000    0.000000    0.000000    0.000000
  -2.85895   41.415157    5.887140    4.586511    1.300629   23.555407    0.000000    0.000000    0.000000    0.000000    0.000000    0.000000
  -2.85295   41.606269    5.911330    4.609555    1.301775   23.640865    0.000000    0.000000    0.000000    0.000000    0.000000    0.000000
  -2.84695   41.794003    5.939014    4.634158    1.304856   23.733265    0.000000    0.000000    0.000000    0.000000    0.000000    0.000000
  -2.84095   41.994625    5.971050    4.660954    1.310096   23.838253    0.000000    0.000000    0.000000    0.000000    0.000000    0.000000
  -2.83494   42.225274    6.008248    4.690613    1.317634   23.961087    0.000000    0.000000    0.000000    0.000000    0.000000    0.000000
  -2.82894   42.502164    6.051246    4.723750    1.327496   24.106005    0.000000    0.000000    0.000000    0.000000    0.000000    0.000000
  -2.82294   42.838816    6.100399    4.760825    1.339575   24.275669    0.000000    0.000000    0.000000    0.000000    0.000000    0.000000
  -2.81694   43.244498    6.155683    4.802066    1.353617   24.470741    0.000000    0.000000    0.000000    0.000000    0.000000    0.000000
  -2.81094   43.723061    6.216634    4.847402    1.369232   24.689645    0.000000    0.000000    0.000000    0.000000    0.000000    0.000000
  -2.80493   44.272292    6.282331    4.896428    1.385902   24.928541    0.000000    0.000000    0.000000    0.000000    0.000000    0.000000
  -2.79893   44.883904    6.351427    4.948408    1.403020   25.181539    0.000000    0.000000    0.000000    0.000000    0.000000    0.000000
  -2.79293   45.544173    6.422241    5.002317    1.419924   25.441147    0.000000    0.000000    0.000000    0.000000    0.000000    0.000000
  -2.78693   46.235194    6.492885    5.056931    1.435954   25.698915    0.000000    0.000000    0.000000    0.000000    0.000000    0.000000
  -2.78093   46.936648    6.561440    5.110939    1.450501   25.946229    0.000000    0.000000    0.000000    0.000000    0.000000    0.000000
  -2.77492   47.627895    6.626148    5.163089    1.463058   26.175170    0.000000    0.000000    0.000000    0.000000    0.000000    0.000000
  -2.76892   48.290174    6.685594    5.212328    1.473266   26.379349    0.000000    0.000000    0.000000    0.000000    0.000000    0.000000
  -2.76292   48.908663    6.738877    5.257936    1.480941   26.554616    0.000000    0.000000    0.000000    0.000000    0.000000    0.000000
  -2.75692   49.474155    6.785716    5.299624    1.486091   26.699548    0.000000    0.000000    0.000000    0.000000    0.000000    0.000000
  -2.75092   49.984141    6.826500    5.337591    1.488909   26.815659    0.000000    0.000000    0.000000    0.000000    0.000000    0.000000
  -2.74491   50.443159    6.862259    5.372512    1.489747   26.907281    0.000000    0.000000    0.000000    0.000000    0.000000    0.000000
  -2.73891   50.862363    6.894561    5.405482    1.489079   26.981136    0.000000    0.000000    0.000000    0.000000    0.000000    0.000000
  -2.73291   51.258325    6.925339    5.437895    1.487444   27.045636    0.000000    0.000000    0.000000    0.000000    0.000000    0.000000
  -2.72691   51.651224    6.956679    5.471289    1.485390   27.109992    0.000000    0.000000    0.000000    0.000000    0.000000    0.000000
  -2.72091   52.062603    6.990590    5.507176    1.483413   27.183254    0.000000    0.000000    0.000000    0.000000    0.000000    0.000000
  -2.71490   52.512958    7.028777    5.546864    1.481913   27.273383    0.000000    0.000000    0.000000    0.000000    0.000000    0.000000
  -2.70890   53.019413    7.072466    5.591310    1.481155   27.386476    0.000000    0.000000    0.000000    0.000000    0.000000    0.000000
  -2.70290   53.593756    7.122277    5.641020    1.481258   27.526221    0.000000    0.000000    0.000000    0.000000    0.000000    0.000000
  -2.69690   54.241019    7.178185    5.695990    1.482195   27.693647    0.000000    0.000000    0.000000    0.000000    0.000000    0.000000
  -2.69090   54.958764    7.239546    5.755726    1.483819   27.887169    0.000000    0.000000    0.000000    0.000000    0.000000    0.000000
  -2.68489   55.737125    7.305207    5.819305    1.485902   28.102909    0.000000    0.000000    0.000000    0.000000    0.000000    0.000000
  -2.67889   56.559590    7.373669    5.885491    1.488178   28.335238    0.000000    0.000000    0.000000    0.000000    0.000000    0.000000
  -2.67289   57.404436    7.443275    5.952882    1.490393   28.577461    0.000000    0.000000    0.000000    0.000000    0.000000    0.000000
  -2.66689   58.246626    7.512419    6.020065    1.492354   28.822548    0.000000    0.000000    0.000000    0.000000    0.000000    0.000000
  -2.66089   59.059995    7.579727    6.085772    1.493954   29.063850    0.000000    0.000000    0.000000    0.000000    0.000000    0.000000
  -2.65488   59.819480    7.644202    6.149002    1.495200   29.295698    0.000000    0.000000    0.000000    0.000000    0.000000    0.000000
  -2.64888   60.503165    7.705321    6.209115    1.496206   29.513863    0.000000    0.000000    0.000000    0.000000    0.000000    0.000000
  -2.64288   61.093956    7.763064    6.265880    1.497184   29.715830    0.000000    0.000000    0.000000    0.000000    0.000000    0.000000
  -2.63688   61.580717    7.817889    6.319476    1.498413   29.900880    0.000000    0.000000    0.000000    0.000000    0.000000    0.000000
  -2.63088   61.958786    7.870656    6.370457    1.500199   30.069997    0.000000    0.000000    0.000000    0.000000    0.000000    0.000000
  -2.62487   62.229847    7.922516    6.419681    1.502835   30.225622    0.000000    0.000000    0.000000    0.000000    0.000000    0.000000
  -2.61887   62.401206    7.974780    6.468223    1.506557   30.371292    0.000000    0.000000    0.000000    0.000000    0.000000    0.000000
  -2.61287   62.484588    8.028787    6.517277    1.511510   30.511208    0.000000    0.000000    0.000000    0.000000    0.000000    0.000000
  -2.60687   62.494626    8.085785    6.568064    1.517721   30.649774    0.000000    0.000000    0.000000    0.000000    0.000000    0.000000
  -2.60087   62.447221    8.146836    6.621745    1.525091   30.791163    0.000000    0.000000    0.000000    0.000000    0.000000    0.000000
  -2.59486   62.357974    8.212752    6.679358    1.533394   30.938923    0.000000    0.000000    0.000000    0.000000    0.000000    0.000000
  -2.58886   62.240860    8.284062    6.741767    1.542296   31.095682    0.000000    0.000000    0.000000    0.000000    0.000000    0.000000
  -2.58286   62.107261    8.361005    6.809625    1.551379   31.262947    0.000000    0.000000    0.000000    0.000000    0.000000    0.000000
  -2.57686   61.965432    8.443536    6.883354    1.560182   31.441028    0.000000    0.000000    0.000000    0.000000    0.000000    0.000000
  -2.57086   61.820391    8.531352    6.963119    1.568233   31.629055    0.000000    0.000000    0.000000    0.000000    0.000000    0.000000
  -2.56485   61.674193    8.623907    7.048815    1.575091   31.825098    0.000000    0.000000    0.000000    0.000000    0.000000    0.000000
  -2.55885   61.526482    8.720423    7.140047    1.580377   32.026363    0.000000    0.000000    0.000000    0.000000    0.000000    0.000000
  -2.55285   61.375214    8.819902    7.236108    1.583795   32.229427    0.000000    0.000000    0.000000    0.000000    0.000000    0.000000
  -2.54685   61.217427    8.921120    7.335974    1.585146   32.430516    0.000000    0.000000    0.000000    0.000000    0.000000    0.000000
  -2.54085   61.049967    9.022640    7.438307    1.584332   32.625784    0.000000    0.000000    0.000000    0.000000    0.000000    0.000000
  -2.53484   60.870107    9.122831    7.541486    1.581344   32.811597    0.000000    0.000000    0.000000    0.000000    0.000000    0.000000
  -2.52884   60.676009    9.219922    7.643674    1.576248   32.984806    0.000000    0.000000    0.000000    0.000000    0.000000    0.000000
  -2.52284   60.467041    9.312088    7.742921    1.569168   33.143006    0.000000    0.000000    0.000000    0.000000    0.000000    0.000000
  -2.51684   60.243938    9.397570    7.837307    1.560263   33.284756    0.000000    0.000000    0.000000    0.000000    0.000000    0.000000
  -2.51084   60.008843    9.474829    7.925110    1.549720   33.409762    0.000000    0.000000    0.000000    0.000000    0.000000    0.000000
  -2.50483   59.765218    9.542713    8.004976    1.537737   33.518982    0.000000    0.000000    0.000000    0.000000    0.000000    0.000000
  -2.49883   59.517661    9.600611    8.076088    1.524523   33.614649    0.000000    0.000000    0.000000    0.000000    0.000000    0.000000
  -2.49283   59.271611    9.648579    8.138277    1.510302   33.700167    0.000000    0.000000    0.000000    0.000000    0.000000    0.000000
  -2.48683   59.032967    9.687405    8.192089    1.495316   33.779894    0.000000    0.000000    0.000000    0.000000    0.000000    0.000000
  -2.48083   58.807637    9.718596    8.238762    1.479834   33.858807    0.000000    0.000000    0.000000    0.000000    0.000000    0.000000
  -2.47482   58.601064    9.744287    8.280131    1.464156   33.942077    0.000000    0.000000    0.000000    0.000000    0.000000    0.000000
  -2.46882   58.417766    9.767074    8.318457    1.448616   34.034605    0.000000    0.000000    0.000000    0.000000    0.000000    0.000000
  -2.46282   58.260973    9.789782    8.356204    1.433578   34.140570    0.000000    0.000000    0.000000    0.000000    0.000000    0.000000
  -2.45682   58.132396    9.815211    8.395788    1.419422   34.263041    0.000000    0.000000    0.000000    0.000000    0.000000    0.000000
  -2.45082   58.032178    9.845876    8.439341    1.406535   34.403720    0.000000    0.000000    0.000000    0.000000    0.000000    0.000000
  -2.44481   57.959038    9.883785    8.488501    1.395284   34.562831    0.000000    0.000000    0.000000    0.000000    0.000000    0.000000
  -2.43881   57.910575    9.930274    8.544276    1.385998   34.739167    0.000000    0.000000    0.000000    0.000000    0.000000    0.000000
  -2.43281   57.883690    9.985927    8.606980    1.378947   34.930288    0.000000    0.000000    0.000000    0.000000    0.000000    0.000000
  -2.42681   57.875044   10.050573    8.676254    1.374319   35.132823    0.000000    0.000000    0.000000    0.000000    0.000000    0.000000
  -2.42081   57.881473   10.123373    8.751163    1.372210   35.342832    0.000000    0.000000    0.000000    0.000000    0.000000    0.000000
  -2.41480   57.900308   10.202966    8.830353    1.372612   35.556181    0.000000    0.000000    0.000000    0.000000    0.000000    0.000000
  -2.40880   57.929536   10.287653    8.912237    1.375416   35.768873    0.000000    0.000000    0.000000    0.000000    0.000000    0.000000
  -2.40280   57.967802   10.375605    8.995192    1.380413   35.977304    0.000000    0.000000    0.000000    0.000000    0.000000    0.000000
  -2.39680   58.014270   10.465043    9.077733    1.387309   36.178428    0.000000    0.000000    0.000000    0.000000    0.000000    0.000000
  -2.39080   58.068387   10.554390    9.158647    1.395743   36.369823    0.000000    0.000000    0.000000    0.000000    0.000000    0.000000
  -2.38479   58.129602   10.642367    9.237064    1.405303   36.549665    0.000000    0.000000    0.000000    0.000000    0.000000    0.000000
  -2.37879   58.197107   10.728021    9.312474    1.415547   36.716650    0.000000    0.000000    0.000000    0.000000    0.000000    0.000000
  -2.37279   58.269659   10.810703    9.384675    1.426028   36.869865    0.000000    0.000000    0.000000    0.000000    0.000000    0.000000
  -2.36679   58.345501   10.889992    9.453684    1.436308   37.008666    0.000000    0.000000    0.000000    0.000000    0.000000    0.000000
  -2.36079   58.422415   10.965589    9.519610    1.445979   37.132572    0.000000    0.000000    0.000000    0.000000    0.000000    0.000000
  -2.35478   58.497885   11.037205    9.582532    1.454673   37.241206    0.000000    0.000000    0.000000    0.000000    0.000000    0.000000
  -2.34878   58.569359   11.104462    9.642384    1.462078   37.334287    0.000000    0.000000    0.000000    0.000000    0.000000    0.000000
  -2.34278   58.634544   11.166826    9.698881    1.467945   37.411676    0.000000    0.000000    0.000000    0.000000    0.000000    0.000000
  -2.33678   58.691724   11.223583    9.751487    1.472096   37.473473    0.000000    0.000000    0.000000    0.000000    0.000000    0.000000
  -2.33078   58.740015   11.273859    9.799434    1.474425   37.520133    0.000000    0.000000    0.000000    0.000000    0.000000    0.000000
  -2.32477   58.779548   11.316692    9.841789    1.474903   37.552586    0.000000    0.000000    0.000000    0.000000    0.000000    0.000000
  -2.31877   58.811554   11.351129    9.877559    1.473569   37.572344    0.000000    0.000000    0.000000    0.000000    0.000000    0.000000
  -2.31277   58.838326   11.376344    9.905818    1.470526   37.581561    0.000000    0.000000    0.000000    0.000000    0.000000    0.000000
  -2.30677   58.863102   11.391762    9.925836    1.465926   37.583059    0.000000    0.000000    0.000000    0.000000    0.000000    0.000000
  -2.30077   58.889877   11.397164    9.937201    1.459963   37.580297    0.000000    0.000000    0.000000    0.000000    0.000000    0.000000
  -2.29476   58.923190   11.392766    9.939913    1.452853   37.577310    0.000000    0.000000    0.000000    0.000000    0.000000    0.000000
  -2.28876   58.967924   11.379265    9.934439    1.444826   37.578616    0.000000    0.000000    0.000000    0.000000    0.000000    0.000000
  -2.28276   59.029150   11.357845    9.921729    1.436116   37.589113    0.000000    0.000000    0.000000    0.000000    0.000000    0.000000
  -2.27676   59.112022   11.330144    9.903187    1.426957   37.613970    0.000000    0.000000    0.000000    0.000000    0.000000    0.000000
  -2.27076   59.221724   11.298182    9.880601    1.417582   37.658507    0.000000    0.000000    0.000000    0.000000    0.000000    0.000000
  -2.26475   59.363432   11.264267    9.856043    1.408224   37.728072    0.000000    0.000000    0.000000    0.000000    0.000000    0.000000
  -2.25875   59.542265   11.230864    9.831744    1.399120   37.827877    0.000000    0.000000    0.000000    0.000000    0.000000    0.000000
  -2.25275   59.763162   11.200466    9.809952    1.390513   37.962805    0.000000    0.000000    0.000000    0.000000    0.000000    0.000000
  -2.24675   60.030678   11.175444    9.792798    1.382646   38.137163    0.000000    0.000000    0.000000    0.000000    0.000000    0.000000
  -2.24075   60.348671   11.157917    9.782161    1.375756   38.354388    0.000000    0.000000    0.000000    0.000000    0.000000    0.000000
  -2.23474   60.719899   11.149622    9.779562    1.370061   38.616724    0.000000    0.000000    0.000000    0.000000    0.000000    0.000000
  -2.22874   61.145566   11.151821    9.786080    1.365741   38.924910    0.000000    0.000000    0.000000    0.000000    0.000000    0.000000
  -2.22274   61.624891   11.165230    9.802306    1.362924   39.277903    0.000000    0.000000    0.000000    0.000000    0.000000    0.000000
  -2.21674   62.154759   11.190000    9.828331    1.361669   39.672696    0.000000    0.000000    0.000000    0.000000    0.000000    0.000000
  -2.21074   62.729523   11.225721    9.863765    1.361956   40.104267    0.000000    0.000000    0.000000    0.000000    0.000000    0.000000
  -2.20473   63.341006   11.271482    9.907798    1.363684   40.565688    0.000000    0.000000    0.000000    0.000000    0.000000    0.000000
  -2.19873   63.978720   11.325950    9.959272    1.366679   41.048395    0.000000    0.000000    0.000000    0.000000    0.000000    0.000000
  -2.19273   64.630286   11.387482   10.016776    1.370707   41.542610    0.000000    0.000000    0.000000    0.000000    0.000000    0.000000
  -2.18673   65.282003   11.454243   10.078751    1.375492   42.037882    0.000000    0.000000    0.000000    0.000000    0.000000    0.000000
  -2.18073   65.919516   11.524325   10.143587    1.380739   42.523692    0.000000    0.000000    0.000000    0.000000    0.000000    0.000000
  -2.17472   66.528504   11.595863   10.209710    1.386153   42.990068    0.000000    0.000000    0.000000    0.000000    0.000000    0.000000
  -2.16872   67.095315   11.667117   10.275662    1.391455   43.428151    0.000000    0.000000    0.000000    0.000000    0.000000    0.000000
  -2.16272   67.607518   11.736547   10.340154    1.396393   43.830659    0.000000    0.000000    0.000000    0.000000    0.000000    0.000000
  -2.15672   68.054332   11.802850   10.402104    1.400746   44.192230    0.000000    0.000000    0.000000    0.000000    0.000000    0.000000
  -2.15072   68.426949   11.864981   10.460659    1.404323   44.509605    0.000000    0.000000    0.000000    0.000000    0.000000    0.000000
  -2.14471   68.718746   11.922161   10.515198    1.406963   44.781675    0.000000    0.000000    0.000000    0.000000    0.000000    0.000000
  -2.13871   68.925448   11.973862   10.565333    1.408529   45.009395    0.000000    0.000000    0.000000    0.000000    0.000000    0.000000
  -2.13271   69.045243   12.019807   10.610898    1.408909   45.195605    0.000000    0.000000    0.000000    0.000000    0.000000    0.000000
  -2.12671   69.078892   12.059956   10.651941    1.408015   45.344780    0.000000    0.000000    0.000000    0.000000    0.000000    0.000000
  -2.12071   69.029820   12.094513   10.688720    1.405793   45.462753    0.000000    0.000000    0.000000    0.000000    0.000000    0.000000
  -2.11470   68.904174   12.123929   10.721704    1.402225   45.556420    0.000000    0.000000    0.000000    0.000000    0.000000    0.000000
  -2.10870   68.710820   12.148916   10.751574    1.397342   45.633460    0.000000    0.000000    0.000000    0.000000    0.000000    0.000000
  -2.10270   68.461218   12.170453   10.779226    1.391227   45.702049    0.000000    0.000000    0.000000    0.000000    0.000000    0.000000
  -2.09670   68.169135   12.189785   10.805765    1.384019   45.770568    0.000000    0.000000    0.000000    0.000000    0.000000    0.000000
  -2.09070   67.850167   12.208399   10.832494    1.375905   45.847301    0.000000    0.000000    0.000000    0.000000    0.000000    0.000000
  -2.08469   67.521047   12.227987   10.860878    1.367109   45.940093    0.000000    0.000000    0.000000    0.000000    0.000000    0.000000
  -2.07869   67.198780   12.250369   10.892493    1.357875   46.055984    0.000000    0.000000    0.000000    0.000000    0.000000    0.000000
  -2.07269   66.899644   12.277400   10.928958    1.348442   46.200818    0.000000    0.000000    0.000000    0.000000    0.000000    0.000000
  -2.06669   66.638167   12.310861   10.971840    1.339021   46.378859    0.000000    0.000000    0.000000    0.000000    0.000000    0.000000
  -2.06069   66.426169   12.352339   11.022566    1.329773   46.592461    0.000000    0.000000    0.000000    0.000000    0.000000    0.000000
  -2.05468   66.271986   12.403118   11.082325    1.320793   46.841826    0.000000    0.000000    0.000000    0.000000    0.000000    0.000000
  -2.04868   66.179974   12.464088   11.151982    1.312106   47.124906    0.000000    0.000000    0.000000    0.000000    0.000000    0.000000
  -2.04268   66.150344   12.535687   11.232024    1.303663   47.437477    0.000000    0.000000    0.000000    0.000000    0.000000    0.000000
  -2.03668   66.179353   12.617889   11.322527    1.295361   47.773393    0.000000    0.000000    0.000000    0.000000    0.000000    0.000000
  -2.03068   66.259837   12.710225   11.423163    1.287062   48.125020    0.000000    0.000000    0.000000    0.000000    0.000000    0.000000
  -2.02467   66.381997   12.811858   11.533245    1.278613   48.483789    0.000000    0.000000    0.000000    0.000000    0.000000    0.000000
  -2.01867   66.534360   12.921686   11.651803    1.269884   48.840842    0.000000    0.000000    0.000000    0.000000    0.000000    0.000000
  -2.01267   66.704808   13.038465   11.777684    1.260782   49.187683    0.000000    0.000000    0.000000    0.000000    0.000000    0.000000
  -2.00667   66.881556   13.160948   11.909673    1.251275   49.516773    0.000000    0.000000    0.000000    0.000000    0.000000    0.000000
  -2.00067   67.054019   13.288016   12.046616    1.241401   49.822031    0.000000    0.000000    0.000000    0.000000    0.000000    0.000000
  -1.99466   67.213489   13.418793   12.187527    1.231265   50.099188    0.000000    0.000000    0.000000    0.000000    0.000000    0.000000
  -1.98866   67.353627   13.552729   12.331694    1.221034   50.345995    0.000000    0.000000    0.000000    0.000000    0.000000    0.000000
  -1.98266   67.470744   13.689656   12.478739    1.210917   50.562279    0.000000    0.000000    0.000000    0.000000    0.000000    0.000000
  -1.97666   67.563921   13.829801   12.628656    1.201145   50.749887    0.000000    0.000000    0.000000    0.000000    0.000000    0.000000
  -1.97066   67.634979   13.973763   12.781812    1.191951   50.912519    0.000000    0.000000    0.000000    0.000000    0.000000    0.000000
  -1.96465   67.688329   14.122458   12.938907    1.183550   51.055502    0.000000    0.000000    0.000000    0.000000    0.000000    0.000000
  -1.95865   67.730712   14.277037   13.100914    1.176123   51.185496    0.000000    0.000000    0.000000    0.000000    0.000000    0.000000
  -1.95265   67.770846   14.438786   13.268980    1.169805   51.310164    0.000000    0.000000    0.000000    0.000000    0.000000    0.000000
  -1.94665   67.818946   14.609009   13.444320    1.164689   51.437797    0.000000    0.000000    0.000000    0.000000    0.000000    0.000000
  -1.94065   67.886142   14.788915   13.628095    1.160820   51.576887    0.000000    0.000000    0.000000    0.000000    0.000000    0.000000
  -1.93464   67.983768   14.979503   13.821297    1.158205   51.735671    0.000000    0.000000    0.000000    0.000000    0.000000    0.000000
  -1.92864   68.122569   15.181461   14.024641    1.156820   51.921635    0.000000    0.000000    0.000000    0.000000    0.000000    0.000000
  -1.92264   68.311851   15.395090   14.238476    1.156614   52.141022    0.000000    0.000000    0.000000    0.000000    0.000000    0.000000
  -1.91664   68.558641   15.620244   14.462727    1.157517   52.398368    0.000000    0.000000    0.000000    0.000000    0.000000    0.000000
  -1.91064   68.866941   15.856304   14.696864    1.159440   52.696116    0.000000    0.000000    0.000000    0.000000    0.000000    0.000000
  -1.90463   69.237149   16.102189   14.939909    1.162279   53.034341    0.000000    0.000000    0.000000    0.000000    0.000000    0.000000
  -1.89863   69.665721   16.356387   15.190477    1.165910   53.410632    0.000000    0.000000    0.000000    0.000000    0.000000    0.000000
  -1.89263   70.145126   16.617019   15.446830    1.170189   53.820135    0.000000    0.000000    0.000000    0.000000    0.000000    0.000000
  -1.88663   70.664106   16.881918   15.706966    1.174952   54.255761    0.000000    0.000000    0.000000    0.000000    0.000000    0.000000
  -1.88063   71.208233   17.148715   15.968697    1.180019   54.708550    0.000000    0.000000    0.000000    0.000000    0.000000    0.000000
  -1.87462   71.760715   17.414927   16.229731    1.185197   55.168134    0.000000    0.000000    0.000000    0.000000    0.000000    0.000000
  -1.86862   72.303387   17.678038   16.487746    1.190292   55.623288    0.000000    0.000000    0.000000    0.000000    0.000000    0.000000
  -1.86262   72.817793   17.935567   16.740444    1.195122   56.062504    0.000000    0.000000    0.000000    0.000000    0.000000    0.000000
  -1.85662   73.286288   18.185136   16.985606    1.199530   56.474572    0.000000    0.000000    0.000000    0.000000    0.000000    0.000000
  -1.85062   73.693080   18.424537   17.221139    1.203398   56.849135    0.000000    0.000000    0.000000    0.000000    0.000000    0.000000
  -1.84461   74.025134   18.651799   17.445139    1.206661   57.177207    0.000000    0.000000    0.000000    0.000000    0.000000    0.000000
  -1.83861   74.272911   18.865293   17.655975    1.209318   57.451642    0.000000    0.000000    0.000000    0.000000    0.000000    0.000000
  -1.83261   74.430881   19.063835   17.852402    1.211433   57.667541    0.000000    0.000000    0.000000    0.000000    0.000000    0.000000
  -1.82661   74.497808   19.246821   18.033687    1.213134   57.822575    0.000000    0.000000    0.000000    0.000000    0.000000    0.000000
  -1.82061   74.476775   19.414354   18.199748    1.214606   57.917207    0.000000    0.000000    0.000000    0.000000    0.000000    0.000000
  -1.81460   74.374946   19.567355   18.351282    1.216073   57.954756    0.000000    0.000000    0.000000    0.000000    0.000000    0.000000
  -1.80860   74.203075   19.707619   18.489838    1.217782   57.941292    0.000000    0.000000    0.000000    0.000000    0.000000    0.000000
  -1.80260   73.974762   19.837797   18.617820    1.219976   57.885313    0.000000    0.000000    0.000000    0.000000    0.000000    0.000000
  -1.79660   73.705502   19.961270   18.738396    1.222874   57.797194    0.000000    0.000000    0.000000    0.000000    0.000000    0.000000
  -1.79060   73.411565   20.081929   18.855287    1.226642   57.688445    0.000000    0.000000    0.000000    0.000000    0.000000    0.000000
  -1.78459   73.108804   20.203834   18.972458    1.231376   57.570789    0.000000    0.000000    0.000000    0.000000    0.000000    0.000000
  -1.77859   72.811459   20.330814   19.093725    1.237088   57.455174    0.000000    0.000000    0.000000    0.000000    0.000000    0.000000
  -1.77259   72.531080   20.466023   19.222321    1.243702   57.350783    0.000000    0.000000    0.000000    0.000000    0.000000    0.000000
  -1.76659   72.275659   20.611514   19.360464    1.251050   57.264173    0.000000    0.000000    0.000000    0.000000    0.000000    0.000000
  -1.76059   72.049054   20.767882   19.508991    1.258891   57.198627    0.000000    0.000000    0.000000    0.000000    0.000000    0.000000
  -1.75458   71.850767   20.934027   19.667103    1.266923   57.153789    0.000000    0.000000    0.000000    0.000000    0.000000    0.000000
  -1.74858   71.676075   21.107063   19.832250    1.274812   57.125630    0.000000    0.000000    0.000000    0.000000    0.000000    0.000000
  -1.74258   71.516504   21.282404   20.000188    1.282216   57.106745    0.000000    0.000000    0.000000    0.000000    0.000000    0.000000
  -1.73658   71.360577   21.454008   20.165191    1.288816   57.086925    0.000000    0.000000    0.000000    0.000000    0.000000    0.000000
  -1.73058   71.194745   21.614761   20.320420    1.294341   57.053946    0.000000    0.000000    0.000000    0.000000    0.000000    0.000000
  -1.72457   71.004411   21.756967   20.458381    1.298585   56.994485    0.000000    0.000000    0.000000    0.000000    0.000000    0.000000
  -1.71857   70.774948   21.872891   20.571461    1.301430   56.895073    0.000000    0.000000    0.000000    0.000000    0.000000    0.000000
  -1.71257   70.492638   21.955310   20.652466    1.302844   56.742999    0.000000    0.000000    0.000000    0.000000    0.000000    0.000000
  -1.70657   70.145474   21.998017   20.695129    1.302888   56.527110    0.000000    0.000000    0.000000    0.000000    0.000000    0.000000
  -1.70057   69.723808   21.996255   20.694548    1.301708   56.238472    0.000000    0.000000    0.000000    0.000000    0.000000    0.000000
  -1.69456   69.220831   21.947040   20.647518    1.299523   55.870871    0.000000    0.000000    0.000000    0.000000    0.000000    0.000000
  -1.68856   68.632904   21.849363   20.552752    1.296611   55.421153    0.000000    0.000000    0.000000    0.000000    0.000000    0.000000
  -1.68256   67.959735   21.704264   20.410971    1.293292   54.889416    0.000000    0.000000    0.000000    0.000000    0.000000    0.000000
  -1.67656   67.204430   21.514783   20.224878    1.289905   54.279058    0.000000    0.000000    0.000000    0.000000    0.000000    0.000000
  -1.67056   66.373410   21.285796   19.999009    1.286788   53.596681    0.000000    0.000000    0.000000    0.000000    0.000000    0.000000
  -1.66455   65.476184   21.023752   19.739497    1.284255   52.851867    0.000000    0.000000    0.000000    0.000000    0.000000    0.000000
  -1.65855   64.524980   20.736326   19.453750    1.282576   52.056803    0.000000    0.000000    0.000000    0.000000    0.000000    0.000000
  -1.65255   63.534228   20.432025   19.150071    1.281954   51.225776    0.000000    0.000000    0.000000    0.000000    0.000000    0.000000
  -1.64655   62.519902   20.119749   18.837241    1.282509   50.374540    0.000000    0.000000    0.000000    0.000000    0.000000    0.000000
  -1.64055   61.498755   19.808358   18.524095    1.284263   49.519571    0.000000    0.000000    0.000000    0.000000    0.000000    0.000000
  -1.63454   60.487476   19.506238   18.219104    1.287134   48.677261    0.000000    0.000000    0.000000    0.000000    0.000000    0.000000
  -1.62854   59.501833   19.220923   17.929985    1.290938   47.863082    0.000000    0.000000    0.000000    0.000000    0.000000    0.000000
  -1.62254   58.555861   18.958757   17.663364    1.295393   47.090787    0.000000    0.000000    0.000000    0.000000    0.000000    0.000000
  -1.61654   57.661140   18.724637   17.424497    1.300140   46.371690    0.000000    0.000000    0.000000    0.000000    0.000000    0.000000
  -1.61054   56.826240   18.521830   17.217064    1.304766   45.714086    0.000000    0.000000    0.000000    0.000000    0.000000    0.000000
  -1.60453   56.056338   18.351883   17.043049    1.308834   45.122856    0.000000    0.000000    0.000000    0.000000    0.000000    0.000000
  -1.59853   55.353053   18.214623   16.902712    1.311911   44.599271    0.000000    0.000000    0.000000    0.000000    0.000000    0.000000
  -1.59253   54.714499   18.108251   16.794646    1.313605   44.141029    0.000000    0.000000    0.000000    0.000000    0.000000    0.000000
  -1.58653   54.135537   18.029526   16.715935    1.313590   43.742502    0.000000    0.000000    0.000000    0.000000    0.000000    0.000000
  -1.58053   53.608215   17.974028   16.662400    1.311628   43.395198    0.000000    0.000000    0.000000    0.000000    0.000000    0.000000
  -1.57452   53.122358   17.936497   16.628913    1.307584   43.088381    0.000000    0.000000    0.000000    0.000000    0.000000    0.000000
  -1.56852   52.666247   17.911201   16.609769    1.301432   42.809804    0.000000    0.000000    0.000000    0.000000    0.000000    0.000000
  -1.56252   52.227352   17.892335   16.599082    1.293253   42.546499    0.000000    0.000000    0.000000    0.000000    0.000000    0.000000
  -1.55652   51.793025   17.874380   16.591155    1.283225   42.285533    0.000000    0.000000    0.000000    0.000000    0.000000    0.000000
  -1.55052   51.351111   17.852405   16.580806    1.271599   42.014667    0.000000    0.000000    0.000000    0.000000    0.000000    0.000000
  -1.54451   50.890391   17.822273   16.563588    1.258685   41.722840    0.000000    0.000000    0.000000    0.000000    0.000000    0.000000
  -1.53851   50.400820   17.780712   16.535897    1.244815   41.400440    0.000000    0.000000    0.000000    0.000000    0.000000    0.000000
  -1.53251   49.873529   17.725247   16.494927    1.230319   41.039317    0.000000    0.000000    0.000000    0.000000    0.000000    0.000000
  -1.52651   49.300595   17.654000   16.438506    1.215493   40.632565    0.000000    0.000000    0.000000    0.000000    0.000000    0.000000
  -1.52051   48.674614   17.565372   16.364807    1.200565   40.174102    0.000000    0.000000    0.000000    0.000000    0.000000    0.000000
  -1.51450   47.988165   17.457662   16.271993    1.185670   39.658126    0.000000    0.000000    0.000000    0.000000    0.000000    0.000000
  -1.50850   47.233236   17.328671   16.157846    1.170826   39.078545    0.000000    0.000000    0.000000    0.000000    0.000000    0.000000
  -1.50250   46.400762   17.175351   16.019435    1.155916   38.428493    0.000000    0.000000    0.000000    0.000000    0.000000    0.000000
  -1.49650   45.480354   16.993565   15.852886    1.140679   37.700027    0.000000    0.000000    0.000000    0.000000    0.000000    0.000000
  -1.49050   44.460346   16.778010   15.653297    1.124713   36.884099    0.000000    0.000000    0.000000    0.000000    0.000000    0.000000
  -1.48449   43.328200   16.522315   15.414829    1.107486   35.970852    0.000000    0.000000    0.000000    0.000000    0.000000    0.000000
  -1.47849   42.071296   16.219357   15.130991    1.088366   34.950248    0.000000    0.000000    0.000000    0.000000    0.000000    0.000000
  -1.47249   40.678055   15.861743   14.795086    1.066656   33.812985    0.000000    0.000000    0.000000    0.000000    0.000000    0.000000
  -1.46649   39.139313   15.442451   14.400798    1.041653   32.551623    0.000000    0.000000    0.000000    0.000000    0.000000    0.000000
  -1.46049   37.449792   14.955553   13.942857    1.012696   31.161798    0.000000    0.000000    0.000000    0.000000    0.000000    0.000000
  -1.45448   35.609509   14.396951   13.417714    0.979237   29.643373    0.000000    0.000000    0.000000    0.000000    0.000000    0.000000
  -1.44848   33.624934   13.765048   12.824151    0.940897   28.001390    0.000000    0.000000    0.000000    0.000000    0.000000    0.000000
  -1.44248   31.509737   13.061280   12.163763    0.897517   26.246677    0.000000    0.000000    0.000000    0.000000    0.000000    0.000000
  -1.43648   29.284993   12.290436   11.441236    0.849200   24.396014    0.000000    0.000000    0.000000    0.000000    0.000000    0.000000
  -1.43048   26.978770   11.460724   10.664403    0.796321   22.471808    0.000000    0.000000    0.000000    0.000000    0.000000    0.000000
  -1.42447   24.625090   10.583565    9.844031    0.739533   20.501262    0.000000    0.000000    0.000000    0.000000    0.000000    0.000000
  -1.41847   22.262338    9.673106    8.993373    0.679732   18.515112    0.000000    0.000000    0.000000    0.000000    0.000000    0.000000
  -1.41247   19.931220    8.745508    8.127496    0.618012   16.546022    0.000000    0.000000    0.000000    0.000000    0.000000    0.000000
  -1.40647   17.672470    7.818051    7.262454    0.555597   14.626782    0.000000    0.000000    0.000000    0.000000    0.000000    0.000000
  -1.40047   15.524495    6.908144    6.414376    0.493767   12.788484    0.000000    0.000000    0.000000    0.000000    0.000000    0.000000
  -1.39446   13.521181    6.032325    5.598551    0.433774   11.058825    0.000000    0.000000    0.000000    0.000000    0.000000    0.000000
  -1.38846   11.690041    5.205353    4.828586    0.376767    9.460703    0.000000    0.000000    0.000000    0.000000    0.000000    0.000000
  -1.38246   10.050880    4.439448    4.115722    0.323726    8.011208    0.000000    0.000000    0.000000    0.000000    0.000000    0.000000
  -1.37646    8.615067    3.743770    3.468357    0.275413    6.721088    0.000000    0.000000    0.000000    0.000000    0.000000    0.000000
  -1.37046    7.385454    3.124148    2.891802    0.232346    5.594693    0.000000    0.000000    0.000000    0.000000    0.000000    0.000000
  -1.36445    6.356925    2.583072    2.388281    0.194791    4.630388    0.000000    0.000000    0.000000    0.000000    0.000000    0.000000
  -1.35845    5.517473    2.119934    1.957162    0.162773    3.821327    0.000000    0.000000    0.000000    0.000000    0.000000    0.000000
  -1.35245    4.849693    1.731462    1.595353    0.136109    3.156516    0.000000    0.000000    0.000000    0.000000    0.000000    0.000000
  -1.34645    4.332500    1.412284    1.297836    0.114447    2.622006    0.000000    0.000000    0.000000    0.000000    0.000000    0.000000
  -1.34045    3.942923    1.155564    1.058248    0.097316    2.202118    0.000000    0.000000    0.000000    0.000000    0.000000    0.000000
  -1.33444    3.657798    0.953636    0.869468    0.084168    1.880574    0.000000    0.000000    0.000000    0.000000    0.000000    0.000000
  -1.32844    3.455221    0.798574    0.724147    0.074428    1.641462    0.000000    0.000000    0.000000    0.000000    0.000000    0.000000
  -1.32244    3.315671    0.682675    0.615149    0.067526    1.469975    0.000000    0.000000    0.000000    0.000000    0.000000    0.000000
  -1.31644    3.222740    0.598807    0.535875    0.062932    1.352903    0.000000    0.000000    0.000000    0.000000    0.000000    0.000000
  -1.31044    3.163473    0.540640    0.480475    0.060165    1.278891    0.000000    0.000000    0.000000    0.000000    0.000000    0.000000
  -1.30443    3.128355    0.502756    0.443942    0.058813    1.238504    0.000000    0.000000    0.000000    0.000000    0.000000    0.000000
  -1.29843    3.110999    0.480658    0.422126    0.058532    1.224128    0.000000    0.000000    0.000000    0.000000    0.000000    0.000000
  -1.29243    3.107647    0.470715    0.411673    0.059042    1.229770    0.000000    0.000000    0.000000    0.000000    0.000000    0.000000
  -1.28643    3.116546    0.470059    0.409931    0.060128    1.250809    0.000000    0.000000    0.000000    0.000000    0.000000    0.000000
  -1.28043    3.137315    0.476455    0.414829    0.061626    1.283727    0.000000    0.000000    0.000000    0.000000    0.000000    0.000000
  -1.27442    3.170354    0.488183    0.424760    0.063423    1.325864    0.000000    0.000000    0.000000    0.000000    0.000000    0.000000
  -1.26842    3.216352    0.503921    0.438479    0.065442    1.375200    0.000000    0.000000    0.000000    0.000000    0.000000    0.000000
  -1.26242    3.275916    0.522651    0.455012    0.067639    1.430184    0.000000    0.000000    0.000000    0.000000    0.000000    0.000000
  -1.25642    3.349330    0.543587    0.473592    0.069994    1.489601    0.000000    0.000000    0.000000    0.000000    0.000000    0.000000
  -1.25042    3.436423    0.566119    0.493612    0.072507    1.552475    0.000000    0.000000    0.000000    0.000000    0.000000    0.000000
  -1.24441    3.536527    0.589774    0.514586    0.075188    1.617996    0.000000    0.000000    0.000000    0.000000    0.000000    0.000000
  -1.23841    3.648493    0.614183    0.536130    0.078053    1.685462    0.000000    0.000000    0.000000    0.000000    0.000000    0.000000
  -1.23241    3.770738    0.639058    0.557942    0.081116    1.754235    0.000000    0.000000    0.000000    0.000000    0.000000    0.000000
  -1.22641    3.901309    0.664168    0.579780    0.084388    1.823707    0.000000    0.000000    0.000000    0.000000    0.000000    0.000000
  -1.22041    4.037950    0.689320    0.601453    0.087867    1.893266    0.000000    0.000000    0.000000    0.000000    0.000000    0.000000
  -1.21440    4.178174    0.714336    0.622799    0.091537    1.962285    0.000000    0.000000    0.000000    0.000000    0.000000    0.000000
  -1.20840    4.319346    0.739044    0.643675    0.095369    2.030112    0.000000    0.000000    0.000000    0.000000    0.000000    0.000000
  -1.20240    4.458787    0.763259    0.663942    0.099317    2.096096    0.000000    0.000000    0.000000    0.000000    0.000000    0.000000
  -1.19640    4.593914    0.786788    0.683464    0.103324    2.159626    0.000000    0.000000    0.000000    0.000000    0.000000    0.000000
  -1.19040    4.722400    0.809430    0.702109    0.107322    2.220189    0.000000    0.000000    0.000000    0.000000    0.000000    0.000000
  -1.18439    4.842374    0.830992    0.719751    0.111241    2.277451    0.000000    0.000000    0.000000    0.000000    0.000000    0.000000
  -1.17839    4.952612    0.851305    0.736293    0.115012    2.331338    0.000000    0.000000    0.000000    0.000000    0.000000    0.000000
  -1.17239    5.052722    0.870246    0.751674    0.118573    2.382109    0.000000    0.000000    0.000000    0.000000    0.000000    0.000000
  -1.16639    5.143276    0.887757    0.765886    0.121871    2.430409    0.000000    0.000000    0.000000    0.000000    0.000000    0.000000
  -1.16039    5.225872    0.903859    0.778990    0.124869    2.477286    0.000000    0.000000    0.000000    0.000000    0.000000    0.000000
  -1.15438    5.303105    0.918657    0.791112    0.127544    2.524165    0.000000    0.000000    0.000000    0.000000    0.000000    0.000000
  -1.14838    5.378433    0.932335    0.802446    0.129889    2.572770    0.000000    0.000000    0.000000    0.000000    0.000000    0.000000
  -1.14238    5.455957    0.945148    0.813239    0.131909    2.625013    0.000000    0.000000    0.000000    0.000000    0.000000    0.000000
  -1.13638    5.540122    0.957391    0.823768    0.133623    2.682844    0.000000    0.000000    0.000000    0.000000    0.000000    0.000000
  -1.13038    5.635384    0.969381    0.834322    0.135058    2.748090    0.000000    0.000000    0.000000    0.000000    0.000000    0.000000
  -1.12437    5.745870    0.981425    0.845173    0.136253    2.822292    0.000000    0.000000    0.000000    0.000000    0.000000    0.000000
  -1.11837    5.875072    0.993798    0.856548    0.137250    2.906578    0.000000    0.000000    0.000000    0.000000    0.000000    0.000000
  -1.11237    6.025616    1.006721    0.868619    0.138102    3.001563    0.000000    0.000000    0.000000    0.000000    0.000000    0.000000
  -1.10637    6.199107    1.020351    0.881482    0.138869    3.107303    0.000000    0.000000    0.000000    0.000000    0.000000    0.000000
  -1.10037    6.396080    1.034777    0.895159    0.139618    3.223300    0.000000    0.000000    0.000000    0.000000    0.000000    0.000000
  -1.09436    6.616032    1.050023    0.909600    0.140422    3.348554    0.000000    0.000000    0.000000    0.000000    0.000000    0.000000
  -1.08836    6.857528    1.066055    0.924693    0.141362    3.481646    0.000000    0.000000    0.000000    0.000000    0.000000    0.000000
  -1.08236    7.118353    1.082797    0.940279    0.142519    3.620848    0.000000    0.000000    0.000000    0.000000    0.000000    0.000000
  -1.07636    7.395677    1.100144    0.956170    0.143974    3.764235    0.000000    0.000000    0.000000    0.000000    0.000000    0.000000
  -1.07036    7.686225    1.117971    0.972168    0.145803    3.909788    0.000000    0.000000    0.000000    0.000000    0.000000    0.000000
  -1.06435    7.986412    1.136147    0.988080    0.148067    4.055480    0.000000    0.000000    0.000000    0.000000    0.000000    0.000000
  -1.05835    8.292458    1.154544    1.003728    0.150815    4.199342    0.000000    0.000000    0.000000    0.000000    0.000000    0.000000
  -1.05235    8.600474    1.173042    1.018967    0.154075    4.339499    0.000000    0.000000    0.000000    0.000000    0.000000    0.000000
  -1.04635    8.906532    1.191533    1.033681    0.157852    4.474202    0.000000    0.000000    0.000000    0.000000    0.000000    0.000000
  -1.04035    9.206726    1.209926    1.047794    0.162132    4.601833    0.000000    0.000000    0.000000    0.000000    0.000000    0.000000
  -1.03434    9.497250    1.228148    1.061267    0.166881    4.720927    0.000000    0.000000    0.000000    0.000000    0.000000    0.000000
  -1.02834    9.774488    1.246145    1.074095    0.172049    4.830179    0.000000    0.000000    0.000000    0.000000    0.000000    0.000000
  -1.02234   10.035119    1.263877    1.086301    0.177576    4.928473    0.000000    0.000000    0.000000    0.000000    0.000000    0.000000
  -1.01634   10.276226    1.281319    1.097927    0.183392    5.014902    0.000000    0.000000    0.000000    0.000000    0.000000    0.000000
  -1.01034   10.495398    1.298446    1.109023    0.189423    5.088796    0.000000    0.000000    0.000000    0.000000    0.000000    0.000000
  -1.00433   10.690797    1.315222    1.119628    0.195594    5.149741    0.000000    0.000000    0.000000    0.000000    0.000000    0.000000
  -0.99833   10.861174    1.331578    1.129755    0.201823    5.197577    0.000000    0.000000    0.000000    0.000000    0.000000    0.000000
  -0.99233   11.005828    1.347389    1.139363    0.208025    5.232384    0.000000    0.000000    0.000000    0.000000    0.000000    0.000000
  -0.98633   11.124498    1.362450    1.148345    0.214105    5.254438    0.000000    0.000000    0.000000    0.000000    0.000000    0.000000
  -0.98033   11.217207    1.376461    1.156502    0.219959    5.264155    0.000000    0.000000    0.000000    0.000000    0.000000    0.000000
  -0.97432   11.284074    1.389005    1.163538    0.225467    5.262020    0.000000    0.000000    0.000000    0.000000    0.000000    0.000000
  -0.96832   11.325137    1.399561    1.169061    0.230500    5.248510    0.000000    0.000000    0.000000    0.000000    0.000000    0.000000
  -0.96232   11.340211    1.407509    1.172589    0.234920    5.224037    0.000000    0.000000    0.000000    0.000000    0.000000    0.000000
  -0.95632   11.328816    1.412171    1.173587    0.238584    5.188911    0.000000    0.000000    0.000000    0.000000    0.000000    0.000000
  -0.95032   11.290205    1.412859    1.171501    0.241357    5.143329    0.000000    0.000000    0.000000    0.000000    0.000000    0.000000
  -0.94431   11.223481    1.408934    1.165812    0.243123    5.087409    0.000000    0.000000    0.000000    0.000000    0.000000    0.000000
  -0.93831   11.127823    1.399880    1.156088    0.243791    5.021254    0.000000    0.000000    0.000000    0.000000    0.000000    0.000000
  -0.93231   11.002773    1.385364    1.142049    0.243316    4.945049    0.000000    0.000000    0.000000    0.000000    0.000000    0.000000
  -0.92631   10.848562    1.365302    1.123604    0.241698    4.859174    0.000000    0.000000    0.000000    0.000000    0.000000    0.000000
  -0.92031   10.666415    1.339895    1.100899    0.238996    4.764320    0.000000    0.000000    0.000000    0.000000    0.000000    0.000000
  -0.91430   10.458808    1.309649    1.074324    0.235325    4.661591    0.000000    0.000000    0.000000    0.000000    0.000000    0.000000
  -0.90830   10.229602    1.275372    1.044515    0.230857    4.552573    0.000000    0.000000    0.000000    0.000000    0.000000    0.000000
  -0.90230    9.984044    1.238134    1.012328    0.225806    4.439348    0.000000    0.000000    0.000000    0.000000    0.000000    0.000000
  -0.89630    9.728584    1.199213    0.978789    0.220425    4.324455    0.000000    0.000000    0.000000    0.000000    0.000000    0.000000
  -0.89030    9.470536    1.160009    0.945032    0.214977    4.210773    0.000000    0.000000    0.000000    0.000000    0.000000    0.000000
  -0.88429    9.217573    1.121950    0.912223    0.209727    4.101340    0.000000    0.000000    0.000000    0.000000    0.000000    0.000000
  -0.87829    8.977113    1.086394    0.881480    0.204914    3.999116    0.000000    0.000000    0.000000    0.000000    0.000000    0.000000
  -0.87229    8.755651    1.054521    0.853787    0.200733    3.906711    0.000000    0.000000    0.000000    0.000000    0.000000    0.000000
  -0.86629    8.558110    1.027252    0.829930    0.197322    3.826105    0.000000    0.000000    0.000000    0.000000    0.000000    0.000000
  -0.86029    8.387298    1.005176    0.810432    0.194744    3.758402    0.000000    0.000000    0.000000    0.000000    0.000000    0.000000
  -0.85428    8.243540    0.988511    0.795526    0.192986    3.703640    0.000000    0.000000    0.000000    0.000000    0.000000    0.000000
  -0.84828    8.124552    0.977091    0.785135    0.191957    3.660709    0.000000    0.000000    0.000000    0.000000    0.000000    0.000000
  -0.84228    8.025582    0.970387    0.778889    0.191498    3.627375    0.000000    0.000000    0.000000    0.000000    0.000000    0.000000
  -0.83628    7.939837    0.967561    0.776165    0.191396    3.600439    0.000000    0.000000    0.000000    0.000000    0.000000    0.000000
  -0.83028    7.859131    0.967545    0.776138    0.191408    3.576004    0.000000    0.000000    0.000000    0.000000    0.000000    0.000000
  -0.82427    7.774709    0.969135    0.777859    0.191276    3.549831    0.000000    0.000000    0.000000    0.000000    0.000000    0.000000
  -0.81827    7.678145    0.971094    0.780333    0.190762    3.517748    0.000000    0.000000    0.000000    0.000000    0.000000    0.000000
  -0.81227    7.562190    0.972259    0.782597    0.189661    3.476050    0.000000    0.000000    0.000000    0.000000    0.000000    0.000000
  -0.80627    7.421499    0.971620    0.783795    0.187826    3.421852    0.000000    0.000000    0.000000    0.000000    0.000000    0.000000
  -0.80027    7.253133    0.968398    0.783225    0.185173    3.353355    0.000000    0.000000    0.000000    0.000000    0.000000    0.000000
  -0.79426    7.056781    0.962080    0.780388    0.181692    3.269983    0.000000    0.000000    0.000000    0.000000    0.000000    0.000000
  -0.78826    6.834717    0.952438    0.774998    0.177440    3.172399    0.000000    0.000000    0.000000    0.000000    0.000000    0.000000
  -0.78226    6.591481    0.939515    0.766979    0.172536    3.062387    0.000000    0.000000    0.000000    0.000000    0.000000    0.000000
  -0.77626    6.333363    0.923595    0.756452    0.167142    2.942634    0.000000    0.000000    0.000000    0.000000    0.000000    0.000000
  -0.77026    6.067757    0.905147    0.743696    0.161451    2.816444    0.000000    0.000000    0.000000    0.000000    0.000000    0.000000
  -0.76425    5.802465    0.884772    0.729107    0.155665    2.687415    0.000000    0.000000    0.000000    0.000000    0.000000    0.000000
  -0.75825    5.545030    0.863133    0.713153    0.149980    2.559122    0.000000    0.000000    0.000000    0.000000    0.000000    0.000000
  -0.75225    5.302164    0.840896    0.696329    0.144567    2.434842    0.000000    0.000000    0.000000    0.000000    0.000000    0.000000
  -0.74625    5.079312    0.818676    0.679113    0.139563    2.317326    0.000000    0.000000    0.000000    0.000000    0.000000    0.000000
  -0.74025    4.880377    0.796992    0.661930    0.135062    2.208661    0.000000    0.000000    0.000000    0.000000    0.000000    0.000000
  -0.73424    4.707612    0.776239    0.645126    0.131112    2.110194    0.000000    0.000000    0.000000    0.000000    0.000000    0.000000
  -0.72824    4.561666    0.756674    0.628957    0.127716    2.022536    0.000000    0.000000    0.000000    0.000000    0.000000    0.000000
  -0.72224    4.441769    0.738422    0.613582    0.124840    1.945630    0.000000    0.000000    0.000000    0.000000    0.000000    0.000000
  -0.71624    4.346017    0.721498    0.599079    0.122419    1.878868    0.000000    0.000000    0.000000    0.000000    0.000000    0.000000
  -0.71024    4.271747    0.705837    0.585462    0.120376    1.821248    0.000000    0.000000    0.000000    0.000000    0.000000    0.000000
  -0.70423    4.215949    0.691347    0.572719    0.118629    1.771543    0.000000    0.000000    0.000000    0.000000    0.000000    0.000000
  -0.69823    4.175688    0.677955    0.560845    0.117110    1.728488    0.000000    0.000000    0.000000    0.000000    0.000000    0.000000
  -0.69223    4.148505    0.665659    0.549883    0.115775    1.690948    0.000000    0.000000    0.000000    0.000000    0.000000    0.000000
  -0.68623    4.132740    0.654566    0.539950    0.114617    1.658059    0.000000    0.000000    0.000000    0.000000    0.000000    0.000000
  -0.68023    4.127759    0.644920    0.531258    0.113663    1.629337    0.000000    0.000000    0.000000    0.000000    0.000000    0.000000
  -0.67422    4.134038    0.637097    0.524117    0.112980    1.604729    0.000000    0.000000    0.000000    0.000000    0.000000    0.000000
  -0.66822    4.153083    0.631580    0.518914    0.112666    1.584605    0.000000    0.000000    0.000000    0.000000    0.000000    0.000000
  -0.66222    4.187172    0.628907    0.516073    0.112834    1.569687    0.000000    0.000000    0.000000    0.000000    0.000000    0.000000
  -0.65622    4.238951    0.629596    0.515997    0.113599    1.560914    0.000000    0.000000    0.000000    0.000000    0.000000    0.000000
  -0.65022    4.310893    0.634050    0.518994    0.115056    1.559264    0.000000    0.000000    0.000000    0.000000    0.000000    0.000000
  -0.64421    4.404702    0.642468    0.525211    0.117257    1.565548    0.000000    0.000000    0.000000    0.000000    0.000000    0.000000
  -0.63821    4.520735    0.654756    0.534557    0.120198    1.580195    0.000000    0.000000    0.000000    0.000000    0.000000    0.000000
  -0.63221    4.657529    0.670471    0.546666    0.123805    1.603069    0.000000    0.000000    0.000000    0.000000    0.000000    0.000000
  -0.62621    4.811506    0.688798    0.560873    0.127925    1.633344    0.000000    0.000000    0.000000    0.000000    0.000000    0.000000
  -0.62021    4.976940    0.708565    0.576230    0.132335    1.669453    0.000000    0.000000    0.000000    0.000000    0.000000    0.000000
  -0.61420    5.146200    0.728315    0.591563    0.136752    1.709134    0.000000    0.000000    0.000000    0.000000    0.000000    0.000000
  -0.60820    5.310273    0.746412    0.605554    0.140858    1.749565    0.000000    0.000000    0.000000    0.000000    0.000000    0.000000
  -0.60220    5.459504    0.761178    0.616854    0.144324    1.787588    0.000000    0.000000    0.000000    0.000000    0.000000    0.000000
  -0.59620    5.584489    0.771048    0.624206    0.146842    1.819981    0.000000    0.000000    0.000000    0.000000    0.000000    0.000000
  -0.59020    5.676995    0.774719    0.626564    0.148155    1.843761    0.000000    0.000000    0.000000    0.000000    0.000000    0.000000
  -0.58419    5.730795    0.771276    0.623196    0.148080    1.856470    0.000000    0.000000    0.000000    0.000000    0.000000    0.000000
  -0.57819    5.742313    0.760281    0.613751    0.146530    1.856413    0.000000    0.000000    0.000000    0.000000    0.000000    0.000000
  -0.57219    5.710992    0.741810    0.598294    0.143516    1.842810    0.000000    0.000000    0.000000    0.000000    0.000000    0.000000
  -0.56619    5.639342    0.716441    0.577295    0.139145    1.815866    0.000000    0.000000    0.000000    0.000000    0.000000    0.000000
  -0.56019    5.532667    0.685188    0.551577    0.133611    1.776720    0.000000    0.000000    0.000000    0.000000    0.000000    0.000000
  -0.55418    5.398510    0.649399    0.522231    0.127168    1.727310    0.000000    0.000000    0.000000    0.000000    0.000000    0.000000
  -0.54818    5.245882    0.610625    0.490516    0.120109    1.670167    0.000000    0.000000    0.000000    0.000000    0.000000    0.000000
  -0.54218    5.084393    0.570480    0.457741    0.112739    1.608148    0.000000    0.000000    0.000000    0.000000    0.000000    0.000000
  -0.53618    4.923362    0.530511    0.425165    0.105346    1.544173    0.000000    0.000000    0.000000    0.000000    0.000000    0.000000
  -0.53018    4.771032    0.492085    0.393901    0.098184    1.480965    0.000000    0.000000    0.000000    0.000000    0.000000    0.000000
  -0.52417    4.633950    0.456308    0.364853    0.091455    1.420841    0.000000    0.000000    0.000000    0.000000    0.000000    0.000000
  -0.51817    4.516584    0.423984    0.338677    0.085307    1.365573    0.000000    0.000000    0.000000    0.000000    0.000000    0.000000
  -0.51217    4.421175    0.395603    0.315774    0.079829    1.316313    0.000000    0.000000    0.000000    0.000000    0.000000    0.000000
  -0.50617    4.347828    0.371364    0.296307    0.075057    1.273599    0.000000    0.000000    0.000000    0.000000    0.000000    0.000000
  -0.50017    4.294800    0.351220    0.280232    0.070988    1.237420    0.000000    0.000000    0.000000    0.000000    0.000000    0.000000
  -0.49416    4.258913    0.334941    0.267355    0.067586    1.207327    0.000000    0.000000    0.000000    0.000000    0.000000    0.000000
  -0.48816    4.236049    0.322171    0.257374    0.064797    1.182576    0.000000    0.000000    0.000000    0.000000    0.000000    0.000000
  -0.48216    4.221634    0.312495    0.249938    0.062558    1.162267    0.000000    0.000000    0.000000    0.000000    0.000000    0.000000
  -0.47616    4.211083    0.305483    0.244678    0.060805    1.145473    0.000000    0.000000    0.000000    0.000000    0.000000    0.000000
  -0.47016    4.200155    0.300727    0.241246    0.059481    1.131342    0.000000    0.000000    0.000000    0.000000    0.000000    0.000000
  -0.46415    4.185208    0.297861    0.239328    0.058533    1.119162    0.000000    0.000000    0.000000    0.000000    0.000000    0.000000
  -0.45815    4.163355    0.296567    0.238651    0.057916    1.108393    0.000000    0.000000    0.000000    0.000000    0.000000    0.000000
  -0.45215    4.132532    0.296573    0.238982    0.057591    1.098669    0.000000    0.000000    0.000000    0.000000    0.000000    0.000000
  -0.44615    4.091506    0.297638    0.240118    0.057521    1.089769    0.000000    0.000000    0.000000    0.000000    0.000000    0.000000
  -0.44015    4.039835    0.299546    0.241876    0.057670    1.081584    0.000000    0.000000    0.000000    0.000000    0.000000    0.000000
  -0.43414    3.977811    0.302083    0.244083    0.058001    1.074071    0.000000    0.000000    0.000000    0.000000    0.000000    0.000000
  -0.42814    3.906381    0.305040    0.246566    0.058474    1.067213    0.000000    0.000000    0.000000    0.000000    0.000000    0.000000
  -0.42214    3.827052    0.308199    0.249151    0.059048    1.060987    0.000000    0.000000    0.000000    0.000000    0.000000    0.000000
  -0.41614    3.741799    0.311341    0.251661    0.059681    1.055340    0.000000    0.000000    0.000000    0.000000    0.000000    0.000000
  -0.41014    3.652939    0.314252    0.253922    0.060330    1.050179    0.000000    0.000000    0.000000    0.000000    0.000000    0.000000
  -0.40413    3.563010    0.316731    0.255774    0.060957    1.045372    0.000000    0.000000    0.000000    0.000000    0.000000    0.000000
  -0.39813    3.474632    0.318610    0.257081    0.061528    1.040764    0.000000    0.000000    0.000000    0.000000    0.000000    0.000000
  -0.39213    3.390374    0.319764    0.257744    0.062019    1.036194    0.000000    0.000000    0.000000    0.000000    0.000000    0.000000
  -0.38613    3.312646    0.320130    0.257714    0.062416    1.031530    0.000000    0.000000    0.000000    0.000000    0.000000    0.000000
  -0.38013    3.243608    0.319718    0.257000    0.062718    1.026704    0.000000    0.000000    0.000000    0.000000    0.000000    0.000000
  -0.37412    3.185125    0.318618    0.255678    0.062940    1.021743    0.000000    0.000000    0.000000    0.000000    0.000000    0.000000
  -0.36812    3.138758    0.317004    0.253892    0.063112    1.016807    0.000000    0.000000    0.000000    0.000000    0.000000    0.000000
  -0.36212    3.105777    0.315132    0.251852    0.063280    1.012207    0.000000    0.000000    0.000000    0.000000    0.000000    0.000000
  -0.35612    3.087201    0.313325    0.249821    0.063503    1.008411    0.000000    0.000000    0.000000    0.000000    0.000000    0.000000
  -0.35012    3.083822    0.311951    0.248099    0.063851    1.006026    0.000000    0.000000    0.000000    0.000000    0.000000    0.000000
  -0.34411    3.096202    0.311400    0.247003    0.064398    1.005758    0.000000    0.000000    0.000000    0.000000    0.000000    0.000000
  -0.33811    3.124644    0.312048    0.246833    0.065214    1.008347    0.000000    0.000000    0.000000    0.000000    0.000000    0.000000
  -0.33211    3.169110    0.314218    0.247854    0.066365    1.014482    0.000000    0.000000    0.000000    0.000000    0.000000    0.000000
  -0.32611    3.229113    0.318149    0.250254    0.067895    1.024710    0.000000    0.000000    0.000000    0.000000    0.000000    0.000000
  -0.32011    3.303615    0.323963    0.254135    0.069827    1.039345    0.000000    0.000000    0.000000    0.000000    0.000000    0.000000
  -0.31410    3.390938    0.331644    0.259487    0.072157    1.058397    0.000000    0.000000    0.000000    0.000000    0.000000    0.000000
  -0.30810    3.488758    0.341038    0.266189    0.074850    1.081539    0.000000    0.000000    0.000000    0.000000    0.000000    0.000000
  -0.30210    3.594189    0.351863    0.274020    0.077843    1.108117    0.000000    0.000000    0.000000    0.000000    0.000000    0.000000
  -0.29610    3.703976    0.363733    0.282680    0.081052    1.137201    0.000000    0.000000    0.000000    0.000000    0.000000    0.000000
  -0.29010    3.814799    0.376208    0.291827    0.084381    1.167700    0.000000    0.000000    0.000000    0.000000    0.000000    0.000000
  -0.28409    3.923655    0.388841    0.301112    0.087729    1.198490    0.000000    0.000000    0.000000    0.000000    0.000000    0.000000
  -0.27809    4.028257    0.401236    0.310231    0.091004    1.228575    0.000000    0.000000    0.000000    0.000000    0.000000    0.000000
  -0.27209    4.127402    0.413094    0.318958    0.094136    1.257228    0.000000    0.000000    0.000000    0.000000    0.000000    0.000000
  -0.26609    4.221219    0.424250    0.327173    0.097077    1.284103    0.000000    0.000000    0.000000    0.000000    0.000000    0.000000
  -0.26009    4.311267    0.434688    0.334874    0.099814    1.309295    0.000000    0.000000    0.000000    0.000000    0.000000    0.000000
  -0.25408    4.400430    0.444536    0.342173    0.102363    1.333335    0.000000    0.000000    0.000000    0.000000    0.000000    0.000000
  -0.24808    4.492626    0.454037    0.349274    0.104763    1.357121    0.000000    0.000000    0.000000    0.000000    0.000000    0.000000
  -0.24208    4.592345    0.463508    0.356434    0.107073    1.381788    0.000000    0.000000    0.000000    0.000000    0.000000    0.000000
  -0.23608    4.704107    0.473281    0.363922    0.109359    1.408553    0.000000    0.000000    0.000000    0.000000    0.000000    0.000000
  -0.23008    4.831889    0.483653    0.371972    0.111681    1.438531    0.000000    0.000000    0.000000    0.000000    0.000000    0.000000
  -0.22407    4.978626    0.494838    0.380749    0.114090    1.472588    0.000000    0.000000    0.000000    0.000000    0.000000    0.000000
  -0.21807    5.145847    0.506933    0.390319    0.116614    1.511212    0.000000    0.000000    0.000000    0.000000    0.000000    0.000000
  -0.21207    5.333492    0.519903    0.400641    0.119263    1.554454    0.000000    0.000000    0.000000    0.000000    0.000000    0.000000
  -0.20607    5.539925    0.533595    0.411572    0.122023    1.601916    0.000000    0.000000    0.000000    0.000000    0.000000    0.000000
  -0.20007    5.762116    0.547753    0.422890    0.124863    1.652803    0.000000    0.000000    0.000000    0.000000    0.000000    0.000000
  -0.19406    5.995957    0.562054    0.434317    0.127737    1.706011    0.000000    0.000000    0.000000    0.000000    0.000000    0.000000
  -0.18806    6.236632    0.576154    0.445560    0.130594    1.760243    0.000000    0.000000    0.000000    0.000000    0.000000    0.000000
  -0.18206    6.478994    0.589714    0.456336    0.133377    1.814125    0.000000    0.000000    0.000000    0.000000    0.000000    0.000000
  -0.17606    6.717883    0.602435    0.466400    0.136034    1.866310    0.000000    0.000000    0.000000    0.000000    0.000000    0.000000
  -0.17006    6.948359    0.614071    0.475556    0.138514    1.915560    0.000000    0.000000    0.000000    0.000000    0.000000    0.000000
  -0.16405    7.165836    0.624431    0.483660    0.140771    1.960788    0.000000    0.000000    0.000000    0.000000    0.000000    0.000000
  -0.15805    7.366138    0.633372    0.490610    0.142762    2.001084    0.000000    0.000000    0.000000    0.000000    0.000000    0.000000
  -0.15205    7.545504    0.640780    0.496334    0.144446    2.035708    0.000000    0.000000    0.000000    0.000000    0.000000    0.000000
  -0.14605    7.700594    0.646553    0.500770    0.145783    2.064078    0.000000    0.000000    0.000000    0.000000    0.000000    0.000000
  -0.14005    7.828519    0.650583    0.503850    0.146733    2.085757    0.000000    0.000000    0.000000    0.000000    0.000000    0.000000
  -0.13404    7.926937    0.652752    0.505492    0.147260    2.100448    0.000000    0.000000    0.000000    0.000000    0.000000    0.000000
  -0.12804    7.994220    0.652930    0.505596    0.147334    2.108005    0.000000    0.000000    0.000000    0.000000    0.000000    0.000000
  -0.12204    8.029673    0.650987    0.504051    0.146937    2.108454    0.000000    0.000000    0.000000    0.000000    0.000000    0.000000
  -0.11604    8.033792    0.646821    0.500755    0.146066    2.102035    0.000000    0.000000    0.000000    0.000000    0.000000    0.000000
  -0.11004    8.008498    0.640378    0.495635    0.144743    2.089235    0.000000    0.000000    0.000000    0.000000    0.000000    0.000000
  -0.10403    7.957314    0.631693    0.488675    0.143017    2.070822    0.000000    0.000000    0.000000    0.000000    0.000000    0.000000
  -0.09803    7.885429    0.620905    0.479936    0.140969    2.047861    0.000000    0.000000    0.000000    0.000000    0.000000    0.000000
  -0.09203    7.799610    0.608287    0.469575    0.138712    2.021699    0.000000    0.000000    0.000000    0.000000    0.000000    0.000000
  -0.08603    7.707947    0.594241    0.457856    0.136385    1.993932    0.000000    0.000000    0.000000    0.000000    0.000000    0.000000
  -0.08003    7.619425    0.579297    0.445145    0.134152    1.966323    0.000000    0.000000    0.000000    0.000000    0.000000    0.000000
  -0.07402    7.543347    0.564081    0.431892    0.132189    1.940706    0.000000    0.000000    0.000000    0.000000    0.000000    0.000000
  -0.06802    7.488644    0.549281    0.418608    0.130673    1.918861    0.000000    0.000000    0.000000    0.000000    0.000000    0.000000
  -0.06202    7.463137    0.535594    0.405827    0.129767    1.902374    0.000000    0.000000    0.000000    0.000000    0.000000    0.000000
  -0.05602    7.472835    0.523672    0.394063    0.129609    1.892508    0.000000    0.000000    0.000000    0.000000    0.000000    0.000000
  -0.05002    7.521317    0.514064    0.383767    0.130296    1.890088    0.000000    0.000000    0.000000    0.000000    0.000000    0.000000
  -0.04401    7.609319    0.507170    0.375291    0.131879    1.895410    0.000000    0.000000    0.000000    0.000000    0.000000    0.000000
  -0.03801    7.734547    0.503206    0.368853    0.134353    1.908206    0.000000    0.000000    0.000000    0.000000    0.000000    0.000000
  -0.03201    7.891798    0.502182    0.364526    0.137656    1.927652    0.000000    0.000000    0.000000    0.000000    0.000000    0.000000
  -0.02601    8.073378    0.503906    0.362228    0.141678    1.952435    0.000000    0.000000    0.000000    0.000000    0.000000    0.000000
  -0.02001    8.269797    0.508004    0.361740    0.146265    1.980863    0.000000    0.000000    0.000000    0.000000    0.000000    0.000000
  -0.01400    8.470696    0.513962    0.362727    0.151235    2.011028    0.000000    0.000000    0.000000    0.000000    0.000000    0.000000
  -0.00800    8.665881    0.521175    0.364780    0.156395    2.040978    0.000000    0.000000    0.000000    0.000000    0.000000    0.000000
  -0.00200    8.846366    0.529011    0.367455    0.161556    2.068898    0.000000    0.000000    0.000000    0.000000    0.000000    0.000000
   0.00400    9.005281    0.536868    0.370320    0.166548    2.093266    0.000000    0.000000    0.000000    0.000000    0.000000    0.000000
   0.01000    9.138521    0.544225    0.372991    0.171234    2.112969    0.000000    0.000000    0.000000    0.000000    0.000000    0.000000
   0.01601    9.245052    0.550681    0.375164    0.175517    2.127365    0.000000    0.000000    0.000000    0.000000    0.000000    0.000000
   0.02201    9.326807    0.555972    0.376631    0.179341    2.136277    0.000000    0.000000    0.000000    0.000000    0.000000    0.000000
   0.02801    9.388202    0.559971    0.377286    0.182686    2.139933    0.000000    0.000000    0.000000    0.000000    0.000000    0.000000
   0.03401    9.435320    0.562672    0.377112    0.185561    2.138861    0.000000    0.000000    0.000000    0.000000    0.000000    0.000000
   0.04001    9.474876    0.564155    0.376165    0.187990    2.133751    0.000000    0.000000    0.000000    0.000000    0.000000    0.000000
   0.04602    9.513118    0.564547    0.374549    0.189998    2.125320    0.000000    0.000000    0.000000    0.000000    0.000000    0.000000
   0.05202    9.554805    0.563987    0.372386    0.191601    2.114195    0.000000    0.000000    0.000000    0.000000    0.000000    0.000000
   0.05802    9.602405    0.562586    0.369796    0.192789    2.100820    0.000000    0.000000    0.000000    0.000000    0.000000    0.000000
   0.06402    9.655620    0.560406    0.366875    0.193532    2.085422    0.000000    0.000000    0.000000    0.000000    0.000000    0.000000
   0.07002    9.711284    0.557449    0.363681    0.193767    2.068005    0.000000    0.000000    0.000000    0.000000    0.000000    0.000000
   0.07603    9.763656    0.553652    0.360237    0.193416    2.048392    0.000000    0.000000    0.000000    0.000000    0.000000    0.000000
   0.08203    9.805037    0.548908    0.356523    0.192384    2.026286    0.000000    0.000000    0.000000    0.000000    0.000000    0.000000
   0.08803    9.826636    0.543077    0.352496    0.190581    2.001347    0.000000    0.000000    0.000000    0.000000    0.000000    0.000000
   0.09403    9.819586    0.536019    0.348091    0.187928    1.973268    0.000000    0.000000    0.000000    0.000000    0.000000    0.000000
   0.10003    9.775960    0.527619    0.343242    0.184377    1.941838    0.000000    0.000000    0.000000    0.000000    0.000000    0.000000
   0.10604    9.689702    0.517806    0.337890    0.179916    1.907002    0.000000    0.000000    0.000000    0.000000    0.000000    0.000000
   0.11204    9.557351    0.506582    0.332001    0.174580    1.868887    0.000000    0.000000    0.000000    0.000000    0.000000    0.000000
   0.11804    9.378497    0.494027    0.325574    0.168454    1.827829    0.000000    0.000000    0.000000    0.000000    0.000000    0.000000
   0.12404    9.155912    0.480310    0.318644    0.161666    1.784367    0.000000    0.000000    0.000000    0.000000    0.000000    0.000000
   0.13004    8.895350    0.465679    0.311293    0.154386    1.739222    0.000000    0.000000    0.000000    0.000000    0.000000    0.000000
   0.13605    8.605030    0.450449    0.303638    0.146811    1.693260    0.000000    0.000000    0.000000    0.000000    0.000000    0.000000
   0.14205    8.294848    0.434977    0.295827    0.139149    1.647423    0.000000    0.000000    0.000000    0.000000    0.000000    0.000000
   0.14805    7.975418    0.419629    0.288022    0.131607    1.602649    0.000000    0.000000    0.000000    0.000000    0.000000    0.000000
   0.15405    7.657029    0.404748    0.280379    0.124369    1.559768    0.000000    0.000000    0.000000    0.000000    0.000000    0.000000
   0.16005    7.348658    0.390613    0.273030    0.117583    1.519408    0.000000    0.000000    0.000000    0.000000    0.000000    0.000000
   0.16606    7.057148    0.377411    0.266059    0.111352    1.481904    0.000000    0.000000    0.000000    0.000000    0.000000    0.000000
   0.17206    6.786680    0.365215    0.259492    0.105724    1.447240    0.000000    0.000000    0.000000    0.000000    0.000000    0.000000
   0.17806    6.538588    0.353982    0.253286    0.100696    1.415040    0.000000    0.000000    0.000000    0.000000    0.000000    0.000000
   0.18406    6.311561    0.343557    0.247340    0.096217    1.384609    0.000000    0.000000    0.000000    0.000000    0.000000    0.000000
   0.19006    6.102197    0.333704    0.241503    0.092201    1.355025    0.000000    0.000000    0.000000    0.000000    0.000000    0.000000
   0.19607    5.905805    0.324144    0.235601    0.088544    1.325284    0.000000    0.000000    0.000000    0.000000    0.000000    0.000000
   0.20207    5.717361    0.314600    0.229466    0.085134    1.294449    0.000000    0.000000    0.000000    0.000000    0.000000    0.000000
   0.20807    5.532419    0.304842    0.222966    0.081876    1.261814    0.000000    0.000000    0.000000    0.000000    0.000000    0.000000
   0.21407    5.347880    0.294723    0.216027    0.078696    1.227021    0.000000    0.000000    0.000000    0.000000    0.000000    0.000000
   0.22007    5.162461    0.284204    0.208651    0.075554    1.190133    0.000000    0.000000    0.000000    0.000000    0.000000    0.000000
   0.22608    4.976827    0.273360    0.200917    0.072442    1.151629    0.000000    0.000000    0.000000    0.000000    0.000000    0.000000
   0.23208    4.793373    0.262363    0.192977    0.069386    1.112343    0.000000    0.000000    0.000000    0.000000    0.000000    0.000000
   0.23808    4.615724    0.251461    0.185032    0.066430    1.073338    0.000000    0.000000    0.000000    0.000000    0.000000    0.000000
   0.24408    4.448056    0.240940    0.177308    0.063632    1.035756    0.000000    0.000000    0.000000    0.000000    0.000000    0.000000
   0.25008    4.294374    0.231082    0.170032    0.061050    1.000653    0.000000    0.000000    0.000000    0.000000    0.000000    0.000000
   0.25609    4.157892    0.222136    0.163403    0.058734    0.968870    0.000000    0.000000    0.000000    0.000000    0.000000    0.000000
   0.26209    4.040603    0.214294    0.157577    0.056717    0.940940    0.000000    0.000000    0.000000    0.000000    0.000000    0.000000
   0.26809    3.943132    0.207676    0.152660    0.055016    0.917066    0.000000    0.000000    0.000000    0.000000    0.000000    0.000000
   0.27409    3.864861    0.202343    0.148711    0.053632    0.897154    0.000000    0.000000    0.000000    0.000000    0.000000    0.000000
   0.28009    3.804285    0.198304    0.145751    0.052554    0.880895    0.000000    0.000000    0.000000    0.000000    0.000000    0.000000
   0.28610    3.759541    0.195550    0.143784    0.051767    0.867893    0.000000    0.000000    0.000000    0.000000    0.000000    0.000000
   0.29210    3.728973    0.194073    0.142812    0.051261    0.857786    0.000000    0.000000    0.000000    0.000000    0.000000    0.000000
   0.29810    3.711650    0.193892    0.142857    0.051035    0.850367    0.000000    0.000000    0.000000    0.000000    0.000000    0.000000
   0.30410    3.707734    0.195070    0.143965    0.051105    0.845663    0.000000    0.000000    0.000000    0.000000    0.000000    0.000000
   0.31010    3.718645    0.197716    0.146215    0.051501    0.843972    0.000000    0.000000    0.000000    0.000000    0.000000    0.000000
   0.31611    3.746999    0.201983    0.149714    0.052269    0.845845    0.000000    0.000000    0.000000    0.000000    0.000000    0.000000
   0.32211    3.796324    0.208046    0.154583    0.053463    0.852025    0.000000    0.000000    0.000000    0.000000    0.000000    0.000000
   0.32811    3.870625    0.216083    0.160944    0.055140    0.863351    0.000000    0.000000    0.000000    0.000000    0.000000    0.000000
   0.33411    3.973823    0.226245    0.168893    0.057352    0.880640    0.000000    0.000000    0.000000    0.000000    0.000000    0.000000
   0.34011    4.109182    0.238625    0.178489    0.060136    0.904560    0.000000    0.000000    0.000000    0.000000    0.000000    0.000000
   0.34612    4.278751    0.253238    0.189727    0.063510    0.935524    0.000000    0.000000    0.000000    0.000000    0.000000    0.000000
   0.35212    4.482906    0.269993    0.202530    0.067463    0.973591    0.000000    0.000000    0.000000    0.000000    0.000000    0.000000
   0.35812    4.720025    0.288685    0.216733    0.071952    1.018406    0.000000    0.000000    0.000000    0.000000    0.000000    0.000000
   0.36412    4.986307    0.308986    0.232085    0.076901    1.069174    0.000000    0.000000    0.000000    0.000000    0.000000    0.000000
   0.37012    5.275781    0.330449    0.248248    0.082201    1.124664    0.000000    0.000000    0.000000    0.000000    0.000000    0.000000
   0.37613    5.580476    0.352517    0.264806    0.087711    1.183250    0.000000    0.000000    0.000000    0.000000    0.000000    0.000000
   0.38213    5.890764    0.374546    0.281281    0.093265    1.242986    0.000000    0.000000    0.000000    0.000000    0.000000    0.000000
   0.38813    6.195859    0.395828    0.297151    0.098677    1.301706    0.000000    0.000000    0.000000    0.000000    0.000000    0.000000
   0.39413    6.484431    0.415632    0.311879    0.103753    1.357149    0.000000    0.000000    0.000000    0.000000    0.000000    0.000000
   0.40013    6.745314    0.433240    0.324941    0.108299    1.407096    0.000000    0.000000    0.000000    0.000000    0.000000    0.000000
   0.40614    6.968230    0.447994    0.335860    0.112134    1.449510    0.000000    0.000000    0.000000    0.000000    0.000000    0.000000
   0.41214    7.144489    0.459342    0.344239    0.115103    1.482673    0.000000    0.000000    0.000000    0.000000    0.000000    0.000000
   0.41814    7.267581    0.466874    0.349787    0.117088    1.505295    0.000000    0.000000    0.000000    0.000000    0.000000    0.000000
   0.42414    7.333610    0.470356    0.352340    0.118016    1.516600    0.000000    0.000000    0.000000    0.000000    0.000000    0.000000
   0.43014    7.341525    0.469748    0.351880    0.117868    1.516367    0.000000    0.000000    0.000000    0.000000    0.000000    0.000000
   0.43615    7.293129    0.465213    0.348534    0.116678    1.504934    0.000000    0.000000    0.000000    0.000000    0.000000    0.000000
   0.44215    7.192868    0.457098    0.342565    0.114533    1.483150    0.000000    0.000000    0.000000    0.000000    0.000000    0.000000
   0.44815    7.047436    0.445920    0.334354    0.111566    1.452308    0.000000    0.000000    0.000000    0.000000    0.000000    0.000000
   0.45415    6.865246    0.432320    0.324373    0.107947    1.414034    0.000000    0.000000    0.000000    0.000000    0.000000    0.000000
   0.46015    6.655832    0.417026    0.313155    0.103871    1.370179    0.000000    0.000000    0.000000    0.000000    0.000000    0.000000
   0.46616    6.429233    0.400801    0.301256    0.099545    1.322698    0.000000    0.000000    0.000000    0.000000    0.000000    0.000000
   0.47216    6.195418    0.384399    0.289225    0.095174    1.273541    0.000000    0.000000    0.000000    0.000000    0.000000    0.000000
   0.47816    5.963783    0.368521    0.277570    0.090952    1.224551    0.000000    0.000000    0.000000    0.000000    0.000000    0.000000
   0.48416    5.742747    0.353783    0.266735    0.087048    1.177393    0.000000    0.000000    0.000000    0.000000    0.000000    0.000000
   0.49016    5.539448    0.340683    0.257080    0.083603    1.133488    0.000000    0.000000    0.000000    0.000000    0.000000    0.000000
   0.49617    5.359558    0.329592    0.248868    0.080724    1.093977    0.000000    0.000000    0.000000    0.000000    0.000000    0.000000
   0.50217    5.207195    0.320745    0.242262    0.078482    1.059703    0.000000    0.000000    0.000000    0.000000    0.000000    0.000000
   0.50817    5.084959    0.314241    0.237326    0.076915    1.031212    0.000000    0.000000    0.000000    0.000000    0.000000    0.000000
   0.51417    4.994053    0.310062    0.234032    0.076030    1.008776    0.000000    0.000000    0.000000    0.000000    0.000000    0.000000
   0.52017    4.934507    0.308092    0.232279    0.075813    0.992433    0.000000    0.000000    0.000000    0.000000    0.000000    0.000000
   0.52618    4.905460    0.308140    0.231912    0.076229    0.982045    0.000000    0.000000    0.000000    0.000000    0.000000    0.000000
   0.53218    4.905471    0.309976    0.232742    0.077233    0.977356    0.000000    0.000000    0.000000    0.000000    0.000000    0.000000
   0.53818    4.932819    0.313349    0.234573    0.078777    0.978056    0.000000    0.000000    0.000000    0.000000    0.000000    0.000000
   0.54418    4.985721    0.318019    0.237214    0.080805    0.983829    0.000000    0.000000    0.000000    0.000000    0.000000    0.000000
   0.55018    5.062456    0.323764    0.240498    0.083266    0.994377    0.000000    0.000000    0.000000    0.000000    0.000000    0.000000
   0.55619    5.161341    0.330385    0.244285    0.086100    1.009424    0.000000    0.000000    0.000000    0.000000    0.000000    0.000000
   0.56219    5.280576    0.337702    0.248457    0.089245    1.028690    0.000000    0.000000    0.000000    0.000000    0.000000    0.000000
   0.56819    5.417998    0.345538    0.252912    0.092626    1.051837    0.000000    0.000000    0.000000    0.000000    0.000000    0.000000
   0.57419    5.570785    0.353700    0.257547    0.096152    1.078412    0.000000    0.000000    0.000000    0.000000    0.000000    0.000000
   0.58019    5.735196    0.361964    0.262247    0.099717    1.107788    0.000000    0.000000    0.000000    0.000000    0.000000    0.000000
   0.58620    5.906423    0.370063    0.266868    0.103194    1.139126    0.000000    0.000000    0.000000    0.000000    0.000000    0.000000
   0.59220    6.078603    0.377682    0.271236    0.106446    1.171359    0.000000    0.000000    0.000000    0.000000    0.000000    0.000000
   0.59820    6.245024    0.384475    0.275148    0.109327    1.203227    0.000000    0.000000    0.000000    0.000000    0.000000    0.000000
   0.60420    6.398523    0.390078    0.278381    0.111698    1.233328    0.000000    0.000000    0.000000    0.000000    0.000000    0.000000
   0.61020    6.532016    0.394146    0.280712    0.113435    1.260224    0.000000    0.000000    0.000000    0.000000    0.000000    0.000000
   0.61621    6.639116    0.396381    0.281938    0.114443    1.282541    0.000000    0.000000    0.000000    0.000000    0.000000    0.000000
   0.62221    6.714736    0.396566    0.281901    0.114666    1.299092    0.000000    0.000000    0.000000    0.000000    0.000000    0.000000
   0.62821    6.755620    0.394593    0.280502    0.114091    1.308976    0.000000    0.000000    0.000000    0.000000    0.000000    0.000000
   0.63421    6.760718    0.390475    0.277720    0.112755    1.311664    0.000000    0.000000    0.000000    0.000000    0.000000    0.000000
   0.64021    6.731388    0.384354    0.273616    0.110738    1.307045    0.000000    0.000000    0.000000    0.000000    0.000000    0.000000
   0.64622    6.671398    0.376492    0.268333    0.108160    1.295445    0.000000    0.000000    0.000000    0.000000    0.000000    0.000000
   0.65222    6.586731    0.367254    0.262084    0.105170    1.277606    0.000000    0.000000    0.000000    0.000000    0.000000    0.000000
   0.65822    6.485236    0.357082    0.255143    0.101939    1.254638    0.000000    0.000000    0.000000    0.000000    0.000000    0.000000
   0.66422    6.376135    0.346467    0.247824    0.098643    1.227950    0.000000    0.000000    0.000000    0.000000    0.000000    0.000000
   0.67022    6.269430    0.335918    0.240463    0.095455    1.199153    0.000000    0.000000    0.000000    0.000000    0.000000    0.000000
   0.67623    6.175248    0.325933    0.233397    0.092537    1.169964    0.000000    0.000000    0.000000    0.000000    0.000000    0.000000
   0.68223    6.103150    0.316970    0.226945    0.090025    1.142094    0.000000    0.000000    0.000000    0.000000    0.000000    0.000000
   0.68823    6.061434    0.309423    0.221391    0.088032    1.117138    0.000000    0.000000    0.000000    0.000000    0.000000    0.000000
   0.69423    6.056491    0.303602    0.216967    0.086635    1.096472    0.000000    0.000000    0.000000    0.000000    0.000000    0.000000
   0.70023    6.092228    0.299719    0.213842    0.085878    1.081161    0.000000    0.000000    0.000000    0.000000    0.000000    0.000000
   0.70624    6.169636    0.297874    0.212107    0.085767    1.071874    0.000000    0.000000    0.000000    0.000000    0.000000    0.000000
   0.71224    6.286526    0.298050    0.211775    0.086275    1.068840    0.000000    0.000000    0.000000    0.000000    0.000000    0.000000
   0.71824    6.437499    0.300115    0.212775    0.087340    1.071816    0.000000    0.000000    0.000000    0.000000    0.000000    0.000000
   0.72424    6.614162    0.303827    0.214956    0.088871    1.080101    0.000000    0.000000    0.000000    0.000000    0.000000    0.000000
   0.73024    6.805611    0.308850    0.218096    0.090753    1.092582    0.000000    0.000000    0.000000    0.000000    0.000000    0.000000
   0.73625    6.999161    0.314774    0.221917    0.092857    1.107815    0.000000    0.000000    0.000000    0.000000    0.000000    0.000000
   0.74225    7.181271    0.321147    0.226105    0.095042    1.124139    0.000000    0.000000    0.000000    0.000000    0.000000    0.000000
   0.74825    7.338605    0.327506    0.230334    0.097173    1.139819    0.000000    0.000000    0.000000    0.000000    0.000000    0.000000
   0.75425    7.459115    0.333416    0.234294    0.099122    1.153185    0.000000    0.000000    0.000000    0.000000    0.000000    0.000000
   0.76025    7.533060    0.338501    0.237716    0.100785    1.162787    0.000000    0.000000    0.000000    0.000000    0.000000    0.000000
   0.76626    7.553845    0.342480    0.240395    0.102086    1.167522    0.000000    0.000000    0.000000    0.000000    0.000000    0.000000
   0.77226    7.518596    0.345190    0.242209    0.102981    1.166732    0.000000    0.000000    0.000000    0.000000    0.000000    0.000000
   0.77826    7.428397    0.346595    0.243130    0.103465    1.160264    0.000000    0.000000    0.000000    0.000000    0.000000    0.000000
   0.78426    7.288177    0.346792    0.243220    0.103572    1.148477    0.000000    0.000000    0.000000    0.000000    0.000000    0.000000
   0.79026    7.106244    0.345996    0.242628    0.103368    1.132202    0.000000    0.000000    0.000000    0.000000    0.000000    0.000000
   0.79627    6.893508    0.344518    0.241570    0.102948    1.112653    0.000000    0.000000    0.000000    0.000000    0.000000    0.000000
   0.80227    6.662496    0.342727    0.240303    0.102425    1.091306    0.000000    0.000000    0.000000    0.000000    0.000000    0.000000
   0.80827    6.426235    0.341016    0.239097    0.101919    1.069750    0.000000    0.000000    0.000000    0.000000    0.000000    0.000000
   0.81427    6.197141    0.339755    0.238206    0.101549    1.049531    0.000000    0.000000    0.000000    0.000000    0.000000    0.000000
   0.82027    5.986008    0.339257    0.237838    0.101419    1.032008    0.000000    0.000000    0.000000    0.000000    0.000000    0.000000
   0.82628    5.801204    0.339742    0.238134    0.101608    1.018232    0.000000    0.000000    0.000000    0.000000    0.000000    0.000000
   0.83228    5.648144    0.341320    0.239153    0.102167    1.008862    0.000000    0.000000    0.000000    0.000000    0.000000    0.000000
   0.83828    5.529067    0.343980    0.240870    0.103110    1.004122    0.000000    0.000000    0.000000    0.000000    0.000000    0.000000
   0.84428    5.443138    0.347592    0.243174    0.104418    1.003807    0.000000    0.000000    0.000000    0.000000    0.000000    0.000000
   0.85028    5.386811    0.351929    0.245889    0.106040    1.007327    0.000000    0.000000    0.000000    0.000000    0.000000    0.000000
   0.85629    5.354429    0.356682    0.248786    0.107895    1.013787    0.000000    0.000000    0.000000    0.000000    0.000000    0.000000
   0.86229    5.338942    0.361495    0.251612    0.109884    1.022081    0.000000    0.000000    0.000000    0.000000    0.000000    0.000000
   0.86829    5.332682    0.365999    0.254107    0.111892    1.031006    0.000000    0.000000    0.000000    0.000000    0.000000    0.000000
   0.87429    5.328096    0.369832    0.256033    0.113799    1.039363    0.000000    0.000000    0.000000    0.000000    0.000000    0.000000
   0.88029    5.318379    0.372674    0.257186    0.115488    1.046046    0.000000    0.000000    0.000000    0.000000    0.000000    0.000000
   0.88630    5.297956    0.374263    0.257415    0.116848    1.050119    0.000000    0.000000    0.000000    0.000000    0.000000    0.000000
   0.89230    5.262803    0.374407    0.256626    0.117781    1.050866    0.000000    0.000000    0.000000    0.000000    0.000000    0.000000
   0.89830    5.210609    0.372995    0.254787    0.118208    1.047824    0.000000    0.000000    0.000000    0.000000    0.000000    0.000000
   0.90430    5.140807    0.370005    0.251930    0.118075    1.040802    0.000000    0.000000    0.000000    0.000000    0.000000    0.000000
   0.91030    5.054507    0.365501    0.248151    0.117350    1.029886    0.000000    0.000000    0.000000    0.000000    0.000000    0.000000
   0.91631    4.954358    0.359637    0.243601    0.116036    1.015440    0.000000    0.000000    0.000000    0.000000    0.000000    0.000000
   0.92231    4.844368    0.352657    0.238490    0.114167    0.998094    0.000000    0.000000    0.000000    0.000000    0.000000    0.000000
   0.92831    4.729679    0.344887    0.233074    0.111813    0.978727    0.000000    0.000000    0.000000    0.000000    0.000000    0.000000
   0.93431    4.616295    0.336726    0.227649    0.109077    0.958429    0.000000    0.000000    0.000000    0.000000    0.000000    0.000000
   0.94031    4.510763    0.328634    0.222541    0.106093    0.938453    0.000000    0.000000    0.000000    0.000000    0.000000    0.000000
   0.94632    4.419778    0.321102    0.218082    0.103020    0.920146    0.000000    0.000000    0.000000    0.000000    0.000000    0.000000
   0.95232    4.349734    0.314625    0.214596    0.100029    0.904854    0.000000    0.000000    0.000000    0.000000    0.000000    0.000000
   0.95832    4.306233    0.309663    0.212373    0.097290    0.893823    0.000000    0.000000    0.000000    0.000000    0.000000    0.000000
   0.96432    4.293593    0.306604    0.211642    0.094962    0.888088    0.000000    0.000000    0.000000    0.000000    0.000000    0.000000
   0.97032    4.314417    0.305724    0.212552    0.093171    0.888377    0.000000    0.000000    0.000000    0.000000    0.000000    0.000000
   0.97633    4.369278    0.307160    0.215152    0.092008    0.895032    0.000000    0.000000    0.000000    0.000000    0.000000    0.000000
   0.98233    4.456571    0.310894    0.219384    0.091510    0.907964    0.000000    0.000000    0.000000    0.000000    0.000000    0.000000
   0.98833    4.572575    0.316744    0.225081    0.091663    0.926655    0.000000    0.000000    0.000000    0.000000    0.000000    0.000000
   0.99433    4.711707    0.324385    0.231981    0.092404    0.950197    0.000000    0.000000    0.000000    0.000000    0.000000    0.000000
   1.00033    4.866953    0.333369    0.239746    0.093622    0.977363    0.000000    0.000000    0.000000    0.000000    0.000000    0.000000
   1.00634    5.030410    0.343163    0.247985    0.095177    1.006714    0.000000    0.000000    0.000000    0.000000    0.000000    0.000000
   1.01234    5.193856    0.353192    0.256284    0.096907    1.036704    0.000000    0.000000    0.000000    0.000000    0.000000    0.000000
   1.01834    5.349280    0.362878    0.264232    0.098646    1.065784    0.000000    0.000000    0.000000    0.000000    0.000000    0.000000
   1.02434    5.489303    0.371676    0.271443    0.100233    1.092488    0.000000    0.000000    0.000000    0.000000    0.000000    0.000000
   1.03034    5.607460    0.379103    0.277576    0.101527    1.115491    0.000000    0.000000    0.000000    0.000000    0.000000    0.000000
   1.03635    5.698338    0.384750    0.282339    0.102411    1.133648    0.000000    0.000000    0.000000    0.000000    0.000000    0.000000
   1.04235    5.757612    0.388301    0.285502    0.102799    1.146003    0.000000    0.000000    0.000000    0.000000    0.000000    0.000000
   1.04835    5.782022    0.389529    0.286894    0.102634    1.151797    0.000000    0.000000    0.000000    0.000000    0.000000    0.000000
   1.05435    5.769361    0.388303    0.286408    0.101895    1.150473    0.000000    0.000000    0.000000    0.000000    0.000000    0.000000
   1.06035    5.718527    0.384593    0.284005    0.100588    1.141695    0.000000    0.000000    0.000000    0.000000    0.000000    0.000000
   1.06636    5.629650    0.378472    0.279717    0.098755    1.125380    0.000000    0.000000    0.000000    0.000000    0.000000    0.000000
   1.07236    5.504305    0.370128    0.273659    0.096469    1.101740    0.000000    0.000000    0.000000    0.000000    0.000000    0.000000
   1.07836    5.345758    0.359872    0.266038    0.093834    1.071331    0.000000    0.000000    0.000000    0.000000    0.000000    0.000000
   1.08436    5.159166    0.348142    0.257152    0.090989    1.035094    0.000000    0.000000    0.000000    0.000000    0.000000    0.000000
   1.09036    4.951683    0.335499    0.247396    0.088103    0.994364    0.000000    0.000000    0.000000    0.000000    0.000000    0.000000
   1.09637    4.732362    0.322614    0.237245    0.085370    0.950854    0.000000    0.000000    0.000000    0.000000    0.000000    0.000000
   1.10237    4.511840    0.310237    0.227237    0.083000    0.906580    0.000000    0.000000    0.000000    0.000000    0.000000    0.000000
   1.10837    4.301774    0.299152    0.217940    0.081212    0.863757    0.000000    0.000000    0.000000    0.000000    0.000000    0.000000
   1.11437    4.114079    0.290123    0.209911    0.080212    0.824644    0.000000    0.000000    0.000000    0.000000    0.000000    0.000000
   1.12037    3.960023    0.283830    0.203651    0.080179    0.791379    0.000000    0.000000    0.000000    0.000000    0.000000    0.000000
   1.12638    3.849296    0.280812    0.199564    0.081247    0.765807    0.000000    0.000000    0.000000    0.000000    0.000000    0.000000
   1.13238    3.789156    0.281411    0.197919    0.083492    0.749325    0.000000    0.000000    0.000000    0.000000    0.000000    0.000000
   1.13838    3.783750    0.285737    0.198822    0.086915    0.742768    0.000000    0.000000    0.000000    0.000000    0.000000    0.000000
   1.14438    3.833706    0.293648    0.202206    0.091442    0.746345    0.000000    0.000000    0.000000    0.000000    0.000000    0.000000
   1.15038    3.936023    0.304756    0.207835    0.096922    0.759622    0.000000    0.000000    0.000000    0.000000    0.000000    0.000000
   1.15639    4.084275    0.318451    0.215318    0.103133    0.781574    0.000000    0.000000    0.000000    0.000000    0.000000    0.000000
   1.16239    4.269100    0.333945    0.224147    0.109798    0.810662    0.000000    0.000000    0.000000    0.000000    0.000000    0.000000
   1.16839    4.478897    0.350328    0.233728    0.116600    0.844960    0.000000    0.000000    0.000000    0.000000    0.000000    0.000000
   1.17439    4.700665    0.366632    0.243428    0.123203    0.882288    0.000000    0.000000    0.000000    0.000000    0.000000    0.000000
   1.18039    4.920900    0.381895    0.252619    0.129275    0.920356    0.000000    0.000000    0.000000    0.000000    0.000000    0.000000
   1.18640    5.126473    0.395218    0.260713    0.134506    0.956898    0.000000    0.000000    0.000000    0.000000    0.000000    0.000000
   1.19240    5.305422    0.405819    0.267193    0.138626    0.989798    0.000000    0.000000    0.000000    0.000000    0.000000    0.000000
   1.19840    5.447640    0.413068    0.271646    0.141422    1.017193    0.000000    0.000000    0.000000    0.000000    0.000000    0.000000
   1.20440    5.545408    0.416517    0.273770    0.142747    1.037566    0.000000    0.000000    0.000000    0.000000    0.000000    0.000000
   1.21040    5.593789    0.415918    0.273393    0.142525    1.049819    0.000000    0.000000    0.000000    0.000000    0.000000    0.000000
   1.21641    5.590868    0.411230    0.270475    0.140755    1.053332    0.000000    0.000000    0.000000    0.000000    0.000000    0.000000
   1.22241    5.537837    0.402613    0.265104    0.137509    1.048001    0.000000    0.000000    0.000000    0.000000    0.000000    0.000000
   1.22841    5.438929    0.390423    0.257497    0.132926    1.034253    0.000000    0.000000    0.000000    0.000000    0.000000    0.000000
   1.23441    5.301198    0.375187    0.247982    0.127205    1.013037    0.000000    0.000000    0.000000    0.000000    0.000000    0.000000
   1.24041    5.134131    0.357581    0.236989    0.120592    0.985784    0.000000    0.000000    0.000000    0.000000    0.000000    0.000000
   1.24642    4.949118    0.338393    0.225024    0.113369    0.954329    0.000000    0.000000    0.000000    0.000000    0.000000    0.000000
   1.25242    4.758768    0.318482    0.212644    0.105837    0.920803    0.000000    0.000000    0.000000    0.000000    0.000000    0.000000
   1.25842    4.576136    0.298728    0.200428    0.098300    0.887492    0.000000    0.000000    0.000000    0.000000    0.000000    0.000000
   1.26442    4.413872    0.279989    0.188940    0.091049    0.856679    0.000000    0.000000    0.000000    0.000000    0.000000    0.000000
   1.27042    4.283387    0.263040    0.178696    0.084345    0.830480    0.000000    0.000000    0.000000    0.000000    0.000000    0.000000
   1.27643    4.194083    0.248537    0.170131    0.078406    0.810685    0.000000    0.000000    0.000000    0.000000    0.000000    0.000000
   1.28243    4.152724    0.236973    0.163573    0.073401    0.798626    0.000000    0.000000    0.000000    0.000000    0.000000    0.000000
   1.28843    4.163002    0.228653    0.159220    0.069433    0.795082    0.000000    0.000000    0.000000    0.000000    0.000000    0.000000
   1.29443    4.225341    0.223679    0.157133    0.066547    0.800227    0.000000    0.000000    0.000000    0.000000    0.000000    0.000000
   1.30043    4.336955    0.221956    0.157233    0.064724    0.813637    0.000000    0.000000    0.000000    0.000000    0.000000    0.000000
   1.30644    4.492145    0.223205    0.159314    0.063891    0.834340    0.000000    0.000000    0.000000    0.000000    0.000000    0.000000
   1.31244    4.682811    0.226990    0.163062    0.063927    0.860912    0.000000    0.000000    0.000000    0.000000    0.000000    0.000000
   1.31844    4.899110    0.232763    0.168084    0.064679    0.891605    0.000000    0.000000    0.000000    0.000000    0.000000    0.000000
   1.32444    5.130211    0.239904    0.173937    0.065967    0.924498    0.000000    0.000000    0.000000    0.000000    0.000000    0.000000
   1.33044    5.365059    0.247769    0.180163    0.067607    0.957643    0.000000    0.000000    0.000000    0.000000    0.000000    0.000000
   1.33645    5.593102    0.255737    0.186322    0.069415    0.989208    0.000000    0.000000    0.000000    0.000000    0.000000    0.000000
   1.34245    5.804905    0.263244    0.192017    0.071227    1.017597    0.000000    0.000000    0.000000    0.000000    0.000000    0.000000
   1.34845    5.992634    0.269819    0.196919    0.072899    1.041539    0.000000    0.000000    0.000000    0.000000    0.000000    0.000000
   1.35445    6.150374    0.275099    0.200778    0.074321    1.060143    0.000000    0.000000    0.000000    0.000000    0.000000    0.000000
   1.36045    6.274297    0.278845    0.203430    0.075415    1.072916    0.000000    0.000000    0.000000    0.000000    0.000000    0.000000
   1.36646    6.362679    0.280940    0.204800    0.076139    1.079757    0.000000    0.000000    0.000000    0.000000    0.000000    0.000000
   1.37246    6.415801    0.281380    0.204893    0.076487    1.080919    0.000000    0.000000    0.000000    0.000000    0.000000    0.000000
   1.37846    6.435746    0.280262    0.203784    0.076478    1.076953    0.000000    0.000000    0.000000    0.000000    0.000000    0.000000
   1.38446    6.426135    0.277767    0.201608    0.076158    1.068648    0.000000    0.000000    0.000000    0.000000    0.000000    0.000000
   1.39046    6.391808    0.274136    0.198543    0.075593    1.056952    0.000000    0.000000    0.000000    0.000000    0.000000    0.000000
   1.39647    6.338466    0.269654    0.194797    0.074857    1.042913    0.000000    0.000000    0.000000    0.000000    0.000000    0.000000
   1.40247    6.272295    0.264626    0.190594    0.074033    1.027603    0.000000    0.000000    0.000000    0.000000    0.000000    0.000000
   1.40847    6.199568    0.259361    0.186159    0.073202    1.012061    0.000000    0.000000    0.000000    0.000000    0.000000    0.000000
   1.41447    6.126250    0.254151    0.181710    0.072441    0.997236    0.000000    0.000000    0.000000    0.000000    0.000000    0.000000
   1.42047    6.057618    0.249257    0.177443    0.071814    0.983941    0.000000    0.000000    0.000000    0.000000    0.000000    0.000000
   1.42648    5.997935    0.244898    0.173525    0.071373    0.972810    0.000000    0.000000    0.000000    0.000000    0.000000    0.000000
   1.43248    5.950187    0.241234    0.170083    0.071151    0.964271    0.000000    0.000000    0.000000    0.000000    0.000000    0.000000
   1.43848    5.915936    0.238362    0.167202    0.071159    0.958528    0.000000    0.000000    0.000000    0.000000    0.000000    0.000000
   1.44448    5.895301    0.236311    0.164920    0.071390    0.955560    0.000000    0.000000    0.000000    0.000000    0.000000    0.000000
   1.45048    5.887074    0.235043    0.163230    0.071812    0.955139    0.000000    0.000000    0.000000    0.000000    0.000000    0.000000
   1.45649    5.888975    0.234460    0.162083    0.072377    0.956859    0.000000    0.000000    0.000000    0.000000    0.000000    0.000000
   1.46249    5.898004    0.234417    0.161397    0.073020    0.960185    0.000000    0.000000    0.000000    0.000000    0.000000    0.000000
   1.46849    5.910861    0.234734    0.161068    0.073666    0.964509    0.000000    0.000000    0.000000    0.000000    0.000000    0.000000
   1.47449    5.924370    0.235220    0.160983    0.074237    0.969214    0.000000    0.000000    0.000000    0.000000    0.000000    0.000000
   1.48049    5.935848    0.235690    0.161032    0.074658    0.973733    0.000000    0.000000    0.000000    0.000000    0.000000    0.000000
   1.48650    5.943378    0.235985    0.161118    0.074866    0.977597    0.000000    0.000000    0.000000    0.000000    0.000000    0.000000
   1.49250    5.945936    0.235983    0.161170    0.074813    0.980471    0.000000    0.000000    0.000000    0.000000    0.000000    0.000000
   1.49850    5.943376    0.235615    0.161143    0.074472    0.982166    0.000000    0.000000    0.000000    0.000000    0.000000    0.000000
   1.50450    5.936257    0.234858    0.161020    0.073838    0.982631    0.000000    0.000000    0.000000    0.000000    0.000000    0.000000
   1.51050    5.925563    0.233739    0.160810    0.072929    0.981923    0.000000    0.000000    0.000000    0.000000    0.000000    0.000000
   1.51651    5.912341    0.232314    0.160536    0.071778    0.980165    0.000000    0.000000    0.000000    0.000000    0.000000    0.000000
   1.52251    5.897319    0.230659    0.160226    0.070433    0.977487    0.000000    0.000000    0.000000    0.000000    0.000000    0.000000
   1.52851    5.880558    0.228845    0.159899    0.068946    0.973968    0.000000    0.000000    0.000000    0.000000    0.000000    0.000000
   1.53451    5.861176    0.226922    0.159556    0.067366    0.969584    0.000000    0.000000    0.000000    0.000000    0.000000    0.000000
   1.54051    5.837188    0.224899    0.159164    0.065735    0.964159    0.000000    0.000000    0.000000    0.000000    0.000000    0.000000
   1.54652    5.805493    0.222735    0.158658    0.064077    0.957350    0.000000    0.000000    0.000000    0.000000    0.000000    0.000000
   1.55252    5.761999    0.220334    0.157932    0.062402    0.948640    0.000000    0.000000    0.000000    0.000000    0.000000    0.000000
   1.55852    5.701911    0.217545    0.156848    0.060697    0.937369    0.000000    0.000000    0.000000    0.000000    0.000000    0.000000
   1.56452    5.620131    0.214180    0.155246    0.058934    0.922785    0.000000    0.000000    0.000000    0.000000    0.000000    0.000000
   1.57052    5.511765    0.210030    0.152955    0.057075    0.904120    0.000000    0.000000    0.000000    0.000000    0.000000    0.000000
   1.57653    5.372687    0.204895    0.149819    0.055076    0.880679    0.000000    0.000000    0.000000    0.000000    0.000000    0.000000
   1.58253    5.200091    0.198608    0.145709    0.052899    0.851938    0.000000    0.000000    0.000000    0.000000    0.000000    0.000000
   1.58853    4.993004    0.191065    0.140549    0.050515    0.817638    0.000000    0.000000    0.000000    0.000000    0.000000    0.000000
   1.59453    4.752675    0.182248    0.134328    0.047920    0.777858    0.000000    0.000000    0.000000    0.000000    0.000000    0.000000
   1.60053    4.482798    0.172244    0.127112    0.045132    0.733069    0.000000    0.000000    0.000000    0.000000    0.000000    0.000000
   1.60654    4.189537    0.161247    0.119048    0.042199    0.684146    0.000000    0.000000    0.000000    0.000000    0.000000    0.000000
   1.61254    3.881331    0.149556    0.110358    0.039198    0.632345    0.000000    0.000000    0.000000    0.000000    0.000000    0.000000
   1.61854    3.568478    0.137560    0.101329    0.036231    0.579244    0.000000    0.000000    0.000000    0.000000    0.000000    0.000000
   1.62454    3.262549    0.125714    0.092294    0.033419    0.526647    0.000000    0.000000    0.000000    0.000000    0.000000    0.000000
   1.63054    2.975652    0.114505    0.083610    0.030895    0.476470    0.000000    0.000000    0.000000    0.000000    0.000000    0.000000
   1.63655    2.719645    0.104422    0.075630    0.028793    0.430613    0.000000    0.000000    0.000000    0.000000    0.000000    0.000000
   1.64255    2.505342    0.095922    0.068684    0.027238    0.390835    0.000000    0.000000    0.000000    0.000000    0.000000    0.000000
   1.64855    2.341798    0.089393    0.063054    0.026339    0.358641    0.000000    0.000000    0.000000    0.000000    0.000000    0.000000
   1.65455    2.235728    0.085137    0.058959    0.026178    0.335191    0.000000    0.000000    0.000000    0.000000    0.000000    0.000000
   1.66055    2.191096    0.083345    0.056540    0.026805    0.321238    0.000000    0.000000    0.000000    0.000000    0.000000    0.000000
   1.66656    2.208905    0.084092    0.055859    0.028233    0.317095    0.000000    0.000000    0.000000    0.000000    0.000000    0.000000
   1.67256    2.287198    0.087331    0.056895    0.030436    0.322637    0.000000    0.000000    0.000000    0.000000    0.000000    0.000000
   1.67856    2.421246    0.092903    0.059552    0.033351    0.337323    0.000000    0.000000    0.000000    0.000000    0.000000    0.000000
   1.68456    2.603907    0.100544    0.063665    0.036878    0.360243    0.000000    0.000000    0.000000    0.000000    0.000000    0.000000
   1.69056    2.826112    0.109906    0.069018    0.040888    0.390186    0.000000    0.000000    0.000000    0.000000    0.000000    0.000000
   1.69657    3.077452    0.120579    0.075352    0.045228    0.425712    0.000000    0.000000    0.000000    0.000000    0.000000    0.000000
   1.70257    3.346801    0.132111    0.082383    0.049728    0.465234    0.000000    0.000000    0.000000    0.000000    0.000000    0.000000
   1.70857    3.622941    0.144033    0.089818    0.054215    0.507099    0.000000    0.000000    0.000000    0.000000    0.000000    0.000000
   1.71457    3.895153    0.155887    0.097366    0.058521    0.549664    0.000000    0.000000    0.000000    0.000000    0.000000    0.000000
   1.72057    4.153720    0.167246    0.104755    0.062490    0.591371    0.000000    0.000000    0.000000    0.000000    0.000000    0.000000
   1.72658    4.390340    0.177731    0.111738    0.065993    0.630807    0.000000    0.000000    0.000000    0.000000    0.000000    0.000000
   1.73258    4.598406    0.187032    0.118105    0.068926    0.666752    0.000000    0.000000    0.000000    0.000000    0.000000    0.000000
   1.73858    4.773174    0.194915    0.123689    0.071226    0.698223    0.000000    0.000000    0.000000    0.000000    0.000000    0.000000
   1.74458    4.911810    0.201232    0.128369    0.072863    0.724495    0.000000    0.000000    0.000000    0.000000    0.000000    0.000000
   1.75058    5.013346    0.205919    0.132074    0.073846    0.745115    0.000000    0.000000    0.000000    0.000000    0.000000    0.000000
   1.75659    5.078560    0.208996    0.134781    0.074216    0.759910    0.000000    0.000000    0.000000    0.000000    0.000000    0.000000
   1.76259    5.109830    0.210562    0.136518    0.074044    0.768978    0.000000    0.000000    0.000000    0.000000    0.000000    0.000000
   1.76859    5.110959    0.210788    0.137363    0.073425    0.772682    0.000000    0.000000    0.000000    0.000000    0.000000    0.000000
   1.77459    5.087010    0.209906    0.137437    0.072469    0.771633    0.000000    0.000000    0.000000    0.000000    0.000000    0.000000
   1.78059    5.044158    0.208203    0.136907    0.071296    0.766669    0.000000    0.000000    0.000000    0.000000    0.000000    0.000000
   1.78660    4.989531    0.206007    0.135977    0.070030    0.758833    0.000000    0.000000    0.000000    0.000000    0.000000    0.000000
   1.79260    4.931050    0.203680    0.134885    0.068795    0.749342    0.000000    0.000000    0.000000    0.000000    0.000000    0.000000
   1.79860    4.877216    0.201605    0.133895    0.067710    0.739541    0.000000    0.000000    0.000000    0.000000    0.000000    0.000000
   1.80460    4.836843    0.200169    0.133281    0.066888    0.730857    0.000000    0.000000    0.000000    0.000000    0.000000    0.000000
   1.81060    4.818697    0.199749    0.133321    0.066428    0.724733    0.000000    0.000000    0.000000    0.000000    0.000000    0.000000
   1.81661    4.831041    0.200693    0.134275    0.066418    0.722547    0.000000    0.000000    0.000000    0.000000    0.000000    0.000000
   1.82261    4.881106    0.203295    0.136367    0.066927    0.725526    0.000000    0.000000    0.000000    0.000000    0.000000    0.000000
   1.82861    4.974507    0.207775    0.139771    0.068003    0.734652    0.000000    0.000000    0.000000    0.000000    0.000000    0.000000
   1.83461    5.114662    0.214254    0.144586    0.069669    0.750572    0.000000    0.000000    0.000000    0.000000    0.000000    0.000000
   1.84061    5.302279    0.222736    0.150822    0.071914    0.773516    0.000000    0.000000    0.000000    0.000000    0.000000    0.000000
   1.84662    5.534978    0.233089    0.158392    0.074697    0.803238    0.000000    0.000000    0.000000    0.000000    0.000000    0.000000
   1.85262    5.807119    0.245045    0.167107    0.077939    0.838992    0.000000    0.000000    0.000000    0.000000    0.000000    0.000000
   1.85862    6.109885    0.258201    0.176675    0.081525    0.879538    0.000000    0.000000    0.000000    0.000000    0.000000    0.000000
   1.86462    6.431656    0.272033    0.186722    0.085311    0.923196    0.000000    0.000000    0.000000    0.000000    0.000000    0.000000
   1.87062    6.758663    0.285932    0.196807    0.089125    0.967949    0.000000    0.000000    0.000000    0.000000    0.000000    0.000000
   1.87663    7.075894    0.299237    0.206456    0.092782    1.011568    0.000000    0.000000    0.000000    0.000000    0.000000    0.000000
   1.88263    7.368182    0.311286    0.215193    0.096093    1.051785    0.000000    0.000000    0.000000    0.000000    0.000000    0.000000
   1.88863    7.621367    0.321467    0.222584    0.098883    1.086462    0.000000    0.000000    0.000000    0.000000    0.000000    0.000000
   1.89463    7.823438    0.329269    0.228267    0.101002    1.113767    0.000000    0.000000    0.000000    0.000000    0.000000    0.000000
   1.90063    7.965511    0.334328    0.231986    0.102342    1.132324    0.000000    0.000000    0.000000    0.000000    0.000000    0.000000
   1.90664    8.042561    0.336457    0.233615    0.102843    1.141331    0.000000    0.000000    0.000000    0.000000    0.000000    0.000000
   1.91264    8.053808    0.335664    0.233166    0.102499    1.140616    0.000000    0.000000    0.000000    0.000000    0.000000    0.000000
   1.91864    8.002731    0.332154    0.230791    0.101363    1.130649    0.000000    0.000000    0.000000    0.000000    0.000000    0.000000
   1.92464    7.896707    0.326309    0.226770    0.099538    1.112490    0.000000    0.000000    0.000000    0.000000    0.000000    0.000000
   1.93064    7.746318    0.318655    0.221482    0.097174    1.087683    0.000000    0.000000    0.000000    0.000000    0.000000    0.000000
   1.93665    7.564414    0.309820    0.215373    0.094447    1.058120    0.000000    0.000000    0.000000    0.000000    0.000000    0.000000
   1.94265    7.365041    0.300478    0.208925    0.091553    1.025878    0.000000    0.000000    0.000000    0.000000    0.000000    0.000000
   1.94865    7.162339    0.291298    0.202609    0.088689    0.993051    0.000000    0.000000    0.000000    0.000000    0.000000    0.000000
   1.95465    6.969537    0.282896    0.196858    0.086038    0.961598    0.000000    0.000000    0.000000    0.000000    0.000000    0.000000
   1.96065    6.798106    0.275790    0.192032    0.083758    0.933214    0.000000    0.000000    0.000000    0.000000    0.000000    0.000000
   1.96666    6.657146    0.270376    0.188402    0.081974    0.909233    0.000000    0.000000    0.000000    0.000000    0.000000    0.000000
   1.97266    6.553019    0.266908    0.186138    0.080770    0.890583    0.000000    0.000000    0.000000    0.000000    0.000000    0.000000
   1.97866    6.489214    0.265491    0.185302    0.080189    0.877759    0.000000    0.000000    0.000000    0.000000    0.000000    0.000000
   1.98466    6.466437    0.266095    0.185863    0.080232    0.870849    0.000000    0.000000    0.000000    0.000000    0.000000    0.000000
   1.99066    6.482851    0.268560    0.187698    0.080862    0.869570    0.000000    0.000000    0.000000    0.000000    0.000000    0.000000
   1.99667    6.534457    0.272631    0.190621    0.082010    0.873340    0.000000    0.000000    0.000000    0.000000    0.000000    0.000000
   2.00267    6.615548    0.277975    0.194394    0.083582    0.881350    0.000000    0.000000    0.000000    0.000000    0.000000    0.000000
   2.00867    6.719226    0.284218    0.198753    0.085465    0.892647    0.000000    0.000000    0.000000    0.000000    0.000000    0.000000
   2.01467    6.837946    0.290972    0.203430    0.087542    0.906221    0.000000    0.000000    0.000000    0.000000    0.000000    0.000000
   2.02067    6.964063    0.297869    0.208175    0.089694    0.921087    0.000000    0.000000    0.000000    0.000000    0.000000    0.000000
   2.02668    7.090373    0.304585    0.212768    0.091816    0.936358    0.000000    0.000000    0.000000    0.000000    0.000000    0.000000
   2.03268    7.210594    0.310866    0.217042    0.093823    0.951308    0.000000    0.000000    0.000000    0.000000    0.000000    0.000000
   2.03868    7.319771    0.316543    0.220886    0.095657    0.965418    0.000000    0.000000    0.000000    0.000000    0.000000    0.000000
   2.04468    7.414548    0.321542    0.224251    0.097291    0.978398    0.000000    0.000000    0.000000    0.000000    0.000000    0.000000
   2.05068    7.493286    0.325879    0.227146    0.098733    0.990185    0.000000    0.000000    0.000000    0.000000    0.000000    0.000000
   2.05669    7.555986    0.329652    0.229632    0.100020    1.000909    0.000000    0.000000    0.000000    0.000000    0.000000    0.000000
   2.06269    7.604029    0.333016    0.231801    0.101215    1.010846    0.000000    0.000000    0.000000    0.000000    0.000000    0.000000
   2.06869    7.639742    0.336154    0.233759    0.102395    1.020331    0.000000    0.000000    0.000000    0.000000    0.000000    0.000000
   2.07469    7.665854    0.339244    0.235608    0.103637    1.029684    0.000000    0.000000    0.000000    0.000000    0.000000    0.000000
   2.08069    7.684901    0.342425    0.237416    0.105009    1.039115    0.000000    0.000000    0.000000    0.000000    0.000000    0.000000
   2.08670    7.698674    0.345765    0.239213    0.106552    1.048657    0.000000    0.000000    0.000000    0.000000    0.000000    0.000000
   2.09270    7.707779    0.349243    0.240969    0.108274    1.058115    0.000000    0.000000    0.000000    0.000000    0.000000    0.000000
   2.09870    7.711387    0.352740    0.242600    0.110140    1.067052    0.000000    0.000000    0.000000    0.000000    0.000000    0.000000
   2.10470    7.707209    0.356045    0.243972    0.112073    1.074804    0.000000    0.000000    0.000000    0.000000    0.000000    0.000000
   2.11070    7.691695    0.358870    0.244914    0.113956    1.080540    0.000000    0.000000    0.000000    0.000000    0.000000    0.000000
   2.11671    7.660454    0.360881    0.245238    0.115643    1.083333    0.000000    0.000000    0.000000    0.000000    0.000000    0.000000
   2.12271    7.608807    0.361735    0.244762    0.116973    1.082265    0.000000    0.000000    0.000000    0.000000    0.000000    0.000000
   2.12871    7.532426    0.361112    0.243332    0.117781    1.076528    0.000000    0.000000    0.000000    0.000000    0.000000    0.000000
   2.13471    7.427978    0.358760    0.240839    0.117921    1.065515    0.000000    0.000000    0.000000    0.000000    0.000000    0.000000
   2.14071    7.293676    0.354516    0.237238    0.117278    1.048910    0.000000    0.000000    0.000000    0.000000    0.000000    0.000000
   2.14672    7.129702    0.348332    0.232549    0.115783    1.026729    0.000000    0.000000    0.000000    0.000000    0.000000    0.000000
   2.15272    6.938447    0.340285    0.226861    0.113424    0.999357    0.000000    0.000000    0.000000    0.000000    0.000000    0.000000
   2.15872    6.724555    0.330577    0.220330    0.110246    0.967535    0.000000    0.000000    0.000000    0.000000    0.000000    0.000000
   2.16472    6.494776    0.319522    0.213166    0.106356    0.932335    0.000000    0.000000    0.000000    0.000000    0.000000    0.000000
   2.17072    6.257638    0.307534    0.205620    0.101914    0.895097    0.000000    0.000000    0.000000    0.000000    0.000000    0.000000
   2.17673    6.022991    0.295099    0.197975    0.097123    0.857363    0.000000    0.000000    0.000000    0.000000    0.000000    0.000000
   2.18273    5.801439    0.282750    0.190530    0.092219    0.820788    0.000000    0.000000    0.000000    0.000000    0.000000    0.000000
   2.18873    5.603719    0.271037    0.183585    0.087452    0.787044    0.000000    0.000000    0.000000    0.000000    0.000000    0.000000
   2.19473    5.440056    0.260498    0.177430    0.083067    0.757732    0.000000    0.000000    0.000000    0.000000    0.000000    0.000000
   2.20073    5.319538    0.251626    0.172332    0.079294    0.734283    0.000000    0.000000    0.000000    0.000000    0.000000    0.000000
   2.20674    5.249537    0.244848    0.168524    0.076324    0.717879    0.000000    0.000000    0.000000    0.000000    0.000000    0.000000
   2.21274    5.235214    0.240497    0.166191    0.074306    0.709375    0.000000    0.000000    0.000000    0.000000    0.000000    0.000000
   2.21874    5.279122    0.238790    0.165461    0.073329    0.709240    0.000000    0.000000    0.000000    0.000000    0.000000    0.000000
   2.22474    5.380941    0.239813    0.166394    0.073420    0.717512    0.000000    0.000000    0.000000    0.000000    0.000000    0.000000
   2.23074    5.537349    0.243510    0.168969    0.074542    0.733782    0.000000    0.000000    0.000000    0.000000    0.000000    0.000000
   2.23675    5.742065    0.249676    0.173081    0.076595    0.757187    0.000000    0.000000    0.000000    0.000000    0.000000    0.000000
   2.24275    5.986049    0.257961    0.178536    0.079425    0.786440    0.000000    0.000000    0.000000    0.000000    0.000000    0.000000
   2.24875    6.257892    0.267881    0.185054    0.082827    0.819879    0.000000    0.000000    0.000000    0.000000    0.000000    0.000000
   2.25475    6.544374    0.278838    0.192275    0.086563    0.855547    0.000000    0.000000    0.000000    0.000000    0.000000    0.000000
   2.26075    6.831182    0.290151    0.199779    0.090372    0.891289    0.000000    0.000000    0.000000    0.000000    0.000000    0.000000
   2.26676    7.103760    0.301091    0.207103    0.093988    0.924878    0.000000    0.000000    0.000000    0.000000    0.000000    0.000000
   2.27276    7.348225    0.310931    0.213774    0.097157    0.954147    0.000000    0.000000    0.000000    0.000000    0.000000    0.000000
   2.27876    7.552304    0.318986    0.219338    0.099648    0.977129    0.000000    0.000000    0.000000    0.000000    0.000000    0.000000
   2.28476    7.706189    0.324669    0.223395    0.101273    0.992189    0.000000    0.000000    0.000000    0.000000    0.000000    0.000000
   2.29076    7.803219    0.327525    0.225627    0.101898    0.998139    0.000000    0.000000    0.000000    0.000000    0.000000    0.000000
   2.29677    7.840321    0.327271    0.225824    0.101447    0.994317    0.000000    0.000000    0.000000    0.000000    0.000000    0.000000
   2.30277    7.818118    0.323807    0.223898    0.099909    0.980629    0.000000    0.000000    0.000000    0.000000    0.000000    0.000000
   2.30877    7.740694    0.317220    0.219886    0.097333    0.957538    0.000000    0.000000    0.000000    0.000000    0.000000    0.000000
   2.31477    7.615016    0.307771    0.213945    0.093826    0.926013    0.000000    0.000000    0.000000    0.000000    0.000000    0.000000
   2.32077    7.450079    0.295864    0.206328    0.089535    0.887424    0.000000    0.000000    0.000000    0.000000    0.000000    0.000000
   2.32678    7.255873    0.282002    0.197361    0.084641    0.843420    0.000000    0.000000    0.000000    0.000000    0.000000    0.000000
   2.33278    7.042319    0.266746    0.187409    0.079337    0.795775    0.000000    0.000000    0.000000    0.000000    0.000000    0.000000
   2.33878    6.818306    0.250659    0.176844    0.073815    0.746252    0.000000    0.000000    0.000000    0.000000    0.000000    0.000000
   2.34478    6.590966    0.234275    0.166020    0.068255    0.696477    0.000000    0.000000    0.000000    0.000000    0.000000    0.000000
   2.35078    6.365281    0.218063    0.155249    0.062814    0.647842    0.000000    0.000000    0.000000    0.000000    0.000000    0.000000
   2.35679    6.144068    0.202408    0.144789    0.057619    0.601461    0.000000    0.000000    0.000000    0.000000    0.000000    0.000000
   2.36279    5.928308    0.187613    0.134843    0.052770    0.558156    0.000000    0.000000    0.000000    0.000000    0.000000    0.000000
   2.36879    5.717763    0.173903    0.125565    0.048339    0.518480    0.000000    0.000000    0.000000    0.000000    0.000000    0.000000
   2.37479    5.511744    0.161443    0.117067    0.044376    0.482780    0.000000    0.000000    0.000000    0.000000    0.000000    0.000000
   2.38079    5.309908    0.150356    0.109440    0.040915    0.451253    0.000000    0.000000    0.000000    0.000000    0.000000    0.000000
   2.38680    5.112929    0.140744    0.102760    0.037984    0.424023    0.000000    0.000000    0.000000    0.000000    0.000000    0.000000
   2.39280    4.922953    0.132707    0.097102    0.035605    0.401195    0.000000    0.000000    0.000000    0.000000    0.000000    0.000000
   2.39880    4.743747    0.126345    0.092548    0.033797    0.382890    0.000000    0.000000    0.000000    0.000000    0.000000    0.000000
   2.40480    4.580556    0.121765    0.089182    0.032584    0.369264    0.000000    0.000000    0.000000    0.000000    0.000000    0.000000
   2.41080    4.439667    0.119073    0.087089    0.031984    0.360497    0.000000    0.000000    0.000000    0.000000    0.000000    0.000000
   2.41681    4.327789    0.118360    0.086348    0.032012    0.356766    0.000000    0.000000    0.000000    0.000000    0.000000    0.000000
   2.42281    4.251318    0.119690    0.087017    0.032672    0.358208    0.000000    0.000000    0.000000    0.000000    0.000000    0.000000
   2.42881    4.215602    0.123082    0.089126    0.033956    0.364878    0.000000    0.000000    0.000000    0.000000    0.000000    0.000000
   2.43481    4.224307    0.128500    0.092666    0.035835    0.376703    0.000000    0.000000    0.000000    0.000000    0.000000    0.000000
   2.44081    4.278932    0.135837    0.097579    0.038258    0.393456    0.000000    0.000000    0.000000    0.000000    0.000000    0.000000
   2.44682    4.378535    0.144910    0.103757    0.041152    0.414729    0.000000    0.000000    0.000000    0.000000    0.000000    0.000000
   2.45282    4.519666    0.155463    0.111041    0.044422    0.439929    0.000000    0.000000    0.000000    0.000000    0.000000    0.000000
   2.45882    4.696505    0.167169    0.119217    0.047952    0.468281    0.000000    0.000000    0.000000    0.000000    0.000000    0.000000
   2.46482    4.901171    0.179640    0.128029    0.051611    0.498845    0.000000    0.000000    0.000000    0.000000    0.000000    0.000000
   2.47082    5.124171    0.192439    0.137181    0.055259    0.530548    0.000000    0.000000    0.000000    0.000000    0.000000    0.000000
   2.47683    5.354957    0.205099    0.146346    0.058753    0.562223    0.000000    0.000000    0.000000    0.000000    0.000000    0.000000
   2.48283    5.582549    0.217142    0.155187    0.061955    0.592654    0.000000    0.000000    0.000000    0.000000    0.000000    0.000000
   2.48883    5.796206    0.228101    0.163360    0.064742    0.620637    0.000000    0.000000    0.000000    0.000000    0.000000    0.000000
   2.49483    5.986121    0.237548    0.170541    0.067007    0.645038    0.000000    0.000000    0.000000    0.000000    0.000000    0.000000
   2.50083    6.144087    0.245110    0.176439    0.068672    0.664860    0.000000    0.000000    0.000000    0.000000    0.000000    0.000000
   2.50684    6.264131    0.250504    0.180815    0.069689    0.679308    0.000000    0.000000    0.000000    0.000000    0.000000    0.000000
   2.51284    6.343033    0.253545    0.183501    0.070044    0.687850    0.000000    0.000000    0.000000    0.000000    0.000000    0.000000
   2.51884    6.380705    0.254173    0.184415    0.069758    0.690266    0.000000    0.000000    0.000000    0.000000    0.000000    0.000000
   2.52484    6.380363    0.252453    0.183566    0.068887    0.686673    0.000000    0.000000    0.000000    0.000000    0.000000    0.000000
   2.53084    6.348442    0.248581    0.181064    0.067517    0.677535    0.000000    0.000000    0.000000    0.000000    0.000000    0.000000
   2.53685    6.294244    0.242869    0.177110    0.065759    0.663643    0.000000    0.000000    0.000000    0.000000    0.000000    0.000000
   2.54285    6.229291    0.235728    0.171985    0.063743    0.646061    0.000000    0.000000    0.000000    0.000000    0.000000    0.000000
   2.54885    6.166447    0.227640    0.166032    0.061608    0.626056    0.000000    0.000000    0.000000    0.000000    0.000000    0.000000
   2.55485    6.118849    0.219121    0.159627    0.059494    0.604999    0.000000    0.000000    0.000000    0.000000    0.000000    0.000000
   2.56085    6.098765    0.210688    0.153156    0.057532    0.584262    0.000000    0.000000    0.000000    0.000000    0.000000    0.000000
   2.56686    6.116480    0.202818    0.146979    0.055839    0.565119    0.000000    0.000000    0.000000    0.000000    0.000000    0.000000
   2.57286    6.179340    0.195921    0.141413    0.054508    0.548649    0.000000    0.000000    0.000000    0.000000    0.000000    0.000000
   2.57886    6.291045    0.190314    0.136709    0.053605    0.535671    0.000000    0.000000    0.000000    0.000000    0.000000    0.000000
   2.58486    6.451288    0.186207    0.133037    0.053170    0.526702    0.000000    0.000000    0.000000    0.000000    0.000000    0.000000
   2.59086    6.655760    0.183703    0.130488    0.053215    0.521947    0.000000    0.000000    0.000000    0.000000    0.000000    0.000000
   2.59687    6.896524    0.182802    0.129078    0.053724    0.521318    0.000000    0.000000    0.000000    0.000000    0.000000    0.000000
   2.60287    7.162695    0.183414    0.128752    0.054662    0.524474    0.000000    0.000000    0.000000    0.000000    0.000000    0.000000
   2.60887    7.441358    0.185382    0.129407    0.055975    0.530881    0.000000    0.000000    0.000000    0.000000    0.000000    0.000000
   2.61487    7.718602    0.188498    0.130901    0.057597    0.539873    0.000000    0.000000    0.000000    0.000000    0.000000    0.000000
   2.62087    7.980547    0.192524    0.133072    0.059452    0.550715    0.000000    0.000000    0.000000    0.000000    0.000000    0.000000
   2.62688    8.214289    0.197204    0.135748    0.061455    0.562650    0.000000    0.000000    0.000000    0.000000    0.000000    0.000000
   2.63288    8.408639    0.202280    0.138758    0.063523    0.574940    0.000000    0.000000    0.000000    0.000000    0.000000    0.000000
   2.63888    8.554638    0.207497    0.141932    0.065565    0.586887    0.000000    0.000000    0.000000    0.000000    0.000000    0.000000
   2.64488    8.645812    0.212601    0.145108    0.067493    0.597842    0.000000    0.000000    0.000000    0.000000    0.000000    0.000000
   2.65088    8.678199    0.217343    0.148124    0.069220    0.607207    0.000000    0.000000    0.000000    0.000000    0.000000    0.000000
   2.65689    8.650185    0.221481    0.150822    0.070659    0.614432    0.000000    0.000000    0.000000    0.000000    0.000000    0.000000
   2.66289    8.562225    0.224778    0.153046    0.071732    0.619018    0.000000    0.000000    0.000000    0.000000    0.000000    0.000000
   2.66889    8.416512    0.227009    0.154644    0.072365    0.620521    0.000000    0.000000    0.000000    0.000000    0.000000    0.000000
   2.67489    8.216672    0.227970    0.155470    0.072500    0.618567    0.000000    0.000000    0.000000    0.000000    0.000000    0.000000
   2.68089    7.967507    0.227490    0.155399    0.072091    0.612881    0.000000    0.000000    0.000000    0.000000    0.000000    0.000000
   2.68690    7.674832    0.225446    0.154330    0.071115    0.603313    0.000000    0.000000    0.000000    0.000000    0.000000    0.000000
   2.69290    7.345383    0.221779    0.152207    0.069573    0.589870    0.000000    0.000000    0.000000    0.000000    0.000000    0.000000
   2.69890    6.986773    0.216508    0.149019    0.067489    0.572745    0.000000    0.000000    0.000000    0.000000    0.000000    0.000000
   2.70490    6.607438    0.209735    0.144818    0.064917    0.552325    0.000000    0.000000    0.000000    0.000000    0.000000    0.000000
   2.71090    6.216536    0.201651    0.139716    0.061935    0.529196    0.000000    0.000000    0.000000    0.000000    0.000000    0.000000
   2.71691    5.823746    0.192526    0.133884    0.058642    0.504117    0.000000    0.000000    0.000000    0.000000    0.000000    0.000000
   2.72291    5.438945    0.182695    0.127542    0.055153    0.477975    0.000000    0.000000    0.000000    0.000000    0.000000    0.000000
   2.72891    5.071780    0.172538    0.120947    0.051592    0.451730    0.000000    0.000000    0.000000    0.000000    0.000000    0.000000
   2.73491    4.731145    0.162447    0.114368    0.048080    0.426343    0.000000    0.000000    0.000000    0.000000    0.000000    0.000000
   2.74091    4.424649    0.152798    0.108068    0.044731    0.402703    0.000000    0.000000    0.000000    0.000000    0.000000    0.000000
   2.74692    4.158127    0.143922    0.102282    0.041640    0.381556    0.000000    0.000000    0.000000    0.000000    0.000000    0.000000
   2.75292    3.935263    0.136080    0.097199    0.038881    0.363459    0.000000    0.000000    0.000000    0.000000    0.000000    0.000000
   2.75892    3.757405    0.129447    0.092947    0.036500    0.348743    0.000000    0.000000    0.000000    0.000000    0.000000    0.000000
   2.76492    3.623575    0.124104    0.089589    0.034515    0.337508    0.000000    0.000000    0.000000    0.000000    0.000000    0.000000
   2.77092    3.530707    0.120044    0.087123    0.032922    0.329638    0.000000    0.000000    0.000000    0.000000    0.000000    0.000000
   2.77693    3.474061    0.117179    0.085486    0.031693    0.324841    0.000000    0.000000    0.000000    0.000000    0.000000    0.000000
   2.78293    3.447767    0.115362    0.084575    0.030787    0.322698    0.000000    0.000000    0.000000    0.000000    0.000000    0.000000
   2.78893    3.445438    0.114409    0.084253    0.030156    0.322724    0.000000    0.000000    0.000000    0.000000    0.000000    0.000000
   2.79493    3.460768    0.114124    0.084374    0.029750    0.324427    0.000000    0.000000    0.000000    0.000000    0.000000    0.000000
   2.80093    3.488055    0.114318    0.084795    0.029523    0.327358    0.000000    0.000000    0.000000    0.000000    0.000000    0.000000
   2.80694    3.522605    0.114830    0.085390    0.029440    0.331151    0.000000    0.000000    0.000000    0.000000    0.000000    0.000000
   2.81294    3.560988    0.115538    0.086063    0.029475    0.335546    0.000000    0.000000    0.000000    0.000000    0.000000    0.000000
   2.81894    3.601138    0.116365    0.086748    0.029617    0.340397    0.000000    0.000000    0.000000    0.000000    0.000000    0.000000
   2.82494    3.642315    0.117278    0.087415    0.029863    0.345668    0.000000    0.000000    0.000000    0.000000    0.000000    0.000000
   2.83094    3.684952    0.118287    0.088064    0.030223    0.351416    0.000000    0.000000    0.000000    0.000000    0.000000    0.000000
   2.83695    3.730416    0.119430    0.088720    0.030711    0.357764    0.000000    0.000000    0.000000    0.000000    0.000000    0.000000
   2.84295    3.780715    0.120767    0.089426    0.031341    0.364873    0.000000    0.000000    0.000000    0.000000    0.000000    0.000000
   2.84895    3.838175    0.122365    0.090234    0.032131    0.372916    0.000000    0.000000    0.000000    0.000000    0.000000    0.000000
   2.85495    3.905120    0.124287    0.091196    0.033092    0.382043    0.000000    0.000000    0.000000    0.000000    0.000000    0.000000
   2.86095    3.983562    0.126583    0.092356    0.034227    0.392358    0.000000    0.000000    0.000000    0.000000    0.000000    0.000000
   2.86696    4.074918    0.129279    0.093744    0.035534    0.403900    0.000000    0.000000    0.000000    0.000000    0.000000    0.000000
   2.87296    4.179779    0.132371    0.095373    0.036999    0.416623    0.000000    0.000000    0.000000    0.000000    0.000000    0.000000
   2.87896    4.297723    0.135825    0.097230    0.038596    0.430385    0.000000    0.000000    0.000000    0.000000    0.000000    0.000000
   2.88496    4.427191    0.139572    0.099282    0.040290    0.444947    0.000000    0.000000    0.000000    0.000000    0.000000    0.000000
   2.89096    4.565450    0.143510    0.101472    0.042038    0.459968    0.000000    0.000000    0.000000    0.000000    0.000000    0.000000
   2.89697    4.708627    0.147511    0.103724    0.043787    0.475016    0.000000    0.000000    0.000000    0.000000    0.000000    0.000000
   2.90297    4.851841    0.151423    0.105946    0.045477    0.489581    0.000000    0.000000    0.000000    0.000000    0.000000    0.000000
   2.90897    4.989437    0.155081    0.108036    0.047046    0.503096    0.000000    0.000000    0.000000    0.000000    0.000000    0.000000
   2.91497    5.115303    0.158315    0.109885    0.048431    0.514968    0.000000    0.000000    0.000000    0.000000    0.000000    0.000000
   2.92097    5.223280    0.160962    0.111389    0.049573    0.524611    0.000000    0.000000    0.000000    0.000000    0.000000    0.000000
   2.92698    5.307632    0.162876    0.112455    0.050421    0.531490    0.000000    0.000000    0.000000    0.000000    0.000000    0.000000
   2.93298    5.363535    0.163943    0.113007    0.050936    0.535168    0.000000    0.000000    0.000000    0.000000    0.000000    0.000000
   2.93898    5.387571    0.164087    0.112992    0.051095    0.535346    0.000000    0.000000    0.000000    0.000000    0.000000    0.000000
   2.94498    5.378137    0.163287    0.112391    0.050896    0.531908    0.000000    0.000000    0.000000    0.000000    0.000000    0.000000
   2.95098    5.335746    0.161574    0.111218    0.050356    0.524945    0.000000    0.000000    0.000000    0.000000    0.000000    0.000000
   2.95699    5.263171    0.159039    0.109522    0.049517    0.514773    0.000000    0.000000    0.000000    0.000000    0.000000    0.000000
   2.96299    5.165377    0.155827    0.107389    0.048439    0.501926    0.000000    0.000000    0.000000    0.000000    0.000000    0.000000
   2.96899    5.049263    0.152131    0.104931    0.047199    0.487128    0.000000    0.000000    0.000000    0.000000    0.000000    0.000000
   2.97499    4.923190    0.148175    0.102287    0.045888    0.471248    0.000000    0.000000    0.000000    0.000000    0.000000    0.000000
   2.98099    4.796364    0.144202    0.099604    0.044598    0.455239    0.000000    0.000000    0.000000    0.000000    0.000000    0.000000
   2.98700    4.678110    0.140454    0.097034    0.043421    0.440060    0.000000    0.000000    0.000000    0.000000    0.000000    0.000000
   2.99300    4.577127    0.137151    0.094714    0.042437    0.426597    0.000000    0.000000    0.000000    0.000000    0.000000    0.000000
   2.99900    4.500789    0.134476    0.092763    0.041713    0.415597    0.000000    0.000000    0.000000    0.000000    0.000000    0.000000
   3.00500    4.454592    0.132559    0.091266    0.041293    0.407599    0.000000    0.000000    0.000000    0.000000    0.000000    0.000000
   3.01100    4.441790    0.131474    0.090274    0.041200    0.402902    0.000000    0.000000    0.000000    0.000000    0.000000    0.000000
   3.01701    4.463262    0.131231    0.089795    0.041436    0.401548    0.000000    0.000000    0.000000    0.000000    0.000000    0.000000
   3.02301    4.517625    0.131782    0.089803    0.041979    0.403331    0.000000    0.000000    0.000000    0.000000    0.000000    0.000000
   3.02901    4.601573    0.133031    0.090236    0.042795    0.407834    0.000000    0.000000    0.000000    0.000000    0.000000    0.000000
   3.03501    4.710379    0.134848    0.091009    0.043839    0.414487    0.000000    0.000000    0.000000    0.000000    0.000000    0.000000
   3.04101    4.838496    0.137082    0.092024    0.045058    0.422630    0.000000    0.000000    0.000000    0.000000    0.000000    0.000000
   3.04702    4.980162    0.139580    0.093177    0.046403    0.431589    0.000000    0.000000    0.000000    0.000000    0.000000    0.000000
   3.05302    5.129935    0.142198    0.094373    0.047825    0.440738    0.000000    0.000000    0.000000    0.000000    0.000000    0.000000
   3.05902    5.283074    0.144813    0.095530    0.049283    0.449549    0.000000    0.000000    0.000000    0.000000    0.000000    0.000000
   3.06502    5.435729    0.147328    0.096585    0.050743    0.457628    0.000000    0.000000    0.000000    0.000000    0.000000    0.000000
   3.07102    5.584925    0.149671    0.097497    0.052174    0.464721    0.000000    0.000000    0.000000    0.000000    0.000000    0.000000
   3.07703    5.728382    0.151791    0.098242    0.053549    0.470705    0.000000    0.000000    0.000000    0.000000    0.000000    0.000000
   3.08303    5.864213    0.153657    0.098814    0.054843    0.475560    0.000000    0.000000    0.000000    0.000000    0.000000    0.000000
   3.08903    5.990604    0.155242    0.099214    0.056027    0.479332    0.000000    0.000000    0.000000    0.000000    0.000000    0.000000
   3.09503    6.105542    0.156525    0.099452    0.057072    0.482097    0.000000    0.000000    0.000000    0.000000    0.000000    0.000000
   3.10103    6.206679    0.157484    0.099539    0.057945    0.483932    0.000000    0.000000    0.000000    0.000000    0.000000    0.000000
   3.10704    6.291361    0.158100    0.099487    0.058613    0.484895    0.000000    0.000000    0.000000    0.000000    0.000000    0.000000
   3.11304    6.356842    0.158358    0.099310    0.059048    0.485025    0.000000    0.000000    0.000000    0.000000    0.000000    0.000000
   3.11904    6.400619    0.158255    0.099028    0.059227    0.484350    0.000000    0.000000    0.000000    0.000000    0.000000    0.000000
   3.12504    6.420847    0.157809    0.098666    0.059142    0.482911    0.000000    0.000000    0.000000    0.000000    0.000000    0.000000
   3.13104    6.416720    0.157063    0.098265    0.058798    0.480781    0.000000    0.000000    0.000000    0.000000    0.000000    0.000000
   3.13705    6.388745    0.156089    0.097874    0.058215    0.478083    0.000000    0.000000    0.000000    0.000000    0.000000    0.000000
   3.14305    6.338848    0.154984    0.097555    0.057430    0.475003    0.000000    0.000000    0.000000    0.000000    0.000000    0.000000
   3.14905    6.270261    0.153868    0.097375    0.056493    0.471779    0.000000    0.000000    0.000000    0.000000    0.000000    0.000000
   3.15505    6.187229    0.152865    0.097404    0.055460    0.468682    0.000000    0.000000    0.000000    0.000000    0.000000    0.000000
   3.16105    6.094557    0.152096    0.097702    0.054393    0.465989    0.000000    0.000000    0.000000    0.000000    0.000000    0.000000
   3.16706    5.997093    0.151663    0.098315    0.053348    0.463943    0.000000    0.000000    0.000000    0.000000    0.000000    0.000000
   3.17306    5.899219    0.151636    0.099264    0.052372    0.462720    0.000000    0.000000    0.000000    0.000000    0.000000    0.000000
   3.17906    5.804431    0.152047    0.100545    0.051502    0.462398    0.000000    0.000000    0.000000    0.000000    0.000000    0.000000
   3.18506    5.715065    0.152883    0.102125    0.050758    0.462943    0.000000    0.000000    0.000000    0.000000    0.000000    0.000000
   3.19106    5.632188    0.154091    0.103946    0.050145    0.464205    0.000000    0.000000    0.000000    0.000000    0.000000    0.000000
   3.19707    5.555661    0.155582    0.105926    0.049656    0.465935    0.000000    0.000000    0.000000    0.000000    0.000000    0.000000
   3.20307    5.484314    0.157240    0.107969    0.049271    0.467802    0.000000    0.000000    0.000000    0.000000    0.000000    0.000000
   3.20907    5.416217    0.158936    0.109972    0.048963    0.469429    0.000000    0.000000    0.000000    0.000000    0.000000    0.000000
   3.21507    5.348960    0.160530    0.111831    0.048699    0.470424    0.000000    0.000000    0.000000    0.000000    0.000000    0.000000
   3.22107    5.279918    0.161887    0.113445    0.048442    0.470413    0.000000    0.000000    0.000000    0.000000    0.000000    0.000000
   3.22708    5.206456    0.162879    0.114722    0.048157    0.469062    0.000000    0.000000    0.000000    0.000000    0.000000    0.000000
   3.23308    5.126078    0.163386    0.115578    0.047808    0.466095    0.000000    0.000000    0.000000    0.000000    0.000000    0.000000
   3.23908    5.036510    0.163304    0.115940    0.047363    0.461304    0.000000    0.000000    0.000000    0.000000    0.000000    0.000000
   3.24508    4.935743    0.162537    0.115746    0.046792    0.454550    0.000000    0.000000    0.000000    0.000000    0.000000    0.000000
   3.25108    4.822054    0.161007    0.114940    0.046067    0.445758    0.000000    0.000000    0.000000    0.000000    0.000000    0.000000
   3.25709    4.694035    0.158646    0.113479    0.045167    0.434914    0.000000    0.000000    0.000000    0.000000    0.000000    0.000000
   3.26309    4.550631    0.155406    0.111332    0.044074    0.422057    0.000000    0.000000    0.000000    0.000000    0.000000    0.000000
   3.26909    4.391186    0.151259    0.108482    0.042777    0.407269    0.000000    0.000000    0.000000    0.000000    0.000000    0.000000
   3.27509    4.215511    0.146202    0.104928    0.041274    0.390676    0.000000    0.000000    0.000000    0.000000    0.000000    0.000000
   3.28109    4.023932    0.140259    0.100693    0.039566    0.372438    0.000000    0.000000    0.000000    0.000000    0.000000    0.000000
   3.28710    3.817332    0.133484    0.095820    0.037664    0.352746    0.000000    0.000000    0.000000    0.000000    0.000000    0.000000
   3.29310    3.597154    0.125963    0.090375    0.035589    0.331821    0.000000    0.000000    0.000000    0.000000    0.000000    0.000000
   3.29910    3.365373    0.117809    0.084446    0.033363    0.309904    0.000000    0.000000    0.000000    0.000000    0.000000    0.000000
   3.30510    3.124433    0.109159    0.078141    0.031018    0.287257    0.000000    0.000000    0.000000    0.000000    0.000000    0.000000
   3.31110    2.877154    0.100165    0.071577    0.028588    0.264154    0.000000    0.000000    0.000000    0.000000    0.000000    0.000000
   3.31711    2.626621    0.090992    0.064882    0.026110    0.240876    0.000000    0.000000    0.000000    0.000000    0.000000    0.000000
   3.32311    2.376065    0.081803    0.058182    0.023620    0.217708    0.000000    0.000000    0.000000    0.000000    0.000000    0.000000
   3.32911    2.128742    0.072756    0.051600    0.021157    0.194928    0.000000    0.000000    0.000000    0.000000    0.000000    0.000000
   3.33511    1.887817    0.063999    0.045245    0.018754    0.172802    0.000000    0.000000    0.000000    0.000000    0.000000    0.000000
   3.34111    1.656258    0.055656    0.039212    0.016444    0.151582    0.000000    0.000000    0.000000    0.000000    0.000000    0.000000
   3.34712    1.436739    0.047835    0.033580    0.014255    0.131493    0.000000    0.000000    0.000000    0.000000    0.000000    0.000000
   3.35312    1.231553    0.040615    0.028405    0.012210    0.112730    0.000000    0.000000    0.000000    0.000000    0.000000    0.000000
   3.35912    1.042543    0.034055    0.023726    0.010329    0.095452    0.000000    0.000000    0.000000    0.000000    0.000000    0.000000
   3.36512    0.871042    0.028185    0.019561    0.008624    0.079775    0.000000    0.000000    0.000000    0.000000    0.000000    0.000000
   3.37112    0.717847    0.023015    0.015912    0.007102    0.065767    0.000000    0.000000    0.000000    0.000000    0.000000    0.000000
   3.37713    0.583204    0.018533    0.012766    0.005767    0.053451    0.000000    0.000000    0.000000    0.000000    0.000000    0.000000
   3.38313    0.466835    0.014711    0.010098    0.004613    0.042800    0.000000    0.000000    0.000000    0.000000    0.000000    0.000000
   3.38913    0.367986    0.011505    0.007870    0.003635    0.033749    0.000000    0.000000    0.000000    0.000000    0.000000    0.000000
   3.39513    0.285503    0.008861    0.006042    0.002819    0.026193    0.000000    0.000000    0.000000    0.000000    0.000000    0.000000
   3.40113    0.217923    0.006718    0.004567    0.002151    0.019998    0.000000    0.000000    0.000000    0.000000    0.000000    0.000000
   3.40714    0.163577    0.005012    0.003398    0.001614    0.015015    0.000000    0.000000    0.000000    0.000000    0.000000    0.000000
   3.41314    0.120700    0.003677    0.002487    0.001190    0.011081    0.000000    0.000000    0.000000    0.000000    0.000000    0.000000
   3.41914    0.087519    0.002653    0.001790    0.000863    0.008037    0.000000    0.000000    0.000000    0.000000    0.000000    0.000000
   3.42514    0.062341    0.001881    0.001266    0.000615    0.005725    0.000000    0.000000    0.000000    0.000000    0.000000    0.000000
   3.43114    0.043612    0.001311    0.000881    0.000430    0.004006    0.000000    0.000000    0.000000    0.000000    0.000000    0.000000
   3.43715    0.029956    0.000897    0.000602    0.000295    0.002752    0.000000    0.000000    0.000000    0.000000    0.000000    0.000000
   3.44315    0.020199    0.000603    0.000404    0.000199    0.001856    0.000000    0.000000    0.000000    0.000000    0.000000    0.000000
   3.44915    0.013367    0.000398    0.000266    0.000132    0.001228    0.000000    0.000000    0.000000    0.000000    0.000000    0.000000
   3.45515    0.008681    0.000258    0.000172    0.000086    0.000798    0.000000    0.000000    0.000000    0.000000    0.000000    0.000000
   3.46115    0.005531    0.000164    0.000109    0.000054    0.000508    0.000000    0.000000    0.000000    0.000000    0.000000    0.000000
   3.46716    0.003457    0.000102    0.000068    0.000034    0.000318    0.000000    0.000000    0.000000    0.000000    0.000000    0.000000
   3.47316    0.002120    0.000063    0.000042    0.000021    0.000195    0.000000    0.000000    0.000000    0.000000    0.000000    0.000000
   3.47916    0.001275    0.000038    0.000025    0.000013    0.000117    0.000000    0.000000    0.000000    0.000000    0.000000    0.000000
   3.48516    0.000752    0.000022    0.000015    0.000007    0.000069    0.000000    0.000000    0.000000    0.000000    0.000000    0.000000
   3.49116    0.000435    0.000013    0.000008    0.000004    0.000040    0.000000    0.000000    0.000000    0.000000    0.000000    0.000000
   3.49717    0.000247    0.000007    0.000005    0.000002    0.000023    0.000000    0.000000    0.000000    0.000000    0.000000    0.000000
   3.50317    0.000137    0.000004    0.000003    0.000001    0.000013    0.000000    0.000000    0.000000    0.000000    0.000000    0.000000
   3.50917    0.000075    0.000002    0.000001    0.000001    0.000007    0.000000    0.000000    0.000000    0.000000    0.000000    0.000000
   3.51517    0.000040    0.000001    0.000001    0.000000    0.000004    0.000000    0.000000    0.000000    0.000000    0.000000    0.000000
   3.52117    0.000021    0.000001    0.000000    0.000000    0.000002    0.000000    0.000000    0.000000    0.000000    0.000000    0.000000
   3.52718    0.000011    0.000000    0.000000    0.000000    0.000001    0.000000    0.000000    0.000000    0.000000    0.000000    0.000000
   3.53318    0.000005    0.000000    0.000000    0.000000    0.000000    0.000000    0.000000    0.000000    0.000000    0.000000    0.000000
   3.53918    0.000003    0.000000    0.000000    0.000000    0.000000    0.000000    0.000000    0.000000    0.000000    0.000000    0.000000
   3.54518    0.000001    0.000000    0.000000    0.000000    0.000000    0.000000    0.000000    0.000000    0.000000    0.000000    0.000000
   3.55118    0.000001    0.000000    0.000000    0.000000    0.000000    0.000000    0.000000    0.000000    0.000000    0.000000    0.000000
   3.55719    0.000000    0.000000    0.000000    0.000000    0.000000    0.000000    0.000000    0.000000    0.000000    0.000000    0.000000
   3.56319    0.000000    0.000000    0.000000    0.000000    0.000000    0.000000    0.000000    0.000000    0.000000    0.000000    0.000000
   3.56919    0.000000    0.000000    0.000000    0.000000    0.000000    0.000000    0.000000    0.000000    0.000000    0.000000    0.000000
   3.57519    0.000000    0.000000    0.000000    0.000000    0.000000    0.000000    0.000000    0.000000    0.000000    0.000000    0.000000
   3.58119    0.000000    0.000000    0.000000    0.000000    0.000000    0.000000    0.000000    0.000000    0.000000    0.000000    0.000000
   3.58720    0.000000    0.000000    0.000000    0.000000    0.000000    0.000000    0.000000    0.000000    0.000000    0.000000    0.000000
   3.59320    0.000000    0.000000    0.000000    0.000000    0.000000    0.000000    0.000000    0.000000    0.000000    0.000000    0.000000
   3.59920    0.000000    0.000000    0.000000    0.000000    0.000000    0.000000    0.000000    0.000000    0.000000    0.000000    0.000000
   3.60520    0.000000    0.000000    0.000000    0.000000    0.000000    0.000000    0.000000    0.000000    0.000000    0.000000    0.000000
   3.61120    0.000000    0.000000    0.000000    0.000000    0.000000    0.000000    0.000000    0.000000    0.000000    0.000000    0.000000
   3.61721    0.000000    0.000000    0.000000    0.000000    0.000000    0.000000    0.000000    0.000000    0.000000    0.000000    0.000000
   3.62321    0.000000    0.000000    0.000000    0.000000    0.000000    0.000000    0.000000    0.000000    0.000000    0.000000    0.000000
   3.62921    0.000000    0.000000    0.000000    0.000000    0.000000    0.000000    0.000000    0.000000    0.000000    0.000000    0.000000
   3.63521    0.000000    0.000000    0.000000    0.000000    0.000000    0.000000    0.000000    0.000000    0.000000    0.000000    0.000000
   3.64121    0.000000    0.000000    0.000000    0.000000    0.000000    0.000000    0.000000    0.000000    0.000000    0.000000    0.000000
   3.64722    0.000000    0.000000    0.000000    0.000000    0.000000    0.000000    0.000000    0.000000    0.000000    0.000000    0.000000
   3.65322    0.000000    0.000000    0.000000    0.000000    0.000000    0.000000    0.000000    0.000000    0.000000    0.000000    0.000000
   3.65922    0.000000    0.000000    0.000000    0.000000    0.000000    0.000000    0.000000    0.000000    0.000000    0.000000    0.000000
   3.66522    0.000000    0.000000    0.000000    0.000000    0.000000    0.000000    0.000000    0.000000    0.000000    0.000000    0.000000
   3.67122    0.000000    0.000000    0.000000    0.000000    0.000000    0.000000    0.000000    0.000000    0.000000    0.000000    0.000000
   3.67723    0.000000    0.000000    0.000000    0.000000    0.000000    0.000000    0.000000    0.000000    0.000000    0.000000    0.000000
   3.68323    0.000000    0.000000    0.000000    0.000000    0.000000    0.000000    0.000000    0.000000    0.000000    0.000000    0.000000
   3.68923    0.000000    0.000000    0.000000    0.000000    0.000000    0.000000    0.000000    0.000000    0.000000    0.000000    0.000000
   3.69523    0.000000    0.000000    0.000000    0.000000    0.000000    0.000000    0.000000    0.000000    0.000000    0.000000    0.000000
   3.70123    0.000000    0.000000    0.000000    0.000000    0.000000    0.000000    0.000000    0.000000    0.000000    0.000000    0.000000
   3.70724    0.000000    0.000000    0.000000    0.000000    0.000000    0.000000    0.000000    0.000000    0.000000    0.000000    0.000000
   3.71324    0.000000    0.000000    0.000000    0.000000    0.000000    0.000000    0.000000    0.000000    0.000000    0.000000    0.000000
   3.71924    0.000000    0.000000    0.000000    0.000000    0.000000    0.000000    0.000000    0.000000    0.000000    0.000000    0.000000
   3.72524    0.000000    0.000000    0.000000    0.000000    0.000000    0.000000    0.000000    0.000000    0.000000    0.000000    0.000000
   3.73124    0.000000    0.000000    0.000000    0.000000    0.000000    0.000000    0.000000    0.000000    0.000000    0.000000    0.000000
   3.73725    0.000000    0.000000    0.000000    0.000000    0.000000    0.000000    0.000000    0.000000    0.000000    0.000000    0.000000
   3.74325    0.000000    0.000000    0.000000    0.000000    0.000000    0.000000    0.000000    0.000000    0.000000    0.000000    0.000000
   3.74925    0.000000    0.000000    0.000000    0.000000    0.000000    0.000000    0.000000    0.000000    0.000000    0.000000    0.000000
   3.75525    0.000000    0.000000    0.000000    0.000000    0.000000    0.000000    0.000000    0.000000    0.000000    0.000000    0.000000
   3.76125    0.000000    0.000000    0.000000    0.000000    0.000000    0.000000    0.000000    0.000000    0.000000    0.000000    0.000000
   3.76726    0.000000    0.000000    0.000000    0.000000    0.000000    0.000000    0.000000    0.000000    0.000000    0.000000    0.000000
   3.77326    0.000000    0.000000    0.000000    0.000000    0.000000    0.000000    0.000000    0.000000    0.000000    0.000000    0.000000
   3.77926    0.000000    0.000000    0.000000    0.000000    0.000000    0.000000    0.000000    0.000000    0.000000    0.000000    0.000000
   3.78526    0.000000    0.000000    0.000000    0.000000    0.000000    0.000000    0.000000    0.000000    0.000000    0.000000    0.000000
   3.79126    0.000000    0.000000    0.000000    0.000000    0.000000    0.000000    0.000000    0.000000    0.000000    0.000000    0.000000
   3.79727    0.000000    0.000000    0.000000    0.000000    0.000000    0.000000    0.000000    0.000000    0.000000    0.000000    0.000000
   3.80327    0.000000    0.000000    0.000000    0.000000    0.000000    0.000000    0.000000    0.000000    0.000000    0.000000    0.000000
   3.80927    0.000000    0.000000    0.000000    0.000000    0.000000    0.000000    0.000000    0.000000    0.000000    0.000000    0.000000
   3.81527    0.000000    0.000000    0.000000    0.000000    0.000000    0.000000    0.000000    0.000000    0.000000    0.000000    0.000000
   3.82127    0.000000    0.000000    0.000000    0.000000    0.000000    0.000000    0.000000    0.000000    0.000000    0.000000    0.000000
   3.82728    0.000000    0.000000    0.000000    0.000000    0.000000    0.000000    0.000000    0.000000    0.000000    0.000000    0.000000
   3.83328    0.000000    0.000000    0.000000    0.000000    0.000000    0.000000    0.000000    0.000000    0.000000    0.000000    0.000000
   3.83928    0.000000    0.000000    0.000000    0.000000    0.000000    0.000000    0.000000    0.000000    0.000000    0.000000    0.000000
   3.84528    0.000000    0.000000    0.000000    0.000000    0.000000    0.000000    0.000000    0.000000    0.000000    0.000000    0.000000
   3.85128    0.000000    0.000000    0.000000    0.000000    0.000000    0.000000    0.000000    0.000000    0.000000    0.000000    0.000000
   3.85729    0.000000    0.000000    0.000000    0.000000    0.000000    0.000000    0.000000    0.000000    0.000000    0.000000    0.000000
   3.86329    0.000000    0.000000    0.000000    0.000000    0.000000    0.000000    0.000000    0.000000    0.000000    0.000000    0.000000
   3.86929    0.000000    0.000000    0.000000    0.000000    0.000000    0.000000    0.000000    0.000000    0.000000    0.000000    0.000000
   3.87529    0.000000    0.000000    0.000000    0.000000    0.000000    0.000000    0.000000    0.000000    0.000000    0.000000    0.000000
   3.88129    0.000000    0.000000    0.000000    0.000000    0.000000    0.000000    0.000000    0.000000    0.000000    0.000000    0.000000
   3.88730    0.000000    0.000000    0.000000    0.000000    0.000000    0.000000    0.000000    0.000000    0.000000    0.000000    0.000000
   3.89330    0.000000    0.000000    0.000000    0.000000    0.000000    0.000000    0.000000    0.000000    0.000000    0.000000    0.000000
   3.89930    0.000000    0.000000    0.000000    0.000000    0.000000    0.000000    0.000000    0.000000    0.000000    0.000000    0.000000
   3.90530    0.000000    0.000000    0.000000    0.000000    0.000000    0.000000    0.000000    0.000000    0.000000    0.000000    0.000000
   3.91130    0.000000    0.000000    0.000000    0.000000    0.000000    0.000000    0.000000    0.000000    0.000000    0.000000    0.000000
   3.91731    0.000000    0.000000    0.000000    0.000000    0.000000    0.000000    0.000000    0.000000    0.000000    0.000000    0.000000
   3.92331    0.000000    0.000000    0.000000    0.000000    0.000000    0.000000    0.000000    0.000000    0.000000    0.000000    0.000000
   3.92931    0.000000    0.000000    0.000000    0.000000    0.000000    0.000000    0.000000    0.000000    0.000000    0.000000    0.000000
   3.93531    0.000000    0.000000    0.000000    0.000000    0.000000    0.000000    0.000000    0.000000    0.000000    0.000000    0.000000
   3.94131    0.000000    0.000000    0.000000    0.000000    0.000000    0.000000    0.000000    0.000000    0.000000    0.000000    0.000000
   3.94732    0.000000    0.000000    0.000000    0.000000    0.000000    0.000000    0.000000    0.000000    0.000000    0.000000    0.000000
   3.95332    0.000000    0.000000    0.000000    0.000000    0.000000    0.000000    0.000000    0.000000    0.000000    0.000000    0.000000
   3.95932    0.000000    0.000000    0.000000    0.000000    0.000000    0.000000    0.000000    0.000000    0.000000    0.000000    0.000000
   3.96532    0.000000    0.000000    0.000000    0.000000    0.000000    0.000000    0.000000    0.000000    0.000000    0.000000    0.000000
   3.97132    0.000000    0.000000    0.000000    0.000000    0.000000    0.000000    0.000000    0.000000    0.000000    0.000000    0.000000
   3.97733    0.000000    0.000000    0.000000    0.000000    0.000000    0.000000    0.000000    0.000000    0.000000    0.000000    0.000000
   3.98333    0.000000    0.000000    0.000000    0.000000    0.000000    0.000000    0.000000    0.000000    0.000000    0.000000    0.000000
   3.98933    0.000000    0.000000    0.000000    0.000000    0.000000    0.000000    0.000000    0.000000    0.000000    0.000000    0.000000
   3.99533    0.000000    0.000000    0.000000    0.000000    0.000000    0.000000    0.000000    0.000000    0.000000    0.000000    0.000000
   4.00133    0.000000    0.000000    0.000000    0.000000    0.000000    0.000000    0.000000    0.000000    0.000000    0.000000    0.000000
   4.00734    0.000000    0.000000    0.000000    0.000000    0.000000    0.000000    0.000000    0.000000    0.000000    0.000000    0.000000
   4.01334    0.000000    0.000000    0.000000    0.000000    0.000000    0.000000    0.000000    0.000000    0.000000    0.000000    0.000000
   4.01934    0.000000    0.000000    0.000000    0.000000    0.000000    0.000000    0.000000    0.000000    0.000000    0.000000    0.000000
   4.02534    0.000000    0.000000    0.000000    0.000000    0.000000    0.000000    0.000000    0.000000    0.000000    0.000000    0.000000
   4.03134    0.000000    0.000000    0.000000    0.000000    0.000000    0.000000    0.000000    0.000000    0.000000    0.000000    0.000000
   4.03735    0.000000    0.000000    0.000000    0.000000    0.000000    0.000000    0.000000    0.000000    0.000000    0.000000    0.000000
   4.04335    0.000000    0.000000    0.000000    0.000000    0.000000    0.000000    0.000000    0.000000    0.000000    0.000000    0.000000
   4.04935    0.000000    0.000000    0.000000    0.000000    0.000000    0.000000    0.000000    0.000000    0.000000    0.000000    0.000000
   4.05535    0.000000    0.000000    0.000000    0.000000    0.000000    0.000000    0.000000    0.000000    0.000000    0.000000    0.000000
   4.06135    0.000000    0.000000    0.000000    0.000000    0.000000    0.000000    0.000000    0.000000    0.000000    0.000000    0.000000
   4.06736    0.000000    0.000000    0.000000    0.000000    0.000000    0.000000    0.000000    0.000000    0.000000    0.000000    0.000000
   4.07336    0.000000    0.000000    0.000000    0.000000    0.000000    0.000000    0.000000    0.000000    0.000000    0.000000    0.000000
   4.07936    0.000000    0.000000    0.000000    0.000000    0.000000    0.000000    0.000000    0.000000    0.000000    0.000000    0.000000
   4.08536    0.000000    0.000000    0.000000    0.000000    0.000000    0.000000    0.000000    0.000000    0.000000    0.000000    0.000000
   4.09136    0.000000    0.000000    0.000000    0.000000    0.000000    0.000000    0.000000    0.000000    0.000000    0.000000    0.000000
   4.09737    0.000000    0.000000    0.000000    0.000000    0.000000    0.000000    0.000000    0.000000    0.000000    0.000000    0.000000
   4.10337    0.000000    0.000000    0.000000    0.000000    0.000000    0.000000    0.000000    0.000000    0.000000    0.000000    0.000000
   4.10937    0.000000    0.000000    0.000000    0.000000    0.000000    0.000000    0.000000    0.000000    0.000000    0.000000    0.000000
   4.11537    0.000000    0.000000    0.000000    0.000000    0.000000    0.000000    0.000000    0.000000    0.000000    0.000000    0.000000
   4.12137    0.000000    0.000000    0.000000    0.000000    0.000000    0.000000    0.000000    0.000000    0.000000    0.000000    0.000000
   4.12738    0.000000    0.000000    0.000000    0.000000    0.000000    0.000000    0.000000    0.000000    0.000000    0.000000    0.000000
   4.13338    0.000000    0.000000    0.000000    0.000000    0.000000    0.000000    0.000000    0.000000    0.000000    0.000000    0.000000
   4.13938    0.000000    0.000000    0.000000    0.000000    0.000000    0.000000    0.000000    0.000000    0.000000    0.000000    0.000000
   4.14538    0.000000    0.000000    0.000000    0.000000    0.000000    0.000000    0.000000    0.000000    0.000000    0.000000    0.000000
   4.15138    0.000000    0.000000    0.000000    0.000000    0.000000    0.000000    0.000000    0.000000    0.000000    0.000000    0.000000
   4.15739    0.000000    0.000000    0.000000    0.000000    0.000000    0.000000    0.000000    0.000000    0.000000    0.000000    0.000000
   4.16339    0.000000    0.000000    0.000000    0.000000    0.000000    0.000000    0.000000    0.000000    0.000000    0.000000    0.000000
   4.16939    0.000000    0.000000    0.000000    0.000000    0.000000    0.000000    0.000000    0.000000    0.000000    0.000000    0.000000
   4.17539    0.000000    0.000000    0.000000    0.000000    0.000000    0.000000    0.000000    0.000000    0.000000    0.000000    0.000000
   4.18139    0.000000    0.000000    0.000000    0.000000    0.000000    0.000000    0.000000    0.000000    0.000000    0.000000    0.000000
   4.18740    0.000000    0.000000    0.000000    0.000000    0.000000    0.000000    0.000000    0.000000    0.000000    0.000000    0.000000
   4.19340    0.000000    0.000000    0.000000    0.000000    0.000000    0.000000    0.000000    0.000000    0.000000    0.000000    0.000000
   4.19940    0.000000    0.000000    0.000000    0.000000    0.000000    0.000000    0.000000    0.000000    0.000000    0.000000    0.000000
   4.20540    0.000000    0.000000    0.000000    0.000000    0.000000    0.000000    0.000000    0.000000    0.000000    0.000000    0.000000
   4.21140    0.000000    0.000000    0.000000    0.000000    0.000000    0.000000    0.000000    0.000000    0.000000    0.000000    0.000000
   4.21741    0.000000    0.000000    0.000000    0.000000    0.000000    0.000000    0.000000    0.000000    0.000000    0.000000    0.000000
   4.22341    0.000000    0.000000    0.000000    0.000000    0.000000    0.000000    0.000000    0.000000    0.000000    0.000000    0.000000
   4.22941    0.000000    0.000000    0.000000    0.000000    0.000000    0.000000    0.000000    0.000000    0.000000    0.000000    0.000000
   4.23541    0.000000    0.000000    0.000000    0.000000    0.000000    0.000000    0.000000    0.000000    0.000000    0.000000    0.000000
   4.24141    0.000000    0.000000    0.000000    0.000000    0.000000    0.000000    0.000000    0.000000    0.000000    0.000000    0.000000
   4.24742    0.000000    0.000000    0.000000    0.000000    0.000000    0.000000    0.000000    0.000000    0.000000    0.000000    0.000000
   4.25342    0.000000    0.000000    0.000000    0.000000    0.000000    0.000000    0.000000    0.000000    0.000000    0.000000    0.000000
   4.25942    0.000000    0.000000    0.000000    0.000000    0.000000    0.000000    0.000000    0.000000    0.000000    0.000000    0.000000
   4.26542    0.000000    0.000000    0.000000    0.000000    0.000000    0.000000    0.000000    0.000000    0.000000    0.000000    0.000000
   4.27142    0.000000    0.000000    0.000000    0.000000    0.000000    0.000000    0.000000    0.000000    0.000000    0.000000    0.000000
   4.27743    0.000000    0.000000    0.000000    0.000000    0.000000    0.000000    0.000000    0.000000    0.000000    0.000000    0.000000
   4.28343    0.000000    0.000000    0.000000    0.000000    0.000000    0.000000    0.000000    0.000000    0.000000    0.000000    0.000000
   4.28943    0.000000    0.000000    0.000000    0.000000    0.000000    0.000000    0.000000    0.000000    0.000000    0.000000    0.000000
   4.29543    0.000000    0.000000    0.000000    0.000000    0.000000    0.000000    0.000000    0.000000    0.000000    0.000000    0.000000
   4.30143    0.000000    0.000000    0.000000    0.000000    0.000000    0.000000    0.000000    0.000000    0.000000    0.000000    0.000000
   4.30744    0.000000    0.000000    0.000000    0.000000    0.000000    0.000000    0.000000    0.000000    0.000000    0.000000    0.000000
   4.31344    0.000000    0.000000    0.000000    0.000000    0.000000    0.000000    0.000000    0.000000    0.000000    0.000000    0.000000
   4.31944    0.000000    0.000000    0.000000    0.000000    0.000000    0.000000    0.000000    0.000000    0.000000    0.000000    0.000000
   4.32544    0.000000    0.000000    0.000000    0.000000    0.000000    0.000000    0.000000    0.000000    0.000000    0.000000    0.000000
   4.33144    0.000000    0.000000    0.000000    0.000000    0.000000    0.000000    0.000000    0.000000    0.000000    0.000000    0.000000
   4.33745    0.000000    0.000000    0.000000    0.000000    0.000000    0.000000    0.000000    0.000000    0.000000    0.000000    0.000000
   4.34345    0.000000    0.000000    0.000000    0.000000    0.000000    0.000000    0.000000    0.000000    0.000000    0.000000    0.000000
   4.34945    0.000000    0.000000    0.000000    0.000000    0.000000    0.000000    0.000000    0.000000    0.000000    0.000000    0.000000
   4.35545    0.000000    0.000000    0.000000    0.000000    0.000000    0.000000    0.000000    0.000000    0.000000    0.000000    0.000000
   4.36145    0.000000    0.000000    0.000000    0.000000    0.000000    0.000000    0.000000    0.000000    0.000000    0.000000    0.000000
   4.36746    0.000000    0.000000    0.000000    0.000000    0.000000    0.000000    0.000000    0.000000    0.000000    0.000000    0.000000
   4.37346    0.000000    0.000000    0.000000    0.000000    0.000000    0.000000    0.000000    0.000000    0.000000    0.000000    0.000000
   4.37946    0.000000    0.000000    0.000000    0.000000    0.000000    0.000000    0.000000    0.000000    0.000000    0.000000    0.000000
   4.38546    0.000000    0.000000    0.000000    0.000000    0.000000    0.000000    0.000000    0.000000    0.000000    0.000000    0.000000
   4.39146    0.000000    0.000000    0.000000    0.000000    0.000000    0.000000    0.000000    0.000000    0.000000    0.000000    0.000000
   4.39747    0.000000    0.000000    0.000000    0.000000    0.000000    0.000000    0.000000    0.000000    0.000000    0.000000    0.000000
   4.40347    0.000000    0.000000    0.000000    0.000000    0.000000    0.000000    0.000000    0.000000    0.000000    0.000000    0.000000
   4.40947    0.000000    0.000000    0.000000    0.000000    0.000000    0.000000    0.000000    0.000000    0.000000    0.000000    0.000000
   4.41547    0.000000    0.000000    0.000000    0.000000    0.000000    0.000000    0.000000    0.000000    0.000000    0.000000    0.000000
   4.42147    0.000000    0.000000    0.000000    0.000000    0.000000    0.000000    0.000000    0.000000    0.000000    0.000000    0.000000
   4.42748    0.000000    0.000000    0.000000    0.000000    0.000000    0.000000    0.000000    0.000000    0.000000    0.000000    0.000000
   4.43348    0.000000    0.000000    0.000000    0.000000    0.000000    0.000000    0.000000    0.000000    0.000000    0.000000    0.000000
   4.43948    0.000000    0.000000    0.000000    0.000000    0.000000    0.000000    0.000000    0.000000    0.000000    0.000000    0.000000
   4.44548    0.000000    0.000000    0.000000    0.000000    0.000000    0.000000    0.000000    0.000000    0.000000    0.000000    0.000000
   4.45148    0.000000    0.000000    0.000000    0.000000    0.000000    0.000000    0.000000    0.000000    0.000000    0.000000    0.000000
   4.45749    0.000000    0.000000    0.000000    0.000000    0.000000    0.000000    0.000000    0.000000    0.000000    0.000000    0.000000
   4.46349    0.000000    0.000000    0.000000    0.000000    0.000000    0.000000    0.000000    0.000000    0.000000    0.000000    0.000000
   4.46949    0.000000    0.000000    0.000000    0.000000    0.000000    0.000000    0.000000    0.000000    0.000000    0.000000    0.000000
   4.47549    0.000000    0.000000    0.000000    0.000000    0.000000    0.000000    0.000000    0.000000    0.000000    0.000000    0.000000
   4.48149    0.000000    0.000000    0.000000    0.000000    0.000000    0.000000    0.000000    0.000000    0.000000    0.000000    0.000000
   4.48750    0.000000    0.000000    0.000000    0.000000    0.000000    0.000000    0.000000    0.000000    0.000000    0.000000    0.000000
   4.49350    0.000000    0.000000    0.000000    0.000000    0.000000    0.000000    0.000000    0.000000    0.000000    0.000000    0.000000
   4.49950    0.000000    0.000000    0.000000    0.000000    0.000000    0.000000    0.000000    0.000000    0.000000    0.000000    0.000000
   4.50550    0.000000    0.000000    0.000000    0.000000    0.000000    0.000000    0.000000    0.000000    0.000000    0.000000    0.000000
   4.51150    0.000000    0.000000    0.000000    0.000000    0.000000    0.000000    0.000000    0.000000    0.000000    0.000000    0.000000
   4.51751    0.000000    0.000000    0.000000    0.000000    0.000000    0.000000    0.000000    0.000000    0.000000    0.000000    0.000000
   4.52351    0.000000    0.000000    0.000000    0.000000    0.000000    0.000000    0.000000    0.000000    0.000000    0.000000    0.000000
   4.52951    0.000000    0.000000    0.000000    0.000000    0.000000    0.000000    0.000000    0.000000    0.000000    0.000000    0.000000
   4.53551    0.000000    0.000000    0.000000    0.000000    0.000000    0.000000    0.000000    0.000000    0.000000    0.000000    0.000000
   4.54151    0.000000    0.000000    0.000000    0.000000    0.000000    0.000000    0.000000    0.000000    0.000000    0.000000    0.000000
   4.54752    0.000000    0.000000    0.000000    0.000000    0.000000    0.000000    0.000000    0.000000    0.000000    0.000000    0.000000
   4.55352    0.000000    0.000000    0.000000    0.000000    0.000000    0.000000    0.000000    0.000000    0.000000    0.000000    0.000000
   4.55952    0.000000    0.000000    0.000000    0.000000    0.000000    0.000000    0.000000    0.000000    0.000000    0.000000    0.000000
   4.56552    0.000000    0.000000    0.000000    0.000000    0.000000    0.000000    0.000000    0.000000    0.000000    0.000000    0.000000
   4.57152    0.000000    0.000000    0.000000    0.000000    0.000000    0.000000    0.000000    0.000000    0.000000    0.000000    0.000000
   4.57753    0.000000    0.000000    0.000000    0.000000    0.000000    0.000000    0.000000    0.000000    0.000000    0.000000    0.000000
   4.58353    0.000000    0.000000    0.000000    0.000000    0.000000    0.000000    0.000000    0.000000    0.000000    0.000000    0.000000
   4.58953    0.000000    0.000000    0.000000    0.000000    0.000000    0.000000    0.000000    0.000000    0.000000    0.000000    0.000000
   4.59553    0.000000    0.000000    0.000000    0.000000    0.000000    0.000000    0.000000    0.000000    0.000000    0.000000    0.000000
   4.60153    0.000000    0.000000    0.000000    0.000000    0.000000    0.000000    0.000000    0.000000    0.000000    0.000000    0.000000
   4.60754    0.000000    0.000000    0.000000    0.000000    0.000000    0.000000    0.000000    0.000000    0.000000    0.000000    0.000000
   4.61354    0.000000    0.000000    0.000000    0.000000    0.000000    0.000000    0.000000    0.000000    0.000000    0.000000    0.000000
   4.61954    0.000000    0.000000    0.000000    0.000000    0.000000    0.000000    0.000000    0.000000    0.000000    0.000000    0.000000
   4.62554    0.000000    0.000000    0.000000    0.000000    0.000000    0.000000    0.000000    0.000000    0.000000    0.000000    0.000000
   4.63154    0.000000    0.000000    0.000000    0.000000    0.000000    0.000000    0.000000    0.000000    0.000000    0.000000    0.000000
   4.63755    0.000000    0.000000    0.000000    0.000000    0.000000    0.000000    0.000000    0.000000    0.000000    0.000000    0.000000
   4.64355    0.000000    0.000000    0.000000    0.000000    0.000000    0.000000    0.000000    0.000000    0.000000    0.000000    0.000000
   4.64955    0.000000    0.000000    0.000000    0.000000    0.000000    0.000000    0.000000    0.000000    0.000000    0.000000    0.000000
   4.65555    0.000000    0.000000    0.000000    0.000000    0.000000    0.000000    0.000000    0.000000    0.000000    0.000000    0.000000
   4.66155    0.000000    0.000000    0.000000    0.000000    0.000000    0.000000    0.000000    0.000000    0.000000    0.000000    0.000000
   4.66756    0.000000    0.000000    0.000000    0.000000    0.000000    0.000000    0.000000    0.000000    0.000000    0.000000    0.000000
   4.67356    0.000000    0.000000    0.000000    0.000000    0.000000    0.000000    0.000000    0.000000    0.000000    0.000000    0.000000
   4.67956    0.000000    0.000000    0.000000    0.000000    0.000000    0.000000    0.000000    0.000000    0.000000    0.000000    0.000000
   4.68556    0.000000    0.000000    0.000000    0.000000    0.000000    0.000000    0.000000    0.000000    0.000000    0.000000    0.000000
   4.69156    0.000000    0.000000    0.000000    0.000000    0.000000    0.000000    0.000000    0.000000    0.000000    0.000000    0.000000
   4.69757    0.000000    0.000000    0.000000    0.000000    0.000000    0.000000    0.000000    0.000000    0.000000    0.000000    0.000000
   4.70357    0.000000    0.000000    0.000000    0.000000    0.000000    0.000000    0.000000    0.000000    0.000000    0.000000    0.000000
   4.70957    0.000000    0.000000    0.000000    0.000000    0.000000    0.000000    0.000000    0.000000    0.000000    0.000000    0.000000
   4.71557    0.000000    0.000000    0.000000    0.000000    0.000000    0.000000    0.000000    0.000000    0.000000    0.000000    0.000000
   4.72157    0.000000    0.000000    0.000000    0.000000    0.000000    0.000000    0.000000    0.000000    0.000000    0.000000    0.000000
   4.72758    0.000000    0.000000    0.000000    0.000000    0.000000    0.000000    0.000000    0.000000    0.000000    0.000000    0.000000
   4.73358    0.000000    0.000000    0.000000    0.000000    0.000000    0.000000    0.000000    0.000000    0.000000    0.000000    0.000000
   4.73958    0.000000    0.000000    0.000000    0.000000    0.000000    0.000000    0.000000    0.000000    0.000000    0.000000    0.000000
   4.74558    0.000000    0.000000    0.000000    0.000000    0.000000    0.000000    0.000000    0.000000    0.000000    0.000000    0.000000
   4.75158    0.000000    0.000000    0.000000    0.000000    0.000000    0.000000    0.000000    0.000000    0.000000    0.000000    0.000000
   4.75759    0.000000    0.000000    0.000000    0.000000    0.000000    0.000000    0.000000    0.000000    0.000000    0.000000    0.000000
   4.76359    0.000000    0.000000    0.000000    0.000000    0.000000    0.000000    0.000000    0.000000    0.000000    0.000000    0.000000
   4.76959    0.000000    0.000000    0.000000    0.000000    0.000000    0.000000    0.000000    0.000000    0.000000    0.000000    0.000000
   4.77559    0.000000    0.000000    0.000000    0.000000    0.000000    0.000000    0.000000    0.000000    0.000000    0.000000    0.000000
   4.78159    0.000000    0.000000    0.000000    0.000000    0.000000    0.000000    0.000000    0.000000    0.000000    0.000000    0.000000
   4.78760    0.000000    0.000000    0.000000    0.000000    0.000000    0.000000    0.000000    0.000000    0.000000    0.000000    0.000000
   4.79360    0.000000    0.000000    0.000000    0.000000    0.000000    0.000000    0.000000    0.000000    0.000000    0.000000    0.000000
   4.79960    0.000000    0.000000    0.000000    0.000000    0.000000    0.000000    0.000000    0.000000    0.000000    0.000000    0.000000
   4.80560    0.000000    0.000000    0.000000    0.000000    0.000000    0.000000    0.000000    0.000000    0.000000    0.000000    0.000000
   4.81160    0.000000    0.000000    0.000000    0.000000    0.000000    0.000000    0.000000    0.000000    0.000000    0.000000    0.000000
   4.81761    0.000000    0.000000    0.000000    0.000000    0.000000    0.000000    0.000000    0.000000    0.000000    0.000000    0.000000
   4.82361    0.000000    0.000000    0.000000    0.000000    0.000000    0.000000    0.000000    0.000000    0.000000    0.000000    0.000000
   4.82961    0.000000    0.000000    0.000000    0.000000    0.000000    0.000000    0.000000    0.000000    0.000000    0.000000    0.000000
   4.83561    0.000000    0.000000    0.000000    0.000000    0.000000    0.000000    0.000000    0.000000    0.000000    0.000000    0.000000
   4.84161    0.000000    0.000000    0.000000    0.000000    0.000000    0.000000    0.000000    0.000000    0.000000    0.000000    0.000000
   4.84762    0.000000    0.000000    0.000000    0.000000    0.000000    0.000000    0.000000    0.000000    0.000000    0.000000    0.000000
   4.85362    0.000000    0.000000    0.000000    0.000000    0.000000    0.000000    0.000000    0.000000    0.000000    0.000000    0.000000
   4.85962    0.000000    0.000000    0.000000    0.000000    0.000000    0.000000    0.000000    0.000000    0.000000    0.000000    0.000000
   4.86562    0.000000    0.000000    0.000000    0.000000    0.000000    0.000000    0.000000    0.000000    0.000000    0.000000    0.000000
   4.87162    0.000000    0.000000    0.000000    0.000000    0.000000    0.000000    0.000000    0.000000    0.000000    0.000000    0.000000
   4.87763    0.000000    0.000000    0.000000    0.000000    0.000000    0.000000    0.000000    0.000000    0.000000    0.000000    0.000000
   4.88363    0.000000    0.000000    0.000000    0.000000    0.000000    0.000000    0.000000    0.000000    0.000000    0.000000    0.000000
   4.88963    0.000000    0.000000    0.000000    0.000000    0.000000    0.000000    0.000000    0.000000    0.000000    0.000000    0.000000
   4.89563    0.000000    0.000000    0.000000    0.000000    0.000000    0.000000    0.000000    0.000000    0.000000    0.000000    0.000000
   4.90163    0.000000    0.000000    0.000000    0.000000    0.000000    0.000000    0.000000    0.000000    0.000000    0.000000    0.000000
   4.90764    0.000000    0.000000    0.000000    0.000000    0.000000    0.000000    0.000000    0.000000    0.000000    0.000000    0.000000
   4.91364    0.000000    0.000000    0.000000    0.000000    0.000000    0.000000    0.000000    0.000000    0.000000    0.000000    0.000000
   4.91964    0.000000    0.000000    0.000000    0.000000    0.000000    0.000000    0.000000    0.000000    0.000000    0.000000    0.000000
   4.92564    0.000000    0.000000    0.000000    0.000000    0.000000    0.000000    0.000000    0.000000    0.000000    0.000000    0.000000
   4.93164    0.000000    0.000000    0.000000    0.000000    0.000000    0.000000    0.000000    0.000000    0.000000    0.000000    0.000000
   4.93765    0.000000    0.000000    0.000000    0.000000    0.000000    0.000000    0.000000    0.000000    0.000000    0.000000    0.000000
   4.94365    0.000000    0.000000    0.000000    0.000000    0.000000    0.000000    0.000000    0.000000    0.000000    0.000000    0.000000
   4.94965    0.000000    0.000000    0.000000    0.000000    0.000000    0.000000    0.000000    0.000000    0.000000    0.000000    0.000000
   4.95565    0.000000    0.000000    0.000000    0.000000    0.000000    0.000000    0.000000    0.000000    0.000000    0.000000    0.000000
   4.96165    0.000000    0.000000    0.000000    0.000000    0.000000    0.000000    0.000000    0.000000    0.000000    0.000000    0.000000
   4.96766    0.000000    0.000000    0.000000    0.000000    0.000000    0.000000    0.000000    0.000000    0.000000    0.000000    0.000000
   4.97366    0.000000    0.000000    0.000000    0.000000    0.000000    0.000000    0.000000    0.000000    0.000000    0.000000    0.000000
   4.97966    0.000000    0.000000    0.000000    0.000000    0.000000    0.000000    0.000000    0.000000    0.000000    0.000000    0.000000
   4.98566    0.000000    0.000000    0.000000    0.000000    0.000000    0.000000    0.000000    0.000000    0.000000    0.000000    0.000000
   4.99166    0.000000    0.000000    0.000000    0.000000    0.000000    0.000000    0.000000    0.000000    0.000000    0.000000    0.000000
   4.99767    0.000000    0.000000    0.000000    0.000000    0.000000    0.000000    0.000000    0.000000    0.000000    0.000000    0.000000
   5.00367    0.000000    0.000000    0.000000    0.000000    0.000000    0.000000    0.000000    0.000000    0.000000    0.000000    0.000000
   5.00967    0.000000    0.000000    0.000000    0.000000    0.000000    0.000000    0.000000    0.000000    0.000000    0.000000    0.000000
   5.01567    0.000000    0.000000    0.000000    0.000000    0.000000    0.000000    0.000000    0.000000    0.000000    0.000000    0.000000
   5.02167    0.000000    0.000000    0.000000    0.000000    0.000000    0.000000    0.000000    0.000000    0.000000    0.000000    0.000000
   5.02768    0.000000    0.000000    0.000000    0.000000    0.000000    0.000000    0.000000    0.000000    0.000000    0.000000    0.000000
   5.03368    0.000000    0.000000    0.000000    0.000000    0.000000    0.000000    0.000000    0.000000    0.000000    0.000000    0.000000
   5.03968    0.000000    0.000000    0.000000    0.000000    0.000000    0.000000    0.000000    0.000000    0.000000    0.000000    0.000000
   5.04568    0.000000    0.000000    0.000000    0.000000    0.000000    0.000000    0.000000    0.000000    0.000000    0.000000    0.000000
   5.05168    0.000000    0.000000    0.000000    0.000000    0.000000    0.000000    0.000000    0.000000    0.000000    0.000000    0.000000
   5.05769    0.000000    0.000000    0.000000    0.000000    0.000000    0.000000    0.000000    0.000000    0.000000    0.000000    0.000000
   5.06369    0.000000    0.000000    0.000000    0.000000    0.000000    0.000000    0.000000    0.000000    0.000000    0.000000    0.000000
   5.06969    0.000000    0.000000    0.000000    0.000000    0.000000    0.000000    0.000000    0.000000    0.000000    0.000000    0.000000
   5.07569    0.000000    0.000000    0.000000    0.000000    0.000000    0.000000    0.000000    0.000000    0.000000    0.000000    0.000000
   5.08169    0.000000    0.000000    0.000000    0.000000    0.000000    0.000000    0.000000    0.000000    0.000000    0.000000    0.000000
   5.08770    0.000000    0.000000    0.000000    0.000000    0.000000    0.000000    0.000000    0.000000    0.000000    0.000000    0.000000
   5.09370    0.000000    0.000000    0.000000    0.000000    0.000000    0.000000    0.000000    0.000000    0.000000    0.000000    0.000000
   5.09970    0.000000    0.000000    0.000000    0.000000    0.000000    0.000000    0.000000    0.000000    0.000000    0.000000    0.000000
   5.10570    0.000000    0.000000    0.000000    0.000000    0.000000    0.000000    0.000000    0.000000    0.000000    0.000000    0.000000
   5.11170    0.000000    0.000000    0.000000    0.000000    0.000000    0.000000    0.000000    0.000000    0.000000    0.000000    0.000000
   5.11771    0.000000    0.000000    0.000000    0.000000    0.000000    0.000000    0.000000    0.000000    0.000000    0.000000    0.000000
   5.12371    0.000000    0.000000    0.000000    0.000000    0.000000    0.000000    0.000000    0.000000    0.000000    0.000000    0.000000
   5.12971    0.000000    0.000000    0.000000    0.000000    0.000000    0.000000    0.000000    0.000000    0.000000    0.000000    0.000000
   5.13571    0.000000    0.000000    0.000000    0.000000    0.000000    0.000000    0.000000    0.000000    0.000000    0.000000    0.000000
   5.14171    0.000000    0.000000    0.000000    0.000000    0.000000    0.000000    0.000000    0.000000    0.000000    0.000000    0.000000
   5.14772    0.000000    0.000000    0.000000    0.000000    0.000000    0.000000    0.000000    0.000000    0.000000    0.000000    0.000000
   5.15372    0.000000    0.000000    0.000000    0.000000    0.000000    0.000000    0.000000    0.000000    0.000000    0.000000    0.000000
   5.15972    0.000000    0.000000    0.000000    0.000000    0.000000    0.000000    0.000000    0.000000    0.000000    0.000000    0.000000
   5.16572    0.000000    0.000000    0.000000    0.000000    0.000000    0.000000    0.000000    0.000000    0.000000    0.000000    0.000000
   5.17172    0.000000    0.000000    0.000000    0.000000    0.000000    0.000000    0.000000    0.000000    0.000000    0.000000    0.000000
   5.17773    0.000000    0.000000    0.000000    0.000000    0.000000    0.000000    0.000000    0.000000    0.000000    0.000000    0.000000
   5.18373    0.000000    0.000000    0.000000    0.000000    0.000000    0.000000    0.000000    0.000000    0.000000    0.000000    0.000000
   5.18973    0.000000    0.000000    0.000000    0.000000    0.000000    0.000000    0.000000    0.000000    0.000000    0.000000    0.000000
   5.19573    0.000000    0.000000    0.000000    0.000000    0.000000    0.000000    0.000000    0.000000    0.000000    0.000000    0.000000
   5.20173    0.000000    0.000000    0.000000    0.000000    0.000000    0.000000    0.000000    0.000000    0.000000    0.000000    0.000000
   5.20774    0.000000    0.000000    0.000000    0.000000    0.000000    0.000000    0.000000    0.000000    0.000000    0.000000    0.000000
   5.21374    0.000000    0.000000    0.000000    0.000000    0.000000    0.000000    0.000000    0.000000    0.000000    0.000000    0.000000
   5.21974    0.000000    0.000000    0.000000    0.000000    0.000000    0.000000    0.000000    0.000000    0.000000    0.000000    0.000000
   5.22574    0.000000    0.000000    0.000000    0.000000    0.000000    0.000000    0.000000    0.000000    0.000000    0.000000    0.000000
   5.23174    0.000000    0.000000    0.000000    0.000000    0.000000    0.000000    0.000000    0.000000    0.000000    0.000000    0.000000
   5.23775    0.000000    0.000000    0.000000    0.000000    0.000000    0.000000    0.000000    0.000000    0.000000    0.000000    0.000000
   5.24375    0.000000    0.000000    0.000000    0.000000    0.000000    0.000000    0.000000    0.000000    0.000000    0.000000    0.000000
   5.24975    0.000000    0.000000    0.000000    0.000000    0.000000    0.000000    0.000000    0.000000    0.000000    0.000000    0.000000
   5.25575    0.000000    0.000000    0.000000    0.000000    0.000000    0.000000    0.000000    0.000000    0.000000    0.000000    0.000000
   5.26175    0.000000    0.000000    0.000000    0.000000    0.000000    0.000000    0.000000    0.000000    0.000000    0.000000    0.000000
   5.26776    0.000000    0.000000    0.000000    0.000000    0.000000    0.000000    0.000000    0.000000    0.000000    0.000000    0.000000
   5.27376    0.000000    0.000000    0.000000    0.000000    0.000000    0.000000    0.000000    0.000000    0.000000    0.000000    0.000000
   5.27976    0.000000    0.000000    0.000000    0.000000    0.000000    0.000000    0.000000    0.000000    0.000000    0.000000    0.000000
   5.28576    0.000000    0.000000    0.000000    0.000000    0.000000    0.000000    0.000000    0.000000    0.000000    0.000000    0.000000
   5.29176    0.000000    0.000000    0.000000    0.000000    0.000000    0.000000    0.000000    0.000000    0.000000    0.000000    0.000000
   5.29777    0.000000    0.000000    0.000000    0.000000    0.000000    0.000000    0.000000    0.000000    0.000000    0.000000    0.000000
   5.30377    0.000000    0.000000    0.000000    0.000000    0.000000    0.000000    0.000000    0.000000    0.000000    0.000000    0.000000
   5.30977    0.000000    0.000000    0.000000    0.000000    0.000000    0.000000    0.000000    0.000000    0.000000    0.000000    0.000000
   5.31577    0.000000    0.000000    0.000000    0.000000    0.000000    0.000000    0.000000    0.000000    0.000000    0.000000    0.000000
   5.32177    0.000000    0.000000    0.000000    0.000000    0.000000    0.000000    0.000000    0.000000    0.000000    0.000000    0.000000
   5.32778    0.000000    0.000000    0.000000    0.000000    0.000000    0.000000    0.000000    0.000000    0.000000    0.000000    0.000000
   5.33378    0.000000    0.000000    0.000000    0.000000    0.000000    0.000000    0.000000    0.000000    0.000000    0.000000    0.000000
   5.33978    0.000000    0.000000    0.000000    0.000000    0.000000    0.000000    0.000000    0.000000    0.000000    0.000000    0.000000
   5.34578    0.000000    0.000000    0.000000    0.000000    0.000000    0.000000    0.000000    0.000000    0.000000    0.000000    0.000000
   5.35178    0.000000    0.000000    0.000000    0.000000    0.000000    0.000000    0.000000    0.000000    0.000000    0.000000    0.000000
   5.35779    0.000000    0.000000    0.000000    0.000000    0.000000    0.000000    0.000000    0.000000    0.000000    0.000000    0.000000
   5.36379    0.000000    0.000000    0.000000    0.000000    0.000000    0.000000    0.000000    0.000000    0.000000    0.000000    0.000000
   5.36979    0.000000    0.000000    0.000000    0.000000    0.000000    0.000000    0.000000    0.000000    0.000000    0.000000    0.000000
   5.37579    0.000000    0.000000    0.000000    0.000000    0.000000    0.000000    0.000000    0.000000    0.000000    0.000000    0.000000
   5.38179    0.000000    0.000000    0.000000    0.000000    0.000000    0.000000    0.000000    0.000000    0.000000    0.000000    0.000000
   5.38780    0.000000    0.000000    0.000000    0.000000    0.000000    0.000000    0.000000    0.000000    0.000000    0.000000    0.000000
   5.39380    0.000000    0.000000    0.000000    0.000000    0.000000    0.000000    0.000000    0.000000    0.000000    0.000000    0.000000
   5.39980    0.000000    0.000000    0.000000    0.000000    0.000000    0.000000    0.000000    0.000000    0.000000    0.000000    0.000000
   5.40580    0.000000    0.000000    0.000000    0.000000    0.000000    0.000000    0.000000    0.000000    0.000000    0.000000    0.000000
   5.41180    0.000000    0.000000    0.000000    0.000000    0.000000    0.000000    0.000000    0.000000    0.000000    0.000000    0.000000
   5.41781    0.000000    0.000000    0.000000    0.000000    0.000000    0.000000    0.000000    0.000000    0.000000    0.000000    0.000000
   5.42381    0.000000    0.000000    0.000000    0.000000    0.000000    0.000000    0.000000    0.000000    0.000000    0.000000    0.000000
   5.42981    0.000000    0.000000    0.000000    0.000000    0.000000    0.000000    0.000000    0.000000    0.000000    0.000000    0.000000
   5.43581    0.000000    0.000000    0.000000    0.000000    0.000000    0.000000    0.000000    0.000000    0.000000    0.000000    0.000000
   5.44181    0.000000    0.000000    0.000000    0.000000    0.000000    0.000000    0.000000    0.000000    0.000000    0.000000    0.000000
   5.44782    0.000000    0.000000    0.000000    0.000000    0.000000    0.000000    0.000000    0.000000    0.000000    0.000000    0.000000
   5.45382    0.000000    0.000000    0.000000    0.000000    0.000000    0.000000    0.000000    0.000000    0.000000    0.000000    0.000000
   5.45982    0.000000    0.000000    0.000000    0.000000    0.000000    0.000000    0.000000    0.000000    0.000000    0.000000    0.000000
   5.46582    0.000000    0.000000    0.000000    0.000000    0.000000    0.000000    0.000000    0.000000    0.000000    0.000000    0.000000
   5.47182    0.000000    0.000000    0.000000    0.000000    0.000000    0.000000    0.000000    0.000000    0.000000    0.000000    0.000000
   5.47783    0.000000    0.000000    0.000000    0.000000    0.000000    0.000000    0.000000    0.000000    0.000000    0.000000    0.000000
   5.48383    0.000000    0.000000    0.000000    0.000000    0.000000    0.000000    0.000000    0.000000    0.000000    0.000000    0.000000
   5.48983    0.000000    0.000000    0.000000    0.000000    0.000000    0.000000    0.000000    0.000000    0.000000    0.000000    0.000000
   5.49583    0.000000    0.000000    0.000000    0.000000    0.000000    0.000000    0.000000    0.000000    0.000000    0.000000    0.000000
   5.50183    0.000000    0.000000    0.000000    0.000000    0.000000    0.000000    0.000000    0.000000    0.000000    0.000000    0.000000
   5.50784    0.000000    0.000000    0.000000    0.000000    0.000000    0.000000    0.000000    0.000000    0.000000    0.000000    0.000000
   5.51384    0.000000    0.000000    0.000000    0.000000    0.000000    0.000000    0.000000    0.000000    0.000000    0.000000    0.000000
   5.51984    0.000000    0.000000    0.000000    0.000000    0.000000    0.000000    0.000000    0.000000    0.000000    0.000000    0.000000
   5.52584    0.000000    0.000000    0.000000    0.000000    0.000000    0.000000    0.000000    0.000000    0.000000    0.000000    0.000000
   5.53184    0.000000    0.000000    0.000000    0.000000    0.000000    0.000000    0.000000    0.000000    0.000000    0.000000    0.000000
   5.53785    0.000000    0.000000    0.000000    0.000000    0.000000    0.000000    0.000000    0.000000    0.000000    0.000000    0.000000
   5.54385    0.000000    0.000000    0.000000    0.000000    0.000000    0.000000    0.000000    0.000000    0.000000    0.000000    0.000000
   5.54985    0.000000    0.000000    0.000000    0.000000    0.000000    0.000000    0.000000    0.000000    0.000000    0.000000    0.000000
   5.55585    0.000000    0.000000    0.000000    0.000000    0.000000    0.000000    0.000000    0.000000    0.000000    0.000000    0.000000
   5.56185    0.000000    0.000000    0.000000    0.000000    0.000000    0.000000    0.000000    0.000000    0.000000    0.000000    0.000000
   5.56786    0.000000    0.000000    0.000000    0.000000    0.000000    0.000000    0.000000    0.000000    0.000000    0.000000    0.000000
   5.57386    0.000000    0.000000    0.000000    0.000000    0.000000    0.000000    0.000000    0.000000    0.000000    0.000000    0.000000
   5.57986    0.000000    0.000000    0.000000    0.000000    0.000000    0.000000    0.000000    0.000000    0.000000    0.000000    0.000000
   5.58586    0.000000    0.000000    0.000000    0.000000    0.000000    0.000000    0.000000    0.000000    0.000000    0.000000    0.000000
   5.59186    0.000000    0.000000    0.000000    0.000000    0.000000    0.000000    0.000000    0.000000    0.000000    0.000000    0.000000
   5.59787    0.000000    0.000000    0.000000    0.000000    0.000000    0.000000    0.000000    0.000000    0.000000    0.000000    0.000000
   5.60387    0.000000    0.000000    0.000000    0.000000    0.000000    0.000000    0.000000    0.000000    0.000000    0.000000    0.000000
   5.60987    0.000000    0.000000    0.000000    0.000000    0.000000    0.000000    0.000000    0.000000    0.000000    0.000000    0.000000
   5.61587    0.000000    0.000000    0.000000    0.000000    0.000000    0.000000    0.000000    0.000000    0.000000    0.000000    0.000000
   5.62187    0.000000    0.000000    0.000000    0.000000    0.000000    0.000000    0.000000    0.000000    0.000000    0.000000    0.000000
   5.62788    0.000000    0.000000    0.000000    0.000000    0.000000    0.000000    0.000000    0.000000    0.000000    0.000000    0.000000
   5.63388    0.000000    0.000000    0.000000    0.000000    0.000000    0.000000    0.000000    0.000000    0.000000    0.000000    0.000000
   5.63988    0.000000    0.000000    0.000000    0.000000    0.000000    0.000000    0.000000    0.000000    0.000000    0.000000    0.000000
   5.64588    0.000000    0.000000    0.000000    0.000000    0.000000    0.000000    0.000000    0.000000    0.000000    0.000000    0.000000
   5.65188    0.000000    0.000000    0.000000    0.000000    0.000000    0.000000    0.000000    0.000000    0.000000    0.000000    0.000000
   5.65789    0.000000    0.000000    0.000000    0.000000    0.000000    0.000000    0.000000    0.000000    0.000000    0.000000    0.000000
   5.66389    0.000000    0.000000    0.000000    0.000000    0.000000    0.000000    0.000000    0.000000    0.000000    0.000000    0.000000
   5.66989    0.000000    0.000000    0.000000    0.000000    0.000000    0.000000    0.000000    0.000000    0.000000    0.000000    0.000000
   5.67589    0.000000    0.000000    0.000000    0.000000    0.000000    0.000000    0.000000    0.000000    0.000000    0.000000    0.000000
   5.68189    0.000000    0.000000    0.000000    0.000000    0.000000    0.000000    0.000000    0.000000    0.000000    0.000000    0.000000
   5.68790    0.000000    0.000000    0.000000    0.000000    0.000000    0.000000    0.000000    0.000000    0.000000    0.000000    0.000000
   5.69390    0.000000    0.000000    0.000000    0.000000    0.000000    0.000000    0.000000    0.000000    0.000000    0.000000    0.000000
   5.69990    0.000000    0.000000    0.000000    0.000000    0.000000    0.000000    0.000000    0.000000    0.000000    0.000000    0.000000
   5.70590    0.000000    0.000000    0.000000    0.000000    0.000000    0.000000    0.000000    0.000000    0.000000    0.000000    0.000000
   5.71190    0.000000    0.000000    0.000000    0.000000    0.000000    0.000000    0.000000    0.000000    0.000000    0.000000    0.000000
   5.71791    0.000000    0.000000    0.000000    0.000000    0.000000    0.000000    0.000000    0.000000    0.000000    0.000000    0.000000
   5.72391    0.000000    0.000000    0.000000    0.000000    0.000000    0.000000    0.000000    0.000000    0.000000    0.000000    0.000000
   5.72991    0.000000    0.000000    0.000000    0.000000    0.000000    0.000000    0.000000    0.000000    0.000000    0.000000    0.000000
   5.73591    0.000000    0.000000    0.000000    0.000000    0.000000    0.000000    0.000000    0.000000    0.000000    0.000000    0.000000
   5.74191    0.000000    0.000000    0.000000    0.000000    0.000000    0.000000    0.000000    0.000000    0.000000    0.000000    0.000000
   5.74792    0.000000    0.000000    0.000000    0.000000    0.000000    0.000000    0.000000    0.000000    0.000000    0.000000    0.000000
   5.75392    0.000000    0.000000    0.000000    0.000000    0.000000    0.000000    0.000000    0.000000    0.000000    0.000000    0.000000
   5.75992    0.000000    0.000000    0.000000    0.000000    0.000000    0.000000    0.000000    0.000000    0.000000    0.000000    0.000000
   5.76592    0.000000    0.000000    0.000000    0.000000    0.000000    0.000000    0.000000    0.000000    0.000000    0.000000    0.000000
   5.77192    0.000000    0.000000    0.000000    0.000000    0.000000    0.000000    0.000000    0.000000    0.000000    0.000000    0.000000
   5.77793    0.000000    0.000000    0.000000    0.000000    0.000000    0.000000    0.000000    0.000000    0.000000    0.000000    0.000000
   5.78393    0.000000    0.000000    0.000000    0.000000    0.000000    0.000000    0.000000    0.000000    0.000000    0.000000    0.000000
   5.78993    0.000000    0.000000    0.000000    0.000000    0.000000    0.000000    0.000000    0.000000    0.000000    0.000000    0.000000
   5.79593    0.000000    0.000000    0.000000    0.000000    0.000000    0.000000    0.000000    0.000000    0.000000    0.000000    0.000000
   5.80193    0.000000    0.000000    0.000000    0.000000    0.000000    0.000000    0.000000    0.000000    0.000000    0.000000    0.000000
   5.80794    0.000000    0.000000    0.000000    0.000000    0.000000    0.000000    0.000000    0.000000    0.000000    0.000000    0.000000
   5.81394    0.000000    0.000000    0.000000    0.000000    0.000000    0.000000    0.000000    0.000000    0.000000    0.000000    0.000000
   5.81994    0.000000    0.000000    0.000000    0.000000    0.000000    0.000000    0.000000    0.000000    0.000000    0.000000    0.000000
   5.82594    0.000000    0.000000    0.000000    0.000000    0.000000    0.000000    0.000000    0.000000    0.000000    0.000000    0.000000
   5.83194    0.000000    0.000000    0.000000    0.000000    0.000000    0.000000    0.000000    0.000000    0.000000    0.000000    0.000000
   5.83795    0.000000    0.000000    0.000000    0.000000    0.000000    0.000000    0.000000    0.000000    0.000000    0.000000    0.000000
   5.84395    0.000000    0.000000    0.000000    0.000000    0.000000    0.000000    0.000000    0.000000    0.000000    0.000000    0.000000
   5.84995    0.000000    0.000000    0.000000    0.000000    0.000000    0.000000    0.000000    0.000000    0.000000    0.000000    0.000000
   5.85595    0.000000    0.000000    0.000000    0.000000    0.000000    0.000000    0.000000    0.000000    0.000000    0.000000    0.000000
   5.86195    0.000000    0.000000    0.000000    0.000000    0.000000    0.000000    0.000000    0.000000    0.000000    0.000000    0.000000
   5.86796    0.000000    0.000000    0.000000    0.000000    0.000000    0.000000    0.000000    0.000000    0.000000    0.000000    0.000000
   5.87396    0.000000    0.000000    0.000000    0.000000    0.000000    0.000000    0.000000    0.000000    0.000000    0.000000    0.000000
   5.87996    0.000000    0.000000    0.000000    0.000000    0.000000    0.000000    0.000000    0.000000    0.000000    0.000000    0.000000
   5.88596    0.000000    0.000000    0.000000    0.000000    0.000000    0.000000    0.000000    0.000000    0.000000    0.000000    0.000000
   5.89196    0.000000    0.000000    0.000000    0.000000    0.000000    0.000000    0.000000    0.000000    0.000000    0.000000    0.000000
   5.89797    0.000000    0.000000    0.000000    0.000000    0.000000    0.000000    0.000000    0.000000    0.000000    0.000000    0.000000
   5.90397    0.000000    0.000000    0.000000    0.000000    0.000000    0.000000    0.000000    0.000000    0.000000    0.000000    0.000000
   5.90997    0.000000    0.000000    0.000000    0.000000    0.000000    0.000000    0.000000    0.000000    0.000000    0.000000    0.000000
   5.91597    0.000000    0.000000    0.000000    0.000000    0.000000    0.000000    0.000000    0.000000    0.000000    0.000000    0.000000
   5.92197    0.000000    0.000000    0.000000    0.000000    0.000000    0.000000    0.000000    0.000000    0.000000    0.000000    0.000000
   5.92798    0.000000    0.000000    0.000000    0.000000    0.000000    0.000000    0.000000    0.000000    0.000000    0.000000    0.000000
   5.93398    0.000000    0.000000    0.000000    0.000000    0.000000    0.000000    0.000000    0.000000    0.000000    0.000000    0.000000
   5.93998    0.000000    0.000000    0.000000    0.000000    0.000000    0.000000    0.000000    0.000000    0.000000    0.000000    0.000000
   5.94598    0.000000    0.000000    0.000000    0.000000    0.000000    0.000000    0.000000    0.000000    0.000000    0.000000    0.000000
   5.95198    0.000000    0.000000    0.000000    0.000000    0.000000    0.000000    0.000000    0.000000    0.000000    0.000000    0.000000
   5.95799    0.000000    0.000000    0.000000    0.000000    0.000000    0.000000    0.000000    0.000000    0.000000    0.000000    0.000000
   5.96399    0.000000    0.000000    0.000000    0.000000    0.000000    0.000000    0.000000    0.000000    0.000000    0.000000    0.000000
   5.96999    0.000000    0.000000    0.000000    0.000000    0.000000    0.000000    0.000000    0.000000    0.000000    0.000000    0.000000
   5.97599    0.000000    0.000000    0.000000    0.000000    0.000000    0.000000    0.000000    0.000000    0.000000    0.000000    0.000000
   5.98199    0.000000    0.000000    0.000000    0.000000    0.000000    0.000000    0.000000    0.000000    0.000000    0.000000    0.000000
   5.98800    0.000000    0.000000    0.000000    0.000000    0.000000    0.000000    0.000000    0.000000    0.000000    0.000000    0.000000
   5.99400    0.000000    0.000000    0.000000    0.000000    0.000000    0.000000    0.000000    0.000000    0.000000    0.000000    0.000000
   6.00000    0.000000    0.000000    0.000000    0.000000    0.000000    0.000000    0.000000    0.000000    0.000000    0.000000    0.000000
