 -12.00000    0.000000    0.000000    0.000000    0.000000    0.000000    0.000000    0.000000    0.000000    0.000000    0.000000    0.000000
 -11.99400    0.000000    0.000000    0.000000    0.000000    0.000000    0.000000    0.000000    0.000000    0.000000    0.000000    0.000000
 -11.98800    0.000000    0.000000    0.000000    0.000000    0.000000    0.000000    0.000000    0.000000    0.000000    0.000000    0.000000
 -11.98199    0.000000    0.000000    0.000000    0.000000    0.000000    0.000000    0.000000    0.000000    0.000000    0.000000    0.000000
 -11.97599    0.000000    0.000000    0.000000    0.000000    0.000000    0.000000    0.000000    0.000000    0.000000    0.000000    0.000000
 -11.96999    0.000000    0.000000    0.000000    0.000000    0.000000    0.000000    0.000000    0.000000    0.000000    0.000000    0.000000
 -11.96399    0.000000    0.000000    0.000000    0.000000    0.000000    0.000000    0.000000    0.000000    0.000000    0.000000    0.000000
 -11.95799    0.000000    0.000000    0.000000    0.000000    0.000000    0.000000    0.000000    0.000000    0.000000    0.000000    0.000000
 -11.95198    0.000000    0.000000    0.000000    0.000000    0.000000    0.000000    0.000000    0.000000    0.000000    0.000000    0.000000
 -11.94598    0.000000    0.000000    0.000000    0.000000    0.000000    0.000000    0.000000    0.000000    0.000000    0.000000    0.000000
 -11.93998    0.000000    0.000000    0.000000    0.000000    0.000000    0.000000    0.000000    0.000000    0.000000    0.000000    0.000000
 -11.93398    0.000000    0.000000    0.000000    0.000000    0.000000    0.000000    0.000000    0.000000    0.000000    0.000000    0.000000
 -11.92798    0.000000    0.000000    0.000000    0.000000    0.000000    0.000000    0.000000    0.000000    0.000000    0.000000    0.000000
 -11.92197    0.000000    0.000000    0.000000    0.000000    0.000000    0.000000    0.000000    0.000000    0.000000    0.000000    0.000000
 -11.91597    0.000000    0.000000    0.000000    0.000000    0.000000    0.000000    0.000000    0.000000    0.000000    0.000000    0.000000
 -11.90997    0.000000    0.000000    0.000000    0.000000    0.000000    0.000000    0.000000    0.000000    0.000000    0.000000    0.000000
 -11.90397    0.000000    0.000000    0.000000    0.000000    0.000000    0.000000    0.000000    0.000000    0.000000    0.000000    0.000000
 -11.89797    0.000000    0.000000    0.000000    0.000000    0.000000    0.000000    0.000000    0.000000    0.000000    0.000000    0.000000
 -11.89196    0.000000    0.000000    0.000000    0.000000    0.000000    0.000000    0.000000    0.000000    0.000000    0.000000    0.000000
 -11.88596    0.000000    0.000000    0.000000    0.000000    0.000000    0.000000    0.000000    0.000000    0.000000    0.000000    0.000000
 -11.87996    0.000000    0.000000    0.000000    0.000000    0.000000    0.000000    0.000000    0.000000    0.000000    0.000000    0.000000
 -11.87396    0.000000    0.000000    0.000000    0.000000    0.000000    0.000000    0.000000    0.000000    0.000000    0.000000    0.000000
 -11.86796    0.000000    0.000000    0.000000    0.000000    0.000000    0.000000    0.000000    0.000000    0.000000    0.000000    0.000000
 -11.86195    0.000000    0.000000    0.000000    0.000000    0.000000    0.000000    0.000000    0.000000    0.000000    0.000000    0.000000
 -11.85595    0.000000    0.000000    0.000000    0.000000    0.000000    0.000000    0.000000    0.000000    0.000000    0.000000    0.000000
 -11.84995    0.000000    0.000000    0.000000    0.000000    0.000000    0.000000    0.000000    0.000000    0.000000    0.000000    0.000000
 -11.84395    0.000000    0.000000    0.000000    0.000000    0.000000    0.000000    0.000000    0.000000    0.000000    0.000000    0.000000
 -11.83795    0.000000    0.000000    0.000000    0.000000    0.000000    0.000000    0.000000    0.000000    0.000000    0.000000    0.000000
 -11.83194    0.000000    0.000000    0.000000    0.000000    0.000000    0.000000    0.000000    0.000000    0.000000    0.000000    0.000000
 -11.82594    0.000000    0.000000    0.000000    0.000000    0.000000    0.000000    0.000000    0.000000    0.000000    0.000000    0.000000
 -11.81994    0.000000    0.000000    0.000000    0.000000    0.000000    0.000000    0.000000    0.000000    0.000000    0.000000    0.000000
 -11.81394    0.000000    0.000000    0.000000    0.000000    0.000000    0.000000    0.000000    0.000000    0.000000    0.000000    0.000000
 -11.80794    0.000000    0.000000    0.000000    0.000000    0.000000    0.000000    0.000000    0.000000    0.000000    0.000000    0.000000
 -11.80193    0.000000    0.000000    0.000000    0.000000    0.000000    0.000000    0.000000    0.000000    0.000000    0.000000    0.000000
 -11.79593    0.000000    0.000000    0.000000    0.000000    0.000000    0.000000    0.000000    0.000000    0.000000    0.000000    0.000000
 -11.78993    0.000000    0.000000    0.000000    0.000000    0.000000    0.000000    0.000000    0.000000    0.000000    0.000000    0.000000
 -11.78393    0.000000    0.000000    0.000000    0.000000    0.000000    0.000000    0.000000    0.000000    0.000000    0.000000    0.000000
 -11.77793    0.000000    0.000000    0.000000    0.000000    0.000000    0.000000    0.000000    0.000000    0.000000    0.000000    0.000000
 -11.77192    0.000000    0.000000    0.000000    0.000000    0.000000    0.000000    0.000000    0.000000    0.000000    0.000000    0.000000
 -11.76592    0.000000    0.000000    0.000000    0.000000    0.000000    0.000000    0.000000    0.000000    0.000000    0.000000    0.000000
 -11.75992    0.000000    0.000000    0.000000    0.000000    0.000000    0.000000    0.000000    0.000000    0.000000    0.000000    0.000000
 -11.75392    0.000000    0.000000    0.000000    0.000000    0.000000    0.000000    0.000000    0.000000    0.000000    0.000000    0.000000
 -11.74792    0.000000    0.000000    0.000000    0.000000    0.000000    0.000000    0.000000    0.000000    0.000000    0.000000    0.000000
 -11.74191    0.000000    0.000000    0.000000    0.000000    0.000000    0.000000    0.000000    0.000000    0.000000    0.000000    0.000000
 -11.73591    0.000000    0.000000    0.000000    0.000000    0.000000    0.000000    0.000000    0.000000    0.000000    0.000000    0.000000
 -11.72991    0.000000    0.000000    0.000000    0.000000    0.000000    0.000000    0.000000    0.000000    0.000000    0.000000    0.000000
 -11.72391    0.000000    0.000000    0.000000    0.000000    0.000000    0.000000    0.000000    0.000000    0.000000    0.000000    0.000000
 -11.71791    0.000000    0.000000    0.000000    0.000000    0.000000    0.000000    0.000000    0.000000    0.000000    0.000000    0.000000
 -11.71190    0.000000    0.000000    0.000000    0.000000    0.000000    0.000000    0.000000    0.000000    0.000000    0.000000    0.000000
 -11.70590    0.000000    0.000000    0.000000    0.000000    0.000000    0.000000    0.000000    0.000000    0.000000    0.000000    0.000000
 -11.69990    0.000000    0.000000    0.000000    0.000000    0.000000    0.000000    0.000000    0.000000    0.000000    0.000000    0.000000
 -11.69390    0.000000    0.000000    0.000000    0.000000    0.000000    0.000000    0.000000    0.000000    0.000000    0.000000    0.000000
 -11.68790    0.000000    0.000000    0.000000    0.000000    0.000000    0.000000    0.000000    0.000000    0.000000    0.000000    0.000000
 -11.68189    0.000000    0.000000    0.000000    0.000000    0.000000    0.000000    0.000000    0.000000    0.000000    0.000000    0.000000
 -11.67589    0.000000    0.000000    0.000000    0.000000    0.000000    0.000000    0.000000    0.000000    0.000000    0.000000    0.000000
 -11.66989    0.000000    0.000000    0.000000    0.000000    0.000000    0.000000    0.000000    0.000000    0.000000    0.000000    0.000000
 -11.66389    0.000000    0.000000    0.000000    0.000000    0.000000    0.000000    0.000000    0.000000    0.000000    0.000000    0.000000
 -11.65789    0.000000    0.000000    0.000000    0.000000    0.000000    0.000000    0.000000    0.000000    0.000000    0.000000    0.000000
 -11.65188    0.000000    0.000000    0.000000    0.000000    0.000000    0.000000    0.000000    0.000000    0.000000    0.000000    0.000000
 -11.64588    0.000000    0.000000    0.000000    0.000000    0.000000    0.000000    0.000000    0.000000    0.000000    0.000000    0.000000
 -11.63988    0.000000    0.000000    0.000000    0.000000    0.000000    0.000000    0.000000    0.000000    0.000000    0.000000    0.000000
 -11.63388    0.000000    0.000000    0.000000    0.000000    0.000000    0.000000    0.000000    0.000000    0.000000    0.000000    0.000000
 -11.62788    0.000000    0.000000    0.000000    0.000000    0.000000    0.000000    0.000000    0.000000    0.000000    0.000000    0.000000
 -11.62187    0.000000    0.000000    0.000000    0.000000    0.000000    0.000000    0.000000    0.000000    0.000000    0.000000    0.000000
 -11.61587    0.000000    0.000000    0.000000    0.000000    0.000000    0.000000    0.000000    0.000000    0.000000    0.000000    0.000000
 -11.60987    0.000000    0.000000    0.000000    0.000000    0.000000    0.000000    0.000000    0.000000    0.000000    0.000000    0.000000
 -11.60387    0.000000    0.000000    0.000000    0.000000    0.000000    0.000000    0.000000    0.000000    0.000000    0.000000    0.000000
 -11.59787    0.000000    0.000000    0.000000    0.000000    0.000000    0.000000    0.000000    0.000000    0.000000    0.000000    0.000000
 -11.59186    0.000000    0.000000    0.000000    0.000000    0.000000    0.000000    0.000000    0.000000    0.000000    0.000000    0.000000
 -11.58586    0.000000    0.000000    0.000000    0.000000    0.000000    0.000000    0.000000    0.000000    0.000000    0.000000    0.000000
 -11.57986    0.000000    0.000000    0.000000    0.000000    0.000000    0.000000    0.000000    0.000000    0.000000    0.000000    0.000000
 -11.57386    0.000000    0.000000    0.000000    0.000000    0.000000    0.000000    0.000000    0.000000    0.000000    0.000000    0.000000
 -11.56786    0.000000    0.000000    0.000000    0.000000    0.000000    0.000000    0.000000    0.000000    0.000000    0.000000    0.000000
 -11.56185    0.000000    0.000000    0.000000    0.000000    0.000000    0.000000    0.000000    0.000000    0.000000    0.000000    0.000000
 -11.55585    0.000000    0.000000    0.000000    0.000000    0.000000    0.000000    0.000000    0.000000    0.000000    0.000000    0.000000
 -11.54985    0.000000    0.000000    0.000000    0.000000    0.000000    0.000000    0.000000    0.000000    0.000000    0.000000    0.000000
 -11.54385    0.000000    0.000000    0.000000    0.000000    0.000000    0.000000    0.000000    0.000000    0.000000    0.000000    0.000000
 -11.53785    0.000000    0.000000    0.000000    0.000000    0.000000    0.000000    0.000000    0.000000    0.000000    0.000000    0.000000
 -11.53184    0.000000    0.000000    0.000000    0.000000    0.000000    0.000000    0.000000    0.000000    0.000000    0.000000    0.000000
 -11.52584    0.000000    0.000000    0.000000    0.000000    0.000000    0.000000    0.000000    0.000000    0.000000    0.000000    0.000000
 -11.51984    0.000000    0.000000    0.000000    0.000000    0.000000    0.000000    0.000000    0.000000    0.000000    0.000000    0.000000
 -11.51384    0.000000    0.000000    0.000000    0.000000    0.000000    0.000000    0.000000    0.000000    0.000000    0.000000    0.000000
 -11.50784    0.000000    0.000000    0.000000    0.000000    0.000000    0.000000    0.000000    0.000000    0.000000    0.000000    0.000000
 -11.50183    0.000000    0.000000    0.000000    0.000000    0.000000    0.000000    0.000000    0.000000    0.000000    0.000000    0.000000
 -11.49583    0.000000    0.000000    0.000000    0.000000    0.000000    0.000000    0.000000    0.000000    0.000000    0.000000    0.000000
 -11.48983    0.000000    0.000000    0.000000    0.000000    0.000000    0.000000    0.000000    0.000000    0.000000    0.000000    0.000000
 -11.48383    0.000000    0.000000    0.000000    0.000000    0.000000    0.000000    0.000000    0.000000    0.000000    0.000000    0.000000
 -11.47783    0.000000    0.000000    0.000000    0.000000    0.000000    0.000000    0.000000    0.000000    0.000000    0.000000    0.000000
 -11.47182    0.000000    0.000000    0.000000    0.000000    0.000000    0.000000    0.000000    0.000000    0.000000    0.000000    0.000000
 -11.46582    0.000000    0.000000    0.000000    0.000000    0.000000    0.000000    0.000000    0.000000    0.000000    0.000000    0.000000
 -11.45982    0.000000    0.000000    0.000000    0.000000    0.000000    0.000000    0.000000    0.000000    0.000000    0.000000    0.000000
 -11.45382    0.000000    0.000000    0.000000    0.000000    0.000000    0.000000    0.000000    0.000000    0.000000    0.000000    0.000000
 -11.44782    0.000000    0.000000    0.000000    0.000000    0.000000    0.000000    0.000000    0.000000    0.000000    0.000000    0.000000
 -11.44181    0.000000    0.000000    0.000000    0.000000    0.000000    0.000000    0.000000    0.000000    0.000000    0.000000    0.000000
 -11.43581    0.000000    0.000000    0.000000    0.000000    0.000000    0.000000    0.000000    0.000000    0.000000    0.000000    0.000000
 -11.42981    0.000000    0.000000    0.000000    0.000000    0.000000    0.000000    0.000000    0.000000    0.000000    0.000000    0.000000
 -11.42381    0.000000    0.000000    0.000000    0.000000    0.000000    0.000000    0.000000    0.000000    0.000000    0.000000    0.000000
 -11.41781    0.000000    0.000000    0.000000    0.000000    0.000000    0.000000    0.000000    0.000000    0.000000    0.000000    0.000000
 -11.41180    0.000000    0.000000    0.000000    0.000000    0.000000    0.000000    0.000000    0.000000    0.000000    0.000000    0.000000
 -11.40580    0.000000    0.000000    0.000000    0.000000    0.000000    0.000000    0.000000    0.000000    0.000000    0.000000    0.000000
 -11.39980    0.000000    0.000000    0.000000    0.000000    0.000000    0.000000    0.000000    0.000000    0.000000    0.000000    0.000000
 -11.39380    0.000000    0.000000    0.000000    0.000000    0.000000    0.000000    0.000000    0.000000    0.000000    0.000000    0.000000
 -11.38780    0.000000    0.000000    0.000000    0.000000    0.000000    0.000000    0.000000    0.000000    0.000000    0.000000    0.000000
 -11.38179    0.000000    0.000000    0.000000    0.000000    0.000000    0.000000    0.000000    0.000000    0.000000    0.000000    0.000000
 -11.37579    0.000000    0.000000    0.000000    0.000000    0.000000    0.000000    0.000000    0.000000    0.000000    0.000000    0.000000
 -11.36979    0.000000    0.000000    0.000000    0.000000    0.000000    0.000000    0.000000    0.000000    0.000000    0.000000    0.000000
 -11.36379    0.000000    0.000000    0.000000    0.000000    0.000000    0.000000    0.000000    0.000000    0.000000    0.000000    0.000000
 -11.35779    0.000000    0.000000    0.000000    0.000000    0.000000    0.000000    0.000000    0.000000    0.000000    0.000000    0.000000
 -11.35178    0.000000    0.000000    0.000000    0.000000    0.000000    0.000000    0.000000    0.000000    0.000000    0.000000    0.000000
 -11.34578    0.000000    0.000000    0.000000    0.000000    0.000000    0.000000    0.000000    0.000000    0.000000    0.000000    0.000000
 -11.33978    0.000000    0.000000    0.000000    0.000000    0.000000    0.000000    0.000000    0.000000    0.000000    0.000000    0.000000
 -11.33378    0.000000    0.000000    0.000000    0.000000    0.000000    0.000000    0.000000    0.000000    0.000000    0.000000    0.000000
 -11.32778    0.000000    0.000000    0.000000    0.000000    0.000000    0.000000    0.000000    0.000000    0.000000    0.000000    0.000000
 -11.32177    0.000000    0.000000    0.000000    0.000000    0.000000    0.000000    0.000000    0.000000    0.000000    0.000000    0.000000
 -11.31577    0.000000    0.000000    0.000000    0.000000    0.000000    0.000000    0.000000    0.000000    0.000000    0.000000    0.000000
 -11.30977    0.000000    0.000000    0.000000    0.000000    0.000000    0.000000    0.000000    0.000000    0.000000    0.000000    0.000000
 -11.30377    0.000000    0.000000    0.000000    0.000000    0.000000    0.000000    0.000000    0.000000    0.000000    0.000000    0.000000
 -11.29777    0.000000    0.000000    0.000000    0.000000    0.000000    0.000000    0.000000    0.000000    0.000000    0.000000    0.000000
 -11.29176    0.000000    0.000000    0.000000    0.000000    0.000000    0.000000    0.000000    0.000000    0.000000    0.000000    0.000000
 -11.28576    0.000000    0.000000    0.000000    0.000000    0.000000    0.000000    0.000000    0.000000    0.000000    0.000000    0.000000
 -11.27976    0.000000    0.000000    0.000000    0.000000    0.000000    0.000000    0.000000    0.000000    0.000000    0.000000    0.000000
 -11.27376    0.000000    0.000000    0.000000    0.000000    0.000000    0.000000    0.000000    0.000000    0.000000    0.000000    0.000000
 -11.26776    0.000000    0.000000    0.000000    0.000000    0.000000    0.000000    0.000000    0.000000    0.000000    0.000000    0.000000
 -11.26175    0.000000    0.000000    0.000000    0.000000    0.000000    0.000000    0.000000    0.000000    0.000000    0.000000    0.000000
 -11.25575    0.000000    0.000000    0.000000    0.000000    0.000000    0.000000    0.000000    0.000000    0.000000    0.000000    0.000000
 -11.24975    0.000000    0.000000    0.000000    0.000000    0.000000    0.000000    0.000000    0.000000    0.000000    0.000000    0.000000
 -11.24375    0.000000    0.000000    0.000000    0.000000    0.000000    0.000000    0.000000    0.000000    0.000000    0.000000    0.000000
 -11.23775    0.000000    0.000000    0.000000    0.000000    0.000000    0.000000    0.000000    0.000000    0.000000    0.000000    0.000000
 -11.23174    0.000000    0.000000    0.000000    0.000000    0.000000    0.000000    0.000000    0.000000    0.000000    0.000000    0.000000
 -11.22574    0.000000    0.000000    0.000000    0.000000    0.000000    0.000000    0.000000    0.000000    0.000000    0.000000    0.000000
 -11.21974    0.000000    0.000000    0.000000    0.000000    0.000000    0.000000    0.000000    0.000000    0.000000    0.000000    0.000000
 -11.21374    0.000000    0.000000    0.000000    0.000000    0.000000    0.000000    0.000000    0.000000    0.000000    0.000000    0.000000
 -11.20774    0.000000    0.000000    0.000000    0.000000    0.000000    0.000000    0.000000    0.000000    0.000000    0.000000    0.000000
 -11.20173    0.000000    0.000000    0.000000    0.000000    0.000000    0.000000    0.000000    0.000000    0.000000    0.000000    0.000000
 -11.19573    0.000000    0.000000    0.000000    0.000000    0.000000    0.000000    0.000000    0.000000    0.000000    0.000000    0.000000
 -11.18973    0.000000    0.000000    0.000000    0.000000    0.000000    0.000000    0.000000    0.000000    0.000000    0.000000    0.000000
 -11.18373    0.000000    0.000000    0.000000    0.000000    0.000000    0.000000    0.000000    0.000000    0.000000    0.000000    0.000000
 -11.17773    0.000000    0.000000    0.000000    0.000000    0.000000    0.000000    0.000000    0.000000    0.000000    0.000000    0.000000
 -11.17172    0.000000    0.000000    0.000000    0.000000    0.000000    0.000000    0.000000    0.000000    0.000000    0.000000    0.000000
 -11.16572    0.000000    0.000000    0.000000    0.000000    0.000000    0.000000    0.000000    0.000000    0.000000    0.000000    0.000000
 -11.15972    0.000000    0.000000    0.000000    0.000000    0.000000    0.000000    0.000000    0.000000    0.000000    0.000000    0.000000
 -11.15372    0.000000    0.000000    0.000000    0.000000    0.000000    0.000000    0.000000    0.000000    0.000000    0.000000    0.000000
 -11.14772    0.000000    0.000000    0.000000    0.000000    0.000000    0.000000    0.000000    0.000000    0.000000    0.000000    0.000000
 -11.14171    0.000000    0.000000    0.000000    0.000000    0.000000    0.000000    0.000000    0.000000    0.000000    0.000000    0.000000
 -11.13571    0.000000    0.000000    0.000000    0.000000    0.000000    0.000000    0.000000    0.000000    0.000000    0.000000    0.000000
 -11.12971    0.000000    0.000000    0.000000    0.000000    0.000000    0.000000    0.000000    0.000000    0.000000    0.000000    0.000000
 -11.12371    0.000000    0.000000    0.000000    0.000000    0.000000    0.000000    0.000000    0.000000    0.000000    0.000000    0.000000
 -11.11771    0.000000    0.000000    0.000000    0.000000    0.000000    0.000000    0.000000    0.000000    0.000000    0.000000    0.000000
 -11.11170    0.000000    0.000000    0.000000    0.000000    0.000000    0.000000    0.000000    0.000000    0.000000    0.000000    0.000000
 -11.10570    0.000000    0.000000    0.000000    0.000000    0.000000    0.000000    0.000000    0.000000    0.000000    0.000000    0.000000
 -11.09970    0.000000    0.000000    0.000000    0.000000    0.000000    0.000000    0.000000    0.000000    0.000000    0.000000    0.000000
 -11.09370    0.000000    0.000000    0.000000    0.000000    0.000000    0.000000    0.000000    0.000000    0.000000    0.000000    0.000000
 -11.08770    0.000000    0.000000    0.000000    0.000000    0.000000    0.000000    0.000000    0.000000    0.000000    0.000000    0.000000
 -11.08169    0.000000    0.000000    0.000000    0.000000    0.000000    0.000000    0.000000    0.000000    0.000000    0.000000    0.000000
 -11.07569    0.000000    0.000000    0.000000    0.000000    0.000000    0.000000    0.000000    0.000000    0.000000    0.000000    0.000000
 -11.06969    0.000000    0.000000    0.000000    0.000000    0.000000    0.000000    0.000000    0.000000    0.000000    0.000000    0.000000
 -11.06369    0.000000    0.000000    0.000000    0.000000    0.000000    0.000000    0.000000    0.000000    0.000000    0.000000    0.000000
 -11.05769    0.000000    0.000000    0.000000    0.000000    0.000000    0.000000    0.000000    0.000000    0.000000    0.000000    0.000000
 -11.05168    0.000000    0.000000    0.000000    0.000000    0.000000    0.000000    0.000000    0.000000    0.000000    0.000000    0.000000
 -11.04568    0.000000    0.000000    0.000000    0.000000    0.000000    0.000000    0.000000    0.000000    0.000000    0.000000    0.000000
 -11.03968    0.000000    0.000000    0.000000    0.000000    0.000000    0.000000    0.000000    0.000000    0.000000    0.000000    0.000000
 -11.03368    0.000000    0.000000    0.000000    0.000000    0.000000    0.000000    0.000000    0.000000    0.000000    0.000000    0.000000
 -11.02768    0.000000    0.000000    0.000000    0.000000    0.000000    0.000000    0.000000    0.000000    0.000000    0.000000    0.000000
 -11.02167    0.000000    0.000000    0.000000    0.000000    0.000000    0.000000    0.000000    0.000000    0.000000    0.000000    0.000000
 -11.01567    0.000000    0.000000    0.000000    0.000000    0.000000    0.000000    0.000000    0.000000    0.000000    0.000000    0.000000
 -11.00967    0.000000    0.000000    0.000000    0.000000    0.000000    0.000000    0.000000    0.000000    0.000000    0.000000    0.000000
 -11.00367    0.000000    0.000000    0.000000    0.000000    0.000000    0.000000    0.000000    0.000000    0.000000    0.000000    0.000000
 -10.99767    0.000000    0.000000    0.000000    0.000000    0.000000    0.000000    0.000000    0.000000    0.000000    0.000000    0.000000
 -10.99166    0.000000    0.000000    0.000000    0.000000    0.000000    0.000000    0.000000    0.000000    0.000000    0.000000    0.000000
 -10.98566    0.000000    0.000000    0.000000    0.000000    0.000000    0.000000    0.000000    0.000000    0.000000    0.000000    0.000000
 -10.97966    0.000000    0.000000    0.000000    0.000000    0.000000    0.000000    0.000000    0.000000    0.000000    0.000000    0.000000
 -10.97366    0.000000    0.000000    0.000000    0.000000    0.000000    0.000000    0.000000    0.000000    0.000000    0.000000    0.000000
 -10.96766    0.000000    0.000000    0.000000    0.000000    0.000000    0.000000    0.000000    0.000000    0.000000    0.000000    0.000000
 -10.96165    0.000000    0.000000    0.000000    0.000000    0.000000    0.000000    0.000000    0.000000    0.000000    0.000000    0.000000
 -10.95565    0.000000    0.000000    0.000000    0.000000    0.000000    0.000000    0.000000    0.000000    0.000000    0.000000    0.000000
 -10.94965    0.000000    0.000000    0.000000    0.000000    0.000000    0.000000    0.000000    0.000000    0.000000    0.000000    0.000000
 -10.94365    0.000000    0.000000    0.000000    0.000000    0.000000    0.000000    0.000000    0.000000    0.000000    0.000000    0.000000
 -10.93765    0.000000    0.000000    0.000000    0.000000    0.000000    0.000000    0.000000    0.000000    0.000000    0.000000    0.000000
 -10.93164    0.000000    0.000000    0.000000    0.000000    0.000000    0.000000    0.000000    0.000000    0.000000    0.000000    0.000000
 -10.92564    0.000000    0.000000    0.000000    0.000000    0.000000    0.000000    0.000000    0.000000    0.000000    0.000000    0.000000
 -10.91964    0.000000    0.000000    0.000000    0.000000    0.000000    0.000000    0.000000    0.000000    0.000000    0.000000    0.000000
 -10.91364    0.000000    0.000000    0.000000    0.000000    0.000000    0.000000    0.000000    0.000000    0.000000    0.000000    0.000000
 -10.90764    0.000000    0.000000    0.000000    0.000000    0.000000    0.000000    0.000000    0.000000    0.000000    0.000000    0.000000
 -10.90163    0.000000    0.000000    0.000000    0.000000    0.000000    0.000000    0.000000    0.000000    0.000000    0.000000    0.000000
 -10.89563    0.000000    0.000000    0.000000    0.000000    0.000000    0.000000    0.000000    0.000000    0.000000    0.000000    0.000000
 -10.88963    0.000000    0.000000    0.000000    0.000000    0.000000    0.000000    0.000000    0.000000    0.000000    0.000000    0.000000
 -10.88363    0.000000    0.000000    0.000000    0.000000    0.000000    0.000000    0.000000    0.000000    0.000000    0.000000    0.000000
 -10.87763    0.000000    0.000000    0.000000    0.000000    0.000000    0.000000    0.000000    0.000000    0.000000    0.000000    0.000000
 -10.87162    0.000000    0.000000    0.000000    0.000000    0.000000    0.000000    0.000000    0.000000    0.000000    0.000000    0.000000
 -10.86562    0.000000    0.000000    0.000000    0.000000    0.000000    0.000000    0.000000    0.000000    0.000000    0.000000    0.000000
 -10.85962    0.000000    0.000000    0.000000    0.000000    0.000000    0.000000    0.000000    0.000000    0.000000    0.000000    0.000000
 -10.85362    0.000000    0.000000    0.000000    0.000000    0.000000    0.000000    0.000000    0.000000    0.000000    0.000000    0.000000
 -10.84762    0.000000    0.000000    0.000000    0.000000    0.000000    0.000000    0.000000    0.000000    0.000000    0.000000    0.000000
 -10.84161    0.000000    0.000000    0.000000    0.000000    0.000000    0.000000    0.000000    0.000000    0.000000    0.000000    0.000000
 -10.83561    0.000000    0.000000    0.000000    0.000000    0.000000    0.000000    0.000000    0.000000    0.000000    0.000000    0.000000
 -10.82961    0.000000    0.000000    0.000000    0.000000    0.000000    0.000000    0.000000    0.000000    0.000000    0.000000    0.000000
 -10.82361    0.000000    0.000000    0.000000    0.000000    0.000000    0.000000    0.000000    0.000000    0.000000    0.000000    0.000000
 -10.81761    0.000000    0.000000    0.000000    0.000000    0.000000    0.000000    0.000000    0.000000    0.000000    0.000000    0.000000
 -10.81160    0.000000    0.000000    0.000000    0.000000    0.000000    0.000000    0.000000    0.000000    0.000000    0.000000    0.000000
 -10.80560    0.000000    0.000000    0.000000    0.000000    0.000000    0.000000    0.000000    0.000000    0.000000    0.000000    0.000000
 -10.79960    0.000000    0.000000    0.000000    0.000000    0.000000    0.000000    0.000000    0.000000    0.000000    0.000000    0.000000
 -10.79360    0.000000    0.000000    0.000000    0.000000    0.000000    0.000000    0.000000    0.000000    0.000000    0.000000    0.000000
 -10.78760    0.000000    0.000000    0.000000    0.000000    0.000000    0.000000    0.000000    0.000000    0.000000    0.000000    0.000000
 -10.78159    0.000000    0.000000    0.000000    0.000000    0.000000    0.000000    0.000000    0.000000    0.000000    0.000000    0.000000
 -10.77559    0.000000    0.000000    0.000000    0.000000    0.000000    0.000000    0.000000    0.000000    0.000000    0.000000    0.000000
 -10.76959    0.000000    0.000000    0.000000    0.000000    0.000000    0.000000    0.000000    0.000000    0.000000    0.000000    0.000000
 -10.76359    0.000000    0.000000    0.000000    0.000000    0.000000    0.000000    0.000000    0.000000    0.000000    0.000000    0.000000
 -10.75759    0.000000    0.000000    0.000000    0.000000    0.000000    0.000000    0.000000    0.000000    0.000000    0.000000    0.000000
 -10.75158    0.000000    0.000000    0.000000    0.000000    0.000000    0.000000    0.000000    0.000000    0.000000    0.000000    0.000000
 -10.74558    0.000000    0.000000    0.000000    0.000000    0.000000    0.000000    0.000000    0.000000    0.000000    0.000000    0.000000
 -10.73958    0.000000    0.000000    0.000000    0.000000    0.000000    0.000000    0.000000    0.000000    0.000000    0.000000    0.000000
 -10.73358    0.000000    0.000000    0.000000    0.000000    0.000000    0.000000    0.000000    0.000000    0.000000    0.000000    0.000000
 -10.72758    0.000000    0.000000    0.000000    0.000000    0.000000    0.000000    0.000000    0.000000    0.000000    0.000000    0.000000
 -10.72157    0.000000    0.000000    0.000000    0.000000    0.000000    0.000000    0.000000    0.000000    0.000000    0.000000    0.000000
 -10.71557    0.000000    0.000000    0.000000    0.000000    0.000000    0.000000    0.000000    0.000000    0.000000    0.000000    0.000000
 -10.70957    0.000000    0.000000    0.000000    0.000000    0.000000    0.000000    0.000000    0.000000    0.000000    0.000000    0.000000
 -10.70357    0.000000    0.000000    0.000000    0.000000    0.000000    0.000000    0.000000    0.000000    0.000000    0.000000    0.000000
 -10.69757    0.000000    0.000000    0.000000    0.000000    0.000000    0.000000    0.000000    0.000000    0.000000    0.000000    0.000000
 -10.69156    0.000000    0.000000    0.000000    0.000000    0.000000    0.000000    0.000000    0.000000    0.000000    0.000000    0.000000
 -10.68556    0.000000    0.000000    0.000000    0.000000    0.000000    0.000000    0.000000    0.000000    0.000000    0.000000    0.000000
 -10.67956    0.000000    0.000000    0.000000    0.000000    0.000000    0.000000    0.000000    0.000000    0.000000    0.000000    0.000000
 -10.67356    0.000000    0.000000    0.000000    0.000000    0.000000    0.000000    0.000000    0.000000    0.000000    0.000000    0.000000
 -10.66756    0.000000    0.000000    0.000000    0.000000    0.000000    0.000000    0.000000    0.000000    0.000000    0.000000    0.000000
 -10.66155    0.000000    0.000000    0.000000    0.000000    0.000000    0.000000    0.000000    0.000000    0.000000    0.000000    0.000000
 -10.65555    0.000000    0.000000    0.000000    0.000000    0.000000    0.000000    0.000000    0.000000    0.000000    0.000000    0.000000
 -10.64955    0.000000    0.000000    0.000000    0.000000    0.000000    0.000000    0.000000    0.000000    0.000000    0.000000    0.000000
 -10.64355    0.000000    0.000000    0.000000    0.000000    0.000000    0.000000    0.000000    0.000000    0.000000    0.000000    0.000000
 -10.63755    0.000000    0.000000    0.000000    0.000000    0.000000    0.000000    0.000000    0.000000    0.000000    0.000000    0.000000
 -10.63154    0.000000    0.000000    0.000000    0.000000    0.000000    0.000000    0.000000    0.000000    0.000000    0.000000    0.000000
 -10.62554    0.000000    0.000000    0.000000    0.000000    0.000000    0.000000    0.000000    0.000000    0.000000    0.000000    0.000000
 -10.61954    0.000000    0.000000    0.000000    0.000000    0.000000    0.000000    0.000000    0.000000    0.000000    0.000000    0.000000
 -10.61354    0.000000    0.000000    0.000000    0.000000    0.000000    0.000000    0.000000    0.000000    0.000000    0.000000    0.000000
 -10.60754    0.000000    0.000000    0.000000    0.000000    0.000000    0.000000    0.000000    0.000000    0.000000    0.000000    0.000000
 -10.60153    0.000000    0.000000    0.000000    0.000000    0.000000    0.000000    0.000000    0.000000    0.000000    0.000000    0.000000
 -10.59553    0.000000    0.000000    0.000000    0.000000    0.000000    0.000000    0.000000    0.000000    0.000000    0.000000    0.000000
 -10.58953    0.000000    0.000000    0.000000    0.000000    0.000000    0.000000    0.000000    0.000000    0.000000    0.000000    0.000000
 -10.58353    0.000000    0.000000    0.000000    0.000000    0.000000    0.000000    0.000000    0.000000    0.000000    0.000000    0.000000
 -10.57753    0.000000    0.000000    0.000000    0.000000    0.000000    0.000000    0.000000    0.000000    0.000000    0.000000    0.000000
 -10.57152    0.000000    0.000000    0.000000    0.000000    0.000000    0.000000    0.000000    0.000000    0.000000    0.000000    0.000000
 -10.56552    0.000000    0.000000    0.000000    0.000000    0.000000    0.000000    0.000000    0.000000    0.000000    0.000000    0.000000
 -10.55952    0.000000    0.000000    0.000000    0.000000    0.000000    0.000000    0.000000    0.000000    0.000000    0.000000    0.000000
 -10.55352    0.000000    0.000000    0.000000    0.000000    0.000000    0.000000    0.000000    0.000000    0.000000    0.000000    0.000000
 -10.54752    0.000000    0.000000    0.000000    0.000000    0.000000    0.000000    0.000000    0.000000    0.000000    0.000000    0.000000
 -10.54151    0.000000    0.000000    0.000000    0.000000    0.000000    0.000000    0.000000    0.000000    0.000000    0.000000    0.000000
 -10.53551    0.000000    0.000000    0.000000    0.000000    0.000000    0.000000    0.000000    0.000000    0.000000    0.000000    0.000000
 -10.52951    0.000000    0.000000    0.000000    0.000000    0.000000    0.000000    0.000000    0.000000    0.000000    0.000000    0.000000
 -10.52351    0.000000    0.000000    0.000000    0.000000    0.000000    0.000000    0.000000    0.000000    0.000000    0.000000    0.000000
 -10.51751    0.000000    0.000000    0.000000    0.000000    0.000000    0.000000    0.000000    0.000000    0.000000    0.000000    0.000000
 -10.51150    0.000000    0.000000    0.000000    0.000000    0.000000    0.000000    0.000000    0.000000    0.000000    0.000000    0.000000
 -10.50550    0.000000    0.000000    0.000000    0.000000    0.000000    0.000000    0.000000    0.000000    0.000000    0.000000    0.000000
 -10.49950    0.000000    0.000000    0.000000    0.000000    0.000000    0.000000    0.000000    0.000000    0.000000    0.000000    0.000000
 -10.49350    0.000000    0.000000    0.000000    0.000000    0.000000    0.000000    0.000000    0.000000    0.000000    0.000000    0.000000
 -10.48750    0.000000    0.000000    0.000000    0.000000    0.000000    0.000000    0.000000    0.000000    0.000000    0.000000    0.000000
 -10.48149    0.000000    0.000000    0.000000    0.000000    0.000000    0.000000    0.000000    0.000000    0.000000    0.000000    0.000000
 -10.47549    0.000000    0.000000    0.000000    0.000000    0.000000    0.000000    0.000000    0.000000    0.000000    0.000000    0.000000
 -10.46949    0.000000    0.000000    0.000000    0.000000    0.000000    0.000000    0.000000    0.000000    0.000000    0.000000    0.000000
 -10.46349    0.000000    0.000000    0.000000    0.000000    0.000000    0.000000    0.000000    0.000000    0.000000    0.000000    0.000000
 -10.45749    0.000000    0.000000    0.000000    0.000000    0.000000    0.000000    0.000000    0.000000    0.000000    0.000000    0.000000
 -10.45148    0.000000    0.000000    0.000000    0.000000    0.000000    0.000000    0.000000    0.000000    0.000000    0.000000    0.000000
 -10.44548    0.000000    0.000000    0.000000    0.000000    0.000000    0.000000    0.000000    0.000000    0.000000    0.000000    0.000000
 -10.43948    0.000000    0.000000    0.000000    0.000000    0.000000    0.000000    0.000000    0.000000    0.000000    0.000000    0.000000
 -10.43348    0.000000    0.000000    0.000000    0.000000    0.000000    0.000000    0.000000    0.000000    0.000000    0.000000    0.000000
 -10.42748    0.000000    0.000000    0.000000    0.000000    0.000000    0.000000    0.000000    0.000000    0.000000    0.000000    0.000000
 -10.42147    0.000000    0.000000    0.000000    0.000000    0.000000    0.000000    0.000000    0.000000    0.000000    0.000000    0.000000
 -10.41547    0.000000    0.000000    0.000000    0.000000    0.000000    0.000000    0.000000    0.000000    0.000000    0.000000    0.000000
 -10.40947    0.000000    0.000000    0.000000    0.000000    0.000000    0.000000    0.000000    0.000000    0.000000    0.000000    0.000000
 -10.40347    0.000000    0.000000    0.000000    0.000000    0.000000    0.000000    0.000000    0.000000    0.000000    0.000000    0.000000
 -10.39747    0.000000    0.000000    0.000000    0.000000    0.000000    0.000000    0.000000    0.000000    0.000000    0.000000    0.000000
 -10.39146    0.000000    0.000000    0.000000    0.000000    0.000000    0.000000    0.000000    0.000000    0.000000    0.000000    0.000000
 -10.38546    0.000000    0.000000    0.000000    0.000000    0.000000    0.000000    0.000000    0.000000    0.000000    0.000000    0.000000
 -10.37946    0.000000    0.000000    0.000000    0.000000    0.000000    0.000000    0.000000    0.000000    0.000000    0.000000    0.000000
 -10.37346    0.000000    0.000000    0.000000    0.000000    0.000000    0.000000    0.000000    0.000000    0.000000    0.000000    0.000000
 -10.36746    0.000000    0.000000    0.000000    0.000000    0.000000    0.000000    0.000000    0.000000    0.000000    0.000000    0.000000
 -10.36145    0.000000    0.000000    0.000000    0.000000    0.000000    0.000000    0.000000    0.000000    0.000000    0.000000    0.000000
 -10.35545    0.000000    0.000000    0.000000    0.000000    0.000000    0.000000    0.000000    0.000000    0.000000    0.000000    0.000000
 -10.34945    0.000000    0.000000    0.000000    0.000000    0.000000    0.000000    0.000000    0.000000    0.000000    0.000000    0.000000
 -10.34345    0.000000    0.000000    0.000000    0.000000    0.000000    0.000000    0.000000    0.000000    0.000000    0.000000    0.000000
 -10.33745    0.000000    0.000000    0.000000    0.000000    0.000000    0.000000    0.000000    0.000000    0.000000    0.000000    0.000000
 -10.33144    0.000000    0.000000    0.000000    0.000000    0.000000    0.000000    0.000000    0.000000    0.000000    0.000000    0.000000
 -10.32544    0.000000    0.000000    0.000000    0.000000    0.000000    0.000000    0.000000    0.000000    0.000000    0.000000    0.000000
 -10.31944    0.000000    0.000000    0.000000    0.000000    0.000000    0.000000    0.000000    0.000000    0.000000    0.000000    0.000000
 -10.31344    0.000000    0.000000    0.000000    0.000000    0.000000    0.000000    0.000000    0.000000    0.000000    0.000000    0.000000
 -10.30744    0.000000    0.000000    0.000000    0.000000    0.000000    0.000000    0.000000    0.000000    0.000000    0.000000    0.000000
 -10.30143    0.000000    0.000000    0.000000    0.000000    0.000000    0.000000    0.000000    0.000000    0.000000    0.000000    0.000000
 -10.29543    0.000000    0.000000    0.000000    0.000000    0.000000    0.000000    0.000000    0.000000    0.000000    0.000000    0.000000
 -10.28943    0.000000    0.000000    0.000000    0.000000    0.000000    0.000000    0.000000    0.000000    0.000000    0.000000    0.000000
 -10.28343    0.000000    0.000000    0.000000    0.000000    0.000000    0.000000    0.000000    0.000000    0.000000    0.000000    0.000000
 -10.27743    0.000000    0.000000    0.000000    0.000000    0.000000    0.000000    0.000000    0.000000    0.000000    0.000000    0.000000
 -10.27142    0.000000    0.000000    0.000000    0.000000    0.000000    0.000000    0.000000    0.000000    0.000000    0.000000    0.000000
 -10.26542    0.000000    0.000000    0.000000    0.000000    0.000000    0.000000    0.000000    0.000000    0.000000    0.000000    0.000000
 -10.25942    0.000000    0.000000    0.000000    0.000000    0.000000    0.000000    0.000000    0.000000    0.000000    0.000000    0.000000
 -10.25342    0.000000    0.000000    0.000000    0.000000    0.000000    0.000000    0.000000    0.000000    0.000000    0.000000    0.000000
 -10.24742    0.000000    0.000000    0.000000    0.000000    0.000000    0.000000    0.000000    0.000000    0.000000    0.000000    0.000000
 -10.24141    0.000000    0.000000    0.000000    0.000000    0.000000    0.000000    0.000000    0.000000    0.000000    0.000000    0.000000
 -10.23541    0.000000    0.000000    0.000000    0.000000    0.000000    0.000000    0.000000    0.000000    0.000000    0.000000    0.000000
 -10.22941    0.000000    0.000000    0.000000    0.000000    0.000000    0.000000    0.000000    0.000000    0.000000    0.000000    0.000000
 -10.22341    0.000000    0.000000    0.000000    0.000000    0.000000    0.000000    0.000000    0.000000    0.000000    0.000000    0.000000
 -10.21741    0.000000    0.000000    0.000000    0.000000    0.000000    0.000000    0.000000    0.000000    0.000000    0.000000    0.000000
 -10.21140    0.000000    0.000000    0.000000    0.000000    0.000000    0.000000    0.000000    0.000000    0.000000    0.000000    0.000000
 -10.20540    0.000000    0.000000    0.000000    0.000000    0.000000    0.000000    0.000000    0.000000    0.000000    0.000000    0.000000
 -10.19940    0.000000    0.000000    0.000000    0.000000    0.000000    0.000000    0.000000    0.000000    0.000000    0.000000    0.000000
 -10.19340    0.000000    0.000000    0.000000    0.000000    0.000000    0.000000    0.000000    0.000000    0.000000    0.000000    0.000000
 -10.18740    0.000000    0.000000    0.000000    0.000000    0.000000    0.000000    0.000000    0.000000    0.000000    0.000000    0.000000
 -10.18139    0.000000    0.000000    0.000000    0.000000    0.000000    0.000000    0.000000    0.000000    0.000000    0.000000    0.000000
 -10.17539    0.000000    0.000000    0.000000    0.000000    0.000000    0.000000    0.000000    0.000000    0.000000    0.000000    0.000000
 -10.16939    0.000000    0.000000    0.000000    0.000000    0.000000    0.000000    0.000000    0.000000    0.000000    0.000000    0.000000
 -10.16339    0.000000    0.000000    0.000000    0.000000    0.000000    0.000000    0.000000    0.000000    0.000000    0.000000    0.000000
 -10.15739    0.000000    0.000000    0.000000    0.000000    0.000000    0.000000    0.000000    0.000000    0.000000    0.000000    0.000000
 -10.15138    0.000000    0.000000    0.000000    0.000000    0.000000    0.000000    0.000000    0.000000    0.000000    0.000000    0.000000
 -10.14538    0.000000    0.000000    0.000000    0.000000    0.000000    0.000000    0.000000    0.000000    0.000000    0.000000    0.000000
 -10.13938    0.000000    0.000000    0.000000    0.000000    0.000000    0.000000    0.000000    0.000000    0.000000    0.000000    0.000000
 -10.13338    0.000000    0.000000    0.000000    0.000000    0.000000    0.000000    0.000000    0.000000    0.000000    0.000000    0.000000
 -10.12738    0.000000    0.000000    0.000000    0.000000    0.000000    0.000000    0.000000    0.000000    0.000000    0.000000    0.000000
 -10.12137    0.000000    0.000000    0.000000    0.000000    0.000000    0.000000    0.000000    0.000000    0.000000    0.000000    0.000000
 -10.11537    0.000000    0.000000    0.000000    0.000000    0.000000    0.000000    0.000000    0.000000    0.000000    0.000000    0.000000
 -10.10937    0.000000    0.000000    0.000000    0.000000    0.000000    0.000000    0.000000    0.000000    0.000000    0.000000    0.000000
 -10.10337    0.000000    0.000000    0.000000    0.000000    0.000000    0.000000    0.000000    0.000000    0.000000    0.000000    0.000000
 -10.09737    0.000000    0.000000    0.000000    0.000000    0.000000    0.000000    0.000000    0.000000    0.000000    0.000000    0.000000
 -10.09136    0.000000    0.000000    0.000000    0.000000    0.000000    0.000000    0.000000    0.000000    0.000000    0.000000    0.000000
 -10.08536    0.000000    0.000000    0.000000    0.000000    0.000000    0.000000    0.000000    0.000000    0.000000    0.000000    0.000000
 -10.07936    0.000000    0.000000    0.000000    0.000000    0.000000    0.000000    0.000000    0.000000    0.000000    0.000000    0.000000
 -10.07336    0.000000    0.000000    0.000000    0.000000    0.000000    0.000000    0.000000    0.000000    0.000000    0.000000    0.000000
 -10.06736    0.000000    0.000000    0.000000    0.000000    0.000000    0.000000    0.000000    0.000000    0.000000    0.000000    0.000000
 -10.06135    0.000000    0.000000    0.000000    0.000000    0.000000    0.000000    0.000000    0.000000    0.000000    0.000000    0.000000
 -10.05535    0.000000    0.000000    0.000000    0.000000    0.000000    0.000000    0.000000    0.000000    0.000000    0.000000    0.000000
 -10.04935    0.000000    0.000000    0.000000    0.000000    0.000000    0.000000    0.000000    0.000000    0.000000    0.000000    0.000000
 -10.04335    0.000000    0.000000    0.000000    0.000000    0.000000    0.000000    0.000000    0.000000    0.000000    0.000000    0.000000
 -10.03735    0.000000    0.000000    0.000000    0.000000    0.000000    0.000000    0.000000    0.000000    0.000000    0.000000    0.000000
 -10.03134    0.000000    0.000000    0.000000    0.000000    0.000000    0.000000    0.000000    0.000000    0.000000    0.000000    0.000000
 -10.02534    0.000000    0.000000    0.000000    0.000000    0.000000    0.000000    0.000000    0.000000    0.000000    0.000000    0.000000
 -10.01934    0.000000    0.000000    0.000000    0.000000    0.000000    0.000000    0.000000    0.000000    0.000000    0.000000    0.000000
 -10.01334    0.000000    0.000000    0.000000    0.000000    0.000000    0.000000    0.000000    0.000000    0.000000    0.000000    0.000000
 -10.00734    0.000000    0.000000    0.000000    0.000000    0.000000    0.000000    0.000000    0.000000    0.000000    0.000000    0.000000
 -10.00133    0.000000    0.000000    0.000000    0.000000    0.000000    0.000000    0.000000    0.000000    0.000000    0.000000    0.000000
  -9.99533    0.000000    0.000000    0.000000    0.000000    0.000000    0.000000    0.000000    0.000000    0.000000    0.000000    0.000000
  -9.98933    0.000000    0.000000    0.000000    0.000000    0.000000    0.000000    0.000000    0.000000    0.000000    0.000000    0.000000
  -9.98333    0.000000    0.000000    0.000000    0.000000    0.000000    0.000000    0.000000    0.000000    0.000000    0.000000    0.000000
  -9.97733    0.000000    0.000000    0.000000    0.000000    0.000000    0.000000    0.000000    0.000000    0.000000    0.000000    0.000000
  -9.97132    0.000000    0.000000    0.000000    0.000000    0.000000    0.000000    0.000000    0.000000    0.000000    0.000000    0.000000
  -9.96532    0.000000    0.000000    0.000000    0.000000    0.000000    0.000000    0.000000    0.000000    0.000000    0.000000    0.000000
  -9.95932    0.000000    0.000000    0.000000    0.000000    0.000000    0.000000    0.000000    0.000000    0.000000    0.000000    0.000000
  -9.95332    0.000000    0.000000    0.000000    0.000000    0.000000    0.000000    0.000000    0.000000    0.000000    0.000000    0.000000
  -9.94732    0.000000    0.000000    0.000000    0.000000    0.000000    0.000000    0.000000    0.000000    0.000000    0.000000    0.000000
  -9.94131    0.000000    0.000000    0.000000    0.000000    0.000000    0.000000    0.000000    0.000000    0.000000    0.000000    0.000000
  -9.93531    0.000000    0.000000    0.000000    0.000000    0.000000    0.000000    0.000000    0.000000    0.000000    0.000000    0.000000
  -9.92931    0.000000    0.000000    0.000000    0.000000    0.000000    0.000000    0.000000    0.000000    0.000000    0.000000    0.000000
  -9.92331    0.000000    0.000000    0.000000    0.000000    0.000000    0.000000    0.000000    0.000000    0.000000    0.000000    0.000000
  -9.91731    0.000000    0.000000    0.000000    0.000000    0.000000    0.000000    0.000000    0.000000    0.000000    0.000000    0.000000
  -9.91130    0.000000    0.000000    0.000000    0.000000    0.000000    0.000000    0.000000    0.000000    0.000000    0.000000    0.000000
  -9.90530    0.000000    0.000000    0.000000    0.000000    0.000000    0.000000    0.000000    0.000000    0.000000    0.000000    0.000000
  -9.89930    0.000000    0.000000    0.000000    0.000000    0.000000    0.000000    0.000000    0.000000    0.000000    0.000000    0.000000
  -9.89330    0.000000    0.000000    0.000000    0.000000    0.000000    0.000000    0.000000    0.000000    0.000000    0.000000    0.000000
  -9.88730    0.000000    0.000000    0.000000    0.000000    0.000000    0.000000    0.000000    0.000000    0.000000    0.000000    0.000000
  -9.88129    0.000000    0.000000    0.000000    0.000000    0.000000    0.000000    0.000000    0.000000    0.000000    0.000000    0.000000
  -9.87529    0.000000    0.000000    0.000000    0.000000    0.000000    0.000000    0.000000    0.000000    0.000000    0.000000    0.000000
  -9.86929    0.000000    0.000000    0.000000    0.000000    0.000000    0.000000    0.000000    0.000000    0.000000    0.000000    0.000000
  -9.86329    0.000000    0.000000    0.000000    0.000000    0.000000    0.000000    0.000000    0.000000    0.000000    0.000000    0.000000
  -9.85729    0.000000    0.000000    0.000000    0.000000    0.000000    0.000000    0.000000    0.000000    0.000000    0.000000    0.000000
  -9.85128    0.000000    0.000000    0.000000    0.000000    0.000000    0.000000    0.000000    0.000000    0.000000    0.000000    0.000000
  -9.84528    0.000000    0.000000    0.000000    0.000000    0.000000    0.000000    0.000000    0.000000    0.000000    0.000000    0.000000
  -9.83928    0.000000    0.000000    0.000000    0.000000    0.000000    0.000000    0.000000    0.000000    0.000000    0.000000    0.000000
  -9.83328    0.000000    0.000000    0.000000    0.000000    0.000000    0.000000    0.000000    0.000000    0.000000    0.000000    0.000000
  -9.82728    0.000000    0.000000    0.000000    0.000000    0.000000    0.000000    0.000000    0.000000    0.000000    0.000000    0.000000
  -9.82127    0.000000    0.000000    0.000000    0.000000    0.000000    0.000000    0.000000    0.000000    0.000000    0.000000    0.000000
  -9.81527    0.000000    0.000000    0.000000    0.000000    0.000000    0.000000    0.000000    0.000000    0.000000    0.000000    0.000000
  -9.80927    0.000000    0.000000    0.000000    0.000000    0.000000    0.000000    0.000000    0.000000    0.000000    0.000000    0.000000
  -9.80327    0.000000    0.000000    0.000000    0.000000    0.000000    0.000000    0.000000    0.000000    0.000000    0.000000    0.000000
  -9.79727    0.000000    0.000000    0.000000    0.000000    0.000000    0.000000    0.000000    0.000000    0.000000    0.000000    0.000000
  -9.79126    0.000000    0.000000    0.000000    0.000000    0.000000    0.000000    0.000000    0.000000    0.000000    0.000000    0.000000
  -9.78526    0.000000    0.000000    0.000000    0.000000    0.000000    0.000000    0.000000    0.000000    0.000000    0.000000    0.000000
  -9.77926    0.000000    0.000000    0.000000    0.000000    0.000000    0.000000    0.000000    0.000000    0.000000    0.000000    0.000000
  -9.77326    0.000000    0.000000    0.000000    0.000000    0.000000    0.000000    0.000000    0.000000    0.000000    0.000000    0.000000
  -9.76726    0.000000    0.000000    0.000000    0.000000    0.000000    0.000000    0.000000    0.000000    0.000000    0.000000    0.000000
  -9.76125    0.000000    0.000000    0.000000    0.000000    0.000000    0.000000    0.000000    0.000000    0.000000    0.000000    0.000000
  -9.75525    0.000000    0.000000    0.000000    0.000000    0.000000    0.000000    0.000000    0.000000    0.000000    0.000000    0.000000
  -9.74925    0.000000    0.000000    0.000000    0.000000    0.000000    0.000000    0.000000    0.000000    0.000000    0.000000    0.000000
  -9.74325    0.000000    0.000000    0.000000    0.000000    0.000000    0.000000    0.000000    0.000000    0.000000    0.000000    0.000000
  -9.73725    0.000000    0.000000    0.000000    0.000000    0.000000    0.000000    0.000000    0.000000    0.000000    0.000000    0.000000
  -9.73124    0.000000    0.000000    0.000000    0.000000    0.000000    0.000000    0.000000    0.000000    0.000000    0.000000    0.000000
  -9.72524    0.000000    0.000000    0.000000    0.000000    0.000000    0.000000    0.000000    0.000000    0.000000    0.000000    0.000000
  -9.71924    0.000000    0.000000    0.000000    0.000000    0.000000    0.000000    0.000000    0.000000    0.000000    0.000000    0.000000
  -9.71324    0.000000    0.000000    0.000000    0.000000    0.000000    0.000000    0.000000    0.000000    0.000000    0.000000    0.000000
  -9.70724    0.000000    0.000000    0.000000    0.000000    0.000000    0.000000    0.000000    0.000000    0.000000    0.000000    0.000000
  -9.70123    0.000000    0.000000    0.000000    0.000000    0.000000    0.000000    0.000000    0.000000    0.000000    0.000000    0.000000
  -9.69523    0.000000    0.000000    0.000000    0.000000    0.000000    0.000000    0.000000    0.000000    0.000000    0.000000    0.000000
  -9.68923    0.000000    0.000000    0.000000    0.000000    0.000000    0.000000    0.000000    0.000000    0.000000    0.000000    0.000000
  -9.68323    0.000000    0.000000    0.000000    0.000000    0.000000    0.000000    0.000000    0.000000    0.000000    0.000000    0.000000
  -9.67723    0.000000    0.000000    0.000000    0.000000    0.000000    0.000000    0.000000    0.000000    0.000000    0.000000    0.000000
  -9.67122    0.000000    0.000000    0.000000    0.000000    0.000000    0.000000    0.000000    0.000000    0.000000    0.000000    0.000000
  -9.66522    0.000000    0.000000    0.000000    0.000000    0.000000    0.000000    0.000000    0.000000    0.000000    0.000000    0.000000
  -9.65922    0.000000    0.000000    0.000000    0.000000    0.000000    0.000000    0.000000    0.000000    0.000000    0.000000    0.000000
  -9.65322    0.000000    0.000000    0.000000    0.000000    0.000000    0.000000    0.000000    0.000000    0.000000    0.000000    0.000000
  -9.64722    0.000000    0.000000    0.000000    0.000000    0.000000    0.000000    0.000000    0.000000    0.000000    0.000000    0.000000
  -9.64121    0.000000    0.000000    0.000000    0.000000    0.000000    0.000000    0.000000    0.000000    0.000000    0.000000    0.000000
  -9.63521    0.000000    0.000000    0.000000    0.000000    0.000000    0.000000    0.000000    0.000000    0.000000    0.000000    0.000000
  -9.62921    0.000000    0.000000    0.000000    0.000000    0.000000    0.000000    0.000000    0.000000    0.000000    0.000000    0.000000
  -9.62321    0.000000    0.000000    0.000000    0.000000    0.000000    0.000000    0.000000    0.000000    0.000000    0.000000    0.000000
  -9.61721    0.000000    0.000000    0.000000    0.000000    0.000000    0.000000    0.000000    0.000000    0.000000    0.000000    0.000000
  -9.61120    0.000000    0.000000    0.000000    0.000000    0.000000    0.000000    0.000000    0.000000    0.000000    0.000000    0.000000
  -9.60520    0.000000    0.000000    0.000000    0.000000    0.000000    0.000000    0.000000    0.000000    0.000000    0.000000    0.000000
  -9.59920    0.000000    0.000000    0.000000    0.000000    0.000000    0.000000    0.000000    0.000000    0.000000    0.000000    0.000000
  -9.59320    0.000000    0.000000    0.000000    0.000000    0.000000    0.000000    0.000000    0.000000    0.000000    0.000000    0.000000
  -9.58720    0.000000    0.000000    0.000000    0.000000    0.000000    0.000000    0.000000    0.000000    0.000000    0.000000    0.000000
  -9.58119    0.000000    0.000000    0.000000    0.000000    0.000000    0.000000    0.000000    0.000000    0.000000    0.000000    0.000000
  -9.57519    0.000000    0.000000    0.000000    0.000000    0.000000    0.000000    0.000000    0.000000    0.000000    0.000000    0.000000
  -9.56919    0.000000    0.000000    0.000000    0.000000    0.000000    0.000000    0.000000    0.000000    0.000000    0.000000    0.000000
  -9.56319    0.000000    0.000000    0.000000    0.000000    0.000000    0.000000    0.000000    0.000000    0.000000    0.000000    0.000000
  -9.55719    0.000000    0.000000    0.000000    0.000000    0.000000    0.000000    0.000000    0.000000    0.000000    0.000000    0.000000
  -9.55118    0.000000    0.000000    0.000000    0.000000    0.000000    0.000000    0.000000    0.000000    0.000000    0.000000    0.000000
  -9.54518    0.000000    0.000000    0.000000    0.000000    0.000000    0.000000    0.000000    0.000000    0.000000    0.000000    0.000000
  -9.53918    0.000000    0.000000    0.000000    0.000000    0.000000    0.000000    0.000000    0.000000    0.000000    0.000000    0.000000
  -9.53318    0.000000    0.000000    0.000000    0.000000    0.000000    0.000000    0.000000    0.000000    0.000000    0.000000    0.000000
  -9.52718    0.000000    0.000000    0.000000    0.000000    0.000000    0.000000    0.000000    0.000000    0.000000    0.000000    0.000000
  -9.52117    0.000000    0.000000    0.000000    0.000000    0.000000    0.000000    0.000000    0.000000    0.000000    0.000000    0.000000
  -9.51517    0.000000    0.000000    0.000000    0.000000    0.000000    0.000000    0.000000    0.000000    0.000000    0.000000    0.000000
  -9.50917    0.000000    0.000000    0.000000    0.000000    0.000000    0.000000    0.000000    0.000000    0.000000    0.000000    0.000000
  -9.50317    0.000000    0.000000    0.000000    0.000000    0.000000    0.000000    0.000000    0.000000    0.000000    0.000000    0.000000
  -9.49717    0.000000    0.000000    0.000000    0.000000    0.000000    0.000000    0.000000    0.000000    0.000000    0.000000    0.000000
  -9.49116    0.000000    0.000000    0.000000    0.000000    0.000000    0.000000    0.000000    0.000000    0.000000    0.000000    0.000000
  -9.48516    0.000000    0.000000    0.000000    0.000000    0.000000    0.000000    0.000000    0.000000    0.000000    0.000000    0.000000
  -9.47916    0.000000    0.000000    0.000000    0.000000    0.000000    0.000000    0.000000    0.000000    0.000000    0.000000    0.000000
  -9.47316    0.000000    0.000000    0.000000    0.000000    0.000000    0.000000    0.000000    0.000000    0.000000    0.000000    0.000000
  -9.46716    0.000000    0.000000    0.000000    0.000000    0.000000    0.000000    0.000000    0.000000    0.000000    0.000000    0.000000
  -9.46115    0.000000    0.000000    0.000000    0.000000    0.000000    0.000000    0.000000    0.000000    0.000000    0.000000    0.000000
  -9.45515    0.000000    0.000000    0.000000    0.000000    0.000000    0.000000    0.000000    0.000000    0.000000    0.000000    0.000000
  -9.44915    0.000000    0.000000    0.000000    0.000000    0.000000    0.000000    0.000000    0.000000    0.000000    0.000000    0.000000
  -9.44315    0.000000    0.000000    0.000000    0.000000    0.000000    0.000000    0.000000    0.000000    0.000000    0.000000    0.000000
  -9.43715    0.000000    0.000000    0.000000    0.000000    0.000000    0.000000    0.000000    0.000000    0.000000    0.000000    0.000000
  -9.43114    0.000000    0.000000    0.000000    0.000000    0.000000    0.000000    0.000000    0.000000    0.000000    0.000000    0.000000
  -9.42514    0.000000    0.000000    0.000000    0.000000    0.000000    0.000000    0.000000    0.000000    0.000000    0.000000    0.000000
  -9.41914    0.000000    0.000000    0.000000    0.000000    0.000000    0.000000    0.000000    0.000000    0.000000    0.000000    0.000000
  -9.41314    0.000000    0.000000    0.000000    0.000000    0.000000    0.000000    0.000000    0.000000    0.000000    0.000000    0.000000
  -9.40714    0.000000    0.000000    0.000000    0.000000    0.000000    0.000000    0.000000    0.000000    0.000000    0.000000    0.000000
  -9.40113    0.000000    0.000000    0.000000    0.000000    0.000000    0.000000    0.000000    0.000000    0.000000    0.000000    0.000000
  -9.39513    0.000000    0.000000    0.000000    0.000000    0.000000    0.000000    0.000000    0.000000    0.000000    0.000000    0.000000
  -9.38913    0.000000    0.000000    0.000000    0.000000    0.000000    0.000000    0.000000    0.000000    0.000000    0.000000    0.000000
  -9.38313    0.000000    0.000000    0.000000    0.000000    0.000000    0.000000    0.000000    0.000000    0.000000    0.000000    0.000000
  -9.37713    0.000000    0.000000    0.000000    0.000000    0.000000    0.000000    0.000000    0.000000    0.000000    0.000000    0.000000
  -9.37112    0.000000    0.000000    0.000000    0.000000    0.000000    0.000000    0.000000    0.000000    0.000000    0.000000    0.000000
  -9.36512    0.000000    0.000000    0.000000    0.000000    0.000000    0.000000    0.000000    0.000000    0.000000    0.000000    0.000000
  -9.35912    0.000000    0.000000    0.000000    0.000000    0.000000    0.000000    0.000000    0.000000    0.000000    0.000000    0.000000
  -9.35312    0.000000    0.000000    0.000000    0.000000    0.000000    0.000000    0.000000    0.000000    0.000000    0.000000    0.000000
  -9.34712    0.000000    0.000000    0.000000    0.000000    0.000000    0.000000    0.000000    0.000000    0.000000    0.000000    0.000000
  -9.34111    0.000000    0.000000    0.000000    0.000000    0.000000    0.000000    0.000000    0.000000    0.000000    0.000000    0.000000
  -9.33511    0.000000    0.000000    0.000000    0.000000    0.000000    0.000000    0.000000    0.000000    0.000000    0.000000    0.000000
  -9.32911    0.000000    0.000000    0.000000    0.000000    0.000000    0.000000    0.000000    0.000000    0.000000    0.000000    0.000000
  -9.32311    0.000000    0.000000    0.000000    0.000000    0.000000    0.000000    0.000000    0.000000    0.000000    0.000000    0.000000
  -9.31711    0.000000    0.000000    0.000000    0.000000    0.000000    0.000000    0.000000    0.000000    0.000000    0.000000    0.000000
  -9.31110    0.000000    0.000000    0.000000    0.000000    0.000000    0.000000    0.000000    0.000000    0.000000    0.000000    0.000000
  -9.30510    0.000000    0.000000    0.000000    0.000000    0.000000    0.000000    0.000000    0.000000    0.000000    0.000000    0.000000
  -9.29910    0.000000    0.000000    0.000000    0.000000    0.000000    0.000000    0.000000    0.000000    0.000000    0.000000    0.000000
  -9.29310    0.000001    0.000000    0.000000    0.000000    0.000000    0.000000    0.000000    0.000000    0.000000    0.000000    0.000000
  -9.28710    0.000002    0.000000    0.000000    0.000000    0.000000    0.000000    0.000000    0.000000    0.000000    0.000000    0.000000
  -9.28109    0.000003    0.000000    0.000000    0.000000    0.000000    0.000000    0.000000    0.000000    0.000000    0.000000    0.000000
  -9.27509    0.000007    0.000000    0.000000    0.000000    0.000000    0.000000    0.000000    0.000000    0.000000    0.000000    0.000000
  -9.26909    0.000013    0.000000    0.000000    0.000000    0.000000    0.000000    0.000000    0.000000    0.000000    0.000000    0.000000
  -9.26309    0.000026    0.000000    0.000000    0.000000    0.000000    0.000000    0.000000    0.000000    0.000000    0.000000    0.000000
  -9.25709    0.000049    0.000000    0.000000    0.000000    0.000000    0.000000    0.000000    0.000000    0.000000    0.000000    0.000000
  -9.25108    0.000091    0.000000    0.000000    0.000000    0.000000    0.000000    0.000000    0.000000    0.000000    0.000000    0.000000
  -9.24508    0.000165    0.000000    0.000000    0.000000    0.000000    0.000000    0.000000    0.000000    0.000000    0.000000    0.000000
  -9.23908    0.000294    0.000000    0.000000    0.000000    0.000000    0.000000    0.000000    0.000000    0.000000    0.000000    0.000000
  -9.23308    0.000513    0.000000    0.000000    0.000000    0.000001    0.000000    0.000000    0.000000    0.000000    0.000000    0.000000
  -9.22708    0.000879    0.000000    0.000000    0.000000    0.000001    0.000000    0.000000    0.000000    0.000000    0.000000    0.000000
  -9.22107    0.001475    0.000001    0.000000    0.000000    0.000003    0.000000    0.000000    0.000000    0.000000    0.000000    0.000000
  -9.21507    0.002427    0.000001    0.000000    0.000001    0.000004    0.000000    0.000000    0.000000    0.000000    0.000000    0.000000
  -9.20907    0.003914    0.000002    0.000001    0.000001    0.000007    0.000000    0.000000    0.000000    0.000000    0.000000    0.000000
  -9.20307    0.006187    0.000003    0.000001    0.000002    0.000011    0.000000    0.000000    0.000000    0.000000    0.000000    0.000000
  -9.19707    0.009587    0.000004    0.000001    0.000003    0.000016    0.000000    0.000000    0.000000    0.000000    0.000000    0.000000
  -9.19106    0.014562    0.000007    0.000002    0.000005    0.000025    0.000000    0.000000    0.000000    0.000000    0.000000    0.000000
  -9.18506    0.021681    0.000010    0.000003    0.000007    0.000037    0.000000    0.000000    0.000000    0.000000    0.000000    0.000000
  -9.17906    0.031643    0.000014    0.000005    0.000010    0.000054    0.000000    0.000000    0.000000    0.000000    0.000000    0.000000
  -9.17306    0.045267    0.000021    0.000007    0.000014    0.000077    0.000000    0.000000    0.000000    0.000000    0.000000    0.000000
  -9.16706    0.063477    0.000029    0.000009    0.000020    0.000108    0.000000    0.000000    0.000000    0.000000    0.000000    0.000000
  -9.16105    0.087251    0.000040    0.000013    0.000027    0.000148    0.000000    0.000000    0.000000    0.000000    0.000000    0.000000
  -9.15505    0.117558    0.000054    0.000017    0.000037    0.000200    0.000000    0.000000    0.000000    0.000000    0.000000    0.000000
  -9.14905    0.155260    0.000071    0.000023    0.000048    0.000264    0.000000    0.000000    0.000000    0.000000    0.000000    0.000000
  -9.14305    0.200998    0.000092    0.000029    0.000062    0.000342    0.000000    0.000000    0.000000    0.000000    0.000000    0.000000
  -9.13705    0.255063    0.000117    0.000037    0.000079    0.000434    0.000000    0.000000    0.000000    0.000000    0.000000    0.000000
  -9.13104    0.317270    0.000145    0.000046    0.000099    0.000539    0.000000    0.000000    0.000000    0.000000    0.000000    0.000000
  -9.12504    0.386842    0.000177    0.000057    0.000120    0.000658    0.000000    0.000000    0.000000    0.000000    0.000000    0.000000
  -9.11904    0.462342    0.000211    0.000068    0.000144    0.000786    0.000000    0.000000    0.000000    0.000000    0.000000    0.000000
  -9.11304    0.541648    0.000248    0.000079    0.000168    0.000921    0.000000    0.000000    0.000000    0.000000    0.000000    0.000000
  -9.10704    0.622008    0.000284    0.000091    0.000193    0.001057    0.000000    0.000000    0.000000    0.000000    0.000000    0.000000
  -9.10103    0.700163    0.000320    0.000102    0.000218    0.001190    0.000000    0.000000    0.000000    0.000000    0.000000    0.000000
  -9.09503    0.772551    0.000353    0.000113    0.000240    0.001313    0.000000    0.000000    0.000000    0.000000    0.000000    0.000000
  -9.08903    0.835563    0.000382    0.000122    0.000260    0.001420    0.000000    0.000000    0.000000    0.000000    0.000000    0.000000
  -9.08303    0.885842    0.000405    0.000129    0.000275    0.001506    0.000000    0.000000    0.000000    0.000000    0.000000    0.000000
  -9.07703    0.920572    0.000421    0.000135    0.000286    0.001565    0.000000    0.000000    0.000000    0.000000    0.000000    0.000000
  -9.07102    0.937743    0.000429    0.000137    0.000292    0.001594    0.000000    0.000000    0.000000    0.000000    0.000000    0.000000
  -9.06502    0.936342    0.000428    0.000137    0.000291    0.001592    0.000000    0.000000    0.000000    0.000000    0.000000    0.000000
  -9.05902    0.916451    0.000419    0.000134    0.000285    0.001558    0.000000    0.000000    0.000000    0.000000    0.000000    0.000000
  -9.05302    0.879243    0.000402    0.000129    0.000273    0.001495    0.000000    0.000000    0.000000    0.000000    0.000000    0.000000
  -9.04702    0.826863    0.000378    0.000121    0.000257    0.001405    0.000000    0.000000    0.000000    0.000000    0.000000    0.000000
  -9.04101    0.762223    0.000348    0.000111    0.000237    0.001296    0.000000    0.000000    0.000000    0.000000    0.000000    0.000000
  -9.03501    0.688740    0.000315    0.000101    0.000214    0.001171    0.000000    0.000000    0.000000    0.000000    0.000000    0.000000
  -9.02901    0.610033    0.000279    0.000089    0.000190    0.001037    0.000000    0.000000    0.000000    0.000000    0.000000    0.000000
  -9.02301    0.529634    0.000242    0.000077    0.000165    0.000900    0.000000    0.000000    0.000000    0.000000    0.000000    0.000000
  -9.01701    0.450737    0.000206    0.000066    0.000140    0.000766    0.000000    0.000000    0.000000    0.000000    0.000000    0.000000
  -9.01100    0.376006    0.000172    0.000055    0.000117    0.000639    0.000000    0.000000    0.000000    0.000000    0.000000    0.000000
  -9.00500    0.307462    0.000141    0.000045    0.000096    0.000523    0.000000    0.000000    0.000000    0.000000    0.000000    0.000000
  -8.99900    0.246441    0.000113    0.000036    0.000077    0.000419    0.000000    0.000000    0.000000    0.000000    0.000000    0.000000
  -8.99300    0.193624    0.000089    0.000028    0.000060    0.000329    0.000000    0.000000    0.000000    0.000000    0.000000    0.000000
  -8.98700    0.149120    0.000068    0.000022    0.000046    0.000253    0.000000    0.000000    0.000000    0.000000    0.000000    0.000000
  -8.98099    0.112576    0.000051    0.000016    0.000035    0.000191    0.000000    0.000000    0.000000    0.000000    0.000000    0.000000
  -8.97499    0.083313    0.000038    0.000012    0.000026    0.000142    0.000000    0.000000    0.000000    0.000000    0.000000    0.000000
  -8.96899    0.060448    0.000028    0.000009    0.000019    0.000103    0.000000    0.000000    0.000000    0.000000    0.000000    0.000000
  -8.96299    0.043012    0.000020    0.000006    0.000013    0.000073    0.000000    0.000000    0.000000    0.000000    0.000000    0.000000
  -8.95699    0.030041    0.000014    0.000004    0.000009    0.000051    0.000000    0.000000    0.000000    0.000000    0.000000    0.000000
  -8.95098    0.020643    0.000010    0.000003    0.000007    0.000035    0.000000    0.000000    0.000000    0.000000    0.000000    0.000000
  -8.94498    0.014045    0.000007    0.000002    0.000005    0.000024    0.000000    0.000000    0.000000    0.000000    0.000000    0.000000
  -8.93898    0.009618    0.000005    0.000002    0.000003    0.000017    0.000000    0.000000    0.000000    0.000000    0.000000    0.000000
  -8.93298    0.006893    0.000004    0.000001    0.000003    0.000013    0.000000    0.000000    0.000000    0.000000    0.000000    0.000000
  -8.92698    0.005567    0.000004    0.000001    0.000003    0.000011    0.000000    0.000000    0.000000    0.000000    0.000000    0.000000
  -8.92097    0.005513    0.000005    0.000002    0.000003    0.000012    0.000000    0.000000    0.000000    0.000000    0.000000    0.000000
  -8.91497    0.006791    0.000007    0.000003    0.000005    0.000016    0.000000    0.000000    0.000000    0.000000    0.000000    0.000000
  -8.90897    0.009670    0.000012    0.000004    0.000008    0.000024    0.000000    0.000000    0.000000    0.000000    0.000000    0.000000
  -8.90297    0.014662    0.000018    0.000006    0.000012    0.000037    0.000000    0.000000    0.000000    0.000000    0.000000    0.000000
  -8.89697    0.022563    0.000028    0.000010    0.000019    0.000058    0.000000    0.000000    0.000000    0.000000    0.000000    0.000000
  -8.89096    0.034505    0.000043    0.000015    0.000029    0.000088    0.000000    0.000000    0.000000    0.000000    0.000000    0.000000
  -8.88496    0.052012    0.000065    0.000022    0.000043    0.000133    0.000000    0.000000    0.000000    0.000000    0.000000    0.000000
  -8.87896    0.077040    0.000097    0.000033    0.000064    0.000197    0.000000    0.000000    0.000000    0.000000    0.000000    0.000000
  -8.87296    0.112008    0.000141    0.000048    0.000093    0.000285    0.000000    0.000000    0.000000    0.000000    0.000000    0.000000
  -8.86696    0.159784    0.000201    0.000068    0.000133    0.000405    0.000000    0.000000    0.000000    0.000000    0.000000    0.000000
  -8.86095    0.223620    0.000281    0.000094    0.000186    0.000565    0.000000    0.000000    0.000000    0.000000    0.000000    0.000000
  -8.85495    0.307022    0.000385    0.000129    0.000256    0.000773    0.000000    0.000000    0.000000    0.000000    0.000000    0.000000
  -8.84895    0.413532    0.000518    0.000173    0.000345    0.001038    0.000000    0.000000    0.000000    0.000000    0.000000    0.000000
  -8.84295    0.546434    0.000684    0.000228    0.000456    0.001366    0.000000    0.000000    0.000000    0.000000    0.000000    0.000000
  -8.83695    0.708374    0.000886    0.000294    0.000592    0.001765    0.000000    0.000000    0.000000    0.000000    0.000000    0.000000
  -8.83094    0.900933    0.001126    0.000373    0.000754    0.002237    0.000000    0.000000    0.000000    0.000000    0.000000    0.000000
  -8.82494    1.124181    0.001404    0.000463    0.000941    0.002781    0.000000    0.000000    0.000000    0.000000    0.000000    0.000000
  -8.81894    1.376264    0.001718    0.000564    0.001153    0.003391    0.000000    0.000000    0.000000    0.000000    0.000000    0.000000
  -8.81294    1.653091    0.002061    0.000675    0.001387    0.004058    0.000000    0.000000    0.000000    0.000000    0.000000    0.000000
  -8.80694    1.948180    0.002427    0.000791    0.001636    0.004763    0.000000    0.000000    0.000000    0.000000    0.000000    0.000000
  -8.80093    2.252709    0.002804    0.000911    0.001893    0.005486    0.000000    0.000000    0.000000    0.000000    0.000000    0.000000
  -8.79493    2.555826    0.003178    0.001028    0.002150    0.006200    0.000000    0.000000    0.000000    0.000000    0.000000    0.000000
  -8.78893    2.845203    0.003535    0.001139    0.002396    0.006874    0.000000    0.000000    0.000000    0.000000    0.000000    0.000000
  -8.78293    3.107821    0.003857    0.001238    0.002619    0.007478    0.000000    0.000000    0.000000    0.000000    0.000000    0.000000
  -8.77693    3.330917    0.004130    0.001320    0.002810    0.007982    0.000000    0.000000    0.000000    0.000000    0.000000    0.000000
  -8.77092    3.503000    0.004339    0.001382    0.002958    0.008360    0.000000    0.000000    0.000000    0.000000    0.000000    0.000000
  -8.76492    3.614831    0.004473    0.001418    0.003055    0.008592    0.000000    0.000000    0.000000    0.000000    0.000000    0.000000
  -8.75892    3.660237    0.004525    0.001429    0.003096    0.008664    0.000000    0.000000    0.000000    0.000000    0.000000    0.000000
  -8.75292    3.636680    0.004491    0.001413    0.003078    0.008573    0.000000    0.000000    0.000000    0.000000    0.000000    0.000000
  -8.74692    3.545489    0.004374    0.001370    0.003004    0.008324    0.000000    0.000000    0.000000    0.000000    0.000000    0.000000
  -8.74091    3.391736    0.004180    0.001304    0.002876    0.007930    0.000000    0.000000    0.000000    0.000000    0.000000    0.000000
  -8.73491    3.183769    0.003920    0.001218    0.002702    0.007414    0.000000    0.000000    0.000000    0.000000    0.000000    0.000000
  -8.72891    2.932465    0.003606    0.001116    0.002490    0.006801    0.000000    0.000000    0.000000    0.000000    0.000000    0.000000
  -8.72291    2.650289    0.003256    0.001004    0.002252    0.006122    0.000000    0.000000    0.000000    0.000000    0.000000    0.000000
  -8.71691    2.350279    0.002884    0.000886    0.001999    0.005408    0.000000    0.000000    0.000000    0.000000    0.000000    0.000000
  -8.71090    2.045066    0.002507    0.000767    0.001741    0.004687    0.000000    0.000000    0.000000    0.000000    0.000000    0.000000
  -8.70490    1.746034    0.002138    0.000651    0.001487    0.003987    0.000000    0.000000    0.000000    0.000000    0.000000    0.000000
  -8.69890    1.462687    0.001790    0.000543    0.001247    0.003327    0.000000    0.000000    0.000000    0.000000    0.000000    0.000000
  -8.69290    1.202265    0.001470    0.000444    0.001025    0.002725    0.000000    0.000000    0.000000    0.000000    0.000000    0.000000
  -8.68690    0.969614    0.001184    0.000357    0.000827    0.002189    0.000000    0.000000    0.000000    0.000000    0.000000    0.000000
  -8.68089    0.767282    0.000936    0.000281    0.000655    0.001727    0.000000    0.000000    0.000000    0.000000    0.000000    0.000000
  -8.67489    0.595796    0.000726    0.000217    0.000509    0.001336    0.000000    0.000000    0.000000    0.000000    0.000000    0.000000
  -8.66889    0.454044    0.000553    0.000165    0.000388    0.001015    0.000000    0.000000    0.000000    0.000000    0.000000    0.000000
  -8.66289    0.339732    0.000414    0.000123    0.000291    0.000758    0.000000    0.000000    0.000000    0.000000    0.000000    0.000000
  -8.65689    0.249822    0.000305    0.000090    0.000215    0.000556    0.000000    0.000000    0.000000    0.000000    0.000000    0.000000
  -8.65088    0.180945    0.000222    0.000066    0.000156    0.000403    0.000000    0.000000    0.000000    0.000000    0.000000    0.000000
  -8.64488    0.129739    0.000161    0.000048    0.000113    0.000291    0.000000    0.000000    0.000000    0.000000    0.000000    0.000000
  -8.63888    0.093103    0.000119    0.000036    0.000083    0.000212    0.000000    0.000000    0.000000    0.000000    0.000000    0.000000
  -8.63288    0.068382    0.000093    0.000028    0.000064    0.000162    0.000000    0.000000    0.000000    0.000000    0.000000    0.000000
  -8.62688    0.053466    0.000080    0.000025    0.000054    0.000135    0.000000    0.000000    0.000000    0.000000    0.000000    0.000000
  -8.62087    0.046845    0.000079    0.000026    0.000053    0.000130    0.000000    0.000000    0.000000    0.000000    0.000000    0.000000
  -8.61487    0.047601    0.000091    0.000031    0.000060    0.000144    0.000000    0.000000    0.000000    0.000000    0.000000    0.000000
  -8.60887    0.055379    0.000115    0.000040    0.000075    0.000179    0.000000    0.000000    0.000000    0.000000    0.000000    0.000000
  -8.60287    0.070326    0.000153    0.000054    0.000099    0.000236    0.000000    0.000000    0.000000    0.000000    0.000000    0.000000
  -8.59687    0.093012    0.000207    0.000073    0.000134    0.000319    0.000000    0.000000    0.000000    0.000000    0.000000    0.000000
  -8.59086    0.124331    0.000279    0.000098    0.000181    0.000429    0.000000    0.000000    0.000000    0.000000    0.000000    0.000000
  -8.58486    0.165391    0.000372    0.000131    0.000241    0.000573    0.000000    0.000000    0.000000    0.000000    0.000000    0.000000
  -8.57886    0.217388    0.000488    0.000171    0.000317    0.000754    0.000000    0.000000    0.000000    0.000000    0.000000    0.000000
  -8.57286    0.281470    0.000631    0.000221    0.000410    0.000977    0.000000    0.000000    0.000000    0.000000    0.000000    0.000000
  -8.56686    0.358606    0.000802    0.000280    0.000522    0.001245    0.000000    0.000000    0.000000    0.000000    0.000000    0.000000
  -8.56085    0.449452    0.001002    0.000348    0.000654    0.001559    0.000000    0.000000    0.000000    0.000000    0.000000    0.000000
  -8.55485    0.554249    0.001231    0.000426    0.000805    0.001922    0.000000    0.000000    0.000000    0.000000    0.000000    0.000000
  -8.54885    0.672740    0.001488    0.000512    0.000976    0.002331    0.000000    0.000000    0.000000    0.000000    0.000000    0.000000
  -8.54285    0.804141    0.001772    0.000607    0.001166    0.002784    0.000000    0.000000    0.000000    0.000000    0.000000    0.000000
  -8.53685    0.947149    0.002079    0.000708    0.001372    0.003277    0.000000    0.000000    0.000000    0.000000    0.000000    0.000000
  -8.53084    1.099998    0.002406    0.000813    0.001593    0.003803    0.000000    0.000000    0.000000    0.000000    0.000000    0.000000
  -8.52484    1.260556    0.002747    0.000922    0.001825    0.004355    0.000000    0.000000    0.000000    0.000000    0.000000    0.000000
  -8.51884    1.426437    0.003098    0.001031    0.002067    0.004924    0.000000    0.000000    0.000000    0.000000    0.000000    0.000000
  -8.51284    1.595115    0.003454    0.001140    0.002314    0.005502    0.000000    0.000000    0.000000    0.000000    0.000000    0.000000
  -8.50684    1.764021    0.003811    0.001247    0.002565    0.006081    0.000000    0.000000    0.000000    0.000000    0.000000    0.000000
  -8.50083    1.930600    0.004166    0.001350    0.002815    0.006651    0.000000    0.000000    0.000000    0.000000    0.000000    0.000000
  -8.49483    2.092321    0.004512    0.001449    0.003064    0.007205    0.000000    0.000000    0.000000    0.000000    0.000000    0.000000
  -8.48883    2.246642    0.004848    0.001541    0.003307    0.007733    0.000000    0.000000    0.000000    0.000000    0.000000    0.000000
  -8.48283    2.390945    0.005169    0.001628    0.003541    0.008227    0.000000    0.000000    0.000000    0.000000    0.000000    0.000000
  -8.47683    2.522450    0.005469    0.001707    0.003762    0.008678    0.000000    0.000000    0.000000    0.000000    0.000000    0.000000
  -8.47082    2.638168    0.005742    0.001777    0.003966    0.009076    0.000000    0.000000    0.000000    0.000000    0.000000    0.000000
  -8.46482    2.734886    0.005983    0.001837    0.004146    0.009409    0.000000    0.000000    0.000000    0.000000    0.000000    0.000000
  -8.45882    2.809243    0.006181    0.001884    0.004297    0.009667    0.000000    0.000000    0.000000    0.000000    0.000000    0.000000
  -8.45282    2.857882    0.006328    0.001916    0.004412    0.009837    0.000000    0.000000    0.000000    0.000000    0.000000    0.000000
  -8.44682    2.877692    0.006416    0.001932    0.004484    0.009909    0.000000    0.000000    0.000000    0.000000    0.000000    0.000000
  -8.44081    2.866111    0.006436    0.001929    0.004507    0.009872    0.000000    0.000000    0.000000    0.000000    0.000000    0.000000
  -8.43481    2.821447    0.006381    0.001904    0.004477    0.009722    0.000000    0.000000    0.000000    0.000000    0.000000    0.000000
  -8.42881    2.743177    0.006248    0.001858    0.004390    0.009457    0.000000    0.000000    0.000000    0.000000    0.000000    0.000000
  -8.42281    2.632179    0.006036    0.001790    0.004246    0.009078    0.000000    0.000000    0.000000    0.000000    0.000000    0.000000
  -8.41681    2.490833    0.005749    0.001700    0.004049    0.008593    0.000000    0.000000    0.000000    0.000000    0.000000    0.000000
  -8.41080    2.322994    0.005395    0.001592    0.003803    0.008017    0.000000    0.000000    0.000000    0.000000    0.000000    0.000000
  -8.40480    2.133809    0.004984    0.001467    0.003516    0.007366    0.000000    0.000000    0.000000    0.000000    0.000000    0.000000
  -8.39880    1.929398    0.004530    0.001332    0.003198    0.006662    0.000000    0.000000    0.000000    0.000000    0.000000    0.000000
  -8.39280    1.716443    0.004049    0.001188    0.002861    0.005928    0.000000    0.000000    0.000000    0.000000    0.000000    0.000000
  -8.38680    1.501723    0.003558    0.001043    0.002515    0.005187    0.000000    0.000000    0.000000    0.000000    0.000000    0.000000
  -8.38079    1.291662    0.003072    0.000899    0.002173    0.004462    0.000000    0.000000    0.000000    0.000000    0.000000    0.000000
  -8.37479    1.091930    0.002606    0.000762    0.001845    0.003772    0.000000    0.000000    0.000000    0.000000    0.000000    0.000000
  -8.36879    0.907150    0.002172    0.000634    0.001538    0.003134    0.000000    0.000000    0.000000    0.000000    0.000000    0.000000
  -8.36279    0.740729    0.001778    0.000519    0.001260    0.002559    0.000000    0.000000    0.000000    0.000000    0.000000    0.000000
  -8.35679    0.594816    0.001432    0.000417    0.001014    0.002055    0.000000    0.000000    0.000000    0.000000    0.000000    0.000000
  -8.35078    0.470388    0.001134    0.000331    0.000804    0.001625    0.000000    0.000000    0.000000    0.000000    0.000000    0.000000
  -8.34478    0.367427    0.000888    0.000259    0.000628    0.001270    0.000000    0.000000    0.000000    0.000000    0.000000    0.000000
  -8.33878    0.285159    0.000690    0.000202    0.000487    0.000986    0.000000    0.000000    0.000000    0.000000    0.000000    0.000000
  -8.33278    0.222318    0.000538    0.000160    0.000379    0.000770    0.000000    0.000000    0.000000    0.000000    0.000000    0.000000
  -8.32678    0.177402    0.000430    0.000130    0.000300    0.000616    0.000000    0.000000    0.000000    0.000000    0.000000    0.000000
  -8.32077    0.148892    0.000360    0.000112    0.000248    0.000518    0.000000    0.000000    0.000000    0.000000    0.000000    0.000000
  -8.31477    0.135410    0.000327    0.000106    0.000221    0.000474    0.000000    0.000000    0.000000    0.000000    0.000000    0.000000
  -8.30877    0.135803    0.000327    0.000110    0.000217    0.000478    0.000000    0.000000    0.000000    0.000000    0.000000    0.000000
  -8.30277    0.149165    0.000359    0.000124    0.000234    0.000527    0.000000    0.000000    0.000000    0.000000    0.000000    0.000000
  -8.29677    0.174780    0.000420    0.000149    0.000271    0.000619    0.000000    0.000000    0.000000    0.000000    0.000000    0.000000
  -8.29076    0.212014    0.000508    0.000183    0.000326    0.000752    0.000000    0.000000    0.000000    0.000000    0.000000    0.000000
  -8.28476    0.260166    0.000623    0.000226    0.000398    0.000924    0.000000    0.000000    0.000000    0.000000    0.000000    0.000000
  -8.27876    0.318313    0.000763    0.000277    0.000485    0.001131    0.000000    0.000000    0.000000    0.000000    0.000000    0.000000
  -8.27276    0.385147    0.000923    0.000336    0.000587    0.001369    0.000000    0.000000    0.000000    0.000000    0.000000    0.000000
  -8.26676    0.458868    0.001099    0.000401    0.000698    0.001631    0.000000    0.000000    0.000000    0.000000    0.000000    0.000000
  -8.26075    0.537112    0.001286    0.000469    0.000817    0.001910    0.000000    0.000000    0.000000    0.000000    0.000000    0.000000
  -8.25475    0.616972    0.001478    0.000539    0.000939    0.002194    0.000000    0.000000    0.000000    0.000000    0.000000    0.000000
  -8.24875    0.695091    0.001665    0.000607    0.001057    0.002471    0.000000    0.000000    0.000000    0.000000    0.000000    0.000000
  -8.24275    0.767835    0.001839    0.000671    0.001168    0.002730    0.000000    0.000000    0.000000    0.000000    0.000000    0.000000
  -8.23675    0.831537    0.001991    0.000727    0.001265    0.002957    0.000000    0.000000    0.000000    0.000000    0.000000    0.000000
  -8.23074    0.882777    0.002114    0.000771    0.001343    0.003139    0.000000    0.000000    0.000000    0.000000    0.000000    0.000000
  -8.22474    0.918674    0.002200    0.000803    0.001397    0.003266    0.000000    0.000000    0.000000    0.000000    0.000000    0.000000
  -8.21874    0.937139    0.002244    0.000819    0.001425    0.003332    0.000000    0.000000    0.000000    0.000000    0.000000    0.000000
  -8.21274    0.937078    0.002244    0.000819    0.001425    0.003332    0.000000    0.000000    0.000000    0.000000    0.000000    0.000000
  -8.20674    0.918489    0.002200    0.000803    0.001397    0.003266    0.000000    0.000000    0.000000    0.000000    0.000000    0.000000
  -8.20073    0.882468    0.002113    0.000771    0.001342    0.003138    0.000000    0.000000    0.000000    0.000000    0.000000    0.000000
  -8.19473    0.831094    0.001990    0.000726    0.001264    0.002955    0.000000    0.000000    0.000000    0.000000    0.000000    0.000000
  -8.18873    0.767239    0.001837    0.000671    0.001167    0.002728    0.000000    0.000000    0.000000    0.000000    0.000000    0.000000
  -8.18273    0.694294    0.001663    0.000607    0.001056    0.002469    0.000000    0.000000    0.000000    0.000000    0.000000    0.000000
  -8.17673    0.615882    0.001475    0.000538    0.000937    0.002190    0.000000    0.000000    0.000000    0.000000    0.000000    0.000000
  -8.17072    0.535564    0.001283    0.000468    0.000815    0.001905    0.000000    0.000000    0.000000    0.000000    0.000000    0.000000
  -8.16472    0.456588    0.001094    0.000399    0.000695    0.001624    0.000000    0.000000    0.000000    0.000000    0.000000    0.000000
  -8.15872    0.381699    0.000915    0.000334    0.000581    0.001359    0.000000    0.000000    0.000000    0.000000    0.000000    0.000000
  -8.15272    0.313024    0.000751    0.000274    0.000477    0.001115    0.000000    0.000000    0.000000    0.000000    0.000000    0.000000
  -8.14672    0.252040    0.000606    0.000221    0.000385    0.000900    0.000000    0.000000    0.000000    0.000000    0.000000    0.000000
  -8.14071    0.199611    0.000482    0.000175    0.000306    0.000716    0.000000    0.000000    0.000000    0.000000    0.000000    0.000000
  -8.13471    0.156087    0.000380    0.000138    0.000242    0.000566    0.000000    0.000000    0.000000    0.000000    0.000000    0.000000
  -8.12871    0.121443    0.000301    0.000109    0.000192    0.000450    0.000000    0.000000    0.000000    0.000000    0.000000    0.000000
  -8.12271    0.095433    0.000245    0.000088    0.000157    0.000368    0.000000    0.000000    0.000000    0.000000    0.000000    0.000000
  -8.11671    0.077761    0.000211    0.000074    0.000137    0.000321    0.000000    0.000000    0.000000    0.000000    0.000000    0.000000
  -8.11070    0.068224    0.000201    0.000069    0.000132    0.000310    0.000000    0.000000    0.000000    0.000000    0.000000    0.000000
  -8.10470    0.066852    0.000217    0.000073    0.000144    0.000340    0.000000    0.000000    0.000000    0.000000    0.000000    0.000000
  -8.09870    0.074006    0.000261    0.000086    0.000174    0.000414    0.000000    0.000000    0.000000    0.000000    0.000000    0.000000
  -8.09270    0.090445    0.000337    0.000110    0.000227    0.000542    0.000000    0.000000    0.000000    0.000000    0.000000    0.000000
  -8.08670    0.117360    0.000453    0.000147    0.000306    0.000732    0.000000    0.000000    0.000000    0.000000    0.000000    0.000000
  -8.08069    0.156359    0.000614    0.000198    0.000416    0.000999    0.000000    0.000000    0.000000    0.000000    0.000000    0.000000
  -8.07469    0.209420    0.000831    0.000268    0.000563    0.001357    0.000000    0.000000    0.000000    0.000000    0.000000    0.000000
  -8.06869    0.278792    0.001113    0.000358    0.000754    0.001824    0.000000    0.000000    0.000000    0.000000    0.000000    0.000000
  -8.06269    0.366857    0.001470    0.000473    0.000997    0.002419    0.000000    0.000000    0.000000    0.000000    0.000000    0.000000
  -8.05669    0.475956    0.001913    0.000615    0.001299    0.003160    0.000000    0.000000    0.000000    0.000000    0.000000    0.000000
  -8.05068    0.608181    0.002453    0.000787    0.001666    0.004063    0.000000    0.000000    0.000000    0.000000    0.000000    0.000000
  -8.04468    0.765151    0.003095    0.000991    0.002104    0.005144    0.000000    0.000000    0.000000    0.000000    0.000000    0.000000
  -8.03868    0.947786    0.003847    0.001230    0.002617    0.006411    0.000000    0.000000    0.000000    0.000000    0.000000    0.000000
  -8.03268    1.156100    0.004708    0.001502    0.003206    0.007869    0.000000    0.000000    0.000000    0.000000    0.000000    0.000000
  -8.02668    1.389029    0.005678    0.001807    0.003871    0.009513    0.000000    0.000000    0.000000    0.000000    0.000000    0.000000
  -8.02067    1.644324    0.006748    0.002142    0.004606    0.011331    0.000000    0.000000    0.000000    0.000000    0.000000    0.000000
  -8.01467    1.918517    0.007907    0.002503    0.005404    0.013300    0.000000    0.000000    0.000000    0.000000    0.000000    0.000000
  -8.00867    2.206969    0.009137    0.002883    0.006254    0.015390    0.000000    0.000000    0.000000    0.000000    0.000000    0.000000
  -8.00267    2.504009    0.010415    0.003275    0.007140    0.017560    0.000000    0.000000    0.000000    0.000000    0.000000    0.000000
  -7.99667    2.803151    0.011717    0.003672    0.008046    0.019764    0.000000    0.000000    0.000000    0.000000    0.000000    0.000000
  -7.99066    3.097380    0.013014    0.004063    0.008951    0.021950    0.000000    0.000000    0.000000    0.000000    0.000000    0.000000
  -7.98466    3.379472    0.014274    0.004439    0.009835    0.024063    0.000000    0.000000    0.000000    0.000000    0.000000    0.000000
  -7.97866    3.642343    0.015467    0.004792    0.010675    0.026047    0.000000    0.000000    0.000000    0.000000    0.000000    0.000000
  -7.97266    3.879379    0.016564    0.005113    0.011452    0.027852    0.000000    0.000000    0.000000    0.000000    0.000000    0.000000
  -7.96666    4.084742    0.017537    0.005394    0.012143    0.029429    0.000000    0.000000    0.000000    0.000000    0.000000    0.000000
  -7.96065    4.253632    0.018363    0.005629    0.012733    0.030740    0.000000    0.000000    0.000000    0.000000    0.000000    0.000000
  -7.95465    4.382483    0.019021    0.005815    0.013206    0.031755    0.000000    0.000000    0.000000    0.000000    0.000000    0.000000
  -7.94865    4.469106    0.019501    0.005948    0.013553    0.032455    0.000000    0.000000    0.000000    0.000000    0.000000    0.000000
  -7.94265    4.512772    0.019794    0.006027    0.013767    0.032834    0.000000    0.000000    0.000000    0.000000    0.000000    0.000000
  -7.93665    4.514240    0.019903    0.006055    0.013849    0.032896    0.000000    0.000000    0.000000    0.000000    0.000000    0.000000
  -7.93064    4.475728    0.019836    0.006033    0.013803    0.032659    0.000000    0.000000    0.000000    0.000000    0.000000    0.000000
  -7.92464    4.400844    0.019608    0.005967    0.013641    0.032152    0.000000    0.000000    0.000000    0.000000    0.000000    0.000000
  -7.91864    4.294445    0.019243    0.005864    0.013379    0.031414    0.000000    0.000000    0.000000    0.000000    0.000000    0.000000
  -7.91264    4.162455    0.018771    0.005731    0.013040    0.030491    0.000000    0.000000    0.000000    0.000000    0.000000    0.000000
  -7.90664    4.011612    0.018226    0.005578    0.012647    0.029437    0.000000    0.000000    0.000000    0.000000    0.000000    0.000000
  -7.90063    3.849158    0.017646    0.005415    0.012231    0.028309    0.000000    0.000000    0.000000    0.000000    0.000000    0.000000
  -7.89463    3.682480    0.017071    0.005252    0.011819    0.027167    0.000000    0.000000    0.000000    0.000000    0.000000    0.000000
  -7.88863    3.518721    0.016540    0.005098    0.011442    0.026065    0.000000    0.000000    0.000000    0.000000    0.000000    0.000000
  -7.88263    3.364383    0.016086    0.004962    0.011124    0.025055    0.000000    0.000000    0.000000    0.000000    0.000000    0.000000
  -7.87663    3.224969    0.015739    0.004852    0.010888    0.024178    0.000000    0.000000    0.000000    0.000000    0.000000    0.000000
  -7.87062    3.104679    0.015520    0.004771    0.010749    0.023468    0.000000    0.000000    0.000000    0.000000    0.000000    0.000000
  -7.86462    3.006215    0.015440    0.004724    0.010716    0.022944    0.000000    0.000000    0.000000    0.000000    0.000000    0.000000
  -7.85862    2.930699    0.015500    0.004709    0.010790    0.022615    0.000000    0.000000    0.000000    0.000000    0.000000    0.000000
  -7.85262    2.877730    0.015691    0.004726    0.010965    0.022476    0.000000    0.000000    0.000000    0.000000    0.000000    0.000000
  -7.84662    2.845567    0.015995    0.004770    0.011226    0.022513    0.000000    0.000000    0.000000    0.000000    0.000000    0.000000
  -7.84061    2.831418    0.016388    0.004834    0.011553    0.022704    0.000000    0.000000    0.000000    0.000000    0.000000    0.000000
  -7.83461    2.831820    0.016838    0.004913    0.011925    0.023021    0.000000    0.000000    0.000000    0.000000    0.000000    0.000000
  -7.82861    2.843041    0.017314    0.005000    0.012314    0.023435    0.000000    0.000000    0.000000    0.000000    0.000000    0.000000
  -7.82261    2.861494    0.017784    0.005088    0.012696    0.023919    0.000000    0.000000    0.000000    0.000000    0.000000    0.000000
  -7.81661    2.884085    0.018222    0.005173    0.013049    0.024448    0.000000    0.000000    0.000000    0.000000    0.000000    0.000000
  -7.81060    2.908486    0.018606    0.005252    0.013354    0.025007    0.000000    0.000000    0.000000    0.000000    0.000000    0.000000
  -7.80460    2.933280    0.018922    0.005322    0.013600    0.025585    0.000000    0.000000    0.000000    0.000000    0.000000    0.000000
  -7.79860    2.957983    0.019164    0.005384    0.013780    0.026179    0.000000    0.000000    0.000000    0.000000    0.000000    0.000000
  -7.79260    2.982935    0.019334    0.005441    0.013893    0.026792    0.000000    0.000000    0.000000    0.000000    0.000000    0.000000
  -7.78660    3.009087    0.019442    0.005495    0.013947    0.027432    0.000000    0.000000    0.000000    0.000000    0.000000    0.000000
  -7.78059    3.037709    0.019498    0.005549    0.013949    0.028106    0.000000    0.000000    0.000000    0.000000    0.000000    0.000000
  -7.77459    3.070078    0.019520    0.005607    0.013913    0.028820    0.000000    0.000000    0.000000    0.000000    0.000000    0.000000
  -7.76859    3.107182    0.019520    0.005671    0.013849    0.029576    0.000000    0.000000    0.000000    0.000000    0.000000    0.000000
  -7.76259    3.149489    0.019512    0.005742    0.013770    0.030367    0.000000    0.000000    0.000000    0.000000    0.000000    0.000000
  -7.75659    3.196811    0.019505    0.005820    0.013685    0.031183    0.000000    0.000000    0.000000    0.000000    0.000000    0.000000
  -7.75058    3.248274    0.019502    0.005902    0.013600    0.032005    0.000000    0.000000    0.000000    0.000000    0.000000    0.000000
  -7.74458    3.302394    0.019504    0.005986    0.013518    0.032810    0.000000    0.000000    0.000000    0.000000    0.000000    0.000000
  -7.73858    3.357229    0.019508    0.006067    0.013440    0.033570    0.000000    0.000000    0.000000    0.000000    0.000000    0.000000
  -7.73258    3.410577    0.019507    0.006142    0.013365    0.034260    0.000000    0.000000    0.000000    0.000000    0.000000    0.000000
  -7.72658    3.460176    0.019494    0.006206    0.013289    0.034854    0.000000    0.000000    0.000000    0.000000    0.000000    0.000000
  -7.72057    3.503889    0.019464    0.006254    0.013210    0.035332    0.000000    0.000000    0.000000    0.000000    0.000000    0.000000
  -7.71457    3.539830    0.019410    0.006285    0.013125    0.035679    0.000000    0.000000    0.000000    0.000000    0.000000    0.000000
  -7.70857    3.566445    0.019328    0.006296    0.013032    0.035887    0.000000    0.000000    0.000000    0.000000    0.000000    0.000000
  -7.70257    3.582563    0.019220    0.006287    0.012933    0.035953    0.000000    0.000000    0.000000    0.000000    0.000000    0.000000
  -7.69657    3.587409    0.019086    0.006258    0.012828    0.035880    0.000000    0.000000    0.000000    0.000000    0.000000    0.000000
  -7.69056    3.580638    0.018933    0.006210    0.012723    0.035676    0.000000    0.000000    0.000000    0.000000    0.000000    0.000000
  -7.68456    3.562383    0.018771    0.006148    0.012623    0.035357    0.000000    0.000000    0.000000    0.000000    0.000000    0.000000
  -7.67856    3.533327    0.018614    0.006074    0.012539    0.034939    0.000000    0.000000    0.000000    0.000000    0.000000    0.000000
  -7.67256    3.494796    0.018478    0.005995    0.012483    0.034448    0.000000    0.000000    0.000000    0.000000    0.000000    0.000000
  -7.66656    3.448844    0.018388    0.005917    0.012470    0.033912    0.000000    0.000000    0.000000    0.000000    0.000000    0.000000
  -7.66055    3.398295    0.018368    0.005849    0.012519    0.033367    0.000000    0.000000    0.000000    0.000000    0.000000    0.000000
  -7.65455    3.346716    0.018450    0.005800    0.012650    0.032854    0.000000    0.000000    0.000000    0.000000    0.000000    0.000000
  -7.64855    3.298291    0.018664    0.005779    0.012885    0.032418    0.000000    0.000000    0.000000    0.000000    0.000000    0.000000
  -7.64255    3.257586    0.019042    0.005796    0.013246    0.032107    0.000000    0.000000    0.000000    0.000000    0.000000    0.000000
  -7.63655    3.229218    0.019614    0.005861    0.013754    0.031967    0.000000    0.000000    0.000000    0.000000    0.000000    0.000000
  -7.63054    3.217449    0.020405    0.005980    0.014425    0.032041    0.000000    0.000000    0.000000    0.000000    0.000000    0.000000
  -7.62454    3.225752    0.021429    0.006159    0.015270    0.032365    0.000000    0.000000    0.000000    0.000000    0.000000    0.000000
  -7.61854    3.256410    0.022691    0.006399    0.016292    0.032958    0.000000    0.000000    0.000000    0.000000    0.000000    0.000000
  -7.61254    3.310179    0.024183    0.006698    0.017484    0.033827    0.000000    0.000000    0.000000    0.000000    0.000000    0.000000
  -7.60654    3.386071    0.025881    0.007051    0.018830    0.034960    0.000000    0.000000    0.000000    0.000000    0.000000    0.000000
  -7.60053    3.481285    0.027745    0.007446    0.020299    0.036322    0.000000    0.000000    0.000000    0.000000    0.000000    0.000000
  -7.59453    3.591287    0.029723    0.007870    0.021853    0.037864    0.000000    0.000000    0.000000    0.000000    0.000000    0.000000
  -7.58853    3.710036    0.031747    0.008306    0.023442    0.039514    0.000000    0.000000    0.000000    0.000000    0.000000    0.000000
  -7.58253    3.830344    0.033740    0.008733    0.025007    0.041191    0.000000    0.000000    0.000000    0.000000    0.000000    0.000000
  -7.57653    3.944323    0.035618    0.009132    0.026487    0.042800    0.000000    0.000000    0.000000    0.000000    0.000000    0.000000
  -7.57052    4.043901    0.037295    0.009480    0.027814    0.044245    0.000000    0.000000    0.000000    0.000000    0.000000    0.000000
  -7.56452    4.121373    0.038685    0.009760    0.028926    0.045433    0.000000    0.000000    0.000000    0.000000    0.000000    0.000000
  -7.55852    4.169923    0.039715    0.009953    0.029762    0.046279    0.000000    0.000000    0.000000    0.000000    0.000000    0.000000
  -7.55252    4.184124    0.040320    0.010047    0.030274    0.046714    0.000000    0.000000    0.000000    0.000000    0.000000    0.000000
  -7.54652    4.160337    0.040457    0.010033    0.030424    0.046690    0.000000    0.000000    0.000000    0.000000    0.000000    0.000000
  -7.54051    4.096998    0.040102    0.009908    0.030195    0.046184    0.000000    0.000000    0.000000    0.000000    0.000000    0.000000
  -7.53451    3.994754    0.039258    0.009675    0.029583    0.045200    0.000000    0.000000    0.000000    0.000000    0.000000    0.000000
  -7.52851    3.856419    0.037949    0.009342    0.028606    0.043769    0.000000    0.000000    0.000000    0.000000    0.000000    0.000000
  -7.52251    3.686744    0.036224    0.008923    0.027301    0.041944    0.000000    0.000000    0.000000    0.000000    0.000000    0.000000
  -7.51651    3.492018    0.034154    0.008436    0.025718    0.039803    0.000000    0.000000    0.000000    0.000000    0.000000    0.000000
  -7.51050    3.279520    0.031820    0.007899    0.023921    0.037430    0.000000    0.000000    0.000000    0.000000    0.000000    0.000000
  -7.50450    3.056888    0.029314    0.007333    0.021980    0.034920    0.000000    0.000000    0.000000    0.000000    0.000000    0.000000
  -7.49850    2.831466    0.026726    0.006759    0.019967    0.032361    0.000000    0.000000    0.000000    0.000000    0.000000    0.000000
  -7.49250    2.609716    0.024142    0.006194    0.017949    0.029833    0.000000    0.000000    0.000000    0.000000    0.000000    0.000000
  -7.48650    2.396757    0.021637    0.005651    0.015985    0.027399    0.000000    0.000000    0.000000    0.000000    0.000000    0.000000
  -7.48049    2.196092    0.019266    0.005142    0.014124    0.025102    0.000000    0.000000    0.000000    0.000000    0.000000    0.000000
  -7.47449    2.009536    0.017070    0.004670    0.012400    0.022966    0.000000    0.000000    0.000000    0.000000    0.000000    0.000000
  -7.46849    1.837357    0.015071    0.004238    0.010832    0.020996    0.000000    0.000000    0.000000    0.000000    0.000000    0.000000
  -7.46249    1.678580    0.013273    0.003844    0.009429    0.019181    0.000000    0.000000    0.000000    0.000000    0.000000    0.000000
  -7.45649    1.531411    0.011670    0.003484    0.008186    0.017500    0.000000    0.000000    0.000000    0.000000    0.000000    0.000000
  -7.45048    1.393694    0.010246    0.003151    0.007095    0.015930    0.000000    0.000000    0.000000    0.000000    0.000000    0.000000
  -7.44448    1.263346    0.008980    0.002842    0.006139    0.014446    0.000000    0.000000    0.000000    0.000000    0.000000    0.000000
  -7.43848    1.138715    0.007851    0.002550    0.005301    0.013030    0.000000    0.000000    0.000000    0.000000    0.000000    0.000000
  -7.43248    1.018804    0.006841    0.002274    0.004567    0.011670    0.000000    0.000000    0.000000    0.000000    0.000000    0.000000
  -7.42648    0.903373    0.005934    0.002012    0.003922    0.010366    0.000000    0.000000    0.000000    0.000000    0.000000    0.000000
  -7.42047    0.792916    0.005122    0.001765    0.003357    0.009125    0.000000    0.000000    0.000000    0.000000    0.000000    0.000000
  -7.41447    0.688544    0.004401    0.001535    0.002866    0.007964    0.000000    0.000000    0.000000    0.000000    0.000000    0.000000
  -7.40847    0.591810    0.003774    0.001326    0.002448    0.006906    0.000000    0.000000    0.000000    0.000000    0.000000    0.000000
  -7.40247    0.504528    0.003246    0.001142    0.002104    0.005978    0.000000    0.000000    0.000000    0.000000    0.000000    0.000000
  -7.39647    0.428597    0.002830    0.000988    0.001842    0.005213    0.000000    0.000000    0.000000    0.000000    0.000000    0.000000
  -7.39046    0.365881    0.002538    0.000870    0.001668    0.004643    0.000000    0.000000    0.000000    0.000000    0.000000    0.000000
  -7.38446    0.318132    0.002389    0.000794    0.001595    0.004303    0.000000    0.000000    0.000000    0.000000    0.000000    0.000000
  -7.37846    0.286954    0.002402    0.000765    0.001636    0.004229    0.000000    0.000000    0.000000    0.000000    0.000000    0.000000
  -7.37246    0.273804    0.002597    0.000790    0.001807    0.004458    0.000000    0.000000    0.000000    0.000000    0.000000    0.000000
  -7.36646    0.279987    0.002998    0.000874    0.002124    0.005028    0.000000    0.000000    0.000000    0.000000    0.000000    0.000000
  -7.36045    0.306638    0.003628    0.001023    0.002605    0.005972    0.000000    0.000000    0.000000    0.000000    0.000000    0.000000
  -7.35445    0.354671    0.004508    0.001242    0.003266    0.007322    0.000000    0.000000    0.000000    0.000000    0.000000    0.000000
  -7.34845    0.424672    0.005654    0.001534    0.004121    0.009103    0.000000    0.000000    0.000000    0.000000    0.000000    0.000000
  -7.34245    0.516758    0.007078    0.001901    0.005177    0.011328    0.000000    0.000000    0.000000    0.000000    0.000000    0.000000
  -7.33645    0.630405    0.008779    0.002343    0.006437    0.013993    0.000000    0.000000    0.000000    0.000000    0.000000    0.000000
  -7.33044    0.764267    0.010746    0.002855    0.007890    0.017076    0.000000    0.000000    0.000000    0.000000    0.000000    0.000000
  -7.32444    0.916035    0.012949    0.003430    0.009519    0.020531    0.000000    0.000000    0.000000    0.000000    0.000000    0.000000
  -7.31844    1.082355    0.015346    0.004057    0.011290    0.024286    0.000000    0.000000    0.000000    0.000000    0.000000    0.000000
  -7.31244    1.258840    0.017876    0.004718    0.013158    0.028245    0.000000    0.000000    0.000000    0.000000    0.000000    0.000000
  -7.30644    1.440190    0.020465    0.005395    0.015070    0.032289    0.000000    0.000000    0.000000    0.000000    0.000000    0.000000
  -7.30043    1.620438    0.023025    0.006066    0.016959    0.036286    0.000000    0.000000    0.000000    0.000000    0.000000    0.000000
  -7.29443    1.793280    0.025467    0.006708    0.018760    0.040093    0.000000    0.000000    0.000000    0.000000    0.000000    0.000000
  -7.28843    1.952487    0.027700    0.007297    0.020403    0.043572    0.000000    0.000000    0.000000    0.000000    0.000000    0.000000
  -7.28243    2.092330    0.029641    0.007815    0.021827    0.046594    0.000000    0.000000    0.000000    0.000000    0.000000    0.000000
  -7.27643    2.207989    0.031220    0.008242    0.022978    0.049055    0.000000    0.000000    0.000000    0.000000    0.000000    0.000000
  -7.27042    2.295880    0.032386    0.008567    0.023819    0.050877    0.000000    0.000000    0.000000    0.000000    0.000000    0.000000
  -7.26442    2.353888    0.033110    0.008782    0.024328    0.052017    0.000000    0.000000    0.000000    0.000000    0.000000    0.000000
  -7.25842    2.381454    0.033389    0.008888    0.024501    0.052469    0.000000    0.000000    0.000000    0.000000    0.000000    0.000000
  -7.25242    2.379544    0.033240    0.008887    0.024353    0.052262    0.000000    0.000000    0.000000    0.000000    0.000000    0.000000
  -7.24642    2.350496    0.032705    0.008791    0.023914    0.051455    0.000000    0.000000    0.000000    0.000000    0.000000    0.000000
  -7.24041    2.297778    0.031841    0.008614    0.023227    0.050134    0.000000    0.000000    0.000000    0.000000    0.000000    0.000000
  -7.23441    2.225692    0.030718    0.008371    0.022347    0.048402    0.000000    0.000000    0.000000    0.000000    0.000000    0.000000
  -7.22841    2.139053    0.029413    0.008083    0.021330    0.046374    0.000000    0.000000    0.000000    0.000000    0.000000    0.000000
  -7.22241    2.042867    0.028006    0.007769    0.020237    0.044166    0.000000    0.000000    0.000000    0.000000    0.000000    0.000000
  -7.21641    1.942038    0.026572    0.007448    0.019124    0.041890    0.000000    0.000000    0.000000    0.000000    0.000000    0.000000
  -7.21040    1.841098    0.025179    0.007136    0.018043    0.039650    0.000000    0.000000    0.000000    0.000000    0.000000    0.000000
  -7.20440    1.743980    0.023885    0.006848    0.017036    0.037530    0.000000    0.000000    0.000000    0.000000    0.000000    0.000000
  -7.19840    1.653834    0.022731    0.006595    0.016136    0.035598    0.000000    0.000000    0.000000    0.000000    0.000000    0.000000
  -7.19240    1.572881    0.021745    0.006384    0.015362    0.033898    0.000000    0.000000    0.000000    0.000000    0.000000    0.000000
  -7.18640    1.502342    0.020937    0.006216    0.014721    0.032452    0.000000    0.000000    0.000000    0.000000    0.000000    0.000000
  -7.18039    1.442423    0.020299    0.006089    0.014210    0.031255    0.000000    0.000000    0.000000    0.000000    0.000000    0.000000
  -7.17439    1.392391    0.019810    0.005997    0.013813    0.030285    0.000000    0.000000    0.000000    0.000000    0.000000    0.000000
  -7.16839    1.350738    0.019439    0.005931    0.013507    0.029499    0.000000    0.000000    0.000000    0.000000    0.000000    0.000000
  -7.16239    1.315433    0.019144    0.005879    0.013266    0.028847    0.000000    0.000000    0.000000    0.000000    0.000000    0.000000
  -7.15639    1.284239    0.018885    0.005828    0.013058    0.028272    0.000000    0.000000    0.000000    0.000000    0.000000    0.000000
  -7.15038    1.255076    0.018624    0.005767    0.012858    0.027723    0.000000    0.000000    0.000000    0.000000    0.000000    0.000000
  -7.14438    1.226372    0.018333    0.005687    0.012646    0.027161    0.000000    0.000000    0.000000    0.000000    0.000000    0.000000
  -7.13838    1.197375    0.017997    0.005586    0.012412    0.026566    0.000000    0.000000    0.000000    0.000000    0.000000    0.000000
  -7.13238    1.168366    0.017620    0.005463    0.012157    0.025943    0.000000    0.000000    0.000000    0.000000    0.000000    0.000000
  -7.12638    1.140753    0.017222    0.005324    0.011898    0.025321    0.000000    0.000000    0.000000    0.000000    0.000000    0.000000
  -7.12037    1.117013    0.016842    0.005181    0.011660    0.024756    0.000000    0.000000    0.000000    0.000000    0.000000    0.000000
  -7.11437    1.100496    0.016531    0.005050    0.011481    0.024323    0.000000    0.000000    0.000000    0.000000    0.000000    0.000000
  -7.10837    1.095110    0.016353    0.004949    0.011404    0.024108    0.000000    0.000000    0.000000    0.000000    0.000000    0.000000
  -7.10237    1.104920    0.016371    0.004897    0.011474    0.024205    0.000000    0.000000    0.000000    0.000000    0.000000    0.000000
  -7.09637    1.133724    0.016646    0.004913    0.011733    0.024702    0.000000    0.000000    0.000000    0.000000    0.000000    0.000000
  -7.09036    1.184652    0.017230    0.005012    0.012217    0.025672    0.000000    0.000000    0.000000    0.000000    0.000000    0.000000
  -7.08436    1.259842    0.018160    0.005207    0.012952    0.027170    0.000000    0.000000    0.000000    0.000000    0.000000    0.000000
  -7.07836    1.360247    0.019457    0.005505    0.013951    0.029226    0.000000    0.000000    0.000000    0.000000    0.000000    0.000000
  -7.07236    1.485572    0.021124    0.005909    0.015215    0.031843    0.000000    0.000000    0.000000    0.000000    0.000000    0.000000
  -7.06636    1.634378    0.023146    0.006416    0.016730    0.035001    0.000000    0.000000    0.000000    0.000000    0.000000    0.000000
  -7.06035    1.804308    0.025496    0.007021    0.018475    0.038662    0.000000    0.000000    0.000000    0.000000    0.000000    0.000000
  -7.05435    1.992414    0.028138    0.007716    0.020422    0.042772    0.000000    0.000000    0.000000    0.000000    0.000000    0.000000
  -7.04835    2.195531    0.031032    0.008493    0.022538    0.047274    0.000000    0.000000    0.000000    0.000000    0.000000    0.000000
  -7.04235    2.410641    0.034137    0.009344    0.024793    0.052110    0.000000    0.000000    0.000000    0.000000    0.000000    0.000000
  -7.03635    2.635168    0.037420    0.010261    0.027159    0.057229    0.000000    0.000000    0.000000    0.000000    0.000000    0.000000
  -7.03034    2.867159    0.040851    0.011238    0.029614    0.062588    0.000000    0.000000    0.000000    0.000000    0.000000    0.000000
  -7.02434    3.105330    0.044408    0.012269    0.032139    0.068153    0.000000    0.000000    0.000000    0.000000    0.000000    0.000000
  -7.01834    3.348961    0.048071    0.013349    0.034723    0.073899    0.000000    0.000000    0.000000    0.000000    0.000000    0.000000
  -7.01234    3.597667    0.051824    0.014471    0.037354    0.079802    0.000000    0.000000    0.000000    0.000000    0.000000    0.000000
  -7.00634    3.851098    0.055646    0.015625    0.040020    0.085835    0.000000    0.000000    0.000000    0.000000    0.000000    0.000000
  -7.00033    4.108599    0.059507    0.016800    0.042707    0.091962    0.000000    0.000000    0.000000    0.000000    0.000000    0.000000
  -6.99433    4.368917    0.063369    0.017977    0.045392    0.098136    0.000000    0.000000    0.000000    0.000000    0.000000    0.000000
  -6.98833    4.630007    0.067180    0.019134    0.048046    0.104294    0.000000    0.000000    0.000000    0.000000    0.000000    0.000000
  -6.98233    4.888962    0.070881    0.020247    0.050635    0.110358    0.000000    0.000000    0.000000    0.000000    0.000000    0.000000
  -6.97633    5.142119    0.074404    0.021288    0.053116    0.116241    0.000000    0.000000    0.000000    0.000000    0.000000    0.000000
  -6.97032    5.385290    0.077678    0.022230    0.055447    0.121850    0.000000    0.000000    0.000000    0.000000    0.000000    0.000000
  -6.96432    5.614133    0.080640    0.023051    0.057589    0.127095    0.000000    0.000000    0.000000    0.000000    0.000000    0.000000
  -6.95832    5.824571    0.083239    0.023732    0.059507    0.131895    0.000000    0.000000    0.000000    0.000000    0.000000    0.000000
  -6.95232    6.013224    0.085441    0.024262    0.061179    0.136189    0.000000    0.000000    0.000000    0.000000    0.000000    0.000000
  -6.94632    6.177781    0.087235    0.024638    0.062597    0.139939    0.000000    0.000000    0.000000    0.000000    0.000000    0.000000
  -6.94031    6.317259    0.088633    0.024868    0.063765    0.143132    0.000000    0.000000    0.000000    0.000000    0.000000    0.000000
  -6.93431    6.432115    0.089671    0.024968    0.064702    0.145785    0.000000    0.000000    0.000000    0.000000    0.000000    0.000000
  -6.92831    6.524198    0.090400    0.024960    0.065440    0.147940    0.000000    0.000000    0.000000    0.000000    0.000000    0.000000
  -6.92231    6.596549    0.090885    0.024872    0.066013    0.149656    0.000000    0.000000    0.000000    0.000000    0.000000    0.000000
  -6.91631    6.653073    0.091195    0.024733    0.066462    0.151010    0.000000    0.000000    0.000000    0.000000    0.000000    0.000000
  -6.91030    6.698141    0.091392    0.024569    0.066823    0.152083    0.000000    0.000000    0.000000    0.000000    0.000000    0.000000
  -6.90430    6.736159    0.091527    0.024406    0.067121    0.152956    0.000000    0.000000    0.000000    0.000000    0.000000    0.000000
  -6.89830    6.771167    0.091633    0.024260    0.067373    0.153705    0.000000    0.000000    0.000000    0.000000    0.000000    0.000000
  -6.89230    6.806510    0.091722    0.024141    0.067582    0.154391    0.000000    0.000000    0.000000    0.000000    0.000000    0.000000
  -6.88630    6.844607    0.091785    0.024050    0.067735    0.155065    0.000000    0.000000    0.000000    0.000000    0.000000    0.000000
  -6.88029    6.886840    0.091791    0.023981    0.067810    0.155759    0.000000    0.000000    0.000000    0.000000    0.000000    0.000000
  -6.87429    6.933542    0.091700    0.023923    0.067778    0.156494    0.000000    0.000000    0.000000    0.000000    0.000000    0.000000
  -6.86829    6.984077    0.091462    0.023859    0.067604    0.157278    0.000000    0.000000    0.000000    0.000000    0.000000    0.000000
  -6.86229    7.036972    0.091030    0.023772    0.067258    0.158109    0.000000    0.000000    0.000000    0.000000    0.000000    0.000000
  -6.85629    7.090070    0.090361    0.023645    0.066716    0.158976    0.000000    0.000000    0.000000    0.000000    0.000000    0.000000
  -6.85028    7.140687    0.089429    0.023466    0.065963    0.159862    0.000000    0.000000    0.000000    0.000000    0.000000    0.000000
  -6.84428    7.185753    0.088225    0.023225    0.064999    0.160741    0.000000    0.000000    0.000000    0.000000    0.000000    0.000000
  -6.83828    7.221941    0.086756    0.022921    0.063835    0.161583    0.000000    0.000000    0.000000    0.000000    0.000000    0.000000
  -6.83228    7.245806    0.085050    0.022556    0.062495    0.162347    0.000000    0.000000    0.000000    0.000000    0.000000    0.000000
  -6.82628    7.253956    0.083151    0.022138    0.061013    0.162991    0.000000    0.000000    0.000000    0.000000    0.000000    0.000000
  -6.82027    7.243264    0.081114    0.021682    0.059432    0.163467    0.000000    0.000000    0.000000    0.000000    0.000000    0.000000
  -6.81427    7.211148    0.079006    0.021204    0.057801    0.163734    0.000000    0.000000    0.000000    0.000000    0.000000    0.000000
  -6.80827    7.155891    0.076901    0.020727    0.056174    0.163762    0.000000    0.000000    0.000000    0.000000    0.000000    0.000000
  -6.80227    7.076981    0.074877    0.020271    0.054606    0.163538    0.000000    0.000000    0.000000    0.000000    0.000000    0.000000
  -6.79627    6.975412    0.073016    0.019862    0.053155    0.163081    0.000000    0.000000    0.000000    0.000000    0.000000    0.000000
  -6.79026    6.853895    0.071405    0.019522    0.051882    0.162446    0.000000    0.000000    0.000000    0.000000    0.000000    0.000000
  -6.78426    6.716924    0.070128    0.019278    0.050850    0.161724    0.000000    0.000000    0.000000    0.000000    0.000000    0.000000
  -6.77826    6.570652    0.069272    0.019152    0.050119    0.161047    0.000000    0.000000    0.000000    0.000000    0.000000    0.000000
  -6.77226    6.422569    0.068917    0.019167    0.049750    0.160576    0.000000    0.000000    0.000000    0.000000    0.000000    0.000000
  -6.76626    6.281004    0.069137    0.019341    0.049796    0.160492    0.000000    0.000000    0.000000    0.000000    0.000000    0.000000
  -6.76025    6.154491    0.069990    0.019689    0.050301    0.160982    0.000000    0.000000    0.000000    0.000000    0.000000    0.000000
  -6.75425    6.051082    0.071515    0.020221    0.051294    0.162217    0.000000    0.000000    0.000000    0.000000    0.000000    0.000000
  -6.74825    5.977671    0.073727    0.020940    0.052786    0.164342    0.000000    0.000000    0.000000    0.000000    0.000000    0.000000
  -6.74225    5.939421    0.076607    0.021842    0.054765    0.167454    0.000000    0.000000    0.000000    0.000000    0.000000    0.000000
  -6.73625    5.939345    0.080107    0.022914    0.057193    0.171593    0.000000    0.000000    0.000000    0.000000    0.000000    0.000000
  -6.73024    5.978084    0.084146    0.024134    0.060012    0.176739    0.000000    0.000000    0.000000    0.000000    0.000000    0.000000
  -6.72424    6.053890    0.088611    0.025475    0.063136    0.182808    0.000000    0.000000    0.000000    0.000000    0.000000    0.000000
  -6.71824    6.162802    0.093364    0.026899    0.066465    0.189657    0.000000    0.000000    0.000000    0.000000    0.000000    0.000000
  -6.71224    6.298990    0.098250    0.028367    0.069883    0.197095    0.000000    0.000000    0.000000    0.000000    0.000000    0.000000
  -6.70624    6.455224    0.103102    0.029834    0.073268    0.204894    0.000000    0.000000    0.000000    0.000000    0.000000    0.000000
  -6.70023    6.623421    0.107755    0.031257    0.076498    0.212808    0.000000    0.000000    0.000000    0.000000    0.000000    0.000000
  -6.69423    6.795256    0.112049    0.032590    0.079459    0.220584    0.000000    0.000000    0.000000    0.000000    0.000000    0.000000
  -6.68823    6.962776    0.115842    0.033794    0.082048    0.227986    0.000000    0.000000    0.000000    0.000000    0.000000    0.000000
  -6.68223    7.119004    0.119016    0.034834    0.084183    0.234807    0.000000    0.000000    0.000000    0.000000    0.000000    0.000000
  -6.67623    7.258503    0.121485    0.035683    0.085802    0.240889    0.000000    0.000000    0.000000    0.000000    0.000000    0.000000
  -6.67022    7.377846    0.123199    0.036325    0.086874    0.246136    0.000000    0.000000    0.000000    0.000000    0.000000    0.000000
  -6.66422    7.475967    0.124148    0.036753    0.087395    0.250521    0.000000    0.000000    0.000000    0.000000    0.000000    0.000000
  -6.65822    7.554335    0.124364    0.036972    0.087391    0.254098    0.000000    0.000000    0.000000    0.000000    0.000000    0.000000
  -6.65222    7.616914    0.123923    0.037002    0.086921    0.256994    0.000000    0.000000    0.000000    0.000000    0.000000    0.000000
  -6.64622    7.669872    0.122943    0.036873    0.086070    0.259408    0.000000    0.000000    0.000000    0.000000    0.000000    0.000000
  -6.64021    7.721032    0.121573    0.036625    0.084948    0.261592    0.000000    0.000000    0.000000    0.000000    0.000000    0.000000
  -6.63421    7.779100    0.119991    0.036307    0.083684    0.263826    0.000000    0.000000    0.000000    0.000000    0.000000    0.000000
  -6.62821    7.852724    0.118391    0.035972    0.082419    0.266395    0.000000    0.000000    0.000000    0.000000    0.000000    0.000000
  -6.62221    7.949481    0.116967    0.035674    0.081293    0.269552    0.000000    0.000000    0.000000    0.000000    0.000000    0.000000
  -6.61621    8.074913    0.115898    0.035462    0.080436    0.273493    0.000000    0.000000    0.000000    0.000000    0.000000    0.000000
  -6.61020    8.231743    0.115336    0.035376    0.079959    0.278326    0.000000    0.000000    0.000000    0.000000    0.000000    0.000000
  -6.60420    8.419382    0.115388    0.035444    0.079944    0.284059    0.000000    0.000000    0.000000    0.000000    0.000000    0.000000
  -6.59820    8.633796    0.116112    0.035678    0.080434    0.290588    0.000000    0.000000    0.000000    0.000000    0.000000    0.000000
  -6.59220    8.867790    0.117502    0.036071    0.081432    0.297707    0.000000    0.000000    0.000000    0.000000    0.000000    0.000000
  -6.58620    9.111658    0.119499    0.036601    0.082898    0.305127    0.000000    0.000000    0.000000    0.000000    0.000000    0.000000
  -6.58019    9.354145    0.121989    0.037232    0.084757    0.312504    0.000000    0.000000    0.000000    0.000000    0.000000    0.000000
  -6.57419    9.583573    0.124817    0.037916    0.086901    0.319475    0.000000    0.000000    0.000000    0.000000    0.000000    0.000000
  -6.56819    9.789024    0.127803    0.038601    0.089202    0.325701    0.000000    0.000000    0.000000    0.000000    0.000000    0.000000
  -6.56219    9.961394    0.130758    0.039233    0.091525    0.330896    0.000000    0.000000    0.000000    0.000000    0.000000    0.000000
  -6.55619   10.094225    0.133505    0.039766    0.093739    0.334864    0.000000    0.000000    0.000000    0.000000    0.000000    0.000000
  -6.55018   10.184223    0.135890    0.040163    0.095727    0.337511    0.000000    0.000000    0.000000    0.000000    0.000000    0.000000
  -6.54418   10.231424    0.137800    0.040399    0.097401    0.338858    0.000000    0.000000    0.000000    0.000000    0.000000    0.000000
  -6.53818   10.239022    0.139169    0.040468    0.098700    0.339034    0.000000    0.000000    0.000000    0.000000    0.000000    0.000000
  -6.53218   10.212930    0.139979    0.040377    0.099603    0.338260    0.000000    0.000000    0.000000    0.000000    0.000000    0.000000
  -6.52618   10.161144    0.140263    0.040147    0.100116    0.336829    0.000000    0.000000    0.000000    0.000000    0.000000    0.000000
  -6.52017   10.093020    0.140091    0.039809    0.100282    0.335078    0.000000    0.000000    0.000000    0.000000    0.000000    0.000000
  -6.51417   10.018540    0.139568    0.039404    0.100164    0.333357    0.000000    0.000000    0.000000    0.000000    0.000000    0.000000
  -6.50817    9.947657    0.138815    0.038972    0.099843    0.332010    0.000000    0.000000    0.000000    0.000000    0.000000    0.000000
  -6.50217    9.889739    0.137963    0.038555    0.099409    0.331345    0.000000    0.000000    0.000000    0.000000    0.000000    0.000000
  -6.49617    9.853156    0.137140    0.038188    0.098953    0.331625    0.000000    0.000000    0.000000    0.000000    0.000000    0.000000
  -6.49016    9.844979    0.136460    0.037900    0.098561    0.333052    0.000000    0.000000    0.000000    0.000000    0.000000    0.000000
  -6.48416    9.870794    0.136021    0.037711    0.098310    0.335762    0.000000    0.000000    0.000000    0.000000    0.000000    0.000000
  -6.47816    9.934595    0.135898    0.037635    0.098264    0.339826    0.000000    0.000000    0.000000    0.000000    0.000000    0.000000
  -6.47216   10.038746    0.136145    0.037673    0.098471    0.345252    0.000000    0.000000    0.000000    0.000000    0.000000    0.000000
  -6.46616   10.184000    0.136792    0.037825    0.098967    0.351991    0.000000    0.000000    0.000000    0.000000    0.000000    0.000000
  -6.46015   10.369589    0.137853    0.038083    0.099770    0.359949    0.000000    0.000000    0.000000    0.000000    0.000000    0.000000
  -6.45415   10.593373    0.139329    0.038439    0.100890    0.368995    0.000000    0.000000    0.000000    0.000000    0.000000    0.000000
  -6.44815   10.852072    0.141210    0.038883    0.102327    0.378979    0.000000    0.000000    0.000000    0.000000    0.000000    0.000000
  -6.44215   11.141567    0.143478    0.039408    0.104070    0.389742    0.000000    0.000000    0.000000    0.000000    0.000000    0.000000
  -6.43615   11.457258    0.146115    0.040008    0.106107    0.401135    0.000000    0.000000    0.000000    0.000000    0.000000    0.000000
  -6.43014   11.794439    0.149103    0.040683    0.108420    0.413030    0.000000    0.000000    0.000000    0.000000    0.000000    0.000000
  -6.42414   12.148647    0.152421    0.041431    0.110990    0.425327    0.000000    0.000000    0.000000    0.000000    0.000000    0.000000
  -6.41814   12.515926    0.156047    0.042254    0.113793    0.437961    0.000000    0.000000    0.000000    0.000000    0.000000    0.000000
  -6.41214   12.892968    0.159957    0.043155    0.116802    0.450898    0.000000    0.000000    0.000000    0.000000    0.000000    0.000000
  -6.40614   13.277100    0.164116    0.044130    0.119986    0.464127    0.000000    0.000000    0.000000    0.000000    0.000000    0.000000
  -6.40013   13.666104    0.168479    0.045175    0.123303    0.477648    0.000000    0.000000    0.000000    0.000000    0.000000    0.000000
  -6.39413   14.057914    0.172982    0.046279    0.126704    0.491452    0.000000    0.000000    0.000000    0.000000    0.000000    0.000000
  -6.38813   14.450232    0.177547    0.047422    0.130125    0.505505    0.000000    0.000000    0.000000    0.000000    0.000000    0.000000
  -6.38213   14.840143    0.182074    0.048581    0.133493    0.519730    0.000000    0.000000    0.000000    0.000000    0.000000    0.000000
  -6.37613   15.223811    0.186449    0.049724    0.136725    0.533998    0.000000    0.000000    0.000000    0.000000    0.000000    0.000000
  -6.37012   15.596322    0.190549    0.050818    0.139731    0.548123    0.000000    0.000000    0.000000    0.000000    0.000000    0.000000
  -6.36412   15.951732    0.194251    0.051829    0.142422    0.561871    0.000000    0.000000    0.000000    0.000000    0.000000    0.000000
  -6.35812   16.283332    0.197443    0.052723    0.144719    0.574971    0.000000    0.000000    0.000000    0.000000    0.000000    0.000000
  -6.35212   16.584100    0.200036    0.053476    0.146559    0.587140    0.000000    0.000000    0.000000    0.000000    0.000000    0.000000
  -6.34612   16.847311    0.201977    0.054072    0.147905    0.598108    0.000000    0.000000    0.000000    0.000000    0.000000    0.000000
  -6.34011   17.067202    0.203259    0.054507    0.148752    0.607646    0.000000    0.000000    0.000000    0.000000    0.000000    0.000000
  -6.33411   17.239621    0.203924    0.054789    0.149135    0.615592    0.000000    0.000000    0.000000    0.000000    0.000000    0.000000
  -6.32811   17.362574    0.204068    0.054943    0.149124    0.621871    0.000000    0.000000    0.000000    0.000000    0.000000    0.000000
  -6.32211   17.436598    0.203837    0.055007    0.148830    0.626510    0.000000    0.000000    0.000000    0.000000    0.000000    0.000000
  -6.31611   17.464924    0.203419    0.055028    0.148392    0.629638    0.000000    0.000000    0.000000    0.000000    0.000000    0.000000
  -6.31010   17.453413    0.203036    0.055064    0.147972    0.631485    0.000000    0.000000    0.000000    0.000000    0.000000    0.000000
  -6.30410   17.410287    0.202926    0.055179    0.147747    0.632368    0.000000    0.000000    0.000000    0.000000    0.000000    0.000000
  -6.29810   17.345666    0.203330    0.055437    0.147893    0.632674    0.000000    0.000000    0.000000    0.000000    0.000000    0.000000
  -6.29210   17.270984    0.204478    0.055903    0.148575    0.632832    0.000000    0.000000    0.000000    0.000000    0.000000    0.000000
  -6.28610   17.198303    0.206573    0.056634    0.149939    0.633292    0.000000    0.000000    0.000000    0.000000    0.000000    0.000000
  -6.28009   17.139588    0.209781    0.057679    0.152101    0.634497    0.000000    0.000000    0.000000    0.000000    0.000000    0.000000
  -6.27409   17.105978    0.214217    0.059073    0.155143    0.636849    0.000000    0.000000    0.000000    0.000000    0.000000    0.000000
  -6.26809   17.107097    0.219941    0.060837    0.159104    0.640694    0.000000    0.000000    0.000000    0.000000    0.000000    0.000000
  -6.26209   17.150429    0.226951    0.062972    0.163979    0.646288    0.000000    0.000000    0.000000    0.000000    0.000000    0.000000
  -6.25609   17.240816    0.235183    0.065462    0.169722    0.653784    0.000000    0.000000    0.000000    0.000000    0.000000    0.000000
  -6.25008   17.380094    0.244510    0.068268    0.176242    0.663212    0.000000    0.000000    0.000000    0.000000    0.000000    0.000000
  -6.24408   17.566926    0.254748    0.071335    0.183414    0.674481    0.000000    0.000000    0.000000    0.000000    0.000000    0.000000
  -6.23808   17.796840    0.265667    0.074588    0.191078    0.687373    0.000000    0.000000    0.000000    0.000000    0.000000    0.000000
  -6.23208   18.062502    0.277000    0.077943    0.199057    0.701559    0.000000    0.000000    0.000000    0.000000    0.000000    0.000000
  -6.22608   18.354205    0.288464    0.081304    0.207160    0.716620    0.000000    0.000000    0.000000    0.000000    0.000000    0.000000
  -6.22007   18.660560    0.299774    0.084575    0.215200    0.732078    0.000000    0.000000    0.000000    0.000000    0.000000    0.000000
  -6.21407   18.969325    0.310667    0.087665    0.223002    0.747431    0.000000    0.000000    0.000000    0.000000    0.000000    0.000000
  -6.20807   19.268297    0.320917    0.090497    0.230420    0.762196    0.000000    0.000000    0.000000    0.000000    0.000000    0.000000
  -6.20207   19.546215    0.330352    0.093009    0.237343    0.775947    0.000000    0.000000    0.000000    0.000000    0.000000    0.000000
  -6.19607   19.793552    0.338869    0.095163    0.243706    0.788352    0.000000    0.000000    0.000000    0.000000    0.000000    0.000000
  -6.19006   20.003163    0.346439    0.096948    0.249491    0.799201    0.000000    0.000000    0.000000    0.000000    0.000000    0.000000
  -6.18406   20.170708    0.353110    0.098379    0.254730    0.808423    0.000000    0.000000    0.000000    0.000000    0.000000    0.000000
  -6.17806   20.294831    0.358999    0.099498    0.259501    0.816093    0.000000    0.000000    0.000000    0.000000    0.000000    0.000000
  -6.17206   20.377082    0.364287    0.100368    0.263919    0.822422    0.000000    0.000000    0.000000    0.000000    0.000000    0.000000
  -6.16606   20.421599    0.369197    0.101069    0.268128    0.827741    0.000000    0.000000    0.000000    0.000000    0.000000    0.000000
  -6.16005   20.434581    0.373982    0.101694    0.272288    0.832466    0.000000    0.000000    0.000000    0.000000    0.000000    0.000000
  -6.15405   20.423608    0.378901    0.102338    0.276563    0.837061    0.000000    0.000000    0.000000    0.000000    0.000000    0.000000
  -6.14805   20.396875    0.384197    0.103095    0.281102    0.841999    0.000000    0.000000    0.000000    0.000000    0.000000    0.000000
  -6.14205   20.362404    0.390078    0.104046    0.286032    0.847713    0.000000    0.000000    0.000000    0.000000    0.000000    0.000000
  -6.13605   20.327320    0.396701    0.105260    0.291442    0.854559    0.000000    0.000000    0.000000    0.000000    0.000000    0.000000
  -6.13004   20.297254    0.404156    0.106781    0.297375    0.862783    0.000000    0.000000    0.000000    0.000000    0.000000    0.000000
  -6.12404   20.275929    0.412459    0.108633    0.303827    0.872497    0.000000    0.000000    0.000000    0.000000    0.000000    0.000000
  -6.11804   20.264975    0.421551    0.110813    0.310738    0.883672    0.000000    0.000000    0.000000    0.000000    0.000000    0.000000
  -6.11204   20.263981    0.431298    0.113295    0.318002    0.896133    0.000000    0.000000    0.000000    0.000000    0.000000    0.000000
  -6.10604   20.270763    0.441506    0.116030    0.325476    0.909580    0.000000    0.000000    0.000000    0.000000    0.000000    0.000000
  -6.10003   20.281821    0.451934    0.118948    0.332986    0.923612    0.000000    0.000000    0.000000    0.000000    0.000000    0.000000
  -6.09403   20.292918    0.462314    0.121967    0.340347    0.937755    0.000000    0.000000    0.000000    0.000000    0.000000    0.000000
  -6.08803   20.299706    0.472368    0.124994    0.347374    0.951506    0.000000    0.000000    0.000000    0.000000    0.000000    0.000000
  -6.08203   20.298344    0.481834    0.127933    0.353901    0.964365    0.000000    0.000000    0.000000    0.000000    0.000000    0.000000
  -6.07603   20.286026    0.490483    0.130689    0.359793    0.975875    0.000000    0.000000    0.000000    0.000000    0.000000    0.000000
  -6.07002   20.261407    0.498131    0.133176    0.364955    0.985657    0.000000    0.000000    0.000000    0.000000    0.000000    0.000000
  -6.06402   20.224882    0.504654    0.135318    0.369336    0.993433    0.000000    0.000000    0.000000    0.000000    0.000000    0.000000
  -6.05802   20.178725    0.509993    0.137060    0.372933    0.999049    0.000000    0.000000    0.000000    0.000000    0.000000    0.000000
  -6.05202   20.127109    0.514154    0.138365    0.375788    1.002494    0.000000    0.000000    0.000000    0.000000    0.000000    0.000000
  -6.04602   20.075996    0.517206    0.139224    0.377982    1.003903    0.000000    0.000000    0.000000    0.000000    0.000000    0.000000
  -6.04001   20.032941    0.519277    0.139652    0.379626    1.003562    0.000000    0.000000    0.000000    0.000000    0.000000    0.000000
  -6.03401   20.006791    0.520543    0.139689    0.380854    1.001894    0.000000    0.000000    0.000000    0.000000    0.000000    0.000000
  -6.02801   20.007303    0.521219    0.139404    0.381815    0.999449    0.000000    0.000000    0.000000    0.000000    0.000000    0.000000
  -6.02201   20.044668    0.521549    0.138883    0.382666    0.996875    0.000000    0.000000    0.000000    0.000000    0.000000    0.000000
  -6.01601   20.128956    0.521795    0.138233    0.383562    0.994879    0.000000    0.000000    0.000000    0.000000    0.000000    0.000000
  -6.01000   20.269493    0.522221    0.137567    0.384653    0.994191    0.000000    0.000000    0.000000    0.000000    0.000000    0.000000
  -6.00400   20.474206    0.523085    0.137006    0.386079    0.995509    0.000000    0.000000    0.000000    0.000000    0.000000    0.000000
  -5.99800   20.748977    0.524623    0.136660    0.387963    0.999456    0.000000    0.000000    0.000000    0.000000    0.000000    0.000000
  -5.99200   21.097076    0.527038    0.136629    0.390409    1.006525    0.000000    0.000000    0.000000    0.000000    0.000000    0.000000
  -5.98600   21.518728    0.530490    0.136991    0.393498    1.017046    0.000000    0.000000    0.000000    0.000000    0.000000    0.000000
  -5.97999   22.010877    0.535082    0.137801    0.397281    1.031155    0.000000    0.000000    0.000000    0.000000    0.000000    0.000000
  -5.97399   22.567195    0.540859    0.139080    0.401779    1.048779    0.000000    0.000000    0.000000    0.000000    0.000000    0.000000
  -5.96799   23.178351    0.547800    0.140822    0.406977    1.069645    0.000000    0.000000    0.000000    0.000000    0.000000    0.000000
  -5.96199   23.832533    0.555822    0.142991    0.412831    1.093296    0.000000    0.000000    0.000000    0.000000    0.000000    0.000000
  -5.95599   24.516165    0.564784    0.145523    0.419261    1.119127    0.000000    0.000000    0.000000    0.000000    0.000000    0.000000
  -5.94998   25.214765    0.574501    0.148337    0.426163    1.146432    0.000000    0.000000    0.000000    0.000000    0.000000    0.000000
  -5.94398   25.913838    0.584752    0.151337    0.433415    1.174452    0.000000    0.000000    0.000000    0.000000    0.000000    0.000000
  -5.93798   26.599705    0.595307    0.154421    0.440886    1.202432    0.000000    0.000000    0.000000    0.000000    0.000000    0.000000
  -5.93198   27.260193    0.605933    0.157488    0.448445    1.229664    0.000000    0.000000    0.000000    0.000000    0.000000    0.000000
  -5.92598   27.885090    0.616426    0.160448    0.455978    1.255528    0.000000    0.000000    0.000000    0.000000    0.000000    0.000000
  -5.91997   28.466357    0.626614    0.163222    0.463392    1.279514    0.000000    0.000000    0.000000    0.000000    0.000000    0.000000
  -5.91397   28.998085    0.636379    0.165752    0.470627    1.301241    0.000000    0.000000    0.000000    0.000000    0.000000    0.000000
  -5.90797   29.476236    0.645659    0.167999    0.477659    1.320454    0.000000    0.000000    0.000000    0.000000    0.000000    0.000000
  -5.90197   29.898247    0.654448    0.169946    0.484502    1.337016    0.000000    0.000000    0.000000    0.000000    0.000000    0.000000
  -5.89597   30.262588    0.662796    0.171593    0.491203    1.350891    0.000000    0.000000    0.000000    0.000000    0.000000    0.000000
  -5.88996   30.568360    0.670795    0.172961    0.497835    1.362124    0.000000    0.000000    0.000000    0.000000    0.000000    0.000000
  -5.88396   30.815019    0.678568    0.174079    0.504489    1.370823    0.000000    0.000000    0.000000    0.000000    0.000000    0.000000
  -5.87796   31.002278    0.686253    0.174990    0.511263    1.377143    0.000000    0.000000    0.000000    0.000000    0.000000    0.000000
  -5.87196   31.130198    0.693990    0.175737    0.518252    1.381268    0.000000    0.000000    0.000000    0.000000    0.000000    0.000000
  -5.86596   31.199444    0.701905    0.176369    0.525536    1.383414    0.000000    0.000000    0.000000    0.000000    0.000000    0.000000
  -5.85995   31.211649    0.710107    0.176932    0.533175    1.383818    0.000000    0.000000    0.000000    0.000000    0.000000    0.000000
  -5.85395   31.169804    0.718678    0.177470    0.541208    1.382746    0.000000    0.000000    0.000000    0.000000    0.000000    0.000000
  -5.84795   31.078565    0.727673    0.178025    0.549648    1.380491    0.000000    0.000000    0.000000    0.000000    0.000000    0.000000
  -5.84195   30.944427    0.737128    0.178638    0.558490    1.377374    0.000000    0.000000    0.000000    0.000000    0.000000    0.000000
  -5.83595   30.775668    0.747063    0.179349    0.567714    1.373742    0.000000    0.000000    0.000000    0.000000    0.000000    0.000000
  -5.82994   30.582071    0.757492    0.180201    0.577291    1.369961    0.000000    0.000000    0.000000    0.000000    0.000000    0.000000
  -5.82394   30.374428    0.768430    0.181239    0.587191    1.366405    0.000000    0.000000    0.000000    0.000000    0.000000    0.000000
  -5.81794   30.163873    0.779900    0.182511    0.597389    1.363440    0.000000    0.000000    0.000000    0.000000    0.000000    0.000000
  -5.81194   29.961140    0.791936    0.184071    0.607865    1.361411    0.000000    0.000000    0.000000    0.000000    0.000000    0.000000
  -5.80594   29.775826    0.804588    0.185971    0.618617    1.360622    0.000000    0.000000    0.000000    0.000000    0.000000    0.000000
  -5.79993   29.615758    0.817916    0.188266    0.629650    1.361326    0.000000    0.000000    0.000000    0.000000    0.000000    0.000000
  -5.79393   29.486542    0.831990    0.191007    0.640983    1.363714    0.000000    0.000000    0.000000    0.000000    0.000000    0.000000
  -5.78793   29.391330    0.846882    0.194237    0.652645    1.367907    0.000000    0.000000    0.000000    0.000000    0.000000    0.000000
  -5.78193   29.330828    0.862654    0.197989    0.664666    1.373960    0.000000    0.000000    0.000000    0.000000    0.000000    0.000000
  -5.77593   29.303537    0.879354    0.202277    0.677077    1.381864    0.000000    0.000000    0.000000    0.000000    0.000000    0.000000
  -5.76992   29.306159    0.897003    0.207099    0.689904    1.391551    0.000000    0.000000    0.000000    0.000000    0.000000    0.000000
  -5.76392   29.334121    0.915590    0.212430    0.703160    1.402905    0.000000    0.000000    0.000000    0.000000    0.000000    0.000000
  -5.75792   29.382146    0.935064    0.218222    0.716842    1.415767    0.000000    0.000000    0.000000    0.000000    0.000000    0.000000
  -5.75192   29.444782    0.955331    0.224404    0.730927    1.429948    0.000000    0.000000    0.000000    0.000000    0.000000    0.000000
  -5.74592   29.516851    0.976254    0.230882    0.745371    1.445230    0.000000    0.000000    0.000000    0.000000    0.000000    0.000000
  -5.73991   29.593753    0.997658    0.237547    0.760111    1.461371    0.000000    0.000000    0.000000    0.000000    0.000000    0.000000
  -5.73391   29.671617    1.019334    0.244271    0.775062    1.478105    0.000000    0.000000    0.000000    0.000000    0.000000    0.000000
  -5.72791   29.747296    1.041043    0.250920    0.790123    1.495147    0.000000    0.000000    0.000000    0.000000    0.000000    0.000000
  -5.72191   29.818230    1.062531    0.257354    0.805178    1.512187    0.000000    0.000000    0.000000    0.000000    0.000000    0.000000
  -5.71591   29.882212    1.083533    0.263432    0.820101    1.528891    0.000000    0.000000    0.000000    0.000000    0.000000    0.000000
  -5.70990   29.937126    1.103783    0.269022    0.834761    1.544911    0.000000    0.000000    0.000000    0.000000    0.000000    0.000000
  -5.70390   29.980710    1.123021    0.274000    0.849022    1.559883    0.000000    0.000000    0.000000    0.000000    0.000000    0.000000
  -5.69790   30.010395    1.141009    0.278259    0.862750    1.573451    0.000000    0.000000    0.000000    0.000000    0.000000    0.000000
  -5.69190   30.023274    1.157536    0.281714    0.875822    1.585279    0.000000    0.000000    0.000000    0.000000    0.000000    0.000000
  -5.68590   30.016212    1.172431    0.284305    0.888127    1.595081    0.000000    0.000000    0.000000    0.000000    0.000000    0.000000
  -5.67989   29.986105    1.185582    0.286001    0.899582    1.602645    0.000000    0.000000    0.000000    0.000000    0.000000    0.000000
  -5.67389   29.930244    1.196946    0.286807    0.910139    1.607863    0.000000    0.000000    0.000000    0.000000    0.000000    0.000000
  -5.66789   29.846738    1.206564    0.286764    0.919800    1.610758    0.000000    0.000000    0.000000    0.000000    0.000000    0.000000
  -5.66189   29.734930    1.214570    0.285950    0.928619    1.611496    0.000000    0.000000    0.000000    0.000000    0.000000    0.000000
  -5.65589   29.595725    1.221196    0.284483    0.936713    1.610395    0.000000    0.000000    0.000000    0.000000    0.000000    0.000000
  -5.64988   29.431773    1.226770    0.282512    0.944258    1.607916    0.000000    0.000000    0.000000    0.000000    0.000000    0.000000
  -5.64388   29.247449    1.231697    0.280215    0.951482    1.604636    0.000000    0.000000    0.000000    0.000000    0.000000    0.000000
  -5.63788   29.048624    1.236440    0.277785    0.958655    1.601213    0.000000    0.000000    0.000000    0.000000    0.000000    0.000000
  -5.63188   28.842226    1.241486    0.275425    0.966061    1.598332    0.000000    0.000000    0.000000    0.000000    0.000000    0.000000
  -5.62588   28.635621    1.247307    0.273329    0.973978    1.596651    0.000000    0.000000    0.000000    0.000000    0.000000    0.000000
  -5.61987   28.435904    1.254320    0.271671    0.982649    1.596742    0.000000    0.000000    0.000000    0.000000    0.000000    0.000000
  -5.61387   28.249140    1.262845    0.270592    0.992253    1.599035    0.000000    0.000000    0.000000    0.000000    0.000000    0.000000
  -5.60787   28.079675    1.273072    0.270189    1.002882    1.603772    0.000000    0.000000    0.000000    0.000000    0.000000    0.000000
  -5.60187   27.929578    1.285033    0.270507    1.014526    1.610981    0.000000    0.000000    0.000000    0.000000    0.000000    0.000000
  -5.59587   27.798284    1.298593    0.271531    1.027062    1.620458    0.000000    0.000000    0.000000    0.000000    0.000000    0.000000
  -5.58986   27.682507    1.313451    0.273193    1.040258    1.631777    0.000000    0.000000    0.000000    0.000000    0.000000    0.000000
  -5.58386   27.576426    1.329156    0.275368    1.053787    1.644319    0.000000    0.000000    0.000000    0.000000    0.000000    0.000000
  -5.57786   27.472159    1.345144    0.277893    1.067251    1.657312    0.000000    0.000000    0.000000    0.000000    0.000000    0.000000
  -5.57186   27.360485    1.360783    0.280570    1.080213    1.669899    0.000000    0.000000    0.000000    0.000000    0.000000    0.000000
  -5.56586   27.231756    1.375430    0.283189    1.092241    1.681207    0.000000    0.000000    0.000000    0.000000    0.000000    0.000000
  -5.55985   27.076915    1.388487    0.285544    1.102943    1.690423    0.000000    0.000000    0.000000    0.000000    0.000000    0.000000
  -5.55385   26.888513    1.399462    0.287451    1.112011    1.696870    0.000000    0.000000    0.000000    0.000000    0.000000    0.000000
  -5.54785   26.661607    1.408013    0.288761    1.119252    1.700072    0.000000    0.000000    0.000000    0.000000    0.000000    0.000000
  -5.54185   26.394454    1.413981    0.289379    1.124603    1.699798    0.000000    0.000000    0.000000    0.000000    0.000000    0.000000
  -5.53585   26.088886    1.417404    0.289265    1.128139    1.696090    0.000000    0.000000    0.000000    0.000000    0.000000    0.000000
  -5.52984   25.750330    1.418503    0.288441    1.130062    1.689259    0.000000    0.000000    0.000000    0.000000    0.000000    0.000000
  -5.52384   25.387458    1.417657    0.286986    1.130670    1.679862    0.000000    0.000000    0.000000    0.000000    0.000000    0.000000
  -5.51784   25.011504    1.415353    0.285028    1.130324    1.668648    0.000000    0.000000    0.000000    0.000000    0.000000    0.000000
  -5.51184   24.635320    1.412133    0.282730    1.129403    1.656498    0.000000    0.000000    0.000000    0.000000    0.000000    0.000000
  -5.50584   24.272298    1.408539    0.280275    1.128264    1.644345    0.000000    0.000000    0.000000    0.000000    0.000000    0.000000
  -5.49983   23.935281    1.405066    0.277850    1.127216    1.633104    0.000000    0.000000    0.000000    0.000000    0.000000    0.000000
  -5.49383   23.635583    1.402130    0.275633    1.126497    1.623609    0.000000    0.000000    0.000000    0.000000    0.000000    0.000000
  -5.48783   23.382235    1.400061    0.273781    1.126280    1.616564    0.000000    0.000000    0.000000    0.000000    0.000000    0.000000
  -5.48183   23.181513    1.399108    0.272423    1.126685    1.612519    0.000000    0.000000    0.000000    0.000000    0.000000    0.000000
  -5.47583   23.036768    1.399472    0.271656    1.127816    1.611855    0.000000    0.000000    0.000000    0.000000    0.000000    0.000000
  -5.46982   22.948533    1.401335    0.271546    1.129789    1.614796    0.000000    0.000000    0.000000    0.000000    0.000000    0.000000
  -5.46382   22.914842    1.404900    0.272128    1.132772    1.621422    0.000000    0.000000    0.000000    0.000000    0.000000    0.000000
  -5.45782   22.931672    1.410419    0.273413    1.137005    1.631690    0.000000    0.000000    0.000000    0.000000    0.000000    0.000000
  -5.45182   22.993422    1.418198    0.275392    1.142806    1.645449    0.000000    0.000000    0.000000    0.000000    0.000000    0.000000
  -5.44582   23.093353    1.428589    0.278032    1.150557    1.662448    0.000000    0.000000    0.000000    0.000000    0.000000    0.000000
  -5.43981   23.223943    1.441956    0.281282    1.160673    1.682337    0.000000    0.000000    0.000000    0.000000    0.000000    0.000000
  -5.43381   23.377137    1.458624    0.285072    1.173552    1.704656    0.000000    0.000000    0.000000    0.000000    0.000000    0.000000
  -5.42781   23.544516    1.478818    0.289304    1.189514    1.728825    0.000000    0.000000    0.000000    0.000000    0.000000    0.000000
  -5.42181   23.717428    1.502607    0.293859    1.208748    1.754142    0.000000    0.000000    0.000000    0.000000    0.000000    0.000000
  -5.41581   23.887125    1.529855    0.298591    1.231264    1.779781    0.000000    0.000000    0.000000    0.000000    0.000000    0.000000
  -5.40980   24.044967    1.560194    0.303329    1.256865    1.804817    0.000000    0.000000    0.000000    0.000000    0.000000    0.000000
  -5.40380   24.182714    1.593025    0.307885    1.285140    1.828259    0.000000    0.000000    0.000000    0.000000    0.000000    0.000000
  -5.39780   24.292915    1.627546    0.312063    1.315484    1.849108    0.000000    0.000000    0.000000    0.000000    0.000000    0.000000
  -5.39180   24.369378    1.662809    0.315667    1.347142    1.866425    0.000000    0.000000    0.000000    0.000000    0.000000    0.000000
  -5.38580   24.407654    1.697789    0.318522    1.379267    1.879406    0.000000    0.000000    0.000000    0.000000    0.000000    0.000000
  -5.37979   24.405497    1.731475    0.320482    1.410993    1.887456    0.000000    0.000000    0.000000    0.000000    0.000000    0.000000
  -5.37379   24.363203    1.762955    0.321451    1.441504    1.890250    0.000000    0.000000    0.000000    0.000000    0.000000    0.000000
  -5.36779   24.283795    1.791492    0.321387    1.470105    1.887780    0.000000    0.000000    0.000000    0.000000    0.000000    0.000000
  -5.36179   24.172994    1.816595    0.320314    1.496281    1.880371    0.000000    0.000000    0.000000    0.000000    0.000000    0.000000
  -5.35579   24.038969    1.838053    0.318318    1.519735    1.868674    0.000000    0.000000    0.000000    0.000000    0.000000    0.000000
  -5.34978   23.891871    1.855965    0.315549    1.540416    1.853637    0.000000    0.000000    0.000000    0.000000    0.000000    0.000000
  -5.34378   23.743190    1.870735    0.312208    1.558527    1.836439    0.000000    0.000000    0.000000    0.000000    0.000000    0.000000
  -5.33778   23.604989    1.883047    0.308533    1.574514    1.818422    0.000000    0.000000    0.000000    0.000000    0.000000    0.000000
  -5.33178   23.489070    1.893826    0.304787    1.589039    1.800997    0.000000    0.000000    0.000000    0.000000    0.000000    0.000000
  -5.32578   23.406157    1.904177    0.301236    1.602941    1.785550    0.000000    0.000000    0.000000    0.000000    0.000000    0.000000
  -5.31977   23.365145    1.915310    0.298135    1.617175    1.773357    0.000000    0.000000    0.000000    0.000000    0.000000    0.000000
  -5.31377   23.372496    1.928464    0.295710    1.632754    1.765494    0.000000    0.000000    0.000000    0.000000    0.000000    0.000000
  -5.30777   23.431813    1.944812    0.294147    1.650665    1.762774    0.000000    0.000000    0.000000    0.000000    0.000000    0.000000
  -5.30177   23.543640    1.965377    0.293582    1.671795    1.765698    0.000000    0.000000    0.000000    0.000000    0.000000    0.000000
  -5.29577   23.705505    1.990948    0.294094    1.696854    1.774431    0.000000    0.000000    0.000000    0.000000    0.000000    0.000000
  -5.28976   23.912197    2.022014    0.295705    1.726309    1.788799    0.000000    0.000000    0.000000    0.000000    0.000000    0.000000
  -5.28376   24.156263    2.058720    0.298384    1.760336    1.808319    0.000000    0.000000    0.000000    0.000000    0.000000    0.000000
  -5.27776   24.428675    2.100843    0.302049    1.798794    1.832240    0.000000    0.000000    0.000000    0.000000    0.000000    0.000000
  -5.27176   24.719616    2.147809    0.306580    1.841230    1.859613    0.000000    0.000000    0.000000    0.000000    0.000000    0.000000
  -5.26576   25.019296    2.198734    0.311823    1.886911    1.889369    0.000000    0.000000    0.000000    0.000000    0.000000    0.000000
  -5.25975   25.318729    2.252493    0.317610    1.934883    1.920401    0.000000    0.000000    0.000000    0.000000    0.000000    0.000000
  -5.25375   25.610400    2.307812    0.323760    1.984052    1.951644    0.000000    0.000000    0.000000    0.000000    0.000000    0.000000
  -5.24775   25.888746    2.363368    0.330098    2.033269    1.982149    0.000000    0.000000    0.000000    0.000000    0.000000    0.000000
  -5.24175   26.150426    2.417886    0.336460    2.081426    2.011136    0.000000    0.000000    0.000000    0.000000    0.000000    0.000000
  -5.23575   26.394363    2.470227    0.342700    2.127527    2.038031    0.000000    0.000000    0.000000    0.000000    0.000000    0.000000
  -5.22974   26.621560    2.519449    0.348694    2.170755    2.062477    0.000000    0.000000    0.000000    0.000000    0.000000    0.000000
  -5.22374   26.834746    2.564850    0.354347    2.210504    2.084334    0.000000    0.000000    0.000000    0.000000    0.000000    0.000000
  -5.21774   27.037879    2.605973    0.359587    2.246386    2.103646    0.000000    0.000000    0.000000    0.000000    0.000000    0.000000
  -5.21174   27.235596    2.642592    0.364369    2.278223    2.120612    0.000000    0.000000    0.000000    0.000000    0.000000    0.000000
  -5.20574   27.432646    2.674679    0.368669    2.306010    2.135535    0.000000    0.000000    0.000000    0.000000    0.000000    0.000000
  -5.19973   27.633375    2.702360    0.372481    2.329879    2.148781    0.000000    0.000000    0.000000    0.000000    0.000000    0.000000
  -5.19373   27.841304    2.725872    0.375817    2.350055    2.160731    0.000000    0.000000    0.000000    0.000000    0.000000    0.000000
  -5.18773   28.058825    2.745525    0.378698    2.366826    2.171757    0.000000    0.000000    0.000000    0.000000    0.000000    0.000000
  -5.18173   28.287037    2.761677    0.381160    2.380517    2.182186    0.000000    0.000000    0.000000    0.000000    0.000000    0.000000
  -5.17573   28.525705    2.774730    0.383247    2.391483    2.192301    0.000000    0.000000    0.000000    0.000000    0.000000    0.000000
  -5.16972   28.773355    2.785132    0.385016    2.400116    2.202331    0.000000    0.000000    0.000000    0.000000    0.000000    0.000000
  -5.16372   29.027463    2.793388    0.386535    2.406853    2.212464    0.000000    0.000000    0.000000    0.000000    0.000000    0.000000
  -5.15772   29.284721    2.800081    0.387888    2.412193    2.222860    0.000000    0.000000    0.000000    0.000000    0.000000    0.000000
  -5.15172   29.541333    2.805871    0.389172    2.416699    2.233669    0.000000    0.000000    0.000000    0.000000    0.000000    0.000000
  -5.14572   29.793316    2.811493    0.390495    2.420997    2.245038    0.000000    0.000000    0.000000    0.000000    0.000000    0.000000
  -5.13971   30.036759    2.817722    0.391976    2.425746    2.257124    0.000000    0.000000    0.000000    0.000000    0.000000    0.000000
  -5.13371   30.268016    2.825328    0.393732    2.431596    2.270087    0.000000    0.000000    0.000000    0.000000    0.000000    0.000000
  -5.12771   30.483807    2.835003    0.395873    2.439130    2.284081    0.000000    0.000000    0.000000    0.000000    0.000000    0.000000
  -5.12171   30.681235    2.847280    0.398489    2.448792    2.299227    0.000000    0.000000    0.000000    0.000000    0.000000    0.000000
  -5.11571   30.857734    2.862454    0.401638    2.460816    2.315588    0.000000    0.000000    0.000000    0.000000    0.000000    0.000000
  -5.10970   31.010975    2.880510    0.405336    2.475174    2.333137    0.000000    0.000000    0.000000    0.000000    0.000000    0.000000
  -5.10370   31.138780    2.901084    0.409551    2.491534    2.351732    0.000000    0.000000    0.000000    0.000000    0.000000    0.000000
  -5.09770   31.239086    2.923457    0.414197    2.509260    2.371101    0.000000    0.000000    0.000000    0.000000    0.000000    0.000000
  -5.09170   31.309988    2.946590    0.419143    2.527447    2.390839    0.000000    0.000000    0.000000    0.000000    0.000000    0.000000
  -5.08570   31.349885    2.969205    0.424219    2.544986    2.410426    0.000000    0.000000    0.000000    0.000000    0.000000    0.000000
  -5.07969   31.357716    2.989899    0.429232    2.560667    2.429259    0.000000    0.000000    0.000000    0.000000    0.000000    0.000000
  -5.07369   31.333256    3.007285    0.433986    2.573299    2.446703    0.000000    0.000000    0.000000    0.000000    0.000000    0.000000
  -5.06769   31.277415    3.020134    0.438300    2.581833    2.462149    0.000000    0.000000    0.000000    0.000000    0.000000    0.000000
  -5.06169   31.192492    3.027510    0.442034    2.585476    2.475071    0.000000    0.000000    0.000000    0.000000    0.000000    0.000000
  -5.05569   31.082308    3.028874    0.445096    2.583778    2.485088    0.000000    0.000000    0.000000    0.000000    0.000000    0.000000
  -5.04968   30.952192    3.024144    0.447459    2.576684    2.492002    0.000000    0.000000    0.000000    0.000000    0.000000    0.000000
  -5.04368   30.808777    3.013704    0.449162    2.564542    2.495825    0.000000    0.000000    0.000000    0.000000    0.000000    0.000000
  -5.03768   30.659611    2.998366    0.450302    2.548064    2.496780    0.000000    0.000000    0.000000    0.000000    0.000000    0.000000
  -5.03168   30.512617    2.979283    0.451023    2.528259    2.495286    0.000000    0.000000    0.000000    0.000000    0.000000    0.000000
  -5.02568   30.375433    2.957826    0.451502    2.506324    2.491911    0.000000    0.000000    0.000000    0.000000    0.000000    0.000000
  -5.01967   30.254704    2.935452    0.451921    2.483531    2.487316    0.000000    0.000000    0.000000    0.000000    0.000000    0.000000
  -5.01367   30.155411    2.913556    0.452451    2.461105    2.482185    0.000000    0.000000    0.000000    0.000000    0.000000    0.000000
  -5.00767   30.080289    2.893349    0.453226    2.440124    2.477148    0.000000    0.000000    0.000000    0.000000    0.000000    0.000000
  -5.00167   30.029433    2.875760    0.454331    2.421430    2.472713    0.000000    0.000000    0.000000    0.000000    0.000000    0.000000
  -4.99567   30.000143    2.861373    0.455792    2.405582    2.469210    0.000000    0.000000    0.000000    0.000000    0.000000    0.000000
  -4.98966   29.987052    2.850408    0.457572    2.392836    2.466755    0.000000    0.000000    0.000000    0.000000    0.000000    0.000000
  -4.98366   29.982557    2.842745    0.459579    2.383166    2.465240    0.000000    0.000000    0.000000    0.000000    0.000000    0.000000
  -4.97766   29.977528    2.837981    0.461678    2.376303    2.464355    0.000000    0.000000    0.000000    0.000000    0.000000    0.000000
  -4.97166   29.962248    2.835520    0.463709    2.371810    2.463639    0.000000    0.000000    0.000000    0.000000    0.000000    0.000000
  -4.96566   29.927479    2.834668    0.465512    2.369156    2.462545    0.000000    0.000000    0.000000    0.000000    0.000000    0.000000
  -4.95965   29.865552    2.834741    0.466944    2.367797    2.460533    0.000000    0.000000    0.000000    0.000000    0.000000    0.000000
  -4.95365   29.771320    2.835152    0.467907    2.367245    2.457154    0.000000    0.000000    0.000000    0.000000    0.000000    0.000000
  -4.94765   29.642873    2.835477    0.468358    2.367119    2.452126    0.000000    0.000000    0.000000    0.000000    0.000000    0.000000
  -4.94165   29.481884    2.835494    0.468319    2.367176    2.445396    0.000000    0.000000    0.000000    0.000000    0.000000    0.000000
  -4.93565   29.293545    2.835181    0.467874    2.367307    2.437158    0.000000    0.000000    0.000000    0.000000    0.000000    0.000000
  -4.92964   29.086085    2.834686    0.467166    2.367520    2.427850    0.000000    0.000000    0.000000    0.000000    0.000000    0.000000
  -4.92364   28.869923    2.834278    0.466375    2.367903    2.418104    0.000000    0.000000    0.000000    0.000000    0.000000    0.000000
  -4.91764   28.656575    2.834277    0.465701    2.368576    2.408686    0.000000    0.000000    0.000000    0.000000    0.000000    0.000000
  -4.91164   28.457451    2.834989    0.465339    2.369650    2.400404    0.000000    0.000000    0.000000    0.000000    0.000000    0.000000
  -4.90564   28.282718    2.836648    0.465459    2.371189    2.394019    0.000000    0.000000    0.000000    0.000000    0.000000    0.000000
  -4.89963   28.140356    2.839384    0.466189    2.373195    2.390171    0.000000    0.000000    0.000000    0.000000    0.000000    0.000000
  -4.89363   28.035529    2.843214    0.467603    2.375611    2.389314    0.000000    0.000000    0.000000    0.000000    0.000000    0.000000
  -4.88763   27.970333    2.848056    0.469718    2.378338    2.391685    0.000000    0.000000    0.000000    0.000000    0.000000    0.000000
  -4.88163   27.943908    2.853771    0.472502    2.381270    2.397308    0.000000    0.000000    0.000000    0.000000    0.000000    0.000000
  -4.87563   27.952882    2.860217    0.475879    2.384338    2.406012    0.000000    0.000000    0.000000    0.000000    0.000000    0.000000
  -4.86962   27.992039    2.867303    0.479752    2.387551    2.417481    0.000000    0.000000    0.000000    0.000000    0.000000    0.000000
  -4.86362   28.055101    2.875050    0.484015    2.391034    2.431315    0.000000    0.000000    0.000000    0.000000    0.000000    0.000000
  -4.85762   28.135508    2.883623    0.488574    2.395049    2.447090    0.000000    0.000000    0.000000    0.000000    0.000000    0.000000
  -4.85162   28.227094    2.893360    0.493357    2.400003    2.464418    0.000000    0.000000    0.000000    0.000000    0.000000    0.000000
  -4.84562   28.324589    2.904767    0.498325    2.406442    2.482985    0.000000    0.000000    0.000000    0.000000    0.000000    0.000000
  -4.83961   28.423902    2.918497    0.503478    2.415019    2.502583    0.000000    0.000000    0.000000    0.000000    0.000000    0.000000
  -4.83361   28.522205    2.935302    0.508845    2.426457    2.523118    0.000000    0.000000    0.000000    0.000000    0.000000    0.000000
  -4.82761   28.617835    2.955981    0.514484    2.441497    2.544597    0.000000    0.000000    0.000000    0.000000    0.000000    0.000000
  -4.82161   28.710076    2.981300    0.520469    2.460831    2.567108    0.000000    0.000000    0.000000    0.000000    0.000000    0.000000
  -4.81561   28.798877    3.011921    0.526874    2.485047    2.590790    0.000000    0.000000    0.000000    0.000000    0.000000    0.000000
  -4.80960   28.884555    3.048316    0.533767    2.514549    2.615796    0.000000    0.000000    0.000000    0.000000    0.000000    0.000000
  -4.80360   28.967531    3.090697    0.541194    2.549503    2.642254    0.000000    0.000000    0.000000    0.000000    0.000000    0.000000
  -4.79760   29.048124    3.138947    0.549169    2.589777    2.670240    0.000000    0.000000    0.000000    0.000000    0.000000    0.000000
  -4.79160   29.126390    3.192571    0.557674    2.634897    2.699745    0.000000    0.000000    0.000000    0.000000    0.000000    0.000000
  -4.78560   29.202023    3.250674    0.566646    2.684027    2.730658    0.000000    0.000000    0.000000    0.000000    0.000000    0.000000
  -4.77959   29.274284    3.311961    0.575986    2.735976    2.762749    0.000000    0.000000    0.000000    0.000000    0.000000    0.000000
  -4.77359   29.341963    3.374779    0.585551    2.789228    2.795673    0.000000    0.000000    0.000000    0.000000    0.000000    0.000000
  -4.76759   29.403366    3.437189    0.595165    2.842024    2.828972    0.000000    0.000000    0.000000    0.000000    0.000000    0.000000
  -4.76159   29.456343    3.497085    0.604626    2.892459    2.862099    0.000000    0.000000    0.000000    0.000000    0.000000    0.000000
  -4.75559   29.498359    3.552337    0.613713    2.938624    2.894448    0.000000    0.000000    0.000000    0.000000    0.000000    0.000000
  -4.74958   29.526644    3.600958    0.622201    2.978758    2.925398    0.000000    0.000000    0.000000    0.000000    0.000000    0.000000
  -4.74358   29.538416    3.641283    0.629875    3.011408    2.954363    0.000000    0.000000    0.000000    0.000000    0.000000    0.000000
  -4.73758   29.531187    3.672124    0.636548    3.035577    2.980848    0.000000    0.000000    0.000000    0.000000    0.000000    0.000000
  -4.73158   29.503117    3.692907    0.642075    3.050832    3.004499    0.000000    0.000000    0.000000    0.000000    0.000000    0.000000
  -4.72558   29.453382    3.703743    0.646365    3.057378    3.025143    0.000000    0.000000    0.000000    0.000000    0.000000    0.000000
  -4.71957   29.382495    3.705452    0.649391    3.056061    3.042818    0.000000    0.000000    0.000000    0.000000    0.000000    0.000000
  -4.71357   29.292527    3.699497    0.651188    3.048309    3.057770    0.000000    0.000000    0.000000    0.000000    0.000000    0.000000
  -4.70757   29.187169    3.687864    0.651854    3.036011    3.070438    0.000000    0.000000    0.000000    0.000000    0.000000    0.000000
  -4.70157   29.071612    3.672883    0.651532    3.021351    3.081407    0.000000    0.000000    0.000000    0.000000    0.000000    0.000000
  -4.69557   28.952230    3.657001    0.650400    3.006601    3.091351    0.000000    0.000000    0.000000    0.000000    0.000000    0.000000
  -4.68956   28.836103    3.642560    0.648647    2.993913    3.100962    0.000000    0.000000    0.000000    0.000000    0.000000    0.000000
  -4.68356   28.730426    3.631582    0.646455    2.985127    3.110886    0.000000    0.000000    0.000000    0.000000    0.000000    0.000000
  -4.67756   28.641886    3.625593    0.643984    2.981609    3.121661    0.000000    0.000000    0.000000    0.000000    0.000000    0.000000
  -4.67156   28.576082    3.625517    0.641360    2.984157    3.133682    0.000000    0.000000    0.000000    0.000000    0.000000    0.000000
  -4.66556   28.537064    3.631631    0.638669    2.992962    3.147178    0.000000    0.000000    0.000000    0.000000    0.000000    0.000000
  -4.65955   28.527038    3.643597    0.635961    3.007635    3.162217    0.000000    0.000000    0.000000    0.000000    0.000000    0.000000
  -4.65355   28.546265    3.660551    0.633256    3.027295    3.178730    0.000000    0.000000    0.000000    0.000000    0.000000    0.000000
  -4.64755   28.593137    3.681238    0.630550    3.050688    3.196537    0.000000    0.000000    0.000000    0.000000    0.000000    0.000000
  -4.64155   28.664404    3.704168    0.627834    3.076335    3.215387    0.000000    0.000000    0.000000    0.000000    0.000000    0.000000
  -4.63555   28.755487    3.727771    0.625094    3.102677    3.234981    0.000000    0.000000    0.000000    0.000000    0.000000    0.000000
  -4.62954   28.860830    3.750531    0.622323    3.128208    3.254993    0.000000    0.000000    0.000000    0.000000    0.000000    0.000000
  -4.62354   28.974237    3.771092    0.619523    3.151570    3.275070    0.000000    0.000000    0.000000    0.000000    0.000000    0.000000
  -4.61754   29.089169    3.788319    0.616695    3.171624    3.294828    0.000000    0.000000    0.000000    0.000000    0.000000    0.000000
  -4.61154   29.198985    3.801325    0.613843    3.187482    3.313842    0.000000    0.000000    0.000000    0.000000    0.000000    0.000000
  -4.60554   29.297163    3.809476    0.610965    3.198511    3.331639    0.000000    0.000000    0.000000    0.000000    0.000000    0.000000
  -4.59953   29.377499    3.812365    0.608046    3.204320    3.347700    0.000000    0.000000    0.000000    0.000000    0.000000    0.000000
  -4.59353   29.434346    3.809799    0.605061    3.204738    3.361484    0.000000    0.000000    0.000000    0.000000    0.000000    0.000000
  -4.58753   29.462900    3.801778    0.601977    3.199800    3.372468    0.000000    0.000000    0.000000    0.000000    0.000000    0.000000
  -4.58153   29.459541    3.788495    0.598761    3.189734    3.380209    0.000000    0.000000    0.000000    0.000000    0.000000    0.000000
  -4.57553   29.422216    3.770347    0.595388    3.174959    3.384414    0.000000    0.000000    0.000000    0.000000    0.000000    0.000000
  -4.56952   29.350824    3.747953    0.591856    3.156097    3.385012    0.000000    0.000000    0.000000    0.000000    0.000000    0.000000
  -4.56352   29.247538    3.722174    0.588198    3.133976    3.382220    0.000000    0.000000    0.000000    0.000000    0.000000    0.000000
  -4.55752   29.117006    3.694122    0.584489    3.109634    3.376582    0.000000    0.000000    0.000000    0.000000    0.000000    0.000000
  -4.55152   28.966366    3.665152    0.580847    3.084305    3.368980    0.000000    0.000000    0.000000    0.000000    0.000000    0.000000
  -4.54552   28.805026    3.636823    0.577436    3.059386    3.360608    0.000000    0.000000    0.000000    0.000000    0.000000    0.000000
  -4.53951   28.644195    3.610835    0.574455    3.036380    3.352905    0.000000    0.000000    0.000000    0.000000    0.000000    0.000000
  -4.53351   28.496193    3.588937    0.572120    3.016817    3.347461    0.000000    0.000000    0.000000    0.000000    0.000000    0.000000
  -4.52751   28.373555    3.572815    0.570652    3.002164    3.345891    0.000000    0.000000    0.000000    0.000000    0.000000    0.000000
  -4.52151   28.288051    3.563978    0.570254    2.993724    3.349705    0.000000    0.000000    0.000000    0.000000    0.000000    0.000000
  -4.51551   28.249683    3.563640    0.571094    2.992546    3.360178    0.000000    0.000000    0.000000    0.000000    0.000000    0.000000
  -4.50950   28.265792    3.572628    0.573287    2.999341    3.378232    0.000000    0.000000    0.000000    0.000000    0.000000    0.000000
  -4.50350   28.340356    3.591324    0.576887    3.014437    3.404361    0.000000    0.000000    0.000000    0.000000    0.000000    0.000000
  -4.49750   28.473564    3.619629    0.581876    3.037753    3.438574    0.000000    0.000000    0.000000    0.000000    0.000000    0.000000
  -4.49150   28.661710    3.656982    0.588171    3.068811    3.480398    0.000000    0.000000    0.000000    0.000000    0.000000    0.000000
  -4.48550   28.897417    3.702406    0.595624    3.106781    3.528906    0.000000    0.000000    0.000000    0.000000    0.000000    0.000000
  -4.47949   29.170159    3.754589    0.604039    3.150550    3.582792    0.000000    0.000000    0.000000    0.000000    0.000000    0.000000
  -4.47349   29.467029    3.811981    0.613177    3.198804    3.640462    0.000000    0.000000    0.000000    0.000000    0.000000    0.000000
  -4.46749   29.773654    3.872907    0.622783    3.250124    3.700148    0.000000    0.000000    0.000000    0.000000    0.000000    0.000000
  -4.46149   30.075191    3.935677    0.632596    3.303081    3.760020    0.000000    0.000000    0.000000    0.000000    0.000000    0.000000
  -4.45549   30.357288    3.998685    0.642366    3.356318    3.818302    0.000000    0.000000    0.000000    0.000000    0.000000    0.000000
  -4.44948   30.606963    4.060498    0.651871    3.408627    3.873368    0.000000    0.000000    0.000000    0.000000    0.000000    0.000000
  -4.44348   30.813338    4.119921    0.660924    3.458997    3.923821    0.000000    0.000000    0.000000    0.000000    0.000000    0.000000
  -4.43748   30.968209    4.176044    0.669386    3.506658    3.968561    0.000000    0.000000    0.000000    0.000000    0.000000    0.000000
  -4.43148   31.066446    4.228267    0.677170    3.551097    4.006826    0.000000    0.000000    0.000000    0.000000    0.000000    0.000000
  -4.42548   31.106234    4.276306    0.684241    3.592065    4.038221    0.000000    0.000000    0.000000    0.000000    0.000000    0.000000
  -4.41947   31.089175    4.320180    0.690614    3.629566    4.062735    0.000000    0.000000    0.000000    0.000000    0.000000    0.000000
  -4.41347   31.020257    4.360179    0.696350    3.663829    4.080736    0.000000    0.000000    0.000000    0.000000    0.000000    0.000000
  -4.40747   30.907694    4.396820    0.701547    3.695273    4.092965    0.000000    0.000000    0.000000    0.000000    0.000000    0.000000
  -4.40147   30.762633    4.430786    0.706332    3.724454    4.100502    0.000000    0.000000    0.000000    0.000000    0.000000    0.000000
  -4.39547   30.598706    4.462854    0.710844    3.752009    4.104727    0.000000    0.000000    0.000000    0.000000    0.000000    0.000000
  -4.38946   30.431425    4.493814    0.715225    3.778589    4.107248    0.000000    0.000000    0.000000    0.000000    0.000000    0.000000
  -4.38346   30.277408    4.524391    0.719604    3.804787    4.109823    0.000000    0.000000    0.000000    0.000000    0.000000    0.000000
  -4.37746   30.153464    4.555165    0.724086    3.831079    4.114253    0.000000    0.000000    0.000000    0.000000    0.000000    0.000000
  -4.37146   30.075574    4.586513    0.728740    3.857773    4.122265    0.000000    0.000000    0.000000    0.000000    0.000000    0.000000
  -4.36546   30.057840    4.618563    0.733594    3.884969    4.135395    0.000000    0.000000    0.000000    0.000000    0.000000    0.000000
  -4.35945   30.111483    4.651183    0.738631    3.912552    4.154868    0.000000    0.000000    0.000000    0.000000    0.000000    0.000000
  -4.35345   30.243996    4.683990    0.743790    3.940201    4.181498    0.000000    0.000000    0.000000    0.000000    0.000000    0.000000
  -4.34745   30.458531    4.716392    0.748969    3.967423    4.215614    0.000000    0.000000    0.000000    0.000000    0.000000    0.000000
  -4.34145   30.753597    4.747642    0.754040    3.993602    4.257017    0.000000    0.000000    0.000000    0.000000    0.000000    0.000000
  -4.33545   31.123116    4.776912    0.758855    4.018057    4.304983    0.000000    0.000000    0.000000    0.000000    0.000000    0.000000
  -4.32944   31.556831    4.803362    0.763264    4.040098    4.358296    0.000000    0.000000    0.000000    0.000000    0.000000    0.000000
  -4.32344   32.041048    4.826196    0.767123    4.059073    4.415327    0.000000    0.000000    0.000000    0.000000    0.000000    0.000000
  -4.31744   32.559640    4.844708    0.770310    4.074398    4.474143    0.000000    0.000000    0.000000    0.000000    0.000000    0.000000
  -4.31144   33.095207    4.858304    0.772733    4.085571    4.532630    0.000000    0.000000    0.000000    0.000000    0.000000    0.000000
  -4.30544   33.630309    4.866500    0.774334    4.092165    4.588643    0.000000    0.000000    0.000000    0.000000    0.000000    0.000000
  -4.29943   34.148629    4.868914    0.775098    4.093816    4.640146    0.000000    0.000000    0.000000    0.000000    0.000000    0.000000
  -4.29343   34.635980    4.865248    0.775043    4.090204    4.685350    0.000000    0.000000    0.000000    0.000000    0.000000    0.000000
  -4.28743   35.081067    4.855275    0.774229    4.081047    4.722827    0.000000    0.000000    0.000000    0.000000    0.000000    0.000000
  -4.28143   35.475943    4.838843    0.772742    4.066102    4.751608    0.000000    0.000000    0.000000    0.000000    0.000000    0.000000
  -4.27543   35.816159    4.815889    0.770696    4.045193    4.771237    0.000000    0.000000    0.000000    0.000000    0.000000    0.000000
  -4.26942   36.100599    4.786482    0.768225    4.018257    4.781802    0.000000    0.000000    0.000000    0.000000    0.000000    0.000000
  -4.26342   36.331076    4.750877    0.765477    3.985400    4.783928    0.000000    0.000000    0.000000    0.000000    0.000000    0.000000
  -4.25742   36.511745    4.709573    0.762610    3.946963    4.778739    0.000000    0.000000    0.000000    0.000000    0.000000    0.000000
  -4.25142   36.648431    4.663378    0.759790    3.903589    4.767795    0.000000    0.000000    0.000000    0.000000    0.000000    0.000000
  -4.24542   36.747947    4.613444    0.757185    3.856259    4.753007    0.000000    0.000000    0.000000    0.000000    0.000000    0.000000
  -4.23941   36.817495    4.561282    0.754969    3.806313    4.736534    0.000000    0.000000    0.000000    0.000000    0.000000    0.000000
  -4.23341   36.864169    4.508737    0.753312    3.755425    4.720680    0.000000    0.000000    0.000000    0.000000    0.000000    0.000000
  -4.22741   36.894611    4.457919    0.752383    3.705537    4.707771    0.000000    0.000000    0.000000    0.000000    0.000000    0.000000
  -4.22141   36.914800    4.411091    0.752337    3.658754    4.700047    0.000000    0.000000    0.000000    0.000000    0.000000    0.000000
  -4.21541   36.929940    4.370519    0.753314    3.617205    4.699542    0.000000    0.000000    0.000000    0.000000    0.000000    0.000000
  -4.20940   36.944423    4.338306    0.755423    3.582882    4.707985    0.000000    0.000000    0.000000    0.000000    0.000000    0.000000
  -4.20340   36.961802    4.316206    0.758736    3.557470    4.726694    0.000000    0.000000    0.000000    0.000000    0.000000    0.000000
  -4.19740   36.984762    4.305465    0.763270    3.542195    4.756504    0.000000    0.000000    0.000000    0.000000    0.000000    0.000000
  -4.19140   37.015055    4.306681    0.768985    3.537696    4.797704    0.000000    0.000000    0.000000    0.000000    0.000000    0.000000
  -4.18540   37.053424    4.319724    0.775770    3.543954    4.850012    0.000000    0.000000    0.000000    0.000000    0.000000    0.000000
  -4.17939   37.099530    4.343710    0.783448    3.560262    4.912581    0.000000    0.000000    0.000000    0.000000    0.000000    0.000000
  -4.17339   37.151924    4.377054    0.791778    3.585276    4.984043    0.000000    0.000000    0.000000    0.000000    0.000000    0.000000
  -4.16739   37.208115    4.417578    0.800468    3.617110    5.062601    0.000000    0.000000    0.000000    0.000000    0.000000    0.000000
  -4.16139   37.264766    4.462683    0.809191    3.653492    5.146146    0.000000    0.000000    0.000000    0.000000    0.000000    0.000000
  -4.15539   37.318022    4.509558    0.817607    3.691951    5.232409    0.000000    0.000000    0.000000    0.000000    0.000000    0.000000
  -4.14938   37.363975    4.555404    0.825390    3.730014    5.319126    0.000000    0.000000    0.000000    0.000000    0.000000    0.000000
  -4.14338   37.399205    4.597651    0.832250    3.765401    5.404204    0.000000    0.000000    0.000000    0.000000    0.000000    0.000000
  -4.13738   37.421332    4.634144    0.837954    3.796190    5.485869    0.000000    0.000000    0.000000    0.000000    0.000000    0.000000
  -4.13138   37.429501    4.663281    0.842347    3.820935    5.562779    0.000000    0.000000    0.000000    0.000000    0.000000    0.000000
  -4.12538   37.424704    4.684090    0.845358    3.838733    5.634102    0.000000    0.000000    0.000000    0.000000    0.000000    0.000000
  -4.11937   37.409887    4.696240    0.847008    3.849232    5.699532    0.000000    0.000000    0.000000    0.000000    0.000000    0.000000
  -4.11337   37.389788    4.699993    0.847403    3.852590    5.759268    0.000000    0.000000    0.000000    0.000000    0.000000    0.000000
  -4.10737   37.370526    4.696112    0.846723    3.849390    5.813931    0.000000    0.000000    0.000000    0.000000    0.000000    0.000000
  -4.10137   37.358984    4.685739    0.845207    3.840532    5.864463    0.000000    0.000000    0.000000    0.000000    0.000000    0.000000
  -4.09537   37.362063    4.670255    0.843132    3.827122    5.911995    0.000000    0.000000    0.000000    0.000000    0.000000    0.000000
  -4.08936   37.385910    4.651150    0.840792    3.810358    5.957723    0.000000    0.000000    0.000000    0.000000    0.000000    0.000000
  -4.08336   37.435236    4.629910    0.838474    3.791436    6.002786    0.000000    0.000000    0.000000    0.000000    0.000000    0.000000
  -4.07736   37.512804    4.607927    0.836438    3.771489    6.048175    0.000000    0.000000    0.000000    0.000000    0.000000    0.000000
  -4.07136   37.619153    4.586436    0.834904    3.751532    6.094669    0.000000    0.000000    0.000000    0.000000    0.000000    0.000000
  -4.06536   37.752589    4.566478    0.834034    3.732444    6.142809    0.000000    0.000000    0.000000    0.000000    0.000000    0.000000
  -4.05935   37.909427    4.548883    0.833927    3.714956    6.192898    0.000000    0.000000    0.000000    0.000000    0.000000    0.000000
  -4.05335   38.084433    4.534269    0.834618    3.699651    6.245023    0.000000    0.000000    0.000000    0.000000    0.000000    0.000000
  -4.04735   38.271407    4.523045    0.836078    3.686966    6.299100    0.000000    0.000000    0.000000    0.000000    0.000000    0.000000
  -4.04135   38.463825    4.515427    0.838225    3.677203    6.354918    0.000000    0.000000    0.000000    0.000000    0.000000    0.000000
  -4.03535   38.655449    4.511459    0.840931    3.670528    6.412183    0.000000    0.000000    0.000000    0.000000    0.000000    0.000000
  -4.02934   38.840857    4.511034    0.844044    3.666990    6.470557    0.000000    0.000000    0.000000    0.000000    0.000000    0.000000
  -4.02334   39.015826    4.513927    0.847400    3.666527    6.529681    0.000000    0.000000    0.000000    0.000000    0.000000    0.000000
  -4.01734   39.177531    4.519832    0.850840    3.668992    6.589188    0.000000    0.000000    0.000000    0.000000    0.000000    0.000000
  -4.01134   39.324554    4.528399    0.854227    3.674172    6.648703    0.000000    0.000000    0.000000    0.000000    0.000000    0.000000
  -4.00534   39.456700    4.539276    0.857456    3.681820    6.707834    0.000000    0.000000    0.000000    0.000000    0.000000    0.000000
  -3.99933   39.574640    4.552141    0.860459    3.691682    6.766152    0.000000    0.000000    0.000000    0.000000    0.000000    0.000000
  -3.99333   39.679435    4.566725    0.863214    3.703512    6.823182    0.000000    0.000000    0.000000    0.000000    0.000000    0.000000
  -3.98733   39.771971    4.582820    0.865733    3.717088    6.878383    0.000000    0.000000    0.000000    0.000000    0.000000    0.000000
  -3.98133   39.852401    4.600268    0.868062    3.732206    6.931143    0.000000    0.000000    0.000000    0.000000    0.000000    0.000000
  -3.97533   39.919646    4.618930    0.870266    3.748664    6.980789    0.000000    0.000000    0.000000    0.000000    0.000000    0.000000
  -3.96932   39.971038    4.638652    0.872418    3.766234    7.026600    0.000000    0.000000    0.000000    0.000000    0.000000    0.000000
  -3.96332   40.002156    4.659206    0.874584    3.784623    7.067839    0.000000    0.000000    0.000000    0.000000    0.000000    0.000000
  -3.95732   40.006908    4.680251    0.876812    3.803439    7.103798    0.000000    0.000000    0.000000    0.000000    0.000000    0.000000
  -3.95132   39.977850    4.701288    0.879127    3.822162    7.133848    0.000000    0.000000    0.000000    0.000000    0.000000    0.000000
  -3.94532   39.906751    4.721643    0.881519    3.840124    7.157501    0.000000    0.000000    0.000000    0.000000    0.000000    0.000000
  -3.93931   39.785336    4.740472    0.883950    3.856523    7.174465    0.000000    0.000000    0.000000    0.000000    0.000000    0.000000
  -3.93331   39.606147    4.756795    0.886352    3.870443    7.184715    0.000000    0.000000    0.000000    0.000000    0.000000    0.000000
  -3.92731   39.363430    4.769560    0.888642    3.880919    7.188543    0.000000    0.000000    0.000000    0.000000    0.000000    0.000000
  -3.92131   39.053963    4.777742    0.890730    3.887012    7.186619    0.000000    0.000000    0.000000    0.000000    0.000000    0.000000
  -3.91531   38.677736    4.780447    0.892537    3.887909    7.180032    0.000000    0.000000    0.000000    0.000000    0.000000    0.000000
  -3.90930   38.238398    4.777041    0.894014    3.883027    7.170318    0.000000    0.000000    0.000000    0.000000    0.000000    0.000000
  -3.90330   37.743432    4.767268    0.895155    3.872113    7.159474    0.000000    0.000000    0.000000    0.000000    0.000000    0.000000
  -3.89730   37.204018    4.751347    0.896014    3.855334    7.149939    0.000000    0.000000    0.000000    0.000000    0.000000    0.000000
  -3.89130   36.634578    4.730045    0.896716    3.833329    7.144536    0.000000    0.000000    0.000000    0.000000    0.000000    0.000000
  -3.88530   36.052034    4.704690    0.897460    3.807230    7.146383    0.000000    0.000000    0.000000    0.000000    0.000000    0.000000
  -3.87929   35.474823    4.677147    0.898519    3.778628    7.158749    0.000000    0.000000    0.000000    0.000000    0.000000    0.000000
  -3.87329   34.921749    4.649722    0.900225    3.749496    7.184880    0.000000    0.000000    0.000000    0.000000    0.000000    0.000000
  -3.86729   34.410756    4.625022    0.902955    3.722067    7.227785    0.000000    0.000000    0.000000    0.000000    0.000000    0.000000
  -3.86129   33.957734    4.605774    0.907102    3.698672    7.290017    0.000000    0.000000    0.000000    0.000000    0.000000    0.000000
  -3.85529   33.575452    4.594609    0.913052    3.681557    7.373453    0.000000    0.000000    0.000000    0.000000    0.000000    0.000000
  -3.84928   33.272727    4.593848    0.921146    3.672702    7.479108    0.000000    0.000000    0.000000    0.000000    0.000000    0.000000
  -3.84328   33.053880    4.605301    0.931656    3.673645    7.606999    0.000000    0.000000    0.000000    0.000000    0.000000    0.000000
  -3.83728   32.918547    4.630092    0.944755    3.685337    7.756073    0.000000    0.000000    0.000000    0.000000    0.000000    0.000000
  -3.83128   32.861830    4.668549    0.960497    3.708051    7.924215    0.000000    0.000000    0.000000    0.000000    0.000000    0.000000
  -3.82528   32.874781    4.720135    0.978807    3.741328    8.108332    0.000000    0.000000    0.000000    0.000000    0.000000    0.000000
  -3.81927   32.945151    4.783467    0.999472    3.783995    8.304510    0.000000    0.000000    0.000000    0.000000    0.000000    0.000000
  -3.81327   33.058340    4.856377    1.022153    3.834224    8.508226    0.000000    0.000000    0.000000    0.000000    0.000000    0.000000
  -3.80727   33.198456    4.936049    1.046393    3.889656    8.714602    0.000000    0.000000    0.000000    0.000000    0.000000    0.000000
  -3.80127   33.349396    5.019194    1.071648    3.947546    8.918675    0.000000    0.000000    0.000000    0.000000    0.000000    0.000000
  -3.79527   33.495880    5.102257    1.097309    4.004947    9.115672    0.000000    0.000000    0.000000    0.000000    0.000000    0.000000
  -3.78926   33.624359    5.181648    1.122748    4.058901    9.301265    0.000000    0.000000    0.000000    0.000000    0.000000    0.000000
  -3.78326   33.723759    5.253971    1.147346    4.106625    9.471797    0.000000    0.000000    0.000000    0.000000    0.000000    0.000000
  -3.77726   33.786017    5.316228    1.170541    4.145687    9.624453    0.000000    0.000000    0.000000    0.000000    0.000000    0.000000
  -3.77126   33.806376    5.366002    1.191857    4.174145    9.757385    0.000000    0.000000    0.000000    0.000000    0.000000    0.000000
  -3.76526   33.783437    5.401586    1.210933    4.190653    9.869759    0.000000    0.000000    0.000000    0.000000    0.000000    0.000000
  -3.75925   33.718961    5.422057    1.227540    4.194518    9.961737    0.000000    0.000000    0.000000    0.000000    0.000000    0.000000
  -3.75325   33.617446    5.427282    1.241579    4.185703   10.034385    0.000000    0.000000    0.000000    0.000000    0.000000    0.000000
  -3.74725   33.485513    5.417867    1.253077    4.164789   10.089515    0.000000    0.000000    0.000000    0.000000    0.000000    0.000000
  -3.74125   33.331166    5.395043    1.262159    4.132884   10.129476    0.000000    0.000000    0.000000    0.000000    0.000000    0.000000
  -3.73525   33.163020    5.360516    1.269012    4.091504   10.156911    0.000000    0.000000    0.000000    0.000000    0.000000    0.000000
  -3.72924   32.989576    5.316285    1.273856    4.042430   10.174513    0.000000    0.000000    0.000000    0.000000    0.000000    0.000000
  -3.72324   32.818644    5.264460    1.276897    3.987563   10.184808    0.000000    0.000000    0.000000    0.000000    0.000000    0.000000
  -3.71724   32.657001    5.207092    1.278307    3.928784   10.189984    0.000000    0.000000    0.000000    0.000000    0.000000    0.000000
  -3.71124   32.510318    5.146045    1.278201    3.867844   10.191803    0.000000    0.000000    0.000000    0.000000    0.000000    0.000000
  -3.70524   32.383363    5.082911    1.276636    3.806275   10.191587    0.000000    0.000000    0.000000    0.000000    0.000000    0.000000
  -3.69923   32.280436    5.018974    1.273625    3.745350   10.190294    0.000000    0.000000    0.000000    0.000000    0.000000    0.000000
  -3.69323   32.205927    4.955231    1.269160    3.686071   10.188651    0.000000    0.000000    0.000000    0.000000    0.000000    0.000000
  -3.68723   32.164889    4.892434    1.263247    3.629187   10.187329    0.000000    0.000000    0.000000    0.000000    0.000000    0.000000
  -3.68123   32.163464    4.831176    1.255939    3.575237   10.187116    0.000000    0.000000    0.000000    0.000000    0.000000    0.000000
  -3.67523   32.209053    4.771958    1.247365    3.524594   10.189059    0.000000    0.000000    0.000000    0.000000    0.000000    0.000000
  -3.66922   32.310130    4.715267    1.237751    3.477517   10.194548    0.000000    0.000000    0.000000    0.000000    0.000000    0.000000
  -3.66322   32.475669    4.661614    1.227424    3.434190   10.205312    0.000000    0.000000    0.000000    0.000000    0.000000    0.000000
  -3.65722   32.714222    4.611555    1.216805    3.394750   10.223340    0.000000    0.000000    0.000000    0.000000    0.000000    0.000000
  -3.65122   33.032754    4.565677    1.206380    3.359297   10.250721    0.000000    0.000000    0.000000    0.000000    0.000000    0.000000
  -3.64522   33.435370    4.524569    1.196675    3.327895   10.289432    0.000000    0.000000    0.000000    0.000000    0.000000    0.000000
  -3.63921   33.922143    4.488769    1.188206    3.300564   10.341109    0.000000    0.000000    0.000000    0.000000    0.000000    0.000000
  -3.63321   34.488197    4.458715    1.181448    3.277266   10.406820    0.000000    0.000000    0.000000    0.000000    0.000000    0.000000
  -3.62721   35.123228    4.434691    1.176796    3.257896   10.486883    0.000000    0.000000    0.000000    0.000000    0.000000    0.000000
  -3.62121   35.811548    4.416797    1.174532    3.242264   10.580748    0.000000    0.000000    0.000000    0.000000    0.000000    0.000000
  -3.61521   36.532700    4.404912    1.174815    3.230098   10.686961    0.000000    0.000000    0.000000    0.000000    0.000000    0.000000
  -3.60920   37.262604    4.398696    1.177661    3.221035   10.803216    0.000000    0.000000    0.000000    0.000000    0.000000    0.000000
  -3.60320   37.975142    4.397587    1.182956    3.214630   10.926482    0.000000    0.000000    0.000000    0.000000    0.000000    0.000000
  -3.59720   38.644017    4.400823    1.190459    3.210364   11.053219    0.000000    0.000000    0.000000    0.000000    0.000000    0.000000
  -3.59120   39.244707    4.407483    1.199825    3.207659   11.179634    0.000000    0.000000    0.000000    0.000000    0.000000    0.000000
  -3.58520   39.756324    4.416530    1.210629    3.205901   11.301980    0.000000    0.000000    0.000000    0.000000    0.000000    0.000000
  -3.57919   40.163195    4.426875    1.222401    3.204474   11.416861    0.000000    0.000000    0.000000    0.000000    0.000000    0.000000
  -3.57319   40.456012    4.437452    1.234655    3.202797   11.521515    0.000000    0.000000    0.000000    0.000000    0.000000    0.000000
  -3.56719   40.632472    4.447293    1.246931    3.200362   11.614054    0.000000    0.000000    0.000000    0.000000    0.000000    0.000000
  -3.56119   40.697358    4.455604    1.258823    3.196782   11.693629    0.000000    0.000000    0.000000    0.000000    0.000000    0.000000
  -3.55519   40.662074    4.461830    1.270010    3.191820   11.760500    0.000000    0.000000    0.000000    0.000000    0.000000    0.000000
  -3.54918   40.543728    4.465694    1.280283    3.185412   11.816009    0.000000    0.000000    0.000000    0.000000    0.000000    0.000000
  -3.54318   40.363854    4.467214    1.289546    3.177668   11.862443    0.000000    0.000000    0.000000    0.000000    0.000000    0.000000
  -3.53718   40.146938    4.466680    1.297829    3.168851   11.902809    0.000000    0.000000    0.000000    0.000000    0.000000    0.000000
  -3.53118   39.918880    4.464602    1.305269    3.159333   11.940540    0.000000    0.000000    0.000000    0.000000    0.000000    0.000000
  -3.52518   39.705543    4.461629    1.312094    3.149535   11.979166    0.000000    0.000000    0.000000    0.000000    0.000000    0.000000
  -3.51917   39.531490    4.458452    1.318592    3.139860   12.021991    0.000000    0.000000    0.000000    0.000000    0.000000    0.000000
  -3.51317   39.418987    4.455710    1.325085    3.130625   12.071806    0.000000    0.000000    0.000000    0.000000    0.000000    0.000000
  -3.50717   39.387275    4.453903    1.331892    3.122011   12.130675    0.000000    0.000000    0.000000    0.000000    0.000000    0.000000
  -3.50117   39.452103    4.453330    1.339301    3.114029   12.199815    0.000000    0.000000    0.000000    0.000000    0.000000    0.000000
  -3.49517   39.625445    4.454072    1.347550    3.106522   12.279567    0.000000    0.000000    0.000000    0.000000    0.000000    0.000000
  -3.48916   39.915315    4.455995    1.356804    3.099191   12.369464    0.000000    0.000000    0.000000    0.000000    0.000000    0.000000
  -3.48316   40.325593    4.458796    1.367152    3.091643   12.468366    0.000000    0.000000    0.000000    0.000000    0.000000    0.000000
  -3.47716   40.855809    4.462069    1.378602    3.083467   12.574641    0.000000    0.000000    0.000000    0.000000    0.000000    0.000000
  -3.47116   41.500838    4.465378    1.391084    3.074295   12.686359    0.000000    0.000000    0.000000    0.000000    0.000000    0.000000
  -3.46516   42.250555    4.468331    1.404457    3.063874   12.801475    0.000000    0.000000    0.000000    0.000000    0.000000    0.000000
  -3.45915   43.089525    4.470633    1.418521    3.052112   12.917984    0.000000    0.000000    0.000000    0.000000    0.000000    0.000000
  -3.45315   43.996847    4.472121    1.433025    3.039097   13.034030    0.000000    0.000000    0.000000    0.000000    0.000000    0.000000
  -3.44715   44.946315    4.472777    1.447683    3.025094   13.147982    0.000000    0.000000    0.000000    0.000000    0.000000    0.000000
  -3.44115   45.907026    4.472714    1.462190    3.010523   13.258465    0.000000    0.000000    0.000000    0.000000    0.000000    0.000000
  -3.43515   46.844532    4.472149    1.476241    2.995907   13.364385    0.000000    0.000000    0.000000    0.000000    0.000000    0.000000
  -3.42914   47.722549    4.471378    1.489552    2.981826   13.464941    0.000000    0.000000    0.000000    0.000000    0.000000    0.000000
  -3.42314   48.505172    4.470743    1.501882    2.968861   13.559641    0.000000    0.000000    0.000000    0.000000    0.000000    0.000000
  -3.41714   49.159386    4.470617    1.513059    2.957559   13.648320    0.000000    0.000000    0.000000    0.000000    0.000000    0.000000
  -3.41114   49.657657    4.471396    1.522999    2.948396   13.731174    0.000000    0.000000    0.000000    0.000000    0.000000    0.000000
  -3.40514   49.980267    4.473497    1.531726    2.941771   13.808771    0.000000    0.000000    0.000000    0.000000    0.000000    0.000000
  -3.39913   50.117101    4.477370    1.539377    2.937994   13.882054    0.000000    0.000000    0.000000    0.000000    0.000000    0.000000
  -3.39313   50.068631    4.483498    1.546200    2.937297   13.952310    0.000000    0.000000    0.000000    0.000000    0.000000    0.000000
  -3.38713   49.845929    4.492386    1.552547    2.939840   14.021098    0.000000    0.000000    0.000000    0.000000    0.000000    0.000000
  -3.38113   49.469685    4.504547    1.558842    2.945706   14.090148    0.000000    0.000000    0.000000    0.000000    0.000000    0.000000
  -3.37513   48.968336    4.520461    1.565556    2.954905   14.161228    0.000000    0.000000    0.000000    0.000000    0.000000    0.000000
  -3.36912   48.375518    4.540529    1.573168    2.967361   14.235990    0.000000    0.000000    0.000000    0.000000    0.000000    0.000000
  -3.36312   47.727164    4.565021    1.582124    2.982897   14.315839    0.000000    0.000000    0.000000    0.000000    0.000000    0.000000
  -3.35712   47.058582    4.594022    1.592802    3.001220   14.401805    0.000000    0.000000    0.000000    0.000000    0.000000    0.000000
  -3.35112   46.401837    4.627395    1.605484    3.021912   14.494472    0.000000    0.000000    0.000000    0.000000    0.000000    0.000000
  -3.34512   45.783703    4.664759    1.620331    3.044428   14.593938    0.000000    0.000000    0.000000    0.000000    0.000000    0.000000
  -3.33911   45.224326    4.705484    1.637380    3.068105   14.699831    0.000000    0.000000    0.000000    0.000000    0.000000    0.000000
  -3.33311   44.736671    4.748717    1.656535    3.092183   14.811356    0.000000    0.000000    0.000000    0.000000    0.000000    0.000000
  -3.32711   44.326684    4.793425    1.677587    3.115838   14.927380    0.000000    0.000000    0.000000    0.000000    0.000000    0.000000
  -3.32111   43.994054    4.838459    1.700230    3.138229   15.046526    0.000000    0.000000    0.000000    0.000000    0.000000    0.000000
  -3.31511   43.733378    4.882626    1.724089    3.158537   15.167269    0.000000    0.000000    0.000000    0.000000    0.000000    0.000000
  -3.30910   43.535566    4.924771    1.748753    3.176018   15.288042    0.000000    0.000000    0.000000    0.000000    0.000000    0.000000
  -3.30310   43.389266    4.963854    1.773808    3.190047   15.407311    0.000000    0.000000    0.000000    0.000000    0.000000    0.000000
  -3.29710   43.282204    4.999021    1.798869    3.200152   15.523658    0.000000    0.000000    0.000000    0.000000    0.000000    0.000000
  -3.29110   43.202306    5.029662    1.823615    3.206047   15.635836    0.000000    0.000000    0.000000    0.000000    0.000000    0.000000
  -3.28510   43.138560    5.055449    1.847807    3.207642   15.742824    0.000000    0.000000    0.000000    0.000000    0.000000    0.000000
  -3.27909   43.081595    5.076356    1.871308    3.205048   15.843858    0.000000    0.000000    0.000000    0.000000    0.000000    0.000000
  -3.27309   43.023998    5.092654    1.894085    3.198569   15.938456    0.000000    0.000000    0.000000    0.000000    0.000000    0.000000
  -3.26709   42.960405    5.104886    1.916208    3.188678   16.026432    0.000000    0.000000    0.000000    0.000000    0.000000    0.000000
  -3.26109   42.887417    5.113822    1.937832    3.175990   16.107886    0.000000    0.000000    0.000000    0.000000    0.000000    0.000000
  -3.25509   42.803404    5.120400    1.959181    3.161219   16.183195    0.000000    0.000000    0.000000    0.000000    0.000000    0.000000
  -3.24908   42.708238    5.125659    1.980516    3.145143   16.252981    0.000000    0.000000    0.000000    0.000000    0.000000    0.000000
  -3.24308   42.603013    5.130670    2.002109    3.128560   16.318074    0.000000    0.000000    0.000000    0.000000    0.000000    0.000000
  -3.23708   42.489778    5.136460    2.024214    3.112246   16.379462    0.000000    0.000000    0.000000    0.000000    0.000000    0.000000
  -3.23108   42.371296    5.143958    2.047041    3.096917   16.438240    0.000000    0.000000    0.000000    0.000000    0.000000    0.000000
  -3.22508   42.250837    5.153935    2.070732    3.083203   16.495545    0.000000    0.000000    0.000000    0.000000    0.000000    0.000000
  -3.21907   42.132003    5.166968    2.095352    3.071616   16.552488    0.000000    0.000000    0.000000    0.000000    0.000000    0.000000
  -3.21307   42.018558    5.183408    2.120875    3.062533   16.610090    0.000000    0.000000    0.000000    0.000000    0.000000    0.000000
  -3.20707   41.914263    5.203368    2.147181    3.056187   16.669209    0.000000    0.000000    0.000000    0.000000    0.000000    0.000000
  -3.20107   41.822709    5.226723    2.174066    3.052657   16.730480    0.000000    0.000000    0.000000    0.000000    0.000000    0.000000
  -3.19507   41.747129    5.253123    2.201247    3.051875   16.794271    0.000000    0.000000    0.000000    0.000000    0.000000    0.000000
  -3.18906   41.690213    5.282022    2.228388    3.053634   16.860650    0.000000    0.000000    0.000000    0.000000    0.000000    0.000000
  -3.18306   41.653932    5.312723    2.255115    3.057608   16.929386    0.000000    0.000000    0.000000    0.000000    0.000000    0.000000
  -3.17706   41.639371    5.344424    2.281052    3.063372   16.999970    0.000000    0.000000    0.000000    0.000000    0.000000    0.000000
  -3.17106   41.646611    5.376283    2.305846    3.070437   17.071657    0.000000    0.000000    0.000000    0.000000    0.000000    0.000000
  -3.16506   41.674643    5.407477    2.329198    3.078278   17.143533    0.000000    0.000000    0.000000    0.000000    0.000000    0.000000
  -3.15905   41.721356    5.437262    2.350895    3.086367   17.214589    0.000000    0.000000    0.000000    0.000000    0.000000    0.000000
  -3.15305   41.783576    5.465027    2.370825    3.094201   17.283804    0.000000    0.000000    0.000000    0.000000    0.000000    0.000000
  -3.14705   41.857184    5.490334    2.389002    3.101333   17.350225    0.000000    0.000000    0.000000    0.000000    0.000000    0.000000
  -3.14105   41.937312    5.512951    2.405569    3.107382   17.413050    0.000000    0.000000    0.000000    0.000000    0.000000    0.000000
  -3.13505   42.018606    5.532862    2.420809    3.112053   17.471701    0.000000    0.000000    0.000000    0.000000    0.000000    0.000000
  -3.12904   42.095566    5.550276    2.435137    3.115139   17.525903    0.000000    0.000000    0.000000    0.000000    0.000000    0.000000
  -3.12304   42.162922    5.565616    2.449089    3.116527   17.575741    0.000000    0.000000    0.000000    0.000000    0.000000    0.000000
  -3.11704   42.216024    5.579498    2.463308    3.116190   17.621711    0.000000    0.000000    0.000000    0.000000    0.000000    0.000000
  -3.11104   42.251210    5.592698    2.478512    3.114186   17.664736    0.000000    0.000000    0.000000    0.000000    0.000000    0.000000
  -3.10504   42.266071    5.606108    2.495461    3.110647   17.706140    0.000000    0.000000    0.000000    0.000000    0.000000    0.000000
  -3.09903   42.259597    5.620674    2.514902    3.105771   17.747562    0.000000    0.000000    0.000000    0.000000    0.000000    0.000000
  -3.09303   42.232139    5.637324    2.537521    3.099803   17.790799    0.000000    0.000000    0.000000    0.000000    0.000000    0.000000
  -3.08703   42.185191    5.656884    2.563866    3.093018   17.837589    0.000000    0.000000    0.000000    0.000000    0.000000    0.000000
  -3.08103   42.121004    5.679984    2.594288    3.085696   17.889345    0.000000    0.000000    0.000000    0.000000    0.000000    0.000000
  -3.07503   42.042077    5.706972    2.628879    3.078093   17.946866    0.000000    0.000000    0.000000    0.000000    0.000000    0.000000
  -3.06902   41.950617    5.737842    2.667423    3.070419   18.010076    0.000000    0.000000    0.000000    0.000000    0.000000    0.000000
  -3.06302   41.848049    5.772189    2.709381    3.062808   18.077836    0.000000    0.000000    0.000000    0.000000    0.000000    0.000000
  -3.05702   41.734677    5.809201    2.753898    3.055303   18.147868    0.000000    0.000000    0.000000    0.000000    0.000000    0.000000
  -3.05102   41.609564    5.847707    2.799856    3.047851   18.216833    0.000000    0.000000    0.000000    0.000000    0.000000    0.000000
  -3.04502   41.470671    5.886263    2.845948    3.040315   18.280561    0.000000    0.000000    0.000000    0.000000    0.000000    0.000000
  -3.03901   41.315255    5.923293    2.890797    3.032496   18.334437    0.000000    0.000000    0.000000    0.000000    0.000000    0.000000
  -3.03301   41.140476    5.957257    2.933078    3.024179   18.373895    0.000000    0.000000    0.000000    0.000000    0.000000    0.000000
  -3.02701   40.944126    5.986833    2.971652    3.015181   18.394973    0.000000    0.000000    0.000000    0.000000    0.000000    0.000000
  -3.02101   40.725386    6.011096    3.005685    3.005411   18.394846    0.000000    0.000000    0.000000    0.000000    0.000000    0.000000
  -3.01501   40.485477    6.029660    3.034741    2.994919   18.372296    0.000000    0.000000    0.000000    0.000000    0.000000    0.000000
  -3.00900   40.228126    6.042782    3.058833    2.983949   18.328020    0.000000    0.000000    0.000000    0.000000    0.000000    0.000000
  -3.00300   39.959755    6.051391    3.078433    2.972958   18.264768    0.000000    0.000000    0.000000    0.000000    0.000000    0.000000
  -2.99700   39.689372    6.057060    3.094431    2.962629   18.187263    0.000000    0.000000    0.000000    0.000000    0.000000    0.000000
  -2.99100   39.428149    6.061901    3.108057    2.953844   18.101930    0.000000    0.000000    0.000000    0.000000    0.000000    0.000000
  -2.98499   39.188750    6.068413    3.120766    2.947647   18.016439    0.000000    0.000000    0.000000    0.000000    0.000000    0.000000
  -2.97899   38.984451    6.079279    3.134109    2.945170   17.939135    0.000000    0.000000    0.000000    0.000000    0.000000    0.000000
  -2.97299   38.828165    6.097153    3.149592    2.947560   17.878390    0.000000    0.000000    0.000000    0.000000    0.000000    0.000000
  -2.96699   38.731446    6.124431    3.168552    2.955879   17.841947    0.000000    0.000000    0.000000    0.000000    0.000000    0.000000
  -2.96099   38.703565    6.163061    3.192047    2.971013   17.836321    0.000000    0.000000    0.000000    0.000000    0.000000    0.000000
  -2.95498   38.750727    6.214363    3.220780    2.993584   17.866290    0.000000    0.000000    0.000000    0.000000    0.000000    0.000000
  -2.94898   38.875497    6.278922    3.255049    3.023872   17.934523    0.000000    0.000000    0.000000    0.000000    0.000000    0.000000
  -2.94298   39.076455    6.356510    3.294742    3.061768   18.041363    0.000000    0.000000    0.000000    0.000000    0.000000    0.000000
  -2.93698   39.348107    6.446087    3.339352    3.106735   18.184774    0.000000    0.000000    0.000000    0.000000    0.000000    0.000000
  -2.93098   39.681071    6.545843    3.388026    3.157817   18.360452    0.000000    0.000000    0.000000    0.000000    0.000000    0.000000
  -2.92497   40.062510    6.653300    3.439634    3.213666   18.562096    0.000000    0.000000    0.000000    0.000000    0.000000    0.000000
  -2.91897   40.476822    6.765453    3.492851    3.272602   18.781807    0.000000    0.000000    0.000000    0.000000    0.000000    0.000000
  -2.91297   40.906533    6.878953    3.546249    3.332704   19.010608    0.000000    0.000000    0.000000    0.000000    0.000000    0.000000
  -2.90697   41.333368    6.990303    3.598386    3.391917   19.239044    0.000000    0.000000    0.000000    0.000000    0.000000    0.000000
  -2.90097   41.739431    7.096073    3.647896    3.448177   19.457812    0.000000    0.000000    0.000000    0.000000    0.000000    0.000000
  -2.89496   42.108408    7.193103    3.693563    3.499540   19.658400    0.000000    0.000000    0.000000    0.000000    0.000000    0.000000
  -2.88896   42.426722    7.278683    3.734377    3.544306   19.833655    0.000000    0.000000    0.000000    0.000000    0.000000    0.000000
  -2.88296   42.684511    7.350707    3.769580    3.581126   19.978255    0.000000    0.000000    0.000000    0.000000    0.000000    0.000000
  -2.87696   42.876371    7.407768    3.798677    3.609091   20.089025    0.000000    0.000000    0.000000    0.000000    0.000000    0.000000
  -2.87096   43.001750    7.449215    3.821436    3.627780   20.165077    0.000000    0.000000    0.000000    0.000000    0.000000    0.000000
  -2.86495   43.064980    7.475146    3.837867    3.637279   20.207751    0.000000    0.000000    0.000000    0.000000    0.000000    0.000000
  -2.85895   43.074896    7.486349    3.848189    3.638160   20.220372    0.000000    0.000000    0.000000    0.000000    0.000000    0.000000
  -2.85295   43.044103    7.484207    3.852782    3.631425   20.207847    0.000000    0.000000    0.000000    0.000000    0.000000    0.000000
  -2.84695   42.987929    7.470566    3.852152    3.618415   20.176146    0.000000    0.000000    0.000000    0.000000    0.000000    0.000000
  -2.84095   42.923181    7.447581    3.846881    3.600701   20.131730    0.000000    0.000000    0.000000    0.000000    0.000000    0.000000
  -2.83494   42.866805    7.417566    3.837604    3.579962   20.080985    0.000000    0.000000    0.000000    0.000000    0.000000    0.000000
  -2.82894   42.834595    7.382842    3.824987    3.557856   20.029727    0.000000    0.000000    0.000000    0.000000    0.000000    0.000000
  -2.82294   42.840068    7.345617    3.809710    3.535907   19.982822    0.000000    0.000000    0.000000    0.000000    0.000000    0.000000
  -2.81694   42.893592    7.307883    3.792473    3.515410   19.943954    0.000000    0.000000    0.000000    0.000000    0.000000    0.000000
  -2.81094   43.001865    7.271348    3.773989    3.497359   19.915563    0.000000    0.000000    0.000000    0.000000    0.000000    0.000000
  -2.80493   43.167749    7.237405    3.754989    3.482416   19.898923    0.000000    0.000000    0.000000    0.000000    0.000000    0.000000
  -2.79893   43.390471    7.207119    3.736220    3.470899   19.894354    0.000000    0.000000    0.000000    0.000000    0.000000    0.000000
  -2.79293   43.666126    7.181243    3.718435    3.462808   19.901499    0.000000    0.000000    0.000000    0.000000    0.000000    0.000000
  -2.78693   43.988411    7.160239    3.702373    3.457866   19.919640    0.000000    0.000000    0.000000    0.000000    0.000000    0.000000
  -2.78093   44.349495    7.144310    3.688741    3.455569   19.947984    0.000000    0.000000    0.000000    0.000000    0.000000    0.000000
  -2.77492   44.740920    7.133423    3.678181    3.455243   19.985884    0.000000    0.000000    0.000000    0.000000    0.000000    0.000000
  -2.76892   45.154449    7.127336    3.671243    3.456093   20.032982    0.000000    0.000000    0.000000    0.000000    0.000000    0.000000
  -2.76292   45.582795    7.125612    3.668365    3.457248   20.089245    0.000000    0.000000    0.000000    0.000000    0.000000    0.000000
  -2.75692   46.020189    7.127649    3.669861    3.457789   20.154934    0.000000    0.000000    0.000000    0.000000    0.000000    0.000000
  -2.75092   46.462772    7.132710    3.675922    3.456789   20.230514    0.000000    0.000000    0.000000    0.000000    0.000000    0.000000
  -2.74491   46.908820    7.139979    3.686641    3.453338   20.316538    0.000000    0.000000    0.000000    0.000000    0.000000    0.000000
  -2.73891   47.358799    7.148633    3.702046    3.446587   20.413562    0.000000    0.000000    0.000000    0.000000    0.000000    0.000000
  -2.73291   47.815267    7.157935    3.722146    3.435790   20.522072    0.000000    0.000000    0.000000    0.000000    0.000000    0.000000
  -2.72691   48.282618    7.167337    3.746976    3.420361   20.642475    0.000000    0.000000    0.000000    0.000000    0.000000    0.000000
  -2.72091   48.766659    7.176573    3.776641    3.399932   20.775111    0.000000    0.000000    0.000000    0.000000    0.000000    0.000000
  -2.71490   49.274013    7.185729    3.811329    3.374400   20.920284    0.000000    0.000000    0.000000    0.000000    0.000000    0.000000
  -2.70890   49.811355    7.195274    3.851308    3.343966   21.078277    0.000000    0.000000    0.000000    0.000000    0.000000    0.000000
  -2.70290   50.384496    7.206022    3.896882    3.309140   21.249327    0.000000    0.000000    0.000000    0.000000    0.000000    0.000000
  -2.69690   50.997406    7.219048    3.948327    3.270721   21.433551    0.000000    0.000000    0.000000    0.000000    0.000000    0.000000
  -2.69090   51.651251    7.235541    4.005798    3.229743   21.630805    0.000000    0.000000    0.000000    0.000000    0.000000    0.000000
  -2.68489   52.343592    7.256620    4.069226    3.187393   21.840526    0.000000    0.000000    0.000000    0.000000    0.000000    0.000000
  -2.67889   53.067880    7.283152    4.138237    3.144915   22.061556    0.000000    0.000000    0.000000    0.000000    0.000000    0.000000
  -2.67289   53.813377    7.315585    4.212079    3.103506   22.292017    0.000000    0.000000    0.000000    0.000000    0.000000    0.000000
  -2.66689   54.565568    7.353839    4.289612    3.064227   22.529262    0.000000    0.000000    0.000000    0.000000    0.000000    0.000000
  -2.66089   55.307084    7.397271    4.369333    3.027938   22.769935    0.000000    0.000000    0.000000    0.000000    0.000000    0.000000
  -2.65488   56.019056    7.444724    4.449463    2.995261   23.010144    0.000000    0.000000    0.000000    0.000000    0.000000    0.000000
  -2.64888   56.682730    7.494659    4.528083    2.966576   23.245731    0.000000    0.000000    0.000000    0.000000    0.000000    0.000000
  -2.64288   57.281160    7.545340    4.603285    2.942056   23.472611    0.000000    0.000000    0.000000    0.000000    0.000000    0.000000
  -2.63688   57.800693    7.595051    4.673346    2.921705   23.687114    0.000000    0.000000    0.000000    0.000000    0.000000    0.000000
  -2.63088   58.232075    7.642301    4.736877    2.905424   23.886276    0.000000    0.000000    0.000000    0.000000    0.000000    0.000000
  -2.62487   58.570974    7.685989    4.792934    2.893054   24.068049    0.000000    0.000000    0.000000    0.000000    0.000000    0.000000
  -2.61887   58.817889    7.725498    4.841078    2.884420   24.231367    0.000000    0.000000    0.000000    0.000000    0.000000    0.000000
  -2.61287   58.977465    7.760714    4.881373    2.879341   24.376100    0.000000    0.000000    0.000000    0.000000    0.000000    0.000000
  -2.60687   59.057366    7.791963    4.914333    2.877630   24.502893    0.000000    0.000000    0.000000    0.000000    0.000000    0.000000
  -2.60087   59.066925    7.819893    4.940820    2.879073   24.612946    0.000000    0.000000    0.000000    0.000000    0.000000    0.000000
  -2.59486   59.015804    7.845322    4.961928    2.883393   24.707799    0.000000    0.000000    0.000000    0.000000    0.000000    0.000000
  -2.58886   58.912914    7.869090    4.978859    2.890231   24.789154    0.000000    0.000000    0.000000    0.000000    0.000000    0.000000
  -2.58286   58.765747    7.891939    4.992819    2.899120   24.858798    0.000000    0.000000    0.000000    0.000000    0.000000    0.000000
  -2.57686   58.580200    7.914449    5.004953    2.909496   24.918630    0.000000    0.000000    0.000000    0.000000    0.000000    0.000000
  -2.57086   58.360865    7.937029    5.016316    2.920713   24.970781    0.000000    0.000000    0.000000    0.000000    0.000000    0.000000
  -2.56485   58.111666    7.959964    5.027877    2.932087   25.017781    0.000000    0.000000    0.000000    0.000000    0.000000    0.000000
  -2.55885   57.836657    7.983508    5.040560    2.942948   25.062734    0.000000    0.000000    0.000000    0.000000    0.000000    0.000000
  -2.55285   57.540768    8.007983    5.055283    2.952700   25.109410    0.000000    0.000000    0.000000    0.000000    0.000000    0.000000
  -2.54685   57.230319    8.033868    5.073002    2.960866   25.162225    0.000000    0.000000    0.000000    0.000000    0.000000    0.000000
  -2.54085   56.913157    8.061850    5.094727    2.967123   25.226065    0.000000    0.000000    0.000000    0.000000    0.000000    0.000000
  -2.53484   56.598373    8.092830    5.121511    2.971319   25.305954    0.000000    0.000000    0.000000    0.000000    0.000000    0.000000
  -2.52884   56.295628    8.127858    5.154401    2.973457   25.406596    0.000000    0.000000    0.000000    0.000000    0.000000    0.000000
  -2.52284   56.014207    8.168025    5.194361    2.973664   25.531857    0.000000    0.000000    0.000000    0.000000    0.000000    0.000000
  -2.51684   55.761962    8.214325    5.242179    2.972147   25.684255    0.000000    0.000000    0.000000    0.000000    0.000000    0.000000
  -2.51084   55.544343    8.267492    5.298366    2.969127   25.864543    0.000000    0.000000    0.000000    0.000000    0.000000    0.000000
  -2.50483   55.363675    8.327862    5.363070    2.964792   26.071466    0.000000    0.000000    0.000000    0.000000    0.000000    0.000000
  -2.49883   55.218821    8.395262    5.436017    2.959245   26.301715    0.000000    0.000000    0.000000    0.000000    0.000000    0.000000
  -2.49283   55.105295    8.468962    5.516488    2.952474   26.550127    0.000000    0.000000    0.000000    0.000000    0.000000    0.000000
  -2.48683   55.015797    8.547683    5.603343    2.944339   26.810086    0.000000    0.000000    0.000000    0.000000    0.000000    0.000000
  -2.48083   54.941115    8.629665    5.695082    2.934583   27.074102    0.000000    0.000000    0.000000    0.000000    0.000000    0.000000
  -2.47482   54.871242    8.712798    5.789944    2.922855   27.334465    0.000000    0.000000    0.000000    0.000000    0.000000    0.000000
  -2.46882   54.796560    8.794781    5.886028    2.908753   27.583928    0.000000    0.000000    0.000000    0.000000    0.000000    0.000000
  -2.46282   54.708908    8.873299    5.981423    2.891876   27.816303    0.000000    0.000000    0.000000    0.000000    0.000000    0.000000
  -2.45682   54.602423    8.946203    6.074328    2.871875   28.026912    0.000000    0.000000    0.000000    0.000000    0.000000    0.000000
  -2.45082   54.474014    9.011656    6.163153    2.848502   28.212852    0.000000    0.000000    0.000000    0.000000    0.000000    0.000000
  -2.44481   54.323457    9.068243    6.246589    2.821654   28.373038    0.000000    0.000000    0.000000    0.000000    0.000000    0.000000
  -2.43881   54.153100    9.115039    6.323640    2.791399   28.508045    0.000000    0.000000    0.000000    0.000000    0.000000    0.000000
  -2.43281   53.967260    9.151614    6.393623    2.757992   28.619778    0.000000    0.000000    0.000000    0.000000    0.000000    0.000000
  -2.42681   53.771415    9.178008    6.456139    2.721868   28.711045    0.000000    0.000000    0.000000    0.000000    0.000000    0.000000
  -2.42081   53.571332    9.194664    6.511032    2.683631   28.785083    0.000000    0.000000    0.000000    0.000000    0.000000    0.000000
  -2.41480   53.372266    9.202351    6.558336    2.644015   28.845131    0.000000    0.000000    0.000000    0.000000    0.000000    0.000000
  -2.40880   53.178368    9.202085    6.598242    2.603843   28.894105    0.000000    0.000000    0.000000    0.000000    0.000000    0.000000
  -2.40280   52.992376    9.195057    6.631081    2.563976   28.934421    0.000000    0.000000    0.000000    0.000000    0.000000    0.000000
  -2.39680   52.815645    9.182591    6.657330    2.525262   28.967980    0.000000    0.000000    0.000000    0.000000    0.000000    0.000000
  -2.39080   52.648485    9.166119    6.677641    2.488479   28.996318    0.000000    0.000000    0.000000    0.000000    0.000000    0.000000
  -2.38479   52.490759    9.147172    6.692882    2.454290   29.020860    0.000000    0.000000    0.000000    0.000000    0.000000    0.000000
  -2.37879   52.342603    9.127380    6.704176    2.423203   29.043242    0.000000    0.000000    0.000000    0.000000    0.000000    0.000000
  -2.37279   52.205160    9.108467    6.712921    2.395546   29.065609    0.000000    0.000000    0.000000    0.000000    0.000000    0.000000
  -2.36679   52.081161    9.092225    6.720780    2.371446   29.090835    0.000000    0.000000    0.000000    0.000000    0.000000    0.000000
  -2.36079   51.975247    9.080460    6.729627    2.350833   29.122597    0.000000    0.000000    0.000000    0.000000    0.000000    0.000000
  -2.35478   51.893953    9.074907    6.741457    2.333450   29.165281    0.000000    0.000000    0.000000    0.000000    0.000000    0.000000
  -2.34878   51.845320    9.077127    6.758248    2.318879   29.223705    0.000000    0.000000    0.000000    0.000000    0.000000    0.000000
  -2.34278   51.838178    9.088383    6.781810    2.306573   29.302696    0.000000    0.000000    0.000000    0.000000    0.000000    0.000000
  -2.33678   51.881189    9.109530    6.813632    2.295898   29.406590    0.000000    0.000000    0.000000    0.000000    0.000000    0.000000
  -2.33078   51.981796    9.140927    6.854743    2.286184   29.538699    0.000000    0.000000    0.000000    0.000000    0.000000    0.000000
  -2.32477   52.145216    9.182389    6.905621    2.276768   29.700874    0.000000    0.000000    0.000000    0.000000    0.000000    0.000000
  -2.31877   52.373658    9.233199    6.966157    2.267042   29.893197    0.000000    0.000000    0.000000    0.000000    0.000000    0.000000
  -2.31277   52.665879    9.292177    7.035682    2.256495   30.113899    0.000000    0.000000    0.000000    0.000000    0.000000    0.000000
  -2.30677   53.017150    9.357797    7.113050    2.244746   30.359498    0.000000    0.000000    0.000000    0.000000    0.000000    0.000000
  -2.30077   53.419668    9.428347    7.196780    2.231567   30.625170    0.000000    0.000000    0.000000    0.000000    0.000000    0.000000
  -2.29476   53.863340    9.502106    7.285212    2.216894   30.905303    0.000000    0.000000    0.000000    0.000000    0.000000    0.000000
  -2.28876   54.336835    9.577508    7.376679    2.200829   31.194152    0.000000    0.000000    0.000000    0.000000    0.000000    0.000000
  -2.28276   54.828762    9.653276    7.469650    2.183626   31.486508    0.000000    0.000000    0.000000    0.000000    0.000000    0.000000
  -2.27676   55.328793    9.728505    7.562842    2.165663   31.778295    0.000000    0.000000    0.000000    0.000000    0.000000    0.000000
  -2.27076   55.828587    9.802681    7.655269    2.147412   32.067001    0.000000    0.000000    0.000000    0.000000    0.000000    0.000000
  -2.26475   56.322405    9.875642    7.746247    2.129395   32.351889    0.000000    0.000000    0.000000    0.000000    0.000000    0.000000
  -2.25875   56.807353    9.947483    7.835345    2.112138   32.633984    0.000000    0.000000    0.000000    0.000000    0.000000    0.000000
  -2.25275   57.283258   10.018442    7.922307    2.096134   32.915834    0.000000    0.000000    0.000000    0.000000    0.000000    0.000000
  -2.24675   57.752263   10.088769    8.006962    2.081807   33.201108    0.000000    0.000000    0.000000    0.000000    0.000000    0.000000
  -2.24075   58.218203   10.158624    8.089143    2.069481   33.494100    0.000000    0.000000    0.000000    0.000000    0.000000    0.000000
  -2.23474   58.685928   10.228005    8.168632    2.059373   33.799211    0.000000    0.000000    0.000000    0.000000    0.000000    0.000000
  -2.22874   59.160623   10.296734    8.245144    2.051590   34.120485    0.000000    0.000000    0.000000    0.000000    0.000000    0.000000
  -2.22274   59.647238   10.364485    8.318348    2.046137   34.461233    0.000000    0.000000    0.000000    0.000000    0.000000    0.000000
  -2.21674   60.150022   10.430844    8.387912    2.042932   34.823770    0.000000    0.000000    0.000000    0.000000    0.000000    0.000000
  -2.21074   60.672156   10.495392    8.453561    2.041831   35.209263    0.000000    0.000000    0.000000    0.000000    0.000000    0.000000
  -2.20473   61.215435   10.557768    8.515134    2.042635   35.617647    0.000000    0.000000    0.000000    0.000000    0.000000    0.000000
  -2.19873   61.779950   10.617712    8.572604    2.045107   36.047587    0.000000    0.000000    0.000000    0.000000    0.000000    0.000000
  -2.19273   62.363746   10.675055    8.626079    2.048976   36.496457    0.000000    0.000000    0.000000    0.000000    0.000000    0.000000
  -2.18673   62.962450   10.729677    8.675750    2.053926   36.960326    0.000000    0.000000    0.000000    0.000000    0.000000    0.000000
  -2.18073   63.568935   10.781423    8.721826    2.059597   37.433953    0.000000    0.000000    0.000000    0.000000    0.000000    0.000000
  -2.17472   64.173104   10.830012    8.764442    2.065570   37.910835    0.000000    0.000000    0.000000    0.000000    0.000000    0.000000
  -2.16872   64.761886   10.874955    8.803593    2.071362   38.383333    0.000000    0.000000    0.000000    0.000000    0.000000    0.000000
  -2.16272   65.319569   10.915514    8.839076    2.076438   38.842918    0.000000    0.000000    0.000000    0.000000    0.000000    0.000000
  -2.15672   65.828495   10.950720    8.870499    2.080221   39.280556    0.000000    0.000000    0.000000    0.000000    0.000000    0.000000
  -2.15072   66.270132   10.979446    8.897321    2.082125   39.687231    0.000000    0.000000    0.000000    0.000000    0.000000    0.000000
  -2.14471   66.626455   11.000541    8.918952    2.081589   40.054567    0.000000    0.000000    0.000000    0.000000    0.000000    0.000000
  -2.13871   66.881482   11.013006    8.934877    2.078129   40.375503    0.000000    0.000000    0.000000    0.000000    0.000000    0.000000
  -2.13271   67.022817   11.016182    8.944803    2.071378   40.644936    0.000000    0.000000    0.000000    0.000000    0.000000    0.000000
  -2.12671   67.042984   11.009917    8.948791    2.061126   40.860255    0.000000    0.000000    0.000000    0.000000    0.000000    0.000000
  -2.12071   66.940392   10.994703    8.947355    2.047348   41.021709    0.000000    0.000000    0.000000    0.000000    0.000000    0.000000
  -2.11470   66.719803   10.971738    8.941522    2.030216   41.132537    0.000000    0.000000    0.000000    0.000000    0.000000    0.000000
  -2.10870   66.392241   10.942921    8.932828    2.010093   41.198866    0.000000    0.000000    0.000000    0.000000    0.000000    0.000000
  -2.10270   65.974348   10.910774    8.923262    1.987512   41.229355    0.000000    0.000000    0.000000    0.000000    0.000000    0.000000
  -2.09670   65.487280   10.878297    8.915162    1.963135   41.234648    0.000000    0.000000    0.000000    0.000000    0.000000    0.000000
  -2.09070   64.955261   10.848784    8.911074    1.937710   41.226681    0.000000    0.000000    0.000000    0.000000    0.000000    0.000000
  -2.08469   64.403970   10.825607    8.913590    1.912017   41.217905    0.000000    0.000000    0.000000    0.000000    0.000000    0.000000
  -2.07869   63.858916   10.812009    8.925192    1.886817   41.220518    0.000000    0.000000    0.000000    0.000000    0.000000    0.000000
  -2.07269   63.343983   10.810910    8.948107    1.862803   41.245769    0.000000    0.000000    0.000000    0.000000    0.000000    0.000000
  -2.06669   62.880235   10.824759    8.984192    1.840566   41.303375    0.000000    0.000000    0.000000    0.000000    0.000000    0.000000
  -2.06069   62.485077   10.855432    9.034864    1.820568   41.401120    0.000000    0.000000    0.000000    0.000000    0.000000    0.000000
  -2.05468   62.171796   10.904190    9.101062    1.803128   41.544624    0.000000    0.000000    0.000000    0.000000    0.000000    0.000000
  -2.04868   61.949450   10.971683    9.183264    1.788419   41.737297    0.000000    0.000000    0.000000    0.000000    0.000000    0.000000
  -2.04268   61.823064   11.058011    9.281529    1.776481   41.980443    0.000000    0.000000    0.000000    0.000000    0.000000    0.000000
  -2.03668   61.794023   11.162810    9.395575    1.767234   42.273471    0.000000    0.000000    0.000000    0.000000    0.000000    0.000000
  -2.03068   61.860583   11.285366    9.524864    1.760502   42.614178    0.000000    0.000000    0.000000    0.000000    0.000000    0.000000
  -2.02467   62.018404   11.424735    9.668699    1.756036   42.999030    0.000000    0.000000    0.000000    0.000000    0.000000    0.000000
  -2.01867   62.261025   11.579849    9.826311    1.753539   43.423434    0.000000    0.000000    0.000000    0.000000    0.000000    0.000000
  -2.01267   62.580250   11.749615    9.996931    1.752683   43.881947    0.000000    0.000000    0.000000    0.000000    0.000000    0.000000
  -2.00667   62.966428   11.932983   10.179849    1.753134   44.368425    0.000000    0.000000    0.000000    0.000000    0.000000    0.000000
  -2.00067   63.408644   12.128996   10.374440    1.754556   44.876136    0.000000    0.000000    0.000000    0.000000    0.000000    0.000000
  -1.99466   63.894890   12.336811   10.580184    1.756627   45.397844    0.000000    0.000000    0.000000    0.000000    0.000000    0.000000
  -1.98866   64.412245   12.555698   10.796655    1.759043   45.925909    0.000000    0.000000    0.000000    0.000000    0.000000    0.000000
  -1.98266   64.947144   12.785029   11.023505    1.761524   46.452430    0.000000    0.000000    0.000000    0.000000    0.000000    0.000000
  -1.97666   65.485759   13.024245   11.260431    1.763814   46.969457    0.000000    0.000000    0.000000    0.000000    0.000000    0.000000
  -1.97066   66.014511   13.272823   11.507131    1.765692   47.469270    0.000000    0.000000    0.000000    0.000000    0.000000    0.000000
  -1.96465   66.520685   13.530223   11.763259    1.766965   47.944718    0.000000    0.000000    0.000000    0.000000    0.000000    0.000000
  -1.95865   66.993113   13.795846   12.028367    1.767480   48.389590    0.000000    0.000000    0.000000    0.000000    0.000000    0.000000
  -1.95265   67.422834   14.068976   12.301854    1.767122   48.798978    0.000000    0.000000    0.000000    0.000000    0.000000    0.000000
  -1.94665   67.803668   14.348735   12.582919    1.765816   49.169587    0.000000    0.000000    0.000000    0.000000    0.000000    0.000000
  -1.94065   68.132626   14.634052   12.870523    1.763529   49.499963    0.000000    0.000000    0.000000    0.000000    0.000000    0.000000
  -1.93464   68.410097   14.923643   13.163378    1.760265   49.790605    0.000000    0.000000    0.000000    0.000000    0.000000    0.000000
  -1.92864   68.639790   15.216031   13.459961    1.756070   50.043963    0.000000    0.000000    0.000000    0.000000    0.000000    0.000000
  -1.92264   68.828434   15.509592   13.758567    1.751025   50.264311    0.000000    0.000000    0.000000    0.000000    0.000000    0.000000
  -1.91664   68.985271   15.802641   14.057390    1.745251   50.457536    0.000000    0.000000    0.000000    0.000000    0.000000    0.000000
  -1.91064   69.121397   16.093548   14.354638    1.738910   50.630835    0.000000    0.000000    0.000000    0.000000    0.000000    0.000000
  -1.90463   69.249016   16.380872   14.648665    1.732208   50.792385    0.000000    0.000000    0.000000    0.000000    0.000000    0.000000
  -1.89863   69.380668   16.663501   14.938102    1.725399   50.950962    0.000000    0.000000    0.000000    0.000000    0.000000    0.000000
  -1.89263   69.528497   16.940763   15.221975    1.718788   51.115552    0.000000    0.000000    0.000000    0.000000    0.000000    0.000000
  -1.88663   69.703564   17.212512   15.499783    1.712729   51.294935    0.000000    0.000000    0.000000    0.000000    0.000000    0.000000
  -1.88063   69.915242   17.479134   15.771516    1.707618   51.497239    0.000000    0.000000    0.000000    0.000000    0.000000    0.000000
  -1.87462   70.170669   17.741495   16.037618    1.703877   51.729456    0.000000    0.000000    0.000000    0.000000    0.000000    0.000000
  -1.86862   70.474258   18.000805   16.298871    1.701934   51.996923    0.000000    0.000000    0.000000    0.000000    0.000000    0.000000
  -1.86262   70.827250   18.258414   16.556224    1.702190   52.302773    0.000000    0.000000    0.000000    0.000000    0.000000    0.000000
  -1.85662   71.227303   18.515555   16.810570    1.704985   52.647397    0.000000    0.000000    0.000000    0.000000    0.000000    0.000000
  -1.85062   71.668172   18.773067   17.062508    1.710559   53.027960    0.000000    0.000000    0.000000    0.000000    0.000000    0.000000
  -1.84461   72.139495   19.031129   17.312111    1.719018   53.438048    0.000000    0.000000    0.000000    0.000000    0.000000    0.000000
  -1.83861   72.626773   19.289031   17.558731    1.730299   53.867507    0.000000    0.000000    0.000000    0.000000    0.000000    0.000000
  -1.83261   73.111617   19.545035   17.800878    1.744156   54.302567    0.000000    0.000000    0.000000    0.000000    0.000000    0.000000
  -1.82661   73.572303   19.796330   18.036181    1.760149   54.726273    0.000000    0.000000    0.000000    0.000000    0.000000    0.000000
  -1.82061   73.984691   20.039107   18.261451    1.777656   55.119262    0.000000    0.000000    0.000000    0.000000    0.000000    0.000000
  -1.81460   74.323484   20.268745   18.472848    1.795897   55.460853    0.000000    0.000000    0.000000    0.000000    0.000000    0.000000
  -1.80860   74.563759   20.480099   18.666122    1.813976   55.730376    0.000000    0.000000    0.000000    0.000000    0.000000    0.000000
  -1.80260   74.682673   20.667860   18.836925    1.830936   55.908637    0.000000    0.000000    0.000000    0.000000    0.000000    0.000000
  -1.79660   74.661169   20.826949   18.981138    1.845811   55.979375    0.000000    0.000000    0.000000    0.000000    0.000000    0.000000
  -1.79060   74.485515   20.952900   19.095201    1.857699   55.930559    0.000000    0.000000    0.000000    0.000000    0.000000    0.000000
  -1.78459   74.148503   21.042198   19.176387    1.865810   55.755382    0.000000    0.000000    0.000000    0.000000    0.000000    0.000000
  -1.77859   73.650154   21.092537   19.223016    1.869522   55.452840    0.000000    0.000000    0.000000    0.000000    0.000000    0.000000
  -1.77259   72.997841   21.102971   19.234560    1.868411   55.027824    0.000000    0.000000    0.000000    0.000000    0.000000    0.000000
  -1.76659   72.205809   21.073943   19.211665    1.862278   54.490725    0.000000    0.000000    0.000000    0.000000    0.000000    0.000000
  -1.76059   71.294125   21.007214   19.156065    1.851149   53.856579    0.000000    0.000000    0.000000    0.000000    0.000000    0.000000
  -1.75458   70.287191   20.905681   19.070418    1.835264   53.143871    0.000000    0.000000    0.000000    0.000000    0.000000    0.000000
  -1.74858   69.211951   20.773137   18.958083    1.815053   52.373106    0.000000    0.000000    0.000000    0.000000    0.000000    0.000000
  -1.74258   68.096002   20.613969   18.822863    1.791106   51.565316    0.000000    0.000000    0.000000    0.000000    0.000000    0.000000
  -1.73658   66.965772   20.432860   18.668730    1.764130   50.740635    0.000000    0.000000    0.000000    0.000000    0.000000    0.000000
  -1.73058   65.844934   20.234485   18.499577    1.734908   49.917064    0.000000    0.000000    0.000000    0.000000    0.000000    0.000000
  -1.72457   64.753171   20.023251   18.318987    1.704264   49.109534    0.000000    0.000000    0.000000    0.000000    0.000000    0.000000
  -1.71857   63.705362   19.803074   18.130055    1.673019   48.329298    0.000000    0.000000    0.000000    0.000000    0.000000    0.000000
  -1.71257   62.711226   19.577222   17.935259    1.641963   47.583683    0.000000    0.000000    0.000000    0.000000    0.000000    0.000000
  -1.70657   61.775380   19.348214   17.736391    1.611824   46.876175    0.000000    0.000000    0.000000    0.000000    0.000000    0.000000
  -1.70057   60.897798   19.117797   17.534553    1.583244   46.206799    0.000000    0.000000    0.000000    0.000000    0.000000    0.000000
  -1.69456   60.074569   18.886977   17.330213    1.556764   45.572730    0.000000    0.000000    0.000000    0.000000    0.000000    0.000000
  -1.68856   59.298882   18.656135   17.123323    1.532811   44.969075    0.000000    0.000000    0.000000    0.000000    0.000000    0.000000
  -1.68256   58.562154   18.425186   16.913492    1.511694   44.389739    0.000000    0.000000    0.000000    0.000000    0.000000    0.000000
  -1.67656   57.855185   18.193805   16.700197    1.493608   43.828313    0.000000    0.000000    0.000000    0.000000    0.000000    0.000000
  -1.67056   57.169260   17.961667   16.483025    1.478642   43.278909    0.000000    0.000000    0.000000    0.000000    0.000000    0.000000
  -1.66455   56.497102   17.728705   16.261904    1.466801   42.736865    0.000000    0.000000    0.000000    0.000000    0.000000    0.000000
  -1.65855   55.833588   17.495343   16.037322    1.458021   42.199279    0.000000    0.000000    0.000000    0.000000    0.000000    0.000000
  -1.65255   55.176177   17.262669   15.810475    1.452193   41.665311    0.000000    0.000000    0.000000    0.000000    0.000000    0.000000
  -1.64655   54.524999   17.032542   15.583354    1.449189   41.136231    0.000000    0.000000    0.000000    0.000000    0.000000    0.000000
  -1.64055   53.882621   16.807590   15.358722    1.448869   40.615221    0.000000    0.000000    0.000000    0.000000    0.000000    0.000000
  -1.63454   53.253502   16.591109   15.140011    1.451098   40.106950    0.000000    0.000000    0.000000    0.000000    0.000000    0.000000
  -1.62854   52.643228   16.386855   14.931112    1.455743   39.616964    0.000000    0.000000    0.000000    0.000000    0.000000    0.000000
  -1.62254   52.057605   16.198768   14.736106    1.462662   39.150976    0.000000    0.000000    0.000000    0.000000    0.000000    0.000000
  -1.61654   51.501738   16.030630   14.558938    1.471692   38.714133    0.000000    0.000000    0.000000    0.000000    0.000000    0.000000
  -1.61054   50.979188   15.885720   14.403096    1.482624   38.310338    0.000000    0.000000    0.000000    0.000000    0.000000    0.000000
  -1.60453   50.491323   15.766490   14.271303    1.495188   37.941701    0.000000    0.000000    0.000000    0.000000    0.000000    0.000000
  -1.59853   50.036912   15.674304   14.165276    1.509028   37.608184    0.000000    0.000000    0.000000    0.000000    0.000000    0.000000
  -1.59253   49.611998   15.609264   14.085564    1.523700   37.307443    0.000000    0.000000    0.000000    0.000000    0.000000    0.000000
  -1.58653   49.210045   15.570138   14.031474    1.538664   37.034886    0.000000    0.000000    0.000000    0.000000    0.000000    0.000000
  -1.58053   48.822306   15.554400   14.001101    1.553299   36.783910    0.000000    0.000000    0.000000    0.000000    0.000000    0.000000
  -1.57452   48.438353   15.558361   13.991437    1.566923   36.546268    0.000000    0.000000    0.000000    0.000000    0.000000    0.000000
  -1.56852   48.046690   15.577372   13.998551    1.578821   36.312530    0.000000    0.000000    0.000000    0.000000    0.000000    0.000000
  -1.56252   47.635373   15.606086   14.017805    1.588280   36.072556    0.000000    0.000000    0.000000    0.000000    0.000000    0.000000
  -1.55652   47.192584   15.638726   14.044099    1.594627   35.815966    0.000000    0.000000    0.000000    0.000000    0.000000    0.000000
  -1.55052   46.707120   15.669362   14.072100    1.597262   35.532562    0.000000    0.000000    0.000000    0.000000    0.000000    0.000000
  -1.54451   46.168777   15.692145   14.096457    1.595689   35.212691    0.000000    0.000000    0.000000    0.000000    0.000000    0.000000
  -1.53851   45.568646   15.701517   14.111983    1.589534   34.847549    0.000000    0.000000    0.000000    0.000000    0.000000    0.000000
  -1.53251   44.899333   15.692364   14.113802    1.578561   34.429446    0.000000    0.000000    0.000000    0.000000    0.000000    0.000000
  -1.52651   44.155121   15.660133   14.097458    1.562675   33.952018    0.000000    0.000000    0.000000    0.000000    0.000000    0.000000
  -1.52051   43.332101   15.600906   14.058994    1.541911   33.410417    0.000000    0.000000    0.000000    0.000000    0.000000    0.000000
  -1.51450   42.428267   15.511441   13.995013    1.516428   32.801463    0.000000    0.000000    0.000000    0.000000    0.000000    0.000000
  -1.50850   41.443574   15.389188   13.902705    1.486483   32.123741    0.000000    0.000000    0.000000    0.000000    0.000000    0.000000
  -1.50250   40.379946   15.232283   13.779867    1.452416   31.377646    0.000000    0.000000    0.000000    0.000000    0.000000    0.000000
  -1.49650   39.241208   15.039520   13.624895    1.414625   30.565338    0.000000    0.000000    0.000000    0.000000    0.000000    0.000000
  -1.49050   38.032929   14.810312   13.436771    1.373541   29.690604    0.000000    0.000000    0.000000    0.000000    0.000000    0.000000
  -1.48449   36.762174   14.544632   13.215017    1.329614   28.758619    0.000000    0.000000    0.000000    0.000000    0.000000    0.000000
  -1.47849   35.437165   14.242948   12.959655    1.283293   27.775632    0.000000    0.000000    0.000000    0.000000    0.000000    0.000000
  -1.47249   34.066893   13.906158   12.671140    1.235018   26.748579    0.000000    0.000000    0.000000    0.000000    0.000000    0.000000
  -1.46649   32.660707   13.535516   12.350302    1.185213   25.684691    0.000000    0.000000    0.000000    0.000000    0.000000    0.000000
  -1.46049   31.227938   13.132590   11.998301    1.134289   24.591128    0.000000    0.000000    0.000000    0.000000    0.000000    0.000000
  -1.45448   29.777608   12.699237   11.616592    1.082644   23.474687    0.000000    0.000000    0.000000    0.000000    0.000000    0.000000
  -1.44848   28.318252   12.237609   11.206928    1.030681   22.341630    0.000000    0.000000    0.000000    0.000000    0.000000    0.000000
  -1.44248   26.857902   11.750208   10.771394    0.978814   21.197651    0.000000    0.000000    0.000000    0.000000    0.000000    0.000000
  -1.43648   25.404204   11.239973   10.312483    0.927489   20.047993    0.000000    0.000000    0.000000    0.000000    0.000000    0.000000
  -1.43048   23.964662   10.710395    9.833201    0.877194   18.897687    0.000000    0.000000    0.000000    0.000000    0.000000    0.000000
  -1.42447   22.546946   10.165650    9.337179    0.828471   17.751877    0.000000    0.000000    0.000000    0.000000    0.000000    0.000000
  -1.41847   21.159206    9.610706    8.828785    0.781922   16.616172    0.000000    0.000000    0.000000    0.000000    0.000000    0.000000
  -1.41247   19.810288    9.051393    8.313197    0.738196   15.496954    0.000000    0.000000    0.000000    0.000000    0.000000    0.000000
  -1.40647   18.509807    8.494385    7.796403    0.697982   14.401573    0.000000    0.000000    0.000000    0.000000    0.000000    0.000000
  -1.40047   17.267988    7.947074    7.285108    0.661966   13.338365    0.000000    0.000000    0.000000    0.000000    0.000000    0.000000
  -1.39446   16.095262    7.417319    6.786523    0.630796   12.316458    0.000000    0.000000    0.000000    0.000000    0.000000    0.000000
  -1.38846   15.001621    6.913059    6.308036    0.605022   11.345361    0.000000    0.000000    0.000000    0.000000    0.000000    0.000000
  -1.38246   13.995789    6.441816    5.856780    0.585036   10.434353    0.000000    0.000000    0.000000    0.000000    0.000000    0.000000
  -1.37646   13.084304    6.010134    5.439125    0.571009    9.591745    0.000000    0.000000    0.000000    0.000000    0.000000    0.000000
  -1.37046   12.270640    5.622995    5.060158    0.562837    8.824096    0.000000    0.000000    0.000000    0.000000    0.000000    0.000000
  -1.36445   11.554496    5.283308    4.723208    0.560101    8.135492    0.000000    0.000000    0.000000    0.000000    0.000000    0.000000
  -1.35845   10.931398    4.991523    4.429472    0.562052    7.526992    0.000000    0.000000    0.000000    0.000000    0.000000    0.000000
  -1.35245   10.392691    4.745451    4.177825    0.567626    6.996334    0.000000    0.000000    0.000000    0.000000    0.000000    0.000000
  -1.34645    9.925987    4.540321    3.964830    0.575491    6.537960    0.000000    0.000000    0.000000    0.000000    0.000000    0.000000
  -1.34045    9.516047    4.369098    3.784976    0.584122    6.143383    0.000000    0.000000    0.000000    0.000000    0.000000    0.000000
  -1.33444    9.146014    4.223040    3.631133    0.591908    5.801860    0.000000    0.000000    0.000000    0.000000    0.000000    0.000000
  -1.32844    8.798892    4.092439    3.495170    0.597269    5.501318    0.000000    0.000000    0.000000    0.000000    0.000000    0.000000
  -1.32244    8.459074    3.967469    3.368682    0.598788    5.229408    0.000000    0.000000    0.000000    0.000000    0.000000    0.000000
  -1.31644    8.113770    3.839057    3.243738    0.595319    4.974587    0.000000    0.000000    0.000000    0.000000    0.000000    0.000000
  -1.31044    7.754138    3.699660    3.113569    0.586091    4.727087    0.000000    0.000000    0.000000    0.000000    0.000000    0.000000
  -1.30443    7.376014    3.543879    2.973116    0.570762    4.479667    0.000000    0.000000    0.000000    0.000000    0.000000    0.000000
  -1.29843    6.980143    3.368836    2.819387    0.549450    4.228071    0.000000    0.000000    0.000000    0.000000    0.000000    0.000000
  -1.29243    6.571900    3.174289    2.651585    0.522704    3.971145    0.000000    0.000000    0.000000    0.000000    0.000000    0.000000
  -1.28643    6.160547    2.962466    2.471012    0.491454    3.710629    0.000000    0.000000    0.000000    0.000000    0.000000    0.000000
  -1.28043    5.758125    2.737681    2.280767    0.456914    3.450650    0.000000    0.000000    0.000000    0.000000    0.000000    0.000000
  -1.27442    5.378107    2.505766    2.085291    0.420475    3.197012    0.000000    0.000000    0.000000    0.000000    0.000000    0.000000
  -1.26842    5.033977    2.273395    1.889816    0.383579    2.956362    0.000000    0.000000    0.000000    0.000000    0.000000    0.000000
  -1.26242    4.737879    2.047406    1.699797    0.347609    2.735341    0.000000    0.000000    0.000000    0.000000    0.000000    0.000000
  -1.25642    4.499467    1.834158    1.520375    0.313783    2.539822    0.000000    0.000000    0.000000    0.000000    0.000000    0.000000
  -1.25042    4.325056    1.639017    1.355935    0.283082    2.374284    0.000000    0.000000    0.000000    0.000000    0.000000    0.000000
  -1.24441    4.217132    1.465992    1.209793    0.256199    2.241409    0.000000    0.000000    0.000000    0.000000    0.000000    0.000000
  -1.23841    4.174244    1.317546    1.084020    0.233526    2.141890    0.000000    0.000000    0.000000    0.000000    0.000000    0.000000
  -1.23241    4.191241    1.194570    0.979411    0.215159    2.074467    0.000000    0.000000    0.000000    0.000000    0.000000    0.000000
  -1.22641    4.259831    1.096515    0.895578    0.200938    2.036142    0.000000    0.000000    0.000000    0.000000    0.000000    0.000000
  -1.22041    4.369356    1.021629    0.831134    0.190495    2.022553    0.000000    0.000000    0.000000    0.000000    0.000000    0.000000
  -1.21440    4.507719    0.967262    0.783948    0.183315    2.028432    0.000000    0.000000    0.000000    0.000000    0.000000    0.000000
  -1.20840    4.662364    0.930215    0.751416    0.178799    2.048097    0.000000    0.000000    0.000000    0.000000    0.000000    0.000000
  -1.20240    4.821215    0.907064    0.730738    0.176325    2.075934    0.000000    0.000000    0.000000    0.000000    0.000000    0.000000
  -1.19640    4.973508    0.894459    0.719161    0.175299    2.106817    0.000000    0.000000    0.000000    0.000000    0.000000    0.000000
  -1.19040    5.110440    0.889361    0.714170    0.175192    2.136430    0.000000    0.000000    0.000000    0.000000    0.000000    0.000000
  -1.18439    5.225603    0.889198    0.713625    0.175573    2.161491    0.000000    0.000000    0.000000    0.000000    0.000000    0.000000
  -1.17839    5.315181    0.891957    0.715837    0.176120    2.179845    0.000000    0.000000    0.000000    0.000000    0.000000    0.000000
  -1.17239    5.377921    0.896197    0.719576    0.176621    2.190459    0.000000    0.000000    0.000000    0.000000    0.000000    0.000000
  -1.16639    5.414893    0.901007    0.724042    0.176965    2.193317    0.000000    0.000000    0.000000    0.000000    0.000000    0.000000
  -1.16039    5.429115    0.905916    0.728790    0.177126    2.189257    0.000000    0.000000    0.000000    0.000000    0.000000    0.000000
  -1.15438    5.425077    0.910781    0.733637    0.177144    2.179764    0.000000    0.000000    0.000000    0.000000    0.000000    0.000000
  -1.14838    5.408253    0.915658    0.738559    0.177099    2.166762    0.000000    0.000000    0.000000    0.000000    0.000000    0.000000
  -1.14238    5.384641    0.920697    0.743605    0.177092    2.152420    0.000000    0.000000    0.000000    0.000000    0.000000    0.000000
  -1.13638    5.360400    0.926043    0.748816    0.177227    2.139003    0.000000    0.000000    0.000000    0.000000    0.000000    0.000000
  -1.13038    5.341586    0.931788    0.754183    0.177605    2.128769    0.000000    0.000000    0.000000    0.000000    0.000000    0.000000
  -1.12437    5.334008    0.937947    0.759635    0.178312    2.123910    0.000000    0.000000    0.000000    0.000000    0.000000    0.000000
  -1.11837    5.343185    0.944472    0.765046    0.179426    2.126541    0.000000    0.000000    0.000000    0.000000    0.000000    0.000000
  -1.11237    5.374358    0.951296    0.770276    0.181020    2.138708    0.000000    0.000000    0.000000    0.000000    0.000000    0.000000
  -1.10637    5.432528    0.958392    0.775223    0.183169    2.162404    0.000000    0.000000    0.000000    0.000000    0.000000    0.000000
  -1.10037    5.522465    0.965833    0.779873    0.185960    2.199571    0.000000    0.000000    0.000000    0.000000    0.000000    0.000000
  -1.09436    5.648666    0.973842    0.784347    0.189495    2.252084    0.000000    0.000000    0.000000    0.000000    0.000000    0.000000
  -1.08836    5.815232    0.982821    0.788929    0.193892    2.321684    0.000000    0.000000    0.000000    0.000000    0.000000    0.000000
  -1.08236    6.025666    0.993351    0.794075    0.199276    2.409894    0.000000    0.000000    0.000000    0.000000    0.000000    0.000000
  -1.07636    6.282591    1.006157    0.800383    0.205773    2.517889    0.000000    0.000000    0.000000    0.000000    0.000000    0.000000
  -1.07036    6.587441    1.022046    0.808553    0.213492    2.646348    0.000000    0.000000    0.000000    0.000000    0.000000    0.000000
  -1.06435    6.940119    1.041821    0.819315    0.222506    2.795306    0.000000    0.000000    0.000000    0.000000    0.000000    0.000000
  -1.05835    7.338698    1.066181    0.833349    0.232832    2.964005    0.000000    0.000000    0.000000    0.000000    0.000000    0.000000
  -1.05235    7.779179    1.095620    0.851201    0.244420    3.150779    0.000000    0.000000    0.000000    0.000000    0.000000    0.000000
  -1.04635    8.255339    1.130336    0.873203    0.257133    3.352983    0.000000    0.000000    0.000000    0.000000    0.000000    0.000000
  -1.04035    8.758726    1.170162    0.899410    0.270752    3.566968    0.000000    0.000000    0.000000    0.000000    0.000000    0.000000
  -1.03434    9.278791    1.214528    0.929556    0.284972    3.788142    0.000000    0.000000    0.000000    0.000000    0.000000    0.000000
  -1.02834    9.803201    1.262457    0.963039    0.299418    4.011100    0.000000    0.000000    0.000000    0.000000    0.000000    0.000000
  -1.02234   10.318331    1.312602    0.998942    0.313660    4.229839    0.000000    0.000000    0.000000    0.000000    0.000000    0.000000
  -1.01634   10.809907    1.363321    1.036075    0.327246    4.438052    0.000000    0.000000    0.000000    0.000000    0.000000    0.000000
  -1.01034   11.263797    1.412779    1.073051    0.339728    4.629482    0.000000    0.000000    0.000000    0.000000    0.000000    0.000000
  -1.00433   11.666863    1.459079    1.108384    0.350696    4.798311    0.000000    0.000000    0.000000    0.000000    0.000000    0.000000
  -0.99833   12.007817    1.500399    1.140592    0.359807    4.939546    0.000000    0.000000    0.000000    0.000000    0.000000    0.000000
  -0.99233   12.277970    1.535128    1.168314    0.366814    5.049370    0.000000    0.000000    0.000000    0.000000    0.000000    0.000000
  -0.98633   12.471802    1.561986    1.190404    0.371582    5.125393    0.000000    0.000000    0.000000    0.000000    0.000000    0.000000
  -0.98033   12.587243    1.580107    1.206011    0.374096    5.166788    0.000000    0.000000    0.000000    0.000000    0.000000    0.000000
  -0.97432   12.625635    1.589089    1.214629    0.374460    5.174277    0.000000    0.000000    0.000000    0.000000    0.000000    0.000000
  -0.96832   12.591367    1.588990    1.216111    0.372879    5.149969    0.000000    0.000000    0.000000    0.000000    0.000000    0.000000
  -0.96232   12.491199    1.580285    1.210646    0.369639    5.097058    0.000000    0.000000    0.000000    0.000000    0.000000    0.000000
  -0.95632   12.333392    1.563772    1.198703    0.365069    5.019435    0.000000    0.000000    0.000000    0.000000    0.000000    0.000000
  -0.95032   12.126740    1.540466    1.180954    0.359512    4.921253    0.000000    0.000000    0.000000    0.000000    0.000000    0.000000
  -0.94431   11.879641    1.511466    1.158180    0.353286    4.806509    0.000000    0.000000    0.000000    0.000000    0.000000    0.000000
  -0.93831   11.599351    1.477834    1.131179    0.346654    4.678699    0.000000    0.000000    0.000000    0.000000    0.000000    0.000000
  -0.93231   11.291484    1.440491    1.100689    0.339802    4.540587    0.000000    0.000000    0.000000    0.000000    0.000000    0.000000
  -0.92631   10.959853    1.400149    1.067321    0.332828    4.394121    0.000000    0.000000    0.000000    0.000000    0.000000    0.000000
  -0.92031   10.606623    1.357276    1.031538    0.325738    4.240483    0.000000    0.000000    0.000000    0.000000    0.000000    0.000000
  -0.91430   10.232742    1.312111    0.993647    0.318464    4.080267    0.000000    0.000000    0.000000    0.000000    0.000000    0.000000
  -0.90830    9.838573    1.264711    0.953830    0.310881    3.913736    0.000000    0.000000    0.000000    0.000000    0.000000    0.000000
  -0.90230    9.424592    1.215025    0.912190    0.302835    3.741127    0.000000    0.000000    0.000000    0.000000    0.000000    0.000000
  -0.89630    8.992066    1.162986    0.868812    0.294174    3.562935    0.000000    0.000000    0.000000    0.000000    0.000000    0.000000
  -0.89030    8.543582    1.108600    0.823820    0.284779    3.380146    0.000000    0.000000    0.000000    0.000000    0.000000    0.000000
  -0.88429    8.083359    1.052026    0.777437    0.274589    3.194377    0.000000    0.000000    0.000000    0.000000    0.000000    0.000000
  -0.87829    7.617317    0.993628    0.730012    0.263616    3.007914    0.000000    0.000000    0.000000    0.000000    0.000000    0.000000
  -0.87229    7.152867    0.933998    0.682045    0.251953    2.823634    0.000000    0.000000    0.000000    0.000000    0.000000    0.000000
  -0.86629    6.698492    0.873948    0.634173    0.239775    2.644834    0.000000    0.000000    0.000000    0.000000    0.000000    0.000000
  -0.86029    6.263162    0.814473    0.587147    0.227326    2.474997    0.000000    0.000000    0.000000    0.000000    0.000000    0.000000
  -0.85428    5.855669    0.756686    0.541787    0.214898    2.317510    0.000000    0.000000    0.000000    0.000000    0.000000    0.000000
  -0.84828    5.483974    0.701746    0.498931    0.202816    2.175398    0.000000    0.000000    0.000000    0.000000    0.000000    0.000000
  -0.84228    5.154641    0.650783    0.459378    0.191405    2.051084    0.000000    0.000000    0.000000    0.000000    0.000000    0.000000
  -0.83628    4.872428    0.604821    0.423844    0.180977    1.946214    0.000000    0.000000    0.000000    0.000000    0.000000    0.000000
  -0.83028    4.640070    0.564729    0.392922    0.171807    1.861569    0.000000    0.000000    0.000000    0.000000    0.000000    0.000000
  -0.82427    4.458266    0.531175    0.367057    0.164118    1.797059    0.000000    0.000000    0.000000    0.000000    0.000000    0.000000
  -0.81827    4.325865    0.504608    0.346531    0.158077    1.751799    0.000000    0.000000    0.000000    0.000000    0.000000    0.000000
  -0.81227    4.240194    0.485255    0.331470    0.153785    1.724263    0.000000    0.000000    0.000000    0.000000    0.000000    0.000000
  -0.80627    4.197494    0.473134    0.321851    0.151283    1.712468    0.000000    0.000000    0.000000    0.000000    0.000000    0.000000
  -0.80027    4.193399    0.468068    0.317520    0.150548    1.714191    0.000000    0.000000    0.000000    0.000000    0.000000    0.000000
  -0.79426    4.223385    0.469711    0.318208    0.151503    1.727176    0.000000    0.000000    0.000000    0.000000    0.000000    0.000000
  -0.78826    4.283165    0.477577    0.323556    0.154021    1.749309    0.000000    0.000000    0.000000    0.000000    0.000000    0.000000
  -0.78226    4.368973    0.491063    0.333128    0.157935    1.778755    0.000000    0.000000    0.000000    0.000000    0.000000    0.000000
  -0.77626    4.477725    0.509477    0.346431    0.163045    1.814036    0.000000    0.000000    0.000000    0.000000    0.000000    0.000000
  -0.77026    4.607051    0.532063    0.362931    0.169131    1.854050    0.000000    0.000000    0.000000    0.000000    0.000000    0.000000
  -0.76425    4.755213    0.558034    0.382071    0.175962    1.898047    0.000000    0.000000    0.000000    0.000000    0.000000    0.000000
  -0.75825    4.920915    0.586598    0.403287    0.183310    1.945547    0.000000    0.000000    0.000000    0.000000    0.000000    0.000000
  -0.75225    5.103053    0.616987    0.426026    0.190961    1.996245    0.000000    0.000000    0.000000    0.000000    0.000000    0.000000
  -0.74625    5.300422    0.648485    0.449759    0.198726    2.049880    0.000000    0.000000    0.000000    0.000000    0.000000    0.000000
  -0.74025    5.511426    0.680442    0.473998    0.206444    2.106125    0.000000    0.000000    0.000000    0.000000    0.000000    0.000000
  -0.73424    5.733824    0.712290    0.498302    0.213988    2.164472    0.000000    0.000000    0.000000    0.000000    0.000000    0.000000
  -0.72824    5.964540    0.743538    0.522275    0.221263    2.224153    0.000000    0.000000    0.000000    0.000000    0.000000    0.000000
  -0.72224    6.199571    0.773763    0.545567    0.228197    2.284096    0.000000    0.000000    0.000000    0.000000    0.000000    0.000000
  -0.71624    6.433997    0.802588    0.567856    0.234732    2.342915    0.000000    0.000000    0.000000    0.000000    0.000000    0.000000
  -0.71024    6.662117    0.829657    0.588841    0.240816    2.398945    0.000000    0.000000    0.000000    0.000000    0.000000    0.000000
  -0.70423    6.877681    0.854609    0.608222    0.246387    2.450319    0.000000    0.000000    0.000000    0.000000    0.000000    0.000000
  -0.69823    7.074213    0.877061    0.625690    0.251370    2.495072    0.000000    0.000000    0.000000    0.000000    0.000000    0.000000
  -0.69223    7.245391    0.896597    0.640924    0.255673    2.531269    0.000000    0.000000    0.000000    0.000000    0.000000    0.000000
  -0.68623    7.385445    0.912778    0.653593    0.259185    2.557140    0.000000    0.000000    0.000000    0.000000    0.000000    0.000000
  -0.68023    7.489541    0.925160    0.663370    0.261791    2.571212    0.000000    0.000000    0.000000    0.000000    0.000000    0.000000
  -0.67422    7.554109    0.933334    0.669956    0.263378    2.572425    0.000000    0.000000    0.000000    0.000000    0.000000    0.000000
  -0.66822    7.577096    0.936969    0.673111    0.263858    2.560218    0.000000    0.000000    0.000000    0.000000    0.000000    0.000000
  -0.66222    7.558130    0.935864    0.672685    0.263179    2.534583    0.000000    0.000000    0.000000    0.000000    0.000000    0.000000
  -0.65622    7.498562    0.930001    0.668655    0.261347    2.496077    0.000000    0.000000    0.000000    0.000000    0.000000    0.000000
  -0.65022    7.401421    0.919580    0.661147    0.258433    2.445801    0.000000    0.000000    0.000000    0.000000    0.000000    0.000000
  -0.64421    7.271242    0.905044    0.650459    0.254585    2.385334    0.000000    0.000000    0.000000    0.000000    0.000000    0.000000
  -0.63821    7.113811    0.887081    0.637061    0.250020    2.316634    0.000000    0.000000    0.000000    0.000000    0.000000    0.000000
  -0.63221    6.935809    0.866599    0.621577    0.245022    2.241909    0.000000    0.000000    0.000000    0.000000    0.000000    0.000000
  -0.62621    6.744389    0.844676    0.604761    0.239915    2.163478    0.000000    0.000000    0.000000    0.000000    0.000000    0.000000
  -0.62021    6.546702    0.822487    0.587438    0.235048    2.083604    0.000000    0.000000    0.000000    0.000000    0.000000    0.000000
  -0.61420    6.349409    0.801211    0.570453    0.230759    2.004348    0.000000    0.000000    0.000000    0.000000    0.000000    0.000000
  -0.60820    6.158219    0.781932    0.554590    0.227342    1.927423    0.000000    0.000000    0.000000    0.000000    0.000000    0.000000
  -0.60220    5.977500    0.765537    0.540512    0.225024    1.854090    0.000000    0.000000    0.000000    0.000000    0.000000    0.000000
  -0.59620    5.810015    0.752628    0.528694    0.223933    1.785093    0.000000    0.000000    0.000000    0.000000    0.000000    0.000000
  -0.59020    5.656816    0.743461    0.519377    0.224084    1.720642    0.000000    0.000000    0.000000    0.000000    0.000000    0.000000
  -0.58419    5.517315    0.737910    0.512543    0.225367    1.660459    0.000000    0.000000    0.000000    0.000000    0.000000    0.000000
  -0.57819    5.389537    0.735472    0.507914    0.227558    1.603868    0.000000    0.000000    0.000000    0.000000    0.000000    0.000000
  -0.57219    5.270521    0.735308    0.504980    0.230328    1.549931    0.000000    0.000000    0.000000    0.000000    0.000000    0.000000
  -0.56619    5.156825    0.736317    0.503047    0.233270    1.497607    0.000000    0.000000    0.000000    0.000000    0.000000    0.000000
  -0.56019    5.045062    0.737239    0.501304    0.235935    1.445914    0.000000    0.000000    0.000000    0.000000    0.000000    0.000000
  -0.55418    4.932400    0.736767    0.498904    0.237863    1.394067    0.000000    0.000000    0.000000    0.000000    0.000000    0.000000
  -0.54818    4.816947    0.733664    0.495038    0.238626    1.341591    0.000000    0.000000    0.000000    0.000000    0.000000    0.000000
  -0.54218    4.697990    0.726871    0.489012    0.237859    1.288369    0.000000    0.000000    0.000000    0.000000    0.000000    0.000000
  -0.53618    4.576029    0.715590    0.480300    0.235290    1.234647    0.000000    0.000000    0.000000    0.000000    0.000000    0.000000
  -0.53018    4.452635    0.699341    0.468584    0.230757    1.180974    0.000000    0.000000    0.000000    0.000000    0.000000    0.000000
  -0.52417    4.330142    0.677980    0.453764    0.224217    1.128108    0.000000    0.000000    0.000000    0.000000    0.000000    0.000000
  -0.51817    4.211223    0.651696    0.435952    0.215744    1.076890    0.000000    0.000000    0.000000    0.000000    0.000000    0.000000
  -0.51217    4.098423    0.620967    0.415446    0.205522    1.028110    0.000000    0.000000    0.000000    0.000000    0.000000    0.000000
  -0.50617    3.993708    0.586503    0.392684    0.193819    0.982392    0.000000    0.000000    0.000000    0.000000    0.000000    0.000000
  -0.50017    3.898091    0.549170    0.368200    0.180970    0.940096    0.000000    0.000000    0.000000    0.000000    0.000000    0.000000
  -0.49416    3.811401    0.509916    0.342573    0.167343    0.901270    0.000000    0.000000    0.000000    0.000000    0.000000    0.000000
  -0.48816    3.732210    0.469697    0.316377    0.153320    0.865639    0.000000    0.000000    0.000000    0.000000    0.000000    0.000000
  -0.48216    3.657937    0.429415    0.290150    0.139265    0.832645    0.000000    0.000000    0.000000    0.000000    0.000000    0.000000
  -0.47616    3.585110    0.389872    0.264364    0.125508    0.801521    0.000000    0.000000    0.000000    0.000000    0.000000    0.000000
  -0.47016    3.509763    0.351741    0.239411    0.112330    0.771391    0.000000    0.000000    0.000000    0.000000    0.000000    0.000000
  -0.46415    3.427908    0.315557    0.215602    0.099956    0.741385    0.000000    0.000000    0.000000    0.000000    0.000000    0.000000
  -0.45815    3.336028    0.281715    0.193167    0.088548    0.710747    0.000000    0.000000    0.000000    0.000000    0.000000    0.000000
  -0.45215    3.231534    0.250485    0.172271    0.078215    0.678937    0.000000    0.000000    0.000000    0.000000    0.000000    0.000000
  -0.44615    3.113120    0.222036    0.153023    0.069013    0.645693    0.000000    0.000000    0.000000    0.000000    0.000000    0.000000
  -0.44015    2.980980    0.196451    0.135492    0.060959    0.611068    0.000000    0.000000    0.000000    0.000000    0.000000    0.000000
  -0.43414    2.836856    0.173755    0.119718    0.054037    0.575430    0.000000    0.000000    0.000000    0.000000    0.000000    0.000000
  -0.42814    2.683917    0.153927    0.105720    0.048207    0.539421    0.000000    0.000000    0.000000    0.000000    0.000000    0.000000
  -0.42214    2.526481    0.136916    0.093500    0.043416    0.503894    0.000000    0.000000    0.000000    0.000000    0.000000    0.000000
  -0.41614    2.369629    0.122649    0.083050    0.039599    0.469830    0.000000    0.000000    0.000000    0.000000    0.000000    0.000000
  -0.41014    2.218756    0.111031    0.074347    0.036684    0.438246    0.000000    0.000000    0.000000    0.000000    0.000000    0.000000
  -0.40413    2.079133    0.101956    0.067359    0.034597    0.410117    0.000000    0.000000    0.000000    0.000000    0.000000    0.000000
  -0.39813    1.955530    0.095305    0.062045    0.033260    0.386310    0.000000    0.000000    0.000000    0.000000    0.000000    0.000000
  -0.39213    1.851968    0.090955    0.058360    0.032595    0.367546    0.000000    0.000000    0.000000    0.000000    0.000000    0.000000
  -0.38613    1.771606    0.088790    0.056263    0.032527    0.354394    0.000000    0.000000    0.000000    0.000000    0.000000    0.000000
  -0.38013    1.716788    0.088711    0.055725    0.032987    0.347293    0.000000    0.000000    0.000000    0.000000    0.000000    0.000000
  -0.37412    1.689217    0.090657    0.056739    0.033917    0.346595    0.000000    0.000000    0.000000    0.000000    0.000000    0.000000
  -0.36812    1.690204    0.094609    0.059331    0.035278    0.352617    0.000000    0.000000    0.000000    0.000000    0.000000    0.000000
  -0.36212    1.720945    0.100611    0.063562    0.037049    0.365696    0.000000    0.000000    0.000000    0.000000    0.000000    0.000000
  -0.35612    1.782731    0.108761    0.069528    0.039233    0.386216    0.000000    0.000000    0.000000    0.000000    0.000000    0.000000
  -0.35012    1.877061    0.119209    0.077353    0.041856    0.414615    0.000000    0.000000    0.000000    0.000000    0.000000    0.000000
  -0.34411    2.005599    0.132134    0.087171    0.044962    0.451348    0.000000    0.000000    0.000000    0.000000    0.000000    0.000000
  -0.33811    2.169968    0.147712    0.099104    0.048608    0.496825    0.000000    0.000000    0.000000    0.000000    0.000000    0.000000
  -0.33211    2.371407    0.166079    0.113229    0.052850    0.551310    0.000000    0.000000    0.000000    0.000000    0.000000    0.000000
  -0.32611    2.610339    0.187290    0.129555    0.057735    0.614812    0.000000    0.000000    0.000000    0.000000    0.000000    0.000000
  -0.32011    2.885922    0.211273    0.147985    0.063288    0.686979    0.000000    0.000000    0.000000    0.000000    0.000000    0.000000
  -0.31410    3.195661    0.237804    0.168306    0.069498    0.767017    0.000000    0.000000    0.000000    0.000000    0.000000    0.000000
  -0.30810    3.535159    0.266486    0.190168    0.076318    0.853641    0.000000    0.000000    0.000000    0.000000    0.000000    0.000000
  -0.30210    3.898043    0.296753    0.213098    0.083655    0.945085    0.000000    0.000000    0.000000    0.000000    0.000000    0.000000
  -0.29610    4.276104    0.327890    0.236510    0.091380    1.039158    0.000000    0.000000    0.000000    0.000000    0.000000    0.000000
  -0.29010    4.659631    0.359066    0.259740    0.099325    1.133350    0.000000    0.000000    0.000000    0.000000    0.000000    0.000000
  -0.28409    5.037896    0.389389    0.282087    0.107302    1.224976    0.000000    0.000000    0.000000    0.000000    0.000000    0.000000
  -0.27809    5.399743    0.417963    0.302857    0.115106    1.311333    0.000000    0.000000    0.000000    0.000000    0.000000    0.000000
  -0.27209    5.734200    0.443945    0.321409    0.122536    1.389861    0.000000    0.000000    0.000000    0.000000    0.000000    0.000000
  -0.26609    6.031068    0.466594    0.337196    0.129398    1.458283    0.000000    0.000000    0.000000    0.000000    0.000000    0.000000
  -0.26009    6.281440    0.485318    0.349799    0.135520    1.514722    0.000000    0.000000    0.000000    0.000000    0.000000    0.000000
  -0.25408    6.478124    0.499700    0.358943    0.140757    1.557782    0.000000    0.000000    0.000000    0.000000    0.000000    0.000000
  -0.24808    6.615972    0.509509    0.364511    0.144999    1.586595    0.000000    0.000000    0.000000    0.000000    0.000000    0.000000
  -0.24208    6.692110    0.514707    0.366537    0.148170    1.600845    0.000000    0.000000    0.000000    0.000000    0.000000    0.000000
  -0.23608    6.706101    0.515439    0.365203    0.150236    1.600761    0.000000    0.000000    0.000000    0.000000    0.000000    0.000000
  -0.23008    6.660025    0.512017    0.360814    0.151203    1.587104    0.000000    0.000000    0.000000    0.000000    0.000000    0.000000
  -0.22407    6.558483    0.504908    0.353785    0.151123    1.561138    0.000000    0.000000    0.000000    0.000000    0.000000    0.000000
  -0.21807    6.408513    0.494706    0.344618    0.150088    1.524582    0.000000    0.000000    0.000000    0.000000    0.000000    0.000000
  -0.21207    6.219386    0.482110    0.333875    0.148235    1.479556    0.000000    0.000000    0.000000    0.000000    0.000000    0.000000
  -0.20607    6.002265    0.467905    0.322163    0.145742    1.428506    0.000000    0.000000    0.000000    0.000000    0.000000    0.000000
  -0.20007    5.769735    0.452924    0.310104    0.142820    1.374106    0.000000    0.000000    0.000000    0.000000    0.000000    0.000000
  -0.19406    5.535189    0.438026    0.298318    0.139707    1.319144    0.000000    0.000000    0.000000    0.000000    0.000000    0.000000
  -0.18806    5.312118    0.424057    0.287395    0.136662    1.266393    0.000000    0.000000    0.000000    0.000000    0.000000    0.000000
  -0.18206    5.113367    0.411819    0.277874    0.133945    1.218474    0.000000    0.000000    0.000000    0.000000    0.000000    0.000000
  -0.17606    4.950407    0.402038    0.270225    0.131813    1.177727    0.000000    0.000000    0.000000    0.000000    0.000000    0.000000
  -0.17006    4.832707    0.395335    0.264830    0.130505    1.146104    0.000000    0.000000    0.000000    0.000000    0.000000    0.000000
  -0.16405    4.767271    0.392207    0.261972    0.130235    1.125089    0.000000    0.000000    0.000000    0.000000    0.000000    0.000000
  -0.15805    4.758381    0.393015    0.261832    0.131183    1.115658    0.000000    0.000000    0.000000    0.000000    0.000000    0.000000
  -0.15205    4.807566    0.397981    0.264488    0.133493    1.118276    0.000000    0.000000    0.000000    0.000000    0.000000    0.000000
  -0.14605    4.913785    0.407192    0.269923    0.137270    1.132936    0.000000    0.000000    0.000000    0.000000    0.000000    0.000000
  -0.14005    5.073788    0.420620    0.278039    0.142581    1.159223    0.000000    0.000000    0.000000    0.000000    0.000000    0.000000
  -0.13404    5.282586    0.438126    0.288669    0.149458    1.196395    0.000000    0.000000    0.000000    0.000000    0.000000    0.000000
  -0.12804    5.533969    0.459487    0.301594    0.157893    1.243461    0.000000    0.000000    0.000000    0.000000    0.000000    0.000000
  -0.12204    5.821006    0.484397    0.316553    0.167843    1.299260    0.000000    0.000000    0.000000    0.000000    0.000000    0.000000
  -0.11604    6.136471    0.512477    0.333254    0.179223    1.362516    0.000000    0.000000    0.000000    0.000000    0.000000    0.000000
  -0.11004    6.473159    0.543276    0.351374    0.191902    1.431871    0.000000    0.000000    0.000000    0.000000    0.000000    0.000000
  -0.10403    6.824118    0.576268    0.370566    0.205702    1.505913    0.000000    0.000000    0.000000    0.000000    0.000000    0.000000
  -0.09803    7.182777    0.610846    0.390456    0.220390    1.583184    0.000000    0.000000    0.000000    0.000000    0.000000    0.000000
  -0.09203    7.543051    0.646327    0.410644    0.235683    1.662202    0.000000    0.000000    0.000000    0.000000    0.000000    0.000000
  -0.08603    7.899428    0.681963    0.430712    0.251251    1.741483    0.000000    0.000000    0.000000    0.000000    0.000000    0.000000
  -0.08003    8.247088    0.716964    0.450234    0.266730    1.819590    0.000000    0.000000    0.000000    0.000000    0.000000    0.000000
  -0.07402    8.582063    0.750532    0.468795    0.281736    1.895198    0.000000    0.000000    0.000000    0.000000    0.000000    0.000000
  -0.06802    8.901415    0.781911    0.486015    0.295896    1.967160    0.000000    0.000000    0.000000    0.000000    0.000000    0.000000
  -0.06202    9.203397    0.810438    0.501572    0.308867    2.034585    0.000000    0.000000    0.000000    0.000000    0.000000    0.000000
  -0.05602    9.487546    0.835591    0.515227    0.320364    2.096885    0.000000    0.000000    0.000000    0.000000    0.000000    0.000000
  -0.05002    9.754645    0.857030    0.526845    0.330184    2.153796    0.000000    0.000000    0.000000    0.000000    0.000000    0.000000
  -0.04401   10.006529    0.874618    0.536397    0.338221    2.205355    0.000000    0.000000    0.000000    0.000000    0.000000    0.000000
  -0.03801   10.245721    0.888422    0.543955    0.344467    2.251824    0.000000    0.000000    0.000000    0.000000    0.000000    0.000000
  -0.03201   10.474926    0.898687    0.549676    0.349011    2.293585    0.000000    0.000000    0.000000    0.000000    0.000000    0.000000
  -0.02601   10.696468    0.905790    0.553771    0.352020    2.331009    0.000000    0.000000    0.000000    0.000000    0.000000    0.000000
  -0.02001   10.911754    0.910178    0.556466    0.353712    2.364325    0.000000    0.000000    0.000000    0.000000    0.000000    0.000000
  -0.01400   11.120871    0.912302    0.557970    0.354332    2.393521    0.000000    0.000000    0.000000    0.000000    0.000000    0.000000
  -0.00800   11.322407    0.912558    0.558440    0.354117    2.418289    0.000000    0.000000    0.000000    0.000000    0.000000    0.000000
  -0.00200   11.513537    0.911235    0.557962    0.353273    2.438039    0.000000    0.000000    0.000000    0.000000    0.000000    0.000000
   0.00400   11.690384    0.908493    0.556541    0.351952    2.451967    0.000000    0.000000    0.000000    0.000000    0.000000    0.000000
   0.01000   11.848586    0.904362    0.554117    0.350245    2.459188    0.000000    0.000000    0.000000    0.000000    0.000000    0.000000
   0.01601   11.983981    0.898758    0.550577    0.348180    2.458893    0.000000    0.000000    0.000000    0.000000    0.000000    0.000000
   0.02201   12.093260    0.891525    0.545790    0.345735    2.450504    0.000000    0.000000    0.000000    0.000000    0.000000    0.000000
   0.02801   12.174469    0.882482    0.539636    0.342846    2.433815    0.000000    0.000000    0.000000    0.000000    0.000000    0.000000
   0.03401   12.227258    0.871471    0.532037    0.339434    2.409066    0.000000    0.000000    0.000000    0.000000    0.000000    0.000000
   0.04001   12.252808    0.858395    0.522977    0.335418    2.376955    0.000000    0.000000    0.000000    0.000000    0.000000    0.000000
   0.04602   12.253449    0.843245    0.512512    0.330732    2.338578    0.000000    0.000000    0.000000    0.000000    0.000000    0.000000
   0.05202   12.232037    0.826107    0.500765    0.325342    2.295308    0.000000    0.000000    0.000000    0.000000    0.000000    0.000000
   0.05802   12.191206    0.807156    0.487913    0.319242    2.248622    0.000000    0.000000    0.000000    0.000000    0.000000    0.000000
   0.06402   12.132634    0.786626    0.474165    0.312461    2.199931    0.000000    0.000000    0.000000    0.000000    0.000000    0.000000
   0.07002   12.056473    0.764788    0.459734    0.305053    2.150408    0.000000    0.000000    0.000000    0.000000    0.000000    0.000000
   0.07603   11.961055    0.741910    0.444818    0.297092    2.100867    0.000000    0.000000    0.000000    0.000000    0.000000    0.000000
   0.08203   11.842940    0.718234    0.429576    0.288659    2.051694    0.000000    0.000000    0.000000    0.000000    0.000000    0.000000
   0.08803   11.697304    0.693953    0.414120    0.279833    2.002852    0.000000    0.000000    0.000000    0.000000    0.000000    0.000000
   0.09403   11.518614    0.669203    0.398517    0.270686    1.953939    0.000000    0.000000    0.000000    0.000000    0.000000    0.000000
   0.10003   11.301486    0.644068    0.382792    0.261276    1.904301    0.000000    0.000000    0.000000    0.000000    0.000000    0.000000
   0.10604   11.041576    0.618594    0.366947    0.251647    1.853175    0.000000    0.000000    0.000000    0.000000    0.000000    0.000000
   0.11204   10.736379    0.592807    0.350975    0.241831    1.799835    0.000000    0.000000    0.000000    0.000000    0.000000    0.000000
   0.11804   10.385797    0.566735    0.334883    0.231852    1.743720    0.000000    0.000000    0.000000    0.000000    0.000000    0.000000
   0.12404    9.992413    0.540429    0.318700    0.221730    1.684536    0.000000    0.000000    0.000000    0.000000    0.000000    0.000000
   0.13004    9.561428    0.513976    0.302487    0.211490    1.622297    0.000000    0.000000    0.000000    0.000000    0.000000    0.000000
   0.13605    9.100286    0.487506    0.286341    0.201165    1.557334    0.000000    0.000000    0.000000    0.000000    0.000000    0.000000
   0.14205    8.618066    0.461190    0.270390    0.190800    1.490251    0.000000    0.000000    0.000000    0.000000    0.000000    0.000000
   0.14805    8.124733    0.435231    0.254777    0.180454    1.421850    0.000000    0.000000    0.000000    0.000000    0.000000    0.000000
   0.15405    7.630360    0.409851    0.239653    0.170198    1.353046    0.000000    0.000000    0.000000    0.000000    0.000000    0.000000
   0.16005    7.144436    0.385278    0.225164    0.160114    1.284775    0.000000    0.000000    0.000000    0.000000    0.000000    0.000000
   0.16606    6.675337    0.361728    0.211437    0.150292    1.217922    0.000000    0.000000    0.000000    0.000000    0.000000    0.000000
   0.17206    6.230009    0.339396    0.198572    0.140824    1.153273    0.000000    0.000000    0.000000    0.000000    0.000000    0.000000
   0.17806    5.813867    0.318450    0.186647    0.131803    1.091494    0.000000    0.000000    0.000000    0.000000    0.000000    0.000000
   0.18406    5.430898    0.299030    0.175714    0.123316    1.033139    0.000000    0.000000    0.000000    0.000000    0.000000    0.000000
   0.19006    5.083895    0.281251    0.165805    0.115445    0.978673    0.000000    0.000000    0.000000    0.000000    0.000000    0.000000
   0.19607    4.774764    0.265207    0.156945    0.108263    0.928512    0.000000    0.000000    0.000000    0.000000    0.000000    0.000000
   0.20207    4.504836    0.250983    0.149152    0.101831    0.883059    0.000000    0.000000    0.000000    0.000000    0.000000    0.000000
   0.20807    4.275105    0.238652    0.142448    0.096203    0.842720    0.000000    0.000000    0.000000    0.000000    0.000000    0.000000
   0.21407    4.086380    0.228280    0.136859    0.091421    0.807919    0.000000    0.000000    0.000000    0.000000    0.000000    0.000000
   0.22007    3.939293    0.219926    0.132412    0.087514    0.779074    0.000000    0.000000    0.000000    0.000000    0.000000    0.000000
   0.22608    3.834210    0.213633    0.129132    0.084501    0.756563    0.000000    0.000000    0.000000    0.000000    0.000000    0.000000
   0.23208    3.771041    0.209416    0.127031    0.082385    0.740679    0.000000    0.000000    0.000000    0.000000    0.000000    0.000000
   0.23808    3.748999    0.207256    0.126104    0.081152    0.731566    0.000000    0.000000    0.000000    0.000000    0.000000    0.000000
   0.24408    3.766359    0.207083    0.126313    0.080770    0.729171    0.000000    0.000000    0.000000    0.000000    0.000000    0.000000
   0.25008    3.820259    0.208772    0.127587    0.081184    0.733197    0.000000    0.000000    0.000000    0.000000    0.000000    0.000000
   0.25609    3.906580    0.212130    0.129814    0.082316    0.743083    0.000000    0.000000    0.000000    0.000000    0.000000    0.000000
   0.26209    4.019934    0.216901    0.132839    0.084062    0.757996    0.000000    0.000000    0.000000    0.000000    0.000000    0.000000
   0.26809    4.153777    0.222768    0.136473    0.086295    0.776859    0.000000    0.000000    0.000000    0.000000    0.000000    0.000000
   0.27409    4.300634    0.229361    0.140495    0.088866    0.798391    0.000000    0.000000    0.000000    0.000000    0.000000    0.000000
   0.28009    4.452440    0.236279    0.144668    0.091611    0.821175    0.000000    0.000000    0.000000    0.000000    0.000000    0.000000
   0.28610    4.600961    0.243102    0.148747    0.094355    0.843739    0.000000    0.000000    0.000000    0.000000    0.000000    0.000000
   0.29210    4.738264    0.249423    0.152497    0.096927    0.864641    0.000000    0.000000    0.000000    0.000000    0.000000    0.000000
   0.29810    4.857210    0.254870    0.155707    0.099163    0.882563    0.000000    0.000000    0.000000    0.000000    0.000000    0.000000
   0.30410    4.951916    0.259131    0.158205    0.100926    0.896397    0.000000    0.000000    0.000000    0.000000    0.000000    0.000000
   0.31010    5.018169    0.261978    0.159869    0.102109    0.905321    0.000000    0.000000    0.000000    0.000000    0.000000    0.000000
   0.31611    5.053730    0.263286    0.160635    0.102651    0.908861    0.000000    0.000000    0.000000    0.000000    0.000000    0.000000
   0.32211    5.058509    0.263041    0.160506    0.102535    0.906921    0.000000    0.000000    0.000000    0.000000    0.000000    0.000000
   0.32811    5.034577    0.261347    0.159549    0.101799    0.899799    0.000000    0.000000    0.000000    0.000000    0.000000    0.000000
   0.33411    4.986003    0.258416    0.157892    0.100524    0.888158    0.000000    0.000000    0.000000    0.000000    0.000000    0.000000
   0.34011    4.918504    0.254547    0.155714    0.098833    0.872971    0.000000    0.000000    0.000000    0.000000    0.000000    0.000000
   0.34612    4.838921    0.250105    0.153228    0.096876    0.855437    0.000000    0.000000    0.000000    0.000000    0.000000    0.000000
   0.35212    4.754574    0.245477    0.150663    0.094814    0.836868    0.000000    0.000000    0.000000    0.000000    0.000000    0.000000
   0.35812    4.672516    0.241040    0.148239    0.092801    0.818559    0.000000    0.000000    0.000000    0.000000    0.000000    0.000000
   0.36412    4.598802    0.237111    0.146143    0.090968    0.801658    0.000000    0.000000    0.000000    0.000000    0.000000    0.000000
   0.37012    4.537812    0.233916    0.144510    0.089407    0.787039    0.000000    0.000000    0.000000    0.000000    0.000000    0.000000
   0.37613    4.491742    0.231559    0.143400    0.088159    0.775208    0.000000    0.000000    0.000000    0.000000    0.000000    0.000000
   0.38213    4.460321    0.230007    0.142797    0.087211    0.766241    0.000000    0.000000    0.000000    0.000000    0.000000    0.000000
   0.38813    4.440805    0.229093    0.142597    0.086496    0.759773    0.000000    0.000000    0.000000    0.000000    0.000000    0.000000
   0.39413    4.428265    0.228530    0.142625    0.085905    0.755036    0.000000    0.000000    0.000000    0.000000    0.000000    0.000000
   0.40013    4.416145    0.227944    0.142650    0.085294    0.750946    0.000000    0.000000    0.000000    0.000000    0.000000    0.000000
   0.40614    4.397039    0.226922    0.142411    0.084511    0.746235    0.000000    0.000000    0.000000    0.000000    0.000000    0.000000
   0.41214    4.363583    0.225059    0.141647    0.083412    0.739602    0.000000    0.000000    0.000000    0.000000    0.000000    0.000000
   0.41814    4.309374    0.222010    0.140132    0.081879    0.729873    0.000000    0.000000    0.000000    0.000000    0.000000    0.000000
   0.42414    4.229780    0.217539    0.137699    0.079840    0.716146    0.000000    0.000000    0.000000    0.000000    0.000000    0.000000
   0.43014    4.122562    0.211547    0.134269    0.077278    0.697908    0.000000    0.000000    0.000000    0.000000    0.000000    0.000000
   0.43615    3.988227    0.204100    0.129863    0.074237    0.675109    0.000000    0.000000    0.000000    0.000000    0.000000    0.000000
   0.44215    3.830073    0.195422    0.124602    0.070820    0.648174    0.000000    0.000000    0.000000    0.000000    0.000000    0.000000
   0.44815    3.653947    0.185888    0.118707    0.067180    0.617979    0.000000    0.000000    0.000000    0.000000    0.000000    0.000000
   0.45415    3.467745    0.175989    0.112478    0.063512    0.585768    0.000000    0.000000    0.000000    0.000000    0.000000    0.000000
   0.46015    3.280745    0.166302    0.106272    0.060031    0.553047    0.000000    0.000000    0.000000    0.000000    0.000000    0.000000
   0.46616    3.102846    0.157441    0.100478    0.056963    0.521455    0.000000    0.000000    0.000000    0.000000    0.000000    0.000000
   0.47216    2.943821    0.150015    0.095489    0.054526    0.492634    0.000000    0.000000    0.000000    0.000000    0.000000    0.000000
   0.47816    2.812635    0.144591    0.091675    0.052916    0.468113    0.000000    0.000000    0.000000    0.000000    0.000000    0.000000
   0.48416    2.716905    0.141657    0.089363    0.052294    0.449205    0.000000    0.000000    0.000000    0.000000    0.000000    0.000000
   0.49016    2.662500    0.141597    0.088814    0.052784    0.436942    0.000000    0.000000    0.000000    0.000000    0.000000    0.000000
   0.49617    2.653291    0.144671    0.090213    0.054457    0.432020    0.000000    0.000000    0.000000    0.000000    0.000000    0.000000
   0.50217    2.691018    0.150996    0.093659    0.057337    0.434778    0.000000    0.000000    0.000000    0.000000    0.000000    0.000000
   0.50817    2.775242    0.160541    0.099153    0.061387    0.445189    0.000000    0.000000    0.000000    0.000000    0.000000    0.000000
   0.51417    2.903366    0.173118    0.106600    0.066519    0.462865    0.000000    0.000000    0.000000    0.000000    0.000000    0.000000
   0.52017    3.070686    0.188381    0.115799    0.072582    0.487064    0.000000    0.000000    0.000000    0.000000    0.000000    0.000000
   0.52618    3.270504    0.205828    0.126453    0.079375    0.516717    0.000000    0.000000    0.000000    0.000000    0.000000    0.000000
   0.53218    3.494296    0.224815    0.138171    0.086644    0.550459    0.000000    0.000000    0.000000    0.000000    0.000000    0.000000
   0.53818    3.732002    0.244579    0.150483    0.094096    0.586676    0.000000    0.000000    0.000000    0.000000    0.000000    0.000000
   0.54418    3.972435    0.264273    0.162859    0.101414    0.623575    0.000000    0.000000    0.000000    0.000000    0.000000    0.000000
   0.55018    4.203859    0.283010    0.174740    0.108269    0.659280    0.000000    0.000000    0.000000    0.000000    0.000000    0.000000
   0.55619    4.414725    0.299928    0.185573    0.114355    0.691944    0.000000    0.000000    0.000000    0.000000    0.000000    0.000000
   0.56219    4.594531    0.314253    0.194852    0.119402    0.719890    0.000000    0.000000    0.000000    0.000000    0.000000    0.000000
   0.56819    4.734741    0.325373    0.202162    0.123211    0.741751    0.000000    0.000000    0.000000    0.000000    0.000000    0.000000
   0.57419    4.829677    0.332897    0.207222    0.125675    0.756614    0.000000    0.000000    0.000000    0.000000    0.000000    0.000000
   0.58019    4.877270    0.336708    0.209916    0.126792    0.764131    0.000000    0.000000    0.000000    0.000000    0.000000    0.000000
   0.58620    4.879567    0.336999    0.210316    0.126683    0.764602    0.000000    0.000000    0.000000    0.000000    0.000000    0.000000
   0.59220    4.842896    0.334271    0.208689    0.125582    0.758999    0.000000    0.000000    0.000000    0.000000    0.000000    0.000000
   0.59820    4.777636    0.329316    0.205486    0.123830    0.748927    0.000000    0.000000    0.000000    0.000000    0.000000    0.000000
   0.60420    4.697576    0.323159    0.201311    0.121847    0.736522    0.000000    0.000000    0.000000    0.000000    0.000000    0.000000
   0.61020    4.618886    0.316981    0.196876    0.120105    0.724286    0.000000    0.000000    0.000000    0.000000    0.000000    0.000000
   0.61621    4.558803    0.312018    0.192939    0.119080    0.714882    0.000000    0.000000    0.000000    0.000000    0.000000    0.000000
   0.62221    4.534137    0.309456    0.190241    0.119215    0.710889    0.000000    0.000000    0.000000    0.000000    0.000000    0.000000
   0.62821    4.559760    0.310315    0.189436    0.120879    0.714564    0.000000    0.000000    0.000000    0.000000    0.000000    0.000000
   0.63421    4.647226    0.315358    0.191032    0.124326    0.727622    0.000000    0.000000    0.000000    0.000000    0.000000    0.000000
   0.64021    4.803689    0.325008    0.195336    0.129672    0.751055    0.000000    0.000000    0.000000    0.000000    0.000000    0.000000
   0.64622    5.031217    0.339309    0.202429    0.136880    0.785024    0.000000    0.000000    0.000000    0.000000    0.000000    0.000000
   0.65222    5.326599    0.357909    0.212148    0.145761    0.828824    0.000000    0.000000    0.000000    0.000000    0.000000    0.000000
   0.65822    5.681647    0.380090    0.224104    0.155986    0.880935    0.000000    0.000000    0.000000    0.000000    0.000000    0.000000
   0.66422    6.083959    0.404827    0.237709    0.167119    0.939144    0.000000    0.000000    0.000000    0.000000    0.000000    0.000000
   0.67022    6.518058    0.430879    0.252230    0.178649    1.000739    0.000000    0.000000    0.000000    0.000000    0.000000    0.000000
   0.67623    6.966760    0.456891    0.266852    0.190039    1.062738    0.000000    0.000000    0.000000    0.000000    0.000000    0.000000
   0.68223    7.412610    0.481518    0.280747    0.200771    1.122142    0.000000    0.000000    0.000000    0.000000    0.000000    0.000000
   0.68823    7.839241    0.503530    0.293143    0.210387    1.176178    0.000000    0.000000    0.000000    0.000000    0.000000    0.000000
   0.69423    8.232485    0.521909    0.303383    0.218526    1.222506    0.000000    0.000000    0.000000    0.000000    0.000000    0.000000
   0.70023    8.581160    0.535917    0.310975    0.224942    1.259372    0.000000    0.000000    0.000000    0.000000    0.000000    0.000000
   0.70624    8.877458    0.545143    0.315622    0.229520    1.285704    0.000000    0.000000    0.000000    0.000000    0.000000    0.000000
   0.71224    9.116945    0.549502    0.317231    0.232272    1.301128    0.000000    0.000000    0.000000    0.000000    0.000000    0.000000
   0.71824    9.298229    0.549221    0.315903    0.233318    1.305926    0.000000    0.000000    0.000000    0.000000    0.000000    0.000000
   0.72424    9.422379    0.544785    0.311916    0.232869    1.300936    0.000000    0.000000    0.000000    0.000000    0.000000    0.000000
   0.73024    9.492221    0.536871    0.305677    0.231194    1.287419    0.000000    0.000000    0.000000    0.000000    0.000000    0.000000
   0.73625    9.511610    0.526273    0.297686    0.228588    1.266900    0.000000    0.000000    0.000000    0.000000    0.000000    0.000000
   0.74225    9.484796    0.513824    0.288480    0.225344    1.241014    0.000000    0.000000    0.000000    0.000000    0.000000    0.000000
   0.74825    9.415943    0.500323    0.278594    0.221729    1.211363    0.000000    0.000000    0.000000    0.000000    0.000000    0.000000
   0.75425    9.308838    0.486478    0.268516    0.217961    1.179401    0.000000    0.000000    0.000000    0.000000    0.000000    0.000000
   0.76025    9.166787    0.472857    0.258656    0.214201    1.146352    0.000000    0.000000    0.000000    0.000000    0.000000    0.000000
   0.76626    8.992666    0.459873    0.249329    0.210544    1.113157    0.000000    0.000000    0.000000    0.000000    0.000000    0.000000
   0.77226    8.789086    0.447766    0.240740    0.207025    1.080467    0.000000    0.000000    0.000000    0.000000    0.000000    0.000000
   0.77826    8.558592    0.436617    0.232991    0.203626    1.048653    0.000000    0.000000    0.000000    0.000000    0.000000    0.000000
   0.78426    8.303865    0.426369    0.226083    0.200285    1.017841    0.000000    0.000000    0.000000    0.000000    0.000000    0.000000
   0.79026    8.027869    0.416857    0.219942    0.196915    0.987969    0.000000    0.000000    0.000000    0.000000    0.000000    0.000000
   0.79627    7.733933    0.407845    0.214431    0.193414    0.958839    0.000000    0.000000    0.000000    0.000000    0.000000    0.000000
   0.80227    7.425748    0.399063    0.209379    0.189684    0.930185    0.000000    0.000000    0.000000    0.000000    0.000000    0.000000
   0.80827    7.107314    0.390245    0.204601    0.185644    0.901724    0.000000    0.000000    0.000000    0.000000    0.000000    0.000000
   0.81427    6.782839    0.381159    0.199922    0.181238    0.873210    0.000000    0.000000    0.000000    0.000000    0.000000    0.000000
   0.82027    6.456635    0.371638    0.195194    0.176444    0.844481    0.000000    0.000000    0.000000    0.000000    0.000000    0.000000
   0.82628    6.133032    0.361594    0.190313    0.171282    0.815483    0.000000    0.000000    0.000000    0.000000    0.000000    0.000000
   0.83228    5.816320    0.351037    0.185225    0.165812    0.786304    0.000000    0.000000    0.000000    0.000000    0.000000    0.000000
   0.83828    5.510736    0.340073    0.179937    0.160136    0.757179    0.000000    0.000000    0.000000    0.000000    0.000000    0.000000
   0.84428    5.220471    0.328908    0.174514    0.154394    0.728495    0.000000    0.000000    0.000000    0.000000    0.000000    0.000000
   0.85028    4.949691    0.317832    0.169078    0.148754    0.700779    0.000000    0.000000    0.000000    0.000000    0.000000    0.000000
   0.85629    4.702537    0.307207    0.163798    0.143409    0.674678    0.000000    0.000000    0.000000    0.000000    0.000000    0.000000
   0.86229    4.483079    0.297441    0.158880    0.138561    0.650922    0.000000    0.000000    0.000000    0.000000    0.000000    0.000000
   0.86829    4.295213    0.288962    0.154550    0.134412    0.630274    0.000000    0.000000    0.000000    0.000000    0.000000    0.000000
   0.87429    4.142488    0.282182    0.151036    0.131146    0.613482    0.000000    0.000000    0.000000    0.000000    0.000000    0.000000
   0.88029    4.027878    0.277472    0.148551    0.128921    0.601211    0.000000    0.000000    0.000000    0.000000    0.000000    0.000000
   0.88630    3.953527    0.275123    0.147273    0.127851    0.593989    0.000000    0.000000    0.000000    0.000000    0.000000    0.000000
   0.89230    3.920495    0.275324    0.147326    0.127998    0.592146    0.000000    0.000000    0.000000    0.000000    0.000000    0.000000
   0.89830    3.928548    0.278138    0.148772    0.129365    0.595783    0.000000    0.000000    0.000000    0.000000    0.000000    0.000000
   0.90430    3.976032    0.283498    0.151600    0.131898    0.604737    0.000000    0.000000    0.000000    0.000000    0.000000    0.000000
   0.91030    4.059841    0.291200    0.155721    0.135479    0.618587    0.000000    0.000000    0.000000    0.000000    0.000000    0.000000
   0.91631    4.175497    0.300921    0.160977    0.139944    0.636665    0.000000    0.000000    0.000000    0.000000    0.000000    0.000000
   0.92231    4.317333    0.312231    0.167144    0.145086    0.658094    0.000000    0.000000    0.000000    0.000000    0.000000    0.000000
   0.92831    4.478754    0.324626    0.173950    0.150675    0.681838    0.000000    0.000000    0.000000    0.000000    0.000000    0.000000
   0.93431    4.652548    0.337554    0.181087    0.156467    0.706766    0.000000    0.000000    0.000000    0.000000    0.000000    0.000000
   0.94031    4.831211    0.350451    0.188231    0.162220    0.731712    0.000000    0.000000    0.000000    0.000000    0.000000    0.000000
   0.94632    5.007263    0.362766    0.195059    0.167707    0.755541    0.000000    0.000000    0.000000    0.000000    0.000000    0.000000
   0.95232    5.173524    0.373990    0.201264    0.172726    0.777204    0.000000    0.000000    0.000000    0.000000    0.000000    0.000000
   0.95832    5.323363    0.383678    0.206574    0.177104    0.795784    0.000000    0.000000    0.000000    0.000000    0.000000    0.000000
   0.96432    5.450884    0.391463    0.210758    0.180705    0.810538    0.000000    0.000000    0.000000    0.000000    0.000000    0.000000
   0.97032    5.551104    0.397066    0.213641    0.183425    0.820918    0.000000    0.000000    0.000000    0.000000    0.000000    0.000000
   0.97633    5.620085    0.400304    0.215107    0.185196    0.826592    0.000000    0.000000    0.000000    0.000000    0.000000    0.000000
   0.98233    5.655069    0.401092    0.215106    0.185986    0.827446    0.000000    0.000000    0.000000    0.000000    0.000000    0.000000
   0.98833    5.654587    0.399441    0.213651    0.185790    0.823585    0.000000    0.000000    0.000000    0.000000    0.000000    0.000000
   0.99433    5.618553    0.395455    0.210820    0.184635    0.815323    0.000000    0.000000    0.000000    0.000000    0.000000    0.000000
   1.00033    5.548327    0.389326    0.206750    0.182575    0.803167    0.000000    0.000000    0.000000    0.000000    0.000000    0.000000
   1.00634    5.446723    0.381319    0.201630    0.179688    0.787791    0.000000    0.000000    0.000000    0.000000    0.000000    0.000000
   1.01234    5.317957    0.371765    0.195688    0.176077    0.770005    0.000000    0.000000    0.000000    0.000000    0.000000    0.000000
   1.01834    5.167519    0.361045    0.189180    0.171865    0.750723    0.000000    0.000000    0.000000    0.000000    0.000000    0.000000
   1.02434    5.001966    0.349570    0.182380    0.167190    0.730921    0.000000    0.000000    0.000000    0.000000    0.000000    0.000000
   1.03034    4.828645    0.337767    0.175561    0.162206    0.711599    0.000000    0.000000    0.000000    0.000000    0.000000    0.000000
   1.03635    4.655362    0.326058    0.168984    0.157074    0.693738    0.000000    0.000000    0.000000    0.000000    0.000000    0.000000
   1.04235    4.490019    0.314846    0.162887    0.151959    0.678268    0.000000    0.000000    0.000000    0.000000    0.000000    0.000000
   1.04835    4.340245    0.304496    0.157473    0.147023    0.666033    0.000000    0.000000    0.000000    0.000000    0.000000    0.000000
   1.05435    4.213045    0.295328    0.152906    0.142422    0.657765    0.000000    0.000000    0.000000    0.000000    0.000000    0.000000
   1.06035    4.114486    0.287606    0.149311    0.138296    0.654063    0.000000    0.000000    0.000000    0.000000    0.000000    0.000000
   1.06636    4.049432    0.281532    0.146764    0.134769    0.655374    0.000000    0.000000    0.000000    0.000000    0.000000    0.000000
   1.07236    4.021333    0.277241    0.145302    0.131939    0.661978    0.000000    0.000000    0.000000    0.000000    0.000000    0.000000
   1.07836    4.032071    0.274801    0.144922    0.129879    0.673974    0.000000    0.000000    0.000000    0.000000    0.000000    0.000000
   1.08436    4.081866    0.274209    0.145585    0.128624    0.691261    0.000000    0.000000    0.000000    0.000000    0.000000    0.000000
   1.09036    4.169230    0.275395    0.147217    0.128178    0.713527    0.000000    0.000000    0.000000    0.000000    0.000000    0.000000
   1.09637    4.290990    0.278217    0.149714    0.128504    0.740233    0.000000    0.000000    0.000000    0.000000    0.000000    0.000000
   1.10237    4.442367    0.282468    0.152943    0.129525    0.770606    0.000000    0.000000    0.000000    0.000000    0.000000    0.000000
   1.10837    4.617133    0.287877    0.156747    0.131130    0.803642    0.000000    0.000000    0.000000    0.000000    0.000000    0.000000
   1.11437    4.807848    0.294116    0.160942    0.133173    0.838124    0.000000    0.000000    0.000000    0.000000    0.000000    0.000000
   1.12037    5.006182    0.300813    0.165329    0.135484    0.872658    0.000000    0.000000    0.000000    0.000000    0.000000    0.000000
   1.12638    5.203318    0.307567    0.169693    0.137874    0.905727    0.000000    0.000000    0.000000    0.000000    0.000000    0.000000
   1.13238    5.390418    0.313968    0.173817    0.140151    0.935774    0.000000    0.000000    0.000000    0.000000    0.000000    0.000000
   1.13838    5.559136    0.319620    0.177487    0.142133    0.961295    0.000000    0.000000    0.000000    0.000000    0.000000    0.000000
   1.14438    5.702133    0.324167    0.180508    0.143659    0.980941    0.000000    0.000000    0.000000    0.000000    0.000000    0.000000
   1.15038    5.813561    0.327320    0.182718    0.144602    0.993627    0.000000    0.000000    0.000000    0.000000    0.000000    0.000000
   1.15639    5.889474    0.328877    0.183994    0.144883    0.998624    0.000000    0.000000    0.000000    0.000000    0.000000    0.000000
   1.16239    5.928127    0.328748    0.184270    0.144478    0.995636    0.000000    0.000000    0.000000    0.000000    0.000000    0.000000
   1.16839    5.930129    0.326962    0.183541    0.143421    0.984846    0.000000    0.000000    0.000000    0.000000    0.000000    0.000000
   1.17439    5.898443    0.323671    0.181868    0.141803    0.966923    0.000000    0.000000    0.000000    0.000000    0.000000    0.000000
   1.18039    5.838216    0.319148    0.179377    0.139772    0.942995    0.000000    0.000000    0.000000    0.000000    0.000000    0.000000
   1.18640    5.756452    0.313769    0.176249    0.137519    0.914582    0.000000    0.000000    0.000000    0.000000    0.000000    0.000000
   1.19240    5.661541    0.307983    0.172714    0.135269    0.883495    0.000000    0.000000    0.000000    0.000000    0.000000    0.000000
   1.19840    5.562671    0.302290    0.169030    0.133260    0.851711    0.000000    0.000000    0.000000    0.000000    0.000000    0.000000
   1.20440    5.469155    0.297189    0.165465    0.131724    0.821226    0.000000    0.000000    0.000000    0.000000    0.000000    0.000000
   1.21040    5.389719    0.293146    0.162277    0.130869    0.793903    0.000000    0.000000    0.000000    0.000000    0.000000    0.000000
   1.21641    5.331789    0.290544    0.159686    0.130858    0.771332    0.000000    0.000000    0.000000    0.000000    0.000000    0.000000
   1.22241    5.300843    0.289649    0.157860    0.131789    0.754696    0.000000    0.000000    0.000000    0.000000    0.000000    0.000000
   1.22841    5.299871    0.290577    0.156895    0.133683    0.744674    0.000000    0.000000    0.000000    0.000000    0.000000    0.000000
   1.23441    5.329018    0.293273    0.156802    0.136471    0.741378    0.000000    0.000000    0.000000    0.000000    0.000000    0.000000
   1.24041    5.385449    0.297506    0.157505    0.140001    0.744342    0.000000    0.000000    0.000000    0.000000    0.000000    0.000000
   1.24642    5.463476    0.302880    0.158844    0.144036    0.752550    0.000000    0.000000    0.000000    0.000000    0.000000    0.000000
   1.25242    5.554972    0.308859    0.160585    0.148274    0.764530    0.000000    0.000000    0.000000    0.000000    0.000000    0.000000
   1.25842    5.650040    0.314811    0.162442    0.152370    0.778483    0.000000    0.000000    0.000000    0.000000    0.000000    0.000000
   1.26442    5.737921    0.320067    0.164102    0.155964    0.792451    0.000000    0.000000    0.000000    0.000000    0.000000    0.000000
   1.27042    5.808033    0.323974    0.165257    0.158716    0.804507    0.000000    0.000000    0.000000    0.000000    0.000000    0.000000
   1.27643    5.851053    0.325966    0.165632    0.160334    0.812939    0.000000    0.000000    0.000000    0.000000    0.000000    0.000000
   1.28243    5.859922    0.325619    0.165013    0.160606    0.816426    0.000000    0.000000    0.000000    0.000000    0.000000    0.000000
   1.28843    5.830652    0.322694    0.163274    0.159420    0.814167    0.000000    0.000000    0.000000    0.000000    0.000000    0.000000
   1.29443    5.762838    0.317163    0.160387    0.156776    0.805960    0.000000    0.000000    0.000000    0.000000    0.000000    0.000000
   1.30043    5.659804    0.309215    0.156426    0.152789    0.792220    0.000000    0.000000    0.000000    0.000000    0.000000    0.000000
   1.30644    5.528358    0.299240    0.151563    0.147677    0.773926    0.000000    0.000000    0.000000    0.000000    0.000000    0.000000
   1.31244    5.378201    0.287790    0.146048    0.141742    0.752523    0.000000    0.000000    0.000000    0.000000    0.000000    0.000000
   1.31844    5.221027    0.275526    0.140186    0.135340    0.729771    0.000000    0.000000    0.000000    0.000000    0.000000    0.000000
   1.32444    5.069463    0.263161    0.134310    0.128852    0.707571    0.000000    0.000000    0.000000    0.000000    0.000000    0.000000
   1.33044    4.935938    0.251396    0.128747    0.122649    0.687790    0.000000    0.000000    0.000000    0.000000    0.000000    0.000000
   1.33645    4.831629    0.240862    0.123797    0.117065    0.672096    0.000000    0.000000    0.000000    0.000000    0.000000    0.000000
   1.34245    4.765578    0.232078    0.119707    0.112372    0.661831    0.000000    0.000000    0.000000    0.000000    0.000000    0.000000
   1.34845    4.744058    0.225419    0.116655    0.108763    0.657918    0.000000    0.000000    0.000000    0.000000    0.000000    0.000000
   1.35445    4.770224    0.221099    0.114749    0.106350    0.660820    0.000000    0.000000    0.000000    0.000000    0.000000    0.000000
   1.36045    4.844048    0.219180    0.114022    0.105159    0.670542    0.000000    0.000000    0.000000    0.000000    0.000000    0.000000
   1.36646    4.962497    0.219578    0.114440    0.105137    0.686657    0.000000    0.000000    0.000000    0.000000    0.000000    0.000000
   1.37246    5.119905    0.222086    0.115917    0.106169    0.708376    0.000000    0.000000    0.000000    0.000000    0.000000    0.000000
   1.37846    5.308484    0.226406    0.118321    0.108085    0.734622    0.000000    0.000000    0.000000    0.000000    0.000000    0.000000
   1.38446    5.518898    0.232170    0.121489    0.110681    0.764111    0.000000    0.000000    0.000000    0.000000    0.000000    0.000000
   1.39046    5.740878    0.238972    0.125241    0.113731    0.795436    0.000000    0.000000    0.000000    0.000000    0.000000    0.000000
   1.39647    5.963818    0.246386    0.129386    0.117000    0.827150    0.000000    0.000000    0.000000    0.000000    0.000000    0.000000
   1.40247    6.177364    0.253990    0.133731    0.120259    0.857832    0.000000    0.000000    0.000000    0.000000    0.000000    0.000000
   1.40847    6.371942    0.261380    0.138089    0.123291    0.886159    0.000000    0.000000    0.000000    0.000000    0.000000    0.000000
   1.41447    6.539255    0.268185    0.142278    0.125908    0.910963    0.000000    0.000000    0.000000    0.000000    0.000000    0.000000
   1.42047    6.672700    0.274083    0.146134    0.127949    0.931286    0.000000    0.000000    0.000000    0.000000    0.000000    0.000000
   1.42648    6.767703    0.278808    0.149510    0.129298    0.946424    0.000000    0.000000    0.000000    0.000000    0.000000    0.000000
   1.43248    6.821926    0.282162    0.152285    0.129877    0.955962    0.000000    0.000000    0.000000    0.000000    0.000000    0.000000
   1.43848    6.835338    0.284024    0.154365    0.129659    0.959784    0.000000    0.000000    0.000000    0.000000    0.000000    0.000000
   1.44448    6.810104    0.284349    0.155689    0.128660    0.958070    0.000000    0.000000    0.000000    0.000000    0.000000    0.000000
   1.45048    6.750287    0.283167    0.156231    0.126936    0.951269    0.000000    0.000000    0.000000    0.000000    0.000000    0.000000
   1.45649    6.661378    0.280577    0.155997    0.124580    0.940041    0.000000    0.000000    0.000000    0.000000    0.000000    0.000000
   1.46249    6.549677    0.276727    0.155022    0.121705    0.925180    0.000000    0.000000    0.000000    0.000000    0.000000    0.000000
   1.46849    6.421592    0.271799    0.153362    0.118437    0.907529    0.000000    0.000000    0.000000    0.000000    0.000000    0.000000
   1.47449    6.282933    0.265983    0.151085    0.114898    0.887877    0.000000    0.000000    0.000000    0.000000    0.000000    0.000000
   1.48049    6.138294    0.259458    0.148263    0.111195    0.866878    0.000000    0.000000    0.000000    0.000000    0.000000    0.000000
   1.48650    5.990617    0.252368    0.144959    0.107409    0.844981    0.000000    0.000000    0.000000    0.000000    0.000000    0.000000
   1.49250    5.840994    0.244815    0.141224    0.103591    0.822394    0.000000    0.000000    0.000000    0.000000    0.000000    0.000000
   1.49850    5.688764    0.236851    0.137092    0.099759    0.799087    0.000000    0.000000    0.000000    0.000000    0.000000    0.000000
   1.50450    5.531888    0.228485    0.132583    0.095903    0.774834    0.000000    0.000000    0.000000    0.000000    0.000000    0.000000
   1.51050    5.367545    0.219698    0.127707    0.091991    0.749285    0.000000    0.000000    0.000000    0.000000    0.000000    0.000000
   1.51651    5.192885    0.210462    0.122477    0.087984    0.722066    0.000000    0.000000    0.000000    0.000000    0.000000    0.000000
   1.52251    5.005789    0.200764    0.116917    0.083847    0.692881    0.000000    0.000000    0.000000    0.000000    0.000000    0.000000
   1.52851    4.805539    0.190631    0.111070    0.079561    0.661610    0.000000    0.000000    0.000000    0.000000    0.000000    0.000000
   1.53451    4.593281    0.180140    0.105011    0.075128    0.628375    0.000000    0.000000    0.000000    0.000000    0.000000    0.000000
   1.54051    4.372203    0.169431    0.098846    0.070585    0.593578    0.000000    0.000000    0.000000    0.000000    0.000000    0.000000
   1.54652    4.147398    0.158703    0.092708    0.065995    0.557889    0.000000    0.000000    0.000000    0.000000    0.000000    0.000000
   1.55252    3.925442    0.148200    0.086753    0.061447    0.522202    0.000000    0.000000    0.000000    0.000000    0.000000    0.000000
   1.55852    3.713747    0.138194    0.081148    0.057046    0.487546    0.000000    0.000000    0.000000    0.000000    0.000000    0.000000
   1.56452    3.519778    0.128953    0.076052    0.052900    0.454991    0.000000    0.000000    0.000000    0.000000    0.000000    0.000000
   1.57052    3.350270    0.120720    0.071607    0.049113    0.425531    0.000000    0.000000    0.000000    0.000000    0.000000    0.000000
   1.57653    3.210519    0.113688    0.067919    0.045769    0.399990    0.000000    0.000000    0.000000    0.000000    0.000000    0.000000
   1.58253    3.103865    0.107978    0.065052    0.042926    0.378942    0.000000    0.000000    0.000000    0.000000    0.000000    0.000000
   1.58853    3.031387    0.103632    0.063019    0.040613    0.362660    0.000000    0.000000    0.000000    0.000000    0.000000    0.000000
   1.59453    2.991846    0.100609    0.061786    0.038823    0.351103    0.000000    0.000000    0.000000    0.000000    0.000000    0.000000
   1.60053    2.981858    0.098793    0.061271    0.037522    0.343929    0.000000    0.000000    0.000000    0.000000    0.000000    0.000000
   1.60654    2.996238    0.098005    0.061355    0.036650    0.340540    0.000000    0.000000    0.000000    0.000000    0.000000    0.000000
   1.61254    3.028485    0.098023    0.061890    0.036133    0.340142    0.000000    0.000000    0.000000    0.000000    0.000000    0.000000
   1.61854    3.071332    0.098598    0.062715    0.035884    0.341825    0.000000    0.000000    0.000000    0.000000    0.000000    0.000000
   1.62454    3.117329    0.099483    0.063665    0.035818    0.344635    0.000000    0.000000    0.000000    0.000000    0.000000    0.000000
   1.63054    3.159398    0.100446    0.064587    0.035859    0.347658    0.000000    0.000000    0.000000    0.000000    0.000000    0.000000
   1.63655    3.191359    0.101296    0.065352    0.035945    0.350086    0.000000    0.000000    0.000000    0.000000    0.000000    0.000000
   1.64255    3.208380    0.101893    0.065859    0.036034    0.351279    0.000000    0.000000    0.000000    0.000000    0.000000    0.000000
   1.64855    3.207346    0.102163    0.066054    0.036109    0.350813    0.000000    0.000000    0.000000    0.000000    0.000000    0.000000
   1.65455    3.187139    0.102106    0.065925    0.036182    0.348511    0.000000    0.000000    0.000000    0.000000    0.000000    0.000000
   1.66055    3.148786    0.101800    0.065511    0.036289    0.344455    0.000000    0.000000    0.000000    0.000000    0.000000    0.000000
   1.66656    3.095483    0.101397    0.064900    0.036497    0.338987    0.000000    0.000000    0.000000    0.000000    0.000000    0.000000
   1.67256    3.032461    0.101116    0.064225    0.036891    0.332687    0.000000    0.000000    0.000000    0.000000    0.000000    0.000000
   1.67856    2.966696    0.101230    0.063655    0.037576    0.326332    0.000000    0.000000    0.000000    0.000000    0.000000    0.000000
   1.68456    2.906463    0.102045    0.063382    0.038664    0.320836    0.000000    0.000000    0.000000    0.000000    0.000000    0.000000
   1.69056    2.860759    0.103878    0.063609    0.040268    0.317185    0.000000    0.000000    0.000000    0.000000    0.000000    0.000000
   1.69657    2.838626    0.107024    0.064534    0.042490    0.316354    0.000000    0.000000    0.000000    0.000000    0.000000    0.000000
   1.70257    2.848432    0.111736    0.066326    0.045410    0.319224    0.000000    0.000000    0.000000    0.000000    0.000000    0.000000
   1.70857    2.897159    0.118188    0.069115    0.049073    0.326506    0.000000    0.000000    0.000000    0.000000    0.000000    0.000000
   1.71457    2.989774    0.126460    0.072975    0.053485    0.338671    0.000000    0.000000    0.000000    0.000000    0.000000    0.000000
   1.72057    3.128717    0.136513    0.077911    0.058602    0.355897    0.000000    0.000000    0.000000    0.000000    0.000000    0.000000
   1.72658    3.313580    0.148189    0.083857    0.064333    0.378045    0.000000    0.000000    0.000000    0.000000    0.000000    0.000000
   1.73258    3.540983    0.161206    0.090673    0.070534    0.404646    0.000000    0.000000    0.000000    0.000000    0.000000    0.000000
   1.73858    3.804667    0.175174    0.098153    0.077021    0.434924    0.000000    0.000000    0.000000    0.000000    0.000000    0.000000
   1.74458    4.095819    0.189614    0.106036    0.083577    0.467841    0.000000    0.000000    0.000000    0.000000    0.000000    0.000000
   1.75058    4.403578    0.203987    0.114022    0.089965    0.502152    0.000000    0.000000    0.000000    0.000000    0.000000    0.000000
   1.75659    4.715717    0.217734    0.121791    0.095943    0.536493    0.000000    0.000000    0.000000    0.000000    0.000000    0.000000
   1.76259    5.019445    0.230307    0.129025    0.101282    0.569463    0.000000    0.000000    0.000000    0.000000    0.000000    0.000000
   1.76859    5.302271    0.241216    0.135433    0.105783    0.599722    0.000000    0.000000    0.000000    0.000000    0.000000    0.000000
   1.77459    5.552873    0.250057    0.140769    0.109288    0.626080    0.000000    0.000000    0.000000    0.000000    0.000000    0.000000
   1.78059    5.761914    0.256545    0.144849    0.111696    0.647579    0.000000    0.000000    0.000000    0.000000    0.000000    0.000000
   1.78660    5.922723    0.260534    0.147568    0.112966    0.663563    0.000000    0.000000    0.000000    0.000000    0.000000    0.000000
   1.79260    6.031796    0.262030    0.148906    0.113124    0.673721    0.000000    0.000000    0.000000    0.000000    0.000000    0.000000
   1.79860    6.089072    0.261185    0.148927    0.112258    0.678114    0.000000    0.000000    0.000000    0.000000    0.000000    0.000000
   1.80460    6.097949    0.258295    0.147781    0.110514    0.677173    0.000000    0.000000    0.000000    0.000000    0.000000    0.000000
   1.81060    6.065047    0.253773    0.145689    0.108085    0.671668    0.000000    0.000000    0.000000    0.000000    0.000000    0.000000
   1.81661    5.999742    0.248125    0.142927    0.105199    0.662660    0.000000    0.000000    0.000000    0.000000    0.000000    0.000000
   1.82261    5.913509    0.241917    0.139813    0.102104    0.651432    0.000000    0.000000    0.000000    0.000000    0.000000    0.000000
   1.82861    5.819138    0.235738    0.136683    0.099055    0.639406    0.000000    0.000000    0.000000    0.000000    0.000000    0.000000
   1.83461    5.729895    0.230169    0.133871    0.096297    0.628054    0.000000    0.000000    0.000000    0.000000    0.000000    0.000000
   1.84061    5.658697    0.225749    0.131691    0.094058    0.618812    0.000000    0.000000    0.000000    0.000000    0.000000    0.000000
   1.84662    5.617341    0.222951    0.130418    0.092533    0.613000    0.000000    0.000000    0.000000    0.000000    0.000000    0.000000
   1.85262    5.615836    0.222155    0.130275    0.091880    0.611744    0.000000    0.000000    0.000000    0.000000    0.000000    0.000000
   1.85862    5.661859    0.223636    0.131423    0.092213    0.615919    0.000000    0.000000    0.000000    0.000000    0.000000    0.000000
   1.86462    5.760325    0.227548    0.133952    0.093596    0.626097    0.000000    0.000000    0.000000    0.000000    0.000000    0.000000
   1.87062    5.913091    0.233918    0.137873    0.096044    0.642514    0.000000    0.000000    0.000000    0.000000    0.000000    0.000000
   1.87663    6.118773    0.242639    0.143121    0.099519    0.665042    0.000000    0.000000    0.000000    0.000000    0.000000    0.000000
   1.88263    6.372684    0.253477    0.149548    0.103928    0.693183    0.000000    0.000000    0.000000    0.000000    0.000000    0.000000
   1.88863    6.666921    0.266065    0.156935    0.109130    0.726075    0.000000    0.000000    0.000000    0.000000    0.000000    0.000000
   1.89463    6.990608    0.279925    0.164990    0.114935    0.762514    0.000000    0.000000    0.000000    0.000000    0.000000    0.000000
   1.90063    7.330324    0.294477    0.173367    0.121110    0.801006    0.000000    0.000000    0.000000    0.000000    0.000000    0.000000
   1.90664    7.670735    0.309071    0.181677    0.127394    0.839830    0.000000    0.000000    0.000000    0.000000    0.000000    0.000000
   1.91264    7.995417    0.323018    0.189510    0.133508    0.877135    0.000000    0.000000    0.000000    0.000000    0.000000    0.000000
   1.91864    8.287848    0.335630    0.196462    0.139168    0.911050    0.000000    0.000000    0.000000    0.000000    0.000000    0.000000
   1.92464    8.532493    0.346267    0.202156    0.144111    0.939802    0.000000    0.000000    0.000000    0.000000    0.000000    0.000000
   1.93064    8.715910    0.354381    0.206275    0.148105    0.961847    0.000000    0.000000    0.000000    0.000000    0.000000    0.000000
   1.93665    8.827752    0.359554    0.208581    0.150973    0.975979    0.000000    0.000000    0.000000    0.000000    0.000000    0.000000
   1.94265    8.861565    0.361534    0.208932    0.152603    0.981423    0.000000    0.000000    0.000000    0.000000    0.000000    0.000000
   1.94865    8.815289    0.360252    0.207296    0.152956    0.977892    0.000000    0.000000    0.000000    0.000000    0.000000    0.000000
   1.95465    8.691390    0.355825    0.203753    0.152072    0.965604    0.000000    0.000000    0.000000    0.000000    0.000000    0.000000
   1.96065    8.496609    0.348546    0.198481    0.150064    0.945259    0.000000    0.000000    0.000000    0.000000    0.000000    0.000000
   1.96666    8.241352    0.338856    0.191747    0.147108    0.917966    0.000000    0.000000    0.000000    0.000000    0.000000    0.000000
   1.97266    7.938782    0.327306    0.183879    0.143427    0.885152    0.000000    0.000000    0.000000    0.000000    0.000000    0.000000
   1.97866    7.603720    0.314510    0.175238    0.139272    0.848433    0.000000    0.000000    0.000000    0.000000    0.000000    0.000000
   1.98466    7.251475    0.301096    0.166194    0.134902    0.809488    0.000000    0.000000    0.000000    0.000000    0.000000    0.000000
   1.99066    6.896707    0.287659    0.157097    0.130562    0.769933    0.000000    0.000000    0.000000    0.000000    0.000000    0.000000
   1.99667    6.552436    0.274721    0.148251    0.126470    0.731206    0.000000    0.000000    0.000000    0.000000    0.000000    0.000000
   2.00267    6.229274    0.262699    0.139904    0.122795    0.694490    0.000000    0.000000    0.000000    0.000000    0.000000    0.000000
   2.00867    5.934908    0.251888    0.132232    0.119656    0.660648    0.000000    0.000000    0.000000    0.000000    0.000000    0.000000
   2.01467    5.673863    0.242446    0.125338    0.117109    0.630203    0.000000    0.000000    0.000000    0.000000    0.000000    0.000000
   2.02067    5.447522    0.234406    0.119255    0.115151    0.603338    0.000000    0.000000    0.000000    0.000000    0.000000    0.000000
   2.02668    5.254379    0.227676    0.113953    0.113723    0.579926    0.000000    0.000000    0.000000    0.000000    0.000000    0.000000
   2.03268    5.090475    0.222068    0.109348    0.112719    0.559578    0.000000    0.000000    0.000000    0.000000    0.000000    0.000000
   2.03868    4.949988    0.217316    0.105322    0.111994    0.541705    0.000000    0.000000    0.000000    0.000000    0.000000    0.000000
   2.04468    4.825927    0.213109    0.101730    0.111379    0.525596    0.000000    0.000000    0.000000    0.000000    0.000000    0.000000
   2.05068    4.710882    0.209121    0.098425    0.110697    0.510493    0.000000    0.000000    0.000000    0.000000    0.000000    0.000000
   2.05669    4.597802    0.205045    0.095267    0.109778    0.495671    0.000000    0.000000    0.000000    0.000000    0.000000    0.000000
   2.06269    4.480737    0.200620    0.092144    0.108476    0.480520    0.000000    0.000000    0.000000    0.000000    0.000000    0.000000
   2.06869    4.355506    0.195664    0.088978    0.106685    0.464606    0.000000    0.000000    0.000000    0.000000    0.000000    0.000000
   2.07469    4.220231    0.190097    0.085744    0.104353    0.447727    0.000000    0.000000    0.000000    0.000000    0.000000    0.000000
   2.08069    4.075679    0.183954    0.082469    0.101485    0.429949    0.000000    0.000000    0.000000    0.000000    0.000000    0.000000
   2.08670    3.925382    0.177397    0.079239    0.098158    0.411621    0.000000    0.000000    0.000000    0.000000    0.000000    0.000000
   2.09270    3.775487    0.170705    0.076195    0.094510    0.393358    0.000000    0.000000    0.000000    0.000000    0.000000    0.000000
   2.09870    3.634350    0.164262    0.073525    0.090737    0.376008    0.000000    0.000000    0.000000    0.000000    0.000000    0.000000
   2.10470    3.511871    0.158533    0.071454    0.087079    0.360584    0.000000    0.000000    0.000000    0.000000    0.000000    0.000000
   2.11070    3.418647    0.154022    0.070221    0.083801    0.348188    0.000000    0.000000    0.000000    0.000000    0.000000    0.000000
   2.11671    3.364987    0.151236    0.070066    0.081170    0.339912    0.000000    0.000000    0.000000    0.000000    0.000000    0.000000
   2.12271    3.359912    0.150637    0.071201    0.079436    0.336742    0.000000    0.000000    0.000000    0.000000    0.000000    0.000000
   2.12871    3.410216    0.152599    0.073794    0.078804    0.339461    0.000000    0.000000    0.000000    0.000000    0.000000    0.000000
   2.13471    3.519700    0.157371    0.077947    0.079424    0.348574    0.000000    0.000000    0.000000    0.000000    0.000000    0.000000
   2.14071    3.688663    0.165047    0.083681    0.081366    0.364247    0.000000    0.000000    0.000000    0.000000    0.000000    0.000000
   2.14672    3.913696    0.175552    0.090927    0.084625    0.386277    0.000000    0.000000    0.000000    0.000000    0.000000    0.000000
   2.15272    4.187813    0.188636    0.099523    0.089113    0.414094    0.000000    0.000000    0.000000    0.000000    0.000000    0.000000
   2.15872    4.500917    0.203890    0.109222    0.094668    0.446795    0.000000    0.000000    0.000000    0.000000    0.000000    0.000000
   2.16472    4.840538    0.220766    0.119699    0.101067    0.483199    0.000000    0.000000    0.000000    0.000000    0.000000    0.000000
   2.17072    5.192795    0.238620    0.130575    0.108045    0.521935    0.000000    0.000000    0.000000    0.000000    0.000000    0.000000
   2.17673    5.543471    0.256749    0.141437    0.115312    0.561533    0.000000    0.000000    0.000000    0.000000    0.000000    0.000000
   2.18273    5.879103    0.274446    0.151870    0.122576    0.600535    0.000000    0.000000    0.000000    0.000000    0.000000    0.000000
   2.18873    6.187979    0.291047    0.161481    0.129566    0.637591    0.000000    0.000000    0.000000    0.000000    0.000000    0.000000
   2.19473    6.460954    0.305972    0.169930    0.136042    0.671546    0.000000    0.000000    0.000000    0.000000    0.000000    0.000000
   2.20073    6.692000    0.318766    0.176947    0.141818    0.701514    0.000000    0.000000    0.000000    0.000000    0.000000    0.000000
   2.20674    6.878457    0.329120    0.182357    0.146764    0.726914    0.000000    0.000000    0.000000    0.000000    0.000000    0.000000
   2.21274    7.020965    0.336888    0.186078    0.150810    0.747488    0.000000    0.000000    0.000000    0.000000    0.000000    0.000000
   2.21874    7.123113    0.342080    0.188132    0.153948    0.763283    0.000000    0.000000    0.000000    0.000000    0.000000    0.000000
   2.22474    7.190856    0.344850    0.188631    0.156219    0.774616    0.000000    0.000000    0.000000    0.000000    0.000000    0.000000
   2.23074    7.231794    0.345474    0.187766    0.157708    0.782011    0.000000    0.000000    0.000000    0.000000    0.000000    0.000000
   2.23675    7.254411    0.344317    0.185788    0.158529    0.786139    0.000000    0.000000    0.000000    0.000000    0.000000    0.000000
   2.24275    7.267363    0.341803    0.182986    0.158817    0.787745    0.000000    0.000000    0.000000    0.000000    0.000000    0.000000
   2.24875    7.278920    0.338381    0.179669    0.158712    0.787596    0.000000    0.000000    0.000000    0.000000    0.000000    0.000000
   2.25475    7.296589    0.334497    0.176145    0.158352    0.786432    0.000000    0.000000    0.000000    0.000000    0.000000    0.000000
   2.26075    7.326948    0.330581    0.172708    0.157873    0.784945    0.000000    0.000000    0.000000    0.000000    0.000000    0.000000
   2.26676    7.375664    0.327029    0.169630    0.157399    0.783766    0.000000    0.000000    0.000000    0.000000    0.000000    0.000000
   2.27276    7.447617    0.324201    0.167152    0.157049    0.783472    0.000000    0.000000    0.000000    0.000000    0.000000    0.000000
   2.27876    7.547063    0.322415    0.165483    0.156932    0.784590    0.000000    0.000000    0.000000    0.000000    0.000000    0.000000
   2.28476    7.677731    0.321951    0.164798    0.157152    0.787606    0.000000    0.000000    0.000000    0.000000    0.000000    0.000000
   2.29076    7.842789    0.323043    0.165239    0.157804    0.792955    0.000000    0.000000    0.000000    0.000000    0.000000    0.000000
   2.29677    8.044632    0.325877    0.166906    0.158970    0.801005    0.000000    0.000000    0.000000    0.000000    0.000000    0.000000
   2.30277    8.284492    0.330575    0.169858    0.160717    0.812022    0.000000    0.000000    0.000000    0.000000    0.000000    0.000000
   2.30877    8.561917    0.337184    0.174100    0.163084    0.826122    0.000000    0.000000    0.000000    0.000000    0.000000    0.000000
   2.31477    8.874205    0.345654    0.179579    0.166075    0.843228    0.000000    0.000000    0.000000    0.000000    0.000000    0.000000
   2.32077    9.215904    0.355829    0.186175    0.169655    0.863017    0.000000    0.000000    0.000000    0.000000    0.000000    0.000000
   2.32678    9.578491    0.367430    0.193693    0.173737    0.884903    0.000000    0.000000    0.000000    0.000000    0.000000    0.000000
   2.33278    9.950325    0.380060    0.201870    0.178189    0.908021    0.000000    0.000000    0.000000    0.000000    0.000000    0.000000
   2.33878   10.316960    0.393207    0.210375    0.182833    0.931260    0.000000    0.000000    0.000000    0.000000    0.000000    0.000000
   2.34478   10.661809    0.406274    0.218821    0.187453    0.953315    0.000000    0.000000    0.000000    0.000000    0.000000    0.000000
   2.35078   10.967160    0.418606    0.226792    0.191813    0.972772    0.000000    0.000000    0.000000    0.000000    0.000000    0.000000
   2.35679   11.215442    0.429534    0.233863    0.195672    0.988214    0.000000    0.000000    0.000000    0.000000    0.000000    0.000000
   2.36279   11.390622    0.438429    0.239629    0.198800    0.998338    0.000000    0.000000    0.000000    0.000000    0.000000    0.000000
   2.36879   11.479603    0.444747    0.243741    0.201006    1.002069    0.000000    0.000000    0.000000    0.000000    0.000000    0.000000
   2.37479   11.473448    0.448078    0.245931    0.202147    0.998665    0.000000    0.000000    0.000000    0.000000    0.000000    0.000000
   2.38079   11.368290    0.448183    0.246038    0.202145    0.987792    0.000000    0.000000    0.000000    0.000000    0.000000    0.000000
   2.38680   11.165829    0.445016    0.244021    0.200995    0.969566    0.000000    0.000000    0.000000    0.000000    0.000000    0.000000
   2.39280   10.873314    0.438734    0.239968    0.198766    0.944551    0.000000    0.000000    0.000000    0.000000    0.000000    0.000000
   2.39880   10.503036    0.429676    0.234085    0.195590    0.913713    0.000000    0.000000    0.000000    0.000000    0.000000    0.000000
   2.40480   10.071332    0.418338    0.226683    0.191655    0.878347    0.000000    0.000000    0.000000    0.000000    0.000000    0.000000
   2.41080    9.597241    0.405327    0.218146    0.187181    0.839954    0.000000    0.000000    0.000000    0.000000    0.000000    0.000000
   2.41681    9.100932    0.391300    0.208900    0.182400    0.800117    0.000000    0.000000    0.000000    0.000000    0.000000    0.000000
   2.42281    8.602092    0.376906    0.199374    0.177532    0.760364    0.000000    0.000000    0.000000    0.000000    0.000000    0.000000
   2.42881    8.118441    0.362731    0.189964    0.172767    0.722046    0.000000    0.000000    0.000000    0.000000    0.000000    0.000000
   2.43481    7.664557    0.349252    0.181004    0.168248    0.686247    0.000000    0.000000    0.000000    0.000000    0.000000    0.000000
   2.44081    7.251101    0.336805    0.172744    0.164061    0.653716    0.000000    0.000000    0.000000    0.000000    0.000000    0.000000
   2.44682    6.884545    0.325575    0.165338    0.160237    0.624853    0.000000    0.000000    0.000000    0.000000    0.000000    0.000000
   2.45282    6.567360    0.315603    0.158846    0.156757    0.599732    0.000000    0.000000    0.000000    0.000000    0.000000    0.000000
   2.45882    6.298643    0.306813    0.153247    0.153566    0.578158    0.000000    0.000000    0.000000    0.000000    0.000000    0.000000
   2.46482    6.075040    0.299044    0.148455    0.150589    0.559744    0.000000    0.000000    0.000000    0.000000    0.000000    0.000000
   2.47082    5.891833    0.292096    0.144348    0.147748    0.544012    0.000000    0.000000    0.000000    0.000000    0.000000    0.000000
   2.47683    5.744021    0.285772    0.140787    0.144985    0.530477    0.000000    0.000000    0.000000    0.000000    0.000000    0.000000
   2.48283    5.627267    0.279910    0.137647    0.142263    0.518726    0.000000    0.000000    0.000000    0.000000    0.000000    0.000000
   2.48883    5.538575    0.274409    0.134824    0.139585    0.508468    0.000000    0.000000    0.000000    0.000000    0.000000    0.000000
   2.49483    5.476641    0.269240    0.132255    0.136985    0.499557    0.000000    0.000000    0.000000    0.000000    0.000000    0.000000
   2.50083    5.441855    0.264436    0.129912    0.134524    0.491988    0.000000    0.000000    0.000000    0.000000    0.000000    0.000000
   2.50684    5.435978    0.260081    0.127800    0.132281    0.485857    0.000000    0.000000    0.000000    0.000000    0.000000    0.000000
   2.51284    5.461574    0.256280    0.125945    0.130336    0.481317    0.000000    0.000000    0.000000    0.000000    0.000000    0.000000
   2.51884    5.521289    0.253133    0.124378    0.128755    0.478513    0.000000    0.000000    0.000000    0.000000    0.000000    0.000000
   2.52484    5.617081    0.250702    0.123122    0.127580    0.477526    0.000000    0.000000    0.000000    0.000000    0.000000    0.000000
   2.53084    5.749528    0.248994    0.122180    0.126814    0.478326    0.000000    0.000000    0.000000    0.000000    0.000000    0.000000
   2.53685    5.917270    0.247942    0.121521    0.126421    0.480738    0.000000    0.000000    0.000000    0.000000    0.000000    0.000000
   2.54285    6.116685    0.247406    0.121084    0.126322    0.484436    0.000000    0.000000    0.000000    0.000000    0.000000    0.000000
   2.54885    6.341803    0.247182    0.120773    0.126409    0.488954    0.000000    0.000000    0.000000    0.000000    0.000000    0.000000
   2.55485    6.584481    0.247019    0.120470    0.126549    0.493723    0.000000    0.000000    0.000000    0.000000    0.000000    0.000000
   2.56085    6.834791    0.246644    0.120044    0.126600    0.498115    0.000000    0.000000    0.000000    0.000000    0.000000    0.000000
   2.56686    7.081603    0.245792    0.119366    0.126426    0.501503    0.000000    0.000000    0.000000    0.000000    0.000000    0.000000
   2.57286    7.313277    0.244233    0.118320    0.125913    0.503313    0.000000    0.000000    0.000000    0.000000    0.000000    0.000000
   2.57886    7.518415    0.241794    0.116820    0.124974    0.503078    0.000000    0.000000    0.000000    0.000000    0.000000    0.000000
   2.58486    7.686606    0.238376    0.114814    0.123563    0.500476    0.000000    0.000000    0.000000    0.000000    0.000000    0.000000
   2.59086    7.809096    0.233964    0.112290    0.121674    0.495355    0.000000    0.000000    0.000000    0.000000    0.000000    0.000000
   2.59687    7.879353    0.228620    0.109281    0.119339    0.487738    0.000000    0.000000    0.000000    0.000000    0.000000    0.000000
   2.60287    7.893456    0.222482    0.105853    0.116628    0.477815    0.000000    0.000000    0.000000    0.000000    0.000000    0.000000
   2.60887    7.850315    0.215741    0.102107    0.113634    0.465922    0.000000    0.000000    0.000000    0.000000    0.000000    0.000000
   2.61487    7.751679    0.208628    0.098161    0.110467    0.452504    0.000000    0.000000    0.000000    0.000000    0.000000    0.000000
   2.62087    7.601944    0.201388    0.094145    0.107243    0.438078    0.000000    0.000000    0.000000    0.000000    0.000000    0.000000
   2.62688    7.407786    0.194262    0.090189    0.104073    0.423184    0.000000    0.000000    0.000000    0.000000    0.000000    0.000000
   2.63288    7.177619    0.187464    0.086409    0.101055    0.408348    0.000000    0.000000    0.000000    0.000000    0.000000    0.000000
   2.63888    6.920966    0.181173    0.082906    0.098267    0.394037    0.000000    0.000000    0.000000    0.000000    0.000000    0.000000
   2.64488    6.647755    0.175514    0.079754    0.095760    0.380631    0.000000    0.000000    0.000000    0.000000    0.000000    0.000000
   2.65088    6.367636    0.170560    0.077001    0.093560    0.368401    0.000000    0.000000    0.000000    0.000000    0.000000    0.000000
   2.65689    6.089358    0.166328    0.074664    0.091664    0.357492    0.000000    0.000000    0.000000    0.000000    0.000000    0.000000
   2.66289    5.820275    0.162782    0.072734    0.090048    0.347928    0.000000    0.000000    0.000000    0.000000    0.000000    0.000000
   2.66889    5.566006    0.159845    0.071177    0.088668    0.339615    0.000000    0.000000    0.000000    0.000000    0.000000    0.000000
   2.67489    5.330289    0.157408    0.069942    0.087466    0.332368    0.000000    0.000000    0.000000    0.000000    0.000000    0.000000
   2.68089    5.115019    0.155343    0.068965    0.086379    0.325929    0.000000    0.000000    0.000000    0.000000    0.000000    0.000000
   2.68690    4.920449    0.153519    0.068175    0.085344    0.320007    0.000000    0.000000    0.000000    0.000000    0.000000    0.000000
   2.69290    4.745531    0.151812    0.067504    0.084309    0.314306    0.000000    0.000000    0.000000    0.000000    0.000000    0.000000
   2.69890    4.588335    0.150120    0.066891    0.083229    0.308562    0.000000    0.000000    0.000000    0.000000    0.000000    0.000000
   2.70490    4.446499    0.148368    0.066288    0.082079    0.302570    0.000000    0.000000    0.000000    0.000000    0.000000    0.000000
   2.71090    4.317652    0.146514    0.065663    0.080851    0.296206    0.000000    0.000000    0.000000    0.000000    0.000000    0.000000
   2.71691    4.199754    0.144553    0.065003    0.079550    0.289435    0.000000    0.000000    0.000000    0.000000    0.000000    0.000000
   2.72291    4.091335    0.142511    0.064313    0.078198    0.282318    0.000000    0.000000    0.000000    0.000000    0.000000    0.000000
   2.72891    3.991597    0.140443    0.063615    0.076827    0.274999    0.000000    0.000000    0.000000    0.000000    0.000000    0.000000
   2.73491    3.900389    0.138418    0.062945    0.075473    0.267686    0.000000    0.000000    0.000000    0.000000    0.000000    0.000000
   2.74091    3.818066    0.136518    0.062344    0.074173    0.260628    0.000000    0.000000    0.000000    0.000000    0.000000    0.000000
   2.74692    3.745272    0.134821    0.061861    0.072960    0.254081    0.000000    0.000000    0.000000    0.000000    0.000000    0.000000
   2.75292    3.682679    0.133395    0.061536    0.071858    0.248284    0.000000    0.000000    0.000000    0.000000    0.000000    0.000000
   2.75892    3.630746    0.132289    0.061407    0.070882    0.243429    0.000000    0.000000    0.000000    0.000000    0.000000    0.000000
   2.76492    3.589516    0.131532    0.061495    0.070037    0.239641    0.000000    0.000000    0.000000    0.000000    0.000000    0.000000
   2.77092    3.558511    0.131126    0.061808    0.069318    0.236972    0.000000    0.000000    0.000000    0.000000    0.000000    0.000000
   2.77693    3.536719    0.131054    0.062339    0.068714    0.235397    0.000000    0.000000    0.000000    0.000000    0.000000    0.000000
   2.78293    3.522701    0.131279    0.063067    0.068213    0.234828    0.000000    0.000000    0.000000    0.000000    0.000000    0.000000
   2.78893    3.514768    0.131758    0.063957    0.067801    0.235128    0.000000    0.000000    0.000000    0.000000    0.000000    0.000000
   2.79493    3.511231    0.132441    0.064969    0.067472    0.236137    0.000000    0.000000    0.000000    0.000000    0.000000    0.000000
   2.80093    3.510660    0.133285    0.066061    0.067224    0.237698    0.000000    0.000000    0.000000    0.000000    0.000000    0.000000
   2.80694    3.512114    0.134255    0.067188    0.067067    0.239675    0.000000    0.000000    0.000000    0.000000    0.000000    0.000000
   2.81294    3.515303    0.135332    0.068317    0.067015    0.241980    0.000000    0.000000    0.000000    0.000000    0.000000    0.000000
   2.81894    3.520652    0.136509    0.069418    0.067090    0.244572    0.000000    0.000000    0.000000    0.000000    0.000000    0.000000
   2.82494    3.529252    0.137790    0.070475    0.067315    0.247465    0.000000    0.000000    0.000000    0.000000    0.000000    0.000000
   2.83094    3.542699    0.139190    0.071479    0.067711    0.250719    0.000000    0.000000    0.000000    0.000000    0.000000    0.000000
   2.83695    3.562849    0.140725    0.072432    0.068293    0.254417    0.000000    0.000000    0.000000    0.000000    0.000000    0.000000
   2.84295    3.591519    0.142407    0.073342    0.069065    0.258654    0.000000    0.000000    0.000000    0.000000    0.000000    0.000000
   2.84895    3.630182    0.144240    0.074220    0.070020    0.263505    0.000000    0.000000    0.000000    0.000000    0.000000    0.000000
   2.85495    3.679705    0.146216    0.075077    0.071139    0.269014    0.000000    0.000000    0.000000    0.000000    0.000000    0.000000
   2.86095    3.740162    0.148311    0.075923    0.072388    0.275170    0.000000    0.000000    0.000000    0.000000    0.000000    0.000000
   2.86696    3.810759    0.150491    0.076766    0.073725    0.281907    0.000000    0.000000    0.000000    0.000000    0.000000    0.000000
   2.87296    3.889883    0.152710    0.077606    0.075103    0.289102    0.000000    0.000000    0.000000    0.000000    0.000000    0.000000
   2.87896    3.975249    0.154916    0.078442    0.076474    0.296584    0.000000    0.000000    0.000000    0.000000    0.000000    0.000000
   2.88496    4.064146    0.157057    0.079266    0.077790    0.304153    0.000000    0.000000    0.000000    0.000000    0.000000    0.000000
   2.89096    4.153725    0.159086    0.080070    0.079016    0.311595    0.000000    0.000000    0.000000    0.000000    0.000000    0.000000
   2.89697    4.241293    0.160967    0.080842    0.080125    0.318706    0.000000    0.000000    0.000000    0.000000    0.000000    0.000000
   2.90297    4.324574    0.162673    0.081572    0.081101    0.325313    0.000000    0.000000    0.000000    0.000000    0.000000    0.000000
   2.90897    4.401909    0.164195    0.082250    0.081945    0.331283    0.000000    0.000000    0.000000    0.000000    0.000000    0.000000
   2.91497    4.472366    0.165537    0.082870    0.082668    0.336537    0.000000    0.000000    0.000000    0.000000    0.000000    0.000000
   2.92097    4.535784    0.166717    0.083426    0.083291    0.341050    0.000000    0.000000    0.000000    0.000000    0.000000    0.000000
   2.92698    4.592735    0.167766    0.083918    0.083848    0.344856    0.000000    0.000000    0.000000    0.000000    0.000000    0.000000
   2.93298    4.644449    0.168725    0.084351    0.084375    0.348041    0.000000    0.000000    0.000000    0.000000    0.000000    0.000000
   2.93898    4.692723    0.169648    0.084732    0.084915    0.350737    0.000000    0.000000    0.000000    0.000000    0.000000    0.000000
   2.94498    4.739830    0.170593    0.085078    0.085515    0.353121    0.000000    0.000000    0.000000    0.000000    0.000000    0.000000
   2.95098    4.788442    0.171631    0.085409    0.086223    0.355406    0.000000    0.000000    0.000000    0.000000    0.000000    0.000000
   2.95699    4.841574    0.172836    0.085751    0.087085    0.357844    0.000000    0.000000    0.000000    0.000000    0.000000    0.000000
   2.96299    4.902533    0.174289    0.086139    0.088150    0.360713    0.000000    0.000000    0.000000    0.000000    0.000000    0.000000
   2.96899    4.974844    0.176073    0.086610    0.089462    0.364317    0.000000    0.000000    0.000000    0.000000    0.000000    0.000000
   2.97499    5.062142    0.178266    0.087204    0.091063    0.368972    0.000000    0.000000    0.000000    0.000000    0.000000    0.000000
   2.98099    5.167994    0.180942    0.087959    0.092983    0.374988    0.000000    0.000000    0.000000    0.000000    0.000000    0.000000
   2.98700    5.295651    0.184157    0.088911    0.095246    0.382650    0.000000    0.000000    0.000000    0.000000    0.000000    0.000000
   2.99300    5.447729    0.187946    0.090089    0.097857    0.392189    0.000000    0.000000    0.000000    0.000000    0.000000    0.000000
   2.99900    5.625832    0.192312    0.091508    0.100805    0.403747    0.000000    0.000000    0.000000    0.000000    0.000000    0.000000
   3.00500    5.830173    0.197223    0.093169    0.104054    0.417355    0.000000    0.000000    0.000000    0.000000    0.000000    0.000000
   3.01100    6.059218    0.202602    0.095057    0.107545    0.432896    0.000000    0.000000    0.000000    0.000000    0.000000    0.000000
   3.01701    6.309442    0.208331    0.097137    0.111193    0.450097    0.000000    0.000000    0.000000    0.000000    0.000000    0.000000
   3.02301    6.575225    0.214247    0.099356    0.114891    0.468517    0.000000    0.000000    0.000000    0.000000    0.000000    0.000000
   3.02901    6.848952    0.220155    0.101644    0.118512    0.487562    0.000000    0.000000    0.000000    0.000000    0.000000    0.000000
   3.03501    7.121329    0.225831    0.103917    0.121914    0.506514    0.000000    0.000000    0.000000    0.000000    0.000000    0.000000
   3.04101    7.381922    0.231040    0.106085    0.124955    0.524573    0.000000    0.000000    0.000000    0.000000    0.000000    0.000000
   3.04702    7.619881    0.235555    0.108055    0.127500    0.540914    0.000000    0.000000    0.000000    0.000000    0.000000    0.000000
   3.05302    7.824784    0.239172    0.109741    0.129431    0.554754    0.000000    0.000000    0.000000    0.000000    0.000000    0.000000
   3.05902    7.987521    0.241732    0.111069    0.130663    0.565416    0.000000    0.000000    0.000000    0.000000    0.000000    0.000000
   3.06502    8.101117    0.243136    0.111987    0.131149    0.572386    0.000000    0.000000    0.000000    0.000000    0.000000    0.000000
   3.07102    8.161389    0.243352    0.112465    0.130888    0.575361    0.000000    0.000000    0.000000    0.000000    0.000000    0.000000
   3.07703    8.167361    0.242427    0.112501    0.129926    0.574274    0.000000    0.000000    0.000000    0.000000    0.000000    0.000000
   3.08303    8.121367    0.240477    0.112121    0.128356    0.569297    0.000000    0.000000    0.000000    0.000000    0.000000    0.000000
   3.08903    8.028827    0.237682    0.111377    0.126306    0.560822    0.000000    0.000000    0.000000    0.000000    0.000000    0.000000
   3.09503    7.897707    0.234267    0.110337    0.123930    0.549421    0.000000    0.000000    0.000000    0.000000    0.000000    0.000000
   3.10103    7.737730    0.230477    0.109086    0.121391    0.535792    0.000000    0.000000    0.000000    0.000000    0.000000    0.000000
   3.10704    7.559429    0.226558    0.107709    0.118848    0.520694    0.000000    0.000000    0.000000    0.000000    0.000000    0.000000
   3.11304    7.373148    0.222730    0.106292    0.116438    0.504880    0.000000    0.000000    0.000000    0.000000    0.000000    0.000000
   3.11904    7.188119    0.219168    0.104906    0.114262    0.489039    0.000000    0.000000    0.000000    0.000000    0.000000    0.000000
   3.12504    7.011725    0.215989    0.103610    0.112379    0.473751    0.000000    0.000000    0.000000    0.000000    0.000000    0.000000
   3.13104    6.849014    0.213242    0.102441    0.110801    0.459451    0.000000    0.000000    0.000000    0.000000    0.000000    0.000000
   3.13705    6.702527    0.210915    0.101419    0.109496    0.446423    0.000000    0.000000    0.000000    0.000000    0.000000    0.000000
   3.14305    6.572428    0.208941    0.100546    0.108395    0.434802    0.000000    0.000000    0.000000    0.000000    0.000000    0.000000
   3.14905    6.456890    0.207215    0.099811    0.107404    0.424595    0.000000    0.000000    0.000000    0.000000    0.000000    0.000000
   3.15505    6.352658    0.205609    0.099194    0.106415    0.415709    0.000000    0.000000    0.000000    0.000000    0.000000    0.000000
   3.16105    6.255705    0.203992    0.098669    0.105323    0.407984    0.000000    0.000000    0.000000    0.000000    0.000000    0.000000
   3.16706    6.161847    0.202247    0.098211    0.104037    0.401218    0.000000    0.000000    0.000000    0.000000    0.000000    0.000000
   3.17306    6.067257    0.200281    0.097792    0.102489    0.395197    0.000000    0.000000    0.000000    0.000000    0.000000    0.000000
   3.17906    5.968802    0.198025    0.097387    0.100638    0.389700    0.000000    0.000000    0.000000    0.000000    0.000000    0.000000
   3.18506    5.864169    0.195442    0.096971    0.098471    0.384512    0.000000    0.000000    0.000000    0.000000    0.000000    0.000000
   3.19106    5.751822    0.192512    0.096512    0.096000    0.379419    0.000000    0.000000    0.000000    0.000000    0.000000    0.000000
   3.19707    5.630801    0.189227    0.095975    0.093252    0.374199    0.000000    0.000000    0.000000    0.000000    0.000000    0.000000
   3.20307    5.500462    0.185583    0.095316    0.090267    0.368624    0.000000    0.000000    0.000000    0.000000    0.000000    0.000000
   3.20907    5.360213    0.181567    0.094482    0.087085    0.362450    0.000000    0.000000    0.000000    0.000000    0.000000    0.000000
   3.21507    5.209314    0.177154    0.093414    0.083741    0.355430    0.000000    0.000000    0.000000    0.000000    0.000000    0.000000
   3.22107    5.046796    0.172309    0.092048    0.080261    0.347318    0.000000    0.000000    0.000000    0.000000    0.000000    0.000000
   3.22708    4.871491    0.166984    0.090321    0.076663    0.337891    0.000000    0.000000    0.000000    0.000000    0.000000    0.000000
   3.23308    4.682187    0.161131    0.088179    0.072952    0.326968    0.000000    0.000000    0.000000    0.000000    0.000000    0.000000
   3.23908    4.477851    0.154708    0.085577    0.069131    0.314429    0.000000    0.000000    0.000000    0.000000    0.000000    0.000000
   3.24508    4.257879    0.147689    0.082491    0.065198    0.300233    0.000000    0.000000    0.000000    0.000000    0.000000    0.000000
   3.25108    4.022331    0.140072    0.078917    0.061155    0.284427    0.000000    0.000000    0.000000    0.000000    0.000000    0.000000
   3.25709    3.772094    0.131882    0.074874    0.057008    0.267148    0.000000    0.000000    0.000000    0.000000    0.000000    0.000000
   3.26309    3.508954    0.123178    0.070404    0.052774    0.248614    0.000000    0.000000    0.000000    0.000000    0.000000    0.000000
   3.26909    3.235572    0.114049    0.065571    0.048478    0.229115    0.000000    0.000000    0.000000    0.000000    0.000000    0.000000
   3.27509    2.955361    0.104610    0.060454    0.044156    0.208989    0.000000    0.000000    0.000000    0.000000    0.000000    0.000000
   3.28109    2.672297    0.094998    0.055147    0.039851    0.188601    0.000000    0.000000    0.000000    0.000000    0.000000    0.000000
   3.28710    2.390676    0.085360    0.049748    0.035612    0.168323    0.000000    0.000000    0.000000    0.000000    0.000000    0.000000
   3.29310    2.114857    0.075849    0.044359    0.031490    0.148509    0.000000    0.000000    0.000000    0.000000    0.000000    0.000000
   3.29910    1.849013    0.066615    0.039079    0.027535    0.129484    0.000000    0.000000    0.000000    0.000000    0.000000    0.000000
   3.30510    1.596912    0.057794    0.033998    0.023796    0.111522    0.000000    0.000000    0.000000    0.000000    0.000000    0.000000
   3.31110    1.361738    0.049506    0.029194    0.020312    0.094848    0.000000    0.000000    0.000000    0.000000    0.000000    0.000000
   3.31711    1.145967    0.041848    0.024733    0.017115    0.079623    0.000000    0.000000    0.000000    0.000000    0.000000    0.000000
   3.32311    0.951292    0.034891    0.020663    0.014229    0.065949    0.000000    0.000000    0.000000    0.000000    0.000000    0.000000
   3.32911    0.778610    0.028679    0.017015    0.011665    0.053872    0.000000    0.000000    0.000000    0.000000    0.000000    0.000000
   3.33511    0.628053    0.023229    0.013804    0.009425    0.043381    0.000000    0.000000    0.000000    0.000000    0.000000    0.000000
   3.34111    0.499060    0.018530    0.011028    0.007503    0.034422    0.000000    0.000000    0.000000    0.000000    0.000000    0.000000
   3.34712    0.390487    0.014553    0.008672    0.005881    0.026902    0.000000    0.000000    0.000000    0.000000    0.000000    0.000000
   3.35312    0.300734    0.011247    0.006710    0.004537    0.020699    0.000000    0.000000    0.000000    0.000000    0.000000    0.000000
   3.35912    0.227884    0.008551    0.005107    0.003443    0.015674    0.000000    0.000000    0.000000    0.000000    0.000000    0.000000
   3.36512    0.169841    0.006392    0.003822    0.002570    0.011676    0.000000    0.000000    0.000000    0.000000    0.000000    0.000000
   3.37112    0.124457    0.004697    0.002811    0.001886    0.008553    0.000000    0.000000    0.000000    0.000000    0.000000    0.000000
   3.37713    0.089642    0.003392    0.002031    0.001361    0.006159    0.000000    0.000000    0.000000    0.000000    0.000000    0.000000
   3.38313    0.063445    0.002406    0.001442    0.000964    0.004359    0.000000    0.000000    0.000000    0.000000    0.000000    0.000000
   3.38913    0.044111    0.001677    0.001005    0.000671    0.003031    0.000000    0.000000    0.000000    0.000000    0.000000    0.000000
   3.39513    0.030121    0.001147    0.000688    0.000459    0.002070    0.000000    0.000000    0.000000    0.000000    0.000000    0.000000
   3.40113    0.020196    0.000771    0.000463    0.000308    0.001388    0.000000    0.000000    0.000000    0.000000    0.000000    0.000000
   3.40714    0.013294    0.000508    0.000305    0.000203    0.000914    0.000000    0.000000    0.000000    0.000000    0.000000    0.000000
   3.41314    0.008589    0.000329    0.000198    0.000131    0.000590    0.000000    0.000000    0.000000    0.000000    0.000000    0.000000
   3.41914    0.005446    0.000209    0.000125    0.000083    0.000375    0.000000    0.000000    0.000000    0.000000    0.000000    0.000000
   3.42514    0.003389    0.000130    0.000078    0.000052    0.000233    0.000000    0.000000    0.000000    0.000000    0.000000    0.000000
   3.43114    0.002069    0.000079    0.000048    0.000032    0.000142    0.000000    0.000000    0.000000    0.000000    0.000000    0.000000
   3.43715    0.001239    0.000048    0.000029    0.000019    0.000085    0.000000    0.000000    0.000000    0.000000    0.000000    0.000000
   3.44315    0.000728    0.000028    0.000017    0.000011    0.000050    0.000000    0.000000    0.000000    0.000000    0.000000    0.000000
   3.44915    0.000419    0.000016    0.000010    0.000006    0.000029    0.000000    0.000000    0.000000    0.000000    0.000000    0.000000
   3.45515    0.000237    0.000009    0.000005    0.000004    0.000016    0.000000    0.000000    0.000000    0.000000    0.000000    0.000000
   3.46115    0.000131    0.000005    0.000003    0.000002    0.000009    0.000000    0.000000    0.000000    0.000000    0.000000    0.000000
   3.46716    0.000071    0.000003    0.000002    0.000001    0.000005    0.000000    0.000000    0.000000    0.000000    0.000000    0.000000
   3.47316    0.000038    0.000001    0.000001    0.000001    0.000003    0.000000    0.000000    0.000000    0.000000    0.000000    0.000000
   3.47916    0.000020    0.000001    0.000000    0.000000    0.000001    0.000000    0.000000    0.000000    0.000000    0.000000    0.000000
   3.48516    0.000010    0.000000    0.000000    0.000000    0.000001    0.000000    0.000000    0.000000    0.000000    0.000000    0.000000
   3.49116    0.000005    0.000000    0.000000    0.000000    0.000000    0.000000    0.000000    0.000000    0.000000    0.000000    0.000000
   3.49717    0.000003    0.000000    0.000000    0.000000    0.000000    0.000000    0.000000    0.000000    0.000000    0.000000    0.000000
   3.50317    0.000001    0.000000    0.000000    0.000000    0.000000    0.000000    0.000000    0.000000    0.000000    0.000000    0.000000
   3.50917    0.000001    0.000000    0.000000    0.000000    0.000000    0.000000    0.000000    0.000000    0.000000    0.000000    0.000000
   3.51517    0.000000    0.000000    0.000000    0.000000    0.000000    0.000000    0.000000    0.000000    0.000000    0.000000    0.000000
   3.52117    0.000000    0.000000    0.000000    0.000000    0.000000    0.000000    0.000000    0.000000    0.000000    0.000000    0.000000
   3.52718    0.000000    0.000000    0.000000    0.000000    0.000000    0.000000    0.000000    0.000000    0.000000    0.000000    0.000000
   3.53318    0.000000    0.000000    0.000000    0.000000    0.000000    0.000000    0.000000    0.000000    0.000000    0.000000    0.000000
   3.53918    0.000000    0.000000    0.000000    0.000000    0.000000    0.000000    0.000000    0.000000    0.000000    0.000000    0.000000
   3.54518    0.000000    0.000000    0.000000    0.000000    0.000000    0.000000    0.000000    0.000000    0.000000    0.000000    0.000000
   3.55118    0.000000    0.000000    0.000000    0.000000    0.000000    0.000000    0.000000    0.000000    0.000000    0.000000    0.000000
   3.55719    0.000000    0.000000    0.000000    0.000000    0.000000    0.000000    0.000000    0.000000    0.000000    0.000000    0.000000
   3.56319    0.000000    0.000000    0.000000    0.000000    0.000000    0.000000    0.000000    0.000000    0.000000    0.000000    0.000000
   3.56919    0.000000    0.000000    0.000000    0.000000    0.000000    0.000000    0.000000    0.000000    0.000000    0.000000    0.000000
   3.57519    0.000000    0.000000    0.000000    0.000000    0.000000    0.000000    0.000000    0.000000    0.000000    0.000000    0.000000
   3.58119    0.000000    0.000000    0.000000    0.000000    0.000000    0.000000    0.000000    0.000000    0.000000    0.000000    0.000000
   3.58720    0.000000    0.000000    0.000000    0.000000    0.000000    0.000000    0.000000    0.000000    0.000000    0.000000    0.000000
   3.59320    0.000000    0.000000    0.000000    0.000000    0.000000    0.000000    0.000000    0.000000    0.000000    0.000000    0.000000
   3.59920    0.000000    0.000000    0.000000    0.000000    0.000000    0.000000    0.000000    0.000000    0.000000    0.000000    0.000000
   3.60520    0.000000    0.000000    0.000000    0.000000    0.000000    0.000000    0.000000    0.000000    0.000000    0.000000    0.000000
   3.61120    0.000000    0.000000    0.000000    0.000000    0.000000    0.000000    0.000000    0.000000    0.000000    0.000000    0.000000
   3.61721    0.000000    0.000000    0.000000    0.000000    0.000000    0.000000    0.000000    0.000000    0.000000    0.000000    0.000000
   3.62321    0.000000    0.000000    0.000000    0.000000    0.000000    0.000000    0.000000    0.000000    0.000000    0.000000    0.000000
   3.62921    0.000000    0.000000    0.000000    0.000000    0.000000    0.000000    0.000000    0.000000    0.000000    0.000000    0.000000
   3.63521    0.000000    0.000000    0.000000    0.000000    0.000000    0.000000    0.000000    0.000000    0.000000    0.000000    0.000000
   3.64121    0.000000    0.000000    0.000000    0.000000    0.000000    0.000000    0.000000    0.000000    0.000000    0.000000    0.000000
   3.64722    0.000000    0.000000    0.000000    0.000000    0.000000    0.000000    0.000000    0.000000    0.000000    0.000000    0.000000
   3.65322    0.000000    0.000000    0.000000    0.000000    0.000000    0.000000    0.000000    0.000000    0.000000    0.000000    0.000000
   3.65922    0.000000    0.000000    0.000000    0.000000    0.000000    0.000000    0.000000    0.000000    0.000000    0.000000    0.000000
   3.66522    0.000000    0.000000    0.000000    0.000000    0.000000    0.000000    0.000000    0.000000    0.000000    0.000000    0.000000
   3.67122    0.000000    0.000000    0.000000    0.000000    0.000000    0.000000    0.000000    0.000000    0.000000    0.000000    0.000000
   3.67723    0.000000    0.000000    0.000000    0.000000    0.000000    0.000000    0.000000    0.000000    0.000000    0.000000    0.000000
   3.68323    0.000000    0.000000    0.000000    0.000000    0.000000    0.000000    0.000000    0.000000    0.000000    0.000000    0.000000
   3.68923    0.000000    0.000000    0.000000    0.000000    0.000000    0.000000    0.000000    0.000000    0.000000    0.000000    0.000000
   3.69523    0.000000    0.000000    0.000000    0.000000    0.000000    0.000000    0.000000    0.000000    0.000000    0.000000    0.000000
   3.70123    0.000000    0.000000    0.000000    0.000000    0.000000    0.000000    0.000000    0.000000    0.000000    0.000000    0.000000
   3.70724    0.000000    0.000000    0.000000    0.000000    0.000000    0.000000    0.000000    0.000000    0.000000    0.000000    0.000000
   3.71324    0.000000    0.000000    0.000000    0.000000    0.000000    0.000000    0.000000    0.000000    0.000000    0.000000    0.000000
   3.71924    0.000000    0.000000    0.000000    0.000000    0.000000    0.000000    0.000000    0.000000    0.000000    0.000000    0.000000
   3.72524    0.000000    0.000000    0.000000    0.000000    0.000000    0.000000    0.000000    0.000000    0.000000    0.000000    0.000000
   3.73124    0.000000    0.000000    0.000000    0.000000    0.000000    0.000000    0.000000    0.000000    0.000000    0.000000    0.000000
   3.73725    0.000000    0.000000    0.000000    0.000000    0.000000    0.000000    0.000000    0.000000    0.000000    0.000000    0.000000
   3.74325    0.000000    0.000000    0.000000    0.000000    0.000000    0.000000    0.000000    0.000000    0.000000    0.000000    0.000000
   3.74925    0.000000    0.000000    0.000000    0.000000    0.000000    0.000000    0.000000    0.000000    0.000000    0.000000    0.000000
   3.75525    0.000000    0.000000    0.000000    0.000000    0.000000    0.000000    0.000000    0.000000    0.000000    0.000000    0.000000
   3.76125    0.000000    0.000000    0.000000    0.000000    0.000000    0.000000    0.000000    0.000000    0.000000    0.000000    0.000000
   3.76726    0.000000    0.000000    0.000000    0.000000    0.000000    0.000000    0.000000    0.000000    0.000000    0.000000    0.000000
   3.77326    0.000000    0.000000    0.000000    0.000000    0.000000    0.000000    0.000000    0.000000    0.000000    0.000000    0.000000
   3.77926    0.000000    0.000000    0.000000    0.000000    0.000000    0.000000    0.000000    0.000000    0.000000    0.000000    0.000000
   3.78526    0.000000    0.000000    0.000000    0.000000    0.000000    0.000000    0.000000    0.000000    0.000000    0.000000    0.000000
   3.79126    0.000000    0.000000    0.000000    0.000000    0.000000    0.000000    0.000000    0.000000    0.000000    0.000000    0.000000
   3.79727    0.000000    0.000000    0.000000    0.000000    0.000000    0.000000    0.000000    0.000000    0.000000    0.000000    0.000000
   3.80327    0.000000    0.000000    0.000000    0.000000    0.000000    0.000000    0.000000    0.000000    0.000000    0.000000    0.000000
   3.80927    0.000000    0.000000    0.000000    0.000000    0.000000    0.000000    0.000000    0.000000    0.000000    0.000000    0.000000
   3.81527    0.000000    0.000000    0.000000    0.000000    0.000000    0.000000    0.000000    0.000000    0.000000    0.000000    0.000000
   3.82127    0.000000    0.000000    0.000000    0.000000    0.000000    0.000000    0.000000    0.000000    0.000000    0.000000    0.000000
   3.82728    0.000000    0.000000    0.000000    0.000000    0.000000    0.000000    0.000000    0.000000    0.000000    0.000000    0.000000
   3.83328    0.000000    0.000000    0.000000    0.000000    0.000000    0.000000    0.000000    0.000000    0.000000    0.000000    0.000000
   3.83928    0.000000    0.000000    0.000000    0.000000    0.000000    0.000000    0.000000    0.000000    0.000000    0.000000    0.000000
   3.84528    0.000000    0.000000    0.000000    0.000000    0.000000    0.000000    0.000000    0.000000    0.000000    0.000000    0.000000
   3.85128    0.000000    0.000000    0.000000    0.000000    0.000000    0.000000    0.000000    0.000000    0.000000    0.000000    0.000000
   3.85729    0.000000    0.000000    0.000000    0.000000    0.000000    0.000000    0.000000    0.000000    0.000000    0.000000    0.000000
   3.86329    0.000000    0.000000    0.000000    0.000000    0.000000    0.000000    0.000000    0.000000    0.000000    0.000000    0.000000
   3.86929    0.000000    0.000000    0.000000    0.000000    0.000000    0.000000    0.000000    0.000000    0.000000    0.000000    0.000000
   3.87529    0.000000    0.000000    0.000000    0.000000    0.000000    0.000000    0.000000    0.000000    0.000000    0.000000    0.000000
   3.88129    0.000000    0.000000    0.000000    0.000000    0.000000    0.000000    0.000000    0.000000    0.000000    0.000000    0.000000
   3.88730    0.000000    0.000000    0.000000    0.000000    0.000000    0.000000    0.000000    0.000000    0.000000    0.000000    0.000000
   3.89330    0.000000    0.000000    0.000000    0.000000    0.000000    0.000000    0.000000    0.000000    0.000000    0.000000    0.000000
   3.89930    0.000000    0.000000    0.000000    0.000000    0.000000    0.000000    0.000000    0.000000    0.000000    0.000000    0.000000
   3.90530    0.000000    0.000000    0.000000    0.000000    0.000000    0.000000    0.000000    0.000000    0.000000    0.000000    0.000000
   3.91130    0.000000    0.000000    0.000000    0.000000    0.000000    0.000000    0.000000    0.000000    0.000000    0.000000    0.000000
   3.91731    0.000000    0.000000    0.000000    0.000000    0.000000    0.000000    0.000000    0.000000    0.000000    0.000000    0.000000
   3.92331    0.000000    0.000000    0.000000    0.000000    0.000000    0.000000    0.000000    0.000000    0.000000    0.000000    0.000000
   3.92931    0.000000    0.000000    0.000000    0.000000    0.000000    0.000000    0.000000    0.000000    0.000000    0.000000    0.000000
   3.93531    0.000000    0.000000    0.000000    0.000000    0.000000    0.000000    0.000000    0.000000    0.000000    0.000000    0.000000
   3.94131    0.000000    0.000000    0.000000    0.000000    0.000000    0.000000    0.000000    0.000000    0.000000    0.000000    0.000000
   3.94732    0.000000    0.000000    0.000000    0.000000    0.000000    0.000000    0.000000    0.000000    0.000000    0.000000    0.000000
   3.95332    0.000000    0.000000    0.000000    0.000000    0.000000    0.000000    0.000000    0.000000    0.000000    0.000000    0.000000
   3.95932    0.000000    0.000000    0.000000    0.000000    0.000000    0.000000    0.000000    0.000000    0.000000    0.000000    0.000000
   3.96532    0.000000    0.000000    0.000000    0.000000    0.000000    0.000000    0.000000    0.000000    0.000000    0.000000    0.000000
   3.97132    0.000000    0.000000    0.000000    0.000000    0.000000    0.000000    0.000000    0.000000    0.000000    0.000000    0.000000
   3.97733    0.000000    0.000000    0.000000    0.000000    0.000000    0.000000    0.000000    0.000000    0.000000    0.000000    0.000000
   3.98333    0.000000    0.000000    0.000000    0.000000    0.000000    0.000000    0.000000    0.000000    0.000000    0.000000    0.000000
   3.98933    0.000000    0.000000    0.000000    0.000000    0.000000    0.000000    0.000000    0.000000    0.000000    0.000000    0.000000
   3.99533    0.000000    0.000000    0.000000    0.000000    0.000000    0.000000    0.000000    0.000000    0.000000    0.000000    0.000000
   4.00133    0.000000    0.000000    0.000000    0.000000    0.000000    0.000000    0.000000    0.000000    0.000000    0.000000    0.000000
   4.00734    0.000000    0.000000    0.000000    0.000000    0.000000    0.000000    0.000000    0.000000    0.000000    0.000000    0.000000
   4.01334    0.000000    0.000000    0.000000    0.000000    0.000000    0.000000    0.000000    0.000000    0.000000    0.000000    0.000000
   4.01934    0.000000    0.000000    0.000000    0.000000    0.000000    0.000000    0.000000    0.000000    0.000000    0.000000    0.000000
   4.02534    0.000000    0.000000    0.000000    0.000000    0.000000    0.000000    0.000000    0.000000    0.000000    0.000000    0.000000
   4.03134    0.000000    0.000000    0.000000    0.000000    0.000000    0.000000    0.000000    0.000000    0.000000    0.000000    0.000000
   4.03735    0.000000    0.000000    0.000000    0.000000    0.000000    0.000000    0.000000    0.000000    0.000000    0.000000    0.000000
   4.04335    0.000000    0.000000    0.000000    0.000000    0.000000    0.000000    0.000000    0.000000    0.000000    0.000000    0.000000
   4.04935    0.000000    0.000000    0.000000    0.000000    0.000000    0.000000    0.000000    0.000000    0.000000    0.000000    0.000000
   4.05535    0.000000    0.000000    0.000000    0.000000    0.000000    0.000000    0.000000    0.000000    0.000000    0.000000    0.000000
   4.06135    0.000000    0.000000    0.000000    0.000000    0.000000    0.000000    0.000000    0.000000    0.000000    0.000000    0.000000
   4.06736    0.000000    0.000000    0.000000    0.000000    0.000000    0.000000    0.000000    0.000000    0.000000    0.000000    0.000000
   4.07336    0.000000    0.000000    0.000000    0.000000    0.000000    0.000000    0.000000    0.000000    0.000000    0.000000    0.000000
   4.07936    0.000000    0.000000    0.000000    0.000000    0.000000    0.000000    0.000000    0.000000    0.000000    0.000000    0.000000
   4.08536    0.000000    0.000000    0.000000    0.000000    0.000000    0.000000    0.000000    0.000000    0.000000    0.000000    0.000000
   4.09136    0.000000    0.000000    0.000000    0.000000    0.000000    0.000000    0.000000    0.000000    0.000000    0.000000    0.000000
   4.09737    0.000000    0.000000    0.000000    0.000000    0.000000    0.000000    0.000000    0.000000    0.000000    0.000000    0.000000
   4.10337    0.000000    0.000000    0.000000    0.000000    0.000000    0.000000    0.000000    0.000000    0.000000    0.000000    0.000000
   4.10937    0.000000    0.000000    0.000000    0.000000    0.000000    0.000000    0.000000    0.000000    0.000000    0.000000    0.000000
   4.11537    0.000000    0.000000    0.000000    0.000000    0.000000    0.000000    0.000000    0.000000    0.000000    0.000000    0.000000
   4.12137    0.000000    0.000000    0.000000    0.000000    0.000000    0.000000    0.000000    0.000000    0.000000    0.000000    0.000000
   4.12738    0.000000    0.000000    0.000000    0.000000    0.000000    0.000000    0.000000    0.000000    0.000000    0.000000    0.000000
   4.13338    0.000000    0.000000    0.000000    0.000000    0.000000    0.000000    0.000000    0.000000    0.000000    0.000000    0.000000
   4.13938    0.000000    0.000000    0.000000    0.000000    0.000000    0.000000    0.000000    0.000000    0.000000    0.000000    0.000000
   4.14538    0.000000    0.000000    0.000000    0.000000    0.000000    0.000000    0.000000    0.000000    0.000000    0.000000    0.000000
   4.15138    0.000000    0.000000    0.000000    0.000000    0.000000    0.000000    0.000000    0.000000    0.000000    0.000000    0.000000
   4.15739    0.000000    0.000000    0.000000    0.000000    0.000000    0.000000    0.000000    0.000000    0.000000    0.000000    0.000000
   4.16339    0.000000    0.000000    0.000000    0.000000    0.000000    0.000000    0.000000    0.000000    0.000000    0.000000    0.000000
   4.16939    0.000000    0.000000    0.000000    0.000000    0.000000    0.000000    0.000000    0.000000    0.000000    0.000000    0.000000
   4.17539    0.000000    0.000000    0.000000    0.000000    0.000000    0.000000    0.000000    0.000000    0.000000    0.000000    0.000000
   4.18139    0.000000    0.000000    0.000000    0.000000    0.000000    0.000000    0.000000    0.000000    0.000000    0.000000    0.000000
   4.18740    0.000000    0.000000    0.000000    0.000000    0.000000    0.000000    0.000000    0.000000    0.000000    0.000000    0.000000
   4.19340    0.000000    0.000000    0.000000    0.000000    0.000000    0.000000    0.000000    0.000000    0.000000    0.000000    0.000000
   4.19940    0.000000    0.000000    0.000000    0.000000    0.000000    0.000000    0.000000    0.000000    0.000000    0.000000    0.000000
   4.20540    0.000000    0.000000    0.000000    0.000000    0.000000    0.000000    0.000000    0.000000    0.000000    0.000000    0.000000
   4.21140    0.000000    0.000000    0.000000    0.000000    0.000000    0.000000    0.000000    0.000000    0.000000    0.000000    0.000000
   4.21741    0.000000    0.000000    0.000000    0.000000    0.000000    0.000000    0.000000    0.000000    0.000000    0.000000    0.000000
   4.22341    0.000000    0.000000    0.000000    0.000000    0.000000    0.000000    0.000000    0.000000    0.000000    0.000000    0.000000
   4.22941    0.000000    0.000000    0.000000    0.000000    0.000000    0.000000    0.000000    0.000000    0.000000    0.000000    0.000000
   4.23541    0.000000    0.000000    0.000000    0.000000    0.000000    0.000000    0.000000    0.000000    0.000000    0.000000    0.000000
   4.24141    0.000000    0.000000    0.000000    0.000000    0.000000    0.000000    0.000000    0.000000    0.000000    0.000000    0.000000
   4.24742    0.000000    0.000000    0.000000    0.000000    0.000000    0.000000    0.000000    0.000000    0.000000    0.000000    0.000000
   4.25342    0.000000    0.000000    0.000000    0.000000    0.000000    0.000000    0.000000    0.000000    0.000000    0.000000    0.000000
   4.25942    0.000000    0.000000    0.000000    0.000000    0.000000    0.000000    0.000000    0.000000    0.000000    0.000000    0.000000
   4.26542    0.000000    0.000000    0.000000    0.000000    0.000000    0.000000    0.000000    0.000000    0.000000    0.000000    0.000000
   4.27142    0.000000    0.000000    0.000000    0.000000    0.000000    0.000000    0.000000    0.000000    0.000000    0.000000    0.000000
   4.27743    0.000000    0.000000    0.000000    0.000000    0.000000    0.000000    0.000000    0.000000    0.000000    0.000000    0.000000
   4.28343    0.000000    0.000000    0.000000    0.000000    0.000000    0.000000    0.000000    0.000000    0.000000    0.000000    0.000000
   4.28943    0.000000    0.000000    0.000000    0.000000    0.000000    0.000000    0.000000    0.000000    0.000000    0.000000    0.000000
   4.29543    0.000000    0.000000    0.000000    0.000000    0.000000    0.000000    0.000000    0.000000    0.000000    0.000000    0.000000
   4.30143    0.000000    0.000000    0.000000    0.000000    0.000000    0.000000    0.000000    0.000000    0.000000    0.000000    0.000000
   4.30744    0.000000    0.000000    0.000000    0.000000    0.000000    0.000000    0.000000    0.000000    0.000000    0.000000    0.000000
   4.31344    0.000000    0.000000    0.000000    0.000000    0.000000    0.000000    0.000000    0.000000    0.000000    0.000000    0.000000
   4.31944    0.000000    0.000000    0.000000    0.000000    0.000000    0.000000    0.000000    0.000000    0.000000    0.000000    0.000000
   4.32544    0.000000    0.000000    0.000000    0.000000    0.000000    0.000000    0.000000    0.000000    0.000000    0.000000    0.000000
   4.33144    0.000000    0.000000    0.000000    0.000000    0.000000    0.000000    0.000000    0.000000    0.000000    0.000000    0.000000
   4.33745    0.000000    0.000000    0.000000    0.000000    0.000000    0.000000    0.000000    0.000000    0.000000    0.000000    0.000000
   4.34345    0.000000    0.000000    0.000000    0.000000    0.000000    0.000000    0.000000    0.000000    0.000000    0.000000    0.000000
   4.34945    0.000000    0.000000    0.000000    0.000000    0.000000    0.000000    0.000000    0.000000    0.000000    0.000000    0.000000
   4.35545    0.000000    0.000000    0.000000    0.000000    0.000000    0.000000    0.000000    0.000000    0.000000    0.000000    0.000000
   4.36145    0.000000    0.000000    0.000000    0.000000    0.000000    0.000000    0.000000    0.000000    0.000000    0.000000    0.000000
   4.36746    0.000000    0.000000    0.000000    0.000000    0.000000    0.000000    0.000000    0.000000    0.000000    0.000000    0.000000
   4.37346    0.000000    0.000000    0.000000    0.000000    0.000000    0.000000    0.000000    0.000000    0.000000    0.000000    0.000000
   4.37946    0.000000    0.000000    0.000000    0.000000    0.000000    0.000000    0.000000    0.000000    0.000000    0.000000    0.000000
   4.38546    0.000000    0.000000    0.000000    0.000000    0.000000    0.000000    0.000000    0.000000    0.000000    0.000000    0.000000
   4.39146    0.000000    0.000000    0.000000    0.000000    0.000000    0.000000    0.000000    0.000000    0.000000    0.000000    0.000000
   4.39747    0.000000    0.000000    0.000000    0.000000    0.000000    0.000000    0.000000    0.000000    0.000000    0.000000    0.000000
   4.40347    0.000000    0.000000    0.000000    0.000000    0.000000    0.000000    0.000000    0.000000    0.000000    0.000000    0.000000
   4.40947    0.000000    0.000000    0.000000    0.000000    0.000000    0.000000    0.000000    0.000000    0.000000    0.000000    0.000000
   4.41547    0.000000    0.000000    0.000000    0.000000    0.000000    0.000000    0.000000    0.000000    0.000000    0.000000    0.000000
   4.42147    0.000000    0.000000    0.000000    0.000000    0.000000    0.000000    0.000000    0.000000    0.000000    0.000000    0.000000
   4.42748    0.000000    0.000000    0.000000    0.000000    0.000000    0.000000    0.000000    0.000000    0.000000    0.000000    0.000000
   4.43348    0.000000    0.000000    0.000000    0.000000    0.000000    0.000000    0.000000    0.000000    0.000000    0.000000    0.000000
   4.43948    0.000000    0.000000    0.000000    0.000000    0.000000    0.000000    0.000000    0.000000    0.000000    0.000000    0.000000
   4.44548    0.000000    0.000000    0.000000    0.000000    0.000000    0.000000    0.000000    0.000000    0.000000    0.000000    0.000000
   4.45148    0.000000    0.000000    0.000000    0.000000    0.000000    0.000000    0.000000    0.000000    0.000000    0.000000    0.000000
   4.45749    0.000000    0.000000    0.000000    0.000000    0.000000    0.000000    0.000000    0.000000    0.000000    0.000000    0.000000
   4.46349    0.000000    0.000000    0.000000    0.000000    0.000000    0.000000    0.000000    0.000000    0.000000    0.000000    0.000000
   4.46949    0.000000    0.000000    0.000000    0.000000    0.000000    0.000000    0.000000    0.000000    0.000000    0.000000    0.000000
   4.47549    0.000000    0.000000    0.000000    0.000000    0.000000    0.000000    0.000000    0.000000    0.000000    0.000000    0.000000
   4.48149    0.000000    0.000000    0.000000    0.000000    0.000000    0.000000    0.000000    0.000000    0.000000    0.000000    0.000000
   4.48750    0.000000    0.000000    0.000000    0.000000    0.000000    0.000000    0.000000    0.000000    0.000000    0.000000    0.000000
   4.49350    0.000000    0.000000    0.000000    0.000000    0.000000    0.000000    0.000000    0.000000    0.000000    0.000000    0.000000
   4.49950    0.000000    0.000000    0.000000    0.000000    0.000000    0.000000    0.000000    0.000000    0.000000    0.000000    0.000000
   4.50550    0.000000    0.000000    0.000000    0.000000    0.000000    0.000000    0.000000    0.000000    0.000000    0.000000    0.000000
   4.51150    0.000000    0.000000    0.000000    0.000000    0.000000    0.000000    0.000000    0.000000    0.000000    0.000000    0.000000
   4.51751    0.000000    0.000000    0.000000    0.000000    0.000000    0.000000    0.000000    0.000000    0.000000    0.000000    0.000000
   4.52351    0.000000    0.000000    0.000000    0.000000    0.000000    0.000000    0.000000    0.000000    0.000000    0.000000    0.000000
   4.52951    0.000000    0.000000    0.000000    0.000000    0.000000    0.000000    0.000000    0.000000    0.000000    0.000000    0.000000
   4.53551    0.000000    0.000000    0.000000    0.000000    0.000000    0.000000    0.000000    0.000000    0.000000    0.000000    0.000000
   4.54151    0.000000    0.000000    0.000000    0.000000    0.000000    0.000000    0.000000    0.000000    0.000000    0.000000    0.000000
   4.54752    0.000000    0.000000    0.000000    0.000000    0.000000    0.000000    0.000000    0.000000    0.000000    0.000000    0.000000
   4.55352    0.000000    0.000000    0.000000    0.000000    0.000000    0.000000    0.000000    0.000000    0.000000    0.000000    0.000000
   4.55952    0.000000    0.000000    0.000000    0.000000    0.000000    0.000000    0.000000    0.000000    0.000000    0.000000    0.000000
   4.56552    0.000000    0.000000    0.000000    0.000000    0.000000    0.000000    0.000000    0.000000    0.000000    0.000000    0.000000
   4.57152    0.000000    0.000000    0.000000    0.000000    0.000000    0.000000    0.000000    0.000000    0.000000    0.000000    0.000000
   4.57753    0.000000    0.000000    0.000000    0.000000    0.000000    0.000000    0.000000    0.000000    0.000000    0.000000    0.000000
   4.58353    0.000000    0.000000    0.000000    0.000000    0.000000    0.000000    0.000000    0.000000    0.000000    0.000000    0.000000
   4.58953    0.000000    0.000000    0.000000    0.000000    0.000000    0.000000    0.000000    0.000000    0.000000    0.000000    0.000000
   4.59553    0.000000    0.000000    0.000000    0.000000    0.000000    0.000000    0.000000    0.000000    0.000000    0.000000    0.000000
   4.60153    0.000000    0.000000    0.000000    0.000000    0.000000    0.000000    0.000000    0.000000    0.000000    0.000000    0.000000
   4.60754    0.000000    0.000000    0.000000    0.000000    0.000000    0.000000    0.000000    0.000000    0.000000    0.000000    0.000000
   4.61354    0.000000    0.000000    0.000000    0.000000    0.000000    0.000000    0.000000    0.000000    0.000000    0.000000    0.000000
   4.61954    0.000000    0.000000    0.000000    0.000000    0.000000    0.000000    0.000000    0.000000    0.000000    0.000000    0.000000
   4.62554    0.000000    0.000000    0.000000    0.000000    0.000000    0.000000    0.000000    0.000000    0.000000    0.000000    0.000000
   4.63154    0.000000    0.000000    0.000000    0.000000    0.000000    0.000000    0.000000    0.000000    0.000000    0.000000    0.000000
   4.63755    0.000000    0.000000    0.000000    0.000000    0.000000    0.000000    0.000000    0.000000    0.000000    0.000000    0.000000
   4.64355    0.000000    0.000000    0.000000    0.000000    0.000000    0.000000    0.000000    0.000000    0.000000    0.000000    0.000000
   4.64955    0.000000    0.000000    0.000000    0.000000    0.000000    0.000000    0.000000    0.000000    0.000000    0.000000    0.000000
   4.65555    0.000000    0.000000    0.000000    0.000000    0.000000    0.000000    0.000000    0.000000    0.000000    0.000000    0.000000
   4.66155    0.000000    0.000000    0.000000    0.000000    0.000000    0.000000    0.000000    0.000000    0.000000    0.000000    0.000000
   4.66756    0.000000    0.000000    0.000000    0.000000    0.000000    0.000000    0.000000    0.000000    0.000000    0.000000    0.000000
   4.67356    0.000000    0.000000    0.000000    0.000000    0.000000    0.000000    0.000000    0.000000    0.000000    0.000000    0.000000
   4.67956    0.000000    0.000000    0.000000    0.000000    0.000000    0.000000    0.000000    0.000000    0.000000    0.000000    0.000000
   4.68556    0.000000    0.000000    0.000000    0.000000    0.000000    0.000000    0.000000    0.000000    0.000000    0.000000    0.000000
   4.69156    0.000000    0.000000    0.000000    0.000000    0.000000    0.000000    0.000000    0.000000    0.000000    0.000000    0.000000
   4.69757    0.000000    0.000000    0.000000    0.000000    0.000000    0.000000    0.000000    0.000000    0.000000    0.000000    0.000000
   4.70357    0.000000    0.000000    0.000000    0.000000    0.000000    0.000000    0.000000    0.000000    0.000000    0.000000    0.000000
   4.70957    0.000000    0.000000    0.000000    0.000000    0.000000    0.000000    0.000000    0.000000    0.000000    0.000000    0.000000
   4.71557    0.000000    0.000000    0.000000    0.000000    0.000000    0.000000    0.000000    0.000000    0.000000    0.000000    0.000000
   4.72157    0.000000    0.000000    0.000000    0.000000    0.000000    0.000000    0.000000    0.000000    0.000000    0.000000    0.000000
   4.72758    0.000000    0.000000    0.000000    0.000000    0.000000    0.000000    0.000000    0.000000    0.000000    0.000000    0.000000
   4.73358    0.000000    0.000000    0.000000    0.000000    0.000000    0.000000    0.000000    0.000000    0.000000    0.000000    0.000000
   4.73958    0.000000    0.000000    0.000000    0.000000    0.000000    0.000000    0.000000    0.000000    0.000000    0.000000    0.000000
   4.74558    0.000000    0.000000    0.000000    0.000000    0.000000    0.000000    0.000000    0.000000    0.000000    0.000000    0.000000
   4.75158    0.000000    0.000000    0.000000    0.000000    0.000000    0.000000    0.000000    0.000000    0.000000    0.000000    0.000000
   4.75759    0.000000    0.000000    0.000000    0.000000    0.000000    0.000000    0.000000    0.000000    0.000000    0.000000    0.000000
   4.76359    0.000000    0.000000    0.000000    0.000000    0.000000    0.000000    0.000000    0.000000    0.000000    0.000000    0.000000
   4.76959    0.000000    0.000000    0.000000    0.000000    0.000000    0.000000    0.000000    0.000000    0.000000    0.000000    0.000000
   4.77559    0.000000    0.000000    0.000000    0.000000    0.000000    0.000000    0.000000    0.000000    0.000000    0.000000    0.000000
   4.78159    0.000000    0.000000    0.000000    0.000000    0.000000    0.000000    0.000000    0.000000    0.000000    0.000000    0.000000
   4.78760    0.000000    0.000000    0.000000    0.000000    0.000000    0.000000    0.000000    0.000000    0.000000    0.000000    0.000000
   4.79360    0.000000    0.000000    0.000000    0.000000    0.000000    0.000000    0.000000    0.000000    0.000000    0.000000    0.000000
   4.79960    0.000000    0.000000    0.000000    0.000000    0.000000    0.000000    0.000000    0.000000    0.000000    0.000000    0.000000
   4.80560    0.000000    0.000000    0.000000    0.000000    0.000000    0.000000    0.000000    0.000000    0.000000    0.000000    0.000000
   4.81160    0.000000    0.000000    0.000000    0.000000    0.000000    0.000000    0.000000    0.000000    0.000000    0.000000    0.000000
   4.81761    0.000000    0.000000    0.000000    0.000000    0.000000    0.000000    0.000000    0.000000    0.000000    0.000000    0.000000
   4.82361    0.000000    0.000000    0.000000    0.000000    0.000000    0.000000    0.000000    0.000000    0.000000    0.000000    0.000000
   4.82961    0.000000    0.000000    0.000000    0.000000    0.000000    0.000000    0.000000    0.000000    0.000000    0.000000    0.000000
   4.83561    0.000000    0.000000    0.000000    0.000000    0.000000    0.000000    0.000000    0.000000    0.000000    0.000000    0.000000
   4.84161    0.000000    0.000000    0.000000    0.000000    0.000000    0.000000    0.000000    0.000000    0.000000    0.000000    0.000000
   4.84762    0.000000    0.000000    0.000000    0.000000    0.000000    0.000000    0.000000    0.000000    0.000000    0.000000    0.000000
   4.85362    0.000000    0.000000    0.000000    0.000000    0.000000    0.000000    0.000000    0.000000    0.000000    0.000000    0.000000
   4.85962    0.000000    0.000000    0.000000    0.000000    0.000000    0.000000    0.000000    0.000000    0.000000    0.000000    0.000000
   4.86562    0.000000    0.000000    0.000000    0.000000    0.000000    0.000000    0.000000    0.000000    0.000000    0.000000    0.000000
   4.87162    0.000000    0.000000    0.000000    0.000000    0.000000    0.000000    0.000000    0.000000    0.000000    0.000000    0.000000
   4.87763    0.000000    0.000000    0.000000    0.000000    0.000000    0.000000    0.000000    0.000000    0.000000    0.000000    0.000000
   4.88363    0.000000    0.000000    0.000000    0.000000    0.000000    0.000000    0.000000    0.000000    0.000000    0.000000    0.000000
   4.88963    0.000000    0.000000    0.000000    0.000000    0.000000    0.000000    0.000000    0.000000    0.000000    0.000000    0.000000
   4.89563    0.000000    0.000000    0.000000    0.000000    0.000000    0.000000    0.000000    0.000000    0.000000    0.000000    0.000000
   4.90163    0.000000    0.000000    0.000000    0.000000    0.000000    0.000000    0.000000    0.000000    0.000000    0.000000    0.000000
   4.90764    0.000000    0.000000    0.000000    0.000000    0.000000    0.000000    0.000000    0.000000    0.000000    0.000000    0.000000
   4.91364    0.000000    0.000000    0.000000    0.000000    0.000000    0.000000    0.000000    0.000000    0.000000    0.000000    0.000000
   4.91964    0.000000    0.000000    0.000000    0.000000    0.000000    0.000000    0.000000    0.000000    0.000000    0.000000    0.000000
   4.92564    0.000000    0.000000    0.000000    0.000000    0.000000    0.000000    0.000000    0.000000    0.000000    0.000000    0.000000
   4.93164    0.000000    0.000000    0.000000    0.000000    0.000000    0.000000    0.000000    0.000000    0.000000    0.000000    0.000000
   4.93765    0.000000    0.000000    0.000000    0.000000    0.000000    0.000000    0.000000    0.000000    0.000000    0.000000    0.000000
   4.94365    0.000000    0.000000    0.000000    0.000000    0.000000    0.000000    0.000000    0.000000    0.000000    0.000000    0.000000
   4.94965    0.000000    0.000000    0.000000    0.000000    0.000000    0.000000    0.000000    0.000000    0.000000    0.000000    0.000000
   4.95565    0.000000    0.000000    0.000000    0.000000    0.000000    0.000000    0.000000    0.000000    0.000000    0.000000    0.000000
   4.96165    0.000000    0.000000    0.000000    0.000000    0.000000    0.000000    0.000000    0.000000    0.000000    0.000000    0.000000
   4.96766    0.000000    0.000000    0.000000    0.000000    0.000000    0.000000    0.000000    0.000000    0.000000    0.000000    0.000000
   4.97366    0.000000    0.000000    0.000000    0.000000    0.000000    0.000000    0.000000    0.000000    0.000000    0.000000    0.000000
   4.97966    0.000000    0.000000    0.000000    0.000000    0.000000    0.000000    0.000000    0.000000    0.000000    0.000000    0.000000
   4.98566    0.000000    0.000000    0.000000    0.000000    0.000000    0.000000    0.000000    0.000000    0.000000    0.000000    0.000000
   4.99166    0.000000    0.000000    0.000000    0.000000    0.000000    0.000000    0.000000    0.000000    0.000000    0.000000    0.000000
   4.99767    0.000000    0.000000    0.000000    0.000000    0.000000    0.000000    0.000000    0.000000    0.000000    0.000000    0.000000
   5.00367    0.000000    0.000000    0.000000    0.000000    0.000000    0.000000    0.000000    0.000000    0.000000    0.000000    0.000000
   5.00967    0.000000    0.000000    0.000000    0.000000    0.000000    0.000000    0.000000    0.000000    0.000000    0.000000    0.000000
   5.01567    0.000000    0.000000    0.000000    0.000000    0.000000    0.000000    0.000000    0.000000    0.000000    0.000000    0.000000
   5.02167    0.000000    0.000000    0.000000    0.000000    0.000000    0.000000    0.000000    0.000000    0.000000    0.000000    0.000000
   5.02768    0.000000    0.000000    0.000000    0.000000    0.000000    0.000000    0.000000    0.000000    0.000000    0.000000    0.000000
   5.03368    0.000000    0.000000    0.000000    0.000000    0.000000    0.000000    0.000000    0.000000    0.000000    0.000000    0.000000
   5.03968    0.000000    0.000000    0.000000    0.000000    0.000000    0.000000    0.000000    0.000000    0.000000    0.000000    0.000000
   5.04568    0.000000    0.000000    0.000000    0.000000    0.000000    0.000000    0.000000    0.000000    0.000000    0.000000    0.000000
   5.05168    0.000000    0.000000    0.000000    0.000000    0.000000    0.000000    0.000000    0.000000    0.000000    0.000000    0.000000
   5.05769    0.000000    0.000000    0.000000    0.000000    0.000000    0.000000    0.000000    0.000000    0.000000    0.000000    0.000000
   5.06369    0.000000    0.000000    0.000000    0.000000    0.000000    0.000000    0.000000    0.000000    0.000000    0.000000    0.000000
   5.06969    0.000000    0.000000    0.000000    0.000000    0.000000    0.000000    0.000000    0.000000    0.000000    0.000000    0.000000
   5.07569    0.000000    0.000000    0.000000    0.000000    0.000000    0.000000    0.000000    0.000000    0.000000    0.000000    0.000000
   5.08169    0.000000    0.000000    0.000000    0.000000    0.000000    0.000000    0.000000    0.000000    0.000000    0.000000    0.000000
   5.08770    0.000000    0.000000    0.000000    0.000000    0.000000    0.000000    0.000000    0.000000    0.000000    0.000000    0.000000
   5.09370    0.000000    0.000000    0.000000    0.000000    0.000000    0.000000    0.000000    0.000000    0.000000    0.000000    0.000000
   5.09970    0.000000    0.000000    0.000000    0.000000    0.000000    0.000000    0.000000    0.000000    0.000000    0.000000    0.000000
   5.10570    0.000000    0.000000    0.000000    0.000000    0.000000    0.000000    0.000000    0.000000    0.000000    0.000000    0.000000
   5.11170    0.000000    0.000000    0.000000    0.000000    0.000000    0.000000    0.000000    0.000000    0.000000    0.000000    0.000000
   5.11771    0.000000    0.000000    0.000000    0.000000    0.000000    0.000000    0.000000    0.000000    0.000000    0.000000    0.000000
   5.12371    0.000000    0.000000    0.000000    0.000000    0.000000    0.000000    0.000000    0.000000    0.000000    0.000000    0.000000
   5.12971    0.000000    0.000000    0.000000    0.000000    0.000000    0.000000    0.000000    0.000000    0.000000    0.000000    0.000000
   5.13571    0.000000    0.000000    0.000000    0.000000    0.000000    0.000000    0.000000    0.000000    0.000000    0.000000    0.000000
   5.14171    0.000000    0.000000    0.000000    0.000000    0.000000    0.000000    0.000000    0.000000    0.000000    0.000000    0.000000
   5.14772    0.000000    0.000000    0.000000    0.000000    0.000000    0.000000    0.000000    0.000000    0.000000    0.000000    0.000000
   5.15372    0.000000    0.000000    0.000000    0.000000    0.000000    0.000000    0.000000    0.000000    0.000000    0.000000    0.000000
   5.15972    0.000000    0.000000    0.000000    0.000000    0.000000    0.000000    0.000000    0.000000    0.000000    0.000000    0.000000
   5.16572    0.000000    0.000000    0.000000    0.000000    0.000000    0.000000    0.000000    0.000000    0.000000    0.000000    0.000000
   5.17172    0.000000    0.000000    0.000000    0.000000    0.000000    0.000000    0.000000    0.000000    0.000000    0.000000    0.000000
   5.17773    0.000000    0.000000    0.000000    0.000000    0.000000    0.000000    0.000000    0.000000    0.000000    0.000000    0.000000
   5.18373    0.000000    0.000000    0.000000    0.000000    0.000000    0.000000    0.000000    0.000000    0.000000    0.000000    0.000000
   5.18973    0.000000    0.000000    0.000000    0.000000    0.000000    0.000000    0.000000    0.000000    0.000000    0.000000    0.000000
   5.19573    0.000000    0.000000    0.000000    0.000000    0.000000    0.000000    0.000000    0.000000    0.000000    0.000000    0.000000
   5.20173    0.000000    0.000000    0.000000    0.000000    0.000000    0.000000    0.000000    0.000000    0.000000    0.000000    0.000000
   5.20774    0.000000    0.000000    0.000000    0.000000    0.000000    0.000000    0.000000    0.000000    0.000000    0.000000    0.000000
   5.21374    0.000000    0.000000    0.000000    0.000000    0.000000    0.000000    0.000000    0.000000    0.000000    0.000000    0.000000
   5.21974    0.000000    0.000000    0.000000    0.000000    0.000000    0.000000    0.000000    0.000000    0.000000    0.000000    0.000000
   5.22574    0.000000    0.000000    0.000000    0.000000    0.000000    0.000000    0.000000    0.000000    0.000000    0.000000    0.000000
   5.23174    0.000000    0.000000    0.000000    0.000000    0.000000    0.000000    0.000000    0.000000    0.000000    0.000000    0.000000
   5.23775    0.000000    0.000000    0.000000    0.000000    0.000000    0.000000    0.000000    0.000000    0.000000    0.000000    0.000000
   5.24375    0.000000    0.000000    0.000000    0.000000    0.000000    0.000000    0.000000    0.000000    0.000000    0.000000    0.000000
   5.24975    0.000000    0.000000    0.000000    0.000000    0.000000    0.000000    0.000000    0.000000    0.000000    0.000000    0.000000
   5.25575    0.000000    0.000000    0.000000    0.000000    0.000000    0.000000    0.000000    0.000000    0.000000    0.000000    0.000000
   5.26175    0.000000    0.000000    0.000000    0.000000    0.000000    0.000000    0.000000    0.000000    0.000000    0.000000    0.000000
   5.26776    0.000000    0.000000    0.000000    0.000000    0.000000    0.000000    0.000000    0.000000    0.000000    0.000000    0.000000
   5.27376    0.000000    0.000000    0.000000    0.000000    0.000000    0.000000    0.000000    0.000000    0.000000    0.000000    0.000000
   5.27976    0.000000    0.000000    0.000000    0.000000    0.000000    0.000000    0.000000    0.000000    0.000000    0.000000    0.000000
   5.28576    0.000000    0.000000    0.000000    0.000000    0.000000    0.000000    0.000000    0.000000    0.000000    0.000000    0.000000
   5.29176    0.000000    0.000000    0.000000    0.000000    0.000000    0.000000    0.000000    0.000000    0.000000    0.000000    0.000000
   5.29777    0.000000    0.000000    0.000000    0.000000    0.000000    0.000000    0.000000    0.000000    0.000000    0.000000    0.000000
   5.30377    0.000000    0.000000    0.000000    0.000000    0.000000    0.000000    0.000000    0.000000    0.000000    0.000000    0.000000
   5.30977    0.000000    0.000000    0.000000    0.000000    0.000000    0.000000    0.000000    0.000000    0.000000    0.000000    0.000000
   5.31577    0.000000    0.000000    0.000000    0.000000    0.000000    0.000000    0.000000    0.000000    0.000000    0.000000    0.000000
   5.32177    0.000000    0.000000    0.000000    0.000000    0.000000    0.000000    0.000000    0.000000    0.000000    0.000000    0.000000
   5.32778    0.000000    0.000000    0.000000    0.000000    0.000000    0.000000    0.000000    0.000000    0.000000    0.000000    0.000000
   5.33378    0.000000    0.000000    0.000000    0.000000    0.000000    0.000000    0.000000    0.000000    0.000000    0.000000    0.000000
   5.33978    0.000000    0.000000    0.000000    0.000000    0.000000    0.000000    0.000000    0.000000    0.000000    0.000000    0.000000
   5.34578    0.000000    0.000000    0.000000    0.000000    0.000000    0.000000    0.000000    0.000000    0.000000    0.000000    0.000000
   5.35178    0.000000    0.000000    0.000000    0.000000    0.000000    0.000000    0.000000    0.000000    0.000000    0.000000    0.000000
   5.35779    0.000000    0.000000    0.000000    0.000000    0.000000    0.000000    0.000000    0.000000    0.000000    0.000000    0.000000
   5.36379    0.000000    0.000000    0.000000    0.000000    0.000000    0.000000    0.000000    0.000000    0.000000    0.000000    0.000000
   5.36979    0.000000    0.000000    0.000000    0.000000    0.000000    0.000000    0.000000    0.000000    0.000000    0.000000    0.000000
   5.37579    0.000000    0.000000    0.000000    0.000000    0.000000    0.000000    0.000000    0.000000    0.000000    0.000000    0.000000
   5.38179    0.000000    0.000000    0.000000    0.000000    0.000000    0.000000    0.000000    0.000000    0.000000    0.000000    0.000000
   5.38780    0.000000    0.000000    0.000000    0.000000    0.000000    0.000000    0.000000    0.000000    0.000000    0.000000    0.000000
   5.39380    0.000000    0.000000    0.000000    0.000000    0.000000    0.000000    0.000000    0.000000    0.000000    0.000000    0.000000
   5.39980    0.000000    0.000000    0.000000    0.000000    0.000000    0.000000    0.000000    0.000000    0.000000    0.000000    0.000000
   5.40580    0.000000    0.000000    0.000000    0.000000    0.000000    0.000000    0.000000    0.000000    0.000000    0.000000    0.000000
   5.41180    0.000000    0.000000    0.000000    0.000000    0.000000    0.000000    0.000000    0.000000    0.000000    0.000000    0.000000
   5.41781    0.000000    0.000000    0.000000    0.000000    0.000000    0.000000    0.000000    0.000000    0.000000    0.000000    0.000000
   5.42381    0.000000    0.000000    0.000000    0.000000    0.000000    0.000000    0.000000    0.000000    0.000000    0.000000    0.000000
   5.42981    0.000000    0.000000    0.000000    0.000000    0.000000    0.000000    0.000000    0.000000    0.000000    0.000000    0.000000
   5.43581    0.000000    0.000000    0.000000    0.000000    0.000000    0.000000    0.000000    0.000000    0.000000    0.000000    0.000000
   5.44181    0.000000    0.000000    0.000000    0.000000    0.000000    0.000000    0.000000    0.000000    0.000000    0.000000    0.000000
   5.44782    0.000000    0.000000    0.000000    0.000000    0.000000    0.000000    0.000000    0.000000    0.000000    0.000000    0.000000
   5.45382    0.000000    0.000000    0.000000    0.000000    0.000000    0.000000    0.000000    0.000000    0.000000    0.000000    0.000000
   5.45982    0.000000    0.000000    0.000000    0.000000    0.000000    0.000000    0.000000    0.000000    0.000000    0.000000    0.000000
   5.46582    0.000000    0.000000    0.000000    0.000000    0.000000    0.000000    0.000000    0.000000    0.000000    0.000000    0.000000
   5.47182    0.000000    0.000000    0.000000    0.000000    0.000000    0.000000    0.000000    0.000000    0.000000    0.000000    0.000000
   5.47783    0.000000    0.000000    0.000000    0.000000    0.000000    0.000000    0.000000    0.000000    0.000000    0.000000    0.000000
   5.48383    0.000000    0.000000    0.000000    0.000000    0.000000    0.000000    0.000000    0.000000    0.000000    0.000000    0.000000
   5.48983    0.000000    0.000000    0.000000    0.000000    0.000000    0.000000    0.000000    0.000000    0.000000    0.000000    0.000000
   5.49583    0.000000    0.000000    0.000000    0.000000    0.000000    0.000000    0.000000    0.000000    0.000000    0.000000    0.000000
   5.50183    0.000000    0.000000    0.000000    0.000000    0.000000    0.000000    0.000000    0.000000    0.000000    0.000000    0.000000
   5.50784    0.000000    0.000000    0.000000    0.000000    0.000000    0.000000    0.000000    0.000000    0.000000    0.000000    0.000000
   5.51384    0.000000    0.000000    0.000000    0.000000    0.000000    0.000000    0.000000    0.000000    0.000000    0.000000    0.000000
   5.51984    0.000000    0.000000    0.000000    0.000000    0.000000    0.000000    0.000000    0.000000    0.000000    0.000000    0.000000
   5.52584    0.000000    0.000000    0.000000    0.000000    0.000000    0.000000    0.000000    0.000000    0.000000    0.000000    0.000000
   5.53184    0.000000    0.000000    0.000000    0.000000    0.000000    0.000000    0.000000    0.000000    0.000000    0.000000    0.000000
   5.53785    0.000000    0.000000    0.000000    0.000000    0.000000    0.000000    0.000000    0.000000    0.000000    0.000000    0.000000
   5.54385    0.000000    0.000000    0.000000    0.000000    0.000000    0.000000    0.000000    0.000000    0.000000    0.000000    0.000000
   5.54985    0.000000    0.000000    0.000000    0.000000    0.000000    0.000000    0.000000    0.000000    0.000000    0.000000    0.000000
   5.55585    0.000000    0.000000    0.000000    0.000000    0.000000    0.000000    0.000000    0.000000    0.000000    0.000000    0.000000
   5.56185    0.000000    0.000000    0.000000    0.000000    0.000000    0.000000    0.000000    0.000000    0.000000    0.000000    0.000000
   5.56786    0.000000    0.000000    0.000000    0.000000    0.000000    0.000000    0.000000    0.000000    0.000000    0.000000    0.000000
   5.57386    0.000000    0.000000    0.000000    0.000000    0.000000    0.000000    0.000000    0.000000    0.000000    0.000000    0.000000
   5.57986    0.000000    0.000000    0.000000    0.000000    0.000000    0.000000    0.000000    0.000000    0.000000    0.000000    0.000000
   5.58586    0.000000    0.000000    0.000000    0.000000    0.000000    0.000000    0.000000    0.000000    0.000000    0.000000    0.000000
   5.59186    0.000000    0.000000    0.000000    0.000000    0.000000    0.000000    0.000000    0.000000    0.000000    0.000000    0.000000
   5.59787    0.000000    0.000000    0.000000    0.000000    0.000000    0.000000    0.000000    0.000000    0.000000    0.000000    0.000000
   5.60387    0.000000    0.000000    0.000000    0.000000    0.000000    0.000000    0.000000    0.000000    0.000000    0.000000    0.000000
   5.60987    0.000000    0.000000    0.000000    0.000000    0.000000    0.000000    0.000000    0.000000    0.000000    0.000000    0.000000
   5.61587    0.000000    0.000000    0.000000    0.000000    0.000000    0.000000    0.000000    0.000000    0.000000    0.000000    0.000000
   5.62187    0.000000    0.000000    0.000000    0.000000    0.000000    0.000000    0.000000    0.000000    0.000000    0.000000    0.000000
   5.62788    0.000000    0.000000    0.000000    0.000000    0.000000    0.000000    0.000000    0.000000    0.000000    0.000000    0.000000
   5.63388    0.000000    0.000000    0.000000    0.000000    0.000000    0.000000    0.000000    0.000000    0.000000    0.000000    0.000000
   5.63988    0.000000    0.000000    0.000000    0.000000    0.000000    0.000000    0.000000    0.000000    0.000000    0.000000    0.000000
   5.64588    0.000000    0.000000    0.000000    0.000000    0.000000    0.000000    0.000000    0.000000    0.000000    0.000000    0.000000
   5.65188    0.000000    0.000000    0.000000    0.000000    0.000000    0.000000    0.000000    0.000000    0.000000    0.000000    0.000000
   5.65789    0.000000    0.000000    0.000000    0.000000    0.000000    0.000000    0.000000    0.000000    0.000000    0.000000    0.000000
   5.66389    0.000000    0.000000    0.000000    0.000000    0.000000    0.000000    0.000000    0.000000    0.000000    0.000000    0.000000
   5.66989    0.000000    0.000000    0.000000    0.000000    0.000000    0.000000    0.000000    0.000000    0.000000    0.000000    0.000000
   5.67589    0.000000    0.000000    0.000000    0.000000    0.000000    0.000000    0.000000    0.000000    0.000000    0.000000    0.000000
   5.68189    0.000000    0.000000    0.000000    0.000000    0.000000    0.000000    0.000000    0.000000    0.000000    0.000000    0.000000
   5.68790    0.000000    0.000000    0.000000    0.000000    0.000000    0.000000    0.000000    0.000000    0.000000    0.000000    0.000000
   5.69390    0.000000    0.000000    0.000000    0.000000    0.000000    0.000000    0.000000    0.000000    0.000000    0.000000    0.000000
   5.69990    0.000000    0.000000    0.000000    0.000000    0.000000    0.000000    0.000000    0.000000    0.000000    0.000000    0.000000
   5.70590    0.000000    0.000000    0.000000    0.000000    0.000000    0.000000    0.000000    0.000000    0.000000    0.000000    0.000000
   5.71190    0.000000    0.000000    0.000000    0.000000    0.000000    0.000000    0.000000    0.000000    0.000000    0.000000    0.000000
   5.71791    0.000000    0.000000    0.000000    0.000000    0.000000    0.000000    0.000000    0.000000    0.000000    0.000000    0.000000
   5.72391    0.000000    0.000000    0.000000    0.000000    0.000000    0.000000    0.000000    0.000000    0.000000    0.000000    0.000000
   5.72991    0.000000    0.000000    0.000000    0.000000    0.000000    0.000000    0.000000    0.000000    0.000000    0.000000    0.000000
   5.73591    0.000000    0.000000    0.000000    0.000000    0.000000    0.000000    0.000000    0.000000    0.000000    0.000000    0.000000
   5.74191    0.000000    0.000000    0.000000    0.000000    0.000000    0.000000    0.000000    0.000000    0.000000    0.000000    0.000000
   5.74792    0.000000    0.000000    0.000000    0.000000    0.000000    0.000000    0.000000    0.000000    0.000000    0.000000    0.000000
   5.75392    0.000000    0.000000    0.000000    0.000000    0.000000    0.000000    0.000000    0.000000    0.000000    0.000000    0.000000
   5.75992    0.000000    0.000000    0.000000    0.000000    0.000000    0.000000    0.000000    0.000000    0.000000    0.000000    0.000000
   5.76592    0.000000    0.000000    0.000000    0.000000    0.000000    0.000000    0.000000    0.000000    0.000000    0.000000    0.000000
   5.77192    0.000000    0.000000    0.000000    0.000000    0.000000    0.000000    0.000000    0.000000    0.000000    0.000000    0.000000
   5.77793    0.000000    0.000000    0.000000    0.000000    0.000000    0.000000    0.000000    0.000000    0.000000    0.000000    0.000000
   5.78393    0.000000    0.000000    0.000000    0.000000    0.000000    0.000000    0.000000    0.000000    0.000000    0.000000    0.000000
   5.78993    0.000000    0.000000    0.000000    0.000000    0.000000    0.000000    0.000000    0.000000    0.000000    0.000000    0.000000
   5.79593    0.000000    0.000000    0.000000    0.000000    0.000000    0.000000    0.000000    0.000000    0.000000    0.000000    0.000000
   5.80193    0.000000    0.000000    0.000000    0.000000    0.000000    0.000000    0.000000    0.000000    0.000000    0.000000    0.000000
   5.80794    0.000000    0.000000    0.000000    0.000000    0.000000    0.000000    0.000000    0.000000    0.000000    0.000000    0.000000
   5.81394    0.000000    0.000000    0.000000    0.000000    0.000000    0.000000    0.000000    0.000000    0.000000    0.000000    0.000000
   5.81994    0.000000    0.000000    0.000000    0.000000    0.000000    0.000000    0.000000    0.000000    0.000000    0.000000    0.000000
   5.82594    0.000000    0.000000    0.000000    0.000000    0.000000    0.000000    0.000000    0.000000    0.000000    0.000000    0.000000
   5.83194    0.000000    0.000000    0.000000    0.000000    0.000000    0.000000    0.000000    0.000000    0.000000    0.000000    0.000000
   5.83795    0.000000    0.000000    0.000000    0.000000    0.000000    0.000000    0.000000    0.000000    0.000000    0.000000    0.000000
   5.84395    0.000000    0.000000    0.000000    0.000000    0.000000    0.000000    0.000000    0.000000    0.000000    0.000000    0.000000
   5.84995    0.000000    0.000000    0.000000    0.000000    0.000000    0.000000    0.000000    0.000000    0.000000    0.000000    0.000000
   5.85595    0.000000    0.000000    0.000000    0.000000    0.000000    0.000000    0.000000    0.000000    0.000000    0.000000    0.000000
   5.86195    0.000000    0.000000    0.000000    0.000000    0.000000    0.000000    0.000000    0.000000    0.000000    0.000000    0.000000
   5.86796    0.000000    0.000000    0.000000    0.000000    0.000000    0.000000    0.000000    0.000000    0.000000    0.000000    0.000000
   5.87396    0.000000    0.000000    0.000000    0.000000    0.000000    0.000000    0.000000    0.000000    0.000000    0.000000    0.000000
   5.87996    0.000000    0.000000    0.000000    0.000000    0.000000    0.000000    0.000000    0.000000    0.000000    0.000000    0.000000
   5.88596    0.000000    0.000000    0.000000    0.000000    0.000000    0.000000    0.000000    0.000000    0.000000    0.000000    0.000000
   5.89196    0.000000    0.000000    0.000000    0.000000    0.000000    0.000000    0.000000    0.000000    0.000000    0.000000    0.000000
   5.89797    0.000000    0.000000    0.000000    0.000000    0.000000    0.000000    0.000000    0.000000    0.000000    0.000000    0.000000
   5.90397    0.000000    0.000000    0.000000    0.000000    0.000000    0.000000    0.000000    0.000000    0.000000    0.000000    0.000000
   5.90997    0.000000    0.000000    0.000000    0.000000    0.000000    0.000000    0.000000    0.000000    0.000000    0.000000    0.000000
   5.91597    0.000000    0.000000    0.000000    0.000000    0.000000    0.000000    0.000000    0.000000    0.000000    0.000000    0.000000
   5.92197    0.000000    0.000000    0.000000    0.000000    0.000000    0.000000    0.000000    0.000000    0.000000    0.000000    0.000000
   5.92798    0.000000    0.000000    0.000000    0.000000    0.000000    0.000000    0.000000    0.000000    0.000000    0.000000    0.000000
   5.93398    0.000000    0.000000    0.000000    0.000000    0.000000    0.000000    0.000000    0.000000    0.000000    0.000000    0.000000
   5.93998    0.000000    0.000000    0.000000    0.000000    0.000000    0.000000    0.000000    0.000000    0.000000    0.000000    0.000000
   5.94598    0.000000    0.000000    0.000000    0.000000    0.000000    0.000000    0.000000    0.000000    0.000000    0.000000    0.000000
   5.95198    0.000000    0.000000    0.000000    0.000000    0.000000    0.000000    0.000000    0.000000    0.000000    0.000000    0.000000
   5.95799    0.000000    0.000000    0.000000    0.000000    0.000000    0.000000    0.000000    0.000000    0.000000    0.000000    0.000000
   5.96399    0.000000    0.000000    0.000000    0.000000    0.000000    0.000000    0.000000    0.000000    0.000000    0.000000    0.000000
   5.96999    0.000000    0.000000    0.000000    0.000000    0.000000    0.000000    0.000000    0.000000    0.000000    0.000000    0.000000
   5.97599    0.000000    0.000000    0.000000    0.000000    0.000000    0.000000    0.000000    0.000000    0.000000    0.000000    0.000000
   5.98199    0.000000    0.000000    0.000000    0.000000    0.000000    0.000000    0.000000    0.000000    0.000000    0.000000    0.000000
   5.98800    0.000000    0.000000    0.000000    0.000000    0.000000    0.000000    0.000000    0.000000    0.000000    0.000000    0.000000
   5.99400    0.000000    0.000000    0.000000    0.000000    0.000000    0.000000    0.000000    0.000000    0.000000    0.000000    0.000000
   6.00000    0.000000    0.000000    0.000000    0.000000    0.000000    0.000000    0.000000    0.000000    0.000000    0.000000    0.000000
