 -12.00000    0.000000    0.000000    0.000000    0.000000    0.000000    0.000000    0.000000    0.000000    0.000000    0.000000    0.000000
 -11.99400    0.000000    0.000000    0.000000    0.000000    0.000000    0.000000    0.000000    0.000000    0.000000    0.000000    0.000000
 -11.98800    0.000000    0.000000    0.000000    0.000000    0.000000    0.000000    0.000000    0.000000    0.000000    0.000000    0.000000
 -11.98199    0.000000    0.000000    0.000000    0.000000    0.000000    0.000000    0.000000    0.000000    0.000000    0.000000    0.000000
 -11.97599    0.000000    0.000000    0.000000    0.000000    0.000000    0.000000    0.000000    0.000000    0.000000    0.000000    0.000000
 -11.96999    0.000000    0.000000    0.000000    0.000000    0.000000    0.000000    0.000000    0.000000    0.000000    0.000000    0.000000
 -11.96399    0.000000    0.000000    0.000000    0.000000    0.000000    0.000000    0.000000    0.000000    0.000000    0.000000    0.000000
 -11.95799    0.000000    0.000000    0.000000    0.000000    0.000000    0.000000    0.000000    0.000000    0.000000    0.000000    0.000000
 -11.95198    0.000000    0.000000    0.000000    0.000000    0.000000    0.000000    0.000000    0.000000    0.000000    0.000000    0.000000
 -11.94598    0.000000    0.000000    0.000000    0.000000    0.000000    0.000000    0.000000    0.000000    0.000000    0.000000    0.000000
 -11.93998    0.000000    0.000000    0.000000    0.000000    0.000000    0.000000    0.000000    0.000000    0.000000    0.000000    0.000000
 -11.93398    0.000000    0.000000    0.000000    0.000000    0.000000    0.000000    0.000000    0.000000    0.000000    0.000000    0.000000
 -11.92798    0.000000    0.000000    0.000000    0.000000    0.000000    0.000000    0.000000    0.000000    0.000000    0.000000    0.000000
 -11.92197    0.000000    0.000000    0.000000    0.000000    0.000000    0.000000    0.000000    0.000000    0.000000    0.000000    0.000000
 -11.91597    0.000000    0.000000    0.000000    0.000000    0.000000    0.000000    0.000000    0.000000    0.000000    0.000000    0.000000
 -11.90997    0.000000    0.000000    0.000000    0.000000    0.000000    0.000000    0.000000    0.000000    0.000000    0.000000    0.000000
 -11.90397    0.000000    0.000000    0.000000    0.000000    0.000000    0.000000    0.000000    0.000000    0.000000    0.000000    0.000000
 -11.89797    0.000000    0.000000    0.000000    0.000000    0.000000    0.000000    0.000000    0.000000    0.000000    0.000000    0.000000
 -11.89196    0.000000    0.000000    0.000000    0.000000    0.000000    0.000000    0.000000    0.000000    0.000000    0.000000    0.000000
 -11.88596    0.000000    0.000000    0.000000    0.000000    0.000000    0.000000    0.000000    0.000000    0.000000    0.000000    0.000000
 -11.87996    0.000000    0.000000    0.000000    0.000000    0.000000    0.000000    0.000000    0.000000    0.000000    0.000000    0.000000
 -11.87396    0.000000    0.000000    0.000000    0.000000    0.000000    0.000000    0.000000    0.000000    0.000000    0.000000    0.000000
 -11.86796    0.000000    0.000000    0.000000    0.000000    0.000000    0.000000    0.000000    0.000000    0.000000    0.000000    0.000000
 -11.86195    0.000000    0.000000    0.000000    0.000000    0.000000    0.000000    0.000000    0.000000    0.000000    0.000000    0.000000
 -11.85595    0.000000    0.000000    0.000000    0.000000    0.000000    0.000000    0.000000    0.000000    0.000000    0.000000    0.000000
 -11.84995    0.000000    0.000000    0.000000    0.000000    0.000000    0.000000    0.000000    0.000000    0.000000    0.000000    0.000000
 -11.84395    0.000000    0.000000    0.000000    0.000000    0.000000    0.000000    0.000000    0.000000    0.000000    0.000000    0.000000
 -11.83795    0.000000    0.000000    0.000000    0.000000    0.000000    0.000000    0.000000    0.000000    0.000000    0.000000    0.000000
 -11.83194    0.000000    0.000000    0.000000    0.000000    0.000000    0.000000    0.000000    0.000000    0.000000    0.000000    0.000000
 -11.82594    0.000000    0.000000    0.000000    0.000000    0.000000    0.000000    0.000000    0.000000    0.000000    0.000000    0.000000
 -11.81994    0.000000    0.000000    0.000000    0.000000    0.000000    0.000000    0.000000    0.000000    0.000000    0.000000    0.000000
 -11.81394    0.000000    0.000000    0.000000    0.000000    0.000000    0.000000    0.000000    0.000000    0.000000    0.000000    0.000000
 -11.80794    0.000000    0.000000    0.000000    0.000000    0.000000    0.000000    0.000000    0.000000    0.000000    0.000000    0.000000
 -11.80193    0.000000    0.000000    0.000000    0.000000    0.000000    0.000000    0.000000    0.000000    0.000000    0.000000    0.000000
 -11.79593    0.000000    0.000000    0.000000    0.000000    0.000000    0.000000    0.000000    0.000000    0.000000    0.000000    0.000000
 -11.78993    0.000000    0.000000    0.000000    0.000000    0.000000    0.000000    0.000000    0.000000    0.000000    0.000000    0.000000
 -11.78393    0.000000    0.000000    0.000000    0.000000    0.000000    0.000000    0.000000    0.000000    0.000000    0.000000    0.000000
 -11.77793    0.000000    0.000000    0.000000    0.000000    0.000000    0.000000    0.000000    0.000000    0.000000    0.000000    0.000000
 -11.77192    0.000000    0.000000    0.000000    0.000000    0.000000    0.000000    0.000000    0.000000    0.000000    0.000000    0.000000
 -11.76592    0.000000    0.000000    0.000000    0.000000    0.000000    0.000000    0.000000    0.000000    0.000000    0.000000    0.000000
 -11.75992    0.000000    0.000000    0.000000    0.000000    0.000000    0.000000    0.000000    0.000000    0.000000    0.000000    0.000000
 -11.75392    0.000000    0.000000    0.000000    0.000000    0.000000    0.000000    0.000000    0.000000    0.000000    0.000000    0.000000
 -11.74792    0.000000    0.000000    0.000000    0.000000    0.000000    0.000000    0.000000    0.000000    0.000000    0.000000    0.000000
 -11.74191    0.000000    0.000000    0.000000    0.000000    0.000000    0.000000    0.000000    0.000000    0.000000    0.000000    0.000000
 -11.73591    0.000000    0.000000    0.000000    0.000000    0.000000    0.000000    0.000000    0.000000    0.000000    0.000000    0.000000
 -11.72991    0.000000    0.000000    0.000000    0.000000    0.000000    0.000000    0.000000    0.000000    0.000000    0.000000    0.000000
 -11.72391    0.000000    0.000000    0.000000    0.000000    0.000000    0.000000    0.000000    0.000000    0.000000    0.000000    0.000000
 -11.71791    0.000000    0.000000    0.000000    0.000000    0.000000    0.000000    0.000000    0.000000    0.000000    0.000000    0.000000
 -11.71190    0.000000    0.000000    0.000000    0.000000    0.000000    0.000000    0.000000    0.000000    0.000000    0.000000    0.000000
 -11.70590    0.000000    0.000000    0.000000    0.000000    0.000000    0.000000    0.000000    0.000000    0.000000    0.000000    0.000000
 -11.69990    0.000000    0.000000    0.000000    0.000000    0.000000    0.000000    0.000000    0.000000    0.000000    0.000000    0.000000
 -11.69390    0.000000    0.000000    0.000000    0.000000    0.000000    0.000000    0.000000    0.000000    0.000000    0.000000    0.000000
 -11.68790    0.000000    0.000000    0.000000    0.000000    0.000000    0.000000    0.000000    0.000000    0.000000    0.000000    0.000000
 -11.68189    0.000000    0.000000    0.000000    0.000000    0.000000    0.000000    0.000000    0.000000    0.000000    0.000000    0.000000
 -11.67589    0.000000    0.000000    0.000000    0.000000    0.000000    0.000000    0.000000    0.000000    0.000000    0.000000    0.000000
 -11.66989    0.000000    0.000000    0.000000    0.000000    0.000000    0.000000    0.000000    0.000000    0.000000    0.000000    0.000000
 -11.66389    0.000000    0.000000    0.000000    0.000000    0.000000    0.000000    0.000000    0.000000    0.000000    0.000000    0.000000
 -11.65789    0.000000    0.000000    0.000000    0.000000    0.000000    0.000000    0.000000    0.000000    0.000000    0.000000    0.000000
 -11.65188    0.000000    0.000000    0.000000    0.000000    0.000000    0.000000    0.000000    0.000000    0.000000    0.000000    0.000000
 -11.64588    0.000000    0.000000    0.000000    0.000000    0.000000    0.000000    0.000000    0.000000    0.000000    0.000000    0.000000
 -11.63988    0.000000    0.000000    0.000000    0.000000    0.000000    0.000000    0.000000    0.000000    0.000000    0.000000    0.000000
 -11.63388    0.000000    0.000000    0.000000    0.000000    0.000000    0.000000    0.000000    0.000000    0.000000    0.000000    0.000000
 -11.62788    0.000000    0.000000    0.000000    0.000000    0.000000    0.000000    0.000000    0.000000    0.000000    0.000000    0.000000
 -11.62187    0.000000    0.000000    0.000000    0.000000    0.000000    0.000000    0.000000    0.000000    0.000000    0.000000    0.000000
 -11.61587    0.000000    0.000000    0.000000    0.000000    0.000000    0.000000    0.000000    0.000000    0.000000    0.000000    0.000000
 -11.60987    0.000000    0.000000    0.000000    0.000000    0.000000    0.000000    0.000000    0.000000    0.000000    0.000000    0.000000
 -11.60387    0.000000    0.000000    0.000000    0.000000    0.000000    0.000000    0.000000    0.000000    0.000000    0.000000    0.000000
 -11.59787    0.000000    0.000000    0.000000    0.000000    0.000000    0.000000    0.000000    0.000000    0.000000    0.000000    0.000000
 -11.59186    0.000000    0.000000    0.000000    0.000000    0.000000    0.000000    0.000000    0.000000    0.000000    0.000000    0.000000
 -11.58586    0.000000    0.000000    0.000000    0.000000    0.000000    0.000000    0.000000    0.000000    0.000000    0.000000    0.000000
 -11.57986    0.000000    0.000000    0.000000    0.000000    0.000000    0.000000    0.000000    0.000000    0.000000    0.000000    0.000000
 -11.57386    0.000000    0.000000    0.000000    0.000000    0.000000    0.000000    0.000000    0.000000    0.000000    0.000000    0.000000
 -11.56786    0.000000    0.000000    0.000000    0.000000    0.000000    0.000000    0.000000    0.000000    0.000000    0.000000    0.000000
 -11.56185    0.000000    0.000000    0.000000    0.000000    0.000000    0.000000    0.000000    0.000000    0.000000    0.000000    0.000000
 -11.55585    0.000000    0.000000    0.000000    0.000000    0.000000    0.000000    0.000000    0.000000    0.000000    0.000000    0.000000
 -11.54985    0.000000    0.000000    0.000000    0.000000    0.000000    0.000000    0.000000    0.000000    0.000000    0.000000    0.000000
 -11.54385    0.000000    0.000000    0.000000    0.000000    0.000000    0.000000    0.000000    0.000000    0.000000    0.000000    0.000000
 -11.53785    0.000000    0.000000    0.000000    0.000000    0.000000    0.000000    0.000000    0.000000    0.000000    0.000000    0.000000
 -11.53184    0.000000    0.000000    0.000000    0.000000    0.000000    0.000000    0.000000    0.000000    0.000000    0.000000    0.000000
 -11.52584    0.000000    0.000000    0.000000    0.000000    0.000000    0.000000    0.000000    0.000000    0.000000    0.000000    0.000000
 -11.51984    0.000000    0.000000    0.000000    0.000000    0.000000    0.000000    0.000000    0.000000    0.000000    0.000000    0.000000
 -11.51384    0.000000    0.000000    0.000000    0.000000    0.000000    0.000000    0.000000    0.000000    0.000000    0.000000    0.000000
 -11.50784    0.000000    0.000000    0.000000    0.000000    0.000000    0.000000    0.000000    0.000000    0.000000    0.000000    0.000000
 -11.50183    0.000000    0.000000    0.000000    0.000000    0.000000    0.000000    0.000000    0.000000    0.000000    0.000000    0.000000
 -11.49583    0.000000    0.000000    0.000000    0.000000    0.000000    0.000000    0.000000    0.000000    0.000000    0.000000    0.000000
 -11.48983    0.000000    0.000000    0.000000    0.000000    0.000000    0.000000    0.000000    0.000000    0.000000    0.000000    0.000000
 -11.48383    0.000000    0.000000    0.000000    0.000000    0.000000    0.000000    0.000000    0.000000    0.000000    0.000000    0.000000
 -11.47783    0.000000    0.000000    0.000000    0.000000    0.000000    0.000000    0.000000    0.000000    0.000000    0.000000    0.000000
 -11.47182    0.000000    0.000000    0.000000    0.000000    0.000000    0.000000    0.000000    0.000000    0.000000    0.000000    0.000000
 -11.46582    0.000000    0.000000    0.000000    0.000000    0.000000    0.000000    0.000000    0.000000    0.000000    0.000000    0.000000
 -11.45982    0.000000    0.000000    0.000000    0.000000    0.000000    0.000000    0.000000    0.000000    0.000000    0.000000    0.000000
 -11.45382    0.000000    0.000000    0.000000    0.000000    0.000000    0.000000    0.000000    0.000000    0.000000    0.000000    0.000000
 -11.44782    0.000000    0.000000    0.000000    0.000000    0.000000    0.000000    0.000000    0.000000    0.000000    0.000000    0.000000
 -11.44181    0.000000    0.000000    0.000000    0.000000    0.000000    0.000000    0.000000    0.000000    0.000000    0.000000    0.000000
 -11.43581    0.000000    0.000000    0.000000    0.000000    0.000000    0.000000    0.000000    0.000000    0.000000    0.000000    0.000000
 -11.42981    0.000000    0.000000    0.000000    0.000000    0.000000    0.000000    0.000000    0.000000    0.000000    0.000000    0.000000
 -11.42381    0.000000    0.000000    0.000000    0.000000    0.000000    0.000000    0.000000    0.000000    0.000000    0.000000    0.000000
 -11.41781    0.000000    0.000000    0.000000    0.000000    0.000000    0.000000    0.000000    0.000000    0.000000    0.000000    0.000000
 -11.41180    0.000000    0.000000    0.000000    0.000000    0.000000    0.000000    0.000000    0.000000    0.000000    0.000000    0.000000
 -11.40580    0.000000    0.000000    0.000000    0.000000    0.000000    0.000000    0.000000    0.000000    0.000000    0.000000    0.000000
 -11.39980    0.000000    0.000000    0.000000    0.000000    0.000000    0.000000    0.000000    0.000000    0.000000    0.000000    0.000000
 -11.39380    0.000000    0.000000    0.000000    0.000000    0.000000    0.000000    0.000000    0.000000    0.000000    0.000000    0.000000
 -11.38780    0.000000    0.000000    0.000000    0.000000    0.000000    0.000000    0.000000    0.000000    0.000000    0.000000    0.000000
 -11.38179    0.000000    0.000000    0.000000    0.000000    0.000000    0.000000    0.000000    0.000000    0.000000    0.000000    0.000000
 -11.37579    0.000000    0.000000    0.000000    0.000000    0.000000    0.000000    0.000000    0.000000    0.000000    0.000000    0.000000
 -11.36979    0.000000    0.000000    0.000000    0.000000    0.000000    0.000000    0.000000    0.000000    0.000000    0.000000    0.000000
 -11.36379    0.000000    0.000000    0.000000    0.000000    0.000000    0.000000    0.000000    0.000000    0.000000    0.000000    0.000000
 -11.35779    0.000000    0.000000    0.000000    0.000000    0.000000    0.000000    0.000000    0.000000    0.000000    0.000000    0.000000
 -11.35178    0.000000    0.000000    0.000000    0.000000    0.000000    0.000000    0.000000    0.000000    0.000000    0.000000    0.000000
 -11.34578    0.000000    0.000000    0.000000    0.000000    0.000000    0.000000    0.000000    0.000000    0.000000    0.000000    0.000000
 -11.33978    0.000000    0.000000    0.000000    0.000000    0.000000    0.000000    0.000000    0.000000    0.000000    0.000000    0.000000
 -11.33378    0.000000    0.000000    0.000000    0.000000    0.000000    0.000000    0.000000    0.000000    0.000000    0.000000    0.000000
 -11.32778    0.000000    0.000000    0.000000    0.000000    0.000000    0.000000    0.000000    0.000000    0.000000    0.000000    0.000000
 -11.32177    0.000000    0.000000    0.000000    0.000000    0.000000    0.000000    0.000000    0.000000    0.000000    0.000000    0.000000
 -11.31577    0.000000    0.000000    0.000000    0.000000    0.000000    0.000000    0.000000    0.000000    0.000000    0.000000    0.000000
 -11.30977    0.000000    0.000000    0.000000    0.000000    0.000000    0.000000    0.000000    0.000000    0.000000    0.000000    0.000000
 -11.30377    0.000000    0.000000    0.000000    0.000000    0.000000    0.000000    0.000000    0.000000    0.000000    0.000000    0.000000
 -11.29777    0.000000    0.000000    0.000000    0.000000    0.000000    0.000000    0.000000    0.000000    0.000000    0.000000    0.000000
 -11.29176    0.000000    0.000000    0.000000    0.000000    0.000000    0.000000    0.000000    0.000000    0.000000    0.000000    0.000000
 -11.28576    0.000000    0.000000    0.000000    0.000000    0.000000    0.000000    0.000000    0.000000    0.000000    0.000000    0.000000
 -11.27976    0.000000    0.000000    0.000000    0.000000    0.000000    0.000000    0.000000    0.000000    0.000000    0.000000    0.000000
 -11.27376    0.000000    0.000000    0.000000    0.000000    0.000000    0.000000    0.000000    0.000000    0.000000    0.000000    0.000000
 -11.26776    0.000000    0.000000    0.000000    0.000000    0.000000    0.000000    0.000000    0.000000    0.000000    0.000000    0.000000
 -11.26175    0.000000    0.000000    0.000000    0.000000    0.000000    0.000000    0.000000    0.000000    0.000000    0.000000    0.000000
 -11.25575    0.000000    0.000000    0.000000    0.000000    0.000000    0.000000    0.000000    0.000000    0.000000    0.000000    0.000000
 -11.24975    0.000000    0.000000    0.000000    0.000000    0.000000    0.000000    0.000000    0.000000    0.000000    0.000000    0.000000
 -11.24375    0.000000    0.000000    0.000000    0.000000    0.000000    0.000000    0.000000    0.000000    0.000000    0.000000    0.000000
 -11.23775    0.000000    0.000000    0.000000    0.000000    0.000000    0.000000    0.000000    0.000000    0.000000    0.000000    0.000000
 -11.23174    0.000000    0.000000    0.000000    0.000000    0.000000    0.000000    0.000000    0.000000    0.000000    0.000000    0.000000
 -11.22574    0.000000    0.000000    0.000000    0.000000    0.000000    0.000000    0.000000    0.000000    0.000000    0.000000    0.000000
 -11.21974    0.000000    0.000000    0.000000    0.000000    0.000000    0.000000    0.000000    0.000000    0.000000    0.000000    0.000000
 -11.21374    0.000000    0.000000    0.000000    0.000000    0.000000    0.000000    0.000000    0.000000    0.000000    0.000000    0.000000
 -11.20774    0.000000    0.000000    0.000000    0.000000    0.000000    0.000000    0.000000    0.000000    0.000000    0.000000    0.000000
 -11.20173    0.000000    0.000000    0.000000    0.000000    0.000000    0.000000    0.000000    0.000000    0.000000    0.000000    0.000000
 -11.19573    0.000000    0.000000    0.000000    0.000000    0.000000    0.000000    0.000000    0.000000    0.000000    0.000000    0.000000
 -11.18973    0.000000    0.000000    0.000000    0.000000    0.000000    0.000000    0.000000    0.000000    0.000000    0.000000    0.000000
 -11.18373    0.000000    0.000000    0.000000    0.000000    0.000000    0.000000    0.000000    0.000000    0.000000    0.000000    0.000000
 -11.17773    0.000000    0.000000    0.000000    0.000000    0.000000    0.000000    0.000000    0.000000    0.000000    0.000000    0.000000
 -11.17172    0.000000    0.000000    0.000000    0.000000    0.000000    0.000000    0.000000    0.000000    0.000000    0.000000    0.000000
 -11.16572    0.000000    0.000000    0.000000    0.000000    0.000000    0.000000    0.000000    0.000000    0.000000    0.000000    0.000000
 -11.15972    0.000000    0.000000    0.000000    0.000000    0.000000    0.000000    0.000000    0.000000    0.000000    0.000000    0.000000
 -11.15372    0.000000    0.000000    0.000000    0.000000    0.000000    0.000000    0.000000    0.000000    0.000000    0.000000    0.000000
 -11.14772    0.000000    0.000000    0.000000    0.000000    0.000000    0.000000    0.000000    0.000000    0.000000    0.000000    0.000000
 -11.14171    0.000000    0.000000    0.000000    0.000000    0.000000    0.000000    0.000000    0.000000    0.000000    0.000000    0.000000
 -11.13571    0.000000    0.000000    0.000000    0.000000    0.000000    0.000000    0.000000    0.000000    0.000000    0.000000    0.000000
 -11.12971    0.000000    0.000000    0.000000    0.000000    0.000000    0.000000    0.000000    0.000000    0.000000    0.000000    0.000000
 -11.12371    0.000000    0.000000    0.000000    0.000000    0.000000    0.000000    0.000000    0.000000    0.000000    0.000000    0.000000
 -11.11771    0.000000    0.000000    0.000000    0.000000    0.000000    0.000000    0.000000    0.000000    0.000000    0.000000    0.000000
 -11.11170    0.000000    0.000000    0.000000    0.000000    0.000000    0.000000    0.000000    0.000000    0.000000    0.000000    0.000000
 -11.10570    0.000000    0.000000    0.000000    0.000000    0.000000    0.000000    0.000000    0.000000    0.000000    0.000000    0.000000
 -11.09970    0.000000    0.000000    0.000000    0.000000    0.000000    0.000000    0.000000    0.000000    0.000000    0.000000    0.000000
 -11.09370    0.000000    0.000000    0.000000    0.000000    0.000000    0.000000    0.000000    0.000000    0.000000    0.000000    0.000000
 -11.08770    0.000000    0.000000    0.000000    0.000000    0.000000    0.000000    0.000000    0.000000    0.000000    0.000000    0.000000
 -11.08169    0.000000    0.000000    0.000000    0.000000    0.000000    0.000000    0.000000    0.000000    0.000000    0.000000    0.000000
 -11.07569    0.000000    0.000000    0.000000    0.000000    0.000000    0.000000    0.000000    0.000000    0.000000    0.000000    0.000000
 -11.06969    0.000000    0.000000    0.000000    0.000000    0.000000    0.000000    0.000000    0.000000    0.000000    0.000000    0.000000
 -11.06369    0.000000    0.000000    0.000000    0.000000    0.000000    0.000000    0.000000    0.000000    0.000000    0.000000    0.000000
 -11.05769    0.000000    0.000000    0.000000    0.000000    0.000000    0.000000    0.000000    0.000000    0.000000    0.000000    0.000000
 -11.05168    0.000000    0.000000    0.000000    0.000000    0.000000    0.000000    0.000000    0.000000    0.000000    0.000000    0.000000
 -11.04568    0.000000    0.000000    0.000000    0.000000    0.000000    0.000000    0.000000    0.000000    0.000000    0.000000    0.000000
 -11.03968    0.000000    0.000000    0.000000    0.000000    0.000000    0.000000    0.000000    0.000000    0.000000    0.000000    0.000000
 -11.03368    0.000000    0.000000    0.000000    0.000000    0.000000    0.000000    0.000000    0.000000    0.000000    0.000000    0.000000
 -11.02768    0.000000    0.000000    0.000000    0.000000    0.000000    0.000000    0.000000    0.000000    0.000000    0.000000    0.000000
 -11.02167    0.000000    0.000000    0.000000    0.000000    0.000000    0.000000    0.000000    0.000000    0.000000    0.000000    0.000000
 -11.01567    0.000000    0.000000    0.000000    0.000000    0.000000    0.000000    0.000000    0.000000    0.000000    0.000000    0.000000
 -11.00967    0.000000    0.000000    0.000000    0.000000    0.000000    0.000000    0.000000    0.000000    0.000000    0.000000    0.000000
 -11.00367    0.000000    0.000000    0.000000    0.000000    0.000000    0.000000    0.000000    0.000000    0.000000    0.000000    0.000000
 -10.99767    0.000000    0.000000    0.000000    0.000000    0.000000    0.000000    0.000000    0.000000    0.000000    0.000000    0.000000
 -10.99166    0.000000    0.000000    0.000000    0.000000    0.000000    0.000000    0.000000    0.000000    0.000000    0.000000    0.000000
 -10.98566    0.000000    0.000000    0.000000    0.000000    0.000000    0.000000    0.000000    0.000000    0.000000    0.000000    0.000000
 -10.97966    0.000000    0.000000    0.000000    0.000000    0.000000    0.000000    0.000000    0.000000    0.000000    0.000000    0.000000
 -10.97366    0.000000    0.000000    0.000000    0.000000    0.000000    0.000000    0.000000    0.000000    0.000000    0.000000    0.000000
 -10.96766    0.000000    0.000000    0.000000    0.000000    0.000000    0.000000    0.000000    0.000000    0.000000    0.000000    0.000000
 -10.96165    0.000000    0.000000    0.000000    0.000000    0.000000    0.000000    0.000000    0.000000    0.000000    0.000000    0.000000
 -10.95565    0.000000    0.000000    0.000000    0.000000    0.000000    0.000000    0.000000    0.000000    0.000000    0.000000    0.000000
 -10.94965    0.000000    0.000000    0.000000    0.000000    0.000000    0.000000    0.000000    0.000000    0.000000    0.000000    0.000000
 -10.94365    0.000000    0.000000    0.000000    0.000000    0.000000    0.000000    0.000000    0.000000    0.000000    0.000000    0.000000
 -10.93765    0.000000    0.000000    0.000000    0.000000    0.000000    0.000000    0.000000    0.000000    0.000000    0.000000    0.000000
 -10.93164    0.000000    0.000000    0.000000    0.000000    0.000000    0.000000    0.000000    0.000000    0.000000    0.000000    0.000000
 -10.92564    0.000000    0.000000    0.000000    0.000000    0.000000    0.000000    0.000000    0.000000    0.000000    0.000000    0.000000
 -10.91964    0.000000    0.000000    0.000000    0.000000    0.000000    0.000000    0.000000    0.000000    0.000000    0.000000    0.000000
 -10.91364    0.000000    0.000000    0.000000    0.000000    0.000000    0.000000    0.000000    0.000000    0.000000    0.000000    0.000000
 -10.90764    0.000000    0.000000    0.000000    0.000000    0.000000    0.000000    0.000000    0.000000    0.000000    0.000000    0.000000
 -10.90163    0.000000    0.000000    0.000000    0.000000    0.000000    0.000000    0.000000    0.000000    0.000000    0.000000    0.000000
 -10.89563    0.000000    0.000000    0.000000    0.000000    0.000000    0.000000    0.000000    0.000000    0.000000    0.000000    0.000000
 -10.88963    0.000000    0.000000    0.000000    0.000000    0.000000    0.000000    0.000000    0.000000    0.000000    0.000000    0.000000
 -10.88363    0.000000    0.000000    0.000000    0.000000    0.000000    0.000000    0.000000    0.000000    0.000000    0.000000    0.000000
 -10.87763    0.000000    0.000000    0.000000    0.000000    0.000000    0.000000    0.000000    0.000000    0.000000    0.000000    0.000000
 -10.87162    0.000000    0.000000    0.000000    0.000000    0.000000    0.000000    0.000000    0.000000    0.000000    0.000000    0.000000
 -10.86562    0.000000    0.000000    0.000000    0.000000    0.000000    0.000000    0.000000    0.000000    0.000000    0.000000    0.000000
 -10.85962    0.000000    0.000000    0.000000    0.000000    0.000000    0.000000    0.000000    0.000000    0.000000    0.000000    0.000000
 -10.85362    0.000000    0.000000    0.000000    0.000000    0.000000    0.000000    0.000000    0.000000    0.000000    0.000000    0.000000
 -10.84762    0.000000    0.000000    0.000000    0.000000    0.000000    0.000000    0.000000    0.000000    0.000000    0.000000    0.000000
 -10.84161    0.000000    0.000000    0.000000    0.000000    0.000000    0.000000    0.000000    0.000000    0.000000    0.000000    0.000000
 -10.83561    0.000000    0.000000    0.000000    0.000000    0.000000    0.000000    0.000000    0.000000    0.000000    0.000000    0.000000
 -10.82961    0.000000    0.000000    0.000000    0.000000    0.000000    0.000000    0.000000    0.000000    0.000000    0.000000    0.000000
 -10.82361    0.000000    0.000000    0.000000    0.000000    0.000000    0.000000    0.000000    0.000000    0.000000    0.000000    0.000000
 -10.81761    0.000000    0.000000    0.000000    0.000000    0.000000    0.000000    0.000000    0.000000    0.000000    0.000000    0.000000
 -10.81160    0.000000    0.000000    0.000000    0.000000    0.000000    0.000000    0.000000    0.000000    0.000000    0.000000    0.000000
 -10.80560    0.000000    0.000000    0.000000    0.000000    0.000000    0.000000    0.000000    0.000000    0.000000    0.000000    0.000000
 -10.79960    0.000000    0.000000    0.000000    0.000000    0.000000    0.000000    0.000000    0.000000    0.000000    0.000000    0.000000
 -10.79360    0.000000    0.000000    0.000000    0.000000    0.000000    0.000000    0.000000    0.000000    0.000000    0.000000    0.000000
 -10.78760    0.000000    0.000000    0.000000    0.000000    0.000000    0.000000    0.000000    0.000000    0.000000    0.000000    0.000000
 -10.78159    0.000000    0.000000    0.000000    0.000000    0.000000    0.000000    0.000000    0.000000    0.000000    0.000000    0.000000
 -10.77559    0.000000    0.000000    0.000000    0.000000    0.000000    0.000000    0.000000    0.000000    0.000000    0.000000    0.000000
 -10.76959    0.000000    0.000000    0.000000    0.000000    0.000000    0.000000    0.000000    0.000000    0.000000    0.000000    0.000000
 -10.76359    0.000000    0.000000    0.000000    0.000000    0.000000    0.000000    0.000000    0.000000    0.000000    0.000000    0.000000
 -10.75759    0.000000    0.000000    0.000000    0.000000    0.000000    0.000000    0.000000    0.000000    0.000000    0.000000    0.000000
 -10.75158    0.000000    0.000000    0.000000    0.000000    0.000000    0.000000    0.000000    0.000000    0.000000    0.000000    0.000000
 -10.74558    0.000000    0.000000    0.000000    0.000000    0.000000    0.000000    0.000000    0.000000    0.000000    0.000000    0.000000
 -10.73958    0.000000    0.000000    0.000000    0.000000    0.000000    0.000000    0.000000    0.000000    0.000000    0.000000    0.000000
 -10.73358    0.000000    0.000000    0.000000    0.000000    0.000000    0.000000    0.000000    0.000000    0.000000    0.000000    0.000000
 -10.72758    0.000000    0.000000    0.000000    0.000000    0.000000    0.000000    0.000000    0.000000    0.000000    0.000000    0.000000
 -10.72157    0.000000    0.000000    0.000000    0.000000    0.000000    0.000000    0.000000    0.000000    0.000000    0.000000    0.000000
 -10.71557    0.000000    0.000000    0.000000    0.000000    0.000000    0.000000    0.000000    0.000000    0.000000    0.000000    0.000000
 -10.70957    0.000000    0.000000    0.000000    0.000000    0.000000    0.000000    0.000000    0.000000    0.000000    0.000000    0.000000
 -10.70357    0.000000    0.000000    0.000000    0.000000    0.000000    0.000000    0.000000    0.000000    0.000000    0.000000    0.000000
 -10.69757    0.000000    0.000000    0.000000    0.000000    0.000000    0.000000    0.000000    0.000000    0.000000    0.000000    0.000000
 -10.69156    0.000000    0.000000    0.000000    0.000000    0.000000    0.000000    0.000000    0.000000    0.000000    0.000000    0.000000
 -10.68556    0.000000    0.000000    0.000000    0.000000    0.000000    0.000000    0.000000    0.000000    0.000000    0.000000    0.000000
 -10.67956    0.000000    0.000000    0.000000    0.000000    0.000000    0.000000    0.000000    0.000000    0.000000    0.000000    0.000000
 -10.67356    0.000000    0.000000    0.000000    0.000000    0.000000    0.000000    0.000000    0.000000    0.000000    0.000000    0.000000
 -10.66756    0.000000    0.000000    0.000000    0.000000    0.000000    0.000000    0.000000    0.000000    0.000000    0.000000    0.000000
 -10.66155    0.000000    0.000000    0.000000    0.000000    0.000000    0.000000    0.000000    0.000000    0.000000    0.000000    0.000000
 -10.65555    0.000000    0.000000    0.000000    0.000000    0.000000    0.000000    0.000000    0.000000    0.000000    0.000000    0.000000
 -10.64955    0.000000    0.000000    0.000000    0.000000    0.000000    0.000000    0.000000    0.000000    0.000000    0.000000    0.000000
 -10.64355    0.000000    0.000000    0.000000    0.000000    0.000000    0.000000    0.000000    0.000000    0.000000    0.000000    0.000000
 -10.63755    0.000000    0.000000    0.000000    0.000000    0.000000    0.000000    0.000000    0.000000    0.000000    0.000000    0.000000
 -10.63154    0.000000    0.000000    0.000000    0.000000    0.000000    0.000000    0.000000    0.000000    0.000000    0.000000    0.000000
 -10.62554    0.000000    0.000000    0.000000    0.000000    0.000000    0.000000    0.000000    0.000000    0.000000    0.000000    0.000000
 -10.61954    0.000000    0.000000    0.000000    0.000000    0.000000    0.000000    0.000000    0.000000    0.000000    0.000000    0.000000
 -10.61354    0.000000    0.000000    0.000000    0.000000    0.000000    0.000000    0.000000    0.000000    0.000000    0.000000    0.000000
 -10.60754    0.000000    0.000000    0.000000    0.000000    0.000000    0.000000    0.000000    0.000000    0.000000    0.000000    0.000000
 -10.60153    0.000000    0.000000    0.000000    0.000000    0.000000    0.000000    0.000000    0.000000    0.000000    0.000000    0.000000
 -10.59553    0.000000    0.000000    0.000000    0.000000    0.000000    0.000000    0.000000    0.000000    0.000000    0.000000    0.000000
 -10.58953    0.000000    0.000000    0.000000    0.000000    0.000000    0.000000    0.000000    0.000000    0.000000    0.000000    0.000000
 -10.58353    0.000000    0.000000    0.000000    0.000000    0.000000    0.000000    0.000000    0.000000    0.000000    0.000000    0.000000
 -10.57753    0.000000    0.000000    0.000000    0.000000    0.000000    0.000000    0.000000    0.000000    0.000000    0.000000    0.000000
 -10.57152    0.000000    0.000000    0.000000    0.000000    0.000000    0.000000    0.000000    0.000000    0.000000    0.000000    0.000000
 -10.56552    0.000000    0.000000    0.000000    0.000000    0.000000    0.000000    0.000000    0.000000    0.000000    0.000000    0.000000
 -10.55952    0.000000    0.000000    0.000000    0.000000    0.000000    0.000000    0.000000    0.000000    0.000000    0.000000    0.000000
 -10.55352    0.000000    0.000000    0.000000    0.000000    0.000000    0.000000    0.000000    0.000000    0.000000    0.000000    0.000000
 -10.54752    0.000000    0.000000    0.000000    0.000000    0.000000    0.000000    0.000000    0.000000    0.000000    0.000000    0.000000
 -10.54151    0.000000    0.000000    0.000000    0.000000    0.000000    0.000000    0.000000    0.000000    0.000000    0.000000    0.000000
 -10.53551    0.000000    0.000000    0.000000    0.000000    0.000000    0.000000    0.000000    0.000000    0.000000    0.000000    0.000000
 -10.52951    0.000000    0.000000    0.000000    0.000000    0.000000    0.000000    0.000000    0.000000    0.000000    0.000000    0.000000
 -10.52351    0.000000    0.000000    0.000000    0.000000    0.000000    0.000000    0.000000    0.000000    0.000000    0.000000    0.000000
 -10.51751    0.000000    0.000000    0.000000    0.000000    0.000000    0.000000    0.000000    0.000000    0.000000    0.000000    0.000000
 -10.51150    0.000000    0.000000    0.000000    0.000000    0.000000    0.000000    0.000000    0.000000    0.000000    0.000000    0.000000
 -10.50550    0.000000    0.000000    0.000000    0.000000    0.000000    0.000000    0.000000    0.000000    0.000000    0.000000    0.000000
 -10.49950    0.000000    0.000000    0.000000    0.000000    0.000000    0.000000    0.000000    0.000000    0.000000    0.000000    0.000000
 -10.49350    0.000000    0.000000    0.000000    0.000000    0.000000    0.000000    0.000000    0.000000    0.000000    0.000000    0.000000
 -10.48750    0.000000    0.000000    0.000000    0.000000    0.000000    0.000000    0.000000    0.000000    0.000000    0.000000    0.000000
 -10.48149    0.000000    0.000000    0.000000    0.000000    0.000000    0.000000    0.000000    0.000000    0.000000    0.000000    0.000000
 -10.47549    0.000000    0.000000    0.000000    0.000000    0.000000    0.000000    0.000000    0.000000    0.000000    0.000000    0.000000
 -10.46949    0.000000    0.000000    0.000000    0.000000    0.000000    0.000000    0.000000    0.000000    0.000000    0.000000    0.000000
 -10.46349    0.000000    0.000000    0.000000    0.000000    0.000000    0.000000    0.000000    0.000000    0.000000    0.000000    0.000000
 -10.45749    0.000000    0.000000    0.000000    0.000000    0.000000    0.000000    0.000000    0.000000    0.000000    0.000000    0.000000
 -10.45148    0.000000    0.000000    0.000000    0.000000    0.000000    0.000000    0.000000    0.000000    0.000000    0.000000    0.000000
 -10.44548    0.000000    0.000000    0.000000    0.000000    0.000000    0.000000    0.000000    0.000000    0.000000    0.000000    0.000000
 -10.43948    0.000000    0.000000    0.000000    0.000000    0.000000    0.000000    0.000000    0.000000    0.000000    0.000000    0.000000
 -10.43348    0.000000    0.000000    0.000000    0.000000    0.000000    0.000000    0.000000    0.000000    0.000000    0.000000    0.000000
 -10.42748    0.000000    0.000000    0.000000    0.000000    0.000000    0.000000    0.000000    0.000000    0.000000    0.000000    0.000000
 -10.42147    0.000000    0.000000    0.000000    0.000000    0.000000    0.000000    0.000000    0.000000    0.000000    0.000000    0.000000
 -10.41547    0.000000    0.000000    0.000000    0.000000    0.000000    0.000000    0.000000    0.000000    0.000000    0.000000    0.000000
 -10.40947    0.000000    0.000000    0.000000    0.000000    0.000000    0.000000    0.000000    0.000000    0.000000    0.000000    0.000000
 -10.40347    0.000000    0.000000    0.000000    0.000000    0.000000    0.000000    0.000000    0.000000    0.000000    0.000000    0.000000
 -10.39747    0.000000    0.000000    0.000000    0.000000    0.000000    0.000000    0.000000    0.000000    0.000000    0.000000    0.000000
 -10.39146    0.000000    0.000000    0.000000    0.000000    0.000000    0.000000    0.000000    0.000000    0.000000    0.000000    0.000000
 -10.38546    0.000000    0.000000    0.000000    0.000000    0.000000    0.000000    0.000000    0.000000    0.000000    0.000000    0.000000
 -10.37946    0.000000    0.000000    0.000000    0.000000    0.000000    0.000000    0.000000    0.000000    0.000000    0.000000    0.000000
 -10.37346    0.000000    0.000000    0.000000    0.000000    0.000000    0.000000    0.000000    0.000000    0.000000    0.000000    0.000000
 -10.36746    0.000000    0.000000    0.000000    0.000000    0.000000    0.000000    0.000000    0.000000    0.000000    0.000000    0.000000
 -10.36145    0.000000    0.000000    0.000000    0.000000    0.000000    0.000000    0.000000    0.000000    0.000000    0.000000    0.000000
 -10.35545    0.000000    0.000000    0.000000    0.000000    0.000000    0.000000    0.000000    0.000000    0.000000    0.000000    0.000000
 -10.34945    0.000000    0.000000    0.000000    0.000000    0.000000    0.000000    0.000000    0.000000    0.000000    0.000000    0.000000
 -10.34345    0.000000    0.000000    0.000000    0.000000    0.000000    0.000000    0.000000    0.000000    0.000000    0.000000    0.000000
 -10.33745    0.000000    0.000000    0.000000    0.000000    0.000000    0.000000    0.000000    0.000000    0.000000    0.000000    0.000000
 -10.33144    0.000000    0.000000    0.000000    0.000000    0.000000    0.000000    0.000000    0.000000    0.000000    0.000000    0.000000
 -10.32544    0.000000    0.000000    0.000000    0.000000    0.000000    0.000000    0.000000    0.000000    0.000000    0.000000    0.000000
 -10.31944    0.000000    0.000000    0.000000    0.000000    0.000000    0.000000    0.000000    0.000000    0.000000    0.000000    0.000000
 -10.31344    0.000000    0.000000    0.000000    0.000000    0.000000    0.000000    0.000000    0.000000    0.000000    0.000000    0.000000
 -10.30744    0.000000    0.000000    0.000000    0.000000    0.000000    0.000000    0.000000    0.000000    0.000000    0.000000    0.000000
 -10.30143    0.000000    0.000000    0.000000    0.000000    0.000000    0.000000    0.000000    0.000000    0.000000    0.000000    0.000000
 -10.29543    0.000000    0.000000    0.000000    0.000000    0.000000    0.000000    0.000000    0.000000    0.000000    0.000000    0.000000
 -10.28943    0.000000    0.000000    0.000000    0.000000    0.000000    0.000000    0.000000    0.000000    0.000000    0.000000    0.000000
 -10.28343    0.000000    0.000000    0.000000    0.000000    0.000000    0.000000    0.000000    0.000000    0.000000    0.000000    0.000000
 -10.27743    0.000000    0.000000    0.000000    0.000000    0.000000    0.000000    0.000000    0.000000    0.000000    0.000000    0.000000
 -10.27142    0.000000    0.000000    0.000000    0.000000    0.000000    0.000000    0.000000    0.000000    0.000000    0.000000    0.000000
 -10.26542    0.000000    0.000000    0.000000    0.000000    0.000000    0.000000    0.000000    0.000000    0.000000    0.000000    0.000000
 -10.25942    0.000000    0.000000    0.000000    0.000000    0.000000    0.000000    0.000000    0.000000    0.000000    0.000000    0.000000
 -10.25342    0.000000    0.000000    0.000000    0.000000    0.000000    0.000000    0.000000    0.000000    0.000000    0.000000    0.000000
 -10.24742    0.000000    0.000000    0.000000    0.000000    0.000000    0.000000    0.000000    0.000000    0.000000    0.000000    0.000000
 -10.24141    0.000000    0.000000    0.000000    0.000000    0.000000    0.000000    0.000000    0.000000    0.000000    0.000000    0.000000
 -10.23541    0.000000    0.000000    0.000000    0.000000    0.000000    0.000000    0.000000    0.000000    0.000000    0.000000    0.000000
 -10.22941    0.000000    0.000000    0.000000    0.000000    0.000000    0.000000    0.000000    0.000000    0.000000    0.000000    0.000000
 -10.22341    0.000000    0.000000    0.000000    0.000000    0.000000    0.000000    0.000000    0.000000    0.000000    0.000000    0.000000
 -10.21741    0.000000    0.000000    0.000000    0.000000    0.000000    0.000000    0.000000    0.000000    0.000000    0.000000    0.000000
 -10.21140    0.000000    0.000000    0.000000    0.000000    0.000000    0.000000    0.000000    0.000000    0.000000    0.000000    0.000000
 -10.20540    0.000000    0.000000    0.000000    0.000000    0.000000    0.000000    0.000000    0.000000    0.000000    0.000000    0.000000
 -10.19940    0.000000    0.000000    0.000000    0.000000    0.000000    0.000000    0.000000    0.000000    0.000000    0.000000    0.000000
 -10.19340    0.000000    0.000000    0.000000    0.000000    0.000000    0.000000    0.000000    0.000000    0.000000    0.000000    0.000000
 -10.18740    0.000000    0.000000    0.000000    0.000000    0.000000    0.000000    0.000000    0.000000    0.000000    0.000000    0.000000
 -10.18139    0.000000    0.000000    0.000000    0.000000    0.000000    0.000000    0.000000    0.000000    0.000000    0.000000    0.000000
 -10.17539    0.000000    0.000000    0.000000    0.000000    0.000000    0.000000    0.000000    0.000000    0.000000    0.000000    0.000000
 -10.16939    0.000000    0.000000    0.000000    0.000000    0.000000    0.000000    0.000000    0.000000    0.000000    0.000000    0.000000
 -10.16339    0.000000    0.000000    0.000000    0.000000    0.000000    0.000000    0.000000    0.000000    0.000000    0.000000    0.000000
 -10.15739    0.000000    0.000000    0.000000    0.000000    0.000000    0.000000    0.000000    0.000000    0.000000    0.000000    0.000000
 -10.15138    0.000000    0.000000    0.000000    0.000000    0.000000    0.000000    0.000000    0.000000    0.000000    0.000000    0.000000
 -10.14538    0.000000    0.000000    0.000000    0.000000    0.000000    0.000000    0.000000    0.000000    0.000000    0.000000    0.000000
 -10.13938    0.000000    0.000000    0.000000    0.000000    0.000000    0.000000    0.000000    0.000000    0.000000    0.000000    0.000000
 -10.13338    0.000000    0.000000    0.000000    0.000000    0.000000    0.000000    0.000000    0.000000    0.000000    0.000000    0.000000
 -10.12738    0.000000    0.000000    0.000000    0.000000    0.000000    0.000000    0.000000    0.000000    0.000000    0.000000    0.000000
 -10.12137    0.000000    0.000000    0.000000    0.000000    0.000000    0.000000    0.000000    0.000000    0.000000    0.000000    0.000000
 -10.11537    0.000000    0.000000    0.000000    0.000000    0.000000    0.000000    0.000000    0.000000    0.000000    0.000000    0.000000
 -10.10937    0.000000    0.000000    0.000000    0.000000    0.000000    0.000000    0.000000    0.000000    0.000000    0.000000    0.000000
 -10.10337    0.000000    0.000000    0.000000    0.000000    0.000000    0.000000    0.000000    0.000000    0.000000    0.000000    0.000000
 -10.09737    0.000000    0.000000    0.000000    0.000000    0.000000    0.000000    0.000000    0.000000    0.000000    0.000000    0.000000
 -10.09136    0.000000    0.000000    0.000000    0.000000    0.000000    0.000000    0.000000    0.000000    0.000000    0.000000    0.000000
 -10.08536    0.000000    0.000000    0.000000    0.000000    0.000000    0.000000    0.000000    0.000000    0.000000    0.000000    0.000000
 -10.07936    0.000000    0.000000    0.000000    0.000000    0.000000    0.000000    0.000000    0.000000    0.000000    0.000000    0.000000
 -10.07336    0.000000    0.000000    0.000000    0.000000    0.000000    0.000000    0.000000    0.000000    0.000000    0.000000    0.000000
 -10.06736    0.000000    0.000000    0.000000    0.000000    0.000000    0.000000    0.000000    0.000000    0.000000    0.000000    0.000000
 -10.06135    0.000000    0.000000    0.000000    0.000000    0.000000    0.000000    0.000000    0.000000    0.000000    0.000000    0.000000
 -10.05535    0.000000    0.000000    0.000000    0.000000    0.000000    0.000000    0.000000    0.000000    0.000000    0.000000    0.000000
 -10.04935    0.000000    0.000000    0.000000    0.000000    0.000000    0.000000    0.000000    0.000000    0.000000    0.000000    0.000000
 -10.04335    0.000000    0.000000    0.000000    0.000000    0.000000    0.000000    0.000000    0.000000    0.000000    0.000000    0.000000
 -10.03735    0.000000    0.000000    0.000000    0.000000    0.000000    0.000000    0.000000    0.000000    0.000000    0.000000    0.000000
 -10.03134    0.000000    0.000000    0.000000    0.000000    0.000000    0.000000    0.000000    0.000000    0.000000    0.000000    0.000000
 -10.02534    0.000000    0.000000    0.000000    0.000000    0.000000    0.000000    0.000000    0.000000    0.000000    0.000000    0.000000
 -10.01934    0.000000    0.000000    0.000000    0.000000    0.000000    0.000000    0.000000    0.000000    0.000000    0.000000    0.000000
 -10.01334    0.000000    0.000000    0.000000    0.000000    0.000000    0.000000    0.000000    0.000000    0.000000    0.000000    0.000000
 -10.00734    0.000000    0.000000    0.000000    0.000000    0.000000    0.000000    0.000000    0.000000    0.000000    0.000000    0.000000
 -10.00133    0.000000    0.000000    0.000000    0.000000    0.000000    0.000000    0.000000    0.000000    0.000000    0.000000    0.000000
  -9.99533    0.000000    0.000000    0.000000    0.000000    0.000000    0.000000    0.000000    0.000000    0.000000    0.000000    0.000000
  -9.98933    0.000000    0.000000    0.000000    0.000000    0.000000    0.000000    0.000000    0.000000    0.000000    0.000000    0.000000
  -9.98333    0.000000    0.000000    0.000000    0.000000    0.000000    0.000000    0.000000    0.000000    0.000000    0.000000    0.000000
  -9.97733    0.000000    0.000000    0.000000    0.000000    0.000000    0.000000    0.000000    0.000000    0.000000    0.000000    0.000000
  -9.97132    0.000000    0.000000    0.000000    0.000000    0.000000    0.000000    0.000000    0.000000    0.000000    0.000000    0.000000
  -9.96532    0.000000    0.000000    0.000000    0.000000    0.000000    0.000000    0.000000    0.000000    0.000000    0.000000    0.000000
  -9.95932    0.000000    0.000000    0.000000    0.000000    0.000000    0.000000    0.000000    0.000000    0.000000    0.000000    0.000000
  -9.95332    0.000000    0.000000    0.000000    0.000000    0.000000    0.000000    0.000000    0.000000    0.000000    0.000000    0.000000
  -9.94732    0.000000    0.000000    0.000000    0.000000    0.000000    0.000000    0.000000    0.000000    0.000000    0.000000    0.000000
  -9.94131    0.000000    0.000000    0.000000    0.000000    0.000000    0.000000    0.000000    0.000000    0.000000    0.000000    0.000000
  -9.93531    0.000000    0.000000    0.000000    0.000000    0.000000    0.000000    0.000000    0.000000    0.000000    0.000000    0.000000
  -9.92931    0.000000    0.000000    0.000000    0.000000    0.000000    0.000000    0.000000    0.000000    0.000000    0.000000    0.000000
  -9.92331    0.000000    0.000000    0.000000    0.000000    0.000000    0.000000    0.000000    0.000000    0.000000    0.000000    0.000000
  -9.91731    0.000000    0.000000    0.000000    0.000000    0.000000    0.000000    0.000000    0.000000    0.000000    0.000000    0.000000
  -9.91130    0.000000    0.000000    0.000000    0.000000    0.000000    0.000000    0.000000    0.000000    0.000000    0.000000    0.000000
  -9.90530    0.000000    0.000000    0.000000    0.000000    0.000000    0.000000    0.000000    0.000000    0.000000    0.000000    0.000000
  -9.89930    0.000000    0.000000    0.000000    0.000000    0.000000    0.000000    0.000000    0.000000    0.000000    0.000000    0.000000
  -9.89330    0.000000    0.000000    0.000000    0.000000    0.000000    0.000000    0.000000    0.000000    0.000000    0.000000    0.000000
  -9.88730    0.000000    0.000000    0.000000    0.000000    0.000000    0.000000    0.000000    0.000000    0.000000    0.000000    0.000000
  -9.88129    0.000000    0.000000    0.000000    0.000000    0.000000    0.000000    0.000000    0.000000    0.000000    0.000000    0.000000
  -9.87529    0.000000    0.000000    0.000000    0.000000    0.000000    0.000000    0.000000    0.000000    0.000000    0.000000    0.000000
  -9.86929    0.000000    0.000000    0.000000    0.000000    0.000000    0.000000    0.000000    0.000000    0.000000    0.000000    0.000000
  -9.86329    0.000000    0.000000    0.000000    0.000000    0.000000    0.000000    0.000000    0.000000    0.000000    0.000000    0.000000
  -9.85729    0.000000    0.000000    0.000000    0.000000    0.000000    0.000000    0.000000    0.000000    0.000000    0.000000    0.000000
  -9.85128    0.000000    0.000000    0.000000    0.000000    0.000000    0.000000    0.000000    0.000000    0.000000    0.000000    0.000000
  -9.84528    0.000000    0.000000    0.000000    0.000000    0.000000    0.000000    0.000000    0.000000    0.000000    0.000000    0.000000
  -9.83928    0.000000    0.000000    0.000000    0.000000    0.000000    0.000000    0.000000    0.000000    0.000000    0.000000    0.000000
  -9.83328    0.000000    0.000000    0.000000    0.000000    0.000000    0.000000    0.000000    0.000000    0.000000    0.000000    0.000000
  -9.82728    0.000000    0.000000    0.000000    0.000000    0.000000    0.000000    0.000000    0.000000    0.000000    0.000000    0.000000
  -9.82127    0.000000    0.000000    0.000000    0.000000    0.000000    0.000000    0.000000    0.000000    0.000000    0.000000    0.000000
  -9.81527    0.000000    0.000000    0.000000    0.000000    0.000000    0.000000    0.000000    0.000000    0.000000    0.000000    0.000000
  -9.80927    0.000000    0.000000    0.000000    0.000000    0.000000    0.000000    0.000000    0.000000    0.000000    0.000000    0.000000
  -9.80327    0.000000    0.000000    0.000000    0.000000    0.000000    0.000000    0.000000    0.000000    0.000000    0.000000    0.000000
  -9.79727    0.000000    0.000000    0.000000    0.000000    0.000000    0.000000    0.000000    0.000000    0.000000    0.000000    0.000000
  -9.79126    0.000000    0.000000    0.000000    0.000000    0.000000    0.000000    0.000000    0.000000    0.000000    0.000000    0.000000
  -9.78526    0.000000    0.000000    0.000000    0.000000    0.000000    0.000000    0.000000    0.000000    0.000000    0.000000    0.000000
  -9.77926    0.000000    0.000000    0.000000    0.000000    0.000000    0.000000    0.000000    0.000000    0.000000    0.000000    0.000000
  -9.77326    0.000000    0.000000    0.000000    0.000000    0.000000    0.000000    0.000000    0.000000    0.000000    0.000000    0.000000
  -9.76726    0.000000    0.000000    0.000000    0.000000    0.000000    0.000000    0.000000    0.000000    0.000000    0.000000    0.000000
  -9.76125    0.000000    0.000000    0.000000    0.000000    0.000000    0.000000    0.000000    0.000000    0.000000    0.000000    0.000000
  -9.75525    0.000000    0.000000    0.000000    0.000000    0.000000    0.000000    0.000000    0.000000    0.000000    0.000000    0.000000
  -9.74925    0.000000    0.000000    0.000000    0.000000    0.000000    0.000000    0.000000    0.000000    0.000000    0.000000    0.000000
  -9.74325    0.000000    0.000000    0.000000    0.000000    0.000000    0.000000    0.000000    0.000000    0.000000    0.000000    0.000000
  -9.73725    0.000000    0.000000    0.000000    0.000000    0.000000    0.000000    0.000000    0.000000    0.000000    0.000000    0.000000
  -9.73124    0.000000    0.000000    0.000000    0.000000    0.000000    0.000000    0.000000    0.000000    0.000000    0.000000    0.000000
  -9.72524    0.000000    0.000000    0.000000    0.000000    0.000000    0.000000    0.000000    0.000000    0.000000    0.000000    0.000000
  -9.71924    0.000000    0.000000    0.000000    0.000000    0.000000    0.000000    0.000000    0.000000    0.000000    0.000000    0.000000
  -9.71324    0.000000    0.000000    0.000000    0.000000    0.000000    0.000000    0.000000    0.000000    0.000000    0.000000    0.000000
  -9.70724    0.000000    0.000000    0.000000    0.000000    0.000000    0.000000    0.000000    0.000000    0.000000    0.000000    0.000000
  -9.70123    0.000000    0.000000    0.000000    0.000000    0.000000    0.000000    0.000000    0.000000    0.000000    0.000000    0.000000
  -9.69523    0.000000    0.000000    0.000000    0.000000    0.000000    0.000000    0.000000    0.000000    0.000000    0.000000    0.000000
  -9.68923    0.000000    0.000000    0.000000    0.000000    0.000000    0.000000    0.000000    0.000000    0.000000    0.000000    0.000000
  -9.68323    0.000000    0.000000    0.000000    0.000000    0.000000    0.000000    0.000000    0.000000    0.000000    0.000000    0.000000
  -9.67723    0.000000    0.000000    0.000000    0.000000    0.000000    0.000000    0.000000    0.000000    0.000000    0.000000    0.000000
  -9.67122    0.000000    0.000000    0.000000    0.000000    0.000000    0.000000    0.000000    0.000000    0.000000    0.000000    0.000000
  -9.66522    0.000000    0.000000    0.000000    0.000000    0.000000    0.000000    0.000000    0.000000    0.000000    0.000000    0.000000
  -9.65922    0.000000    0.000000    0.000000    0.000000    0.000000    0.000000    0.000000    0.000000    0.000000    0.000000    0.000000
  -9.65322    0.000000    0.000000    0.000000    0.000000    0.000000    0.000000    0.000000    0.000000    0.000000    0.000000    0.000000
  -9.64722    0.000000    0.000000    0.000000    0.000000    0.000000    0.000000    0.000000    0.000000    0.000000    0.000000    0.000000
  -9.64121    0.000000    0.000000    0.000000    0.000000    0.000000    0.000000    0.000000    0.000000    0.000000    0.000000    0.000000
  -9.63521    0.000000    0.000000    0.000000    0.000000    0.000000    0.000000    0.000000    0.000000    0.000000    0.000000    0.000000
  -9.62921    0.000000    0.000000    0.000000    0.000000    0.000000    0.000000    0.000000    0.000000    0.000000    0.000000    0.000000
  -9.62321    0.000000    0.000000    0.000000    0.000000    0.000000    0.000000    0.000000    0.000000    0.000000    0.000000    0.000000
  -9.61721    0.000000    0.000000    0.000000    0.000000    0.000000    0.000000    0.000000    0.000000    0.000000    0.000000    0.000000
  -9.61120    0.000000    0.000000    0.000000    0.000000    0.000000    0.000000    0.000000    0.000000    0.000000    0.000000    0.000000
  -9.60520    0.000000    0.000000    0.000000    0.000000    0.000000    0.000000    0.000000    0.000000    0.000000    0.000000    0.000000
  -9.59920    0.000000    0.000000    0.000000    0.000000    0.000000    0.000000    0.000000    0.000000    0.000000    0.000000    0.000000
  -9.59320    0.000000    0.000000    0.000000    0.000000    0.000000    0.000000    0.000000    0.000000    0.000000    0.000000    0.000000
  -9.58720    0.000000    0.000000    0.000000    0.000000    0.000000    0.000000    0.000000    0.000000    0.000000    0.000000    0.000000
  -9.58119    0.000000    0.000000    0.000000    0.000000    0.000000    0.000000    0.000000    0.000000    0.000000    0.000000    0.000000
  -9.57519    0.000000    0.000000    0.000000    0.000000    0.000000    0.000000    0.000000    0.000000    0.000000    0.000000    0.000000
  -9.56919    0.000000    0.000000    0.000000    0.000000    0.000000    0.000000    0.000000    0.000000    0.000000    0.000000    0.000000
  -9.56319    0.000000    0.000000    0.000000    0.000000    0.000000    0.000000    0.000000    0.000000    0.000000    0.000000    0.000000
  -9.55719    0.000000    0.000000    0.000000    0.000000    0.000000    0.000000    0.000000    0.000000    0.000000    0.000000    0.000000
  -9.55118    0.000000    0.000000    0.000000    0.000000    0.000000    0.000000    0.000000    0.000000    0.000000    0.000000    0.000000
  -9.54518    0.000000    0.000000    0.000000    0.000000    0.000000    0.000000    0.000000    0.000000    0.000000    0.000000    0.000000
  -9.53918    0.000000    0.000000    0.000000    0.000000    0.000000    0.000000    0.000000    0.000000    0.000000    0.000000    0.000000
  -9.53318    0.000000    0.000000    0.000000    0.000000    0.000000    0.000000    0.000000    0.000000    0.000000    0.000000    0.000000
  -9.52718    0.000000    0.000000    0.000000    0.000000    0.000000    0.000000    0.000000    0.000000    0.000000    0.000000    0.000000
  -9.52117    0.000000    0.000000    0.000000    0.000000    0.000000    0.000000    0.000000    0.000000    0.000000    0.000000    0.000000
  -9.51517    0.000000    0.000000    0.000000    0.000000    0.000000    0.000000    0.000000    0.000000    0.000000    0.000000    0.000000
  -9.50917    0.000000    0.000000    0.000000    0.000000    0.000000    0.000000    0.000000    0.000000    0.000000    0.000000    0.000000
  -9.50317    0.000000    0.000000    0.000000    0.000000    0.000000    0.000000    0.000000    0.000000    0.000000    0.000000    0.000000
  -9.49717    0.000000    0.000000    0.000000    0.000000    0.000000    0.000000    0.000000    0.000000    0.000000    0.000000    0.000000
  -9.49116    0.000000    0.000000    0.000000    0.000000    0.000000    0.000000    0.000000    0.000000    0.000000    0.000000    0.000000
  -9.48516    0.000000    0.000000    0.000000    0.000000    0.000000    0.000000    0.000000    0.000000    0.000000    0.000000    0.000000
  -9.47916    0.000000    0.000000    0.000000    0.000000    0.000000    0.000000    0.000000    0.000000    0.000000    0.000000    0.000000
  -9.47316    0.000000    0.000000    0.000000    0.000000    0.000000    0.000000    0.000000    0.000000    0.000000    0.000000    0.000000
  -9.46716    0.000000    0.000000    0.000000    0.000000    0.000000    0.000000    0.000000    0.000000    0.000000    0.000000    0.000000
  -9.46115    0.000000    0.000000    0.000000    0.000000    0.000000    0.000000    0.000000    0.000000    0.000000    0.000000    0.000000
  -9.45515    0.000000    0.000000    0.000000    0.000000    0.000000    0.000000    0.000000    0.000000    0.000000    0.000000    0.000000
  -9.44915    0.000000    0.000000    0.000000    0.000000    0.000000    0.000000    0.000000    0.000000    0.000000    0.000000    0.000000
  -9.44315    0.000000    0.000000    0.000000    0.000000    0.000000    0.000000    0.000000    0.000000    0.000000    0.000000    0.000000
  -9.43715    0.000000    0.000000    0.000000    0.000000    0.000000    0.000000    0.000000    0.000000    0.000000    0.000000    0.000000
  -9.43114    0.000000    0.000000    0.000000    0.000000    0.000000    0.000000    0.000000    0.000000    0.000000    0.000000    0.000000
  -9.42514    0.000000    0.000000    0.000000    0.000000    0.000000    0.000000    0.000000    0.000000    0.000000    0.000000    0.000000
  -9.41914    0.000000    0.000000    0.000000    0.000000    0.000000    0.000000    0.000000    0.000000    0.000000    0.000000    0.000000
  -9.41314    0.000000    0.000000    0.000000    0.000000    0.000000    0.000000    0.000000    0.000000    0.000000    0.000000    0.000000
  -9.40714    0.000000    0.000000    0.000000    0.000000    0.000000    0.000000    0.000000    0.000000    0.000000    0.000000    0.000000
  -9.40113    0.000001    0.000000    0.000000    0.000000    0.000000    0.000000    0.000000    0.000000    0.000000    0.000000    0.000000
  -9.39513    0.000002    0.000000    0.000000    0.000000    0.000000    0.000000    0.000000    0.000000    0.000000    0.000000    0.000000
  -9.38913    0.000004    0.000000    0.000000    0.000000    0.000000    0.000000    0.000000    0.000000    0.000000    0.000000    0.000000
  -9.38313    0.000008    0.000000    0.000000    0.000000    0.000000    0.000000    0.000000    0.000000    0.000000    0.000000    0.000000
  -9.37713    0.000016    0.000000    0.000000    0.000000    0.000000    0.000000    0.000000    0.000000    0.000000    0.000000    0.000000
  -9.37112    0.000030    0.000000    0.000000    0.000000    0.000000    0.000000    0.000000    0.000000    0.000000    0.000000    0.000000
  -9.36512    0.000056    0.000000    0.000000    0.000000    0.000000    0.000000    0.000000    0.000000    0.000000    0.000000    0.000000
  -9.35912    0.000104    0.000000    0.000000    0.000000    0.000000    0.000000    0.000000    0.000000    0.000000    0.000000    0.000000
  -9.35312    0.000188    0.000000    0.000000    0.000000    0.000000    0.000000    0.000000    0.000000    0.000000    0.000000    0.000000
  -9.34712    0.000333    0.000000    0.000000    0.000000    0.000000    0.000000    0.000000    0.000000    0.000000    0.000000    0.000000
  -9.34111    0.000580    0.000000    0.000000    0.000000    0.000000    0.000000    0.000000    0.000000    0.000000    0.000000    0.000000
  -9.33511    0.000989    0.000001    0.000000    0.000001    0.000001    0.000000    0.000000    0.000000    0.000000    0.000000    0.000000
  -9.32911    0.001652    0.000001    0.000000    0.000001    0.000001    0.000000    0.000000    0.000000    0.000000    0.000000    0.000000
  -9.32311    0.002706    0.000002    0.000000    0.000002    0.000001    0.000000    0.000000    0.000000    0.000000    0.000000    0.000000
  -9.31711    0.004344    0.000003    0.000000    0.000003    0.000002    0.000000    0.000000    0.000000    0.000000    0.000000    0.000000
  -9.31110    0.006836    0.000004    0.000001    0.000004    0.000004    0.000000    0.000000    0.000000    0.000000    0.000000    0.000000
  -9.30510    0.010546    0.000006    0.000001    0.000006    0.000005    0.000000    0.000000    0.000000    0.000000    0.000000    0.000000
  -9.29910    0.015947    0.000010    0.000001    0.000010    0.000008    0.000000    0.000000    0.000000    0.000000    0.000000    0.000000
  -9.29310    0.023637    0.000014    0.000002    0.000014    0.000012    0.000000    0.000000    0.000000    0.000000    0.000000    0.000000
  -9.28710    0.034343    0.000021    0.000003    0.000021    0.000018    0.000000    0.000000    0.000000    0.000000    0.000000    0.000000
  -9.28109    0.048911    0.000030    0.000004    0.000030    0.000025    0.000000    0.000000    0.000000    0.000000    0.000000    0.000000
  -9.27509    0.068280    0.000042    0.000006    0.000042    0.000035    0.000000    0.000000    0.000000    0.000000    0.000000    0.000000
  -9.26909    0.093435    0.000057    0.000008    0.000057    0.000048    0.000000    0.000000    0.000000    0.000000    0.000000    0.000000
  -9.26309    0.125329    0.000076    0.000010    0.000076    0.000065    0.000000    0.000000    0.000000    0.000000    0.000000    0.000000
  -9.25709    0.164784    0.000100    0.000014    0.000100    0.000085    0.000000    0.000000    0.000000    0.000000    0.000000    0.000000
  -9.25108    0.212375    0.000129    0.000017    0.000129    0.000110    0.000000    0.000000    0.000000    0.000000    0.000000    0.000000
  -9.24508    0.268298    0.000163    0.000022    0.000163    0.000139    0.000000    0.000000    0.000000    0.000000    0.000000    0.000000
  -9.23908    0.332244    0.000202    0.000027    0.000202    0.000172    0.000000    0.000000    0.000000    0.000000    0.000000    0.000000
  -9.23308    0.403292    0.000245    0.000033    0.000245    0.000209    0.000000    0.000000    0.000000    0.000000    0.000000    0.000000
  -9.22708    0.479852    0.000292    0.000039    0.000292    0.000248    0.000000    0.000000    0.000000    0.000000    0.000000    0.000000
  -9.22107    0.559654    0.000340    0.000046    0.000340    0.000289    0.000000    0.000000    0.000000    0.000000    0.000000    0.000000
  -9.21507    0.639817    0.000389    0.000053    0.000389    0.000331    0.000000    0.000000    0.000000    0.000000    0.000000    0.000000
  -9.20907    0.716997    0.000436    0.000059    0.000436    0.000371    0.000000    0.000000    0.000000    0.000000    0.000000    0.000000
  -9.20307    0.787595    0.000479    0.000065    0.000479    0.000407    0.000000    0.000000    0.000000    0.000000    0.000000    0.000000
  -9.19707    0.848035    0.000516    0.000070    0.000516    0.000439    0.000000    0.000000    0.000000    0.000000    0.000000    0.000000
  -9.19106    0.895052    0.000544    0.000074    0.000544    0.000463    0.000000    0.000000    0.000000    0.000000    0.000000    0.000000
  -9.18506    0.925994    0.000563    0.000076    0.000563    0.000479    0.000000    0.000000    0.000000    0.000000    0.000000    0.000000
  -9.17906    0.939057    0.000571    0.000077    0.000571    0.000486    0.000000    0.000000    0.000000    0.000000    0.000000    0.000000
  -9.17306    0.933471    0.000568    0.000077    0.000568    0.000483    0.000000    0.000000    0.000000    0.000000    0.000000    0.000000
  -9.16706    0.909565    0.000553    0.000075    0.000553    0.000470    0.000000    0.000000    0.000000    0.000000    0.000000    0.000000
  -9.16105    0.868743    0.000528    0.000071    0.000528    0.000449    0.000000    0.000000    0.000000    0.000000    0.000000    0.000000
  -9.15505    0.813343    0.000495    0.000067    0.000495    0.000421    0.000000    0.000000    0.000000    0.000000    0.000000    0.000000
  -9.14905    0.746415    0.000454    0.000061    0.000454    0.000386    0.000000    0.000000    0.000000    0.000000    0.000000    0.000000
  -9.14305    0.671447    0.000408    0.000055    0.000408    0.000347    0.000000    0.000000    0.000000    0.000000    0.000000    0.000000
  -9.13705    0.592063    0.000360    0.000049    0.000360    0.000306    0.000000    0.000000    0.000000    0.000000    0.000000    0.000000
  -9.13104    0.511739    0.000311    0.000042    0.000311    0.000265    0.000000    0.000000    0.000000    0.000000    0.000000    0.000000
  -9.12504    0.433564    0.000264    0.000036    0.000264    0.000224    0.000000    0.000000    0.000000    0.000000    0.000000    0.000000
  -9.11904    0.360067    0.000219    0.000030    0.000219    0.000186    0.000000    0.000000    0.000000    0.000000    0.000000    0.000000
  -9.11304    0.293114    0.000178    0.000024    0.000178    0.000152    0.000000    0.000000    0.000000    0.000000    0.000000    0.000000
  -9.10704    0.233893    0.000142    0.000019    0.000142    0.000121    0.000000    0.000000    0.000000    0.000000    0.000000    0.000000
  -9.10103    0.182945    0.000111    0.000015    0.000111    0.000095    0.000000    0.000000    0.000000    0.000000    0.000000    0.000000
  -9.09503    0.140266    0.000085    0.000012    0.000085    0.000073    0.000000    0.000000    0.000000    0.000000    0.000000    0.000000
  -9.08903    0.105418    0.000064    0.000009    0.000064    0.000055    0.000000    0.000000    0.000000    0.000000    0.000000    0.000000
  -9.08303    0.077665    0.000047    0.000006    0.000047    0.000040    0.000000    0.000000    0.000000    0.000000    0.000000    0.000000
  -9.07703    0.056094    0.000034    0.000005    0.000034    0.000029    0.000000    0.000000    0.000000    0.000000    0.000000    0.000000
  -9.07102    0.039727    0.000024    0.000003    0.000024    0.000021    0.000000    0.000000    0.000000    0.000000    0.000000    0.000000
  -9.06502    0.027609    0.000017    0.000002    0.000017    0.000014    0.000000    0.000000    0.000000    0.000000    0.000000    0.000000
  -9.05902    0.018862    0.000012    0.000002    0.000012    0.000010    0.000000    0.000000    0.000000    0.000000    0.000000    0.000000
  -9.05302    0.012735    0.000008    0.000001    0.000008    0.000007    0.000000    0.000000    0.000000    0.000000    0.000000    0.000000
  -9.04702    0.008617    0.000006    0.000001    0.000006    0.000005    0.000000    0.000000    0.000000    0.000000    0.000000    0.000000
  -9.04101    0.006053    0.000005    0.000001    0.000005    0.000004    0.000000    0.000000    0.000000    0.000000    0.000000    0.000000
  -9.03501    0.004742    0.000006    0.000001    0.000006    0.000003    0.000000    0.000000    0.000000    0.000000    0.000000    0.000000
  -9.02901    0.004552    0.000008    0.000002    0.000008    0.000004    0.000000    0.000000    0.000000    0.000000    0.000000    0.000000
  -9.02301    0.005522    0.000012    0.000003    0.000012    0.000005    0.000000    0.000000    0.000000    0.000000    0.000000    0.000000
  -9.01701    0.007888    0.000020    0.000005    0.000020    0.000008    0.000000    0.000000    0.000000    0.000000    0.000000    0.000000
  -9.01100    0.012119    0.000032    0.000008    0.000032    0.000012    0.000000    0.000000    0.000000    0.000000    0.000000    0.000000
  -9.00500    0.018964    0.000050    0.000012    0.000050    0.000020    0.000000    0.000000    0.000000    0.000000    0.000000    0.000000
  -8.99900    0.029508    0.000079    0.000019    0.000079    0.000031    0.000000    0.000000    0.000000    0.000000    0.000000    0.000000
  -8.99300    0.045243    0.000121    0.000029    0.000121    0.000047    0.000000    0.000000    0.000000    0.000000    0.000000    0.000000
  -8.98700    0.068122    0.000182    0.000044    0.000182    0.000071    0.000000    0.000000    0.000000    0.000000    0.000000    0.000000
  -8.98099    0.100610    0.000269    0.000066    0.000269    0.000105    0.000000    0.000000    0.000000    0.000000    0.000000    0.000000
  -8.97499    0.145686    0.000390    0.000095    0.000390    0.000152    0.000000    0.000000    0.000000    0.000000    0.000000    0.000000
  -8.96899    0.206803    0.000554    0.000135    0.000554    0.000216    0.000000    0.000000    0.000000    0.000000    0.000000    0.000000
  -8.96299    0.287763    0.000770    0.000188    0.000770    0.000301    0.000000    0.000000    0.000000    0.000000    0.000000    0.000000
  -8.95699    0.392502    0.001051    0.000256    0.001051    0.000411    0.000000    0.000000    0.000000    0.000000    0.000000    0.000000
  -8.95098    0.524776    0.001405    0.000342    0.001405    0.000549    0.000000    0.000000    0.000000    0.000000    0.000000    0.000000
  -8.94498    0.687752    0.001841    0.000448    0.001841    0.000720    0.000000    0.000000    0.000000    0.000000    0.000000    0.000000
  -8.93898    0.883516    0.002366    0.000576    0.002366    0.000925    0.000000    0.000000    0.000000    0.000000    0.000000    0.000000
  -8.93298    1.112555    0.002979    0.000725    0.002979    0.001164    0.000000    0.000000    0.000000    0.000000    0.000000    0.000000
  -8.92698    1.373262    0.003677    0.000895    0.003677    0.001437    0.000000    0.000000    0.000000    0.000000    0.000000    0.000000
  -8.92097    1.661536    0.004449    0.001083    0.004449    0.001739    0.000000    0.000000    0.000000    0.000000    0.000000    0.000000
  -8.91497    1.970564    0.005276    0.001284    0.005276    0.002063    0.000000    0.000000    0.000000    0.000000    0.000000    0.000000
  -8.90897    2.290846    0.006134    0.001493    0.006134    0.002398    0.000000    0.000000    0.000000    0.000000    0.000000    0.000000
  -8.90297    2.610513    0.006990    0.001701    0.006990    0.002732    0.000000    0.000000    0.000000    0.000000    0.000000    0.000000
  -8.89697    2.915952    0.007807    0.001900    0.007807    0.003052    0.000000    0.000000    0.000000    0.000000    0.000000    0.000000
  -8.89096    3.192709    0.008548    0.002080    0.008548    0.003342    0.000000    0.000000    0.000000    0.000000    0.000000    0.000000
  -8.88496    3.426597    0.009175    0.002233    0.009175    0.003587    0.000000    0.000000    0.000000    0.000000    0.000000    0.000000
  -8.87896    3.604883    0.009652    0.002349    0.009652    0.003773    0.000000    0.000000    0.000000    0.000000    0.000000    0.000000
  -8.87296    3.717439    0.009953    0.002422    0.009953    0.003891    0.000000    0.000000    0.000000    0.000000    0.000000    0.000000
  -8.86696    3.757692    0.010061    0.002448    0.010061    0.003933    0.000000    0.000000    0.000000    0.000000    0.000000    0.000000
  -8.86095    3.723257    0.009969    0.002426    0.009969    0.003897    0.000000    0.000000    0.000000    0.000000    0.000000    0.000000
  -8.85495    3.616174    0.009682    0.002356    0.009682    0.003785    0.000000    0.000000    0.000000    0.000000    0.000000    0.000000
  -8.84895    3.442709    0.009218    0.002243    0.009218    0.003603    0.000000    0.000000    0.000000    0.000000    0.000000    0.000000
  -8.84295    3.212741    0.008602    0.002093    0.008602    0.003363    0.000000    0.000000    0.000000    0.000000    0.000000    0.000000
  -8.83695    2.938839    0.007869    0.001915    0.007869    0.003076    0.000000    0.000000    0.000000    0.000000    0.000000    0.000000
  -8.83094    2.635120    0.007055    0.001717    0.007055    0.002758    0.000000    0.000000    0.000000    0.000000    0.000000    0.000000
  -8.82494    2.316058    0.006201    0.001509    0.006201    0.002424    0.000000    0.000000    0.000000    0.000000    0.000000    0.000000
  -8.81894    1.995369    0.005343    0.001300    0.005343    0.002089    0.000000    0.000000    0.000000    0.000000    0.000000    0.000000
  -8.81294    1.685084    0.004512    0.001098    0.004512    0.001764    0.000000    0.000000    0.000000    0.000000    0.000000    0.000000
  -8.80694    1.394904    0.003735    0.000909    0.003735    0.001460    0.000000    0.000000    0.000000    0.000000    0.000000    0.000000
  -8.80093    1.131857    0.003031    0.000738    0.003031    0.001185    0.000000    0.000000    0.000000    0.000000    0.000000    0.000000
  -8.79493    0.900251    0.002410    0.000587    0.002410    0.000942    0.000000    0.000000    0.000000    0.000000    0.000000    0.000000
  -8.78893    0.701876    0.001879    0.000457    0.001879    0.000735    0.000000    0.000000    0.000000    0.000000    0.000000    0.000000
  -8.78293    0.536392    0.001436    0.000350    0.001436    0.000561    0.000000    0.000000    0.000000    0.000000    0.000000    0.000000
  -8.77693    0.401818    0.001076    0.000262    0.001076    0.000421    0.000000    0.000000    0.000000    0.000000    0.000000    0.000000
  -8.77092    0.295056    0.000790    0.000192    0.000790    0.000309    0.000000    0.000000    0.000000    0.000000    0.000000    0.000000
  -8.76492    0.212381    0.000569    0.000138    0.000569    0.000222    0.000000    0.000000    0.000000    0.000000    0.000000    0.000000
  -8.75892    0.149857    0.000401    0.000098    0.000401    0.000157    0.000000    0.000000    0.000000    0.000000    0.000000    0.000000
  -8.75292    0.103668    0.000278    0.000068    0.000278    0.000109    0.000000    0.000000    0.000000    0.000000    0.000000    0.000000
  -8.74692    0.070335    0.000188    0.000046    0.000188    0.000074    0.000000    0.000000    0.000000    0.000000    0.000000    0.000000
  -8.74091    0.046847    0.000126    0.000031    0.000126    0.000049    0.000000    0.000000    0.000000    0.000000    0.000000    0.000000
  -8.73491    0.030718    0.000083    0.000020    0.000083    0.000032    0.000000    0.000000    0.000000    0.000000    0.000000    0.000000
  -8.72891    0.019986    0.000055    0.000013    0.000055    0.000021    0.000000    0.000000    0.000000    0.000000    0.000000    0.000000
  -8.72291    0.013177    0.000037    0.000009    0.000037    0.000015    0.000000    0.000000    0.000000    0.000000    0.000000    0.000000
  -8.71691    0.009257    0.000028    0.000007    0.000028    0.000011    0.000000    0.000000    0.000000    0.000000    0.000000    0.000000
  -8.71090    0.007586    0.000026    0.000006    0.000026    0.000010    0.000000    0.000000    0.000000    0.000000    0.000000    0.000000
  -8.70490    0.007876    0.000031    0.000008    0.000031    0.000012    0.000000    0.000000    0.000000    0.000000    0.000000    0.000000
  -8.69890    0.010179    0.000044    0.000011    0.000044    0.000017    0.000000    0.000000    0.000000    0.000000    0.000000    0.000000
  -8.69290    0.014884    0.000067    0.000016    0.000067    0.000025    0.000000    0.000000    0.000000    0.000000    0.000000    0.000000
  -8.68690    0.022747    0.000104    0.000025    0.000104    0.000039    0.000000    0.000000    0.000000    0.000000    0.000000    0.000000
  -8.68089    0.034928    0.000160    0.000039    0.000160    0.000061    0.000000    0.000000    0.000000    0.000000    0.000000    0.000000
  -8.67489    0.053042    0.000244    0.000059    0.000244    0.000092    0.000000    0.000000    0.000000    0.000000    0.000000    0.000000
  -8.66889    0.079209    0.000365    0.000088    0.000365    0.000138    0.000000    0.000000    0.000000    0.000000    0.000000    0.000000
  -8.66289    0.116074    0.000535    0.000128    0.000535    0.000202    0.000000    0.000000    0.000000    0.000000    0.000000    0.000000
  -8.65689    0.166797    0.000768    0.000185    0.000768    0.000290    0.000000    0.000000    0.000000    0.000000    0.000000    0.000000
  -8.65088    0.234976    0.001082    0.000260    0.001082    0.000409    0.000000    0.000000    0.000000    0.000000    0.000000    0.000000
  -8.64488    0.324493    0.001495    0.000359    0.001495    0.000565    0.000000    0.000000    0.000000    0.000000    0.000000    0.000000
  -8.63888    0.439258    0.002023    0.000486    0.002023    0.000765    0.000000    0.000000    0.000000    0.000000    0.000000    0.000000
  -8.63288    0.582854    0.002685    0.000645    0.002685    0.001015    0.000000    0.000000    0.000000    0.000000    0.000000    0.000000
  -8.62688    0.758099    0.003492    0.000839    0.003492    0.001320    0.000000    0.000000    0.000000    0.000000    0.000000    0.000000
  -8.62087    0.966534    0.004452    0.001070    0.004452    0.001683    0.000000    0.000000    0.000000    0.000000    0.000000    0.000000
  -8.61487    1.207905    0.005563    0.001337    0.005563    0.002104    0.000000    0.000000    0.000000    0.000000    0.000000    0.000000
  -8.60887    1.479697    0.006815    0.001638    0.006815    0.002577    0.000000    0.000000    0.000000    0.000000    0.000000    0.000000
  -8.60287    1.776796    0.008184    0.001966    0.008184    0.003095    0.000000    0.000000    0.000000    0.000000    0.000000    0.000000
  -8.59687    2.091351    0.009632    0.002315    0.009632    0.003642    0.000000    0.000000    0.000000    0.000000    0.000000    0.000000
  -8.59086    2.412908    0.011114    0.002670    0.011114    0.004203    0.000000    0.000000    0.000000    0.000000    0.000000    0.000000
  -8.58486    2.728847    0.012569    0.003020    0.012569    0.004753    0.000000    0.000000    0.000000    0.000000    0.000000    0.000000
  -8.57886    3.025118    0.013933    0.003348    0.013933    0.005269    0.000000    0.000000    0.000000    0.000000    0.000000    0.000000
  -8.57286    3.287228    0.015141    0.003638    0.015141    0.005725    0.000000    0.000000    0.000000    0.000000    0.000000    0.000000
  -8.56686    3.501402    0.016127    0.003875    0.016127    0.006098    0.000000    0.000000    0.000000    0.000000    0.000000    0.000000
  -8.56085    3.655768    0.016838    0.004046    0.016838    0.006367    0.000000    0.000000    0.000000    0.000000    0.000000    0.000000
  -8.55485    3.741449    0.017233    0.004141    0.017233    0.006516    0.000000    0.000000    0.000000    0.000000    0.000000    0.000000
  -8.54885    3.753406    0.017288    0.004154    0.017288    0.006537    0.000000    0.000000    0.000000    0.000000    0.000000    0.000000
  -8.54285    3.690931    0.017000    0.004085    0.017000    0.006428    0.000000    0.000000    0.000000    0.000000    0.000000    0.000000
  -8.53685    3.557712    0.016386    0.003937    0.016386    0.006196    0.000000    0.000000    0.000000    0.000000    0.000000    0.000000
  -8.53084    3.361477    0.015483    0.003720    0.015483    0.005855    0.000000    0.000000    0.000000    0.000000    0.000000    0.000000
  -8.52484    3.113251    0.014339    0.003446    0.014339    0.005422    0.000000    0.000000    0.000000    0.000000    0.000000    0.000000
  -8.51884    2.826329    0.013018    0.003128    0.013018    0.004923    0.000000    0.000000    0.000000    0.000000    0.000000    0.000000
  -8.51284    2.515104    0.011584    0.002784    0.011584    0.004381    0.000000    0.000000    0.000000    0.000000    0.000000    0.000000
  -8.50684    2.193885    0.010105    0.002428    0.010105    0.003821    0.000000    0.000000    0.000000    0.000000    0.000000    0.000000
  -8.50083    1.875845    0.008640    0.002076    0.008640    0.003267    0.000000    0.000000    0.000000    0.000000    0.000000    0.000000
  -8.49483    1.572191    0.007241    0.001740    0.007241    0.002738    0.000000    0.000000    0.000000    0.000000    0.000000    0.000000
  -8.48883    1.291638    0.005949    0.001429    0.005949    0.002250    0.000000    0.000000    0.000000    0.000000    0.000000    0.000000
  -8.48283    1.040175    0.004791    0.001151    0.004791    0.001812    0.000000    0.000000    0.000000    0.000000    0.000000    0.000000
  -8.47683    0.821126    0.003782    0.000909    0.003782    0.001430    0.000000    0.000000    0.000000    0.000000    0.000000    0.000000
  -8.47082    0.635432    0.002926    0.000703    0.002926    0.001107    0.000000    0.000000    0.000000    0.000000    0.000000    0.000000
  -8.46482    0.482089    0.002220    0.000533    0.002220    0.000839    0.000000    0.000000    0.000000    0.000000    0.000000    0.000000
  -8.45882    0.358661    0.001651    0.000396    0.001651    0.000624    0.000000    0.000000    0.000000    0.000000    0.000000    0.000000
  -8.45282    0.261806    0.001204    0.000289    0.001204    0.000455    0.000000    0.000000    0.000000    0.000000    0.000000    0.000000
  -8.44682    0.187746    0.000861    0.000206    0.000861    0.000325    0.000000    0.000000    0.000000    0.000000    0.000000    0.000000
  -8.44081    0.132667    0.000605    0.000145    0.000605    0.000228    0.000000    0.000000    0.000000    0.000000    0.000000    0.000000
  -8.43481    0.093014    0.000418    0.000099    0.000418    0.000157    0.000000    0.000000    0.000000    0.000000    0.000000    0.000000
  -8.42881    0.065691    0.000287    0.000067    0.000287    0.000107    0.000000    0.000000    0.000000    0.000000    0.000000    0.000000
  -8.42281    0.048174    0.000197    0.000044    0.000197    0.000072    0.000000    0.000000    0.000000    0.000000    0.000000    0.000000
  -8.41681    0.038556    0.000140    0.000029    0.000140    0.000049    0.000000    0.000000    0.000000    0.000000    0.000000    0.000000
  -8.41080    0.035537    0.000107    0.000019    0.000107    0.000035    0.000000    0.000000    0.000000    0.000000    0.000000    0.000000
  -8.40480    0.038381    0.000094    0.000012    0.000094    0.000027    0.000000    0.000000    0.000000    0.000000    0.000000    0.000000
  -8.39880    0.046840    0.000096    0.000008    0.000096    0.000025    0.000000    0.000000    0.000000    0.000000    0.000000    0.000000
  -8.39280    0.061068    0.000112    0.000006    0.000112    0.000026    0.000000    0.000000    0.000000    0.000000    0.000000    0.000000
  -8.38680    0.081520    0.000142    0.000005    0.000142    0.000031    0.000000    0.000000    0.000000    0.000000    0.000000    0.000000
  -8.38079    0.108824    0.000185    0.000005    0.000185    0.000040    0.000000    0.000000    0.000000    0.000000    0.000000    0.000000
  -8.37479    0.143655    0.000241    0.000006    0.000241    0.000051    0.000000    0.000000    0.000000    0.000000    0.000000    0.000000
  -8.36879    0.186587    0.000312    0.000007    0.000312    0.000065    0.000000    0.000000    0.000000    0.000000    0.000000    0.000000
  -8.36279    0.237938    0.000397    0.000009    0.000397    0.000083    0.000000    0.000000    0.000000    0.000000    0.000000    0.000000
  -8.35679    0.297624    0.000496    0.000011    0.000496    0.000104    0.000000    0.000000    0.000000    0.000000    0.000000    0.000000
  -8.35078    0.365023    0.000608    0.000014    0.000608    0.000127    0.000000    0.000000    0.000000    0.000000    0.000000    0.000000
  -8.34478    0.438885    0.000730    0.000016    0.000730    0.000152    0.000000    0.000000    0.000000    0.000000    0.000000    0.000000
  -8.33878    0.517282    0.000861    0.000019    0.000861    0.000180    0.000000    0.000000    0.000000    0.000000    0.000000    0.000000
  -8.33278    0.597639    0.000995    0.000022    0.000995    0.000208    0.000000    0.000000    0.000000    0.000000    0.000000    0.000000
  -8.32678    0.676829    0.001126    0.000025    0.001126    0.000235    0.000000    0.000000    0.000000    0.000000    0.000000    0.000000
  -8.32077    0.751355    0.001250    0.000028    0.001250    0.000261    0.000000    0.000000    0.000000    0.000000    0.000000    0.000000
  -8.31477    0.817593    0.001361    0.000030    0.001361    0.000284    0.000000    0.000000    0.000000    0.000000    0.000000    0.000000
  -8.30877    0.872074    0.001451    0.000032    0.001451    0.000303    0.000000    0.000000    0.000000    0.000000    0.000000    0.000000
  -8.30277    0.911789    0.001517    0.000034    0.001517    0.000317    0.000000    0.000000    0.000000    0.000000    0.000000    0.000000
  -8.29677    0.934458    0.001555    0.000035    0.001555    0.000325    0.000000    0.000000    0.000000    0.000000    0.000000    0.000000
  -8.29076    0.938751    0.001562    0.000035    0.001562    0.000326    0.000000    0.000000    0.000000    0.000000    0.000000    0.000000
  -8.28476    0.924411    0.001538    0.000034    0.001538    0.000321    0.000000    0.000000    0.000000    0.000000    0.000000    0.000000
  -8.27876    0.892287    0.001485    0.000033    0.001485    0.000310    0.000000    0.000000    0.000000    0.000000    0.000000    0.000000
  -8.27276    0.844245    0.001405    0.000031    0.001405    0.000293    0.000000    0.000000    0.000000    0.000000    0.000000    0.000000
  -8.26676    0.782991    0.001303    0.000029    0.001303    0.000272    0.000000    0.000000    0.000000    0.000000    0.000000    0.000000
  -8.26075    0.711819    0.001185    0.000026    0.001185    0.000247    0.000000    0.000000    0.000000    0.000000    0.000000    0.000000
  -8.25475    0.634319    0.001056    0.000024    0.001056    0.000220    0.000000    0.000000    0.000000    0.000000    0.000000    0.000000
  -8.24875    0.554077    0.000922    0.000021    0.000922    0.000192    0.000000    0.000000    0.000000    0.000000    0.000000    0.000000
  -8.24275    0.474414    0.000790    0.000018    0.000790    0.000165    0.000000    0.000000    0.000000    0.000000    0.000000    0.000000
  -8.23675    0.398171    0.000663    0.000015    0.000663    0.000138    0.000000    0.000000    0.000000    0.000000    0.000000    0.000000
  -8.23074    0.327574    0.000545    0.000012    0.000545    0.000114    0.000000    0.000000    0.000000    0.000000    0.000000    0.000000
  -8.22474    0.264168    0.000440    0.000010    0.000440    0.000092    0.000000    0.000000    0.000000    0.000000    0.000000    0.000000
  -8.21874    0.208829    0.000348    0.000008    0.000348    0.000073    0.000000    0.000000    0.000000    0.000000    0.000000    0.000000
  -8.21274    0.161833    0.000270    0.000006    0.000270    0.000056    0.000000    0.000000    0.000000    0.000000    0.000000    0.000000
  -8.20674    0.122963    0.000205    0.000005    0.000205    0.000043    0.000000    0.000000    0.000000    0.000000    0.000000    0.000000
  -8.20073    0.091640    0.000153    0.000004    0.000153    0.000033    0.000000    0.000000    0.000000    0.000000    0.000000    0.000000
  -8.19473    0.067054    0.000113    0.000003    0.000113    0.000025    0.000000    0.000000    0.000000    0.000000    0.000000    0.000000
  -8.18873    0.048297    0.000083    0.000003    0.000083    0.000019    0.000000    0.000000    0.000000    0.000000    0.000000    0.000000
  -8.18273    0.034465    0.000062    0.000004    0.000062    0.000016    0.000000    0.000000    0.000000    0.000000    0.000000    0.000000
  -8.17673    0.024756    0.000049    0.000006    0.000049    0.000016    0.000000    0.000000    0.000000    0.000000    0.000000    0.000000
  -8.17072    0.018541    0.000044    0.000009    0.000044    0.000020    0.000000    0.000000    0.000000    0.000000    0.000000    0.000000
  -8.16472    0.015431    0.000048    0.000015    0.000048    0.000028    0.000000    0.000000    0.000000    0.000000    0.000000    0.000000
  -8.15872    0.015336    0.000063    0.000025    0.000063    0.000043    0.000000    0.000000    0.000000    0.000000    0.000000    0.000000
  -8.15272    0.018533    0.000093    0.000041    0.000093    0.000069    0.000000    0.000000    0.000000    0.000000    0.000000    0.000000
  -8.14672    0.025735    0.000142    0.000066    0.000142    0.000109    0.000000    0.000000    0.000000    0.000000    0.000000    0.000000
  -8.14071    0.038188    0.000219    0.000103    0.000219    0.000172    0.000000    0.000000    0.000000    0.000000    0.000000    0.000000
  -8.13471    0.057764    0.000337    0.000158    0.000337    0.000266    0.000000    0.000000    0.000000    0.000000    0.000000    0.000000
  -8.12871    0.087072    0.000509    0.000237    0.000509    0.000404    0.000000    0.000000    0.000000    0.000000    0.000000    0.000000
  -8.12271    0.129555    0.000755    0.000350    0.000755    0.000602    0.000000    0.000000    0.000000    0.000000    0.000000    0.000000
  -8.11671    0.189555    0.001101    0.000506    0.001101    0.000880    0.000000    0.000000    0.000000    0.000000    0.000000    0.000000
  -8.11070    0.272325    0.001574    0.000718    0.001574    0.001262    0.000000    0.000000    0.000000    0.000000    0.000000    0.000000
  -8.10470    0.383949    0.002207    0.000999    0.002207    0.001777    0.000000    0.000000    0.000000    0.000000    0.000000    0.000000
  -8.09870    0.531144    0.003035    0.001361    0.003035    0.002453    0.000000    0.000000    0.000000    0.000000    0.000000    0.000000
  -8.09270    0.720907    0.004095    0.001818    0.004095    0.003322    0.000000    0.000000    0.000000    0.000000    0.000000    0.000000
  -8.08670    0.960007    0.005419    0.002381    0.005419    0.004413    0.000000    0.000000    0.000000    0.000000    0.000000    0.000000
  -8.08069    1.254313    0.007033    0.003058    0.007033    0.005752    0.000000    0.000000    0.000000    0.000000    0.000000    0.000000
  -8.07469    1.607995    0.008955    0.003849    0.008955    0.007356    0.000000    0.000000    0.000000    0.000000    0.000000    0.000000
  -8.06869    2.022658    0.011185    0.004749    0.011185    0.009230    0.000000    0.000000    0.000000    0.000000    0.000000    0.000000
  -8.06269    2.496498    0.013704    0.005745    0.013704    0.011362    0.000000    0.000000    0.000000    0.000000    0.000000    0.000000
  -8.05669    3.023588    0.016471    0.006813    0.016471    0.013724    0.000000    0.000000    0.000000    0.000000    0.000000    0.000000
  -8.05068    3.593414    0.019423    0.007921    0.019423    0.016265    0.000000    0.000000    0.000000    0.000000    0.000000    0.000000
  -8.04468    4.190785    0.022471    0.009028    0.022471    0.018915    0.000000    0.000000    0.000000    0.000000    0.000000    0.000000
  -8.03868    4.796189    0.025505    0.010088    0.025505    0.021585    0.000000    0.000000    0.000000    0.000000    0.000000    0.000000
  -8.03268    5.386644    0.028404    0.011051    0.028404    0.024171    0.000000    0.000000    0.000000    0.000000    0.000000    0.000000
  -8.02668    5.937024    0.031036    0.011869    0.031036    0.026561    0.000000    0.000000    0.000000    0.000000    0.000000    0.000000
  -8.02067    6.421759    0.033275    0.012497    0.033275    0.028643    0.000000    0.000000    0.000000    0.000000    0.000000    0.000000
  -8.01467    6.816777    0.035006    0.012901    0.035006    0.030311    0.000000    0.000000    0.000000    0.000000    0.000000    0.000000
  -8.00867    7.101466    0.036137    0.013057    0.036137    0.031479    0.000000    0.000000    0.000000    0.000000    0.000000    0.000000
  -8.00267    7.260448    0.036606    0.012957    0.036606    0.032083    0.000000    0.000000    0.000000    0.000000    0.000000    0.000000
  -7.99667    7.284954    0.036388    0.012606    0.036388    0.032091    0.000000    0.000000    0.000000    0.000000    0.000000    0.000000
  -7.99066    7.173623    0.035496    0.012025    0.035496    0.031501    0.000000    0.000000    0.000000    0.000000    0.000000    0.000000
  -7.98466    6.932620    0.033979    0.011247    0.033979    0.030347    0.000000    0.000000    0.000000    0.000000    0.000000    0.000000
  -7.97866    6.575083    0.031921    0.010314    0.031921    0.028691    0.000000    0.000000    0.000000    0.000000    0.000000    0.000000
  -7.97266    6.119930    0.029430    0.009274    0.029430    0.026622    0.000000    0.000000    0.000000    0.000000    0.000000    0.000000
  -7.96666    5.590214    0.026627    0.008177    0.026627    0.024242    0.000000    0.000000    0.000000    0.000000    0.000000    0.000000
  -7.96065    5.011194    0.023644    0.007069    0.023644    0.021665    0.000000    0.000000    0.000000    0.000000    0.000000    0.000000
  -7.95465    4.408368    0.020604    0.005993    0.020604    0.019001    0.000000    0.000000    0.000000    0.000000    0.000000    0.000000
  -7.94865    3.805663    0.017621    0.004982    0.017621    0.016354    0.000000    0.000000    0.000000    0.000000    0.000000    0.000000
  -7.94265    3.223962    0.014790    0.004061    0.014790    0.013813    0.000000    0.000000    0.000000    0.000000    0.000000    0.000000
  -7.93665    2.680073    0.012182    0.003246    0.012182    0.011450    0.000000    0.000000    0.000000    0.000000    0.000000    0.000000
  -7.93064    2.186201    0.009848    0.002545    0.009848    0.009314    0.000000    0.000000    0.000000    0.000000    0.000000    0.000000
  -7.92464    1.749884    0.007813    0.001957    0.007813    0.007434    0.000000    0.000000    0.000000    0.000000    0.000000    0.000000
  -7.91864    1.374339    0.006083    0.001475    0.006083    0.005823    0.000000    0.000000    0.000000    0.000000    0.000000    0.000000
  -7.91264    1.059094    0.004648    0.001091    0.004648    0.004476    0.000000    0.000000    0.000000    0.000000    0.000000    0.000000
  -7.90664    0.800807    0.003486    0.000791    0.003486    0.003376    0.000000    0.000000    0.000000    0.000000    0.000000    0.000000
  -7.90063    0.594136    0.002566    0.000563    0.002566    0.002499    0.000000    0.000000    0.000000    0.000000    0.000000    0.000000
  -7.89463    0.432573    0.001854    0.000394    0.001854    0.001815    0.000000    0.000000    0.000000    0.000000    0.000000    0.000000
  -7.88863    0.309176    0.001316    0.000271    0.001316    0.001296    0.000000    0.000000    0.000000    0.000000    0.000000    0.000000
  -7.88263    0.217152    0.000920    0.000184    0.000920    0.000910    0.000000    0.000000    0.000000    0.000000    0.000000    0.000000
  -7.87663    0.150278    0.000637    0.000126    0.000637    0.000632    0.000000    0.000000    0.000000    0.000000    0.000000    0.000000
  -7.87062    0.103183    0.000443    0.000089    0.000443    0.000439    0.000000    0.000000    0.000000    0.000000    0.000000    0.000000
  -7.86462    0.071505    0.000319    0.000069    0.000319    0.000314    0.000000    0.000000    0.000000    0.000000    0.000000    0.000000
  -7.85862    0.051969    0.000255    0.000066    0.000255    0.000245    0.000000    0.000000    0.000000    0.000000    0.000000    0.000000
  -7.85262    0.042415    0.000242    0.000077    0.000242    0.000226    0.000000    0.000000    0.000000    0.000000    0.000000    0.000000
  -7.84662    0.041808    0.000283    0.000107    0.000283    0.000255    0.000000    0.000000    0.000000    0.000000    0.000000    0.000000
  -7.84061    0.050262    0.000386    0.000161    0.000386    0.000340    0.000000    0.000000    0.000000    0.000000    0.000000    0.000000
  -7.83461    0.069087    0.000567    0.000246    0.000567    0.000494    0.000000    0.000000    0.000000    0.000000    0.000000    0.000000
  -7.82861    0.100864    0.000851    0.000374    0.000851    0.000738    0.000000    0.000000    0.000000    0.000000    0.000000    0.000000
  -7.82261    0.149535    0.001275    0.000562    0.001275    0.001105    0.000000    0.000000    0.000000    0.000000    0.000000    0.000000
  -7.81661    0.220485    0.001885    0.000830    0.001885    0.001634    0.000000    0.000000    0.000000    0.000000    0.000000    0.000000
  -7.81060    0.320573    0.002740    0.001202    0.002740    0.002376    0.000000    0.000000    0.000000    0.000000    0.000000    0.000000
  -7.80460    0.458078    0.003909    0.001707    0.003909    0.003393    0.000000    0.000000    0.000000    0.000000    0.000000    0.000000
  -7.79860    0.642493    0.005472    0.002376    0.005472    0.004754    0.000000    0.000000    0.000000    0.000000    0.000000    0.000000
  -7.79260    0.884129    0.007513    0.003243    0.007513    0.006533    0.000000    0.000000    0.000000    0.000000    0.000000    0.000000
  -7.78660    1.193476    0.010115    0.004338    0.010115    0.008806    0.000000    0.000000    0.000000    0.000000    0.000000    0.000000
  -7.78059    1.580337    0.013358    0.005689    0.013358    0.011642    0.000000    0.000000    0.000000    0.000000    0.000000    0.000000
  -7.77459    2.052716    0.017300    0.007313    0.017300    0.015096    0.000000    0.000000    0.000000    0.000000    0.000000    0.000000
  -7.76859    2.615563    0.021974    0.009215    0.021974    0.019201    0.000000    0.000000    0.000000    0.000000    0.000000    0.000000
  -7.76259    3.269460    0.027378    0.011382    0.027378    0.023956    0.000000    0.000000    0.000000    0.000000    0.000000    0.000000
  -7.75659    4.009405    0.033457    0.013782    0.033457    0.029319    0.000000    0.000000    0.000000    0.000000    0.000000    0.000000
  -7.75058    4.823883    0.040105    0.016359    0.040105    0.035201    0.000000    0.000000    0.000000    0.000000    0.000000    0.000000
  -7.74458    5.694381    0.047158    0.019034    0.047158    0.041461    0.000000    0.000000    0.000000    0.000000    0.000000    0.000000
  -7.73858    6.595529    0.054397    0.021709    0.054397    0.047910    0.000000    0.000000    0.000000    0.000000    0.000000    0.000000
  -7.73258    7.495950    0.061557    0.024272    0.061557    0.054317    0.000000    0.000000    0.000000    0.000000    0.000000    0.000000
  -7.72658    8.359847    0.068342    0.026603    0.068342    0.060421    0.000000    0.000000    0.000000    0.000000    0.000000    0.000000
  -7.72057    9.149240    0.074441    0.028583    0.074441    0.065949    0.000000    0.000000    0.000000    0.000000    0.000000    0.000000
  -7.71457    9.826685    0.079558    0.030105    0.079558    0.070634    0.000000    0.000000    0.000000    0.000000    0.000000    0.000000
  -7.70857   10.358196    0.083429    0.031082    0.083429    0.074237    0.000000    0.000000    0.000000    0.000000    0.000000    0.000000
  -7.70257   10.716070    0.085849    0.031460    0.085849    0.076570    0.000000    0.000000    0.000000    0.000000    0.000000    0.000000
  -7.69657   10.881277    0.086687    0.031215    0.086687    0.077507    0.000000    0.000000    0.000000    0.000000    0.000000    0.000000
  -7.69056   10.845126    0.085901    0.030362    0.085901    0.076999    0.000000    0.000000    0.000000    0.000000    0.000000    0.000000
  -7.68456   10.610022    0.083539    0.028951    0.083539    0.075079    0.000000    0.000000    0.000000    0.000000    0.000000    0.000000
  -7.67856   10.189202    0.079734    0.027063    0.079734    0.071855    0.000000    0.000000    0.000000    0.000000    0.000000    0.000000
  -7.67256    9.605503    0.074693    0.024801    0.074693    0.067501    0.000000    0.000000    0.000000    0.000000    0.000000    0.000000
  -7.66656    8.889317    0.068678    0.022281    0.068678    0.062244    0.000000    0.000000    0.000000    0.000000    0.000000    0.000000
  -7.66055    8.075986    0.061983    0.019624    0.061983    0.056343    0.000000    0.000000    0.000000    0.000000    0.000000    0.000000
  -7.65455    7.202950    0.054912    0.016944    0.054912    0.050066    0.000000    0.000000    0.000000    0.000000    0.000000    0.000000
  -7.64855    6.306956    0.047754    0.014343    0.047754    0.043674    0.000000    0.000000    0.000000    0.000000    0.000000    0.000000
  -7.64255    5.421612    0.040767    0.011904    0.040767    0.037401    0.000000    0.000000    0.000000    0.000000    0.000000    0.000000
  -7.63655    4.575506    0.034165    0.009685    0.034165    0.031444    0.000000    0.000000    0.000000    0.000000    0.000000    0.000000
  -7.63054    3.790989    0.028109    0.007726    0.028109    0.025953    0.000000    0.000000    0.000000    0.000000    0.000000    0.000000
  -7.62454    3.083664    0.022703    0.006042    0.022703    0.021030    0.000000    0.000000    0.000000    0.000000    0.000000    0.000000
  -7.61854    2.462517    0.018003    0.004633    0.018003    0.016730    0.000000    0.000000    0.000000    0.000000    0.000000    0.000000
  -7.61254    1.930560    0.014015    0.003484    0.014015    0.013066    0.000000    0.000000    0.000000    0.000000    0.000000    0.000000
  -7.60654    1.485839    0.010711    0.002568    0.010711    0.010018    0.000000    0.000000    0.000000    0.000000    0.000000    0.000000
  -7.60053    1.122626    0.008037    0.001856    0.008037    0.007541    0.000000    0.000000    0.000000    0.000000    0.000000    0.000000
  -7.59453    0.832649    0.005920    0.001315    0.005920    0.005573    0.000000    0.000000    0.000000    0.000000    0.000000    0.000000
  -7.58853    0.606233    0.004281    0.000914    0.004281    0.004043    0.000000    0.000000    0.000000    0.000000    0.000000    0.000000
  -7.58253    0.433265    0.003040    0.000623    0.003040    0.002879    0.000000    0.000000    0.000000    0.000000    0.000000    0.000000
  -7.57653    0.303940    0.002119    0.000416    0.002119    0.002013    0.000000    0.000000    0.000000    0.000000    0.000000    0.000000
  -7.57052    0.209279    0.001450    0.000273    0.001450    0.001381    0.000000    0.000000    0.000000    0.000000    0.000000    0.000000
  -7.56452    0.141432    0.000974    0.000175    0.000974    0.000931    0.000000    0.000000    0.000000    0.000000    0.000000    0.000000
  -7.55852    0.093808    0.000642    0.000110    0.000642    0.000615    0.000000    0.000000    0.000000    0.000000    0.000000    0.000000
  -7.55252    0.061063    0.000415    0.000068    0.000415    0.000399    0.000000    0.000000    0.000000    0.000000    0.000000    0.000000
  -7.54652    0.039007    0.000264    0.000041    0.000264    0.000254    0.000000    0.000000    0.000000    0.000000    0.000000    0.000000
  -7.54051    0.024452    0.000165    0.000025    0.000165    0.000159    0.000000    0.000000    0.000000    0.000000    0.000000    0.000000
  -7.53451    0.015041    0.000101    0.000014    0.000101    0.000098    0.000000    0.000000    0.000000    0.000000    0.000000    0.000000
  -7.52851    0.009078    0.000060    0.000008    0.000060    0.000059    0.000000    0.000000    0.000000    0.000000    0.000000    0.000000
  -7.52251    0.005376    0.000036    0.000005    0.000036    0.000035    0.000000    0.000000    0.000000    0.000000    0.000000    0.000000
  -7.51651    0.003124    0.000021    0.000003    0.000021    0.000020    0.000000    0.000000    0.000000    0.000000    0.000000    0.000000
  -7.51050    0.001781    0.000012    0.000001    0.000012    0.000011    0.000000    0.000000    0.000000    0.000000    0.000000    0.000000
  -7.50450    0.000996    0.000007    0.000001    0.000007    0.000006    0.000000    0.000000    0.000000    0.000000    0.000000    0.000000
  -7.49850    0.000547    0.000004    0.000000    0.000004    0.000004    0.000000    0.000000    0.000000    0.000000    0.000000    0.000000
  -7.49250    0.000295    0.000002    0.000000    0.000002    0.000002    0.000000    0.000000    0.000000    0.000000    0.000000    0.000000
  -7.48650    0.000157    0.000001    0.000000    0.000001    0.000001    0.000000    0.000000    0.000000    0.000000    0.000000    0.000000
  -7.48049    0.000084    0.000001    0.000000    0.000001    0.000001    0.000000    0.000000    0.000000    0.000000    0.000000    0.000000
  -7.47449    0.000047    0.000000    0.000000    0.000000    0.000000    0.000000    0.000000    0.000000    0.000000    0.000000    0.000000
  -7.46849    0.000034    0.000000    0.000000    0.000000    0.000000    0.000000    0.000000    0.000000    0.000000    0.000000    0.000000
  -7.46249    0.000037    0.000001    0.000000    0.000001    0.000001    0.000000    0.000000    0.000000    0.000000    0.000000    0.000000
  -7.45649    0.000059    0.000001    0.000000    0.000001    0.000001    0.000000    0.000000    0.000000    0.000000    0.000000    0.000000
  -7.45048    0.000107    0.000002    0.000000    0.000002    0.000003    0.000000    0.000000    0.000000    0.000000    0.000000    0.000000
  -7.44448    0.000198    0.000004    0.000000    0.000004    0.000005    0.000000    0.000000    0.000000    0.000000    0.000000    0.000000
  -7.43848    0.000366    0.000007    0.000001    0.000007    0.000009    0.000000    0.000000    0.000000    0.000000    0.000000    0.000000
  -7.43248    0.000665    0.000012    0.000001    0.000012    0.000016    0.000000    0.000000    0.000000    0.000000    0.000000    0.000000
  -7.42648    0.001185    0.000022    0.000002    0.000022    0.000028    0.000000    0.000000    0.000000    0.000000    0.000000    0.000000
  -7.42047    0.002070    0.000038    0.000004    0.000038    0.000050    0.000000    0.000000    0.000000    0.000000    0.000000    0.000000
  -7.41447    0.003543    0.000065    0.000006    0.000065    0.000085    0.000000    0.000000    0.000000    0.000000    0.000000    0.000000
  -7.40847    0.005944    0.000109    0.000011    0.000109    0.000142    0.000000    0.000000    0.000000    0.000000    0.000000    0.000000
  -7.40247    0.009777    0.000180    0.000017    0.000180    0.000234    0.000000    0.000000    0.000000    0.000000    0.000000    0.000000
  -7.39647    0.015764    0.000290    0.000028    0.000290    0.000378    0.000000    0.000000    0.000000    0.000000    0.000000    0.000000
  -7.39046    0.024912    0.000459    0.000044    0.000459    0.000597    0.000000    0.000000    0.000000    0.000000    0.000000    0.000000
  -7.38446    0.038592    0.000710    0.000068    0.000710    0.000925    0.000000    0.000000    0.000000    0.000000    0.000000    0.000000
  -7.37846    0.058601    0.001079    0.000104    0.001079    0.001404    0.000000    0.000000    0.000000    0.000000    0.000000    0.000000
  -7.37246    0.087224    0.001606    0.000154    0.001606    0.002090    0.000000    0.000000    0.000000    0.000000    0.000000    0.000000
  -7.36646    0.127259    0.002343    0.000225    0.002343    0.003049    0.000000    0.000000    0.000000    0.000000    0.000000    0.000000
  -7.36045    0.182000    0.003351    0.000322    0.003351    0.004361    0.000000    0.000000    0.000000    0.000000    0.000000    0.000000
  -7.35445    0.255138    0.004697    0.000451    0.004697    0.006113    0.000000    0.000000    0.000000    0.000000    0.000000    0.000000
  -7.34845    0.350595    0.006455    0.000620    0.006455    0.008400    0.000000    0.000000    0.000000    0.000000    0.000000    0.000000
  -7.34245    0.472236    0.008694    0.000835    0.008694    0.011314    0.000000    0.000000    0.000000    0.000000    0.000000    0.000000
  -7.33645    0.623503    0.011479    0.001102    0.011479    0.014938    0.000000    0.000000    0.000000    0.000000    0.000000    0.000000
  -7.33044    0.806941    0.014856    0.001427    0.014856    0.019333    0.000000    0.000000    0.000000    0.000000    0.000000    0.000000
  -7.32444    1.023694    0.018847    0.001810    0.018847    0.024527    0.000000    0.000000    0.000000    0.000000    0.000000    0.000000
  -7.31844    1.272984    0.023436    0.002251    0.023436    0.030499    0.000000    0.000000    0.000000    0.000000    0.000000    0.000000
  -7.31244    1.551675    0.028567    0.002743    0.028567    0.037176    0.000000    0.000000    0.000000    0.000000    0.000000    0.000000
  -7.30644    1.853974    0.034133    0.003278    0.034133    0.044419    0.000000    0.000000    0.000000    0.000000    0.000000    0.000000
  -7.30043    2.171360    0.039977    0.003839    0.039977    0.052023    0.000000    0.000000    0.000000    0.000000    0.000000    0.000000
  -7.29443    2.492790    0.045896    0.004407    0.045896    0.059724    0.000000    0.000000    0.000000    0.000000    0.000000    0.000000
  -7.28843    2.805216    0.051650    0.004960    0.051650    0.067208    0.000000    0.000000    0.000000    0.000000    0.000000    0.000000
  -7.28243    3.094390    0.056978    0.005471    0.056978    0.074135    0.000000    0.000000    0.000000    0.000000    0.000000    0.000000
  -7.27643    3.345908    0.061615    0.005916    0.061615    0.080159    0.000000    0.000000    0.000000    0.000000    0.000000    0.000000
  -7.27042    3.546394    0.065317    0.006271    0.065317    0.084958    0.000000    0.000000    0.000000    0.000000    0.000000    0.000000
  -7.26442    3.684684    0.067881    0.006517    0.067881    0.088265    0.000000    0.000000    0.000000    0.000000    0.000000    0.000000
  -7.25842    3.752874    0.069167    0.006639    0.069167    0.089887    0.000000    0.000000    0.000000    0.000000    0.000000    0.000000
  -7.25242    3.747096    0.069109    0.006632    0.069109    0.089731    0.000000    0.000000    0.000000    0.000000    0.000000    0.000000
  -7.24642    3.667926    0.067726    0.006496    0.067726    0.087806    0.000000    0.000000    0.000000    0.000000    0.000000    0.000000
  -7.24041    3.520357    0.065125    0.006241    0.065125    0.084227    0.000000    0.000000    0.000000    0.000000    0.000000    0.000000
  -7.23441    3.313358    0.061487    0.005885    0.061487    0.079204    0.000000    0.000000    0.000000    0.000000    0.000000    0.000000
  -7.22841    3.059066    0.057058    0.005449    0.057058    0.073017    0.000000    0.000000    0.000000    0.000000    0.000000    0.000000
  -7.22241    2.771726    0.052130    0.004961    0.052130    0.065998    0.000000    0.000000    0.000000    0.000000    0.000000    0.000000
  -7.21641    2.466510    0.047019    0.004449    0.047019    0.058497    0.000000    0.000000    0.000000    0.000000    0.000000    0.000000
  -7.21040    2.158353    0.042040    0.003943    0.042040    0.050856    0.000000    0.000000    0.000000    0.000000    0.000000    0.000000
  -7.20440    1.860924    0.037494    0.003468    0.037494    0.043384    0.000000    0.000000    0.000000    0.000000    0.000000    0.000000
  -7.19840    1.585829    0.033644    0.003048    0.033644    0.036341    0.000000    0.000000    0.000000    0.000000    0.000000    0.000000
  -7.19240    1.342089    0.030707    0.002703    0.030707    0.029924    0.000000    0.000000    0.000000    0.000000    0.000000    0.000000
  -7.18640    1.135896    0.028842    0.002445    0.028842    0.024266    0.000000    0.000000    0.000000    0.000000    0.000000    0.000000
  -7.18039    0.970623    0.028143    0.002283    0.028143    0.019433    0.000000    0.000000    0.000000    0.000000    0.000000    0.000000
  -7.17439    0.847028    0.028642    0.002219    0.028642    0.015437    0.000000    0.000000    0.000000    0.000000    0.000000    0.000000
  -7.16839    0.763601    0.030300    0.002251    0.030300    0.012244    0.000000    0.000000    0.000000    0.000000    0.000000    0.000000
  -7.16239    0.716987    0.033016    0.002372    0.033016    0.009788    0.000000    0.000000    0.000000    0.000000    0.000000    0.000000
  -7.15639    0.702442    0.036628    0.002571    0.036628    0.007979    0.000000    0.000000    0.000000    0.000000    0.000000    0.000000
  -7.15038    0.714301    0.040921    0.002835    0.040921    0.006719    0.000000    0.000000    0.000000    0.000000    0.000000    0.000000
  -7.14438    0.746427    0.045635    0.003149    0.045635    0.005908    0.000000    0.000000    0.000000    0.000000    0.000000    0.000000
  -7.13838    0.792659    0.050484    0.003500    0.050484    0.005454    0.000000    0.000000    0.000000    0.000000    0.000000    0.000000
  -7.13238    0.847245    0.055168    0.003874    0.055168    0.005278    0.000000    0.000000    0.000000    0.000000    0.000000    0.000000
  -7.12638    0.905267    0.059397    0.004264    0.059397    0.005318    0.000000    0.000000    0.000000    0.000000    0.000000    0.000000
  -7.12037    0.963038    0.062912    0.004668    0.062912    0.005533    0.000000    0.000000    0.000000    0.000000    0.000000    0.000000
  -7.11437    1.018473    0.065506    0.005094    0.065506    0.005906    0.000000    0.000000    0.000000    0.000000    0.000000    0.000000
  -7.10837    1.071379    0.067044    0.005561    0.067044    0.006443    0.000000    0.000000    0.000000    0.000000    0.000000    0.000000
  -7.10237    1.123653    0.067477    0.006096    0.067477    0.007177    0.000000    0.000000    0.000000    0.000000    0.000000    0.000000
  -7.09637    1.179350    0.066849    0.006742    0.066849    0.008167    0.000000    0.000000    0.000000    0.000000    0.000000    0.000000
  -7.09036    1.244594    0.065296    0.007550    0.065296    0.009495    0.000000    0.000000    0.000000    0.000000    0.000000    0.000000
  -7.08436    1.327332    0.063043    0.008579    0.063043    0.011270    0.000000    0.000000    0.000000    0.000000    0.000000    0.000000
  -7.07836    1.436923    0.060390    0.009895    0.060390    0.013619    0.000000    0.000000    0.000000    0.000000    0.000000    0.000000
  -7.07236    1.583608    0.057689    0.011562    0.057689    0.016689    0.000000    0.000000    0.000000    0.000000    0.000000    0.000000
  -7.06636    1.777876    0.055329    0.013637    0.055329    0.020638    0.000000    0.000000    0.000000    0.000000    0.000000    0.000000
  -7.06035    2.029792    0.053713    0.016166    0.053713    0.025633    0.000000    0.000000    0.000000    0.000000    0.000000    0.000000
  -7.05435    2.348330    0.053236    0.019178    0.053236    0.031842    0.000000    0.000000    0.000000    0.000000    0.000000    0.000000
  -7.04835    2.740753    0.054270    0.022676    0.054270    0.039424    0.000000    0.000000    0.000000    0.000000    0.000000    0.000000
  -7.04235    3.212073    0.057147    0.026638    0.057147    0.048524    0.000000    0.000000    0.000000    0.000000    0.000000    0.000000
  -7.03635    3.764603    0.062143    0.031013    0.062143    0.059259    0.000000    0.000000    0.000000    0.000000    0.000000    0.000000
  -7.03034    4.397593    0.069471    0.035720    0.069471    0.071706    0.000000    0.000000    0.000000    0.000000    0.000000    0.000000
  -7.02434    5.106939    0.079261    0.040655    0.079261    0.085890    0.000000    0.000000    0.000000    0.000000    0.000000    0.000000
  -7.01834    5.884937    0.091549    0.045691    0.091549    0.101765    0.000000    0.000000    0.000000    0.000000    0.000000    0.000000
  -7.01234    6.720084    0.106259    0.050684    0.106259    0.119196    0.000000    0.000000    0.000000    0.000000    0.000000    0.000000
  -7.00634    7.596940    0.123192    0.055485    0.123192    0.137949    0.000000    0.000000    0.000000    0.000000    0.000000    0.000000
  -7.00033    8.496089    0.142009    0.059941    0.142009    0.157674    0.000000    0.000000    0.000000    0.000000    0.000000    0.000000
  -6.99433    9.394287    0.162228    0.063907    0.162228    0.177902    0.000000    0.000000    0.000000    0.000000    0.000000    0.000000
  -6.98833   10.264897    0.183229    0.067251    0.183229    0.198048    0.000000    0.000000    0.000000    0.000000    0.000000    0.000000
  -6.98233   11.078694    0.204275    0.069859    0.204275    0.217433    0.000000    0.000000    0.000000    0.000000    0.000000    0.000000
  -6.97633   11.805119    0.224546    0.071644    0.224546    0.235308    0.000000    0.000000    0.000000    0.000000    0.000000    0.000000
  -6.97032   12.413988    0.243191    0.072550    0.243191    0.250903    0.000000    0.000000    0.000000    0.000000    0.000000    0.000000
  -6.96432   12.877569    0.259395    0.072555    0.259395    0.263483    0.000000    0.000000    0.000000    0.000000    0.000000    0.000000
  -6.95832   13.172880    0.272453    0.071678    0.272453    0.272404    0.000000    0.000000    0.000000    0.000000    0.000000    0.000000
  -6.95232   13.283949    0.281839    0.069975    0.281839    0.277177    0.000000    0.000000    0.000000    0.000000    0.000000    0.000000
  -6.94632   13.203741    0.287273    0.067547    0.287273    0.277520    0.000000    0.000000    0.000000    0.000000    0.000000    0.000000
  -6.94031   12.935469    0.288763    0.064531    0.288763    0.273392    0.000000    0.000000    0.000000    0.000000    0.000000    0.000000
  -6.93431   12.493020    0.286619    0.061097    0.286619    0.265007    0.000000    0.000000    0.000000    0.000000    0.000000    0.000000
  -6.92831   11.900365    0.281439    0.057441    0.281439    0.252826    0.000000    0.000000    0.000000    0.000000    0.000000    0.000000
  -6.92231   11.189934    0.274057    0.053771    0.274057    0.237520    0.000000    0.000000    0.000000    0.000000    0.000000    0.000000
  -6.91631   10.400073    0.265468    0.050294    0.265468    0.219916    0.000000    0.000000    0.000000    0.000000    0.000000    0.000000
  -6.91030    9.571877    0.256724    0.047199    0.256724    0.200925    0.000000    0.000000    0.000000    0.000000    0.000000    0.000000
  -6.90430    8.745722    0.248825    0.044643    0.248825    0.181465    0.000000    0.000000    0.000000    0.000000    0.000000    0.000000
  -6.89830    7.957933    0.242612    0.042737    0.242612    0.162390    0.000000    0.000000    0.000000    0.000000    0.000000    0.000000
  -6.89230    7.237940    0.238675    0.041536    0.238675    0.144421    0.000000    0.000000    0.000000    0.000000    0.000000    0.000000
  -6.88630    6.606269    0.237288    0.041035    0.237288    0.128106    0.000000    0.000000    0.000000    0.000000    0.000000    0.000000
  -6.88029    6.073544    0.238377    0.041164    0.238377    0.113792    0.000000    0.000000    0.000000    0.000000    0.000000    0.000000
  -6.87429    5.640581    0.241538    0.041802    0.241538    0.101626    0.000000    0.000000    0.000000    0.000000    0.000000    0.000000
  -6.86829    5.299504    0.246077    0.042782    0.246077    0.091572    0.000000    0.000000    0.000000    0.000000    0.000000    0.000000
  -6.86229    5.035698    0.251096    0.043915    0.251096    0.083447    0.000000    0.000000    0.000000    0.000000    0.000000    0.000000
  -6.85629    4.830322    0.255594    0.045003    0.255594    0.076969    0.000000    0.000000    0.000000    0.000000    0.000000    0.000000
  -6.85028    4.663082    0.258582    0.045863    0.258582    0.071809    0.000000    0.000000    0.000000    0.000000    0.000000    0.000000
  -6.84428    4.514921    0.259191    0.046350    0.259191    0.067639    0.000000    0.000000    0.000000    0.000000    0.000000    0.000000
  -6.83828    4.370359    0.256764    0.046368    0.256764    0.064181    0.000000    0.000000    0.000000    0.000000    0.000000    0.000000
  -6.83228    4.219259    0.250927    0.045887    0.250927    0.061237    0.000000    0.000000    0.000000    0.000000    0.000000    0.000000
  -6.82628    4.057863    0.241619    0.044946    0.241619    0.058715    0.000000    0.000000    0.000000    0.000000    0.000000    0.000000
  -6.82027    3.889061    0.229090    0.043654    0.229090    0.056637    0.000000    0.000000    0.000000    0.000000    0.000000    0.000000
  -6.81427    3.721914    0.213868    0.042178    0.213868    0.055134    0.000000    0.000000    0.000000    0.000000    0.000000    0.000000
  -6.80827    3.570523    0.196695    0.040736    0.196695    0.054429    0.000000    0.000000    0.000000    0.000000    0.000000    0.000000
  -6.80227    3.452386    0.178447    0.039572    0.178447    0.054813    0.000000    0.000000    0.000000    0.000000    0.000000    0.000000
  -6.79627    3.386430    0.160052    0.038940    0.160052    0.056614    0.000000    0.000000    0.000000    0.000000    0.000000    0.000000
  -6.79026    3.390877    0.142397    0.039077    0.142397    0.060154    0.000000    0.000000    0.000000    0.000000    0.000000    0.000000
  -6.78426    3.481153    0.126265    0.040182    0.126265    0.065717    0.000000    0.000000    0.000000    0.000000    0.000000    0.000000
  -6.77826    3.667988    0.112272    0.042395    0.112272    0.073505    0.000000    0.000000    0.000000    0.000000    0.000000    0.000000
  -6.77226    3.955883    0.100835    0.045781    0.100835    0.083611    0.000000    0.000000    0.000000    0.000000    0.000000    0.000000
  -6.76626    4.342068    0.092161    0.050319    0.092161    0.095992    0.000000    0.000000    0.000000    0.000000    0.000000    0.000000
  -6.76025    4.816069    0.086252    0.055895    0.086252    0.110457    0.000000    0.000000    0.000000    0.000000    0.000000    0.000000
  -6.75425    5.359969    0.082931    0.062306    0.082931    0.126664    0.000000    0.000000    0.000000    0.000000    0.000000    0.000000
  -6.74825    5.949376    0.081881    0.069272    0.081881    0.144143    0.000000    0.000000    0.000000    0.000000    0.000000    0.000000
  -6.74225    6.555080    0.082688    0.076454    0.082688    0.162321    0.000000    0.000000    0.000000    0.000000    0.000000    0.000000
  -6.73625    7.145282    0.084897    0.083480    0.084897    0.180575    0.000000    0.000000    0.000000    0.000000    0.000000    0.000000
  -6.73024    7.688214    0.088054    0.089970    0.088054    0.198279    0.000000    0.000000    0.000000    0.000000    0.000000    0.000000
  -6.72424    8.154900    0.091756    0.095577    0.091756    0.214875    0.000000    0.000000    0.000000    0.000000    0.000000    0.000000
  -6.71824    8.521756    0.095683    0.100009    0.095683    0.229919    0.000000    0.000000    0.000000    0.000000    0.000000    0.000000
  -6.71224    8.772740    0.099623    0.103061    0.099623    0.243137    0.000000    0.000000    0.000000    0.000000    0.000000    0.000000
  -6.70624    8.900771    0.103483    0.104631    0.103483    0.254446    0.000000    0.000000    0.000000    0.000000    0.000000    0.000000
  -6.70023    8.908243    0.107284    0.104726    0.107284    0.263962    0.000000    0.000000    0.000000    0.000000    0.000000    0.000000
  -6.69423    8.806567    0.111145    0.103466    0.111145    0.271976    0.000000    0.000000    0.000000    0.000000    0.000000    0.000000
  -6.68823    8.614786    0.115253    0.101061    0.115253    0.278913    0.000000    0.000000    0.000000    0.000000    0.000000    0.000000
  -6.68223    8.357470    0.119831    0.097796    0.119831    0.285268    0.000000    0.000000    0.000000    0.000000    0.000000    0.000000
  -6.67623    8.062157    0.125102    0.094002    0.125102    0.291529    0.000000    0.000000    0.000000    0.000000    0.000000    0.000000
  -6.67022    7.756700    0.131252    0.090023    0.131252    0.298112    0.000000    0.000000    0.000000    0.000000    0.000000    0.000000
  -6.66422    7.466829    0.138408    0.086191    0.138408    0.305296    0.000000    0.000000    0.000000    0.000000    0.000000    0.000000
  -6.65822    7.214232    0.146619    0.082799    0.146619    0.313186    0.000000    0.000000    0.000000    0.000000    0.000000    0.000000
  -6.65222    7.015331    0.155856    0.080087    0.155856    0.321697    0.000000    0.000000    0.000000    0.000000    0.000000    0.000000
  -6.64622    6.880803    0.166018    0.078231    0.166018    0.330577    0.000000    0.000000    0.000000    0.000000    0.000000    0.000000
  -6.64021    6.815795    0.176947    0.077343    0.176947    0.339439    0.000000    0.000000    0.000000    0.000000    0.000000    0.000000
  -6.63421    6.820672    0.188448    0.077474    0.188448    0.347828    0.000000    0.000000    0.000000    0.000000    0.000000    0.000000
  -6.62821    6.892061    0.200312    0.078622    0.200312    0.355286    0.000000    0.000000    0.000000    0.000000    0.000000    0.000000
  -6.62221    7.023979    0.212322    0.080742    0.212322    0.361415    0.000000    0.000000    0.000000    0.000000    0.000000    0.000000
  -6.61621    7.208818    0.224266    0.083753    0.224266    0.365940    0.000000    0.000000    0.000000    0.000000    0.000000    0.000000
  -6.61020    7.438070    0.235928    0.087552    0.235928    0.368733    0.000000    0.000000    0.000000    0.000000    0.000000    0.000000
  -6.60420    7.702734    0.247085    0.092011    0.247085    0.369839    0.000000    0.000000    0.000000    0.000000    0.000000    0.000000
  -6.59820    7.993443    0.257494    0.096986    0.257494    0.369455    0.000000    0.000000    0.000000    0.000000    0.000000    0.000000
  -6.59220    8.300423    0.266879    0.102320    0.266879    0.367910    0.000000    0.000000    0.000000    0.000000    0.000000    0.000000
  -6.58620    8.613401    0.274937    0.107845    0.274937    0.365620    0.000000    0.000000    0.000000    0.000000    0.000000    0.000000
  -6.58019    8.921607    0.281340    0.113385    0.281340    0.363043    0.000000    0.000000    0.000000    0.000000    0.000000    0.000000
  -6.57419    9.213971    0.285763    0.118768    0.285763    0.360630    0.000000    0.000000    0.000000    0.000000    0.000000    0.000000
  -6.56819    9.479556    0.287914    0.123826    0.287914    0.358785    0.000000    0.000000    0.000000    0.000000    0.000000    0.000000
  -6.56219    9.708209    0.287575    0.128415    0.287575    0.357840    0.000000    0.000000    0.000000    0.000000    0.000000    0.000000
  -6.55619    9.891365    0.284646    0.132414    0.284646    0.358028    0.000000    0.000000    0.000000    0.000000    0.000000    0.000000
  -6.55018   10.022901    0.279177    0.135743    0.279177    0.359486    0.000000    0.000000    0.000000    0.000000    0.000000    0.000000
  -6.54418   10.099918    0.271400    0.138366    0.271400    0.362261    0.000000    0.000000    0.000000    0.000000    0.000000    0.000000
  -6.53818   10.123336    0.261736    0.140301    0.261736    0.366327    0.000000    0.000000    0.000000    0.000000    0.000000    0.000000
  -6.53218   10.098234    0.250785    0.141617    0.250785    0.371619    0.000000    0.000000    0.000000    0.000000    0.000000    0.000000
  -6.52618   10.033859    0.239307    0.142440    0.239307    0.378062    0.000000    0.000000    0.000000    0.000000    0.000000    0.000000
  -6.52017    9.943318    0.228180    0.142949    0.228180    0.385609    0.000000    0.000000    0.000000    0.000000    0.000000    0.000000
  -6.51417    9.842933    0.218349    0.143371    0.218349    0.394276    0.000000    0.000000    0.000000    0.000000    0.000000    0.000000
  -6.50817    9.751323    0.210770    0.143978    0.210770    0.404164    0.000000    0.000000    0.000000    0.000000    0.000000    0.000000
  -6.50217    9.688260    0.206359    0.145069    0.206359    0.415476    0.000000    0.000000    0.000000    0.000000    0.000000    0.000000
  -6.49617    9.673372    0.205933    0.146969    0.205933    0.428512    0.000000    0.000000    0.000000    0.000000    0.000000    0.000000
  -6.49016    9.724788    0.210168    0.150000    0.210168    0.443648    0.000000    0.000000    0.000000    0.000000    0.000000    0.000000
  -6.48416    9.857834    0.219564    0.154473    0.219564    0.461305    0.000000    0.000000    0.000000    0.000000    0.000000    0.000000
  -6.47816   10.083880    0.234417    0.160660    0.234417    0.481903    0.000000    0.000000    0.000000    0.000000    0.000000    0.000000
  -6.47216   10.409465    0.254808    0.168775    0.254808    0.505808    0.000000    0.000000    0.000000    0.000000    0.000000    0.000000
  -6.46616   10.835783    0.280601    0.178955    0.280601    0.533287    0.000000    0.000000    0.000000    0.000000    0.000000    0.000000
  -6.46015   11.358594    0.311458    0.191241    0.311458    0.564468    0.000000    0.000000    0.000000    0.000000    0.000000    0.000000
  -6.45415   11.968565    0.346861    0.205565    0.346861    0.599316    0.000000    0.000000    0.000000    0.000000    0.000000    0.000000
  -6.44815   12.651993    0.386151    0.221749    0.386151    0.637618    0.000000    0.000000    0.000000    0.000000    0.000000    0.000000
  -6.44215   13.391811    0.428567    0.239503    0.428567    0.678990    0.000000    0.000000    0.000000    0.000000    0.000000    0.000000
  -6.43615   14.168719    0.473296    0.258438    0.473296    0.722890    0.000000    0.000000    0.000000    0.000000    0.000000    0.000000
  -6.43014   14.962313    0.519514    0.278077    0.519514    0.768628    0.000000    0.000000    0.000000    0.000000    0.000000    0.000000
  -6.42414   15.752038    0.566424    0.297879    0.566424    0.815392    0.000000    0.000000    0.000000    0.000000    0.000000    0.000000
  -6.41814   16.517913    0.613277    0.317263    0.613277    0.862252    0.000000    0.000000    0.000000    0.000000    0.000000    0.000000
  -6.41214   17.240980    0.659379    0.335630    0.659379    0.908177    0.000000    0.000000    0.000000    0.000000    0.000000    0.000000
  -6.40614   17.903543    0.704078    0.352393    0.704078    0.952043    0.000000    0.000000    0.000000    0.000000    0.000000    0.000000
  -6.40013   18.489309    0.746743    0.366999    0.746743    0.992654    0.000000    0.000000    0.000000    0.000000    0.000000    0.000000
  -6.39413   18.983565    0.786732    0.378960    0.786732    1.028769    0.000000    0.000000    0.000000    0.000000    0.000000    0.000000
  -6.38813   19.373546    0.823364    0.387869    0.823364    1.059156    0.000000    0.000000    0.000000    0.000000    0.000000    0.000000
  -6.38213   19.649072    0.855905    0.393428    0.855905    1.082666    0.000000    0.000000    0.000000    0.000000    0.000000    0.000000
  -6.37613   19.803490    0.883578    0.395468    0.883578    1.098319    0.000000    0.000000    0.000000    0.000000    0.000000    0.000000
  -6.37012   19.834824    0.905597    0.393959    0.905597    1.105406    0.000000    0.000000    0.000000    0.000000    0.000000    0.000000
  -6.36412   19.746982    0.921235    0.389025    0.921235    1.103596    0.000000    0.000000    0.000000    0.000000    0.000000    0.000000
  -6.35812   19.550776    0.929900    0.380944    0.929900    1.093010    0.000000    0.000000    0.000000    0.000000    0.000000    0.000000
  -6.35212   19.264488    0.931236    0.370139    0.931236    1.074282    0.000000    0.000000    0.000000    0.000000    0.000000    0.000000
  -6.34612   18.913769    0.925193    0.357161    0.925193    1.048561    0.000000    0.000000    0.000000    0.000000    0.000000    0.000000
  -6.34011   18.530693    0.912091    0.342654    0.912091    1.017467    0.000000    0.000000    0.000000    0.000000    0.000000    0.000000
  -6.33411   18.151946    0.892626    0.327319    0.892626    0.982994    0.000000    0.000000    0.000000    0.000000    0.000000    0.000000
  -6.32811   17.816254    0.867832    0.311860    0.867832    0.947360    0.000000    0.000000    0.000000    0.000000    0.000000    0.000000
  -6.32211   17.561302    0.838997    0.296935    0.838997    0.912839    0.000000    0.000000    0.000000    0.000000    0.000000    0.000000
  -6.31611   17.420479    0.807532    0.283109    0.807532    0.881566    0.000000    0.000000    0.000000    0.000000    0.000000    0.000000
  -6.31010   17.419876    0.774826    0.270811    0.774826    0.855361    0.000000    0.000000    0.000000    0.000000    0.000000    0.000000
  -6.30410   17.575904    0.742101    0.260309    0.742101    0.835580    0.000000    0.000000    0.000000    0.000000    0.000000    0.000000
  -6.29810   17.893855    0.710292    0.251702    0.710292    0.823015    0.000000    0.000000    0.000000    0.000000    0.000000    0.000000
  -6.29210   18.367576    0.679976    0.244931    0.679976    0.817846    0.000000    0.000000    0.000000    0.000000    0.000000    0.000000
  -6.28610   18.980272    0.651353    0.239803    0.651353    0.819664    0.000000    0.000000    0.000000    0.000000    0.000000    0.000000
  -6.28009   19.706288    0.624291    0.236038    0.624291    0.827533    0.000000    0.000000    0.000000    0.000000    0.000000    0.000000
  -6.27409   20.513599    0.598421    0.233312    0.598421    0.840115    0.000000    0.000000    0.000000    0.000000    0.000000    0.000000
  -6.26809   21.366650    0.573264    0.231312    0.573264    0.855803    0.000000    0.000000    0.000000    0.000000    0.000000    0.000000
  -6.26209   22.229184    0.548366    0.229782    0.548366    0.872885    0.000000    0.000000    0.000000    0.000000    0.000000    0.000000
  -6.25609   23.066729    0.523428    0.228549    0.523428    0.889685    0.000000    0.000000    0.000000    0.000000    0.000000    0.000000
  -6.25008   23.848524    0.498398    0.227553    0.498398    0.904700    0.000000    0.000000    0.000000    0.000000    0.000000    0.000000
  -6.24408   24.548770    0.473517    0.226838    0.473517    0.916699    0.000000    0.000000    0.000000    0.000000    0.000000    0.000000
  -6.23808   25.147196    0.449315    0.226545    0.449315    0.924788    0.000000    0.000000    0.000000    0.000000    0.000000    0.000000
  -6.23208   25.629033    0.426562    0.226880    0.426562    0.928441    0.000000    0.000000    0.000000    0.000000    0.000000    0.000000
  -6.22608   25.984548    0.406172    0.228081    0.406172    0.927489    0.000000    0.000000    0.000000    0.000000    0.000000    0.000000
  -6.22007   26.208289    0.389086    0.230370    0.389086    0.922082    0.000000    0.000000    0.000000    0.000000    0.000000    0.000000
  -6.21407   26.298203    0.376154    0.233918    0.376154    0.912619    0.000000    0.000000    0.000000    0.000000    0.000000    0.000000
  -6.20807   26.254743    0.368013    0.238802    0.368013    0.899664    0.000000    0.000000    0.000000    0.000000    0.000000    0.000000
  -6.20207   26.080067    0.364997    0.244983    0.364997    0.883852    0.000000    0.000000    0.000000    0.000000    0.000000    0.000000
  -6.19607   25.777373    0.367077    0.252281    0.367077    0.865794    0.000000    0.000000    0.000000    0.000000    0.000000    0.000000
  -6.19006   25.350445    0.373833    0.260382    0.373833    0.846005    0.000000    0.000000    0.000000    0.000000    0.000000    0.000000
  -6.18406   24.803415    0.384473    0.268841    0.384473    0.824840    0.000000    0.000000    0.000000    0.000000    0.000000    0.000000
  -6.17806   24.140800    0.397885    0.277115    0.397885    0.802473    0.000000    0.000000    0.000000    0.000000    0.000000    0.000000
  -6.17206   23.367827    0.412723    0.284599    0.412723    0.778907    0.000000    0.000000    0.000000    0.000000    0.000000    0.000000
  -6.16606   22.491038    0.427526    0.290680    0.427526    0.754011    0.000000    0.000000    0.000000    0.000000    0.000000    0.000000
  -6.16005   21.519140    0.440838    0.294795    0.440838    0.727600    0.000000    0.000000    0.000000    0.000000    0.000000    0.000000
  -6.15405   20.464018    0.451355    0.296489    0.451355    0.699523    0.000000    0.000000    0.000000    0.000000    0.000000    0.000000
  -6.14805   19.341764    0.458046    0.295473    0.458046    0.669759    0.000000    0.000000    0.000000    0.000000    0.000000    0.000000
  -6.14205   18.173558    0.460275    0.291671    0.460275    0.638517    0.000000    0.000000    0.000000    0.000000    0.000000    0.000000
  -6.13605   16.986207    0.457877    0.285247    0.457877    0.606295    0.000000    0.000000    0.000000    0.000000    0.000000    0.000000
  -6.13004   15.812165    0.451203    0.276620    0.451203    0.573926    0.000000    0.000000    0.000000    0.000000    0.000000    0.000000
  -6.12404   14.688890    0.441125    0.266447    0.441125    0.542569    0.000000    0.000000    0.000000    0.000000    0.000000    0.000000
  -6.11804   13.657505    0.428987    0.255589    0.428987    0.513661    0.000000    0.000000    0.000000    0.000000    0.000000    0.000000
  -6.11204   12.760767    0.416518    0.245056    0.416518    0.488840    0.000000    0.000000    0.000000    0.000000    0.000000    0.000000
  -6.10604   12.040491    0.405712    0.235936    0.405712    0.469821    0.000000    0.000000    0.000000    0.000000    0.000000    0.000000
  -6.10003   11.534649    0.398685    0.229313    0.398685    0.458274    0.000000    0.000000    0.000000    0.000000    0.000000    0.000000
  -6.09403   11.274417    0.397525    0.226191    0.397525    0.455685    0.000000    0.000000    0.000000    0.000000    0.000000    0.000000
  -6.08803   11.281493    0.404143    0.227412    0.404143    0.463241    0.000000    0.000000    0.000000    0.000000    0.000000    0.000000
  -6.08203   11.565973    0.420156    0.233601    0.420156    0.481732    0.000000    0.000000    0.000000    0.000000    0.000000    0.000000
  -6.07603   12.125043    0.446784    0.245122    0.446784    0.511497    0.000000    0.000000    0.000000    0.000000    0.000000    0.000000
  -6.07002   12.942652    0.484786    0.262051    0.484786    0.552398    0.000000    0.000000    0.000000    0.000000    0.000000    0.000000
  -6.06402   13.990220    0.534435    0.284183    0.534435    0.603838    0.000000    0.000000    0.000000    0.000000    0.000000    0.000000
  -6.05802   15.228325    0.595517    0.311043    0.595517    0.664805    0.000000    0.000000    0.000000    0.000000    0.000000    0.000000
  -6.05202   16.609207    0.667356    0.341927    0.667356    0.733943    0.000000    0.000000    0.000000    0.000000    0.000000    0.000000
  -6.04602   18.079836    0.748856    0.375943    0.748856    0.809629    0.000000    0.000000    0.000000    0.000000    0.000000    0.000000
  -6.04001   19.585258    0.838556    0.412069    0.838556    0.890049    0.000000    0.000000    0.000000    0.000000    0.000000    0.000000
  -6.03401   21.071887    0.934684    0.449205    0.934684    0.973279    0.000000    0.000000    0.000000    0.000000    0.000000    0.000000
  -6.02801   22.490491    1.035213    0.486226    1.035213    1.057347    0.000000    0.000000    0.000000    0.000000    0.000000    0.000000
  -6.02201   23.798627    1.137917    0.522036    1.137917    1.140286    0.000000    0.000000    0.000000    0.000000    0.000000    0.000000
  -6.01601   24.962416    1.240426    0.555607    1.240426    1.220186    0.000000    0.000000    0.000000    0.000000    0.000000    0.000000
  -6.01000   25.957586    1.340288    0.586019    1.340288    1.295241    0.000000    0.000000    0.000000    0.000000    0.000000    0.000000
  -6.00400   26.769815    1.435034    0.612492    1.435034    1.363799    0.000000    0.000000    0.000000    0.000000    0.000000    0.000000
  -5.99800   27.394463    1.522243    0.634404    1.522243    1.424421    0.000000    0.000000    0.000000    0.000000    0.000000    0.000000
  -5.99200   27.835800    1.599628    0.651308    1.599628    1.475944    0.000000    0.000000    0.000000    0.000000    0.000000    0.000000
  -5.98600   28.105850    1.665107    0.662939    1.665107    1.517535    0.000000    0.000000    0.000000    0.000000    0.000000    0.000000
  -5.97999   28.222987    1.716882    0.669207    1.716882    1.548755    0.000000    0.000000    0.000000    0.000000    0.000000    0.000000
  -5.97399   28.210368    1.753509    0.670193    1.753509    1.569589    0.000000    0.000000    0.000000    0.000000    0.000000    0.000000
  -5.96799   28.094316    1.773957    0.666124    1.773957    1.580459    0.000000    0.000000    0.000000    0.000000    0.000000    0.000000
  -5.96199   27.902731    1.777646    0.657351    1.777646    1.582211    0.000000    0.000000    0.000000    0.000000    0.000000    0.000000
  -5.95599   27.663601    1.764482    0.644323    1.764482    1.576059    0.000000    0.000000    0.000000    0.000000    0.000000    0.000000
  -5.94998   27.403703    1.734861    0.627558    1.734861    1.563503    0.000000    0.000000    0.000000    0.000000    0.000000    0.000000
  -5.94398   27.147530    1.689664    0.607617    1.689664    1.546230    0.000000    0.000000    0.000000    0.000000    0.000000    0.000000
  -5.93798   26.916500    1.630237    0.585083    1.630237    1.525990    0.000000    0.000000    0.000000    0.000000    0.000000    0.000000
  -5.93198   26.728441    1.558349    0.560539    1.558349    1.504480    0.000000    0.000000    0.000000    0.000000    0.000000    0.000000
  -5.92598   26.597329    1.476138    0.534561    1.476138    1.483229    0.000000    0.000000    0.000000    0.000000    0.000000    0.000000
  -5.91997   26.533243    1.386032    0.507705    1.386032    1.463510    0.000000    0.000000    0.000000    0.000000    0.000000    0.000000
  -5.91397   26.542430    1.290658    0.480501    1.290658    1.446272    0.000000    0.000000    0.000000    0.000000    0.000000    0.000000
  -5.90797   26.627464    1.192735    0.453452    1.192735    1.432113    0.000000    0.000000    0.000000    0.000000    0.000000    0.000000
  -5.90197   26.787405    1.094956    0.427033    1.094956    1.421273    0.000000    0.000000    0.000000    0.000000    0.000000    0.000000
  -5.89597   27.017986    0.999868    0.401687    0.999868    1.413675    0.000000    0.000000    0.000000    0.000000    0.000000    0.000000
  -5.88996   27.311829    0.909765    0.377832    0.909765    1.408978    0.000000    0.000000    0.000000    0.000000    0.000000    0.000000
  -5.88396   27.658776    0.826600    0.355865    0.826600    1.406667    0.000000    0.000000    0.000000    0.000000    0.000000    0.000000
  -5.87796   28.046376    0.751921    0.336166    0.751921    1.406137    0.000000    0.000000    0.000000    0.000000    0.000000    0.000000
  -5.87196   28.460627    0.686853    0.319108    0.686853    1.406804    0.000000    0.000000    0.000000    0.000000    0.000000    0.000000
  -5.86596   28.886955    0.632102    0.305062    0.632102    1.408185    0.000000    0.000000    0.000000    0.000000    0.000000    0.000000
  -5.85995   29.311418    0.587998    0.294401    0.587998    1.409984    0.000000    0.000000    0.000000    0.000000    0.000000    0.000000
  -5.85395   29.722021    0.554559    0.287505    0.554559    1.412144    0.000000    0.000000    0.000000    0.000000    0.000000    0.000000
  -5.84795   30.109980    0.531556    0.284744    0.531556    1.414872    0.000000    0.000000    0.000000    0.000000    0.000000    0.000000
  -5.84195   30.470739    0.518586    0.286465    0.518586    1.418637    0.000000    0.000000    0.000000    0.000000    0.000000    0.000000
  -5.83595   30.804557    0.515119    0.292968    0.515119    1.424133    0.000000    0.000000    0.000000    0.000000    0.000000    0.000000
  -5.82994   31.116519    0.520529    0.304468    0.520529    1.432219    0.000000    0.000000    0.000000    0.000000    0.000000    0.000000
  -5.82394   31.415904    0.534094    0.321063    0.534094    1.443834    0.000000    0.000000    0.000000    0.000000    0.000000    0.000000
  -5.81794   31.714946    0.554985    0.342691    0.554985    1.459906    0.000000    0.000000    0.000000    0.000000    0.000000    0.000000
  -5.81194   32.027132    0.582235    0.369099    0.582235    1.481253    0.000000    0.000000    0.000000    0.000000    0.000000    0.000000
  -5.80594   32.365231    0.614715    0.399826    0.614715    1.508494    0.000000    0.000000    0.000000    0.000000    0.000000    0.000000
  -5.79993   32.739340    0.651128    0.434192    0.651128    1.541974    0.000000    0.000000    0.000000    0.000000    0.000000    0.000000
  -5.79393   33.155168    0.690024    0.471312    0.690024    1.581712    0.000000    0.000000    0.000000    0.000000    0.000000    0.000000
  -5.78793   33.612801    0.729854    0.510121    0.729854    1.627364    0.000000    0.000000    0.000000    0.000000    0.000000    0.000000
  -5.78193   34.106064    0.769058    0.549430    0.769058    1.678219    0.000000    0.000000    0.000000    0.000000    0.000000    0.000000
  -5.77593   34.622543    0.806176    0.587974    0.806176    1.733211    0.000000    0.000000    0.000000    0.000000    0.000000    0.000000
  -5.76992   35.144242    0.839980    0.624491    0.839980    1.790955    0.000000    0.000000    0.000000    0.000000    0.000000    0.000000
  -5.76392   35.648806    0.869590    0.657784    0.869590    1.849799    0.000000    0.000000    0.000000    0.000000    0.000000    0.000000
  -5.75792   36.111167    0.894578    0.686787    0.894578    1.907892    0.000000    0.000000    0.000000    0.000000    0.000000    0.000000
  -5.75192   36.505522    0.915012    0.710627    0.915012    1.963277    0.000000    0.000000    0.000000    0.000000    0.000000    0.000000
  -5.74592   36.807478    0.931460    0.728661    0.931460    2.013993    0.000000    0.000000    0.000000    0.000000    0.000000    0.000000
  -5.73991   36.996230    0.944913    0.740504    0.944913    2.058192    0.000000    0.000000    0.000000    0.000000    0.000000    0.000000
  -5.73391   37.056614    0.956665    0.746042    0.956665    2.094270    0.000000    0.000000    0.000000    0.000000    0.000000    0.000000
  -5.72791   36.980838    0.968139    0.745421    0.968139    2.120988    0.000000    0.000000    0.000000    0.000000    0.000000    0.000000
  -5.72191   36.769683    0.980688    0.739029    0.980688    2.137580    0.000000    0.000000    0.000000    0.000000    0.000000    0.000000
  -5.71591   36.432963    0.995406    0.727459    0.995406    2.143829    0.000000    0.000000    0.000000    0.000000    0.000000    0.000000
  -5.70990   35.989065    1.012964    0.711462    1.012964    2.140097    0.000000    0.000000    0.000000    0.000000    0.000000    0.000000
  -5.70390   35.463481    1.033513    0.691899    1.033513    2.127292    0.000000    0.000000    0.000000    0.000000    0.000000    0.000000
  -5.69790   34.886353    1.056660    0.669682    1.056660    2.106779    0.000000    0.000000    0.000000    0.000000    0.000000    0.000000
  -5.69190   34.289246    1.081538    0.645721    1.081538    2.080236    0.000000    0.000000    0.000000    0.000000    0.000000    0.000000
  -5.68590   33.701472    1.106957    0.620879    1.106957    2.049461    0.000000    0.000000    0.000000    0.000000    0.000000    0.000000
  -5.67989   33.146446    1.131627    0.595932    1.131627    2.016178    0.000000    0.000000    0.000000    0.000000    0.000000    0.000000
  -5.67389   32.638598    1.154422    0.571547    1.154422    1.981850    0.000000    0.000000    0.000000    0.000000    0.000000    0.000000
  -5.66789   32.181309    1.174650    0.548270    1.174650    1.947527    0.000000    0.000000    0.000000    0.000000    0.000000    0.000000
  -5.66189   31.766263    1.192276    0.526528    1.192276    1.913772    0.000000    0.000000    0.000000    0.000000    0.000000    0.000000
  -5.65589   31.374357    1.208076    0.506642    1.208076    1.880643    0.000000    0.000000    0.000000    0.000000    0.000000    0.000000
  -5.64988   30.978118    1.223679    0.488848    1.223679    1.847766    0.000000    0.000000    0.000000    0.000000    0.000000    0.000000
  -5.64388   30.545320    1.241481    0.473314    1.241481    1.814459    0.000000    0.000000    0.000000    0.000000    0.000000    0.000000
  -5.63788   30.043314    1.264438    0.460160    1.264438    1.779900    0.000000    0.000000    0.000000    0.000000    0.000000    0.000000
  -5.63188   29.443473    1.295739    0.449467    1.295739    1.743308    0.000000    0.000000    0.000000    0.000000    0.000000    0.000000
  -5.62588   28.725142    1.338421    0.441280    1.338421    1.704106    0.000000    0.000000    0.000000    0.000000    0.000000    0.000000
  -5.61987   27.878578    1.394945    0.435600    1.394945    1.662051    0.000000    0.000000    0.000000    0.000000    0.000000    0.000000
  -5.61387   26.906514    1.466822    0.432378    1.466822    1.617307    0.000000    0.000000    0.000000    0.000000    0.000000    0.000000
  -5.60787   25.824197    1.554310    0.431502    1.554310    1.570456    0.000000    0.000000    0.000000    0.000000    0.000000    0.000000
  -5.60187   24.657984    1.656267    0.432792    1.656267    1.522454    0.000000    0.000000    0.000000    0.000000    0.000000    0.000000
  -5.59587   23.442734    1.770163    0.436001    1.770163    1.474539    0.000000    0.000000    0.000000    0.000000    0.000000    0.000000
  -5.58986   22.218411    1.892276    0.440831    1.892276    1.428108    0.000000    0.000000    0.000000    0.000000    0.000000    0.000000
  -5.58386   21.026338    2.018053    0.446951    2.018053    1.384579    0.000000    0.000000    0.000000    0.000000    0.000000    0.000000
  -5.57786   19.905570    2.142597    0.454032    2.142597    1.345258    0.000000    0.000000    0.000000    0.000000    0.000000    0.000000
  -5.57186   18.889750    2.261214    0.461779    2.261214    1.311216    0.000000    0.000000    0.000000    0.000000    0.000000    0.000000
  -5.56586   18.004749    2.369949    0.469962    2.369949    1.283198    0.000000    0.000000    0.000000    0.000000    0.000000    0.000000
  -5.55985   17.267243    2.466030    0.478442    2.466030    1.261562    0.000000    0.000000    0.000000    0.000000    0.000000    0.000000
  -5.55385   16.684264    2.548162    0.487173    2.548162    1.246250    0.000000    0.000000    0.000000    0.000000    0.000000    0.000000
  -5.54785   16.253689    2.616612    0.496202    2.616612    1.236801    0.000000    0.000000    0.000000    0.000000    0.000000    0.000000
  -5.54185   15.965525    2.673094    0.505643    2.673094    1.232397    0.000000    0.000000    0.000000    0.000000    0.000000    0.000000
  -5.53585   15.803814    2.720457    0.515649    2.720457    1.231945    0.000000    0.000000    0.000000    0.000000    0.000000    0.000000
  -5.52984   15.748957    2.762249    0.526377    2.762249    1.234189    0.000000    0.000000    0.000000    0.000000    0.000000    0.000000
  -5.52384   15.780229    2.802232    0.537961    2.802232    1.237846    0.000000    0.000000    0.000000    0.000000    0.000000    0.000000
  -5.51784   15.878257    2.843937    0.550494    2.843937    1.241758    0.000000    0.000000    0.000000    0.000000    0.000000    0.000000
  -5.51184   16.027253    2.890342    0.564040    2.890342    1.245052    0.000000    0.000000    0.000000    0.000000    0.000000    0.000000
  -5.50584   16.216789    2.943741    0.578657    2.943741    1.247284    0.000000    0.000000    0.000000    0.000000    0.000000    0.000000
  -5.49983   16.442959    3.005796    0.594444    3.005796    1.248563    0.000000    0.000000    0.000000    0.000000    0.000000    0.000000
  -5.49383   16.708817    3.077784    0.611598    3.077784    1.249631    0.000000    0.000000    0.000000    0.000000    0.000000    0.000000
  -5.48783   17.024036    3.160947    0.630469    3.160947    1.251893    0.000000    0.000000    0.000000    0.000000    0.000000    0.000000
  -5.48183   17.403826    3.256866    0.651603    3.256866    1.257379    0.000000    0.000000    0.000000    0.000000    0.000000    0.000000
  -5.47583   17.867203    3.367758    0.675753    3.367758    1.268644    0.000000    0.000000    0.000000    0.000000    0.000000    0.000000
  -5.46982   18.434794    3.496595    0.703856    3.496595    1.288601    0.000000    0.000000    0.000000    0.000000    0.000000    0.000000
  -5.46382   19.126380    3.646997    0.736962    3.646997    1.320301    0.000000    0.000000    0.000000    0.000000    0.000000    0.000000
  -5.45782   19.958432    3.822869    0.776121    3.822869    1.366662    0.000000    0.000000    0.000000    0.000000    0.000000    0.000000
  -5.45182   20.941873    4.027824    0.822246    4.027824    1.430190    0.000000    0.000000    0.000000    0.000000    0.000000    0.000000
  -5.44582   22.080273    4.264471    0.875946    4.264471    1.512690    0.000000    0.000000    0.000000    0.000000    0.000000    0.000000
  -5.43981   23.368647    4.533681    0.937371    4.533681    1.615011    0.000000    0.000000    0.000000    0.000000    0.000000    0.000000
  -5.43381   24.792950    4.833956    1.006081    4.833956    1.736838    0.000000    0.000000    0.000000    0.000000    0.000000    0.000000
  -5.42781   26.330312    5.161028    1.080962    5.161028    1.876572    0.000000    0.000000    0.000000    0.000000    0.000000    0.000000
  -5.42181   27.949983    5.507755    1.160210    5.507755    2.031297    0.000000    0.000000    0.000000    0.000000    0.000000    0.000000
  -5.41581   29.614882    5.864381    1.241381    5.864381    2.196869    0.000000    0.000000    0.000000    0.000000    0.000000    0.000000
  -5.40980   31.283620    6.219116    1.321530    6.219116    2.368110    0.000000    0.000000    0.000000    0.000000    0.000000    0.000000
  -5.40380   32.912804    6.558979    1.397403    6.558979    2.539108    0.000000    0.000000    0.000000    0.000000    0.000000    0.000000
  -5.39780   34.459412    6.870791    1.465682    6.870791    2.703601    0.000000    0.000000    0.000000    0.000000    0.000000    0.000000
  -5.39180   35.883039    7.142192    1.523250    7.142192    2.855409    0.000000    0.000000    0.000000    0.000000    0.000000    0.000000
  -5.38580   37.147828    7.362541    1.567451    7.362541    2.988864    0.000000    0.000000    0.000000    0.000000    0.000000    0.000000
  -5.37979   38.223952    7.523619    1.596307    7.523619    3.099216    0.000000    0.000000    0.000000    0.000000    0.000000    0.000000
  -5.37379   39.088584    7.620044    1.608688    7.620044    3.182944    0.000000    0.000000    0.000000    0.000000    0.000000    0.000000
  -5.36779   39.726358    7.649427    1.604388    7.649427    3.237963    0.000000    0.000000    0.000000    0.000000    0.000000    0.000000
  -5.36179   40.129384    7.612261    1.584138    7.612261    3.263699    0.000000    0.000000    0.000000    0.000000    0.000000    0.000000
  -5.35579   40.296960    7.511655    1.549527    7.511655    3.261023    0.000000    0.000000    0.000000    0.000000    0.000000    0.000000
  -5.34978   40.235120    7.352965    1.502872    7.352965    3.232078    0.000000    0.000000    0.000000    0.000000    0.000000    0.000000
  -5.34378   39.956150    7.143439    1.447034    7.143439    3.180012    0.000000    0.000000    0.000000    0.000000    0.000000    0.000000
  -5.33778   39.478190    6.891908    1.385225    6.891908    3.108664    0.000000    0.000000    0.000000    0.000000    0.000000    0.000000
  -5.33178   38.824939    6.608573    1.320814    6.608573    3.022255    0.000000    0.000000    0.000000    0.000000    0.000000    0.000000
  -5.32578   38.025434    6.304869    1.257159    6.304869    2.925101    0.000000    0.000000    0.000000    0.000000    0.000000    0.000000
  -5.31977   37.113798    5.993368    1.197464    5.993368    2.821395    0.000000    0.000000    0.000000    0.000000    0.000000    0.000000
  -5.31377   36.128798    5.687654    1.144680    5.687654    2.715065    0.000000    0.000000    0.000000    0.000000    0.000000    0.000000
  -5.30777   35.113057    5.402111    1.101426    5.402111    2.609698    0.000000    0.000000    0.000000    0.000000    0.000000    0.000000
  -5.30177   34.111754    5.151558    1.069939    5.151558    2.508523    0.000000    0.000000    0.000000    0.000000    0.000000    0.000000
  -5.29577   33.170758    4.950706    1.052022    4.950706    2.414413    0.000000    0.000000    0.000000    0.000000    0.000000    0.000000
  -5.28976   32.334194    4.813439    1.048989    4.813439    2.329894    0.000000    0.000000    0.000000    0.000000    0.000000    0.000000
  -5.28376   31.641559    4.751961    1.061603    4.751961    2.257123    0.000000    0.000000    0.000000    0.000000    0.000000    0.000000
  -5.27776   31.124658    4.775888    1.089999    4.775888    2.197827    0.000000    0.000000    0.000000    0.000000    0.000000    0.000000
  -5.27176   30.804671    4.891384    1.133607    4.891384    2.153201    0.000000    0.000000    0.000000    0.000000    0.000000    0.000000
  -5.26576   30.689746    5.100462    1.191090    5.100462    2.123789    0.000000    0.000000    0.000000    0.000000    0.000000    0.000000
  -5.25975   30.773524    5.400554    1.260320    5.400554    2.109357    0.000000    0.000000    0.000000    0.000000    0.000000    0.000000
  -5.25375   31.034886    5.784439    1.338405    5.784439    2.108814    0.000000    0.000000    0.000000    0.000000    0.000000    0.000000
  -5.24775   31.439127    6.240585    1.421789    6.240585    2.120195    0.000000    0.000000    0.000000    0.000000    0.000000    0.000000
  -5.24175   31.940562    6.753885    1.506429    6.753885    2.140743    0.000000    0.000000    0.000000    0.000000    0.000000    0.000000
  -5.23575   32.486371    7.306739    1.588049    7.306739    2.167080    0.000000    0.000000    0.000000    0.000000    0.000000    0.000000
  -5.22974   33.021295    7.880378    1.662437    7.880378    2.195480    0.000000    0.000000    0.000000    0.000000    0.000000    0.000000
  -5.22374   33.492684    8.456263    1.725777    8.456263    2.222198    0.000000    0.000000    0.000000    0.000000    0.000000    0.000000
  -5.21774   33.855296    9.017405    1.774962    9.017405    2.243823    0.000000    0.000000    0.000000    0.000000    0.000000    0.000000
  -5.21174   34.075292    9.549449    1.807861    9.549449    2.257614    0.000000    0.000000    0.000000    0.000000    0.000000    0.000000
  -5.20574   34.132970   10.041388    1.823497   10.041388    2.261764    0.000000    0.000000    0.000000    0.000000    0.000000    0.000000
  -5.19973   34.023966   10.485846    1.822122   10.485846    2.255566    0.000000    0.000000    0.000000    0.000000    0.000000    0.000000
  -5.19373   33.758844   10.878920    1.805170   10.878920    2.239458    0.000000    0.000000    0.000000    0.000000    0.000000    0.000000
  -5.18773   33.361226   11.219640    1.775098   11.219640    2.214949    0.000000    0.000000    0.000000    0.000000    0.000000    0.000000
  -5.18173   32.864782   11.509158    1.735144   11.509158    2.184440    0.000000    0.000000    0.000000    0.000000    0.000000    0.000000
  -5.17573   32.309508   11.749803    1.689015   11.749803    2.150963    0.000000    0.000000    0.000000    0.000000    0.000000    0.000000
  -5.16972   31.737764   11.944159    1.640555   11.944159    2.117888    0.000000    0.000000    0.000000    0.000000    0.000000    0.000000
  -5.16372   31.190523   12.094269    1.593438   12.094269    2.088620    0.000000    0.000000    0.000000    0.000000    0.000000    0.000000
  -5.15772   30.704186   12.201090    1.550895   12.201090    2.066337    0.000000    0.000000    0.000000    0.000000    0.000000    0.000000
  -5.15172   30.308204   12.264216    1.515523   12.264216    2.053781    0.000000    0.000000    0.000000    0.000000    0.000000    0.000000
  -5.14572   30.023617   12.281887    1.489169   12.281887    2.053115    0.000000    0.000000    0.000000    0.000000    0.000000    0.000000
  -5.13971   29.862495   12.251244    1.472908   12.251244    2.065857    0.000000    0.000000    0.000000    0.000000    0.000000    0.000000
  -5.13371   29.828191   12.168772    1.467082   12.168772    2.092876    0.000000    0.000000    0.000000    0.000000    0.000000    0.000000
  -5.12771   29.916223   12.030863    1.471406   12.030863    2.134428    0.000000    0.000000    0.000000    0.000000    0.000000    0.000000
  -5.12171   30.115611   11.834424    1.485104   11.834424    2.190234    0.000000    0.000000    0.000000    0.000000    0.000000    0.000000
  -5.11571   30.410454   11.577468    1.507060   11.577468    2.259551    0.000000    0.000000    0.000000    0.000000    0.000000    0.000000
  -5.10970   30.781592   11.259628    1.535958   11.259628    2.341250    0.000000    0.000000    0.000000    0.000000    0.000000    0.000000
  -5.10370   31.208205   10.882558    1.570402   10.882558    2.433874    0.000000    0.000000    0.000000    0.000000    0.000000    0.000000
  -5.09770   31.669257   10.450178    1.609013   10.450178    2.535682    0.000000    0.000000    0.000000    0.000000    0.000000    0.000000
  -5.09170   32.144719    9.968745    1.650478    9.968745    2.644676    0.000000    0.000000    0.000000    0.000000    0.000000    0.000000
  -5.08570   32.616552    9.446743    1.693578    9.446743    2.758628    0.000000    0.000000    0.000000    0.000000    0.000000    0.000000
  -5.07969   33.069434    8.894578    1.737196    8.894578    2.875100    0.000000    0.000000    0.000000    0.000000    0.000000    0.000000
  -5.07369   33.491221    8.324124    1.780292    8.324124    2.991486    0.000000    0.000000    0.000000    0.000000    0.000000    0.000000
  -5.06769   33.873162    7.748117    1.821891    7.748117    3.105058    0.000000    0.000000    0.000000    0.000000    0.000000    0.000000
  -5.06169   34.209819    7.179474    1.861053    7.179474    3.213039    0.000000    0.000000    0.000000    0.000000    0.000000    0.000000
  -5.05569   34.498712    6.630572    1.896851    6.630572    3.312679    0.000000    0.000000    0.000000    0.000000    0.000000    0.000000
  -5.04968   34.739653    6.112542    1.928360    6.112542    3.401342    0.000000    0.000000    0.000000    0.000000    0.000000    0.000000
  -5.04368   34.933803    5.634656    1.954640    5.634656    3.476585    0.000000    0.000000    0.000000    0.000000    0.000000    0.000000
  -5.03768   35.082507    5.203824    1.974736    5.203824    3.536236    0.000000    0.000000    0.000000    0.000000    0.000000    0.000000
  -5.03168   35.186026    4.824273    1.987676    4.824273    3.578455    0.000000    0.000000    0.000000    0.000000    0.000000    0.000000
  -5.02568   35.242337    4.497405    1.992487    4.497405    3.601792    0.000000    0.000000    0.000000    0.000000    0.000000    0.000000
  -5.01967   35.246227    4.221866    1.988224    4.221866    3.605241    0.000000    0.000000    0.000000    0.000000    0.000000    0.000000
  -5.01367   35.188897    3.993816    1.974018    3.993816    3.588303    0.000000    0.000000    0.000000    0.000000    0.000000    0.000000
  -5.00767   35.058272    3.807374    1.949142    3.807374    3.551063    0.000000    0.000000    0.000000    0.000000    0.000000    0.000000
  -5.00167   34.840135    3.655221    1.913099    3.655221    3.494281    0.000000    0.000000    0.000000    0.000000    0.000000    0.000000
  -4.99567   34.520052    3.529299    1.865732    3.529299    3.419497    0.000000    0.000000    0.000000    0.000000    0.000000    0.000000
  -4.98966   34.085939    3.421559    1.807317    3.421559    3.329130    0.000000    0.000000    0.000000    0.000000    0.000000    0.000000
  -4.98366   33.530941    3.324691    1.738664    3.324691    3.226550    0.000000    0.000000    0.000000    0.000000    0.000000    0.000000
  -4.97766   32.856204    3.232763    1.661173    3.232763    3.116101    0.000000    0.000000    0.000000    0.000000    0.000000    0.000000
  -4.97166   32.073061    3.141721    1.576846    3.141721    3.003033    0.000000    0.000000    0.000000    0.000000    0.000000    0.000000
  -4.96566   31.204151    3.049689    1.488241    3.049689    2.893333    0.000000    0.000000    0.000000    0.000000    0.000000    0.000000
  -4.95965   30.283148    2.957043    1.398356    2.957043    2.793432    0.000000    0.000000    0.000000    0.000000    0.000000    0.000000
  -4.95365   29.352897    2.866254    1.310452    2.866254    2.709797    0.000000    0.000000    0.000000    0.000000    0.000000    0.000000
  -4.94765   28.462040    2.781510    1.227825    2.781510    2.648423    0.000000    0.000000    0.000000    0.000000    0.000000    0.000000
  -4.94165   27.660402    2.708159    1.153547    2.708159    2.614270    0.000000    0.000000    0.000000    0.000000    0.000000    0.000000
  -4.93565   26.993674    2.652030    1.090202    2.652030    2.610702    0.000000    0.000000    0.000000    0.000000    0.000000    0.000000
  -4.92964   26.498034    2.618693    1.039652    2.618693    2.638989    0.000000    0.000000    0.000000    0.000000    0.000000    0.000000
  -4.92364   26.195449    2.612734    1.002851    2.612734    2.697953    0.000000    0.000000    0.000000    0.000000    0.000000    0.000000
  -4.91764   26.090329    2.637117    0.979742    2.637117    2.783819    0.000000    0.000000    0.000000    0.000000    0.000000    0.000000
  -4.91164   26.168089    2.692673    0.969242    2.692673    2.890314    0.000000    0.000000    0.000000    0.000000    0.000000    0.000000
  -4.90564   26.395912    2.777801    0.969326    2.777801    3.009030    0.000000    0.000000    0.000000    0.000000    0.000000    0.000000
  -4.89963   26.725762    2.888367    0.977213    2.888367    3.130055    0.000000    0.000000    0.000000    0.000000    0.000000    0.000000
  -4.89363   27.099370    3.017863    0.989614    3.017863    3.242800    0.000000    0.000000    0.000000    0.000000    0.000000    0.000000
  -4.88763   27.454642    3.157791    1.003051    3.157791    3.336962    0.000000    0.000000    0.000000    0.000000    0.000000    0.000000
  -4.88163   27.732742    3.298267    1.014177    3.298267    3.403505    0.000000    0.000000    0.000000    0.000000    0.000000    0.000000
  -4.87563   27.884971    3.428803    1.020094    3.428803    3.435556    0.000000    0.000000    0.000000    0.000000    0.000000    0.000000
  -4.86962   27.878566    3.539199    1.018623    3.539199    3.429099    0.000000    0.000000    0.000000    0.000000    0.000000    0.000000
  -4.86362   27.700665    3.620473    1.008489    3.620473    3.383386    0.000000    0.000000    0.000000    0.000000    0.000000    0.000000
  -4.85762   27.359905    3.665745    0.989418    3.665745    3.301006    0.000000    0.000000    0.000000    0.000000    0.000000    0.000000
  -4.85162   26.885424    3.670979    0.962138    3.670979    3.187606    0.000000    0.000000    0.000000    0.000000    0.000000    0.000000
  -4.84562   26.323390    3.635515    0.928269    3.635515    3.051301    0.000000    0.000000    0.000000    0.000000    0.000000    0.000000
  -4.83961   25.731518    3.562330    0.890154    3.562330    2.901838    0.000000    0.000000    0.000000    0.000000    0.000000    0.000000
  -4.83361   25.172296    3.458003    0.850620    3.458003    2.749634    0.000000    0.000000    0.000000    0.000000    0.000000    0.000000
  -4.82761   24.705865    3.332395    0.812735    3.332395    2.604802    0.000000    0.000000    0.000000    0.000000    0.000000    0.000000
  -4.82161   24.383485    3.198085    0.779560    3.198085    2.476278    0.000000    0.000000    0.000000    0.000000    0.000000    0.000000
  -4.81561   24.242478    3.069631    0.753955    3.069631    2.371155    0.000000    0.000000    0.000000    0.000000    0.000000    0.000000
  -4.80960   24.303289    2.962728    0.738426    2.962728    2.294287    0.000000    0.000000    0.000000    0.000000    0.000000    0.000000
  -4.80360   24.568988    2.893349    0.735049    2.893349    2.248190    0.000000    0.000000    0.000000    0.000000    0.000000    0.000000
  -4.79760   25.027180    2.876940    0.745441    2.876940    2.233220    0.000000    0.000000    0.000000    0.000000    0.000000    0.000000
  -4.79160   25.653903    2.927700    0.770795    2.927700    2.247980    0.000000    0.000000    0.000000    0.000000    0.000000    0.000000
  -4.78560   26.418836    3.057972    0.811926    3.057972    2.289880    0.000000    0.000000    0.000000    0.000000    0.000000    0.000000
  -4.77959   27.290930    3.277735    0.869337    3.277735    2.355745    0.000000    0.000000    0.000000    0.000000    0.000000    0.000000
  -4.77359   28.243557    3.594183    0.943260    3.594183    2.442378    0.000000    0.000000    0.000000    0.000000    0.000000    0.000000
  -4.76759   29.258358    4.011346    1.033679    4.011346    2.547006    0.000000    0.000000    0.000000    0.000000    0.000000    0.000000
  -4.76159   30.327241    4.529751    1.140301    4.529751    2.667548    0.000000    0.000000    0.000000    0.000000    0.000000    0.000000
  -4.75559   31.452262    5.146106    1.262505    5.146106    2.802671    0.000000    0.000000    0.000000    0.000000    0.000000    0.000000
  -4.74958   32.643499    5.853035    1.399258    5.853035    2.951658    0.000000    0.000000    0.000000    0.000000    0.000000    0.000000
  -4.74358   33.915345    6.638888    1.549021    6.638888    3.114118    0.000000    0.000000    0.000000    0.000000    0.000000    0.000000
  -4.73758   35.281875    7.487716    1.709663    7.487716    3.289591    0.000000    0.000000    0.000000    0.000000    0.000000    0.000000
  -4.73158   36.752083    8.379437    1.878415    8.379437    3.477141    0.000000    0.000000    0.000000    0.000000    0.000000    0.000000
  -4.72558   38.325761    9.290299    2.051858    9.290299    3.674985    0.000000    0.000000    0.000000    0.000000    0.000000    0.000000
  -4.71957   39.990673   10.193636    2.225989   10.193636    3.880250    0.000000    0.000000    0.000000    0.000000    0.000000    0.000000
  -4.71357   41.721438   11.060969    2.396347   11.060969    4.088870    0.000000    0.000000    0.000000    0.000000    0.000000    0.000000
  -4.70757   43.480267   11.863391    2.558212   11.863391    4.295674    0.000000    0.000000    0.000000    0.000000    0.000000    0.000000
  -4.70157   45.219435   12.573166    2.706851   12.573166    4.494638    0.000000    0.000000    0.000000    0.000000    0.000000    0.000000
  -4.69557   46.885100   13.165451    2.837819   13.165451    4.679284    0.000000    0.000000    0.000000    0.000000    0.000000    0.000000
  -4.68956   48.421991   13.619977    2.947262   13.619977    4.843176    0.000000    0.000000    0.000000    0.000000    0.000000    0.000000
  -4.68356   49.778345   13.922568    3.032213   13.922568    4.980465    0.000000    0.000000    0.000000    0.000000    0.000000    0.000000
  -4.67756   50.910580   14.066342    3.090863   14.066342    5.086416    0.000000    0.000000    0.000000    0.000000    0.000000    0.000000
  -4.67156   51.787220   14.052513    3.122754   14.052513    5.157875    0.000000    0.000000    0.000000    0.000000    0.000000    0.000000
  -4.66556   52.391763   13.890697    3.128916   13.890697    5.193636    0.000000    0.000000    0.000000    0.000000    0.000000    0.000000
  -4.65955   52.724308   13.598709    3.111896   13.598709    5.194659    0.000000    0.000000    0.000000    0.000000    0.000000    0.000000
  -4.65355   52.801870   13.201863    3.075708   13.201863    5.164151    0.000000    0.000000    0.000000    0.000000    0.000000    0.000000
  -4.64755   52.657439   12.731809    3.025670   12.731809    5.107472    0.000000    0.000000    0.000000    0.000000    0.000000    0.000000
  -4.64155   52.337853   12.224978    2.968166   12.224978    5.031885    0.000000    0.000000    0.000000    0.000000    0.000000    0.000000
  -4.63555   51.900654   11.720709    2.910314   11.720709    4.946161    0.000000    0.000000    0.000000    0.000000    0.000000    0.000000
  -4.62954   51.410069   11.259137    2.859559   11.259137    4.860039    0.000000    0.000000    0.000000    0.000000    0.000000    0.000000
  -4.62354   50.932340   10.878931    2.823220   10.878931    4.783580    0.000000    0.000000    0.000000    0.000000    0.000000    0.000000
  -4.61754   50.530664   10.614967    2.807988   10.614967    4.726447    0.000000    0.000000    0.000000    0.000000    0.000000    0.000000
  -4.61154   50.260063   10.496056    2.819419   10.496056    4.697143    0.000000    0.000000    0.000000    0.000000    0.000000    0.000000
  -4.60554   50.162566   10.542844    2.861444   10.542844    4.702274    0.000000    0.000000    0.000000    0.000000    0.000000    0.000000
  -4.59953   50.263134   10.766032    2.935939   10.766032    4.745896    0.000000    0.000000    0.000000    0.000000    0.000000    0.000000
  -4.59353   50.566750   11.165083    3.042396   11.165083    4.829000    0.000000    0.000000    0.000000    0.000000    0.000000    0.000000
  -4.58753   51.057053   11.727569    3.177739   11.727569    4.949211    0.000000    0.000000    0.000000    0.000000    0.000000    0.000000
  -4.58153   51.696771   12.429315    3.336322   12.429315    5.100749    0.000000    0.000000    0.000000    0.000000    0.000000    0.000000
  -4.57553   52.430062   13.235412    3.510141   13.235412    5.274679    0.000000    0.000000    0.000000    0.000000    0.000000    0.000000
  -4.56952   53.186640   14.102157    3.689264   14.102157    5.459454    0.000000    0.000000    0.000000    0.000000    0.000000    0.000000
  -4.56352   53.887378   14.979821    3.862468   14.979821    5.641729    0.000000    0.000000    0.000000    0.000000    0.000000    0.000000
  -4.55752   54.450880   15.816104    4.018041   15.816104    5.807380    0.000000    0.000000    0.000000    0.000000    0.000000    0.000000
  -4.55152   54.800358   16.560007    4.144697   16.560007    5.942641    0.000000    0.000000    0.000000    0.000000    0.000000    0.000000
  -4.54552   54.870134   17.165768    4.232499   17.165768    6.035239    0.000000    0.000000    0.000000    0.000000    0.000000    0.000000
  -4.53951   54.611071   17.596512    4.273721   17.596512    6.075429    0.000000    0.000000    0.000000    0.000000    0.000000    0.000000
  -4.53351   53.994414   17.827221    4.263531   17.827221    6.056802    0.000000    0.000000    0.000000    0.000000    0.000000    0.000000
  -4.52751   53.013678   17.846709    4.200438   17.846709    5.976792    0.000000    0.000000    0.000000    0.000000    0.000000    0.000000
  -4.52151   51.684491   17.658394    4.086441   17.658394    5.836823    0.000000    0.000000    0.000000    0.000000    0.000000    0.000000
  -4.51551   50.042543   17.279769    3.926851   17.279769    5.642102    0.000000    0.000000    0.000000    0.000000    0.000000    0.000000
  -4.50950   48.139993   16.740640    3.729825   16.740640    5.401078    0.000000    0.000000    0.000000    0.000000    0.000000    0.000000
  -4.50350   46.040846   16.080308    3.505649   16.080308    5.124649    0.000000    0.000000    0.000000    0.000000    0.000000    0.000000
  -4.49750   43.815862   15.344010    3.265851   15.344010    4.825217    0.000000    0.000000    0.000000    0.000000    0.000000    0.000000
  -4.49150   41.537523   14.578991    3.022256   14.578991    4.515678    0.000000    0.000000    0.000000    0.000000    0.000000    0.000000
  -4.48550   39.275500   13.830571    2.786052   13.830571    4.208475    0.000000    0.000000    0.000000    0.000000    0.000000    0.000000
  -4.47949   37.092894   13.138602    2.566988   13.138602    3.914778    0.000000    0.000000    0.000000    0.000000    0.000000    0.000000
  -4.47349   35.043401   12.534578    2.372743   12.534578    3.643849    0.000000    0.000000    0.000000    0.000000    0.000000    0.000000
  -4.46749   33.169400   12.039638    2.208526   12.039638    3.402632    0.000000    0.000000    0.000000    0.000000    0.000000    0.000000
  -4.46149   31.500895   11.663557    2.076918   11.663557    3.195562    0.000000    0.000000    0.000000    0.000000    0.000000    0.000000
  -4.45549   30.055204   11.404744    1.977935   11.404744    3.024569    0.000000    0.000000    0.000000    0.000000    0.000000    0.000000
  -4.44948   28.837300   11.251193    1.909307   11.251193    2.889269    0.000000    0.000000    0.000000    0.000000    0.000000    0.000000
  -4.44348   27.840739   11.182236    1.866908   11.182236    2.787274    0.000000    0.000000    0.000000    0.000000    0.000000    0.000000
  -4.43748   27.049125   11.170925    1.845300   11.170925    2.714624    0.000000    0.000000    0.000000    0.000000    0.000000    0.000000
  -4.43148   26.438114   11.186819    1.838345   11.186819    2.666269    0.000000    0.000000    0.000000    0.000000    0.000000    0.000000
  -4.42548   25.977887   11.198938    1.839821   11.198938    2.636603    0.000000    0.000000    0.000000    0.000000    0.000000    0.000000
  -4.41947   25.636022   11.178638    1.844010   11.178638    2.620002    0.000000    0.000000    0.000000    0.000000    0.000000    0.000000
  -4.41347   25.380594   11.102183    1.846211   11.102183    2.611330    0.000000    0.000000    0.000000    0.000000    0.000000    0.000000
  -4.40747   25.183278   10.952810    1.843136   10.952810    2.606404    0.000000    0.000000    0.000000    0.000000    0.000000    0.000000
  -4.40147   25.022174   10.722115    1.833176   10.722115    2.602359    0.000000    0.000000    0.000000    0.000000    0.000000    0.000000
  -4.39547   24.884056   10.410676    1.816499   10.410676    2.597897    0.000000    0.000000    0.000000    0.000000    0.000000    0.000000
  -4.38946   24.765766   10.027842    1.794990   10.027842    2.593389    0.000000    0.000000    0.000000    0.000000    0.000000    0.000000
  -4.38346   24.674562    9.590738    1.772018    9.590738    2.590813    0.000000    0.000000    0.000000    0.000000    0.000000    0.000000
  -4.37746   24.627335    9.122565    1.752069    9.122565    2.593532    0.000000    0.000000    0.000000    0.000000    0.000000    0.000000
  -4.37146   24.648721    8.650356    1.740259    8.650356    2.605923    0.000000    0.000000    0.000000    0.000000    0.000000    0.000000
  -4.36546   24.768333    8.202383    1.741778    8.202383    2.632897    0.000000    0.000000    0.000000    0.000000    0.000000    0.000000
  -4.35945   25.017381    7.805455    1.761314    7.805455    2.679342    0.000000    0.000000    0.000000    0.000000    0.000000    0.000000
  -4.35345   25.425099    7.482341    1.802513    7.482341    2.749567    0.000000    0.000000    0.000000    0.000000    0.000000    0.000000
  -4.34745   26.015379    7.249568    1.867524    7.249568    2.846790    0.000000    0.000000    0.000000    0.000000    0.000000    0.000000
  -4.34145   26.804019    7.115787    1.956675    7.115787    2.972729    0.000000    0.000000    0.000000    0.000000    0.000000    0.000000
  -4.33545   27.796880    7.080881    2.068329    7.080881    3.127341    0.000000    0.000000    0.000000    0.000000    0.000000    0.000000
  -4.32944   28.989143    7.135904    2.198907    7.135904    3.308730    0.000000    0.000000    0.000000    0.000000    0.000000    0.000000
  -4.32344   30.365692    7.263870    2.343113    7.263870    3.513231    0.000000    0.000000    0.000000    0.000000    0.000000    0.000000
  -4.31744   31.902496    7.441319    2.494318    7.441319    3.735655    0.000000    0.000000    0.000000    0.000000    0.000000    0.000000
  -4.31144   33.568745    7.640525    2.645069    7.640525    3.969654    0.000000    0.000000    0.000000    0.000000    0.000000    0.000000
  -4.30544   35.329378    7.832100    2.787675    7.832100    4.208163    0.000000    0.000000    0.000000    0.000000    0.000000    0.000000
  -4.29943   37.147635    7.987742    2.914812    7.987742    4.443876    0.000000    0.000000    0.000000    0.000000    0.000000    0.000000
  -4.29343   38.987260    8.082815    3.020073    8.082815    4.669681    0.000000    0.000000    0.000000    0.000000    0.000000    0.000000
  -4.28743   40.814082    8.098493    3.098420    8.098493    4.879045    0.000000    0.000000    0.000000    0.000000    0.000000    0.000000
  -4.28143   42.596811    8.023237    3.146483    8.023237    5.066289    0.000000    0.000000    0.000000    0.000000    0.000000    0.000000
  -4.27543   44.307039    7.853460    3.162694    7.853460    5.226767    0.000000    0.000000    0.000000    0.000000    0.000000    0.000000
  -4.26942   45.918579    7.593338    3.147250    7.593338    5.356935    0.000000    0.000000    0.000000    0.000000    0.000000    0.000000
  -4.26342   47.406393    7.253852    3.101919    7.253852    5.454343    0.000000    0.000000    0.000000    0.000000    0.000000    0.000000
  -4.25742   48.745455    6.851194    3.029733    6.851194    5.517555    0.000000    0.000000    0.000000    0.000000    0.000000    0.000000
  -4.25142   49.909911    6.404809    2.934618    6.404809    5.546055    0.000000    0.000000    0.000000    0.000000    0.000000    0.000000
  -4.24542   50.872826    5.935313    2.821002    5.935313    5.540139    0.000000    0.000000    0.000000    0.000000    0.000000    0.000000
  -4.23941   51.606752    5.462561    2.693458    5.462561    5.500825    0.000000    0.000000    0.000000    0.000000    0.000000    0.000000
  -4.23341   52.085169    5.004075    2.556418    5.004075    5.429792    0.000000    0.000000    0.000000    0.000000    0.000000    0.000000
  -4.22741   52.284689    4.573987    2.413972    4.573987    5.329348    0.000000    0.000000    0.000000    0.000000    0.000000    0.000000
  -4.22141   52.187760    4.182540    2.269761    4.182540    5.202412    0.000000    0.000000    0.000000    0.000000    0.000000    0.000000
  -4.21541   51.785503    3.836131    2.126962    3.836131    5.052508    0.000000    0.000000    0.000000    0.000000    0.000000    0.000000
  -4.20940   51.080222    3.537801    1.988321    3.537801    4.883742    0.000000    0.000000    0.000000    0.000000    0.000000    0.000000
  -4.20340   50.087184    3.288010    1.856238    3.288010    4.700763    0.000000    0.000000    0.000000    0.000000    0.000000    0.000000
  -4.19740   48.835326    3.085550    1.732850    3.085550    4.508688    0.000000    0.000000    0.000000    0.000000    0.000000    0.000000
  -4.19140   47.366725    2.928412    1.620105    2.928412    4.312985    0.000000    0.000000    0.000000    0.000000    0.000000    0.000000
  -4.18540   45.734797    2.814495    1.519804    2.814495    4.119329    0.000000    0.000000    0.000000    0.000000    0.000000    0.000000
  -4.17939   44.001420    2.742050    1.433603    2.742050    3.933433    0.000000    0.000000    0.000000    0.000000    0.000000    0.000000
  -4.17339   42.233274    2.709833    1.362990    2.709833    3.760866    0.000000    0.000000    0.000000    0.000000    0.000000    0.000000
  -4.16739   40.497810    2.716983    1.309220    2.716983    3.606881    0.000000    0.000000    0.000000    0.000000    0.000000    0.000000
  -4.16139   38.859265    2.762671    1.273247    2.762671    3.476254    0.000000    0.000000    0.000000    0.000000    0.000000    0.000000
  -4.15539   37.375110    2.845648    1.255661    2.845648    3.373167    0.000000    0.000000    0.000000    0.000000    0.000000    0.000000
  -4.14938   36.093227    2.963764    1.256629    2.963764    3.301121    0.000000    0.000000    0.000000    0.000000    0.000000    0.000000
  -4.14338   35.050011    3.113621    1.275882    3.113621    3.262897    0.000000    0.000000    0.000000    0.000000    0.000000    0.000000
  -4.13738   34.269468    3.290410    1.312732    3.290410    3.260558    0.000000    0.000000    0.000000    0.000000    0.000000    0.000000
  -4.13138   33.763271    3.488047    1.366132    3.488047    3.295474    0.000000    0.000000    0.000000    0.000000    0.000000    0.000000
  -4.12538   33.531667    3.699592    1.434776    3.699592    3.368373    0.000000    0.000000    0.000000    0.000000    0.000000    0.000000
  -4.11937   33.565058    3.917943    1.517224    3.917943    3.479390    0.000000    0.000000    0.000000    0.000000    0.000000    0.000000
  -4.11337   33.846016    4.136713    1.612034    4.136713    3.628100    0.000000    0.000000    0.000000    0.000000    0.000000    0.000000
  -4.10737   34.351499    4.351172    1.717886    4.351172    3.813513    0.000000    0.000000    0.000000    0.000000    0.000000    0.000000
  -4.10137   35.054977    4.559100    1.833669    4.559100    4.034022    0.000000    0.000000    0.000000    0.000000    0.000000    0.000000
  -4.09537   35.928214    4.761386    1.958510    4.761386    4.287290    0.000000    0.000000    0.000000    0.000000    0.000000    0.000000
  -4.08936   36.942478    4.962256    2.091740    4.962256    4.570088    0.000000    0.000000    0.000000    0.000000    0.000000    0.000000
  -4.08336   38.069003    5.169017    2.232778    5.169017    4.878088    0.000000    0.000000    0.000000    0.000000    0.000000    0.000000
  -4.07736   39.278678    5.391298    2.380948    5.391298    5.205662    0.000000    0.000000    0.000000    0.000000    0.000000    0.000000
  -4.07136   40.541039    5.639832    2.535250    5.639832    5.545715    0.000000    0.000000    0.000000    0.000000    0.000000    0.000000
  -4.06536   41.822825    5.924882    2.694125    5.924882    5.889615    0.000000    0.000000    0.000000    0.000000    0.000000    0.000000
  -4.05935   43.086449    6.254509    2.855233    6.254509    6.227271    0.000000    0.000000    0.000000    0.000000    0.000000    0.000000
  -4.05335   44.288854    6.632873    3.015312    6.632873    6.547398    0.000000    0.000000    0.000000    0.000000    0.000000    0.000000
  -4.04735   45.381182    7.058828    3.170139    7.058828    6.837983    0.000000    0.000000    0.000000    0.000000    0.000000    0.000000
  -4.04135   46.309612    7.524986    3.314617    7.524986    7.086945    0.000000    0.000000    0.000000    0.000000    0.000000    0.000000
  -4.03535   47.017536    8.017451    3.443008    8.017451    7.282944    0.000000    0.000000    0.000000    0.000000    0.000000    0.000000
  -4.02934   47.449023    8.516281    3.549288    8.516281    7.416256    0.000000    0.000000    0.000000    0.000000    0.000000    0.000000
  -4.02334   47.553275    8.996704    3.627596    8.996704    7.479625    0.000000    0.000000    0.000000    0.000000    0.000000    0.000000
  -4.01734   47.289569    9.430987    3.672740    9.430987    7.468986    0.000000    0.000000    0.000000    0.000000    0.000000    0.000000
  -4.01134   46.632064    9.790779    3.680686    9.790779    7.383976    0.000000    0.000000    0.000000    0.000000    0.000000    0.000000
  -4.00534   45.573823   10.049694    3.648999   10.049694    7.228153    0.000000    0.000000    0.000000    0.000000    0.000000    0.000000
  -3.99933   44.129474   10.185853    3.577172   10.185853    7.008901    0.000000    0.000000    0.000000    0.000000    0.000000    0.000000
  -3.99333   42.336124   10.184094    3.466802   10.184094    6.737022    0.000000    0.000000    0.000000    0.000000    0.000000    0.000000
  -3.98733   40.252355   10.037610    3.321611   10.037610    6.426075    0.000000    0.000000    0.000000    0.000000    0.000000    0.000000
  -3.98133   37.955396    9.748833    3.147294    9.748833    6.091518    0.000000    0.000000    0.000000    0.000000    0.000000    0.000000
  -3.97533   35.536756    9.329473    2.951223    9.329473    5.749753    0.000000    0.000000    0.000000    0.000000    0.000000    0.000000
  -3.96932   33.096799    8.799718    2.742029    8.799718    5.417164    0.000000    0.000000    0.000000    0.000000    0.000000    0.000000
  -3.96332   30.738775    8.186712    2.529103    8.186712    5.109232    0.000000    0.000000    0.000000    0.000000    0.000000    0.000000
  -3.95732   28.562870    7.522498    2.322064    7.522498    4.839767    0.000000    0.000000    0.000000    0.000000    0.000000    0.000000
  -3.95132   26.660715    6.841666    2.130232    6.841666    4.620316    0.000000    0.000000    0.000000    0.000000    0.000000    0.000000
  -3.94532   25.110727    6.178952    1.962135    6.178952    4.459738    0.000000    0.000000    0.000000    0.000000    0.000000    0.000000
  -3.93931   23.974487    5.567039    1.825084    5.567039    4.363940    0.000000    0.000000    0.000000    0.000000    0.000000    0.000000
  -3.93331   23.294269    5.034738    1.724834    5.034738    4.335762    0.000000    0.000000    0.000000    0.000000    0.000000    0.000000
  -3.92731   23.091712    4.605665    1.665333    4.605665    4.374983    0.000000    0.000000    0.000000    0.000000    0.000000    0.000000
  -3.92131   23.367607    4.297473    1.648567    4.297473    4.478441    0.000000    0.000000    0.000000    0.000000    0.000000    0.000000
  -3.91531   24.102693    4.121616    1.674502    4.121616    4.640251    0.000000    0.000000    0.000000    0.000000    0.000000    0.000000
  -3.90930   25.259400    4.083569    1.741121    4.083569    4.852130    0.000000    0.000000    0.000000    0.000000    0.000000    0.000000
  -3.90330   26.784431    4.183394    1.844556    4.183394    5.103824    0.000000    0.000000    0.000000    0.000000    0.000000    0.000000
  -3.89730   28.612077    4.416539    1.979305    4.416539    5.383644    0.000000    0.000000    0.000000    0.000000    0.000000    0.000000
  -3.89130   30.668123    4.774737    2.138536    4.774737    5.679090    0.000000    0.000000    0.000000    0.000000    0.000000    0.000000
  -3.88530   32.874128    5.246895    2.314467    5.246895    5.977543    0.000000    0.000000    0.000000    0.000000    0.000000    0.000000
  -3.87929   35.151800    5.819890    2.498791    5.819890    6.266955    0.000000    0.000000    0.000000    0.000000    0.000000    0.000000
  -3.87329   37.427143    6.479196    2.683135    6.479196    6.536511    0.000000    0.000000    0.000000    0.000000    0.000000    0.000000
  -3.86729   39.633986    7.209301    2.859513    7.209301    6.777154    0.000000    0.000000    0.000000    0.000000    0.000000    0.000000
  -3.86129   41.716555    7.993915    3.020735    7.993915    6.981952    0.000000    0.000000    0.000000    0.000000    0.000000    0.000000
  -3.85529   43.630820    8.815962    3.160740    8.815962    7.146234    0.000000    0.000000    0.000000    0.000000    0.000000    0.000000
  -3.84928   45.344482    9.657431    3.274834    9.657431    7.267502    0.000000    0.000000    0.000000    0.000000    0.000000    0.000000
  -3.84328   46.835665   10.499148    3.359797   10.499148    7.345132    0.000000    0.000000    0.000000    0.000000    0.000000    0.000000
  -3.83728   48.090577   11.320585    3.413885   11.320585    7.379923    0.000000    0.000000    0.000000    0.000000    0.000000    0.000000
  -3.83128   49.100575   12.099822    3.436711   12.099822    7.373561    0.000000    0.000000    0.000000    0.000000    0.000000    0.000000
  -3.82528   49.859196   12.813790    3.429056   12.813790    7.328114    0.000000    0.000000    0.000000    0.000000    0.000000    0.000000
  -3.81927   50.359745   13.438880    3.392631   13.438880    7.245619    0.000000    0.000000    0.000000    0.000000    0.000000    0.000000
  -3.81327   50.593936   13.951976    3.329829   13.951976    7.127845    0.000000    0.000000    0.000000    0.000000    0.000000    0.000000
  -3.80727   50.551917   14.331890    3.243497   14.331890    6.976263    0.000000    0.000000    0.000000    0.000000    0.000000    0.000000
  -3.80127   50.223752   14.561085    3.136756   14.561085    6.792213    0.000000    0.000000    0.000000    0.000000    0.000000    0.000000
  -3.79527   49.602151   14.627548    3.012879   14.627548    6.577233    0.000000    0.000000    0.000000    0.000000    0.000000    0.000000
  -3.78926   48.685984   14.526538    2.875210   14.526538    6.333463    0.000000    0.000000    0.000000    0.000000    0.000000    0.000000
  -3.78326   47.483947   14.261988    2.727139   14.261988    6.064051    0.000000    0.000000    0.000000    0.000000    0.000000    0.000000
  -3.77726   46.017676   13.847287    2.572090   13.847287    5.773447    0.000000    0.000000    0.000000    0.000000    0.000000    0.000000
  -3.77126   44.323650   13.305269    2.413505   13.305269    5.467539    0.000000    0.000000    0.000000    0.000000    0.000000    0.000000
  -3.76526   42.453427   12.667283    2.254824   12.667283    5.153567    0.000000    0.000000    0.000000    0.000000    0.000000    0.000000
  -3.75925   40.471988   11.971373    2.099431   11.971373    4.839813    0.000000    0.000000    0.000000    0.000000    0.000000    0.000000
  -3.75325   38.454252   11.259679    1.950565   11.259679    4.535107    0.000000    0.000000    0.000000    0.000000    0.000000    0.000000
  -3.74725   36.480114   10.575284    1.811217   10.575284    4.248201    0.000000    0.000000    0.000000    0.000000    0.000000    0.000000
  -3.74125   34.628564    9.958832    1.684001    9.958832    3.987096    0.000000    0.000000    0.000000    0.000000    0.000000    0.000000
  -3.73525   32.971557    9.445245    1.571035    9.445245    3.758408    0.000000    0.000000    0.000000    0.000000    0.000000    0.000000
  -3.72924   31.568360    9.060903    1.473828    9.060903    3.566852    0.000000    0.000000    0.000000    0.000000    0.000000    0.000000
  -3.72324   30.460992    8.821564    1.393203    8.821564    3.414908    0.000000    0.000000    0.000000    0.000000    0.000000    0.000000
  -3.71724   29.671273    8.731276    1.329252    8.731276    3.302697    0.000000    0.000000    0.000000    0.000000    0.000000    0.000000
  -3.71124   29.199757    8.782376    1.281343    8.782376    3.228089    0.000000    0.000000    0.000000    0.000000    0.000000    0.000000
  -3.70524   29.026614    8.956594    1.248174    8.956594    3.187002    0.000000    0.000000    0.000000    0.000000    0.000000    0.000000
  -3.69923   29.114333    9.227134    1.227874    9.227134    3.173872    0.000000    0.000000    0.000000    0.000000    0.000000    0.000000
  -3.69323   29.411856    9.561514    1.218146    9.561514    3.182217    0.000000    0.000000    0.000000    0.000000    0.000000    0.000000
  -3.68723   29.859682    9.924852    1.216445    9.924852    3.205244    0.000000    0.000000    0.000000    0.000000    0.000000    0.000000
  -3.68123   30.395313   10.283240    1.220166   10.283240    3.236409    0.000000    0.000000    0.000000    0.000000    0.000000    0.000000
  -3.67523   30.958457   10.606824    1.226840   10.606824    3.269894    0.000000    0.000000    0.000000    0.000000    0.000000    0.000000
  -3.66922   31.495429   10.872270    1.234305   10.872270    3.300939    0.000000    0.000000    0.000000    0.000000    0.000000    0.000000
  -3.66322   31.962321   11.064337    1.240842   11.064337    3.326007    0.000000    0.000000    0.000000    0.000000    0.000000    0.000000
  -3.65722   32.326726   11.176440    1.245259   11.176440    3.342786    0.000000    0.000000    0.000000    0.000000    0.000000    0.000000
  -3.65122   32.567984   11.210186    1.246915   11.210186    3.350043    0.000000    0.000000    0.000000    0.000000    0.000000    0.000000
  -3.64522   32.676155   11.174025    1.245681   11.174025    3.347380    0.000000    0.000000    0.000000    0.000000    0.000000    0.000000
  -3.63921   32.650088   11.081277    1.241855   11.081277    3.334944    0.000000    0.000000    0.000000    0.000000    0.000000    0.000000
  -3.63321   32.495096   10.947887    1.236052   10.947887    3.313150    0.000000    0.000000    0.000000    0.000000    0.000000    0.000000
  -3.62721   32.220723   10.790252    1.229086   10.790252    3.282497    0.000000    0.000000    0.000000    0.000000    0.000000    0.000000
  -3.62121   31.839076   10.623487    1.221876   10.623487    3.243484    0.000000    0.000000    0.000000    0.000000    0.000000    0.000000
  -3.61521   31.364017   10.460339    1.215402   10.460339    3.196681    0.000000    0.000000    0.000000    0.000000    0.000000    0.000000
  -3.60920   30.811321   10.310880    1.210714   10.310880    3.142930    0.000000    0.000000    0.000000    0.000000    0.000000    0.000000
  -3.60320   30.199685   10.182927    1.209011   10.182927    3.083645    0.000000    0.000000    0.000000    0.000000    0.000000    0.000000
  -3.59720   29.552283   10.082999    1.211751   10.082999    3.021163    0.000000    0.000000    0.000000    0.000000    0.000000    0.000000
  -3.59120   28.898427   10.017528    1.220782   10.017528    2.959055    0.000000    0.000000    0.000000    0.000000    0.000000    0.000000
  -3.58520   28.274815    9.993979    1.238450    9.993979    2.902353    0.000000    0.000000    0.000000    0.000000    0.000000    0.000000
  -3.57919   27.725907   10.021556    1.267644   10.021556    2.857587    0.000000    0.000000    0.000000    0.000000    0.000000    0.000000
  -3.57319   27.303077   10.111256    1.311740   10.111256    2.832625    0.000000    0.000000    0.000000    0.000000    0.000000    0.000000
  -3.56719   27.062376   10.275176    1.374426   10.275176    2.836254    0.000000    0.000000    0.000000    0.000000    0.000000    0.000000
  -3.56119   27.060984   10.525111    1.459408   10.525111    2.877562    0.000000    0.000000    0.000000    0.000000    0.000000    0.000000
  -3.55519   27.352633   10.870667    1.570014   10.870667    2.965126    0.000000    0.000000    0.000000    0.000000    0.000000    0.000000
  -3.54918   27.982501   11.317206    1.708739   11.317206    3.106117    0.000000    0.000000    0.000000    0.000000    0.000000    0.000000
  -3.54318   28.982205   11.864025    1.876788   11.864025    3.305404    0.000000    0.000000    0.000000    0.000000    0.000000    0.000000
  -3.53718   30.365550   12.503138    2.073696   12.503138    3.564780    0.000000    0.000000    0.000000    0.000000    0.000000    0.000000
  -3.53118   32.125664   13.218974    2.297072   13.218974    3.882406    0.000000    0.000000    0.000000    0.000000    0.000000    0.000000
  -3.52518   34.233971   13.989145    2.542550   13.989145    4.252566    0.000000    0.000000    0.000000    0.000000    0.000000    0.000000
  -3.51917   36.641273   14.786276    2.803955   14.786276    4.665793    0.000000    0.000000    0.000000    0.000000    0.000000    0.000000
  -3.51317   39.280913   15.580709    3.073708   15.580709    5.109370    0.000000    0.000000    0.000000    0.000000    0.000000    0.000000
  -3.50717   42.073714   16.343732    3.343421   16.343732    5.568184    0.000000    0.000000    0.000000    0.000000    0.000000    0.000000
  -3.50117   44.934178   17.050895    3.604645   17.050895    6.025854    0.000000    0.000000    0.000000    0.000000    0.000000    0.000000
  -3.49517   47.777188   17.684912    3.849656   17.684912    6.466012    0.000000    0.000000    0.000000    0.000000    0.000000    0.000000
  -3.48916   50.524422   18.237734    4.072203   18.237734    6.873598    0.000000    0.000000    0.000000    0.000000    0.000000    0.000000
  -3.48316   53.109685   18.711431    4.268099   18.711431    7.236025    0.000000    0.000000    0.000000    0.000000    0.000000    0.000000
  -3.47716   55.482505   19.117725    4.435574   19.117725    7.544075    0.000000    0.000000    0.000000    0.000000    0.000000    0.000000
  -3.47116   57.609577   19.476177    4.575330   19.476177    7.792410    0.000000    0.000000    0.000000    0.000000    0.000000    0.000000
  -3.46516   59.473945   19.811235    4.690282   19.811235    7.979655    0.000000    0.000000    0.000000    0.000000    0.000000    0.000000
  -3.45915   61.072105   20.148498    4.785006   20.148498    8.108040    0.000000    0.000000    0.000000    0.000000    0.000000    0.000000
  -3.45315   62.409561   20.510687    4.864959   20.510687    8.182657    0.000000    0.000000    0.000000    0.000000    0.000000    0.000000
  -3.44715   63.495539   20.913833    4.935583   20.913833    8.210442    0.000000    0.000000    0.000000    0.000000    0.000000    0.000000
  -3.44115   64.337734   21.364194    5.001402   21.364194    8.199020    0.000000    0.000000    0.000000    0.000000    0.000000    0.000000
  -3.43515   64.937918   21.856332    5.065252   21.856332    8.155580    0.000000    0.000000    0.000000    0.000000    0.000000    0.000000
  -3.42914   65.289134   22.372582    5.127733   22.372582    8.085919    0.000000    0.000000    0.000000    0.000000    0.000000    0.000000
  -3.42314   65.374910   22.884049    5.186985   22.884049    7.993798    0.000000    0.000000    0.000000    0.000000    0.000000    0.000000
  -3.41714   65.170646   23.352979    5.238805   23.352979    7.880667    0.000000    0.000000    0.000000    0.000000    0.000000    0.000000
  -3.41114   64.646941   23.736258    5.277094   23.736258    7.745792    0.000000    0.000000    0.000000    0.000000    0.000000    0.000000
  -3.40514   63.774363   23.989597    5.294579   23.989597    7.586747    0.000000    0.000000    0.000000    0.000000    0.000000    0.000000
  -3.39913   62.528915   24.071914    5.283714   24.071914    7.400183    0.000000    0.000000    0.000000    0.000000    0.000000    0.000000
  -3.39313   60.897399   23.949403    5.237637   23.949403    7.182749    0.000000    0.000000    0.000000    0.000000    0.000000    0.000000
  -3.38713   58.881879   23.598855    5.151072   23.598855    6.932048    0.000000    0.000000    0.000000    0.000000    0.000000    0.000000
  -3.38113   56.502665   23.009883    5.021060   23.009883    6.647475    0.000000    0.000000    0.000000    0.000000    0.000000    0.000000
  -3.37513   53.799426   22.185898    4.847449   22.185898    6.330849    0.000000    0.000000    0.000000    0.000000    0.000000    0.000000
  -3.36912   50.830386   21.143809    4.633084   21.143809    5.986762    0.000000    0.000000    0.000000    0.000000    0.000000    0.000000
  -3.36312   47.669760   19.912579    4.383702   19.912579    5.622614    0.000000    0.000000    0.000000    0.000000    0.000000    0.000000
  -3.35712   44.403837   18.530902    4.107561   18.530902    5.248336    0.000000    0.000000    0.000000    0.000000    0.000000    0.000000
  -3.35112   41.126195   17.044305    3.814846   17.044305    4.875857    0.000000    0.000000    0.000000    0.000000    0.000000    0.000000
  -3.34512   37.932560   15.501998    3.516933   15.501998    4.518367    0.000000    0.000000    0.000000    0.000000    0.000000    0.000000
  -3.33911   34.915789   13.953794    3.225591   13.953794    4.189457    0.000000    0.000000    0.000000    0.000000    0.000000    0.000000
  -3.33311   32.161311   12.447320    2.952189   12.447320    3.902221    0.000000    0.000000    0.000000    0.000000    0.000000    0.000000
  -3.32711   29.743260   11.025691    2.706973   11.025691    3.668385    0.000000    0.000000    0.000000    0.000000    0.000000    0.000000
  -3.32111   27.721430    9.725728    2.498462    9.725728    3.497535    0.000000    0.000000    0.000000    0.000000    0.000000    0.000000
  -3.31511   26.139062    8.576726    2.332991    8.576726    3.396480    0.000000    0.000000    0.000000    0.000000    0.000000    0.000000
  -3.30910   25.021465    7.599750    2.214424    7.599750    3.368808    0.000000    0.000000    0.000000    0.000000    0.000000    0.000000
  -3.30310   24.375439    6.807376    2.144023    6.807376    3.414634    0.000000    0.000000    0.000000    0.000000    0.000000    0.000000
  -3.29710   24.189458    6.203816    2.120485    6.203816    3.530553    0.000000    0.000000    0.000000    0.000000    0.000000    0.000000
  -3.29110   24.434591    5.785352    2.140112    5.785352    3.709811    0.000000    0.000000    0.000000    0.000000    0.000000    0.000000
  -3.28510   25.066142    5.541032    2.197113    5.541032    3.942658    0.000000    0.000000    0.000000    0.000000    0.000000    0.000000
  -3.27909   26.025943    5.453591    2.284003    5.453591    4.216875    0.000000    0.000000    0.000000    0.000000    0.000000    0.000000
  -3.27309   27.245235    5.500582    2.392084    5.500582    4.518434    0.000000    0.000000    0.000000    0.000000    0.000000    0.000000
  -3.26709   28.648002    5.655694    2.511977    5.655694    4.832266    0.000000    0.000000    0.000000    0.000000    0.000000    0.000000
  -3.26109   30.154593    5.890253    2.634189    5.890253    5.143073    0.000000    0.000000    0.000000    0.000000    0.000000    0.000000
  -3.25509   31.685428    6.174835    2.749666    6.174835    5.436153    0.000000    0.000000    0.000000    0.000000    0.000000    0.000000
  -3.24908   33.164579    6.480950    2.850332    6.480950    5.698182    0.000000    0.000000    0.000000    0.000000    0.000000    0.000000
  -3.24308   34.522999    6.782682    2.929541    6.782682    5.917890    0.000000    0.000000    0.000000    0.000000    0.000000    0.000000
  -3.23708   35.701230    7.058166    2.982452    7.058166    6.086618    0.000000    0.000000    0.000000    0.000000    0.000000    0.000000
  -3.23108   36.651454    7.290763    3.006258    7.290763    6.198681    0.000000    0.000000    0.000000    0.000000    0.000000    0.000000
  -3.22508   37.338805    7.469818    3.000278    7.469818    6.251547    0.000000    0.000000    0.000000    0.000000    0.000000    0.000000
  -3.21907   37.741945    7.590904    2.965884    7.590904    6.245808    0.000000    0.000000    0.000000    0.000000    0.000000    0.000000
  -3.21307   37.852947    7.655509    2.906278    7.655509    6.184946    0.000000    0.000000    0.000000    0.000000    0.000000    0.000000
  -3.20707   37.676576    7.670201    2.826129    7.670201    6.074939    0.000000    0.000000    0.000000    0.000000    0.000000    0.000000
  -3.20107   37.229094    7.645361    2.731110    7.645361    5.923727    0.000000    0.000000    0.000000    0.000000    0.000000    0.000000
  -3.19507   36.536701    7.593635    2.627383    7.593635    5.740588    0.000000    0.000000    0.000000    0.000000    0.000000    0.000000
  -3.18906   35.633743    7.528297    2.521075    7.528297    5.535487    0.000000    0.000000    0.000000    0.000000    0.000000    0.000000
  -3.18306   34.560753    7.461727    2.417798    7.461727    5.318437    0.000000    0.000000    0.000000    0.000000    0.000000    0.000000
  -3.17706   33.362420    7.404162    2.322256    7.404162    5.098920    0.000000    0.000000    0.000000    0.000000    0.000000    0.000000
  -3.17106   32.085495    7.362867    2.237972    7.362867    4.885408    0.000000    0.000000    0.000000    0.000000    0.000000    0.000000
  -3.16506   30.776711    7.341769    2.167148    7.341769    4.684999    0.000000    0.000000    0.000000    0.000000    0.000000    0.000000
  -3.15905   29.480735    7.341560    2.110659    7.341560    4.503195    0.000000    0.000000    0.000000    0.000000    0.000000    0.000000
  -3.15305   28.238227    7.360169    2.068168    7.360169    4.343810    0.000000    0.000000    0.000000    0.000000    0.000000    0.000000
  -3.14705   27.084100    7.393520    2.038342    7.393520    4.209014    0.000000    0.000000    0.000000    0.000000    0.000000    0.000000
  -3.14105   26.046077    7.436390    2.019123    7.436390    4.099490    0.000000    0.000000    0.000000    0.000000    0.000000    0.000000
  -3.13505   25.143673    7.483268    2.008042    7.483268    4.014682    0.000000    0.000000    0.000000    0.000000    0.000000    0.000000
  -3.12904   24.387686    7.529063    2.002523    7.529063    3.953103    0.000000    0.000000    0.000000    0.000000    0.000000    0.000000
  -3.12304   23.780256    7.569610    2.000160    7.569610    3.912669    0.000000    0.000000    0.000000    0.000000    0.000000    0.000000
  -3.11704   23.315506    7.601923    1.998936    7.601923    3.891020    0.000000    0.000000    0.000000    0.000000    0.000000    0.000000
  -3.11104   22.980677    7.624211    1.997369    7.624211    3.885786    0.000000    0.000000    0.000000    0.000000    0.000000    0.000000
  -3.10504   22.757661    7.635695    1.994590    7.635695    3.894771    0.000000    0.000000    0.000000    0.000000    0.000000    0.000000
  -3.09903   22.624741    7.636291    1.990327    7.636291    3.916040    0.000000    0.000000    0.000000    0.000000    0.000000    0.000000
  -3.09303   22.558384    7.626224    1.984826    7.626224    3.947897    0.000000    0.000000    0.000000    0.000000    0.000000    0.000000
  -3.08703   22.534916    7.605656    1.978712    7.605656    3.988777    0.000000    0.000000    0.000000    0.000000    0.000000    0.000000
  -3.08103   22.531944    7.574363    1.972808    7.574363    4.037083    0.000000    0.000000    0.000000    0.000000    0.000000    0.000000
  -3.07503   22.529487    7.531512    1.967944    7.531512    4.091005    0.000000    0.000000    0.000000    0.000000    0.000000    0.000000
  -3.06902   22.510772    7.475561    1.964766    7.475561    4.148379    0.000000    0.000000    0.000000    0.000000    0.000000    0.000000
  -3.06302   22.462735    7.404278    1.963584    7.404278    4.206619    0.000000    0.000000    0.000000    0.000000    0.000000    0.000000
  -3.05702   22.376286    7.314878    1.964266    7.314878    4.262756    0.000000    0.000000    0.000000    0.000000    0.000000    0.000000
  -3.05102   22.246360    7.204259    1.966194    7.204259    4.313585    0.000000    0.000000    0.000000    0.000000    0.000000    0.000000
  -3.04502   22.071803    7.069315    1.968289    7.069315    4.355909    0.000000    0.000000    0.000000    0.000000    0.000000    0.000000
  -3.03901   21.855099    6.907282    1.969110    6.907282    4.386847    0.000000    0.000000    0.000000    0.000000    0.000000    0.000000
  -3.03301   21.601938    6.716117    1.966993    6.716117    4.404157    0.000000    0.000000    0.000000    0.000000    0.000000    0.000000
  -3.02701   21.320621    6.494835    1.960251    6.494835    4.406533    0.000000    0.000000    0.000000    0.000000    0.000000    0.000000
  -3.02101   21.021352    6.243814    1.947384    6.243814    4.393837    0.000000    0.000000    0.000000    0.000000    0.000000    0.000000
  -3.01501   20.715482    5.965001    1.927299    5.965001    4.367243    0.000000    0.000000    0.000000    0.000000    0.000000    0.000000
  -3.00900   20.414817    5.662021    1.899511    5.662021    4.329311    0.000000    0.000000    0.000000    0.000000    0.000000    0.000000
  -3.00300   20.131140    5.340175    1.864319    5.340175    4.283980    0.000000    0.000000    0.000000    0.000000    0.000000    0.000000
  -2.99700   19.876066    5.006302    1.822927    5.006302    4.236524    0.000000    0.000000    0.000000    0.000000    0.000000    0.000000
  -2.99100   19.661313    4.668550    1.777513    4.668550    4.193492    0.000000    0.000000    0.000000    0.000000    0.000000    0.000000
  -2.98499   19.499369    4.336036    1.731230    4.336036    4.162617    0.000000    0.000000    0.000000    0.000000    0.000000    0.000000
  -2.97899   19.404429    4.018451    1.688125    4.018451    4.152707    0.000000    0.000000    0.000000    0.000000    0.000000    0.000000
  -2.97299   19.393361    3.725612    1.652979    3.725612    4.173465    0.000000    0.000000    0.000000    0.000000    0.000000    0.000000
  -2.96699   19.486402    3.466995    1.631053    3.466995    4.235184    0.000000    0.000000    0.000000    0.000000    0.000000    0.000000
  -2.96099   19.707230    3.251263    1.627755    3.251263    4.348283    0.000000    0.000000    0.000000    0.000000    0.000000    0.000000
  -2.95498   20.082169    3.085806    1.648221    3.085806    4.522637    0.000000    0.000000    0.000000    0.000000    0.000000    0.000000
  -2.94898   20.638380    2.976301    1.696850    2.976301    4.766715    0.000000    0.000000    0.000000    0.000000    0.000000    0.000000
  -2.94298   21.401096    2.926319    1.776811    2.926319    5.086561    0.000000    0.000000    0.000000    0.000000    0.000000    0.000000
  -2.93698   22.390163    2.936991    1.889583    2.936991    5.484730    0.000000    0.000000    0.000000    0.000000    0.000000    0.000000
  -2.93098   23.616332    3.006769    2.034570    3.006769    5.959312    0.000000    0.000000    0.000000    0.000000    0.000000    0.000000
  -2.92497   25.077866    3.131315    2.208857    3.131315    6.503213    0.000000    0.000000    0.000000    0.000000    0.000000    0.000000
  -2.91897   26.758048    3.303552    2.407156    3.303552    7.103839    0.000000    0.000000    0.000000    0.000000    0.000000    0.000000
  -2.91297   28.624083    3.513911    2.621974    3.513911    7.743322    0.000000    0.000000    0.000000    0.000000    0.000000    0.000000
  -2.90697   30.627731    3.750783    2.844013    3.750783    8.399332    0.000000    0.000000    0.000000    0.000000    0.000000    0.000000
  -2.90097   32.707733    4.001173    3.062789    4.001173    9.046463    0.000000    0.000000    0.000000    0.000000    0.000000    0.000000
  -2.89496   34.793838    4.251528    3.267427    4.251528    9.658077    0.000000    0.000000    0.000000    0.000000    0.000000    0.000000
  -2.88896   36.811996    4.488674    3.447535    4.488674   10.208434    0.000000    0.000000    0.000000    0.000000    0.000000    0.000000
  -2.88296   38.690117    4.700793    3.594102    4.700793   10.674858    0.000000    0.000000    0.000000    0.000000    0.000000    0.000000
  -2.87696   40.363697    4.878350    3.700287    4.878350   11.039693    0.000000    0.000000    0.000000    0.000000    0.000000    0.000000
  -2.87096   41.780684    5.014861    3.762042    5.014861   11.291831    0.000000    0.000000    0.000000    0.000000    0.000000    0.000000
  -2.86495   42.905053    5.107438    3.778476    5.107438   11.427615    0.000000    0.000000    0.000000    0.000000    0.000000    0.000000
  -2.85895   43.718780    5.157026    3.751943    5.157026   11.451061    0.000000    0.000000    0.000000    0.000000    0.000000    0.000000
  -2.85295   44.222118    5.168303    3.687834    5.168303   11.373362    0.000000    0.000000    0.000000    0.000000    0.000000    0.000000
  -2.84695   44.432321    5.149222    3.594107    5.149222   11.211800    0.000000    0.000000    0.000000    0.000000    0.000000    0.000000
  -2.84095   44.381094    5.110242    3.480620    5.110242   10.988197    0.000000    0.000000    0.000000    0.000000    0.000000    0.000000
  -2.83494   44.111213    5.063300    3.358320    5.063300   10.727114    0.000000    0.000000    0.000000    0.000000    0.000000    0.000000
  -2.82894   43.672738    5.020617    3.238396    5.020617   10.453986    0.000000    0.000000    0.000000    0.000000    0.000000    0.000000
  -2.82294   43.119260    4.993468    3.131450    4.993468   10.193388    0.000000    0.000000    0.000000    0.000000    0.000000    0.000000
  -2.81694   42.504500    4.991034    3.046782    4.991034    9.967560    0.000000    0.000000    0.000000    0.000000    0.000000    0.000000
  -2.81094   41.879512    5.019465    2.991813    5.019465    9.795284    0.000000    0.000000    0.000000    0.000000    0.000000    0.000000
  -2.80493   41.290590    5.081279    2.971715    5.081279    9.691153    0.000000    0.000000    0.000000    0.000000    0.000000    0.000000
  -2.79893   40.777901    5.175154    2.989227    5.175154    9.665219    0.000000    0.000000    0.000000    0.000000    0.000000    0.000000
  -2.79293   40.374780    5.296157    3.044694    5.296157    9.723015    0.000000    0.000000    0.000000    0.000000    0.000000    0.000000
  -2.78693   40.107583    5.436387    3.136283    5.436387    9.865879    0.000000    0.000000    0.000000    0.000000    0.000000    0.000000
  -2.78093   39.995949    5.585958    3.260366    5.585958   10.091538    0.000000    0.000000    0.000000    0.000000    0.000000    0.000000
  -2.77492   40.053349    5.734192    3.412011    5.734192   10.394892    0.000000    0.000000    0.000000    0.000000    0.000000    0.000000
  -2.76892   40.287766    5.870875    3.585550    5.870875   10.768924    0.000000    0.000000    0.000000    0.000000    0.000000    0.000000
  -2.76292   40.702416    5.987404    3.775147    5.987404   11.205664    0.000000    0.000000    0.000000    0.000000    0.000000    0.000000
  -2.75692   41.296390    6.077682    3.975319    6.077682   11.697117    0.000000    0.000000    0.000000    0.000000    0.000000    0.000000
  -2.75092   42.065143    6.138634    4.181353    6.138634   12.236064    0.000000    0.000000    0.000000    0.000000    0.000000    0.000000
  -2.74491   43.000786    6.170298    4.389575    6.170298   12.816655    0.000000    0.000000    0.000000    0.000000    0.000000    0.000000
  -2.73891   44.092153    6.175486    4.597441    6.175486   13.434706    0.000000    0.000000    0.000000    0.000000    0.000000    0.000000
  -2.73291   45.324655    6.159084    4.803464    6.159084   14.087659    0.000000    0.000000    0.000000    0.000000    0.000000    0.000000
  -2.72691   46.679980    6.127118    5.006972    6.127118   14.774209    0.000000    0.000000    0.000000    0.000000    0.000000    0.000000
  -2.72091   48.135725    6.085743    5.207772    6.085743   15.493620    0.000000    0.000000    0.000000    0.000000    0.000000    0.000000
  -2.71490   49.665063    6.040304    5.405753    6.040304   16.244826    0.000000    0.000000    0.000000    0.000000    0.000000    0.000000
  -2.70890   51.236583    5.994638    5.600506    5.994638   17.025415    0.000000    0.000000    0.000000    0.000000    0.000000    0.000000
  -2.70290   52.814418    5.950696    5.791028    5.950696   17.830658    0.000000    0.000000    0.000000    0.000000    0.000000    0.000000
  -2.69690   54.358746    5.908561    5.975534    5.908561   18.652695    0.000000    0.000000    0.000000    0.000000    0.000000    0.000000
  -2.69090   55.826742    5.866822    6.151424    5.866822   19.480012    0.000000    0.000000    0.000000    0.000000    0.000000    0.000000
  -2.68489   57.173975    5.823239    6.315390    5.823239   20.297307    0.000000    0.000000    0.000000    0.000000    0.000000    0.000000
  -2.67889   58.356212    5.775578    6.463637    5.775578   21.085793    0.000000    0.000000    0.000000    0.000000    0.000000    0.000000
  -2.67289   59.331549    5.722449    6.592197    5.722449   21.823962    0.000000    0.000000    0.000000    0.000000    0.000000    0.000000
  -2.66689   60.062726    5.664005    6.697273    5.664005   22.488771    0.000000    0.000000    0.000000    0.000000    0.000000    0.000000
  -2.66089   60.519468    5.602363    6.775586    5.602363   23.057183    0.000000    0.000000    0.000000    0.000000    0.000000    0.000000
  -2.65488   60.680666    5.541662    6.824702    5.541662   23.507957    0.000000    0.000000    0.000000    0.000000    0.000000    0.000000
  -2.64888   60.536203    5.487724    6.843302    5.487724   23.823545    0.000000    0.000000    0.000000    0.000000    0.000000    0.000000
  -2.64288   60.088256    5.447366    6.831423    5.447366   23.991924    0.000000    0.000000    0.000000    0.000000    0.000000    0.000000
  -2.63688   59.351922    5.427450    6.790656    5.427450   24.008201    0.000000    0.000000    0.000000    0.000000    0.000000    0.000000
  -2.63088   58.355071    5.433834    6.724312    5.433834   23.875810    0.000000    0.000000    0.000000    0.000000    0.000000    0.000000
  -2.62487   57.137403    5.470374    6.637558    5.470374   23.607156    0.000000    0.000000    0.000000    0.000000    0.000000    0.000000
  -2.61887   55.748755    5.538171    6.537507    5.538171   23.223602    0.000000    0.000000    0.000000    0.000000    0.000000    0.000000
  -2.61287   54.246778    5.635177    6.433242    5.635177   22.754738    0.000000    0.000000    0.000000    0.000000    0.000000    0.000000
  -2.60687   52.694170    5.756256    6.335732    5.756256   22.236966    0.000000    0.000000    0.000000    0.000000    0.000000    0.000000
  -2.60087   51.155683    5.893704    6.257617    5.893704   21.711468    0.000000    0.000000    0.000000    0.000000    0.000000    0.000000
  -2.59486   49.695114    6.038172    6.212821    6.038172   21.221724    0.000000    0.000000    0.000000    0.000000    0.000000    0.000000
  -2.58886   48.372480    6.179840    6.215986    6.179840   20.810766    0.000000    0.000000    0.000000    0.000000    0.000000    0.000000
  -2.58286   47.241524    6.309675    6.281722    6.309675   20.518388    0.000000    0.000000    0.000000    0.000000    0.000000    0.000000
  -2.57686   46.347630    6.420563    6.423725    6.420563   20.378564    0.000000    0.000000    0.000000    0.000000    0.000000    0.000000
  -2.57086   45.726221    6.508134    6.653796    6.508134   20.417270    0.000000    0.000000    0.000000    0.000000    0.000000    0.000000
  -2.56485   45.401647    6.571142    6.980860    6.571142   20.650905    0.000000    0.000000    0.000000    0.000000    0.000000    0.000000
  -2.55885   45.386601    6.611342    7.410067    6.611342   21.085446    0.000000    0.000000    0.000000    0.000000    0.000000    0.000000
  -2.55285   45.682100    6.632888    7.942081    6.632888   21.716411    0.000000    0.000000    0.000000    0.000000    0.000000    0.000000
  -2.54685   46.278061    6.641377    8.572650    6.641377   22.529622    0.000000    0.000000    0.000000    0.000000    0.000000    0.000000
  -2.54085   47.154499    6.642688    9.292521    6.642688   23.502706    0.000000    0.000000    0.000000    0.000000    0.000000    0.000000
  -2.53484   48.283328    6.641854   10.087746    6.641854   24.607166    0.000000    0.000000    0.000000    0.000000    0.000000    0.000000
  -2.52884   49.630614    6.642145   10.940367    6.642145   25.810804    0.000000    0.000000    0.000000    0.000000    0.000000    0.000000
  -2.52284   51.159106    6.644532   11.829434    6.644532   27.080206    0.000000    0.000000    0.000000    0.000000    0.000000    0.000000
  -2.51684   52.830689    6.647616   12.732253    6.647616   28.383012    0.000000    0.000000    0.000000    0.000000    0.000000    0.000000
  -2.51084   54.608435    6.648020   13.625746    6.648020   29.689680    0.000000    0.000000    0.000000    0.000000    0.000000    0.000000
  -2.50483   56.457891    6.641153   14.487768    6.641153   30.974551    0.000000    0.000000    0.000000    0.000000    0.000000    0.000000
  -2.49883   58.347397    6.622212   15.298247    6.622212   32.216126    0.000000    0.000000    0.000000    0.000000    0.000000    0.000000
  -2.49283   60.247391    6.587216   16.040043    6.587216   33.396585    0.000000    0.000000    0.000000    0.000000    0.000000    0.000000
  -2.48683   62.128874    6.533896   16.699469    6.533896   34.500751    0.000000    0.000000    0.000000    0.000000    0.000000    0.000000
  -2.48083   63.961465    6.462296   17.266468    6.462296   35.514783    0.000000    0.000000    0.000000    0.000000    0.000000    0.000000
  -2.47482   65.711578    6.374968   17.734506    6.374968   36.424966    0.000000    0.000000    0.000000    0.000000    0.000000    0.000000
  -2.46882   67.341340    6.276765   18.100283    6.276765   37.216944    0.000000    0.000000    0.000000    0.000000    0.000000    0.000000
  -2.46282   68.808742    6.174261   18.363364    6.174261   37.875647    0.000000    0.000000    0.000000    0.000000    0.000000    0.000000
  -2.45682   70.069288    6.074903   18.525844    6.074903   38.386053    0.000000    0.000000    0.000000    0.000000    0.000000    0.000000
  -2.45082   71.079109    5.986041   18.592092    5.986041   38.734666    0.000000    0.000000    0.000000    0.000000    0.000000    0.000000
  -2.44481   71.799125    5.913962   18.568606    5.913962   38.911498    0.000000    0.000000    0.000000    0.000000    0.000000    0.000000
  -2.43881   72.199588    5.863074   18.463901    5.863074   38.912116    0.000000    0.000000    0.000000    0.000000    0.000000    0.000000
  -2.43281   72.264139    5.835325   18.288370    5.835325   38.739326    0.000000    0.000000    0.000000    0.000000    0.000000    0.000000
  -2.42681   71.992548    5.829921   18.053999    5.829921   38.404056    0.000000    0.000000    0.000000    0.000000    0.000000    0.000000
  -2.42081   71.401507    5.843352   17.773873    5.843352   37.925172    0.000000    0.000000    0.000000    0.000000    0.000000    0.000000
  -2.41480   70.523190    5.869716   17.461446    5.869716   37.328152    0.000000    0.000000    0.000000    0.000000    0.000000    0.000000
  -2.40880   69.401753    5.901284   17.129619    5.901284   36.642794    0.000000    0.000000    0.000000    0.000000    0.000000    0.000000
  -2.40280   68.088360    5.929250   16.789756    5.929250   35.900340    0.000000    0.000000    0.000000    0.000000    0.000000    0.000000
  -2.39680   66.635653    5.944583   16.450804    5.944583   35.130565    0.000000    0.000000    0.000000    0.000000    0.000000    0.000000
  -2.39080   65.092700    5.938911   16.118696    5.938911   34.359365    0.000000    0.000000    0.000000    0.000000    0.000000    0.000000
  -2.38479   63.501377    5.905344   15.796181    5.905344   33.607345    0.000000    0.000000    0.000000    0.000000    0.000000    0.000000
  -2.37879   61.894810    5.839181   15.483153    5.839181   32.889633    0.000000    0.000000    0.000000    0.000000    0.000000    0.000000
  -2.37279   60.298068    5.738408   15.177458    5.738408   32.216928    0.000000    0.000000    0.000000    0.000000    0.000000    0.000000
  -2.36679   58.730782    5.603952   14.876014    5.603952   31.597491    0.000000    0.000000    0.000000    0.000000    0.000000    0.000000
  -2.36079   57.210927    5.439654   14.576066    5.439654   31.039541    0.000000    0.000000    0.000000    0.000000    0.000000    0.000000
  -2.35478   55.758737    5.251946   14.276286    5.251946   30.553445    0.000000    0.000000    0.000000    0.000000    0.000000    0.000000
  -2.34878   54.399666    5.049269   13.977515    5.049269   30.153072    0.000000    0.000000    0.000000    0.000000    0.000000    0.000000
  -2.34278   53.165534    4.841274   13.682963    4.841274   29.855874    0.000000    0.000000    0.000000    0.000000    0.000000    0.000000
  -2.33678   52.093365    4.637909   13.397824    4.637909   29.681500    0.000000    0.000000    0.000000    0.000000    0.000000    0.000000
  -2.33078   51.221955    4.448481   13.128382    4.448481   29.649088    0.000000    0.000000    0.000000    0.000000    0.000000    0.000000
  -2.32477   50.586714    4.280802   12.880777    4.280802   29.773656    0.000000    0.000000    0.000000    0.000000    0.000000    0.000000
  -2.31877   50.213717    4.140528   12.659688    4.140528   30.062249    0.000000    0.000000    0.000000    0.000000    0.000000    0.000000
  -2.31277   50.114092    4.030750   12.467201    4.030750   30.510569    0.000000    0.000000    0.000000    0.000000    0.000000    0.000000
  -2.30677   50.279870    3.951884   12.302093    3.951884   31.100772    0.000000    0.000000    0.000000    0.000000    0.000000    0.000000
  -2.30077   50.682136    3.901850   12.159681    3.901850   31.800930    0.000000    0.000000    0.000000    0.000000    0.000000    0.000000
  -2.29476   51.271910    3.876501   12.032281    3.876501   32.566359    0.000000    0.000000    0.000000    0.000000    0.000000    0.000000
  -2.28876   51.983739    3.870222   11.910192    3.870222   33.342728    0.000000    0.000000    0.000000    0.000000    0.000000    0.000000
  -2.28276   52.741469    3.876619   11.783082    3.876619   34.070559    0.000000    0.000000    0.000000    0.000000    0.000000    0.000000
  -2.27676   53.465395    3.889190   11.641524    3.889190   34.690544    0.000000    0.000000    0.000000    0.000000    0.000000    0.000000
  -2.27076   54.079780    3.901920   11.478503    3.901920   35.148985    0.000000    0.000000    0.000000    0.000000    0.000000    0.000000
  -2.26475   54.519770    3.909722   11.290669    3.909722   35.402714    0.000000    0.000000    0.000000    0.000000    0.000000    0.000000
  -2.25875   54.736924    3.908724   11.079221    3.908724   35.422954    0.000000    0.000000    0.000000    0.000000    0.000000    0.000000
  -2.25275   54.702854    3.896392   10.850336    3.896392   35.197779    0.000000    0.000000    0.000000    0.000000    0.000000    0.000000
  -2.24675   54.410779    3.871527   10.615135    3.871527   34.733032    0.000000    0.000000    0.000000    0.000000    0.000000    0.000000
  -2.24075   53.875106    3.834166   10.389208    3.834166   34.051783    0.000000    0.000000    0.000000    0.000000    0.000000    0.000000
  -2.23474   53.129352    3.785438   10.191770    3.785438   33.192501    0.000000    0.000000    0.000000    0.000000    0.000000    0.000000
  -2.22874   52.222811    3.727407   10.044500    3.727407   32.206251    0.000000    0.000000    0.000000    0.000000    0.000000    0.000000
  -2.22274   51.216435    3.662909    9.970129    3.662909   31.153220    0.000000    0.000000    0.000000    0.000000    0.000000    0.000000
  -2.21674   50.178293    3.595397    9.990865    3.595397   30.098857    0.000000    0.000000    0.000000    0.000000    0.000000    0.000000
  -2.21074   49.178942    3.528783   10.126698    3.528783   29.109875    0.000000    0.000000    0.000000    0.000000    0.000000    0.000000
  -2.20473   48.286924    3.467258   10.393705    3.467258   28.250311    0.000000    0.000000    0.000000    0.000000    0.000000    0.000000
  -2.19873   47.564575    3.415077   10.802458    3.415077   27.577810    0.000000    0.000000    0.000000    0.000000    0.000000    0.000000
  -2.19273   47.064293    3.376314   11.356677    3.376314   27.140281    0.000000    0.000000    0.000000    0.000000    0.000000    0.000000
  -2.18673   46.825409    3.354578   12.052281    3.354578   26.973062    0.000000    0.000000    0.000000    0.000000    0.000000    0.000000
  -2.18073   46.871832    3.352730   12.876986    3.352730   27.096761    0.000000    0.000000    0.000000    0.000000    0.000000    0.000000
  -2.17472   47.210617    3.372613   13.810562    3.372613   27.515919    0.000000    0.000000    0.000000    0.000000    0.000000    0.000000
  -2.16872   47.831595    3.414842   14.825805    3.414842   28.218612    0.000000    0.000000    0.000000    0.000000    0.000000    0.000000
  -2.16272   48.708154    3.478681   15.890188    3.478681   29.177106    0.000000    0.000000    0.000000    0.000000    0.000000    0.000000
  -2.15672   49.799188    3.562034   16.968099    3.562034   30.349565    0.000000    0.000000    0.000000    0.000000    0.000000    0.000000
  -2.15072   51.052109    3.661571   18.023447    3.661571   31.682760    0.000000    0.000000    0.000000    0.000000    0.000000    0.000000
  -2.14471   52.406749    3.772972   19.022393    3.772972   33.115625    0.000000    0.000000    0.000000    0.000000    0.000000    0.000000
  -2.13871   53.799865    3.891282   19.935911    3.891282   34.583408    0.000000    0.000000    0.000000    0.000000    0.000000    0.000000
  -2.13271   55.169865    4.011336   20.741885    4.011336   36.022100    0.000000    0.000000    0.000000    0.000000    0.000000    0.000000
  -2.12671   56.461344    4.128205   21.426516    4.128205   37.372764    0.000000    0.000000    0.000000    0.000000    0.000000    0.000000
  -2.12071   57.628993    4.237622   21.984865    4.237622   38.585371    0.000000    0.000000    0.000000    0.000000    0.000000    0.000000
  -2.11470   58.640455    4.336313   22.420462    4.336313   39.621793    0.000000    0.000000    0.000000    0.000000    0.000000    0.000000
  -2.10870   59.477828    4.422213   22.744055    4.422213   40.457648    0.000000    0.000000    0.000000    0.000000    0.000000    0.000000
  -2.10270   60.137605    4.494525   22.971631    4.494525   41.082832    0.000000    0.000000    0.000000    0.000000    0.000000    0.000000
  -2.09670   60.629072    4.553617   23.121978    4.553617   41.500727    0.000000    0.000000    0.000000    0.000000    0.000000    0.000000
  -2.09070   60.971376    4.600788   23.214100    4.600788   41.726214    0.000000    0.000000    0.000000    0.000000    0.000000    0.000000
  -2.08469   61.189704    4.637940   23.264827    4.637940   41.782828    0.000000    0.000000    0.000000    0.000000    0.000000    0.000000
  -2.07869   61.311175    4.667229   23.286941    4.667229   41.699471    0.000000    0.000000    0.000000    0.000000    0.000000    0.000000
  -2.07269   61.361142    4.690746   23.288071    4.690746   41.507202    0.000000    0.000000    0.000000    0.000000    0.000000    0.000000
  -2.06669   61.360573    4.710324   23.270533    4.710324   41.236579    0.000000    0.000000    0.000000    0.000000    0.000000    0.000000
  -2.06069   61.325009    4.727483   23.232124    4.727483   40.915958    0.000000    0.000000    0.000000    0.000000    0.000000    0.000000
  -2.05468   61.265354    4.743555   23.167778    4.743555   40.570931    0.000000    0.000000    0.000000    0.000000    0.000000    0.000000
  -2.04868   61.190375    4.759940   23.071846    4.759940   40.224915    0.000000    0.000000    0.000000    0.000000    0.000000    0.000000
  -2.04268   61.110433    4.778457   22.940647    4.778457   39.900628    0.000000    0.000000    0.000000    0.000000    0.000000    0.000000
  -2.03668   61.041691    4.801694   22.774913    4.801694   39.621997    0.000000    0.000000    0.000000    0.000000    0.000000    0.000000
  -2.03068   61.009832    4.833256   22.581724    4.833256   39.415949    0.000000    0.000000    0.000000    0.000000    0.000000    0.000000
  -2.02467   61.052333    4.877836   22.375575    4.877836   39.313488    0.000000    0.000000    0.000000    0.000000    0.000000    0.000000
  -2.01867   61.218539    4.941029   22.178362    4.941029   39.349594    0.000000    0.000000    0.000000    0.000000    0.000000    0.000000
  -2.01267   61.567104    5.028893   22.018186    5.028893   39.561665    0.000000    0.000000    0.000000    0.000000    0.000000    0.000000
  -2.00667   62.160862    5.147264   21.927047    5.147264   39.986531    0.000000    0.000000    0.000000    0.000000    0.000000    0.000000
  -2.00067   63.059651    5.300920   21.937675    5.300920   40.656314    0.000000    0.000000    0.000000    0.000000    0.000000    0.000000
  -1.99466   64.312040    5.492706   22.079863    5.492706   41.593731    0.000000    0.000000    0.000000    0.000000    0.000000    0.000000
  -1.98866   65.947174    5.722764   22.376739    5.722764   42.807529    0.000000    0.000000    0.000000    0.000000    0.000000    0.000000
  -1.98266   67.968010    5.987985   22.841459    5.987985   44.288842    0.000000    0.000000    0.000000    0.000000    0.000000    0.000000
  -1.97666   70.347049    6.281809   23.474737    6.281809   46.009130    0.000000    0.000000    0.000000    0.000000    0.000000    0.000000
  -1.97066   73.025316    6.594418   24.263534    6.594418   47.920141    0.000000    0.000000    0.000000    0.000000    0.000000    0.000000
  -1.96465   75.914851    6.913317   25.181081    6.913317   49.956065    0.000000    0.000000    0.000000    0.000000    0.000000    0.000000
  -1.95865   78.904470    7.224256   26.188259    7.224256   52.037686    0.000000    0.000000    0.000000    0.000000    0.000000    0.000000
  -1.95265   81.868074    7.512377   27.236190    7.512377   54.078094    0.000000    0.000000    0.000000    0.000000    0.000000    0.000000
  -1.94665   84.674491    7.763433   28.269769    7.763433   55.989270    0.000000    0.000000    0.000000    0.000000    0.000000    0.000000
  -1.94065   87.197669    7.964954   29.231796    7.964954   57.688794    0.000000    0.000000    0.000000    0.000000    0.000000    0.000000
  -1.93464   89.326127    8.107211   30.067300    8.107211   59.105951    0.000000    0.000000    0.000000    0.000000    0.000000    0.000000
  -1.92864   90.970745    8.183887   30.727691    8.183887   60.186647    0.000000    0.000000    0.000000    0.000000    0.000000    0.000000
  -1.92264   92.070313    8.192413   31.174381    8.192413   60.896725    0.000000    0.000000    0.000000    0.000000    0.000000    0.000000
  -1.91664   92.594571    8.133962   31.381636    8.133962   61.223537    0.000000    0.000000    0.000000    0.000000    0.000000    0.000000
  -1.91064   92.544767    8.013151   31.338439    8.013151   61.175783    0.000000    0.000000    0.000000    0.000000    0.000000    0.000000
  -1.90463   91.952007    7.837516   31.049287    7.837516   60.781826    0.000000    0.000000    0.000000    0.000000    0.000000    0.000000
  -1.89863   90.873749    7.616852   30.533869    7.616852   60.086757    0.000000    0.000000    0.000000    0.000000    0.000000    0.000000
  -1.89263   89.388875    7.362493   29.825675    7.362493   59.148548    0.000000    0.000000    0.000000    0.000000    0.000000    0.000000
  -1.88663   87.591736    7.086587   28.969632    7.086587   58.033615    0.000000    0.000000    0.000000    0.000000    0.000000    0.000000
  -1.88063   85.585555    6.801433   28.018934    6.801433   56.812088    0.000000    0.000000    0.000000    0.000000    0.000000    0.000000
  -1.87462   83.475525    6.518869   27.031276    6.518869   55.553081    0.000000    0.000000    0.000000    0.000000    0.000000    0.000000
  -1.86862   81.361981    6.249747   26.064754    6.249747   54.320206    0.000000    0.000000    0.000000    0.000000    0.000000    0.000000
  -1.86262   79.334001    6.003470   25.173729    6.003470   53.167591    0.000000    0.000000    0.000000    0.000000    0.000000    0.000000
  -1.85662   77.463855    5.787604   24.404971    5.787604   52.136624    0.000000    0.000000    0.000000    0.000000    0.000000    0.000000
  -1.85062   75.802690    5.607566   23.794383    5.607566   51.253653    0.000000    0.000000    0.000000    0.000000    0.000000    0.000000
  -1.84461   74.377844    5.466397   23.364589    5.466397   50.528808    0.000000    0.000000    0.000000    0.000000    0.000000    0.000000
  -1.83861   73.192032    5.364651   23.123592    5.364651   49.956061    0.000000    0.000000    0.000000    0.000000    0.000000    0.000000
  -1.83261   72.224558    5.300418   23.064640    5.300418   49.514550    0.000000    0.000000    0.000000    0.000000    0.000000    0.000000
  -1.82661   71.434480    5.269507   23.167323    5.269507   49.171076    0.000000    0.000000    0.000000    0.000000    0.000000    0.000000
  -1.82061   70.765472    5.265794   23.399805    5.265794   48.883584    0.000000    0.000000    0.000000    0.000000    0.000000    0.000000
  -1.81460   70.151940    5.281726   23.722020    5.281726   48.605329    0.000000    0.000000    0.000000    0.000000    0.000000    0.000000
  -1.80860   69.525793    5.308958   24.089490    5.308958   48.289353    0.000000    0.000000    0.000000    0.000000    0.000000    0.000000
  -1.80260   68.823194    5.339055   24.457437    5.339055   47.892855    0.000000    0.000000    0.000000    0.000000    0.000000    0.000000
  -1.79660   67.990600    5.364207   24.784742    5.364207   47.381036    0.000000    0.000000    0.000000    0.000000    0.000000    0.000000
  -1.79060   66.989490    5.377863   25.037359    5.377863   46.730037    0.000000    0.000000    0.000000    0.000000    0.000000    0.000000
  -1.78459   65.799288    5.375223   25.190828    5.375223   45.928692    0.000000    0.000000    0.000000    0.000000    0.000000    0.000000
  -1.77859   64.418220    5.353517   25.231620    5.353517   44.978916    0.000000    0.000000    0.000000    0.000000    0.000000    0.000000
  -1.77259   62.862060    5.312042   25.157209    5.312042   43.894709    0.000000    0.000000    0.000000    0.000000    0.000000    0.000000
  -1.76659   61.160965    5.251951   24.974868    5.251951   42.699897    0.000000    0.000000    0.000000    0.000000    0.000000    0.000000
  -1.76059   59.354814    5.175825   24.699411    5.175825   41.424878    0.000000    0.000000    0.000000    0.000000    0.000000    0.000000
  -1.75458   57.487661    5.087098   24.350180    5.087098   40.102771    0.000000    0.000000    0.000000    0.000000    0.000000    0.000000
  -1.74858   55.602008    4.989415   23.947712    4.989415   38.765427    0.000000    0.000000    0.000000    0.000000    0.000000    0.000000
  -1.74258   53.733627    4.886023   23.510533    4.886023   37.439796    0.000000    0.000000    0.000000    0.000000    0.000000    0.000000
  -1.73658   51.907614    4.779282   23.052542    4.779282   36.145114    0.000000    0.000000    0.000000    0.000000    0.000000    0.000000
  -1.73058   50.136177    4.670376   22.581323    4.670376   34.891277    0.000000    0.000000    0.000000    0.000000    0.000000    0.000000
  -1.72457   48.418466    4.559263   22.097611    4.559263   33.678600    0.000000    0.000000    0.000000    0.000000    0.000000    0.000000
  -1.71857   46.742463    4.444864   21.595980    4.444864   32.499032    0.000000    0.000000    0.000000    0.000000    0.000000    0.000000
  -1.71257   45.088675    4.325467   21.066612    4.325467   31.338639    0.000000    0.000000    0.000000    0.000000    0.000000    0.000000
  -1.70657   43.435139    4.199276   20.497889    4.199276   30.181045    0.000000    0.000000    0.000000    0.000000    0.000000    0.000000
  -1.70057   41.763059    4.065023   19.879409    4.065023   29.011367    0.000000    0.000000    0.000000    0.000000    0.000000    0.000000
  -1.69456   40.062307    3.922552   19.204989    3.922552   27.820111    0.000000    0.000000    0.000000    0.000000    0.000000    0.000000
  -1.68856   38.336054    3.773291   18.475219    3.773291   26.606506    0.000000    0.000000    0.000000    0.000000    0.000000    0.000000
  -1.68256   36.603906    3.620540   17.699216    3.620540   25.380836    0.000000    0.000000    0.000000    0.000000    0.000000    0.000000
  -1.67656   34.903121    3.469547   16.895332    3.469547   24.165466    0.000000    0.000000    0.000000    0.000000    0.000000    0.000000
  -1.67056   33.287750    3.327355   16.090736    3.327355   22.994419    0.000000    0.000000    0.000000    0.000000    0.000000    0.000000
  -1.66455   31.825743    3.202433   15.319912    3.202433   21.911554    0.000000    0.000000    0.000000    0.000000    0.000000    0.000000
  -1.65855   30.594334    3.104146   14.622255    3.104146   20.967534    0.000000    0.000000    0.000000    0.000000    0.000000    0.000000
  -1.65255   29.674130    3.042100   14.039036    3.042100   20.215902    0.000000    0.000000    0.000000    0.000000    0.000000    0.000000
  -1.64655   29.142450    3.025431   13.610031    3.025431   19.708629    0.000000    0.000000    0.000000    0.000000    0.000000    0.000000
  -1.64055   29.066480    3.062088   13.370158    3.062088   19.491549    0.000000    0.000000    0.000000    0.000000    0.000000    0.000000
  -1.63454   29.496798    3.158166   13.346392    3.158166   19.600038    0.000000    0.000000    0.000000    0.000000    0.000000    0.000000
  -1.62854   30.461767    3.317331   13.555203    3.317331   20.055291    0.000000    0.000000    0.000000    0.000000    0.000000    0.000000
  -1.62254   31.963242    3.540375   14.000720    3.540375   20.861463    0.000000    0.000000    0.000000    0.000000    0.000000    0.000000
  -1.61654   33.973943    3.824931   14.673737    3.824931   22.003910    0.000000    0.000000    0.000000    0.000000    0.000000    0.000000
  -1.61054   36.436755    4.165369   15.551625    4.165369   23.448662    0.000000    0.000000    0.000000    0.000000    0.000000    0.000000
  -1.60453   39.266110    4.552893   16.599171    4.552893   25.143230    0.000000    0.000000    0.000000    0.000000    0.000000    0.000000
  -1.59853   42.351449    4.975841   17.770279    4.975841   27.018724    0.000000    0.000000    0.000000    0.000000    0.000000    0.000000
  -1.59253   45.562614    5.420169   19.010434    5.420169   28.993189    0.000000    0.000000    0.000000    0.000000    0.000000    0.000000
  -1.58653   48.756841    5.870121   20.259743    5.870121   30.975957    0.000000    0.000000    0.000000    0.000000    0.000000    0.000000
  -1.58053   51.786860    6.309015   21.456355    6.309015   32.872710    0.000000    0.000000    0.000000    0.000000    0.000000    0.000000
  -1.57452   54.509494    6.720119   22.539998    6.720119   34.590898    0.000000    0.000000    0.000000    0.000000    0.000000    0.000000
  -1.56852   56.794071    7.087545   23.455377    7.087545   36.045087    0.000000    0.000000    0.000000    0.000000    0.000000    0.000000
  -1.56252   58.529977    7.397092   24.155199    7.397092   37.161838    0.000000    0.000000    0.000000    0.000000    0.000000    0.000000
  -1.55652   59.632758    7.636990   24.602607    7.636990   37.883732    0.000000    0.000000    0.000000    0.000000    0.000000    0.000000
  -1.55052   60.048322    7.798473   24.772882    7.798473   38.172276    0.000000    0.000000    0.000000    0.000000    0.000000    0.000000
  -1.54451   59.754978    7.876157   24.654329    7.876157   38.009483    0.000000    0.000000    0.000000    0.000000    0.000000    0.000000
  -1.53851   58.763255    7.868186   24.248337    7.868186   37.398087    0.000000    0.000000    0.000000    0.000000    0.000000    0.000000
  -1.53251   57.113629    7.776153   23.568649    7.776153   36.360423    0.000000    0.000000    0.000000    0.000000    0.000000    0.000000
  -1.52651   54.872474    7.604795   22.639945    7.604795   34.936135    0.000000    0.000000    0.000000    0.000000    0.000000    0.000000
  -1.52051   52.126636    7.361523   21.495881    7.361523   33.178949    0.000000    0.000000    0.000000    0.000000    0.000000    0.000000
  -1.51450   48.977158    7.055803   20.176722    7.055803   31.152786    0.000000    0.000000    0.000000    0.000000    0.000000    0.000000
  -1.50850   45.532657    6.698473   18.726781    6.698473   28.927549    0.000000    0.000000    0.000000    0.000000    0.000000    0.000000
  -1.50250   41.902902    6.301047   17.191812    6.301047   26.574898    0.000000    0.000000    0.000000    0.000000    0.000000    0.000000
  -1.49650   38.193018    5.875065   15.616553    5.875065   24.164330    0.000000    0.000000    0.000000    0.000000    0.000000    0.000000
  -1.49050   34.498714    5.431546   14.042570    5.431546   21.759815    0.000000    0.000000    0.000000    0.000000    0.000000    0.000000
  -1.48449   30.902772    4.980565   12.506537    4.980565   19.417193    0.000000    0.000000    0.000000    0.000000    0.000000    0.000000
  -1.47849   27.472918    4.530988   11.039021    4.530988   17.182451    0.000000    0.000000    0.000000    0.000000    0.000000    0.000000
  -1.47249   24.261063    4.090341    9.663834    4.090341   15.090906    0.000000    0.000000    0.000000    0.000000    0.000000    0.000000
  -1.46649   21.303737    3.664804    8.397915    3.664804   13.167242    0.000000    0.000000    0.000000    0.000000    0.000000    0.000000
  -1.46049   18.623490    3.259294    7.251683    3.259294   11.426252    0.000000    0.000000    0.000000    0.000000    0.000000    0.000000
  -1.45448   16.230908    2.877604    6.229760    2.877604    9.874106    0.000000    0.000000    0.000000    0.000000    0.000000    0.000000
  -1.44848   14.126911    2.522551    5.331917    2.522551    8.509913    0.000000    0.000000    0.000000    0.000000    0.000000    0.000000
  -1.44248   12.305006    2.196119    4.554129    2.196119    7.327361    0.000000    0.000000    0.000000    0.000000    0.000000    0.000000
  -1.43648   10.753244    1.899565    3.889598    1.899565    6.316252    0.000000    0.000000    0.000000    0.000000    0.000000    0.000000
  -1.43048    9.455721    1.633489    3.329656    1.633489    5.463799    0.000000    0.000000    0.000000    0.000000    0.000000    0.000000
  -1.42447    8.393584    1.397875    2.864496    1.397875    4.755607    0.000000    0.000000    0.000000    0.000000    0.000000    0.000000
  -1.41847    7.545589    1.192109    2.483711    1.192109    4.176355    0.000000    0.000000    0.000000    0.000000    0.000000    0.000000
  -1.41247    6.888356    1.014994    2.176661    1.014994    3.710223    0.000000    0.000000    0.000000    0.000000    0.000000    0.000000
  -1.40647    6.396508    0.864779    1.932708    0.864779    3.341146    0.000000    0.000000    0.000000    0.000000    0.000000    0.000000
  -1.40047    6.042868    0.739217    1.741389    0.739217    3.053009    0.000000    0.000000    0.000000    0.000000    0.000000    0.000000
  -1.39446    5.798893    0.635652    1.592557    0.635652    2.829871    0.000000    0.000000    0.000000    0.000000    0.000000    0.000000
  -1.38846    5.635410    0.551147    1.476552    0.551147    2.656261    0.000000    0.000000    0.000000    0.000000    0.000000    0.000000
  -1.38246    5.523689    0.482629    1.384404    0.482629    2.517588    0.000000    0.000000    0.000000    0.000000    0.000000    0.000000
  -1.37646    5.436755    0.427052    1.308071    0.427052    2.400629    0.000000    0.000000    0.000000    0.000000    0.000000    0.000000
  -1.37046    5.350835    0.381557    1.240693    0.381557    2.294051    0.000000    0.000000    0.000000    0.000000    0.000000    0.000000
  -1.36445    5.246737    0.343617    1.176811    0.343617    2.188883    0.000000    0.000000    0.000000    0.000000    0.000000    0.000000
  -1.35845    5.110983    0.311138    1.112543    0.311138    2.078879    0.000000    0.000000    0.000000    0.000000    0.000000    0.000000
  -1.35245    4.936554    0.282537    1.045650    0.282537    1.960692    0.000000    0.000000    0.000000    0.000000    0.000000    0.000000
  -1.34645    4.723118    0.256757    0.975501    0.256757    1.833836    0.000000    0.000000    0.000000    0.000000    0.000000    0.000000
  -1.34045    4.476712    0.233253    0.902922    0.233253    1.700423    0.000000    0.000000    0.000000    0.000000    0.000000    0.000000
  -1.33444    4.208904    0.211929    0.829943    0.211929    1.564706    0.000000    0.000000    0.000000    0.000000    0.000000    0.000000
  -1.32844    3.935522    0.193056    0.759462    0.193056    1.432471    0.000000    0.000000    0.000000    0.000000    0.000000    0.000000
  -1.32244    3.675078    0.177168    0.694881    0.177168    1.310347    0.000000    0.000000    0.000000    0.000000    0.000000    0.000000
  -1.31644    3.447047    0.164955    0.639722    0.164955    1.205104    0.000000    0.000000    0.000000    0.000000    0.000000    0.000000
  -1.31044    3.270135    0.157158    0.597272    0.157158    1.122991    0.000000    0.000000    0.000000    0.000000    0.000000    0.000000
  -1.30443    3.160688    0.154470    0.570278    0.154470    1.069176    0.000000    0.000000    0.000000    0.000000    0.000000    0.000000
  -1.29843    3.131333    0.157460    0.560707    0.157460    1.047299    0.000000    0.000000    0.000000    0.000000    0.000000    0.000000
  -1.29243    3.189929    0.166503    0.569580    0.166503    1.059181    0.000000    0.000000    0.000000    0.000000    0.000000    0.000000
  -1.28643    3.338882    0.181732    0.596875    0.181732    1.104663    0.000000    0.000000    0.000000    0.000000    0.000000    0.000000
  -1.28043    3.574826    0.202996    0.641509    0.202996    1.181588    0.000000    0.000000    0.000000    0.000000    0.000000    0.000000
  -1.27442    3.888694    0.229848    0.701382    0.229848    1.285911    0.000000    0.000000    0.000000    0.000000    0.000000    0.000000
  -1.26842    4.266150    0.261529    0.773477    0.261529    1.411917    0.000000    0.000000    0.000000    0.000000    0.000000    0.000000
  -1.26242    4.688356    0.296987    0.854020    0.296987    1.552540    0.000000    0.000000    0.000000    0.000000    0.000000    0.000000
  -1.25642    5.133053    0.334895    0.938679    0.334895    1.699766    0.000000    0.000000    0.000000    0.000000    0.000000    0.000000
  -1.25042    5.575865    0.373708    1.022804    0.373708    1.845090    0.000000    0.000000    0.000000    0.000000    0.000000    0.000000
  -1.24441    5.991787    0.411722    1.101689    0.411722    1.980020    0.000000    0.000000    0.000000    0.000000    0.000000    0.000000
  -1.23841    6.356727    0.447161    1.170847    0.447161    2.096576    0.000000    0.000000    0.000000    0.000000    0.000000    0.000000
  -1.23241    6.649031    0.478278    1.226276    0.478278    2.187776    0.000000    0.000000    0.000000    0.000000    0.000000    0.000000
  -1.22641    6.850846    0.503465    1.264698    0.503465    2.248048    0.000000    0.000000    0.000000    0.000000    0.000000    0.000000
  -1.22041    6.949241    0.521354    1.283758    0.521354    2.273558    0.000000    0.000000    0.000000    0.000000    0.000000    0.000000
  -1.21440    6.936975    0.530921    1.282157    0.530921    2.262413    0.000000    0.000000    0.000000    0.000000    0.000000    0.000000
  -1.20840    6.812851    0.531561    1.259717    0.531561    2.214728    0.000000    0.000000    0.000000    0.000000    0.000000    0.000000
  -1.20240    6.581637    0.523136    1.217359    0.523136    2.132555    0.000000    0.000000    0.000000    0.000000    0.000000    0.000000
  -1.19640    6.253557    0.505985    1.157013    0.505985    2.019670    0.000000    0.000000    0.000000    0.000000    0.000000    0.000000
  -1.19040    5.843409    0.480900    1.081460    0.480900    1.881267    0.000000    0.000000    0.000000    0.000000    0.000000    0.000000
  -1.18439    5.369404    0.449065    0.994118    0.449065    1.723556    0.000000    0.000000    0.000000    0.000000    0.000000    0.000000
  -1.17839    4.851840    0.411959    0.898805    0.411959    1.553346    0.000000    0.000000    0.000000    0.000000    0.000000    0.000000
  -1.17239    4.311749    0.371246    0.799499    0.371246    1.377617    0.000000    0.000000    0.000000    0.000000    0.000000    0.000000
  -1.16639    3.769648    0.328661    0.700110    0.328661    1.203154    0.000000    0.000000    0.000000    0.000000    0.000000    0.000000
  -1.16039    3.244500    0.285889    0.604310    0.285889    1.036257    0.000000    0.000000    0.000000    0.000000    0.000000    0.000000
  -1.15438    2.753004    0.244475    0.515403    0.244475    0.882568    0.000000    0.000000    0.000000    0.000000    0.000000    0.000000
  -1.14838    2.309221    0.205759    0.436281    0.205759    0.747006    0.000000    0.000000    0.000000    0.000000    0.000000    0.000000
  -1.14238    1.924588    0.170836    0.369430    0.170836    0.633830    0.000000    0.000000    0.000000    0.000000    0.000000    0.000000
  -1.13638    1.608255    0.140561    0.317008    0.140561    0.546794    0.000000    0.000000    0.000000    0.000000    0.000000    0.000000
  -1.13038    1.367695    0.115579    0.280964    0.115579    0.489376    0.000000    0.000000    0.000000    0.000000    0.000000    0.000000
  -1.12437    1.209474    0.096376    0.263175    0.096376    0.465037    0.000000    0.000000    0.000000    0.000000    0.000000    0.000000
  -1.11837    1.140069    0.083354    0.265591    0.083354    0.477466    0.000000    0.000000    0.000000    0.000000    0.000000    0.000000
  -1.11237    1.166601    0.076901    0.290337    0.076901    0.530768    0.000000    0.000000    0.000000    0.000000    0.000000    0.000000
  -1.10637    1.297361    0.077456    0.339773    0.077456    0.629538    0.000000    0.000000    0.000000    0.000000    0.000000    0.000000
  -1.10037    1.542012    0.085558    0.416477    0.085558    0.778808    0.000000    0.000000    0.000000    0.000000    0.000000    0.000000
  -1.09436    1.911393    0.101859    0.523129    0.101859    0.983811    0.000000    0.000000    0.000000    0.000000    0.000000    0.000000
  -1.08836    2.416845    0.127112    0.662317    0.127112    1.249579    0.000000    0.000000    0.000000    0.000000    0.000000    0.000000
  -1.08236    3.069077    0.162108    0.836233    0.162108    1.580364    0.000000    0.000000    0.000000    0.000000    0.000000    0.000000
  -1.07636    3.876609    0.207588    1.046314    0.207588    1.978932    0.000000    0.000000    0.000000    0.000000    0.000000    0.000000
  -1.07036    4.843893    0.264107    1.292821    0.264107    2.445771    0.000000    0.000000    0.000000    0.000000    0.000000    0.000000
  -1.06435    5.969289    0.331889    1.574432    0.331889    2.978305    0.000000    0.000000    0.000000    0.000000    0.000000    0.000000
  -1.05835    7.243121    0.410666    1.887867    0.410666    3.570190    0.000000    0.000000    0.000000    0.000000    0.000000    0.000000
  -1.05235    8.646072    0.499537    2.227619    0.499537    4.210823    0.000000    0.000000    0.000000    0.000000    0.000000    0.000000
  -1.04635   10.148195    0.596855    2.585839    0.596855    4.885133    0.000000    0.000000    0.000000    0.000000    0.000000    0.000000
  -1.04035   11.708801    0.700180    2.952416    0.700180    5.573766    0.000000    0.000000    0.000000    0.000000    0.000000    0.000000
  -1.03434   13.277392    0.806302    3.315282    0.806302    6.253696    0.000000    0.000000    0.000000    0.000000    0.000000    0.000000
  -1.02834   14.795744    0.911353    3.660950    0.911353    6.899285    0.000000    0.000000    0.000000    0.000000    0.000000    0.000000
  -1.02234   16.201059    1.011006    3.975263    1.011006    7.483731    0.000000    0.000000    0.000000    0.000000    0.000000    0.000000
  -1.01634   17.430009    1.100746    4.244292    1.100746    7.980816    0.000000    0.000000    0.000000    0.000000    0.000000    0.000000
  -1.01034   18.423312    1.176200    4.455328    1.176200    8.366791    0.000000    0.000000    0.000000    0.000000    0.000000    0.000000
  -1.00433   19.130377    1.233483    4.597853    1.233483    8.622220    0.000000    0.000000    0.000000    0.000000    0.000000    0.000000
  -0.99833   19.513537    1.269525    4.664395    1.269525    8.733587    0.000000    0.000000    0.000000    0.000000    0.000000    0.000000
  -0.99233   19.551352    1.282342    4.651174    1.282342    8.694470    0.000000    0.000000    0.000000    0.000000    0.000000    0.000000
  -0.98633   19.240585    1.271218    4.558455    1.271218    8.506151    0.000000    0.000000    0.000000    0.000000    0.000000    0.000000
  -0.98033   18.596601    1.236768    4.390564    1.236768    8.177577    0.000000    0.000000    0.000000    0.000000    0.000000    0.000000
  -0.97432   17.652121    1.180880    4.155562    1.180880    7.724665    0.000000    0.000000    0.000000    0.000000    0.000000    0.000000
  -0.96832   16.454465    1.106550    3.864607    1.106550    7.169028    0.000000    0.000000    0.000000    0.000000    0.000000    0.000000
  -0.96232   15.061630    1.017611    3.531073    1.017611    6.536262    0.000000    0.000000    0.000000    0.000000    0.000000    0.000000
  -0.95632   13.537635    0.918410    3.169534    0.918410    5.853983    0.000000    0.000000    0.000000    0.000000    0.000000    0.000000
  -0.95032   11.947673    0.813457    2.794705    0.813457    5.149834    0.000000    0.000000    0.000000    0.000000    0.000000    0.000000
  -0.94431   10.353595    0.707097    2.420460    0.707097    4.449650    0.000000    0.000000    0.000000    0.000000    0.000000    0.000000
  -0.93831    8.810126    0.603223    2.059020    0.603223    3.775964    0.000000    0.000000    0.000000    0.000000    0.000000    0.000000
  -0.93231    7.362152    0.505070    1.720359    0.505070    3.146953    0.000000    0.000000    0.000000    0.000000    0.000000    0.000000
  -0.92631    6.043196    0.415091    1.411881    0.415091    2.575885    0.000000    0.000000    0.000000    0.000000    0.000000    0.000000
  -0.92031    4.875072    0.334913    1.138346    0.334913    2.071046    0.000000    0.000000    0.000000    0.000000    0.000000    0.000000
  -0.91430    3.868565    0.265383    0.902020    0.265383    1.636083    0.000000    0.000000    0.000000    0.000000    0.000000    0.000000
  -0.90830    3.024886    0.206657    0.703007    0.206657    1.270653    0.000000    0.000000    0.000000    0.000000    0.000000    0.000000
  -0.90230    2.337615    0.158337    0.539677    0.158337    0.971272    0.000000    0.000000    0.000000    0.000000    0.000000    0.000000
  -0.89630    1.794824    0.119619    0.409151    0.119619    0.732230    0.000000    0.000000    0.000000    0.000000    0.000000    0.000000
  -0.89030    1.381151    0.089447    0.307776    0.089447    0.546480    0.000000    0.000000    0.000000    0.000000    0.000000    0.000000
  -0.88429    1.079616    0.066640    0.231542    0.066640    0.406419    0.000000    0.000000    0.000000    0.000000    0.000000    0.000000
  -0.87829    0.873087    0.050005    0.176432    0.050005    0.304528    0.000000    0.000000    0.000000    0.000000    0.000000    0.000000
  -0.87229    0.745360    0.038414    0.138676    0.038414    0.233840    0.000000    0.000000    0.000000    0.000000    0.000000    0.000000
  -0.86629    0.681870    0.030866    0.114929    0.030866    0.188256    0.000000    0.000000    0.000000    0.000000    0.000000    0.000000
  -0.86029    0.670122    0.026510    0.102379    0.026510    0.162736    0.000000    0.000000    0.000000    0.000000    0.000000    0.000000
  -0.85428    0.699928    0.024666    0.098795    0.024666    0.153387    0.000000    0.000000    0.000000    0.000000    0.000000    0.000000
  -0.84828    0.763534    0.024822    0.102551    0.024822    0.157495    0.000000    0.000000    0.000000    0.000000    0.000000    0.000000
  -0.84228    0.855721    0.026637    0.112627    0.026637    0.173521    0.000000    0.000000    0.000000    0.000000    0.000000    0.000000
  -0.83628    0.973918    0.029930    0.128603    0.029930    0.201084    0.000000    0.000000    0.000000    0.000000    0.000000    0.000000
  -0.83028    1.118319    0.034670    0.150647    0.034670    0.240926    0.000000    0.000000    0.000000    0.000000    0.000000    0.000000
  -0.82427    1.291981    0.040975    0.179493    0.040975    0.294857    0.000000    0.000000    0.000000    0.000000    0.000000    0.000000
  -0.81827    1.500813    0.049088    0.216399    0.049088    0.365662    0.000000    0.000000    0.000000    0.000000    0.000000    0.000000
  -0.81227    1.753384    0.059364    0.263070    0.059364    0.456934    0.000000    0.000000    0.000000    0.000000    0.000000    0.000000
  -0.80627    2.060437    0.072236    0.321531    0.072236    0.572818    0.000000    0.000000    0.000000    0.000000    0.000000    0.000000
  -0.80027    2.434055    0.088173    0.393941    0.088173    0.717631    0.000000    0.000000    0.000000    0.000000    0.000000    0.000000
  -0.79426    2.886434    0.107624    0.482340    0.107624    0.895374    0.000000    0.000000    0.000000    0.000000    0.000000    0.000000
  -0.78826    3.428300    0.130946    0.588349    0.130946    1.109136    0.000000    0.000000    0.000000    0.000000    0.000000    0.000000
  -0.78226    4.067075    0.158333    0.712828    0.158333    1.360430    0.000000    0.000000    0.000000    0.000000    0.000000    0.000000
  -0.77626    4.804963    0.189738    0.855539    0.189738    1.648549    0.000000    0.000000    0.000000    0.000000    0.000000    0.000000
  -0.77026    5.637187    0.224806    1.014850    0.224806    1.969997    0.000000    0.000000    0.000000    0.000000    0.000000    0.000000
  -0.76425    6.550661    0.262831    1.187536    0.262831    2.318115    0.000000    0.000000    0.000000    0.000000    0.000000    0.000000
  -0.75825    7.523333    0.302742    1.368720    0.302742    2.682988    0.000000    0.000000    0.000000    0.000000    0.000000    0.000000
  -0.75225    8.524429    0.343126    1.551990    0.343126    3.051686    0.000000    0.000000    0.000000    0.000000    0.000000    0.000000
  -0.74625    9.515702    0.382300    1.729706    0.382300    3.408891    0.000000    0.000000    0.000000    0.000000    0.000000    0.000000
  -0.74025   10.453674    0.418414    1.893493    0.418414    3.737873    0.000000    0.000000    0.000000    0.000000    0.000000    0.000000
  -0.73424   11.292715    0.449596    2.034869    0.449596    4.021748    0.000000    0.000000    0.000000    0.000000    0.000000    0.000000
  -0.72824   11.988669    0.474104    2.145962    0.474104    4.244884    0.000000    0.000000    0.000000    0.000000    0.000000    0.000000
  -0.72224   12.502630    0.490487    2.220215    0.490487    4.394306    0.000000    0.000000    0.000000    0.000000    0.000000    0.000000
  -0.71624   12.804422    0.497723    2.253013    0.497723    4.460917    0.000000    0.000000    0.000000    0.000000    0.000000    0.000000
  -0.71024   12.875367    0.495315    2.242126    0.495315    4.440384    0.000000    0.000000    0.000000    0.000000    0.000000    0.000000
  -0.70423   12.709990    0.483344    2.187939    0.483344    4.333562    0.000000    0.000000    0.000000    0.000000    0.000000    0.000000
  -0.69823   12.316453    0.462461    2.093403    0.462461    4.146416    0.000000    0.000000    0.000000    0.000000    0.000000    0.000000
  -0.69223   11.715694    0.433819    1.963757    0.433819    3.889430    0.000000    0.000000    0.000000    0.000000    0.000000    0.000000
  -0.68623   10.939381    0.398967    1.806016    0.398967    3.576610    0.000000    0.000000    0.000000    0.000000    0.000000    0.000000
  -0.68023   10.026985    0.359706    1.628326    0.359706    3.224189    0.000000    0.000000    0.000000    0.000000    0.000000    0.000000
  -0.67422    9.022335    0.317928    1.439258    0.317928    2.849225    0.000000    0.000000    0.000000    0.000000    0.000000    0.000000
  -0.66822    7.970070    0.275470    1.247120    0.275470    2.468233    0.000000    0.000000    0.000000    0.000000    0.000000    0.000000
  -0.66222    6.912386    0.233981    1.059368    0.233981    2.096026    0.000000    0.000000    0.000000    0.000000    0.000000    0.000000
  -0.65622    5.886379    0.194826    0.882176    0.194826    1.744849    0.000000    0.000000    0.000000    0.000000    0.000000    0.000000
  -0.65022    4.922196    0.159027    0.720169    0.159027    1.423875    0.000000    0.000000    0.000000    0.000000    0.000000    0.000000
  -0.64421    4.042063    0.127251    0.576358    0.127251    1.139055    0.000000    0.000000    0.000000    0.000000    0.000000    0.000000
  -0.63821    3.260142    0.099821    0.452213    0.099821    0.893284    0.000000    0.000000    0.000000    0.000000    0.000000    0.000000
  -0.63221    2.583114    0.076770    0.347869    0.076770    0.686808    0.000000    0.000000    0.000000    0.000000    0.000000    0.000000
  -0.62621    2.011266    0.057892    0.262407    0.057892    0.517782    0.000000    0.000000    0.000000    0.000000    0.000000    0.000000
  -0.62021    1.539898    0.042821    0.194160    0.042821    0.382881    0.000000    0.000000    0.000000    0.000000    0.000000    0.000000
  -0.61420    1.160841    0.031093    0.141018    0.031093    0.277906    0.000000    0.000000    0.000000    0.000000    0.000000    0.000000
  -0.60820    0.863920    0.022204    0.100690    0.022204    0.198305    0.000000    0.000000    0.000000    0.000000    0.000000    0.000000
  -0.60220    0.638254    0.015666    0.070915    0.015666    0.139596    0.000000    0.000000    0.000000    0.000000    0.000000    0.000000
  -0.59620    0.473300    0.011036    0.049618    0.011036    0.097665    0.000000    0.000000    0.000000    0.000000    0.000000    0.000000
  -0.59020    0.359636    0.007943    0.034997    0.007943    0.068952    0.000000    0.000000    0.000000    0.000000    0.000000    0.000000
  -0.58419    0.289478    0.006107    0.025572    0.006107    0.050537    0.000000    0.000000    0.000000    0.000000    0.000000    0.000000
  -0.57819    0.256958    0.005344    0.020185    0.005344    0.040150    0.000000    0.000000    0.000000    0.000000    0.000000    0.000000
  -0.57219    0.258200    0.005571    0.017978    0.005571    0.036123    0.000000    0.000000    0.000000    0.000000    0.000000    0.000000
  -0.56619    0.291242    0.006817    0.018354    0.006817    0.037308    0.000000    0.000000    0.000000    0.000000    0.000000    0.000000
  -0.56019    0.355823    0.009219    0.020920    0.009219    0.042982    0.000000    0.000000    0.000000    0.000000    0.000000    0.000000
  -0.55418    0.453075    0.013035    0.025438    0.013035    0.052732    0.000000    0.000000    0.000000    0.000000    0.000000    0.000000
  -0.54818    0.585143    0.018644    0.031769    0.018644    0.066357    0.000000    0.000000    0.000000    0.000000    0.000000    0.000000
  -0.54218    0.754740    0.026556    0.039823    0.026556    0.083763    0.000000    0.000000    0.000000    0.000000    0.000000    0.000000
  -0.53618    0.964661    0.037414    0.049515    0.037414    0.104875    0.000000    0.000000    0.000000    0.000000    0.000000    0.000000
  -0.53018    1.217282    0.051984    0.060729    0.051984    0.129557    0.000000    0.000000    0.000000    0.000000    0.000000    0.000000
  -0.52417    1.514054    0.071144    0.073289    0.071144    0.157555    0.000000    0.000000    0.000000    0.000000    0.000000    0.000000
  -0.51817    1.855029    0.095849    0.086940    0.095849    0.188450    0.000000    0.000000    0.000000    0.000000    0.000000    0.000000
  -0.51217    2.238453    0.127085    0.101347    0.127085    0.221639    0.000000    0.000000    0.000000    0.000000    0.000000    0.000000
  -0.50617    2.660460    0.165798    0.116101    0.165798    0.256339    0.000000    0.000000    0.000000    0.000000    0.000000    0.000000
  -0.50017    3.114899    0.212808    0.130736    0.212808    0.291611    0.000000    0.000000    0.000000    0.000000    0.000000    0.000000
  -0.49416    3.593334    0.268701    0.144764    0.268701    0.326413    0.000000    0.000000    0.000000    0.000000    0.000000    0.000000
  -0.48816    4.085234    0.333718    0.157710    0.333718    0.359672    0.000000    0.000000    0.000000    0.000000    0.000000    0.000000
  -0.48216    4.578362    0.407641    0.169161    0.407641    0.390371    0.000000    0.000000    0.000000    0.000000    0.000000    0.000000
  -0.47616    5.059366    0.489697    0.178803    0.489697    0.417635    0.000000    0.000000    0.000000    0.000000    0.000000    0.000000
  -0.47016    5.514519    0.578485    0.186470    0.578485    0.440831    0.000000    0.000000    0.000000    0.000000    0.000000    0.000000
  -0.46415    5.930595    0.671959    0.192166    0.671959    0.459638    0.000000    0.000000    0.000000    0.000000    0.000000    0.000000
  -0.45815    6.295775    0.767456    0.196084    0.767456    0.474105    0.000000    0.000000    0.000000    0.000000    0.000000    0.000000
  -0.45215    6.600519    0.861798    0.198606    0.861798    0.484675    0.000000    0.000000    0.000000    0.000000    0.000000    0.000000
  -0.44615    6.838299    0.951451    0.200280    0.951451    0.492168    0.000000    0.000000    0.000000    0.000000    0.000000    0.000000
  -0.44015    7.006102    1.032749    0.201779    1.032749    0.497730    0.000000    0.000000    0.000000    0.000000    0.000000    0.000000
  -0.43414    7.104624    1.102144    0.203850    1.102144    0.502731    0.000000    0.000000    0.000000    0.000000    0.000000    0.000000
  -0.42814    7.138117    1.156485    0.207233    1.156485    0.508636    0.000000    0.000000    0.000000    0.000000    0.000000    0.000000
  -0.42214    7.113870    1.193265    0.212593    1.193265    0.516851    0.000000    0.000000    0.000000    0.000000    0.000000    0.000000
  -0.41614    7.041374    1.210839    0.220435    1.210839    0.528552    0.000000    0.000000    0.000000    0.000000    0.000000    0.000000
  -0.41014    6.931268    1.208557    0.231038    1.208557    0.544539    0.000000    0.000000    0.000000    0.000000    0.000000    0.000000
  -0.40413    6.794192    1.186821    0.244405    1.186821    0.565101    0.000000    0.000000    0.000000    0.000000    0.000000    0.000000
  -0.39813    6.639703    1.147035    0.260234    1.147035    0.589944    0.000000    0.000000    0.000000    0.000000    0.000000    0.000000
  -0.39213    6.475412    1.091476    0.277930    1.091476    0.618182    0.000000    0.000000    0.000000    0.000000    0.000000    0.000000
  -0.38613    6.306467    1.023092    0.296642    1.023092    0.648393    0.000000    0.000000    0.000000    0.000000    0.000000    0.000000
  -0.38013    6.135469    0.945247    0.315344    0.945247    0.678756    0.000000    0.000000    0.000000    0.000000    0.000000    0.000000
  -0.37412    5.962809    0.861465    0.332933    0.861465    0.707241    0.000000    0.000000    0.000000    0.000000    0.000000    0.000000
  -0.36812    5.787399    0.775178    0.348351    0.775178    0.731844    0.000000    0.000000    0.000000    0.000000    0.000000    0.000000
  -0.36212    5.607628    0.689519    0.360700    0.689519    0.750827    0.000000    0.000000    0.000000    0.000000    0.000000    0.000000
  -0.35612    5.422402    0.607170    0.369352    0.607170    0.762936    0.000000    0.000000    0.000000    0.000000    0.000000    0.000000
  -0.35012    5.232045    0.530268    0.374023    0.530268    0.767566    0.000000    0.000000    0.000000    0.000000    0.000000    0.000000
  -0.34411    5.038917    0.460383    0.374810    0.460383    0.764845    0.000000    0.000000    0.000000    0.000000    0.000000    0.000000
  -0.33811    4.847586    0.398525    0.372175    0.398525    0.755621    0.000000    0.000000    0.000000    0.000000    0.000000    0.000000
  -0.33211    4.664529    0.345206    0.366890    0.345206    0.741350    0.000000    0.000000    0.000000    0.000000    0.000000    0.000000
  -0.32611    4.497377    0.300502    0.359928    0.300502    0.723910    0.000000    0.000000    0.000000    0.000000    0.000000    0.000000
  -0.32011    4.353821    0.264137    0.352340    0.264137    0.705344    0.000000    0.000000    0.000000    0.000000    0.000000    0.000000
  -0.31410    4.240350    0.235552    0.345111    0.235552    0.687590    0.000000    0.000000    0.000000    0.000000    0.000000    0.000000
  -0.30810    4.161030    0.213970    0.339033    0.213970    0.672221    0.000000    0.000000    0.000000    0.000000    0.000000    0.000000
  -0.30210    4.116538    0.198448    0.334596    0.198448    0.660238    0.000000    0.000000    0.000000    0.000000    0.000000    0.000000
  -0.29610    4.103612    0.187934    0.331931    0.187934    0.651943    0.000000    0.000000    0.000000    0.000000    0.000000    0.000000
  -0.29010    4.115038    0.181302    0.330795    0.181302    0.646908    0.000000    0.000000    0.000000    0.000000    0.000000    0.000000
  -0.28409    4.140180    0.177412    0.330612    0.177412    0.644050    0.000000    0.000000    0.000000    0.000000    0.000000    0.000000
  -0.27809    4.166010    0.175149    0.330547    0.175149    0.641779    0.000000    0.000000    0.000000    0.000000    0.000000    0.000000
  -0.27209    4.178480    0.173482    0.329632    0.173482    0.638224    0.000000    0.000000    0.000000    0.000000    0.000000    0.000000
  -0.26609    4.164068    0.171508    0.326886    0.171508    0.631482    0.000000    0.000000    0.000000    0.000000    0.000000    0.000000
  -0.26009    4.111265    0.168501    0.321443    0.168501    0.619864    0.000000    0.000000    0.000000    0.000000    0.000000    0.000000
  -0.25408    4.011818    0.163940    0.312663    0.163940    0.602104    0.000000    0.000000    0.000000    0.000000    0.000000    0.000000
  -0.24808    3.861566    0.157528    0.300205    0.157528    0.577506    0.000000    0.000000    0.000000    0.000000    0.000000    0.000000
  -0.24208    3.660780    0.149193    0.284059    0.149193    0.546012    0.000000    0.000000    0.000000    0.000000    0.000000    0.000000
  -0.23608    3.413988    0.139064    0.264543    0.139064    0.508194    0.000000    0.000000    0.000000    0.000000    0.000000    0.000000
  -0.23008    3.129352    0.127440    0.242255    0.127440    0.465171    0.000000    0.000000    0.000000    0.000000    0.000000    0.000000
  -0.22407    2.817710    0.114745    0.218011    0.114745    0.418473    0.000000    0.000000    0.000000    0.000000    0.000000    0.000000
  -0.21807    2.491429    0.101472    0.192752    0.101472    0.369883    0.000000    0.000000    0.000000    0.000000    0.000000    0.000000
  -0.21207    2.163259    0.088139    0.167460    0.088139    0.321263    0.000000    0.000000    0.000000    0.000000    0.000000    0.000000
  -0.20607    1.845305    0.075243    0.143086    0.075243    0.274416    0.000000    0.000000    0.000000    0.000000    0.000000    0.000000
  -0.20007    1.548260    0.063227    0.120490    0.063227    0.230968    0.000000    0.000000    0.000000    0.000000    0.000000    0.000000
  -0.19406    1.280953    0.052465    0.100413    0.052465    0.192315    0.000000    0.000000    0.000000    0.000000    0.000000    0.000000
  -0.18806    1.050225    0.043260    0.083474    0.043260    0.159609    0.000000    0.000000    0.000000    0.000000    0.000000    0.000000
  -0.18206    0.861116    0.035846    0.070193    0.035846    0.133800    0.000000    0.000000    0.000000    0.000000    0.000000    0.000000
  -0.17606    0.717282    0.030419    0.061029    0.030419    0.115701    0.000000    0.000000    0.000000    0.000000    0.000000    0.000000
  -0.17006    0.621572    0.027154    0.056441    0.027154    0.106092    0.000000    0.000000    0.000000    0.000000    0.000000    0.000000
  -0.16405    0.576654    0.026243    0.056937    0.026243    0.105819    0.000000    0.000000    0.000000    0.000000    0.000000    0.000000
  -0.15805    0.585613    0.027917    0.063137    0.027917    0.115890    0.000000    0.000000    0.000000    0.000000    0.000000    0.000000
  -0.15205    0.652437    0.032477    0.075813    0.032477    0.137549    0.000000    0.000000    0.000000    0.000000    0.000000    0.000000
  -0.14605    0.782320    0.040308    0.095916    0.040308    0.172315    0.000000    0.000000    0.000000    0.000000    0.000000    0.000000
  -0.14005    0.981770    0.051888    0.124578    0.051888    0.221984    0.000000    0.000000    0.000000    0.000000    0.000000    0.000000
  -0.13404    1.258462    0.067784    0.163087    0.067784    0.288581    0.000000    0.000000    0.000000    0.000000    0.000000    0.000000
  -0.12804    1.620866    0.088638    0.212838    0.088638    0.374273    0.000000    0.000000    0.000000    0.000000    0.000000    0.000000
  -0.12204    2.077651    0.115134    0.275250    0.115134    0.481227    0.000000    0.000000    0.000000    0.000000    0.000000    0.000000
  -0.11604    2.636901    0.147964    0.351654    0.147964    0.611439    0.000000    0.000000    0.000000    0.000000    0.000000    0.000000
  -0.11004    3.305182    0.187767    0.443163    0.187767    0.766525    0.000000    0.000000    0.000000    0.000000    0.000000    0.000000
  -0.10403    4.086542    0.235073    0.550520    0.235073    0.947499    0.000000    0.000000    0.000000    0.000000    0.000000    0.000000
  -0.09803    4.981506    0.290233    0.673936    0.290233    1.154547    0.000000    0.000000    0.000000    0.000000    0.000000    0.000000
  -0.09203    5.986158    0.353349    0.812944    0.353349    1.386816    0.000000    0.000000    0.000000    0.000000    0.000000    0.000000
  -0.08603    7.091429    0.424218    0.966260    0.424218    1.642237    0.000000    0.000000    0.000000    0.000000    0.000000    0.000000
  -0.08003    8.282661    0.502283    1.131691    0.502283    1.917419    0.000000    0.000000    0.000000    0.000000    0.000000    0.000000
  -0.07402    9.539582    0.586612    1.306098    0.586612    2.207606    0.000000    0.000000    0.000000    0.000000    0.000000    0.000000
  -0.06802   10.836730    0.675912    1.485430    0.675912    2.506754    0.000000    0.000000    0.000000    0.000000    0.000000    0.000000
  -0.06202   12.144398    0.768573    1.664843    0.768573    2.807703    0.000000    0.000000    0.000000    0.000000    0.000000    0.000000
  -0.05602   13.430061    0.862759    1.838909    0.862759    3.102479    0.000000    0.000000    0.000000    0.000000    0.000000    0.000000
  -0.05002   14.660232    0.956527    2.001905    0.956527    3.382689    0.000000    0.000000    0.000000    0.000000    0.000000    0.000000
  -0.04401   15.802582    1.047974    2.148164    1.047974    3.639998    0.000000    0.000000    0.000000    0.000000    0.000000    0.000000
  -0.03801   16.828137    1.135382    2.272462    1.135382    3.866652    0.000000    0.000000    0.000000    0.000000    0.000000    0.000000
  -0.03201   17.713285    1.217359    2.370398    1.217359    4.055975    0.000000    0.000000    0.000000    0.000000    0.000000    0.000000
  -0.02601   18.441360    1.292926    2.438726    1.292926    4.202808    0.000000    0.000000    0.000000    0.000000    0.000000    0.000000
  -0.02001   19.003568    1.361558    2.475597    1.361558    4.303832    0.000000    0.000000    0.000000    0.000000    0.000000    0.000000
  -0.01400   19.399107    1.423148    2.480687    1.423148    4.357724    0.000000    0.000000    0.000000    0.000000    0.000000    0.000000
  -0.00800   19.634468    1.477901    2.455176    1.477901    4.365148    0.000000    0.000000    0.000000    0.000000    0.000000    0.000000
  -0.00200   19.721980    1.526173    2.401607    1.526173    4.328576    0.000000    0.000000    0.000000    0.000000    0.000000    0.000000
   0.00400   19.677833    1.568272    2.323617    1.568272    4.251964    0.000000    0.000000    0.000000    0.000000    0.000000    0.000000
   0.01000   19.519870    1.604268    2.225595    1.604268    4.140351    0.000000    0.000000    0.000000    0.000000    0.000000    0.000000
   0.01601   19.265483    1.633836    2.112312    1.633836    3.999422    0.000000    0.000000    0.000000    0.000000    0.000000    0.000000
   0.02201   18.929926    1.656176    1.988557    1.656176    3.835103    0.000000    0.000000    0.000000    0.000000    0.000000    0.000000
   0.02801   18.525279    1.670029    1.858832    1.670029    3.653229    0.000000    0.000000    0.000000    0.000000    0.000000    0.000000
   0.03401   18.060156    1.673787    1.727132    1.673787    3.459310    0.000000    0.000000    0.000000    0.000000    0.000000    0.000000
   0.04001   17.540126    1.665703    1.596812    1.665703    3.258400    0.000000    0.000000    0.000000    0.000000    0.000000    0.000000
   0.04602   16.968677    1.644148    1.470551    1.644148    3.055049    0.000000    0.000000    0.000000    0.000000    0.000000    0.000000
   0.05202   16.348456    1.607893    1.350376    1.607893    2.853299    0.000000    0.000000    0.000000    0.000000    0.000000    0.000000
   0.05802   15.682509    1.556352    1.237732    1.556352    2.656696    0.000000    0.000000    0.000000    0.000000    0.000000    0.000000
   0.06402   14.975238    1.489762    1.133572    1.489762    2.468289    0.000000    0.000000    0.000000    0.000000    0.000000    0.000000
   0.07002   14.232921    1.409253    1.038430    1.409253    2.290583    0.000000    0.000000    0.000000    0.000000    0.000000    0.000000
   0.07603   13.463698    1.316810    0.952490    1.316810    2.125467    0.000000    0.000000    0.000000    0.000000    0.000000    0.000000
   0.08203   12.677100    1.215126    0.875620    1.215126    1.974126    0.000000    0.000000    0.000000    0.000000    0.000000    0.000000
   0.08803   11.883262    1.107369    0.807397    1.107369    1.836965    0.000000    0.000000    0.000000    0.000000    0.000000    0.000000
   0.09403   11.092030    0.996916    0.747135    0.996916    1.713579    0.000000    0.000000    0.000000    0.000000    0.000000    0.000000
   0.10003   10.312182    0.887065    0.693918    0.887065    1.602803    0.000000    0.000000    0.000000    0.000000    0.000000    0.000000
   0.10604    9.550940    0.780797    0.646655    0.780797    1.502844    0.000000    0.000000    0.000000    0.000000    0.000000    0.000000
   0.11204    8.813885    0.680593    0.604164    0.680593    1.411502    0.000000    0.000000    0.000000    0.000000    0.000000    0.000000
   0.11804    8.105266    0.588331    0.565281    0.588331    1.326454    0.000000    0.000000    0.000000    0.000000    0.000000    0.000000
   0.12404    7.428647    0.505267    0.528969    0.505267    1.245572    0.000000    0.000000    0.000000    0.000000    0.000000    0.000000
   0.13004    6.787734    0.432086    0.494437    0.432086    1.167221    0.000000    0.000000    0.000000    0.000000    0.000000    0.000000
   0.13605    6.187208    0.369002    0.461233    0.369002    1.090507    0.000000    0.000000    0.000000    0.000000    0.000000    0.000000
   0.14205    5.633384    0.315887    0.429302    0.315887    1.015436    0.000000    0.000000    0.000000    0.000000    0.000000    0.000000
   0.14805    5.134569    0.272398    0.399002    0.272398    0.942961    0.000000    0.000000    0.000000    0.000000    0.000000    0.000000
   0.15405    4.701026    0.238094    0.371077    0.238094    0.874914    0.000000    0.000000    0.000000    0.000000    0.000000    0.000000
   0.16005    4.344524    0.212515    0.346583    0.212515    0.813841    0.000000    0.000000    0.000000    0.000000    0.000000    0.000000
   0.16606    4.077537    0.195225    0.326777    0.195225    0.762746    0.000000    0.000000    0.000000    0.000000    0.000000    0.000000
   0.17206    3.912162    0.185830    0.312994    0.185830    0.724797    0.000000    0.000000    0.000000    0.000000    0.000000    0.000000
   0.17806    3.858885    0.183945    0.306506    0.183945    0.703001    0.000000    0.000000    0.000000    0.000000    0.000000    0.000000
   0.18406    3.925329    0.189162    0.308386    0.189162    0.699907    0.000000    0.000000    0.000000    0.000000    0.000000    0.000000
   0.19006    4.115096    0.200995    0.319391    0.200995    0.717329    0.000000    0.000000    0.000000    0.000000    0.000000    0.000000
   0.19607    4.426807    0.218827    0.339861    0.218827    0.756136    0.000000    0.000000    0.000000    0.000000    0.000000    0.000000
   0.20207    4.853433    0.241875    0.369655    0.241875    0.816093    0.000000    0.000000    0.000000    0.000000    0.000000    0.000000
   0.20807    5.381969    0.269162    0.408104    0.269162    0.895786    0.000000    0.000000    0.000000    0.000000    0.000000    0.000000
   0.21407    5.993488    0.299516    0.454008    0.299516    0.992603    0.000000    0.000000    0.000000    0.000000    0.000000    0.000000
   0.22007    6.663608    0.331591    0.505661    0.331591    1.102798    0.000000    0.000000    0.000000    0.000000    0.000000    0.000000
   0.22608    7.363356    0.363911    0.560910    0.363911    1.221628    0.000000    0.000000    0.000000    0.000000    0.000000    0.000000
   0.23208    8.060432    0.394926    0.617248    0.394926    1.343554    0.000000    0.000000    0.000000    0.000000    0.000000    0.000000
   0.23808    8.720802    0.423096    0.671937    0.423096    1.462517    0.000000    0.000000    0.000000    0.000000    0.000000    0.000000
   0.24408    9.310565    0.446969    0.722159    0.446969    1.572271    0.000000    0.000000    0.000000    0.000000    0.000000    0.000000
   0.25008    9.797966    0.465267    0.765186    0.465267    1.666752    0.000000    0.000000    0.000000    0.000000    0.000000    0.000000
   0.25609   10.155415    0.476967    0.798553    0.476967    1.740468    0.000000    0.000000    0.000000    0.000000    0.000000    0.000000
   0.26209   10.361356    0.481364    0.820234    0.481364    1.788883    0.000000    0.000000    0.000000    0.000000    0.000000    0.000000
   0.26809   10.401789    0.478119    0.828787    0.478119    1.808737    0.000000    0.000000    0.000000    0.000000    0.000000    0.000000
   0.27409   10.271301    0.467278    0.823465    0.467278    1.798300    0.000000    0.000000    0.000000    0.000000    0.000000    0.000000
   0.28009    9.973472    0.449264    0.804274    0.449264    1.757500    0.000000    0.000000    0.000000    0.000000    0.000000    0.000000
   0.28610    9.520583    0.424847    0.771974    0.424847    1.687928    0.000000    0.000000    0.000000    0.000000    0.000000    0.000000
   0.29210    8.932638    0.395082    0.728013    0.395082    1.592699    0.000000    0.000000    0.000000    0.000000    0.000000    0.000000
   0.29810    8.235777    0.361232    0.674407    0.361232    1.476192    0.000000    0.000000    0.000000    0.000000    0.000000    0.000000
   0.30410    7.460245    0.324674    0.613577    0.324674    1.343688    0.000000    0.000000    0.000000    0.000000    0.000000    0.000000
   0.31010    6.638116    0.286810    0.548157    0.286810    1.200951    0.000000    0.000000    0.000000    0.000000    0.000000    0.000000
   0.31611    5.801008    0.248968    0.480794    0.248968    1.053790    0.000000    0.000000    0.000000    0.000000    0.000000    0.000000
   0.32211    4.978023    0.212334    0.413968    0.212334    0.907655    0.000000    0.000000    0.000000    0.000000    0.000000    0.000000
   0.32811    4.194085    0.177886    0.349840    0.177886    0.767303    0.000000    0.000000    0.000000    0.000000    0.000000    0.000000
   0.33411    3.468811    0.146367    0.290142    0.146367    0.636559    0.000000    0.000000    0.000000    0.000000    0.000000    0.000000
   0.34011    2.815967    0.118262    0.236124    0.118262    0.518186    0.000000    0.000000    0.000000    0.000000    0.000000    0.000000
   0.34612    2.243484    0.093818    0.188544    0.093818    0.413869    0.000000    0.000000    0.000000    0.000000    0.000000    0.000000
   0.35212    1.753944    0.073063    0.147701    0.073063    0.324287    0.000000    0.000000    0.000000    0.000000    0.000000    0.000000
   0.35812    1.345423    0.055850    0.113505    0.055850    0.249257    0.000000    0.000000    0.000000    0.000000    0.000000    0.000000
   0.36412    1.012534    0.041899    0.085561    0.041899    0.187923    0.000000    0.000000    0.000000    0.000000    0.000000    0.000000
   0.37012    0.747530    0.030846    0.063260    0.030846    0.138964    0.000000    0.000000    0.000000    0.000000    0.000000    0.000000
   0.37613    0.541353    0.022281    0.045872    0.022281    0.100782    0.000000    0.000000    0.000000    0.000000    0.000000    0.000000
   0.38213    0.384534    0.015791    0.032622    0.015791    0.071679    0.000000    0.000000    0.000000    0.000000    0.000000    0.000000
   0.38813    0.267894    0.010979    0.022750    0.010979    0.049994    0.000000    0.000000    0.000000    0.000000    0.000000    0.000000
   0.39413    0.183043    0.007488    0.015559    0.007488    0.034194    0.000000    0.000000    0.000000    0.000000    0.000000    0.000000
   0.40013    0.122661    0.005011    0.010434    0.005011    0.022934    0.000000    0.000000    0.000000    0.000000    0.000000    0.000000
   0.40614    0.080630    0.003291    0.006863    0.003291    0.015085    0.000000    0.000000    0.000000    0.000000    0.000000    0.000000
   0.41214    0.052020    0.002124    0.004429    0.002124    0.009734    0.000000    0.000000    0.000000    0.000000    0.000000    0.000000
   0.41814    0.032999    0.001353    0.002807    0.001353    0.006169    0.000000    0.000000    0.000000    0.000000    0.000000    0.000000
   0.42414    0.020694    0.000860    0.001754    0.000860    0.003853    0.000000    0.000000    0.000000    0.000000    0.000000    0.000000
   0.43014    0.013028    0.000564    0.001093    0.000564    0.002395    0.000000    0.000000    0.000000    0.000000    0.000000    0.000000
   0.43615    0.008576    0.000410    0.000699    0.000410    0.001522    0.000000    0.000000    0.000000    0.000000    0.000000    0.000000
   0.44215    0.006435    0.000368    0.000491    0.000368    0.001055    0.000000    0.000000    0.000000    0.000000    0.000000    0.000000
   0.44815    0.006125    0.000432    0.000423    0.000432    0.000888    0.000000    0.000000    0.000000    0.000000    0.000000    0.000000
   0.45415    0.007528    0.000613    0.000475    0.000613    0.000975    0.000000    0.000000    0.000000    0.000000    0.000000    0.000000
   0.46015    0.010861    0.000946    0.000652    0.000946    0.001319    0.000000    0.000000    0.000000    0.000000    0.000000    0.000000
   0.46616    0.016676    0.001490    0.000980    0.001490    0.001971    0.000000    0.000000    0.000000    0.000000    0.000000    0.000000
   0.47216    0.025890    0.002334    0.001511    0.002334    0.003030    0.000000    0.000000    0.000000    0.000000    0.000000    0.000000
   0.47816    0.039830    0.003602    0.002318    0.003602    0.004646    0.000000    0.000000    0.000000    0.000000    0.000000    0.000000
   0.48416    0.060287    0.005458    0.003506    0.005458    0.007023    0.000000    0.000000    0.000000    0.000000    0.000000    0.000000
   0.49016    0.089557    0.008111    0.005206    0.008111    0.010429    0.000000    0.000000    0.000000    0.000000    0.000000    0.000000
   0.49617    0.130461    0.011816    0.007584    0.011816    0.015191    0.000000    0.000000    0.000000    0.000000    0.000000    0.000000
   0.50217    0.186314    0.016876    0.010830    0.016876    0.021693    0.000000    0.000000    0.000000    0.000000    0.000000    0.000000
   0.50817    0.260829    0.023626    0.015161    0.023626    0.030369    0.000000    0.000000    0.000000    0.000000    0.000000    0.000000
   0.51417    0.357930    0.032421    0.020805    0.032421    0.041675    0.000000    0.000000    0.000000    0.000000    0.000000    0.000000
   0.52017    0.481467    0.043611    0.027986    0.043611    0.056058    0.000000    0.000000    0.000000    0.000000    0.000000    0.000000
   0.52618    0.634835    0.057503    0.036901    0.057503    0.073915    0.000000    0.000000    0.000000    0.000000    0.000000    0.000000
   0.53218    0.820504    0.074320    0.047693    0.074320    0.095533    0.000000    0.000000    0.000000    0.000000    0.000000    0.000000
   0.53818    1.039503    0.094157    0.060422    0.094157    0.121032    0.000000    0.000000    0.000000    0.000000    0.000000    0.000000
   0.54418    1.290911    0.116929    0.075036    0.116929    0.150303    0.000000    0.000000    0.000000    0.000000    0.000000    0.000000
   0.55018    1.571423    0.142337    0.091341    0.142337    0.182964    0.000000    0.000000    0.000000    0.000000    0.000000    0.000000
   0.55619    1.875072    0.169840    0.108991    0.169840    0.218317    0.000000    0.000000    0.000000    0.000000    0.000000    0.000000
   0.56219    2.193169    0.198651    0.127481    0.198651    0.255353    0.000000    0.000000    0.000000    0.000000    0.000000    0.000000
   0.56819    2.514543    0.227757    0.146161    0.227757    0.292768    0.000000    0.000000    0.000000    0.000000    0.000000    0.000000
   0.57419    2.826079    0.255969    0.164269    0.255969    0.329036    0.000000    0.000000    0.000000    0.000000    0.000000    0.000000
   0.58019    3.113558    0.281996    0.180980    0.281996    0.362499    0.000000    0.000000    0.000000    0.000000    0.000000    0.000000
   0.58620    3.362728    0.304544    0.195463    0.304544    0.391495    0.000000    0.000000    0.000000    0.000000    0.000000    0.000000
   0.59220    3.560520    0.322424    0.206961    0.322424    0.414499    0.000000    0.000000    0.000000    0.000000    0.000000    0.000000
   0.59820    3.696268    0.334660    0.214854    0.334660    0.430263    0.000000    0.000000    0.000000    0.000000    0.000000    0.000000
   0.60420    3.762791    0.340589    0.218725    0.340589    0.437942    0.000000    0.000000    0.000000    0.000000    0.000000    0.000000
   0.61020    3.757226    0.339932    0.218410    0.339932    0.437189    0.000000    0.000000    0.000000    0.000000    0.000000    0.000000
   0.61621    3.681496    0.332836    0.214024    0.332836    0.428210    0.000000    0.000000    0.000000    0.000000    0.000000    0.000000
   0.62221    3.542375    0.319875    0.205965    0.319875    0.411768    0.000000    0.000000    0.000000    0.000000    0.000000    0.000000
   0.62821    3.351157    0.302021    0.194899    0.302021    0.389145    0.000000    0.000000    0.000000    0.000000    0.000000    0.000000
   0.63421    3.122986    0.280578    0.181719    0.280578    0.362062    0.000000    0.000000    0.000000    0.000000    0.000000    0.000000
   0.64021    2.875949    0.257098    0.167492    0.257098    0.332572    0.000000    0.000000    0.000000    0.000000    0.000000    0.000000
   0.64622    2.630035    0.233287    0.153408    0.233287    0.302940    0.000000    0.000000    0.000000    0.000000    0.000000    0.000000
   0.65222    2.406097    0.210912    0.140713    0.210912    0.275523    0.000000    0.000000    0.000000    0.000000    0.000000    0.000000
   0.65822    2.224881    0.191714    0.130659    0.191714    0.252661    0.000000    0.000000    0.000000    0.000000    0.000000    0.000000
   0.66422    2.106188    0.177338    0.124455    0.177338    0.236583    0.000000    0.000000    0.000000    0.000000    0.000000    0.000000
   0.67022    2.068169    0.169282    0.123229    0.169282    0.229334    0.000000    0.000000    0.000000    0.000000    0.000000    0.000000
   0.67623    2.126725    0.168850    0.127985    0.168850    0.232714    0.000000    0.000000    0.000000    0.000000    0.000000    0.000000
   0.68223    2.294969    0.177123    0.139576    0.177123    0.248224    0.000000    0.000000    0.000000    0.000000    0.000000    0.000000
   0.68823    2.582688    0.194928    0.158663    0.194928    0.277017    0.000000    0.000000    0.000000    0.000000    0.000000    0.000000
   0.69423    2.995788    0.222801    0.185677    0.222801    0.319840    0.000000    0.000000    0.000000    0.000000    0.000000    0.000000
   0.70023    3.535709    0.260956    0.220769    0.260956    0.376978    0.000000    0.000000    0.000000    0.000000    0.000000    0.000000
   0.70624    4.198877    0.309246    0.263773    0.309246    0.448187    0.000000    0.000000    0.000000    0.000000    0.000000    0.000000
   0.71224    4.976254    0.367132    0.314163    0.367132    0.532646    0.000000    0.000000    0.000000    0.000000    0.000000    0.000000
   0.71824    5.853125    0.433660    0.371033    0.433660    0.628923    0.000000    0.000000    0.000000    0.000000    0.000000    0.000000
   0.72424    6.809214    0.507465    0.433092    0.507465    0.734974    0.000000    0.000000    0.000000    0.000000    0.000000    0.000000
   0.73024    7.819227    0.586807    0.498698    0.586807    0.848188    0.000000    0.000000    0.000000    0.000000    0.000000    0.000000
   0.73625    8.853862    0.669634    0.565918    0.669634    0.965485    0.000000    0.000000    0.000000    0.000000    0.000000    0.000000
   0.74225    9.881244    0.753682    0.632627    0.753682    1.083455    0.000000    0.000000    0.000000    0.000000    0.000000    0.000000
   0.74825   10.868692    0.836600    0.696627    0.836600    1.198545    0.000000    0.000000    0.000000    0.000000    0.000000    0.000000
   0.75425   11.784636    0.916089    0.755783    0.916089    1.307261    0.000000    0.000000    0.000000    0.000000    0.000000    0.000000
   0.76025   12.600484    0.990031    0.808162    0.990031    1.406367    0.000000    0.000000    0.000000    0.000000    0.000000    0.000000
   0.76626   13.292208    1.056601    0.852148    1.056601    1.493064    0.000000    0.000000    0.000000    0.000000    0.000000    0.000000
   0.77226   13.841489    1.114338    0.886534    1.114338    1.565114    0.000000    0.000000    0.000000    0.000000    0.000000    0.000000
   0.77826   14.236277    1.162175    0.910563    1.162175    1.620916    0.000000    0.000000    0.000000    0.000000    0.000000    0.000000
   0.78426   14.470771    1.199416    0.923936    1.199416    1.659503    0.000000    0.000000    0.000000    0.000000    0.000000    0.000000
   0.79026   14.544868    1.225678    0.926768    1.225678    1.680494    0.000000    0.000000    0.000000    0.000000    0.000000    0.000000
   0.79627   14.463234    1.240813    0.919517    1.240813    1.684005    0.000000    0.000000    0.000000    0.000000    0.000000    0.000000
   0.80227   14.234203    1.244823    0.902897    1.244823    1.670537    0.000000    0.000000    0.000000    0.000000    0.000000    0.000000
   0.80827   13.868693    1.237792    0.877788    1.237792    1.640876    0.000000    0.000000    0.000000    0.000000    0.000000    0.000000
   0.81427   13.379311    1.219851    0.845151    1.219851    1.596011    0.000000    0.000000    0.000000    0.000000    0.000000    0.000000
   0.82027   12.779757    1.191180    0.805980    1.191180    1.537091    0.000000    0.000000    0.000000    0.000000    0.000000    0.000000
   0.82628   12.084530    1.152054    0.761262    1.152054    1.465419    0.000000    0.000000    0.000000    0.000000    0.000000    0.000000
   0.83228   11.308885    1.102903    0.711977    1.102903    1.382467    0.000000    0.000000    0.000000    0.000000    0.000000    0.000000
   0.83828   10.468935    1.044398    0.659100    1.044398    1.289908    0.000000    0.000000    0.000000    0.000000    0.000000    0.000000
   0.84428    9.581732    0.977508    0.603624    0.977508    1.189638    0.000000    0.000000    0.000000    0.000000    0.000000    0.000000
   0.85028    8.665219    0.903537    0.546565    0.903537    1.083774    0.000000    0.000000    0.000000    0.000000    0.000000    0.000000
   0.85629    7.737969    0.824120    0.488969    0.824120    0.974618    0.000000    0.000000    0.000000    0.000000    0.000000    0.000000
   0.86229    6.818666    0.741164    0.431889    0.741164    0.864582    0.000000    0.000000    0.000000    0.000000    0.000000    0.000000
   0.86829    5.925395    0.656748    0.376360    0.656748    0.756084    0.000000    0.000000    0.000000    0.000000    0.000000    0.000000
   0.87429    5.074816    0.573004    0.323353    0.573004    0.651425    0.000000    0.000000    0.000000    0.000000    0.000000    0.000000
   0.88029    4.281350    0.491970    0.273728    0.491970    0.552664    0.000000    0.000000    0.000000    0.000000    0.000000    0.000000
   0.88630    3.556503    0.415464    0.228187    0.415464    0.461512    0.000000    0.000000    0.000000    0.000000    0.000000    0.000000
   0.89230    2.908430    0.344976    0.187244    0.344976    0.379255    0.000000    0.000000    0.000000    0.000000    0.000000    0.000000
   0.89830    2.341795    0.281597    0.151209    0.281597    0.306717    0.000000    0.000000    0.000000    0.000000    0.000000    0.000000
   0.90430    1.857949    0.225995    0.120185    0.225995    0.244273    0.000000    0.000000    0.000000    0.000000    0.000000    0.000000
   0.91030    1.455379    0.178433    0.094090    0.178433    0.191898    0.000000    0.000000    0.000000    0.000000    0.000000    0.000000
   0.91631    1.130375    0.138812    0.072689    0.138812    0.149239    0.000000    0.000000    0.000000    0.000000    0.000000    0.000000
   0.92231    0.877797    0.106755    0.055638    0.106755    0.115722    0.000000    0.000000    0.000000    0.000000    0.000000    0.000000
   0.92831    0.691860    0.081690    0.042525    0.081690    0.090647    0.000000    0.000000    0.000000    0.000000    0.000000    0.000000
   0.93431    0.566844    0.062939    0.032920    0.062939    0.073287    0.000000    0.000000    0.000000    0.000000    0.000000    0.000000
   0.94031    0.497637    0.049795    0.026404    0.049795    0.062962    0.000000    0.000000    0.000000    0.000000    0.000000    0.000000
   0.94632    0.480074    0.041582    0.022599    0.041582    0.059089    0.000000    0.000000    0.000000    0.000000    0.000000    0.000000
   0.95232    0.511042    0.037697    0.021183    0.037697    0.061210    0.000000    0.000000    0.000000    0.000000    0.000000    0.000000
   0.95832    0.588338    0.037622    0.021887    0.037622    0.068972    0.000000    0.000000    0.000000    0.000000    0.000000    0.000000
   0.96432    0.710326    0.040922    0.024496    0.040922    0.082103    0.000000    0.000000    0.000000    0.000000    0.000000    0.000000
   0.97032    0.875412    0.047224    0.028824    0.047224    0.100347    0.000000    0.000000    0.000000    0.000000    0.000000    0.000000
   0.97633    1.081425    0.056186    0.034699    0.056186    0.123399    0.000000    0.000000    0.000000    0.000000    0.000000    0.000000
   0.98233    1.324982    0.067457    0.041933    0.067457    0.150827    0.000000    0.000000    0.000000    0.000000    0.000000    0.000000
   0.98833    1.600913    0.080643    0.050306    0.080643    0.182008    0.000000    0.000000    0.000000    0.000000    0.000000    0.000000
   0.99433    1.901864    0.095279    0.059546    0.095279    0.216082    0.000000    0.000000    0.000000    0.000000    0.000000    0.000000
   1.00033    2.218143    0.110810    0.069320    0.110810    0.251928    0.000000    0.000000    0.000000    0.000000    0.000000    0.000000
   1.00634    2.537866    0.126594    0.079236    0.126594    0.288182    0.000000    0.000000    0.000000    0.000000    0.000000    0.000000
   1.01234    2.847444    0.141921    0.088857    0.141921    0.323288    0.000000    0.000000    0.000000    0.000000    0.000000    0.000000
   1.01834    3.132370    0.156043    0.097721    0.156043    0.355588    0.000000    0.000000    0.000000    0.000000    0.000000    0.000000
   1.02434    3.378255    0.168225    0.105372    0.168225    0.383437    0.000000    0.000000    0.000000    0.000000    0.000000    0.000000
   1.03034    3.571993    0.177796    0.111398    0.177796    0.405331    0.000000    0.000000    0.000000    0.000000    0.000000    0.000000
   1.03635    3.702932    0.184210    0.115461    0.184210    0.420044    0.000000    0.000000    0.000000    0.000000    0.000000    0.000000
   1.04235    3.763882    0.187090    0.117334    0.187090    0.426734    0.000000    0.000000    0.000000    0.000000    0.000000    0.000000
   1.04835    3.751856    0.186266    0.116920    0.186266    0.425032    0.000000    0.000000    0.000000    0.000000    0.000000    0.000000
   1.05435    3.668410    0.181786    0.114266    0.181786    0.415076    0.000000    0.000000    0.000000    0.000000    0.000000    0.000000
   1.06035    3.519568    0.173918    0.109556    0.173918    0.397505    0.000000    0.000000    0.000000    0.000000    0.000000    0.000000
   1.06636    3.315309    0.163119    0.103103    0.163119    0.373398    0.000000    0.000000    0.000000    0.000000    0.000000    0.000000
   1.07236    3.068702    0.149995    0.095316    0.149995    0.344182    0.000000    0.000000    0.000000    0.000000    0.000000    0.000000
   1.07836    2.794802    0.135246    0.086675    0.135246    0.311511    0.000000    0.000000    0.000000    0.000000    0.000000    0.000000
   1.08436    2.509426    0.119609    0.077694    0.119609    0.277131    0.000000    0.000000    0.000000    0.000000    0.000000    0.000000
   1.09036    2.227976    0.103802    0.068888    0.103802    0.242759    0.000000    0.000000    0.000000    0.000000    0.000000    0.000000
   1.09637    1.964427    0.088478    0.060750    0.088478    0.209980    0.000000    0.000000    0.000000    0.000000    0.000000    0.000000
   1.10237    1.730573    0.074193    0.053737    0.074193    0.180173    0.000000    0.000000    0.000000    0.000000    0.000000    0.000000
   1.10837    1.535600    0.061393    0.048259    0.061393    0.154480    0.000000    0.000000    0.000000    0.000000    0.000000    0.000000
   1.11437    1.385987    0.050408    0.044694    0.050408    0.133805    0.000000    0.000000    0.000000    0.000000    0.000000    0.000000
   1.12037    1.285719    0.041472    0.043396    0.041472    0.118846    0.000000    0.000000    0.000000    0.000000    0.000000    0.000000
   1.12638    1.236747    0.034745    0.044716    0.034745    0.110157    0.000000    0.000000    0.000000    0.000000    0.000000    0.000000
   1.13238    1.239621    0.030346    0.049026    0.030346    0.108205    0.000000    0.000000    0.000000    0.000000    0.000000    0.000000
   1.13838    1.294196    0.028386    0.056733    0.028386    0.113441    0.000000    0.000000    0.000000    0.000000    0.000000    0.000000
   1.14438    1.400335    0.028998    0.068289    0.028998    0.126349    0.000000    0.000000    0.000000    0.000000    0.000000    0.000000
   1.15038    1.558496    0.032362    0.084182    0.032362    0.147471    0.000000    0.000000    0.000000    0.000000    0.000000    0.000000
   1.15639    1.770147    0.038719    0.104919    0.038719    0.177406    0.000000    0.000000    0.000000    0.000000    0.000000    0.000000
   1.16239    2.037932    0.048377    0.130985    0.048377    0.216775    0.000000    0.000000    0.000000    0.000000    0.000000    0.000000
   1.16839    2.365565    0.061700    0.162786    0.061700    0.266151    0.000000    0.000000    0.000000    0.000000    0.000000    0.000000
   1.17439    2.757428    0.079085    0.200584    0.079085    0.325963    0.000000    0.000000    0.000000    0.000000    0.000000    0.000000
   1.18039    3.217922    0.100929    0.244428    0.100929    0.396393    0.000000    0.000000    0.000000    0.000000    0.000000    0.000000
   1.18640    3.750604    0.127584    0.294080    0.127584    0.477260    0.000000    0.000000    0.000000    0.000000    0.000000    0.000000
   1.19240    4.357227    0.159300    0.348968    0.159300    0.567929    0.000000    0.000000    0.000000    0.000000    0.000000    0.000000
   1.19840    5.036784    0.196174    0.408156    0.196174    0.667246    0.000000    0.000000    0.000000    0.000000    0.000000    0.000000
   1.20440    5.784701    0.238088    0.470349    0.238088    0.773518    0.000000    0.000000    0.000000    0.000000    0.000000    0.000000
   1.21040    6.592285    0.284667    0.533941    0.284667    0.884551    0.000000    0.000000    0.000000    0.000000    0.000000    0.000000
   1.21641    7.446562    0.335238    0.597089    0.335238    0.997740    0.000000    0.000000    0.000000    0.000000    0.000000    0.000000
   1.22241    8.330548    0.388818    0.657837    0.388818    1.110216    0.000000    0.000000    0.000000    0.000000    0.000000    0.000000
   1.22841    9.223989    0.444132    0.714252    0.444132    1.219035    0.000000    0.000000    0.000000    0.000000    0.000000    0.000000
   1.23441   10.104535    0.499644    0.764570    0.499644    1.321382    0.000000    0.000000    0.000000    0.000000    0.000000    0.000000
   1.24041   10.949229    0.553639    0.807340    0.553639    1.414784    0.000000    0.000000    0.000000    0.000000    0.000000    0.000000
   1.24642   11.736196    0.604317    0.841544    0.604317    1.497298    0.000000    0.000000    0.000000    0.000000    0.000000    0.000000
   1.25242   12.446309    0.649915    0.866671    0.649915    1.567648    0.000000    0.000000    0.000000    0.000000    0.000000    0.000000
   1.25842   13.064668    0.688840    0.882756    0.688840    1.625306    0.000000    0.000000    0.000000    0.000000    0.000000    0.000000
   1.26442   13.581663    0.719791    0.890357    0.719791    1.670490    0.000000    0.000000    0.000000    0.000000    0.000000    0.000000
   1.27042   13.993496    0.741872    0.890490    0.741872    1.704087    0.000000    0.000000    0.000000    0.000000    0.000000    0.000000
   1.27643   14.302053    0.754669    0.884509    0.754669    1.727505    0.000000    0.000000    0.000000    0.000000    0.000000    0.000000
   1.28243   14.514130    0.758282    0.873969    0.758282    1.742466    0.000000    0.000000    0.000000    0.000000    0.000000    0.000000
   1.28843   14.640086    0.753305    0.860461    0.753305    1.750766    0.000000    0.000000    0.000000    0.000000    0.000000    0.000000
   1.29443   14.692100    0.740768    0.845457    0.740768    1.754027    0.000000    0.000000    0.000000    0.000000    0.000000    0.000000
   1.30043   14.682266    0.722019    0.830171    0.722019    1.753481    0.000000    0.000000    0.000000    0.000000    0.000000    0.000000
   1.30644   14.620791    0.698591    0.815448    0.698591    1.749802    0.000000    0.000000    0.000000    0.000000    0.000000    0.000000
   1.31244   14.514563    0.672045    0.801706    0.672045    1.743017    0.000000    0.000000    0.000000    0.000000    0.000000    0.000000
   1.31844   14.366290    0.643824    0.788923    0.643824    1.732508    0.000000    0.000000    0.000000    0.000000    0.000000    0.000000
   1.32444   14.174337    0.615131    0.776666    0.615131    1.717102    0.000000    0.000000    0.000000    0.000000    0.000000    0.000000
   1.33044   13.933276    0.586843    0.764181    0.586843    1.695244    0.000000    0.000000    0.000000    0.000000    0.000000    0.000000
   1.33645   13.635055    0.559467    0.750494    0.559467    1.665218    0.000000    0.000000    0.000000    0.000000    0.000000    0.000000
   1.34245   13.270592    0.533153    0.734550    0.533153    1.625408    0.000000    0.000000    0.000000    0.000000    0.000000    0.000000
   1.34845   12.831562    0.507741    0.715346    0.507741    1.574533    0.000000    0.000000    0.000000    0.000000    0.000000    0.000000
   1.35445   12.312093    0.482845    0.692049    0.482845    1.511855    0.000000    0.000000    0.000000    0.000000    0.000000    0.000000
   1.36045   11.710156    0.457958    0.664100    0.457958    1.437315    0.000000    0.000000    0.000000    0.000000    0.000000    0.000000
   1.36646   11.028445    0.432554    0.631276    0.432554    1.351593    0.000000    0.000000    0.000000    0.000000    0.000000    0.000000
   1.37246   10.274679    0.406190    0.593713    0.406190    1.256080    0.000000    0.000000    0.000000    0.000000    0.000000    0.000000
   1.37846    9.461297    0.378577    0.551901    0.378577    1.152783    0.000000    0.000000    0.000000    0.000000    0.000000    0.000000
   1.38446    8.604642    0.349626    0.506631    0.349626    1.044158    0.000000    0.000000    0.000000    0.000000    0.000000    0.000000
   1.39046    7.723747    0.319465    0.458928    0.319465    0.932926    0.000000    0.000000    0.000000    0.000000    0.000000    0.000000
   1.39647    6.838918    0.288423    0.409964    0.288423    0.821862    0.000000    0.000000    0.000000    0.000000    0.000000    0.000000
   1.40247    5.970265    0.256990    0.360959    0.256990    0.713606    0.000000    0.000000    0.000000    0.000000    0.000000    0.000000
   1.40847    5.136363    0.225760    0.313094    0.225760    0.610498    0.000000    0.000000    0.000000    0.000000    0.000000    0.000000
   1.41447    4.353152    0.195369    0.267435    0.195369    0.514458    0.000000    0.000000    0.000000    0.000000    0.000000    0.000000
   1.42047    3.633160    0.166430    0.224866    0.166430    0.426915    0.000000    0.000000    0.000000    0.000000    0.000000    0.000000
   1.42648    2.985090    0.139481    0.186058    0.139481    0.348778    0.000000    0.000000    0.000000    0.000000    0.000000    0.000000
   1.43248    2.413748    0.114945    0.151446    0.114945    0.280461    0.000000    0.000000    0.000000    0.000000    0.000000    0.000000
   1.43848    1.920285    0.093105    0.121234    0.093105    0.221928    0.000000    0.000000    0.000000    0.000000    0.000000    0.000000
   1.44448    1.502667    0.074098    0.095420    0.074098    0.172770    0.000000    0.000000    0.000000    0.000000    0.000000    0.000000
   1.45048    1.156308    0.057925    0.073822    0.057925    0.132295    0.000000    0.000000    0.000000    0.000000    0.000000    0.000000
   1.45649    0.874767    0.044467    0.056127    0.044467    0.099620    0.000000    0.000000    0.000000    0.000000    0.000000    0.000000
   1.46249    0.650459    0.033514    0.041927    0.033514    0.073753    0.000000    0.000000    0.000000    0.000000    0.000000    0.000000
   1.46849    0.475292    0.024794    0.030766    0.024794    0.053673    0.000000    0.000000    0.000000    0.000000    0.000000    0.000000
   1.47449    0.341214    0.018002    0.022173    0.018002    0.038387    0.000000    0.000000    0.000000    0.000000    0.000000    0.000000
   1.48049    0.240622    0.012827    0.015691    0.012827    0.026976    0.000000    0.000000    0.000000    0.000000    0.000000    0.000000
   1.48650    0.166656    0.008967    0.010902    0.008967    0.018623    0.000000    0.000000    0.000000    0.000000    0.000000    0.000000
   1.49250    0.113356    0.006151    0.007436    0.006151    0.012629    0.000000    0.000000    0.000000    0.000000    0.000000    0.000000
   1.49850    0.075725    0.004140    0.004979    0.004140    0.008412    0.000000    0.000000    0.000000    0.000000    0.000000    0.000000
   1.50450    0.049712    0.002735    0.003274    0.002735    0.005506    0.000000    0.000000    0.000000    0.000000    0.000000    0.000000
   1.51050    0.032135    0.001776    0.002115    0.001776    0.003545    0.000000    0.000000    0.000000    0.000000    0.000000    0.000000
   1.51651    0.020575    0.001139    0.001347    0.001139    0.002255    0.000000    0.000000    0.000000    0.000000    0.000000    0.000000
   1.52251    0.013267    0.000729    0.000852    0.000729    0.001432    0.000000    0.000000    0.000000    0.000000    0.000000    0.000000
   1.52851    0.008989    0.000481    0.000547    0.000481    0.000937    0.000000    0.000000    0.000000    0.000000    0.000000    0.000000
   1.53451    0.006967    0.000351    0.000375    0.000351    0.000676    0.000000    0.000000    0.000000    0.000000    0.000000    0.000000
   1.54051    0.006812    0.000313    0.000303    0.000313    0.000595    0.000000    0.000000    0.000000    0.000000    0.000000    0.000000
   1.54652    0.008476    0.000359    0.000314    0.000359    0.000676    0.000000    0.000000    0.000000    0.000000    0.000000    0.000000
   1.55252    0.012245    0.000496    0.000406    0.000496    0.000929    0.000000    0.000000    0.000000    0.000000    0.000000    0.000000
   1.55852    0.018754    0.000745    0.000592    0.000745    0.001393    0.000000    0.000000    0.000000    0.000000    0.000000    0.000000
   1.56452    0.029026    0.001146    0.000901    0.001146    0.002140    0.000000    0.000000    0.000000    0.000000    0.000000    0.000000
   1.57052    0.044534    0.001756    0.001376    0.001756    0.003278    0.000000    0.000000    0.000000    0.000000    0.000000    0.000000
   1.57653    0.067260    0.002653    0.002078    0.002653    0.004951    0.000000    0.000000    0.000000    0.000000    0.000000    0.000000
   1.58253    0.099762    0.003940    0.003088    0.003940    0.007350    0.000000    0.000000    0.000000    0.000000    0.000000    0.000000
   1.58853    0.145208    0.005744    0.004509    0.005744    0.010713    0.000000    0.000000    0.000000    0.000000    0.000000    0.000000
   1.59453    0.207382    0.008222    0.006465    0.008222    0.015328    0.000000    0.000000    0.000000    0.000000    0.000000    0.000000
   1.60053    0.290625    0.011554    0.009105    0.011554    0.021528    0.000000    0.000000    0.000000    0.000000    0.000000    0.000000
   1.60654    0.399719    0.015942    0.012595    0.015942    0.029687    0.000000    0.000000    0.000000    0.000000    0.000000    0.000000
   1.61254    0.539684    0.021607    0.017124    0.021607    0.040207    0.000000    0.000000    0.000000    0.000000    0.000000    0.000000
   1.61854    0.715504    0.028777    0.022890    0.028777    0.053505    0.000000    0.000000    0.000000    0.000000    0.000000    0.000000
   1.62454    0.931804    0.037679    0.030100    0.037679    0.069987    0.000000    0.000000    0.000000    0.000000    0.000000    0.000000
   1.63054    1.192490    0.048527    0.038959    0.048527    0.090030    0.000000    0.000000    0.000000    0.000000    0.000000    0.000000
   1.63655    1.500411    0.061509    0.049669    0.061509    0.113960    0.000000    0.000000    0.000000    0.000000    0.000000    0.000000
   1.64255    1.857077    0.076784    0.062413    0.076784    0.142032    0.000000    0.000000    0.000000    0.000000    0.000000    0.000000
   1.64855    2.262484    0.094466    0.077362    0.094466    0.174419    0.000000    0.000000    0.000000    0.000000    0.000000    0.000000
   1.65455    2.715079    0.114627    0.094661    0.114627    0.211200    0.000000    0.000000    0.000000    0.000000    0.000000    0.000000
   1.66055    3.211859    0.137292    0.114427    0.137292    0.252364    0.000000    0.000000    0.000000    0.000000    0.000000    0.000000
   1.66656    3.748606    0.162438    0.136746    0.162438    0.297805    0.000000    0.000000    0.000000    0.000000    0.000000    0.000000
   1.67256    4.320188    0.189995    0.161660    0.189995    0.347329    0.000000    0.000000    0.000000    0.000000    0.000000    0.000000
   1.67856    4.920868    0.219840    0.189154    0.219840    0.400645    0.000000    0.000000    0.000000    0.000000    0.000000    0.000000
   1.68456    5.544539    0.251785    0.219135    0.251785    0.457354    0.000000    0.000000    0.000000    0.000000    0.000000    0.000000
   1.69056    6.184811    0.285561    0.251405    0.285561    0.516927    0.000000    0.000000    0.000000    0.000000    0.000000    0.000000
   1.69657    6.834920    0.320797    0.285636    0.320797    0.578665    0.000000    0.000000    0.000000    0.000000    0.000000    0.000000
   1.70257    7.487458    0.356996    0.321335    0.356996    0.641673    0.000000    0.000000    0.000000    0.000000    0.000000    0.000000
   1.70857    8.133984    0.393517    0.357829    0.393517    0.704817    0.000000    0.000000    0.000000    0.000000    0.000000    0.000000
   1.71457    8.764610    0.429564    0.394257    0.429564    0.766718    0.000000    0.000000    0.000000    0.000000    0.000000    0.000000
   1.72057    9.367713    0.464196    0.429585    0.464196    0.825762    0.000000    0.000000    0.000000    0.000000    0.000000    0.000000
   1.72658    9.929879    0.496353    0.462648    0.496353    0.880156    0.000000    0.000000    0.000000    0.000000    0.000000    0.000000
   1.73258   10.436200    0.524919    0.492213    0.524919    0.928019    0.000000    0.000000    0.000000    0.000000    0.000000    0.000000
   1.73858   10.870969    0.548794    0.517071    0.548794    0.967521    0.000000    0.000000    0.000000    0.000000    0.000000    0.000000
   1.74458   11.218744    0.566988    0.536138    0.566988    0.997039    0.000000    0.000000    0.000000    0.000000    0.000000    0.000000
   1.75058   11.465676    0.578721    0.548562    0.578721    1.015333    0.000000    0.000000    0.000000    0.000000    0.000000    0.000000
   1.75659   11.600956    0.583516    0.553816    0.583516    1.021695    0.000000    0.000000    0.000000    0.000000    0.000000    0.000000
   1.76259   11.618154    0.581263    0.551772    0.581263    1.016076    0.000000    0.000000    0.000000    0.000000    0.000000    0.000000
   1.76859   11.516256    0.572264    0.542730    0.572264    0.999139    0.000000    0.000000    0.000000    0.000000    0.000000    0.000000
   1.77459   11.300226    0.557223    0.527414    0.557223    0.972249    0.000000    0.000000    0.000000    0.000000    0.000000    0.000000
   1.78059   10.980972    0.537204    0.506915    0.537204    0.937385    0.000000    0.000000    0.000000    0.000000    0.000000    0.000000
   1.78660   10.574684    0.513544    0.482604    0.513544    0.896978    0.000000    0.000000    0.000000    0.000000    0.000000    0.000000
   1.79260   10.101596    0.487732    0.456006    0.487732    0.853699    0.000000    0.000000    0.000000    0.000000    0.000000    0.000000
   1.79860    9.584301    0.461282    0.428663    0.461282    0.810212    0.000000    0.000000    0.000000    0.000000    0.000000    0.000000
   1.80460    9.045812    0.435590    0.402002    0.435590    0.768931    0.000000    0.000000    0.000000    0.000000    0.000000    0.000000
   1.81060    8.507604    0.411813    0.377209    0.411813    0.731796    0.000000    0.000000    0.000000    0.000000    0.000000    0.000000
   1.81661    7.987850    0.390775    0.355136    0.390775    0.700108    0.000000    0.000000    0.000000    0.000000    0.000000    0.000000
   1.82261    7.500078    0.372907    0.336255    0.372907    0.674429    0.000000    0.000000    0.000000    0.000000    0.000000    0.000000
   1.82861    7.052394    0.358238    0.320639    0.358238    0.654577    0.000000    0.000000    0.000000    0.000000    0.000000    0.000000
   1.83461    6.647354    0.346423    0.308004    0.346423    0.639688    0.000000    0.000000    0.000000    0.000000    0.000000    0.000000
   1.84061    6.282487    0.336820    0.297771    0.336820    0.628366    0.000000    0.000000    0.000000    0.000000    0.000000    0.000000
   1.84662    5.951386    0.328589    0.289172    0.328589    0.618883    0.000000    0.000000    0.000000    0.000000    0.000000    0.000000
   1.85262    5.645219    0.320816    0.281361    0.320816    0.609416    0.000000    0.000000    0.000000    0.000000    0.000000    0.000000
   1.85862    5.354446    0.312638    0.273535    0.312638    0.598282    0.000000    0.000000    0.000000    0.000000    0.000000    0.000000
   1.86462    5.070519    0.303355    0.265031    0.303355    0.584157    0.000000    0.000000    0.000000    0.000000    0.000000    0.000000
   1.87062    4.787343    0.292521    0.255419    0.292521    0.566235    0.000000    0.000000    0.000000    0.000000    0.000000    0.000000
   1.87663    4.502318    0.279994    0.244543    0.279994    0.544337    0.000000    0.000000    0.000000    0.000000    0.000000    0.000000
   1.88263    4.216832    0.265958    0.232539    0.265958    0.518922    0.000000    0.000000    0.000000    0.000000    0.000000    0.000000
   1.88863    3.936172    0.250891    0.219814    0.250891    0.491039    0.000000    0.000000    0.000000    0.000000    0.000000    0.000000
   1.89463    3.668868    0.235511    0.206988    0.235511    0.462198    0.000000    0.000000    0.000000    0.000000    0.000000    0.000000
   1.90063    3.425590    0.220683    0.194818    0.220683    0.434194    0.000000    0.000000    0.000000    0.000000    0.000000    0.000000
   1.90664    3.217726    0.207318    0.184100    0.207318    0.408900    0.000000    0.000000    0.000000    0.000000    0.000000    0.000000
   1.91264    3.055845    0.196264    0.175574    0.196264    0.388050    0.000000    0.000000    0.000000    0.000000    0.000000    0.000000
   1.91864    2.948218    0.188205    0.169835    0.188205    0.373043    0.000000    0.000000    0.000000    0.000000    0.000000    0.000000
   1.92464    2.899579    0.183583    0.167250    0.183583    0.364781    0.000000    0.000000    0.000000    0.000000    0.000000    0.000000
   1.93064    2.910254    0.182539    0.167919    0.182539    0.363560    0.000000    0.000000    0.000000    0.000000    0.000000    0.000000
   1.93665    2.975764    0.184891    0.171643    0.184891    0.369028    0.000000    0.000000    0.000000    0.000000    0.000000    0.000000
   1.94265    3.086938    0.190144    0.177940    0.190144    0.380203    0.000000    0.000000    0.000000    0.000000    0.000000    0.000000
   1.94865    3.230528    0.197533    0.186079    0.197533    0.395558    0.000000    0.000000    0.000000    0.000000    0.000000    0.000000
   1.95465    3.390262    0.206089    0.195143    0.206089    0.413161    0.000000    0.000000    0.000000    0.000000    0.000000    0.000000
   1.96065    3.548220    0.214733    0.204114    0.214733    0.430851    0.000000    0.000000    0.000000    0.000000    0.000000    0.000000
   1.96666    3.686400    0.222365    0.211964    0.222365    0.446437    0.000000    0.000000    0.000000    0.000000    0.000000    0.000000
   1.97266    3.788297    0.227975    0.217745    0.227975    0.457896    0.000000    0.000000    0.000000    0.000000    0.000000    0.000000
   1.97866    3.840328    0.230723    0.220676    0.230723    0.463555    0.000000    0.000000    0.000000    0.000000    0.000000    0.000000
   1.98466    3.832963    0.230014    0.220206    0.230014    0.462225    0.000000    0.000000    0.000000    0.000000    0.000000    0.000000
   1.99066    3.761424    0.225537    0.216057    0.225537    0.453294    0.000000    0.000000    0.000000    0.000000    0.000000    0.000000
   1.99667    3.625918    0.217286    0.208234    0.217286    0.436752    0.000000    0.000000    0.000000    0.000000    0.000000    0.000000
   2.00267    3.431366    0.205536    0.197012    0.205536    0.413163    0.000000    0.000000    0.000000    0.000000    0.000000    0.000000
   2.00867    3.186727    0.190808    0.182896    0.190808    0.383577    0.000000    0.000000    0.000000    0.000000    0.000000    0.000000
   2.01467    2.903981    0.173805    0.166557    0.173805    0.349411    0.000000    0.000000    0.000000    0.000000    0.000000    0.000000
   2.02067    2.596953    0.155339    0.148769    0.155339    0.312300    0.000000    0.000000    0.000000    0.000000    0.000000    0.000000
   2.02668    2.280103    0.136260    0.130333    0.136260    0.273954    0.000000    0.000000    0.000000    0.000000    0.000000    0.000000
   2.03268    1.967439    0.117386    0.112012    0.117386    0.236020    0.000000    0.000000    0.000000    0.000000    0.000000    0.000000
   2.03868    1.671666    0.099453    0.094480    0.099453    0.199979    0.000000    0.000000    0.000000    0.000000    0.000000    0.000000
   2.04468    1.403618    0.083079    0.078285    0.083079    0.167072    0.000000    0.000000    0.000000    0.000000    0.000000    0.000000
   2.05068    1.172020    0.068750    0.063836    0.068750    0.138272    0.000000    0.000000    0.000000    0.000000    0.000000    0.000000
   2.05669    0.983518    0.056819    0.051400    0.056819    0.114281    0.000000    0.000000    0.000000    0.000000    0.000000    0.000000
   2.06269    0.842929    0.047525    0.041120    0.047525    0.095564    0.000000    0.000000    0.000000    0.000000    0.000000    0.000000
   2.06869    0.753610    0.041013    0.033041    0.041013    0.082394    0.000000    0.000000    0.000000    0.000000    0.000000    0.000000
   2.07469    0.717859    0.037370    0.027138    0.037370    0.074905    0.000000    0.000000    0.000000    0.000000    0.000000    0.000000
   2.08069    0.737241    0.036644    0.023352    0.036644    0.073138    0.000000    0.000000    0.000000    0.000000    0.000000    0.000000
   2.08670    0.812797    0.038868    0.021616    0.038868    0.077080    0.000000    0.000000    0.000000    0.000000    0.000000    0.000000
   2.09270    0.945085    0.044077    0.021884    0.044077    0.086681    0.000000    0.000000    0.000000    0.000000    0.000000    0.000000
   2.09870    1.134059    0.052307    0.024144    0.052307    0.101860    0.000000    0.000000    0.000000    0.000000    0.000000    0.000000
   2.10470    1.378818    0.063593    0.028430    0.063593    0.122487    0.000000    0.000000    0.000000    0.000000    0.000000    0.000000
   2.11070    1.677280    0.077963    0.034827    0.077963    0.148365    0.000000    0.000000    0.000000    0.000000    0.000000    0.000000
   2.11671    2.025874    0.095422    0.043463    0.095422    0.179198    0.000000    0.000000    0.000000    0.000000    0.000000    0.000000
   2.12271    2.419305    0.115940    0.054500    0.115940    0.214574    0.000000    0.000000    0.000000    0.000000    0.000000    0.000000
   2.12871    2.850481    0.139438    0.068118    0.139438    0.253945    0.000000    0.000000    0.000000    0.000000    0.000000    0.000000
   2.13471    3.310654    0.165784    0.084490    0.165784    0.296632    0.000000    0.000000    0.000000    0.000000    0.000000    0.000000
   2.14071    3.789784    0.194786    0.103759    0.194786    0.341843    0.000000    0.000000    0.000000    0.000000    0.000000    0.000000
   2.14672    4.277121    0.226198    0.126011    0.226198    0.388702    0.000000    0.000000    0.000000    0.000000    0.000000    0.000000
   2.15272    4.761960    0.259728    0.151249    0.259728    0.436305    0.000000    0.000000    0.000000    0.000000    0.000000    0.000000
   2.15872    5.234495    0.295051    0.179367    0.295051    0.483771    0.000000    0.000000    0.000000    0.000000    0.000000    0.000000
   2.16472    5.686693    0.331828    0.210138    0.331828    0.530307    0.000000    0.000000    0.000000    0.000000    0.000000    0.000000
   2.17072    6.113091    0.369723    0.243211    0.369723    0.575264    0.000000    0.000000    0.000000    0.000000    0.000000    0.000000
   2.17673    6.511439    0.408433    0.278115    0.408433    0.618193    0.000000    0.000000    0.000000    0.000000    0.000000    0.000000
   2.18273    6.883122    0.447705    0.314289    0.447705    0.658884    0.000000    0.000000    0.000000    0.000000    0.000000    0.000000
   2.18873    7.233302    0.487360    0.351115    0.487360    0.697386    0.000000    0.000000    0.000000    0.000000    0.000000    0.000000
   2.19473    7.570760    0.527309    0.387966    0.527309    0.734012    0.000000    0.000000    0.000000    0.000000    0.000000    0.000000
   2.20073    7.907409    0.567558    0.424251    0.567558    0.769320    0.000000    0.000000    0.000000    0.000000    0.000000    0.000000
   2.20674    8.257475    0.608201    0.459466    0.608201    0.804068    0.000000    0.000000    0.000000    0.000000    0.000000    0.000000
   2.21274    8.636371    0.649400    0.493221    0.649400    0.839137    0.000000    0.000000    0.000000    0.000000    0.000000    0.000000
   2.21874    9.059302    0.691336    0.525252    0.691336    0.875437    0.000000    0.000000    0.000000    0.000000    0.000000    0.000000
   2.22474    9.539654    0.734155    0.555411    0.734155    0.913787    0.000000    0.000000    0.000000    0.000000    0.000000    0.000000
   2.23074   10.087305    0.777885    0.583626    0.777885    0.954777    0.000000    0.000000    0.000000    0.000000    0.000000    0.000000
   2.23675   10.706969    0.822363    0.609855    0.822363    0.998641    0.000000    0.000000    0.000000    0.000000    0.000000    0.000000
   2.24275   11.396780    0.867157    0.634015    0.867157    1.045136    0.000000    0.000000    0.000000    0.000000    0.000000    0.000000
   2.24875   12.147280    0.911507    0.655924    0.911507    1.093459    0.000000    0.000000    0.000000    0.000000    0.000000    0.000000
   2.25475   12.941013    0.954304    0.675249    0.954304    1.142217    0.000000    0.000000    0.000000    0.000000    0.000000    0.000000
   2.26075   13.752833    0.994107    0.691490    0.994107    1.189454    0.000000    0.000000    0.000000    0.000000    0.000000    0.000000
   2.26676   14.551017    1.029203    0.703985    1.029203    1.232758    0.000000    0.000000    0.000000    0.000000    0.000000    0.000000
   2.27276   15.299121    1.057716    0.711952    1.057716    1.269425    0.000000    0.000000    0.000000    0.000000    0.000000    0.000000
   2.27876   15.958476    1.077750    0.714565    1.077750    1.296682    0.000000    0.000000    0.000000    0.000000    0.000000    0.000000
   2.28476   16.491072    1.087561    0.711048    1.087561    1.311932    0.000000    0.000000    0.000000    0.000000    0.000000    0.000000
   2.29076   16.862562    1.085719    0.700773    1.085719    1.313009    0.000000    0.000000    0.000000    0.000000    0.000000    0.000000
   2.29677   17.045049    1.071265    0.683357    1.071265    1.298398    0.000000    0.000000    0.000000    0.000000    0.000000    0.000000
   2.30277   17.019379    1.043829    0.658732    1.043829    1.267401    0.000000    0.000000    0.000000    0.000000    0.000000    0.000000
   2.30877   16.776677    1.003687    0.627191    1.003687    1.220226    0.000000    0.000000    0.000000    0.000000    0.000000    0.000000
   2.31477   16.319003    0.951774    0.589389    0.951774    1.157990    0.000000    0.000000    0.000000    0.000000    0.000000    0.000000
   2.32077   15.659071    0.889624    0.546311    0.889624    1.082631    0.000000    0.000000    0.000000    0.000000    0.000000    0.000000
   2.32678   14.819114    0.819264    0.499208    0.819264    0.996756    0.000000    0.000000    0.000000    0.000000    0.000000    0.000000
   2.33278   13.829059    0.743065    0.449504    0.743065    0.903423    0.000000    0.000000    0.000000    0.000000    0.000000    0.000000
   2.33878   12.724223    0.663572    0.398700    0.663572    0.805908    0.000000    0.000000    0.000000    0.000000    0.000000    0.000000
   2.34478   11.542813    0.583327    0.348264    0.583327    0.707465    0.000000    0.000000    0.000000    0.000000    0.000000    0.000000
   2.35078   10.323449    0.504714    0.299548    0.504714    0.611112    0.000000    0.000000    0.000000    0.000000    0.000000    0.000000
   2.35679    9.102954    0.429826    0.253713    0.429826    0.519468    0.000000    0.000000    0.000000    0.000000    0.000000    0.000000
   2.36279    7.914557    0.360376    0.211684    0.360376    0.434637    0.000000    0.000000    0.000000    0.000000    0.000000    0.000000
   2.36879    6.786602    0.297655    0.174134    0.297655    0.358161    0.000000    0.000000    0.000000    0.000000    0.000000    0.000000
   2.37479    5.741818    0.242525    0.141491    0.242525    0.291028    0.000000    0.000000    0.000000    0.000000    0.000000    0.000000
   2.38079    4.797094    0.195459    0.113966    0.195459    0.233719    0.000000    0.000000    0.000000    0.000000    0.000000    0.000000
   2.38680    3.963712    0.156602    0.091596    0.156602    0.186301    0.000000    0.000000    0.000000    0.000000    0.000000    0.000000
   2.39280    3.247923    0.125850    0.074295    0.125850    0.148530    0.000000    0.000000    0.000000    0.000000    0.000000    0.000000
   2.39880    2.651736    0.102934    0.061904    0.102934    0.119958    0.000000    0.000000    0.000000    0.000000    0.000000    0.000000
   2.40480    2.173819    0.087499    0.054238    0.087499    0.100033    0.000000    0.000000    0.000000    0.000000    0.000000    0.000000
   2.41080    1.810370    0.079160    0.051113    0.079160    0.088173    0.000000    0.000000    0.000000    0.000000    0.000000    0.000000
   2.41681    1.555886    0.077544    0.052368    0.077544    0.083824    0.000000    0.000000    0.000000    0.000000    0.000000    0.000000
   2.42281    1.403741    0.082300    0.057858    0.082300    0.086473    0.000000    0.000000    0.000000    0.000000    0.000000    0.000000
   2.42881    1.346562    0.093091    0.067444    0.093091    0.095649    0.000000    0.000000    0.000000    0.000000    0.000000    0.000000
   2.43481    1.376392    0.109560    0.080960    0.109560    0.110891    0.000000    0.000000    0.000000    0.000000    0.000000    0.000000
   2.44081    1.484689    0.131284    0.098176    0.131284    0.131707    0.000000    0.000000    0.000000    0.000000    0.000000    0.000000
   2.44682    1.662238    0.157724    0.118762    0.157724    0.157523    0.000000    0.000000    0.000000    0.000000    0.000000    0.000000
   2.45282    1.899060    0.188189    0.142257    0.188189    0.187649    0.000000    0.000000    0.000000    0.000000    0.000000    0.000000
   2.45882    2.184426    0.221803    0.168049    0.221803    0.221252    0.000000    0.000000    0.000000    0.000000    0.000000    0.000000
   2.46482    2.507047    0.257515    0.195383    0.257515    0.257359    0.000000    0.000000    0.000000    0.000000    0.000000    0.000000
   2.47082    2.855513    0.294126    0.223388    0.294126    0.294896    0.000000    0.000000    0.000000    0.000000    0.000000    0.000000
   2.47683    3.218963    0.330357    0.251126    0.330357    0.332748    0.000000    0.000000    0.000000    0.000000    0.000000    0.000000
   2.48283    3.587947    0.364940    0.277664    0.364940    0.369852    0.000000    0.000000    0.000000    0.000000    0.000000    0.000000
   2.48883    3.955357    0.396721    0.302155    0.396721    0.405293    0.000000    0.000000    0.000000    0.000000    0.000000    0.000000
   2.49483    4.317285    0.424773    0.323924    0.424773    0.438404    0.000000    0.000000    0.000000    0.000000    0.000000    0.000000
   2.50083    4.673615    0.448479    0.342529    0.448479    0.468839    0.000000    0.000000    0.000000    0.000000    0.000000    0.000000
   2.50684    5.028192    0.467596    0.357811    0.467596    0.496611    0.000000    0.000000    0.000000    0.000000    0.000000    0.000000
   2.51284    5.388429    0.482262    0.369897    0.482262    0.522074    0.000000    0.000000    0.000000    0.000000    0.000000    0.000000
   2.51884    5.764326    0.492962    0.379169    0.492962    0.545861    0.000000    0.000000    0.000000    0.000000    0.000000    0.000000
   2.52484    6.166926    0.500440    0.386201    0.500440    0.568758    0.000000    0.000000    0.000000    0.000000    0.000000    0.000000
   2.53084    6.606376    0.505569    0.391655    0.505569    0.591558    0.000000    0.000000    0.000000    0.000000    0.000000    0.000000
   2.53685    7.089830    0.509211    0.396174    0.509211    0.614889    0.000000    0.000000    0.000000    0.000000    0.000000    0.000000
   2.54285    7.619498    0.512071    0.400271    0.512071    0.639065    0.000000    0.000000    0.000000    0.000000    0.000000    0.000000
   2.54885    8.191156    0.514577    0.404242    0.514577    0.663975    0.000000    0.000000    0.000000    0.000000    0.000000    0.000000
   2.55485    8.793395    0.516808    0.408113    0.516808    0.689032    0.000000    0.000000    0.000000    0.000000    0.000000    0.000000
   2.56085    9.407786    0.518475    0.411631    0.518475    0.713199    0.000000    0.000000    0.000000    0.000000    0.000000    0.000000
   2.56686   10.010027    0.518964    0.414299    0.518964    0.735090    0.000000    0.000000    0.000000    0.000000    0.000000    0.000000
   2.57286   10.571984    0.517431    0.415462    0.517431    0.753140    0.000000    0.000000    0.000000    0.000000    0.000000    0.000000
   2.57886   11.064370    0.512941    0.414405    0.512941    0.765800    0.000000    0.000000    0.000000    0.000000    0.000000    0.000000
   2.58486   11.459743    0.504610    0.410478    0.504610    0.771758    0.000000    0.000000    0.000000    0.000000    0.000000    0.000000
   2.59086   11.735404    0.491757    0.403203    0.491757    0.770121    0.000000    0.000000    0.000000    0.000000    0.000000    0.000000
   2.59687   11.875797    0.474015    0.392352    0.474015    0.760551    0.000000    0.000000    0.000000    0.000000    0.000000    0.000000
   2.60287   11.874077    0.451400    0.378001    0.451400    0.743322    0.000000    0.000000    0.000000    0.000000    0.000000    0.000000
   2.60887   11.732651    0.424325    0.360522    0.424325    0.719293    0.000000    0.000000    0.000000    0.000000    0.000000    0.000000
   2.61487   11.462618    0.393565    0.340547    0.393565    0.689804    0.000000    0.000000    0.000000    0.000000    0.000000    0.000000
   2.62087   11.082252    0.360174    0.318886    0.360174    0.656508    0.000000    0.000000    0.000000    0.000000    0.000000    0.000000
   2.62688   10.614748    0.325375    0.296436    0.325375    0.621174    0.000000    0.000000    0.000000    0.000000    0.000000    0.000000
   2.63288   10.085618    0.290437    0.274077    0.290437    0.585484    0.000000    0.000000    0.000000    0.000000    0.000000    0.000000
   2.63888    9.520098    0.256565    0.252579    0.256565    0.550858    0.000000    0.000000    0.000000    0.000000    0.000000    0.000000
   2.64488    8.940947    0.224803    0.232540    0.224803    0.518335    0.000000    0.000000    0.000000    0.000000    0.000000    0.000000
   2.65088    8.366895    0.195978    0.214349    0.195978    0.488513    0.000000    0.000000    0.000000    0.000000    0.000000    0.000000
   2.65689    7.811905    0.170677    0.198183    0.170677    0.461566    0.000000    0.000000    0.000000    0.000000    0.000000    0.000000
   2.66289    7.285228    0.149251    0.184036    0.149251    0.437318    0.000000    0.000000    0.000000    0.000000    0.000000    0.000000
   2.66889    6.792147    0.131851    0.171767    0.131851    0.415360    0.000000    0.000000    0.000000    0.000000    0.000000    0.000000
   2.67489    6.335152    0.118478    0.161162    0.118478    0.395185    0.000000    0.000000    0.000000    0.000000    0.000000    0.000000
   2.68089    5.915283    0.109034    0.151993    0.109034    0.376321    0.000000    0.000000    0.000000    0.000000    0.000000    0.000000
   2.68690    5.533348    0.103369    0.144067    0.103369    0.358436    0.000000    0.000000    0.000000    0.000000    0.000000    0.000000
   2.69290    5.190781    0.101309    0.137258    0.101309    0.341399    0.000000    0.000000    0.000000    0.000000    0.000000    0.000000
   2.69890    4.890013    0.102674    0.131517    0.102674    0.325298    0.000000    0.000000    0.000000    0.000000    0.000000    0.000000
   2.70490    4.634315    0.107270    0.126860    0.107270    0.310405    0.000000    0.000000    0.000000    0.000000    0.000000    0.000000
   2.71090    4.427186    0.114872    0.123342    0.114872    0.297107    0.000000    0.000000    0.000000    0.000000    0.000000    0.000000
   2.71691    4.271458    0.125197    0.121023    0.125197    0.285813    0.000000    0.000000    0.000000    0.000000    0.000000    0.000000
   2.72291    4.168331    0.137876    0.119920    0.137876    0.276859    0.000000    0.000000    0.000000    0.000000    0.000000    0.000000
   2.72891    4.116547    0.152439    0.119984    0.152439    0.270427    0.000000    0.000000    0.000000    0.000000    0.000000    0.000000
   2.73491    4.111914    0.168310    0.121067    0.168310    0.266482    0.000000    0.000000    0.000000    0.000000    0.000000    0.000000
   2.74091    4.147281    0.184822    0.122925    0.184822    0.264764    0.000000    0.000000    0.000000    0.000000    0.000000    0.000000
   2.74692    4.213020    0.201259    0.125227    0.201259    0.264797    0.000000    0.000000    0.000000    0.000000    0.000000    0.000000
   2.75292    4.297933    0.216900    0.127579    0.216900    0.265949    0.000000    0.000000    0.000000    0.000000    0.000000    0.000000
   2.75892    4.390458    0.231086    0.129566    0.231086    0.267508    0.000000    0.000000    0.000000    0.000000    0.000000    0.000000
   2.76492    4.479969    0.243280    0.130796    0.243280    0.268772    0.000000    0.000000    0.000000    0.000000    0.000000    0.000000
   2.77092    4.557948    0.253119    0.130940    0.253119    0.269136    0.000000    0.000000    0.000000    0.000000    0.000000    0.000000
   2.77693    4.618835    0.260448    0.129768    0.260448    0.268157    0.000000    0.000000    0.000000    0.000000    0.000000    0.000000
   2.78293    4.660394    0.265324    0.127172    0.265324    0.265602    0.000000    0.000000    0.000000    0.000000    0.000000    0.000000
   2.78893    4.683551    0.267997    0.123171    0.267997    0.261452    0.000000    0.000000    0.000000    0.000000    0.000000    0.000000
   2.79493    4.691710    0.268858    0.117901    0.268858    0.255876    0.000000    0.000000    0.000000    0.000000    0.000000    0.000000
   2.80093    4.689682    0.268376    0.111593    0.268376    0.249186    0.000000    0.000000    0.000000    0.000000    0.000000    0.000000
   2.80694    4.682400    0.267018    0.104540    0.267018    0.241764    0.000000    0.000000    0.000000    0.000000    0.000000    0.000000
   2.81294    4.673658    0.265171    0.097057    0.265171    0.233991    0.000000    0.000000    0.000000    0.000000    0.000000    0.000000
   2.81894    4.665083    0.263085    0.089451    0.263085    0.226179    0.000000    0.000000    0.000000    0.000000    0.000000    0.000000
   2.82494    4.655522    0.260834    0.081984    0.260834    0.218521    0.000000    0.000000    0.000000    0.000000    0.000000    0.000000
   2.83094    4.640958    0.258311    0.074854    0.258311    0.211073    0.000000    0.000000    0.000000    0.000000    0.000000    0.000000
   2.83695    4.614953    0.255248    0.068190    0.255248    0.203747    0.000000    0.000000    0.000000    0.000000    0.000000    0.000000
   2.84295    4.569555    0.251271    0.062045    0.251271    0.196347    0.000000    0.000000    0.000000    0.000000    0.000000    0.000000
   2.84895    4.496510    0.245961    0.056415    0.245961    0.188605    0.000000    0.000000    0.000000    0.000000    0.000000    0.000000
   2.85495    4.388580    0.238934    0.051249    0.238934    0.180243    0.000000    0.000000    0.000000    0.000000    0.000000    0.000000
   2.86095    4.240753    0.229905    0.046474    0.229905    0.171023    0.000000    0.000000    0.000000    0.000000    0.000000    0.000000
   2.86696    4.051154    0.218743    0.042009    0.218743    0.160790    0.000000    0.000000    0.000000    0.000000    0.000000    0.000000
   2.87296    3.821543    0.205503    0.037782    0.205503    0.149507    0.000000    0.000000    0.000000    0.000000    0.000000    0.000000
   2.87896    3.557313    0.190425    0.033744    0.190425    0.137260    0.000000    0.000000    0.000000    0.000000    0.000000    0.000000
   2.88496    3.267039    0.173918    0.029869    0.173918    0.124253    0.000000    0.000000    0.000000    0.000000    0.000000    0.000000
   2.89096    2.961635    0.156516    0.026157    0.156516    0.110785    0.000000    0.000000    0.000000    0.000000    0.000000    0.000000
   2.89697    2.653279    0.138821    0.022627    0.138821    0.097216    0.000000    0.000000    0.000000    0.000000    0.000000    0.000000
   2.90297    2.354245    0.121450    0.019312    0.121450    0.083926    0.000000    0.000000    0.000000    0.000000    0.000000    0.000000
   2.90897    2.075811    0.104973    0.016253    0.104973    0.071284    0.000000    0.000000    0.000000    0.000000    0.000000    0.000000
   2.91497    1.827358    0.089870    0.013487    0.089870    0.059618    0.000000    0.000000    0.000000    0.000000    0.000000    0.000000
   2.92097    1.615766    0.076502    0.011047    0.076502    0.049195    0.000000    0.000000    0.000000    0.000000    0.000000    0.000000
   2.92698    1.445129    0.065093    0.008956    0.065093    0.040213    0.000000    0.000000    0.000000    0.000000    0.000000    0.000000
   2.93298    1.316819    0.055739    0.007228    0.055739    0.032809    0.000000    0.000000    0.000000    0.000000    0.000000    0.000000
   2.93898    1.229833    0.048416    0.005867    0.048416    0.027070    0.000000    0.000000    0.000000    0.000000    0.000000    0.000000
   2.94498    1.181387    0.043017    0.004879    0.043017    0.023053    0.000000    0.000000    0.000000    0.000000    0.000000    0.000000
   2.95098    1.167661    0.039382    0.004264    0.039382    0.020805    0.000000    0.000000    0.000000    0.000000    0.000000    0.000000
   2.95699    1.184622    0.037336    0.004034    0.037336    0.020391    0.000000    0.000000    0.000000    0.000000    0.000000    0.000000
   2.96299    1.228842    0.036731    0.004210    0.036731    0.021905    0.000000    0.000000    0.000000    0.000000    0.000000    0.000000
   2.96899    1.298231    0.037475    0.004830    0.037475    0.025488    0.000000    0.000000    0.000000    0.000000    0.000000    0.000000
   2.97499    1.392620    0.039565    0.005952    0.039565    0.031333    0.000000    0.000000    0.000000    0.000000    0.000000    0.000000
   2.98099    1.514146    0.043110    0.007657    0.043110    0.039683    0.000000    0.000000    0.000000    0.000000    0.000000    0.000000
   2.98700    1.667387    0.048339    0.010045    0.048339    0.050818    0.000000    0.000000    0.000000    0.000000    0.000000    0.000000
   2.99300    1.859233    0.055603    0.013240    0.055603    0.065040    0.000000    0.000000    0.000000    0.000000    0.000000    0.000000
   2.99900    2.098488    0.065371    0.017379    0.065371    0.082649    0.000000    0.000000    0.000000    0.000000    0.000000    0.000000
   3.00500    2.395195    0.078197    0.022608    0.078197    0.103910    0.000000    0.000000    0.000000    0.000000    0.000000    0.000000
   3.01100    2.759735    0.094690    0.029073    0.094690    0.129024    0.000000    0.000000    0.000000    0.000000    0.000000    0.000000
   3.01701    3.201740    0.115456    0.036904    0.115456    0.158090    0.000000    0.000000    0.000000    0.000000    0.000000    0.000000
   3.02301    3.728878    0.141040    0.046206    0.141040    0.191080    0.000000    0.000000    0.000000    0.000000    0.000000    0.000000
   3.02901    4.345609    0.171849    0.057040    0.171849    0.227809    0.000000    0.000000    0.000000    0.000000    0.000000    0.000000
   3.03501    5.052017    0.208078    0.069413    0.208078    0.267915    0.000000    0.000000    0.000000    0.000000    0.000000    0.000000
   3.04101    5.842819    0.249637    0.083266    0.249637    0.310856    0.000000    0.000000    0.000000    0.000000    0.000000    0.000000
   3.04702    6.706694    0.296086    0.098470    0.296086    0.355911    0.000000    0.000000    0.000000    0.000000    0.000000    0.000000
   3.05302    7.626036    0.346600    0.114821    0.346600    0.402202    0.000000    0.000000    0.000000    0.000000    0.000000    0.000000
   3.05902    8.577236    0.399961    0.132052    0.399961    0.448724    0.000000    0.000000    0.000000    0.000000    0.000000    0.000000
   3.06502    9.531537    0.454582    0.149846    0.454582    0.494396    0.000000    0.000000    0.000000    0.000000    0.000000    0.000000
   3.07102   10.456476    0.508582    0.167853    0.508582    0.538112    0.000000    0.000000    0.000000    0.000000    0.000000    0.000000
   3.07703   11.317816    0.559890    0.185711    0.559890    0.578810    0.000000    0.000000    0.000000    0.000000    0.000000    0.000000
   3.08303   12.081835    0.606387    0.203076    0.606387    0.615528    0.000000    0.000000    0.000000    0.000000    0.000000    0.000000
   3.08903   12.717746    0.646061    0.219631    0.646061    0.647456    0.000000    0.000000    0.000000    0.000000    0.000000    0.000000
   3.09503   13.199988    0.677165    0.235104    0.677165    0.673979    0.000000    0.000000    0.000000    0.000000    0.000000    0.000000
   3.10103   13.510126    0.698357    0.249269    0.698357    0.694690    0.000000    0.000000    0.000000    0.000000    0.000000    0.000000
   3.10704   13.638129    0.708804    0.261939    0.708804    0.709385    0.000000    0.000000    0.000000    0.000000    0.000000    0.000000
   3.11304   13.582872    0.708241    0.272953    0.708241    0.718041    0.000000    0.000000    0.000000    0.000000    0.000000    0.000000
   3.11904   13.351810    0.696975    0.282156    0.696975    0.720769    0.000000    0.000000    0.000000    0.000000    0.000000    0.000000
   3.12504   12.959899    0.675835    0.289385    0.675835    0.717766    0.000000    0.000000    0.000000    0.000000    0.000000    0.000000
   3.13104   12.427921    0.646073    0.294454    0.646073    0.709267    0.000000    0.000000    0.000000    0.000000    0.000000    0.000000
   3.13705   11.780468    0.609245    0.297154    0.609245    0.695510    0.000000    0.000000    0.000000    0.000000    0.000000    0.000000
   3.14305   11.043867    0.567067    0.297265    0.567067    0.676714    0.000000    0.000000    0.000000    0.000000    0.000000    0.000000
   3.14905   10.244281    0.521282    0.294578    0.521282    0.653088    0.000000    0.000000    0.000000    0.000000    0.000000    0.000000
   3.15505    9.406204    0.473541    0.288926    0.473541    0.624855    0.000000    0.000000    0.000000    0.000000    0.000000    0.000000
   3.16105    8.551450    0.425319    0.280223    0.425319    0.592289    0.000000    0.000000    0.000000    0.000000    0.000000    0.000000
   3.16706    7.698642    0.377858    0.268496    0.377858    0.555762    0.000000    0.000000    0.000000    0.000000    0.000000    0.000000
   3.17306    6.863148    0.332147    0.253909    0.332147    0.515777    0.000000    0.000000    0.000000    0.000000    0.000000    0.000000
   3.17906    6.057316    0.288926    0.236773    0.288926    0.472996    0.000000    0.000000    0.000000    0.000000    0.000000    0.000000
   3.18506    5.290883    0.248711    0.217538    0.248711    0.428229    0.000000    0.000000    0.000000    0.000000    0.000000    0.000000
   3.19106    4.571407    0.211827    0.196770    0.211827    0.382414    0.000000    0.000000    0.000000    0.000000    0.000000    0.000000
   3.19707    3.904628    0.178445    0.175109    0.178445    0.336568    0.000000    0.000000    0.000000    0.000000    0.000000    0.000000
   3.20307    3.294720    0.148616    0.153225    0.148616    0.291717    0.000000    0.000000    0.000000    0.000000    0.000000    0.000000
   3.20907    2.744408    0.122300    0.131765    0.122300    0.248831    0.000000    0.000000    0.000000    0.000000    0.000000    0.000000
   3.21507    2.255008    0.099381    0.111310    0.099381    0.208757    0.000000    0.000000    0.000000    0.000000    0.000000    0.000000
   3.22107    1.826432    0.079692    0.092337    0.079692    0.172165    0.000000    0.000000    0.000000    0.000000    0.000000    0.000000
   3.22708    1.457210    0.063019    0.075197    0.063019    0.139517    0.000000    0.000000    0.000000    0.000000    0.000000    0.000000
   3.23308    1.144579    0.049114    0.060107    0.049114    0.111055    0.000000    0.000000    0.000000    0.000000    0.000000    0.000000
   3.23908    0.884651    0.037707    0.047152    0.037707    0.086813    0.000000    0.000000    0.000000    0.000000    0.000000    0.000000
   3.24508    0.672663    0.028512    0.036306    0.028512    0.066641    0.000000    0.000000    0.000000    0.000000    0.000000    0.000000
   3.25108    0.503282    0.021243    0.027452    0.021243    0.050254    0.000000    0.000000    0.000000    0.000000    0.000000    0.000000
   3.25709    0.370949    0.015623    0.020413    0.015623    0.037269    0.000000    0.000000    0.000000    0.000000    0.000000    0.000000
   3.26309    0.270217    0.011396    0.014977    0.011396    0.027260    0.000000    0.000000    0.000000    0.000000    0.000000    0.000000
   3.26909    0.196049    0.008337    0.010926    0.008337    0.019798    0.000000    0.000000    0.000000    0.000000    0.000000    0.000000
   3.27509    0.144085    0.006261    0.008058    0.006261    0.014488    0.000000    0.000000    0.000000    0.000000    0.000000    0.000000
   3.28109    0.110832    0.005032    0.006201    0.005032    0.010996    0.000000    0.000000    0.000000    0.000000    0.000000    0.000000
   3.28710    0.093805    0.004565    0.005231    0.004565    0.009071    0.000000    0.000000    0.000000    0.000000    0.000000    0.000000
   3.29310    0.091600    0.004830    0.005075    0.004830    0.008557    0.000000    0.000000    0.000000    0.000000    0.000000    0.000000
   3.29910    0.103921    0.005857    0.005717    0.005857    0.009397    0.000000    0.000000    0.000000    0.000000    0.000000    0.000000
   3.30510    0.131543    0.007727    0.007200    0.007727    0.011631    0.000000    0.000000    0.000000    0.000000    0.000000    0.000000
   3.31110    0.176229    0.010575    0.009616    0.010575    0.015389    0.000000    0.000000    0.000000    0.000000    0.000000    0.000000
   3.31711    0.240567    0.014579    0.013105    0.014579    0.020878    0.000000    0.000000    0.000000    0.000000    0.000000    0.000000
   3.32311    0.327743    0.019947    0.017836    0.019947    0.028359    0.000000    0.000000    0.000000    0.000000    0.000000    0.000000
   3.32911    0.441222    0.026896    0.023995    0.026896    0.038121    0.000000    0.000000    0.000000    0.000000    0.000000    0.000000
   3.33511    0.584342    0.035633    0.031759    0.035633    0.050441    0.000000    0.000000    0.000000    0.000000    0.000000    0.000000
   3.34111    0.759837    0.046322    0.041270    0.046322    0.065545    0.000000    0.000000    0.000000    0.000000    0.000000    0.000000
   3.34712    0.969308    0.059055    0.052606    0.059055    0.083557    0.000000    0.000000    0.000000    0.000000    0.000000    0.000000
   3.35312    1.212693    0.073814    0.065752    0.073814    0.104456    0.000000    0.000000    0.000000    0.000000    0.000000    0.000000
   3.35912    1.487803    0.090447    0.080573    0.090447    0.128031    0.000000    0.000000    0.000000    0.000000    0.000000    0.000000
   3.36512    1.789980    0.108644    0.096792    0.108644    0.153854    0.000000    0.000000    0.000000    0.000000    0.000000    0.000000
   3.37112    2.111967    0.127931    0.113989    0.127931    0.181264    0.000000    0.000000    0.000000    0.000000    0.000000    0.000000
   3.37713    2.444041    0.147674    0.131600    0.147674    0.209379    0.000000    0.000000    0.000000    0.000000    0.000000    0.000000
   3.38313    2.774432    0.167106    0.148948    0.167106    0.237136    0.000000    0.000000    0.000000    0.000000    0.000000    0.000000
   3.38913    3.090028    0.185376    0.165275    0.185376    0.263348    0.000000    0.000000    0.000000    0.000000    0.000000    0.000000
   3.39513    3.377321    0.201605    0.179801    0.201605    0.286793    0.000000    0.000000    0.000000    0.000000    0.000000    0.000000
   3.40113    3.623478    0.214954    0.191784    0.214954    0.306308    0.000000    0.000000    0.000000    0.000000    0.000000    0.000000
   3.40714    3.817440    0.224703    0.200584    0.224703    0.320891    0.000000    0.000000    0.000000    0.000000    0.000000    0.000000
   3.41314    3.950890    0.230312    0.205722    0.230312    0.329789    0.000000    0.000000    0.000000    0.000000    0.000000    0.000000
   3.41914    4.018974    0.231471    0.206923    0.231471    0.332571    0.000000    0.000000    0.000000    0.000000    0.000000    0.000000
   3.42514    4.020664    0.228132    0.204144    0.228132    0.329165    0.000000    0.000000    0.000000    0.000000    0.000000    0.000000
   3.43114    3.958726    0.220514    0.197576    0.220514    0.319857    0.000000    0.000000    0.000000    0.000000    0.000000    0.000000
   3.43715    3.839302    0.209076    0.187623    0.209076    0.305268    0.000000    0.000000    0.000000    0.000000    0.000000    0.000000
   3.44315    3.671153    0.194475    0.174864    0.194475    0.286278    0.000000    0.000000    0.000000    0.000000    0.000000    0.000000
   3.44915    3.464710    0.177503    0.159996    0.177503    0.263949    0.000000    0.000000    0.000000    0.000000    0.000000    0.000000
   3.45515    3.231032    0.159018    0.143772    0.159018    0.239424    0.000000    0.000000    0.000000    0.000000    0.000000    0.000000
   3.46115    2.980844    0.139870    0.126937    0.139870    0.213829    0.000000    0.000000    0.000000    0.000000    0.000000    0.000000
   3.46716    2.723743    0.120839    0.110177    0.120839    0.188194    0.000000    0.000000    0.000000    0.000000    0.000000    0.000000
   3.47316    2.467673    0.102591    0.094073    0.102591    0.163391    0.000000    0.000000    0.000000    0.000000    0.000000    0.000000
   3.47916    2.218673    0.085639    0.079075    0.085639    0.140091    0.000000    0.000000    0.000000    0.000000    0.000000    0.000000
   3.48516    1.980905    0.070339    0.065493    0.070339    0.118757    0.000000    0.000000    0.000000    0.000000    0.000000    0.000000
   3.49116    1.756880    0.056888    0.053502    0.056888    0.099654    0.000000    0.000000    0.000000    0.000000    0.000000    0.000000
   3.49717    1.547823    0.045347    0.043155    0.045347    0.082870    0.000000    0.000000    0.000000    0.000000    0.000000    0.000000
   3.50317    1.354076    0.035664    0.034410    0.035664    0.068360    0.000000    0.000000    0.000000    0.000000    0.000000    0.000000
   3.50917    1.175479    0.027703    0.027155    0.027703    0.055982    0.000000    0.000000    0.000000    0.000000    0.000000    0.000000
   3.51517    1.011669    0.021281    0.021233    0.021281    0.045536    0.000000    0.000000    0.000000    0.000000    0.000000    0.000000
   3.52117    0.862268    0.016184    0.016468    0.016184    0.036794    0.000000    0.000000    0.000000    0.000000    0.000000    0.000000
   3.52718    0.726974    0.012199    0.012678    0.012199    0.029529    0.000000    0.000000    0.000000    0.000000    0.000000    0.000000
   3.53318    0.605558    0.009123    0.009694    0.009123    0.023525    0.000000    0.000000    0.000000    0.000000    0.000000    0.000000
   3.53918    0.497806    0.006773    0.007363    0.006773    0.018589    0.000000    0.000000    0.000000    0.000000    0.000000    0.000000
   3.54518    0.403436    0.004995    0.005555    0.004995    0.014555    0.000000    0.000000    0.000000    0.000000    0.000000    0.000000
   3.55118    0.322025    0.003660    0.004161    0.003660    0.011280    0.000000    0.000000    0.000000    0.000000    0.000000    0.000000
   3.55719    0.252957    0.002663    0.003092    0.002663    0.008642    0.000000    0.000000    0.000000    0.000000    0.000000    0.000000
   3.56319    0.195406    0.001923    0.002277    0.001923    0.006537    0.000000    0.000000    0.000000    0.000000    0.000000    0.000000
   3.56919    0.148356    0.001377    0.001659    0.001377    0.004878    0.000000    0.000000    0.000000    0.000000    0.000000    0.000000
   3.57519    0.110643    0.000977    0.001196    0.000977    0.003586    0.000000    0.000000    0.000000    0.000000    0.000000    0.000000
   3.58119    0.081026    0.000686    0.000851    0.000686    0.002596    0.000000    0.000000    0.000000    0.000000    0.000000    0.000000
   3.58720    0.058244    0.000476    0.000598    0.000476    0.001849    0.000000    0.000000    0.000000    0.000000    0.000000    0.000000
   3.59320    0.041086    0.000326    0.000414    0.000326    0.001294    0.000000    0.000000    0.000000    0.000000    0.000000    0.000000
   3.59920    0.028435    0.000221    0.000282    0.000221    0.000890    0.000000    0.000000    0.000000    0.000000    0.000000    0.000000
   3.60520    0.019303    0.000147    0.000189    0.000147    0.000601    0.000000    0.000000    0.000000    0.000000    0.000000    0.000000
   3.61120    0.012853    0.000096    0.000125    0.000096    0.000399    0.000000    0.000000    0.000000    0.000000    0.000000    0.000000
   3.61721    0.008392    0.000062    0.000081    0.000062    0.000260    0.000000    0.000000    0.000000    0.000000    0.000000    0.000000
   3.62321    0.005373    0.000039    0.000051    0.000039    0.000166    0.000000    0.000000    0.000000    0.000000    0.000000    0.000000
   3.62921    0.003373    0.000024    0.000032    0.000024    0.000104    0.000000    0.000000    0.000000    0.000000    0.000000    0.000000
   3.63521    0.002076    0.000015    0.000020    0.000015    0.000064    0.000000    0.000000    0.000000    0.000000    0.000000    0.000000
   3.64121    0.001253    0.000009    0.000012    0.000009    0.000038    0.000000    0.000000    0.000000    0.000000    0.000000    0.000000
   3.64722    0.000741    0.000005    0.000007    0.000005    0.000023    0.000000    0.000000    0.000000    0.000000    0.000000    0.000000
   3.65322    0.000430    0.000003    0.000004    0.000003    0.000013    0.000000    0.000000    0.000000    0.000000    0.000000    0.000000
   3.65922    0.000244    0.000002    0.000002    0.000002    0.000007    0.000000    0.000000    0.000000    0.000000    0.000000    0.000000
   3.66522    0.000136    0.000001    0.000001    0.000001    0.000004    0.000000    0.000000    0.000000    0.000000    0.000000    0.000000
   3.67122    0.000074    0.000001    0.000001    0.000001    0.000002    0.000000    0.000000    0.000000    0.000000    0.000000    0.000000
   3.67723    0.000040    0.000000    0.000000    0.000000    0.000001    0.000000    0.000000    0.000000    0.000000    0.000000    0.000000
   3.68323    0.000021    0.000000    0.000000    0.000000    0.000001    0.000000    0.000000    0.000000    0.000000    0.000000    0.000000
   3.68923    0.000011    0.000000    0.000000    0.000000    0.000000    0.000000    0.000000    0.000000    0.000000    0.000000    0.000000
   3.69523    0.000005    0.000000    0.000000    0.000000    0.000000    0.000000    0.000000    0.000000    0.000000    0.000000    0.000000
   3.70123    0.000003    0.000000    0.000000    0.000000    0.000000    0.000000    0.000000    0.000000    0.000000    0.000000    0.000000
   3.70724    0.000001    0.000000    0.000000    0.000000    0.000000    0.000000    0.000000    0.000000    0.000000    0.000000    0.000000
   3.71324    0.000001    0.000000    0.000000    0.000000    0.000000    0.000000    0.000000    0.000000    0.000000    0.000000    0.000000
   3.71924    0.000000    0.000000    0.000000    0.000000    0.000000    0.000000    0.000000    0.000000    0.000000    0.000000    0.000000
   3.72524    0.000000    0.000000    0.000000    0.000000    0.000000    0.000000    0.000000    0.000000    0.000000    0.000000    0.000000
   3.73124    0.000000    0.000000    0.000000    0.000000    0.000000    0.000000    0.000000    0.000000    0.000000    0.000000    0.000000
   3.73725    0.000000    0.000000    0.000000    0.000000    0.000000    0.000000    0.000000    0.000000    0.000000    0.000000    0.000000
   3.74325    0.000000    0.000000    0.000000    0.000000    0.000000    0.000000    0.000000    0.000000    0.000000    0.000000    0.000000
   3.74925    0.000000    0.000000    0.000000    0.000000    0.000000    0.000000    0.000000    0.000000    0.000000    0.000000    0.000000
   3.75525    0.000000    0.000000    0.000000    0.000000    0.000000    0.000000    0.000000    0.000000    0.000000    0.000000    0.000000
   3.76125    0.000000    0.000000    0.000000    0.000000    0.000000    0.000000    0.000000    0.000000    0.000000    0.000000    0.000000
   3.76726    0.000000    0.000000    0.000000    0.000000    0.000000    0.000000    0.000000    0.000000    0.000000    0.000000    0.000000
   3.77326    0.000000    0.000000    0.000000    0.000000    0.000000    0.000000    0.000000    0.000000    0.000000    0.000000    0.000000
   3.77926    0.000000    0.000000    0.000000    0.000000    0.000000    0.000000    0.000000    0.000000    0.000000    0.000000    0.000000
   3.78526    0.000000    0.000000    0.000000    0.000000    0.000000    0.000000    0.000000    0.000000    0.000000    0.000000    0.000000
   3.79126    0.000000    0.000000    0.000000    0.000000    0.000000    0.000000    0.000000    0.000000    0.000000    0.000000    0.000000
   3.79727    0.000000    0.000000    0.000000    0.000000    0.000000    0.000000    0.000000    0.000000    0.000000    0.000000    0.000000
   3.80327    0.000000    0.000000    0.000000    0.000000    0.000000    0.000000    0.000000    0.000000    0.000000    0.000000    0.000000
   3.80927    0.000000    0.000000    0.000000    0.000000    0.000000    0.000000    0.000000    0.000000    0.000000    0.000000    0.000000
   3.81527    0.000000    0.000000    0.000000    0.000000    0.000000    0.000000    0.000000    0.000000    0.000000    0.000000    0.000000
   3.82127    0.000000    0.000000    0.000000    0.000000    0.000000    0.000000    0.000000    0.000000    0.000000    0.000000    0.000000
   3.82728    0.000000    0.000000    0.000000    0.000000    0.000000    0.000000    0.000000    0.000000    0.000000    0.000000    0.000000
   3.83328    0.000000    0.000000    0.000000    0.000000    0.000000    0.000000    0.000000    0.000000    0.000000    0.000000    0.000000
   3.83928    0.000000    0.000000    0.000000    0.000000    0.000000    0.000000    0.000000    0.000000    0.000000    0.000000    0.000000
   3.84528    0.000000    0.000000    0.000000    0.000000    0.000000    0.000000    0.000000    0.000000    0.000000    0.000000    0.000000
   3.85128    0.000000    0.000000    0.000000    0.000000    0.000000    0.000000    0.000000    0.000000    0.000000    0.000000    0.000000
   3.85729    0.000000    0.000000    0.000000    0.000000    0.000000    0.000000    0.000000    0.000000    0.000000    0.000000    0.000000
   3.86329    0.000000    0.000000    0.000000    0.000000    0.000000    0.000000    0.000000    0.000000    0.000000    0.000000    0.000000
   3.86929    0.000000    0.000000    0.000000    0.000000    0.000000    0.000000    0.000000    0.000000    0.000000    0.000000    0.000000
   3.87529    0.000000    0.000000    0.000000    0.000000    0.000000    0.000000    0.000000    0.000000    0.000000    0.000000    0.000000
   3.88129    0.000000    0.000000    0.000000    0.000000    0.000000    0.000000    0.000000    0.000000    0.000000    0.000000    0.000000
   3.88730    0.000000    0.000000    0.000000    0.000000    0.000000    0.000000    0.000000    0.000000    0.000000    0.000000    0.000000
   3.89330    0.000000    0.000000    0.000000    0.000000    0.000000    0.000000    0.000000    0.000000    0.000000    0.000000    0.000000
   3.89930    0.000000    0.000000    0.000000    0.000000    0.000000    0.000000    0.000000    0.000000    0.000000    0.000000    0.000000
   3.90530    0.000000    0.000000    0.000000    0.000000    0.000000    0.000000    0.000000    0.000000    0.000000    0.000000    0.000000
   3.91130    0.000000    0.000000    0.000000    0.000000    0.000000    0.000000    0.000000    0.000000    0.000000    0.000000    0.000000
   3.91731    0.000000    0.000000    0.000000    0.000000    0.000000    0.000000    0.000000    0.000000    0.000000    0.000000    0.000000
   3.92331    0.000000    0.000000    0.000000    0.000000    0.000000    0.000000    0.000000    0.000000    0.000000    0.000000    0.000000
   3.92931    0.000000    0.000000    0.000000    0.000000    0.000000    0.000000    0.000000    0.000000    0.000000    0.000000    0.000000
   3.93531    0.000000    0.000000    0.000000    0.000000    0.000000    0.000000    0.000000    0.000000    0.000000    0.000000    0.000000
   3.94131    0.000000    0.000000    0.000000    0.000000    0.000000    0.000000    0.000000    0.000000    0.000000    0.000000    0.000000
   3.94732    0.000000    0.000000    0.000000    0.000000    0.000000    0.000000    0.000000    0.000000    0.000000    0.000000    0.000000
   3.95332    0.000000    0.000000    0.000000    0.000000    0.000000    0.000000    0.000000    0.000000    0.000000    0.000000    0.000000
   3.95932    0.000000    0.000000    0.000000    0.000000    0.000000    0.000000    0.000000    0.000000    0.000000    0.000000    0.000000
   3.96532    0.000000    0.000000    0.000000    0.000000    0.000000    0.000000    0.000000    0.000000    0.000000    0.000000    0.000000
   3.97132    0.000000    0.000000    0.000000    0.000000    0.000000    0.000000    0.000000    0.000000    0.000000    0.000000    0.000000
   3.97733    0.000000    0.000000    0.000000    0.000000    0.000000    0.000000    0.000000    0.000000    0.000000    0.000000    0.000000
   3.98333    0.000000    0.000000    0.000000    0.000000    0.000000    0.000000    0.000000    0.000000    0.000000    0.000000    0.000000
   3.98933    0.000000    0.000000    0.000000    0.000000    0.000000    0.000000    0.000000    0.000000    0.000000    0.000000    0.000000
   3.99533    0.000000    0.000000    0.000000    0.000000    0.000000    0.000000    0.000000    0.000000    0.000000    0.000000    0.000000
   4.00133    0.000000    0.000000    0.000000    0.000000    0.000000    0.000000    0.000000    0.000000    0.000000    0.000000    0.000000
   4.00734    0.000000    0.000000    0.000000    0.000000    0.000000    0.000000    0.000000    0.000000    0.000000    0.000000    0.000000
   4.01334    0.000000    0.000000    0.000000    0.000000    0.000000    0.000000    0.000000    0.000000    0.000000    0.000000    0.000000
   4.01934    0.000000    0.000000    0.000000    0.000000    0.000000    0.000000    0.000000    0.000000    0.000000    0.000000    0.000000
   4.02534    0.000000    0.000000    0.000000    0.000000    0.000000    0.000000    0.000000    0.000000    0.000000    0.000000    0.000000
   4.03134    0.000000    0.000000    0.000000    0.000000    0.000000    0.000000    0.000000    0.000000    0.000000    0.000000    0.000000
   4.03735    0.000000    0.000000    0.000000    0.000000    0.000000    0.000000    0.000000    0.000000    0.000000    0.000000    0.000000
   4.04335    0.000000    0.000000    0.000000    0.000000    0.000000    0.000000    0.000000    0.000000    0.000000    0.000000    0.000000
   4.04935    0.000000    0.000000    0.000000    0.000000    0.000000    0.000000    0.000000    0.000000    0.000000    0.000000    0.000000
   4.05535    0.000000    0.000000    0.000000    0.000000    0.000000    0.000000    0.000000    0.000000    0.000000    0.000000    0.000000
   4.06135    0.000000    0.000000    0.000000    0.000000    0.000000    0.000000    0.000000    0.000000    0.000000    0.000000    0.000000
   4.06736    0.000000    0.000000    0.000000    0.000000    0.000000    0.000000    0.000000    0.000000    0.000000    0.000000    0.000000
   4.07336    0.000000    0.000000    0.000000    0.000000    0.000000    0.000000    0.000000    0.000000    0.000000    0.000000    0.000000
   4.07936    0.000000    0.000000    0.000000    0.000000    0.000000    0.000000    0.000000    0.000000    0.000000    0.000000    0.000000
   4.08536    0.000000    0.000000    0.000000    0.000000    0.000000    0.000000    0.000000    0.000000    0.000000    0.000000    0.000000
   4.09136    0.000000    0.000000    0.000000    0.000000    0.000000    0.000000    0.000000    0.000000    0.000000    0.000000    0.000000
   4.09737    0.000000    0.000000    0.000000    0.000000    0.000000    0.000000    0.000000    0.000000    0.000000    0.000000    0.000000
   4.10337    0.000000    0.000000    0.000000    0.000000    0.000000    0.000000    0.000000    0.000000    0.000000    0.000000    0.000000
   4.10937    0.000000    0.000000    0.000000    0.000000    0.000000    0.000000    0.000000    0.000000    0.000000    0.000000    0.000000
   4.11537    0.000000    0.000000    0.000000    0.000000    0.000000    0.000000    0.000000    0.000000    0.000000    0.000000    0.000000
   4.12137    0.000000    0.000000    0.000000    0.000000    0.000000    0.000000    0.000000    0.000000    0.000000    0.000000    0.000000
   4.12738    0.000000    0.000000    0.000000    0.000000    0.000000    0.000000    0.000000    0.000000    0.000000    0.000000    0.000000
   4.13338    0.000000    0.000000    0.000000    0.000000    0.000000    0.000000    0.000000    0.000000    0.000000    0.000000    0.000000
   4.13938    0.000000    0.000000    0.000000    0.000000    0.000000    0.000000    0.000000    0.000000    0.000000    0.000000    0.000000
   4.14538    0.000000    0.000000    0.000000    0.000000    0.000000    0.000000    0.000000    0.000000    0.000000    0.000000    0.000000
   4.15138    0.000000    0.000000    0.000000    0.000000    0.000000    0.000000    0.000000    0.000000    0.000000    0.000000    0.000000
   4.15739    0.000000    0.000000    0.000000    0.000000    0.000000    0.000000    0.000000    0.000000    0.000000    0.000000    0.000000
   4.16339    0.000000    0.000000    0.000000    0.000000    0.000000    0.000000    0.000000    0.000000    0.000000    0.000000    0.000000
   4.16939    0.000000    0.000000    0.000000    0.000000    0.000000    0.000000    0.000000    0.000000    0.000000    0.000000    0.000000
   4.17539    0.000000    0.000000    0.000000    0.000000    0.000000    0.000000    0.000000    0.000000    0.000000    0.000000    0.000000
   4.18139    0.000000    0.000000    0.000000    0.000000    0.000000    0.000000    0.000000    0.000000    0.000000    0.000000    0.000000
   4.18740    0.000000    0.000000    0.000000    0.000000    0.000000    0.000000    0.000000    0.000000    0.000000    0.000000    0.000000
   4.19340    0.000000    0.000000    0.000000    0.000000    0.000000    0.000000    0.000000    0.000000    0.000000    0.000000    0.000000
   4.19940    0.000000    0.000000    0.000000    0.000000    0.000000    0.000000    0.000000    0.000000    0.000000    0.000000    0.000000
   4.20540    0.000000    0.000000    0.000000    0.000000    0.000000    0.000000    0.000000    0.000000    0.000000    0.000000    0.000000
   4.21140    0.000000    0.000000    0.000000    0.000000    0.000000    0.000000    0.000000    0.000000    0.000000    0.000000    0.000000
   4.21741    0.000000    0.000000    0.000000    0.000000    0.000000    0.000000    0.000000    0.000000    0.000000    0.000000    0.000000
   4.22341    0.000000    0.000000    0.000000    0.000000    0.000000    0.000000    0.000000    0.000000    0.000000    0.000000    0.000000
   4.22941    0.000000    0.000000    0.000000    0.000000    0.000000    0.000000    0.000000    0.000000    0.000000    0.000000    0.000000
   4.23541    0.000000    0.000000    0.000000    0.000000    0.000000    0.000000    0.000000    0.000000    0.000000    0.000000    0.000000
   4.24141    0.000000    0.000000    0.000000    0.000000    0.000000    0.000000    0.000000    0.000000    0.000000    0.000000    0.000000
   4.24742    0.000000    0.000000    0.000000    0.000000    0.000000    0.000000    0.000000    0.000000    0.000000    0.000000    0.000000
   4.25342    0.000000    0.000000    0.000000    0.000000    0.000000    0.000000    0.000000    0.000000    0.000000    0.000000    0.000000
   4.25942    0.000000    0.000000    0.000000    0.000000    0.000000    0.000000    0.000000    0.000000    0.000000    0.000000    0.000000
   4.26542    0.000000    0.000000    0.000000    0.000000    0.000000    0.000000    0.000000    0.000000    0.000000    0.000000    0.000000
   4.27142    0.000000    0.000000    0.000000    0.000000    0.000000    0.000000    0.000000    0.000000    0.000000    0.000000    0.000000
   4.27743    0.000000    0.000000    0.000000    0.000000    0.000000    0.000000    0.000000    0.000000    0.000000    0.000000    0.000000
   4.28343    0.000000    0.000000    0.000000    0.000000    0.000000    0.000000    0.000000    0.000000    0.000000    0.000000    0.000000
   4.28943    0.000000    0.000000    0.000000    0.000000    0.000000    0.000000    0.000000    0.000000    0.000000    0.000000    0.000000
   4.29543    0.000000    0.000000    0.000000    0.000000    0.000000    0.000000    0.000000    0.000000    0.000000    0.000000    0.000000
   4.30143    0.000000    0.000000    0.000000    0.000000    0.000000    0.000000    0.000000    0.000000    0.000000    0.000000    0.000000
   4.30744    0.000000    0.000000    0.000000    0.000000    0.000000    0.000000    0.000000    0.000000    0.000000    0.000000    0.000000
   4.31344    0.000000    0.000000    0.000000    0.000000    0.000000    0.000000    0.000000    0.000000    0.000000    0.000000    0.000000
   4.31944    0.000000    0.000000    0.000000    0.000000    0.000000    0.000000    0.000000    0.000000    0.000000    0.000000    0.000000
   4.32544    0.000000    0.000000    0.000000    0.000000    0.000000    0.000000    0.000000    0.000000    0.000000    0.000000    0.000000
   4.33144    0.000000    0.000000    0.000000    0.000000    0.000000    0.000000    0.000000    0.000000    0.000000    0.000000    0.000000
   4.33745    0.000000    0.000000    0.000000    0.000000    0.000000    0.000000    0.000000    0.000000    0.000000    0.000000    0.000000
   4.34345    0.000000    0.000000    0.000000    0.000000    0.000000    0.000000    0.000000    0.000000    0.000000    0.000000    0.000000
   4.34945    0.000000    0.000000    0.000000    0.000000    0.000000    0.000000    0.000000    0.000000    0.000000    0.000000    0.000000
   4.35545    0.000000    0.000000    0.000000    0.000000    0.000000    0.000000    0.000000    0.000000    0.000000    0.000000    0.000000
   4.36145    0.000000    0.000000    0.000000    0.000000    0.000000    0.000000    0.000000    0.000000    0.000000    0.000000    0.000000
   4.36746    0.000000    0.000000    0.000000    0.000000    0.000000    0.000000    0.000000    0.000000    0.000000    0.000000    0.000000
   4.37346    0.000000    0.000000    0.000000    0.000000    0.000000    0.000000    0.000000    0.000000    0.000000    0.000000    0.000000
   4.37946    0.000000    0.000000    0.000000    0.000000    0.000000    0.000000    0.000000    0.000000    0.000000    0.000000    0.000000
   4.38546    0.000000    0.000000    0.000000    0.000000    0.000000    0.000000    0.000000    0.000000    0.000000    0.000000    0.000000
   4.39146    0.000000    0.000000    0.000000    0.000000    0.000000    0.000000    0.000000    0.000000    0.000000    0.000000    0.000000
   4.39747    0.000000    0.000000    0.000000    0.000000    0.000000    0.000000    0.000000    0.000000    0.000000    0.000000    0.000000
   4.40347    0.000000    0.000000    0.000000    0.000000    0.000000    0.000000    0.000000    0.000000    0.000000    0.000000    0.000000
   4.40947    0.000000    0.000000    0.000000    0.000000    0.000000    0.000000    0.000000    0.000000    0.000000    0.000000    0.000000
   4.41547    0.000000    0.000000    0.000000    0.000000    0.000000    0.000000    0.000000    0.000000    0.000000    0.000000    0.000000
   4.42147    0.000000    0.000000    0.000000    0.000000    0.000000    0.000000    0.000000    0.000000    0.000000    0.000000    0.000000
   4.42748    0.000000    0.000000    0.000000    0.000000    0.000000    0.000000    0.000000    0.000000    0.000000    0.000000    0.000000
   4.43348    0.000000    0.000000    0.000000    0.000000    0.000000    0.000000    0.000000    0.000000    0.000000    0.000000    0.000000
   4.43948    0.000000    0.000000    0.000000    0.000000    0.000000    0.000000    0.000000    0.000000    0.000000    0.000000    0.000000
   4.44548    0.000000    0.000000    0.000000    0.000000    0.000000    0.000000    0.000000    0.000000    0.000000    0.000000    0.000000
   4.45148    0.000000    0.000000    0.000000    0.000000    0.000000    0.000000    0.000000    0.000000    0.000000    0.000000    0.000000
   4.45749    0.000000    0.000000    0.000000    0.000000    0.000000    0.000000    0.000000    0.000000    0.000000    0.000000    0.000000
   4.46349    0.000000    0.000000    0.000000    0.000000    0.000000    0.000000    0.000000    0.000000    0.000000    0.000000    0.000000
   4.46949    0.000000    0.000000    0.000000    0.000000    0.000000    0.000000    0.000000    0.000000    0.000000    0.000000    0.000000
   4.47549    0.000000    0.000000    0.000000    0.000000    0.000000    0.000000    0.000000    0.000000    0.000000    0.000000    0.000000
   4.48149    0.000000    0.000000    0.000000    0.000000    0.000000    0.000000    0.000000    0.000000    0.000000    0.000000    0.000000
   4.48750    0.000000    0.000000    0.000000    0.000000    0.000000    0.000000    0.000000    0.000000    0.000000    0.000000    0.000000
   4.49350    0.000000    0.000000    0.000000    0.000000    0.000000    0.000000    0.000000    0.000000    0.000000    0.000000    0.000000
   4.49950    0.000000    0.000000    0.000000    0.000000    0.000000    0.000000    0.000000    0.000000    0.000000    0.000000    0.000000
   4.50550    0.000000    0.000000    0.000000    0.000000    0.000000    0.000000    0.000000    0.000000    0.000000    0.000000    0.000000
   4.51150    0.000000    0.000000    0.000000    0.000000    0.000000    0.000000    0.000000    0.000000    0.000000    0.000000    0.000000
   4.51751    0.000000    0.000000    0.000000    0.000000    0.000000    0.000000    0.000000    0.000000    0.000000    0.000000    0.000000
   4.52351    0.000000    0.000000    0.000000    0.000000    0.000000    0.000000    0.000000    0.000000    0.000000    0.000000    0.000000
   4.52951    0.000000    0.000000    0.000000    0.000000    0.000000    0.000000    0.000000    0.000000    0.000000    0.000000    0.000000
   4.53551    0.000000    0.000000    0.000000    0.000000    0.000000    0.000000    0.000000    0.000000    0.000000    0.000000    0.000000
   4.54151    0.000000    0.000000    0.000000    0.000000    0.000000    0.000000    0.000000    0.000000    0.000000    0.000000    0.000000
   4.54752    0.000000    0.000000    0.000000    0.000000    0.000000    0.000000    0.000000    0.000000    0.000000    0.000000    0.000000
   4.55352    0.000000    0.000000    0.000000    0.000000    0.000000    0.000000    0.000000    0.000000    0.000000    0.000000    0.000000
   4.55952    0.000000    0.000000    0.000000    0.000000    0.000000    0.000000    0.000000    0.000000    0.000000    0.000000    0.000000
   4.56552    0.000000    0.000000    0.000000    0.000000    0.000000    0.000000    0.000000    0.000000    0.000000    0.000000    0.000000
   4.57152    0.000000    0.000000    0.000000    0.000000    0.000000    0.000000    0.000000    0.000000    0.000000    0.000000    0.000000
   4.57753    0.000000    0.000000    0.000000    0.000000    0.000000    0.000000    0.000000    0.000000    0.000000    0.000000    0.000000
   4.58353    0.000000    0.000000    0.000000    0.000000    0.000000    0.000000    0.000000    0.000000    0.000000    0.000000    0.000000
   4.58953    0.000000    0.000000    0.000000    0.000000    0.000000    0.000000    0.000000    0.000000    0.000000    0.000000    0.000000
   4.59553    0.000000    0.000000    0.000000    0.000000    0.000000    0.000000    0.000000    0.000000    0.000000    0.000000    0.000000
   4.60153    0.000000    0.000000    0.000000    0.000000    0.000000    0.000000    0.000000    0.000000    0.000000    0.000000    0.000000
   4.60754    0.000000    0.000000    0.000000    0.000000    0.000000    0.000000    0.000000    0.000000    0.000000    0.000000    0.000000
   4.61354    0.000000    0.000000    0.000000    0.000000    0.000000    0.000000    0.000000    0.000000    0.000000    0.000000    0.000000
   4.61954    0.000000    0.000000    0.000000    0.000000    0.000000    0.000000    0.000000    0.000000    0.000000    0.000000    0.000000
   4.62554    0.000000    0.000000    0.000000    0.000000    0.000000    0.000000    0.000000    0.000000    0.000000    0.000000    0.000000
   4.63154    0.000000    0.000000    0.000000    0.000000    0.000000    0.000000    0.000000    0.000000    0.000000    0.000000    0.000000
   4.63755    0.000000    0.000000    0.000000    0.000000    0.000000    0.000000    0.000000    0.000000    0.000000    0.000000    0.000000
   4.64355    0.000000    0.000000    0.000000    0.000000    0.000000    0.000000    0.000000    0.000000    0.000000    0.000000    0.000000
   4.64955    0.000000    0.000000    0.000000    0.000000    0.000000    0.000000    0.000000    0.000000    0.000000    0.000000    0.000000
   4.65555    0.000000    0.000000    0.000000    0.000000    0.000000    0.000000    0.000000    0.000000    0.000000    0.000000    0.000000
   4.66155    0.000000    0.000000    0.000000    0.000000    0.000000    0.000000    0.000000    0.000000    0.000000    0.000000    0.000000
   4.66756    0.000000    0.000000    0.000000    0.000000    0.000000    0.000000    0.000000    0.000000    0.000000    0.000000    0.000000
   4.67356    0.000000    0.000000    0.000000    0.000000    0.000000    0.000000    0.000000    0.000000    0.000000    0.000000    0.000000
   4.67956    0.000000    0.000000    0.000000    0.000000    0.000000    0.000000    0.000000    0.000000    0.000000    0.000000    0.000000
   4.68556    0.000000    0.000000    0.000000    0.000000    0.000000    0.000000    0.000000    0.000000    0.000000    0.000000    0.000000
   4.69156    0.000000    0.000000    0.000000    0.000000    0.000000    0.000000    0.000000    0.000000    0.000000    0.000000    0.000000
   4.69757    0.000000    0.000000    0.000000    0.000000    0.000000    0.000000    0.000000    0.000000    0.000000    0.000000    0.000000
   4.70357    0.000000    0.000000    0.000000    0.000000    0.000000    0.000000    0.000000    0.000000    0.000000    0.000000    0.000000
   4.70957    0.000000    0.000000    0.000000    0.000000    0.000000    0.000000    0.000000    0.000000    0.000000    0.000000    0.000000
   4.71557    0.000000    0.000000    0.000000    0.000000    0.000000    0.000000    0.000000    0.000000    0.000000    0.000000    0.000000
   4.72157    0.000000    0.000000    0.000000    0.000000    0.000000    0.000000    0.000000    0.000000    0.000000    0.000000    0.000000
   4.72758    0.000000    0.000000    0.000000    0.000000    0.000000    0.000000    0.000000    0.000000    0.000000    0.000000    0.000000
   4.73358    0.000000    0.000000    0.000000    0.000000    0.000000    0.000000    0.000000    0.000000    0.000000    0.000000    0.000000
   4.73958    0.000000    0.000000    0.000000    0.000000    0.000000    0.000000    0.000000    0.000000    0.000000    0.000000    0.000000
   4.74558    0.000000    0.000000    0.000000    0.000000    0.000000    0.000000    0.000000    0.000000    0.000000    0.000000    0.000000
   4.75158    0.000000    0.000000    0.000000    0.000000    0.000000    0.000000    0.000000    0.000000    0.000000    0.000000    0.000000
   4.75759    0.000000    0.000000    0.000000    0.000000    0.000000    0.000000    0.000000    0.000000    0.000000    0.000000    0.000000
   4.76359    0.000000    0.000000    0.000000    0.000000    0.000000    0.000000    0.000000    0.000000    0.000000    0.000000    0.000000
   4.76959    0.000000    0.000000    0.000000    0.000000    0.000000    0.000000    0.000000    0.000000    0.000000    0.000000    0.000000
   4.77559    0.000000    0.000000    0.000000    0.000000    0.000000    0.000000    0.000000    0.000000    0.000000    0.000000    0.000000
   4.78159    0.000000    0.000000    0.000000    0.000000    0.000000    0.000000    0.000000    0.000000    0.000000    0.000000    0.000000
   4.78760    0.000000    0.000000    0.000000    0.000000    0.000000    0.000000    0.000000    0.000000    0.000000    0.000000    0.000000
   4.79360    0.000000    0.000000    0.000000    0.000000    0.000000    0.000000    0.000000    0.000000    0.000000    0.000000    0.000000
   4.79960    0.000000    0.000000    0.000000    0.000000    0.000000    0.000000    0.000000    0.000000    0.000000    0.000000    0.000000
   4.80560    0.000000    0.000000    0.000000    0.000000    0.000000    0.000000    0.000000    0.000000    0.000000    0.000000    0.000000
   4.81160    0.000000    0.000000    0.000000    0.000000    0.000000    0.000000    0.000000    0.000000    0.000000    0.000000    0.000000
   4.81761    0.000000    0.000000    0.000000    0.000000    0.000000    0.000000    0.000000    0.000000    0.000000    0.000000    0.000000
   4.82361    0.000000    0.000000    0.000000    0.000000    0.000000    0.000000    0.000000    0.000000    0.000000    0.000000    0.000000
   4.82961    0.000000    0.000000    0.000000    0.000000    0.000000    0.000000    0.000000    0.000000    0.000000    0.000000    0.000000
   4.83561    0.000000    0.000000    0.000000    0.000000    0.000000    0.000000    0.000000    0.000000    0.000000    0.000000    0.000000
   4.84161    0.000000    0.000000    0.000000    0.000000    0.000000    0.000000    0.000000    0.000000    0.000000    0.000000    0.000000
   4.84762    0.000000    0.000000    0.000000    0.000000    0.000000    0.000000    0.000000    0.000000    0.000000    0.000000    0.000000
   4.85362    0.000000    0.000000    0.000000    0.000000    0.000000    0.000000    0.000000    0.000000    0.000000    0.000000    0.000000
   4.85962    0.000000    0.000000    0.000000    0.000000    0.000000    0.000000    0.000000    0.000000    0.000000    0.000000    0.000000
   4.86562    0.000000    0.000000    0.000000    0.000000    0.000000    0.000000    0.000000    0.000000    0.000000    0.000000    0.000000
   4.87162    0.000000    0.000000    0.000000    0.000000    0.000000    0.000000    0.000000    0.000000    0.000000    0.000000    0.000000
   4.87763    0.000000    0.000000    0.000000    0.000000    0.000000    0.000000    0.000000    0.000000    0.000000    0.000000    0.000000
   4.88363    0.000000    0.000000    0.000000    0.000000    0.000000    0.000000    0.000000    0.000000    0.000000    0.000000    0.000000
   4.88963    0.000000    0.000000    0.000000    0.000000    0.000000    0.000000    0.000000    0.000000    0.000000    0.000000    0.000000
   4.89563    0.000000    0.000000    0.000000    0.000000    0.000000    0.000000    0.000000    0.000000    0.000000    0.000000    0.000000
   4.90163    0.000000    0.000000    0.000000    0.000000    0.000000    0.000000    0.000000    0.000000    0.000000    0.000000    0.000000
   4.90764    0.000000    0.000000    0.000000    0.000000    0.000000    0.000000    0.000000    0.000000    0.000000    0.000000    0.000000
   4.91364    0.000000    0.000000    0.000000    0.000000    0.000000    0.000000    0.000000    0.000000    0.000000    0.000000    0.000000
   4.91964    0.000000    0.000000    0.000000    0.000000    0.000000    0.000000    0.000000    0.000000    0.000000    0.000000    0.000000
   4.92564    0.000000    0.000000    0.000000    0.000000    0.000000    0.000000    0.000000    0.000000    0.000000    0.000000    0.000000
   4.93164    0.000000    0.000000    0.000000    0.000000    0.000000    0.000000    0.000000    0.000000    0.000000    0.000000    0.000000
   4.93765    0.000000    0.000000    0.000000    0.000000    0.000000    0.000000    0.000000    0.000000    0.000000    0.000000    0.000000
   4.94365    0.000000    0.000000    0.000000    0.000000    0.000000    0.000000    0.000000    0.000000    0.000000    0.000000    0.000000
   4.94965    0.000000    0.000000    0.000000    0.000000    0.000000    0.000000    0.000000    0.000000    0.000000    0.000000    0.000000
   4.95565    0.000000    0.000000    0.000000    0.000000    0.000000    0.000000    0.000000    0.000000    0.000000    0.000000    0.000000
   4.96165    0.000000    0.000000    0.000000    0.000000    0.000000    0.000000    0.000000    0.000000    0.000000    0.000000    0.000000
   4.96766    0.000000    0.000000    0.000000    0.000000    0.000000    0.000000    0.000000    0.000000    0.000000    0.000000    0.000000
   4.97366    0.000000    0.000000    0.000000    0.000000    0.000000    0.000000    0.000000    0.000000    0.000000    0.000000    0.000000
   4.97966    0.000000    0.000000    0.000000    0.000000    0.000000    0.000000    0.000000    0.000000    0.000000    0.000000    0.000000
   4.98566    0.000000    0.000000    0.000000    0.000000    0.000000    0.000000    0.000000    0.000000    0.000000    0.000000    0.000000
   4.99166    0.000000    0.000000    0.000000    0.000000    0.000000    0.000000    0.000000    0.000000    0.000000    0.000000    0.000000
   4.99767    0.000000    0.000000    0.000000    0.000000    0.000000    0.000000    0.000000    0.000000    0.000000    0.000000    0.000000
   5.00367    0.000000    0.000000    0.000000    0.000000    0.000000    0.000000    0.000000    0.000000    0.000000    0.000000    0.000000
   5.00967    0.000000    0.000000    0.000000    0.000000    0.000000    0.000000    0.000000    0.000000    0.000000    0.000000    0.000000
   5.01567    0.000000    0.000000    0.000000    0.000000    0.000000    0.000000    0.000000    0.000000    0.000000    0.000000    0.000000
   5.02167    0.000000    0.000000    0.000000    0.000000    0.000000    0.000000    0.000000    0.000000    0.000000    0.000000    0.000000
   5.02768    0.000000    0.000000    0.000000    0.000000    0.000000    0.000000    0.000000    0.000000    0.000000    0.000000    0.000000
   5.03368    0.000000    0.000000    0.000000    0.000000    0.000000    0.000000    0.000000    0.000000    0.000000    0.000000    0.000000
   5.03968    0.000000    0.000000    0.000000    0.000000    0.000000    0.000000    0.000000    0.000000    0.000000    0.000000    0.000000
   5.04568    0.000000    0.000000    0.000000    0.000000    0.000000    0.000000    0.000000    0.000000    0.000000    0.000000    0.000000
   5.05168    0.000000    0.000000    0.000000    0.000000    0.000000    0.000000    0.000000    0.000000    0.000000    0.000000    0.000000
   5.05769    0.000000    0.000000    0.000000    0.000000    0.000000    0.000000    0.000000    0.000000    0.000000    0.000000    0.000000
   5.06369    0.000000    0.000000    0.000000    0.000000    0.000000    0.000000    0.000000    0.000000    0.000000    0.000000    0.000000
   5.06969    0.000000    0.000000    0.000000    0.000000    0.000000    0.000000    0.000000    0.000000    0.000000    0.000000    0.000000
   5.07569    0.000000    0.000000    0.000000    0.000000    0.000000    0.000000    0.000000    0.000000    0.000000    0.000000    0.000000
   5.08169    0.000000    0.000000    0.000000    0.000000    0.000000    0.000000    0.000000    0.000000    0.000000    0.000000    0.000000
   5.08770    0.000000    0.000000    0.000000    0.000000    0.000000    0.000000    0.000000    0.000000    0.000000    0.000000    0.000000
   5.09370    0.000000    0.000000    0.000000    0.000000    0.000000    0.000000    0.000000    0.000000    0.000000    0.000000    0.000000
   5.09970    0.000000    0.000000    0.000000    0.000000    0.000000    0.000000    0.000000    0.000000    0.000000    0.000000    0.000000
   5.10570    0.000000    0.000000    0.000000    0.000000    0.000000    0.000000    0.000000    0.000000    0.000000    0.000000    0.000000
   5.11170    0.000000    0.000000    0.000000    0.000000    0.000000    0.000000    0.000000    0.000000    0.000000    0.000000    0.000000
   5.11771    0.000000    0.000000    0.000000    0.000000    0.000000    0.000000    0.000000    0.000000    0.000000    0.000000    0.000000
   5.12371    0.000000    0.000000    0.000000    0.000000    0.000000    0.000000    0.000000    0.000000    0.000000    0.000000    0.000000
   5.12971    0.000000    0.000000    0.000000    0.000000    0.000000    0.000000    0.000000    0.000000    0.000000    0.000000    0.000000
   5.13571    0.000000    0.000000    0.000000    0.000000    0.000000    0.000000    0.000000    0.000000    0.000000    0.000000    0.000000
   5.14171    0.000000    0.000000    0.000000    0.000000    0.000000    0.000000    0.000000    0.000000    0.000000    0.000000    0.000000
   5.14772    0.000000    0.000000    0.000000    0.000000    0.000000    0.000000    0.000000    0.000000    0.000000    0.000000    0.000000
   5.15372    0.000000    0.000000    0.000000    0.000000    0.000000    0.000000    0.000000    0.000000    0.000000    0.000000    0.000000
   5.15972    0.000000    0.000000    0.000000    0.000000    0.000000    0.000000    0.000000    0.000000    0.000000    0.000000    0.000000
   5.16572    0.000000    0.000000    0.000000    0.000000    0.000000    0.000000    0.000000    0.000000    0.000000    0.000000    0.000000
   5.17172    0.000000    0.000000    0.000000    0.000000    0.000000    0.000000    0.000000    0.000000    0.000000    0.000000    0.000000
   5.17773    0.000000    0.000000    0.000000    0.000000    0.000000    0.000000    0.000000    0.000000    0.000000    0.000000    0.000000
   5.18373    0.000000    0.000000    0.000000    0.000000    0.000000    0.000000    0.000000    0.000000    0.000000    0.000000    0.000000
   5.18973    0.000000    0.000000    0.000000    0.000000    0.000000    0.000000    0.000000    0.000000    0.000000    0.000000    0.000000
   5.19573    0.000000    0.000000    0.000000    0.000000    0.000000    0.000000    0.000000    0.000000    0.000000    0.000000    0.000000
   5.20173    0.000000    0.000000    0.000000    0.000000    0.000000    0.000000    0.000000    0.000000    0.000000    0.000000    0.000000
   5.20774    0.000000    0.000000    0.000000    0.000000    0.000000    0.000000    0.000000    0.000000    0.000000    0.000000    0.000000
   5.21374    0.000000    0.000000    0.000000    0.000000    0.000000    0.000000    0.000000    0.000000    0.000000    0.000000    0.000000
   5.21974    0.000000    0.000000    0.000000    0.000000    0.000000    0.000000    0.000000    0.000000    0.000000    0.000000    0.000000
   5.22574    0.000000    0.000000    0.000000    0.000000    0.000000    0.000000    0.000000    0.000000    0.000000    0.000000    0.000000
   5.23174    0.000000    0.000000    0.000000    0.000000    0.000000    0.000000    0.000000    0.000000    0.000000    0.000000    0.000000
   5.23775    0.000000    0.000000    0.000000    0.000000    0.000000    0.000000    0.000000    0.000000    0.000000    0.000000    0.000000
   5.24375    0.000000    0.000000    0.000000    0.000000    0.000000    0.000000    0.000000    0.000000    0.000000    0.000000    0.000000
   5.24975    0.000000    0.000000    0.000000    0.000000    0.000000    0.000000    0.000000    0.000000    0.000000    0.000000    0.000000
   5.25575    0.000000    0.000000    0.000000    0.000000    0.000000    0.000000    0.000000    0.000000    0.000000    0.000000    0.000000
   5.26175    0.000000    0.000000    0.000000    0.000000    0.000000    0.000000    0.000000    0.000000    0.000000    0.000000    0.000000
   5.26776    0.000000    0.000000    0.000000    0.000000    0.000000    0.000000    0.000000    0.000000    0.000000    0.000000    0.000000
   5.27376    0.000000    0.000000    0.000000    0.000000    0.000000    0.000000    0.000000    0.000000    0.000000    0.000000    0.000000
   5.27976    0.000000    0.000000    0.000000    0.000000    0.000000    0.000000    0.000000    0.000000    0.000000    0.000000    0.000000
   5.28576    0.000000    0.000000    0.000000    0.000000    0.000000    0.000000    0.000000    0.000000    0.000000    0.000000    0.000000
   5.29176    0.000000    0.000000    0.000000    0.000000    0.000000    0.000000    0.000000    0.000000    0.000000    0.000000    0.000000
   5.29777    0.000000    0.000000    0.000000    0.000000    0.000000    0.000000    0.000000    0.000000    0.000000    0.000000    0.000000
   5.30377    0.000000    0.000000    0.000000    0.000000    0.000000    0.000000    0.000000    0.000000    0.000000    0.000000    0.000000
   5.30977    0.000000    0.000000    0.000000    0.000000    0.000000    0.000000    0.000000    0.000000    0.000000    0.000000    0.000000
   5.31577    0.000000    0.000000    0.000000    0.000000    0.000000    0.000000    0.000000    0.000000    0.000000    0.000000    0.000000
   5.32177    0.000000    0.000000    0.000000    0.000000    0.000000    0.000000    0.000000    0.000000    0.000000    0.000000    0.000000
   5.32778    0.000000    0.000000    0.000000    0.000000    0.000000    0.000000    0.000000    0.000000    0.000000    0.000000    0.000000
   5.33378    0.000000    0.000000    0.000000    0.000000    0.000000    0.000000    0.000000    0.000000    0.000000    0.000000    0.000000
   5.33978    0.000000    0.000000    0.000000    0.000000    0.000000    0.000000    0.000000    0.000000    0.000000    0.000000    0.000000
   5.34578    0.000000    0.000000    0.000000    0.000000    0.000000    0.000000    0.000000    0.000000    0.000000    0.000000    0.000000
   5.35178    0.000000    0.000000    0.000000    0.000000    0.000000    0.000000    0.000000    0.000000    0.000000    0.000000    0.000000
   5.35779    0.000000    0.000000    0.000000    0.000000    0.000000    0.000000    0.000000    0.000000    0.000000    0.000000    0.000000
   5.36379    0.000000    0.000000    0.000000    0.000000    0.000000    0.000000    0.000000    0.000000    0.000000    0.000000    0.000000
   5.36979    0.000000    0.000000    0.000000    0.000000    0.000000    0.000000    0.000000    0.000000    0.000000    0.000000    0.000000
   5.37579    0.000000    0.000000    0.000000    0.000000    0.000000    0.000000    0.000000    0.000000    0.000000    0.000000    0.000000
   5.38179    0.000000    0.000000    0.000000    0.000000    0.000000    0.000000    0.000000    0.000000    0.000000    0.000000    0.000000
   5.38780    0.000000    0.000000    0.000000    0.000000    0.000000    0.000000    0.000000    0.000000    0.000000    0.000000    0.000000
   5.39380    0.000000    0.000000    0.000000    0.000000    0.000000    0.000000    0.000000    0.000000    0.000000    0.000000    0.000000
   5.39980    0.000000    0.000000    0.000000    0.000000    0.000000    0.000000    0.000000    0.000000    0.000000    0.000000    0.000000
   5.40580    0.000000    0.000000    0.000000    0.000000    0.000000    0.000000    0.000000    0.000000    0.000000    0.000000    0.000000
   5.41180    0.000000    0.000000    0.000000    0.000000    0.000000    0.000000    0.000000    0.000000    0.000000    0.000000    0.000000
   5.41781    0.000000    0.000000    0.000000    0.000000    0.000000    0.000000    0.000000    0.000000    0.000000    0.000000    0.000000
   5.42381    0.000000    0.000000    0.000000    0.000000    0.000000    0.000000    0.000000    0.000000    0.000000    0.000000    0.000000
   5.42981    0.000000    0.000000    0.000000    0.000000    0.000000    0.000000    0.000000    0.000000    0.000000    0.000000    0.000000
   5.43581    0.000000    0.000000    0.000000    0.000000    0.000000    0.000000    0.000000    0.000000    0.000000    0.000000    0.000000
   5.44181    0.000000    0.000000    0.000000    0.000000    0.000000    0.000000    0.000000    0.000000    0.000000    0.000000    0.000000
   5.44782    0.000000    0.000000    0.000000    0.000000    0.000000    0.000000    0.000000    0.000000    0.000000    0.000000    0.000000
   5.45382    0.000000    0.000000    0.000000    0.000000    0.000000    0.000000    0.000000    0.000000    0.000000    0.000000    0.000000
   5.45982    0.000000    0.000000    0.000000    0.000000    0.000000    0.000000    0.000000    0.000000    0.000000    0.000000    0.000000
   5.46582    0.000000    0.000000    0.000000    0.000000    0.000000    0.000000    0.000000    0.000000    0.000000    0.000000    0.000000
   5.47182    0.000000    0.000000    0.000000    0.000000    0.000000    0.000000    0.000000    0.000000    0.000000    0.000000    0.000000
   5.47783    0.000000    0.000000    0.000000    0.000000    0.000000    0.000000    0.000000    0.000000    0.000000    0.000000    0.000000
   5.48383    0.000000    0.000000    0.000000    0.000000    0.000000    0.000000    0.000000    0.000000    0.000000    0.000000    0.000000
   5.48983    0.000000    0.000000    0.000000    0.000000    0.000000    0.000000    0.000000    0.000000    0.000000    0.000000    0.000000
   5.49583    0.000000    0.000000    0.000000    0.000000    0.000000    0.000000    0.000000    0.000000    0.000000    0.000000    0.000000
   5.50183    0.000000    0.000000    0.000000    0.000000    0.000000    0.000000    0.000000    0.000000    0.000000    0.000000    0.000000
   5.50784    0.000000    0.000000    0.000000    0.000000    0.000000    0.000000    0.000000    0.000000    0.000000    0.000000    0.000000
   5.51384    0.000000    0.000000    0.000000    0.000000    0.000000    0.000000    0.000000    0.000000    0.000000    0.000000    0.000000
   5.51984    0.000000    0.000000    0.000000    0.000000    0.000000    0.000000    0.000000    0.000000    0.000000    0.000000    0.000000
   5.52584    0.000000    0.000000    0.000000    0.000000    0.000000    0.000000    0.000000    0.000000    0.000000    0.000000    0.000000
   5.53184    0.000000    0.000000    0.000000    0.000000    0.000000    0.000000    0.000000    0.000000    0.000000    0.000000    0.000000
   5.53785    0.000000    0.000000    0.000000    0.000000    0.000000    0.000000    0.000000    0.000000    0.000000    0.000000    0.000000
   5.54385    0.000000    0.000000    0.000000    0.000000    0.000000    0.000000    0.000000    0.000000    0.000000    0.000000    0.000000
   5.54985    0.000000    0.000000    0.000000    0.000000    0.000000    0.000000    0.000000    0.000000    0.000000    0.000000    0.000000
   5.55585    0.000000    0.000000    0.000000    0.000000    0.000000    0.000000    0.000000    0.000000    0.000000    0.000000    0.000000
   5.56185    0.000000    0.000000    0.000000    0.000000    0.000000    0.000000    0.000000    0.000000    0.000000    0.000000    0.000000
   5.56786    0.000000    0.000000    0.000000    0.000000    0.000000    0.000000    0.000000    0.000000    0.000000    0.000000    0.000000
   5.57386    0.000000    0.000000    0.000000    0.000000    0.000000    0.000000    0.000000    0.000000    0.000000    0.000000    0.000000
   5.57986    0.000000    0.000000    0.000000    0.000000    0.000000    0.000000    0.000000    0.000000    0.000000    0.000000    0.000000
   5.58586    0.000000    0.000000    0.000000    0.000000    0.000000    0.000000    0.000000    0.000000    0.000000    0.000000    0.000000
   5.59186    0.000000    0.000000    0.000000    0.000000    0.000000    0.000000    0.000000    0.000000    0.000000    0.000000    0.000000
   5.59787    0.000000    0.000000    0.000000    0.000000    0.000000    0.000000    0.000000    0.000000    0.000000    0.000000    0.000000
   5.60387    0.000000    0.000000    0.000000    0.000000    0.000000    0.000000    0.000000    0.000000    0.000000    0.000000    0.000000
   5.60987    0.000000    0.000000    0.000000    0.000000    0.000000    0.000000    0.000000    0.000000    0.000000    0.000000    0.000000
   5.61587    0.000000    0.000000    0.000000    0.000000    0.000000    0.000000    0.000000    0.000000    0.000000    0.000000    0.000000
   5.62187    0.000000    0.000000    0.000000    0.000000    0.000000    0.000000    0.000000    0.000000    0.000000    0.000000    0.000000
   5.62788    0.000000    0.000000    0.000000    0.000000    0.000000    0.000000    0.000000    0.000000    0.000000    0.000000    0.000000
   5.63388    0.000000    0.000000    0.000000    0.000000    0.000000    0.000000    0.000000    0.000000    0.000000    0.000000    0.000000
   5.63988    0.000000    0.000000    0.000000    0.000000    0.000000    0.000000    0.000000    0.000000    0.000000    0.000000    0.000000
   5.64588    0.000000    0.000000    0.000000    0.000000    0.000000    0.000000    0.000000    0.000000    0.000000    0.000000    0.000000
   5.65188    0.000000    0.000000    0.000000    0.000000    0.000000    0.000000    0.000000    0.000000    0.000000    0.000000    0.000000
   5.65789    0.000000    0.000000    0.000000    0.000000    0.000000    0.000000    0.000000    0.000000    0.000000    0.000000    0.000000
   5.66389    0.000000    0.000000    0.000000    0.000000    0.000000    0.000000    0.000000    0.000000    0.000000    0.000000    0.000000
   5.66989    0.000000    0.000000    0.000000    0.000000    0.000000    0.000000    0.000000    0.000000    0.000000    0.000000    0.000000
   5.67589    0.000000    0.000000    0.000000    0.000000    0.000000    0.000000    0.000000    0.000000    0.000000    0.000000    0.000000
   5.68189    0.000000    0.000000    0.000000    0.000000    0.000000    0.000000    0.000000    0.000000    0.000000    0.000000    0.000000
   5.68790    0.000000    0.000000    0.000000    0.000000    0.000000    0.000000    0.000000    0.000000    0.000000    0.000000    0.000000
   5.69390    0.000000    0.000000    0.000000    0.000000    0.000000    0.000000    0.000000    0.000000    0.000000    0.000000    0.000000
   5.69990    0.000000    0.000000    0.000000    0.000000    0.000000    0.000000    0.000000    0.000000    0.000000    0.000000    0.000000
   5.70590    0.000000    0.000000    0.000000    0.000000    0.000000    0.000000    0.000000    0.000000    0.000000    0.000000    0.000000
   5.71190    0.000000    0.000000    0.000000    0.000000    0.000000    0.000000    0.000000    0.000000    0.000000    0.000000    0.000000
   5.71791    0.000000    0.000000    0.000000    0.000000    0.000000    0.000000    0.000000    0.000000    0.000000    0.000000    0.000000
   5.72391    0.000000    0.000000    0.000000    0.000000    0.000000    0.000000    0.000000    0.000000    0.000000    0.000000    0.000000
   5.72991    0.000000    0.000000    0.000000    0.000000    0.000000    0.000000    0.000000    0.000000    0.000000    0.000000    0.000000
   5.73591    0.000000    0.000000    0.000000    0.000000    0.000000    0.000000    0.000000    0.000000    0.000000    0.000000    0.000000
   5.74191    0.000000    0.000000    0.000000    0.000000    0.000000    0.000000    0.000000    0.000000    0.000000    0.000000    0.000000
   5.74792    0.000000    0.000000    0.000000    0.000000    0.000000    0.000000    0.000000    0.000000    0.000000    0.000000    0.000000
   5.75392    0.000000    0.000000    0.000000    0.000000    0.000000    0.000000    0.000000    0.000000    0.000000    0.000000    0.000000
   5.75992    0.000000    0.000000    0.000000    0.000000    0.000000    0.000000    0.000000    0.000000    0.000000    0.000000    0.000000
   5.76592    0.000000    0.000000    0.000000    0.000000    0.000000    0.000000    0.000000    0.000000    0.000000    0.000000    0.000000
   5.77192    0.000000    0.000000    0.000000    0.000000    0.000000    0.000000    0.000000    0.000000    0.000000    0.000000    0.000000
   5.77793    0.000000    0.000000    0.000000    0.000000    0.000000    0.000000    0.000000    0.000000    0.000000    0.000000    0.000000
   5.78393    0.000000    0.000000    0.000000    0.000000    0.000000    0.000000    0.000000    0.000000    0.000000    0.000000    0.000000
   5.78993    0.000000    0.000000    0.000000    0.000000    0.000000    0.000000    0.000000    0.000000    0.000000    0.000000    0.000000
   5.79593    0.000000    0.000000    0.000000    0.000000    0.000000    0.000000    0.000000    0.000000    0.000000    0.000000    0.000000
   5.80193    0.000000    0.000000    0.000000    0.000000    0.000000    0.000000    0.000000    0.000000    0.000000    0.000000    0.000000
   5.80794    0.000000    0.000000    0.000000    0.000000    0.000000    0.000000    0.000000    0.000000    0.000000    0.000000    0.000000
   5.81394    0.000000    0.000000    0.000000    0.000000    0.000000    0.000000    0.000000    0.000000    0.000000    0.000000    0.000000
   5.81994    0.000000    0.000000    0.000000    0.000000    0.000000    0.000000    0.000000    0.000000    0.000000    0.000000    0.000000
   5.82594    0.000000    0.000000    0.000000    0.000000    0.000000    0.000000    0.000000    0.000000    0.000000    0.000000    0.000000
   5.83194    0.000000    0.000000    0.000000    0.000000    0.000000    0.000000    0.000000    0.000000    0.000000    0.000000    0.000000
   5.83795    0.000000    0.000000    0.000000    0.000000    0.000000    0.000000    0.000000    0.000000    0.000000    0.000000    0.000000
   5.84395    0.000000    0.000000    0.000000    0.000000    0.000000    0.000000    0.000000    0.000000    0.000000    0.000000    0.000000
   5.84995    0.000000    0.000000    0.000000    0.000000    0.000000    0.000000    0.000000    0.000000    0.000000    0.000000    0.000000
   5.85595    0.000000    0.000000    0.000000    0.000000    0.000000    0.000000    0.000000    0.000000    0.000000    0.000000    0.000000
   5.86195    0.000000    0.000000    0.000000    0.000000    0.000000    0.000000    0.000000    0.000000    0.000000    0.000000    0.000000
   5.86796    0.000000    0.000000    0.000000    0.000000    0.000000    0.000000    0.000000    0.000000    0.000000    0.000000    0.000000
   5.87396    0.000000    0.000000    0.000000    0.000000    0.000000    0.000000    0.000000    0.000000    0.000000    0.000000    0.000000
   5.87996    0.000000    0.000000    0.000000    0.000000    0.000000    0.000000    0.000000    0.000000    0.000000    0.000000    0.000000
   5.88596    0.000000    0.000000    0.000000    0.000000    0.000000    0.000000    0.000000    0.000000    0.000000    0.000000    0.000000
   5.89196    0.000000    0.000000    0.000000    0.000000    0.000000    0.000000    0.000000    0.000000    0.000000    0.000000    0.000000
   5.89797    0.000000    0.000000    0.000000    0.000000    0.000000    0.000000    0.000000    0.000000    0.000000    0.000000    0.000000
   5.90397    0.000000    0.000000    0.000000    0.000000    0.000000    0.000000    0.000000    0.000000    0.000000    0.000000    0.000000
   5.90997    0.000000    0.000000    0.000000    0.000000    0.000000    0.000000    0.000000    0.000000    0.000000    0.000000    0.000000
   5.91597    0.000000    0.000000    0.000000    0.000000    0.000000    0.000000    0.000000    0.000000    0.000000    0.000000    0.000000
   5.92197    0.000000    0.000000    0.000000    0.000000    0.000000    0.000000    0.000000    0.000000    0.000000    0.000000    0.000000
   5.92798    0.000000    0.000000    0.000000    0.000000    0.000000    0.000000    0.000000    0.000000    0.000000    0.000000    0.000000
   5.93398    0.000000    0.000000    0.000000    0.000000    0.000000    0.000000    0.000000    0.000000    0.000000    0.000000    0.000000
   5.93998    0.000000    0.000000    0.000000    0.000000    0.000000    0.000000    0.000000    0.000000    0.000000    0.000000    0.000000
   5.94598    0.000000    0.000000    0.000000    0.000000    0.000000    0.000000    0.000000    0.000000    0.000000    0.000000    0.000000
   5.95198    0.000000    0.000000    0.000000    0.000000    0.000000    0.000000    0.000000    0.000000    0.000000    0.000000    0.000000
   5.95799    0.000000    0.000000    0.000000    0.000000    0.000000    0.000000    0.000000    0.000000    0.000000    0.000000    0.000000
   5.96399    0.000000    0.000000    0.000000    0.000000    0.000000    0.000000    0.000000    0.000000    0.000000    0.000000    0.000000
   5.96999    0.000000    0.000000    0.000000    0.000000    0.000000    0.000000    0.000000    0.000000    0.000000    0.000000    0.000000
   5.97599    0.000000    0.000000    0.000000    0.000000    0.000000    0.000000    0.000000    0.000000    0.000000    0.000000    0.000000
   5.98199    0.000000    0.000000    0.000000    0.000000    0.000000    0.000000    0.000000    0.000000    0.000000    0.000000    0.000000
   5.98800    0.000000    0.000000    0.000000    0.000000    0.000000    0.000000    0.000000    0.000000    0.000000    0.000000    0.000000
   5.99400    0.000000    0.000000    0.000000    0.000000    0.000000    0.000000    0.000000    0.000000    0.000000    0.000000    0.000000
   6.00000    0.000000    0.000000    0.000000    0.000000    0.000000    0.000000    0.000000    0.000000    0.000000    0.000000    0.000000
