 -12.00000    0.000000    0.000000    0.000000    0.000000    0.000000    0.000000    0.000000    0.000000    0.000000    0.000000    0.000000
 -11.99400    0.000000    0.000000    0.000000    0.000000    0.000000    0.000000    0.000000    0.000000    0.000000    0.000000    0.000000
 -11.98800    0.000000    0.000000    0.000000    0.000000    0.000000    0.000000    0.000000    0.000000    0.000000    0.000000    0.000000
 -11.98199    0.000000    0.000000    0.000000    0.000000    0.000000    0.000000    0.000000    0.000000    0.000000    0.000000    0.000000
 -11.97599    0.000000    0.000000    0.000000    0.000000    0.000000    0.000000    0.000000    0.000000    0.000000    0.000000    0.000000
 -11.96999    0.000000    0.000000    0.000000    0.000000    0.000000    0.000000    0.000000    0.000000    0.000000    0.000000    0.000000
 -11.96399    0.000000    0.000000    0.000000    0.000000    0.000000    0.000000    0.000000    0.000000    0.000000    0.000000    0.000000
 -11.95799    0.000000    0.000000    0.000000    0.000000    0.000000    0.000000    0.000000    0.000000    0.000000    0.000000    0.000000
 -11.95198    0.000000    0.000000    0.000000    0.000000    0.000000    0.000000    0.000000    0.000000    0.000000    0.000000    0.000000
 -11.94598    0.000000    0.000000    0.000000    0.000000    0.000000    0.000000    0.000000    0.000000    0.000000    0.000000    0.000000
 -11.93998    0.000000    0.000000    0.000000    0.000000    0.000000    0.000000    0.000000    0.000000    0.000000    0.000000    0.000000
 -11.93398    0.000000    0.000000    0.000000    0.000000    0.000000    0.000000    0.000000    0.000000    0.000000    0.000000    0.000000
 -11.92798    0.000000    0.000000    0.000000    0.000000    0.000000    0.000000    0.000000    0.000000    0.000000    0.000000    0.000000
 -11.92197    0.000000    0.000000    0.000000    0.000000    0.000000    0.000000    0.000000    0.000000    0.000000    0.000000    0.000000
 -11.91597    0.000000    0.000000    0.000000    0.000000    0.000000    0.000000    0.000000    0.000000    0.000000    0.000000    0.000000
 -11.90997    0.000000    0.000000    0.000000    0.000000    0.000000    0.000000    0.000000    0.000000    0.000000    0.000000    0.000000
 -11.90397    0.000000    0.000000    0.000000    0.000000    0.000000    0.000000    0.000000    0.000000    0.000000    0.000000    0.000000
 -11.89797    0.000000    0.000000    0.000000    0.000000    0.000000    0.000000    0.000000    0.000000    0.000000    0.000000    0.000000
 -11.89196    0.000000    0.000000    0.000000    0.000000    0.000000    0.000000    0.000000    0.000000    0.000000    0.000000    0.000000
 -11.88596    0.000000    0.000000    0.000000    0.000000    0.000000    0.000000    0.000000    0.000000    0.000000    0.000000    0.000000
 -11.87996    0.000000    0.000000    0.000000    0.000000    0.000000    0.000000    0.000000    0.000000    0.000000    0.000000    0.000000
 -11.87396    0.000000    0.000000    0.000000    0.000000    0.000000    0.000000    0.000000    0.000000    0.000000    0.000000    0.000000
 -11.86796    0.000000    0.000000    0.000000    0.000000    0.000000    0.000000    0.000000    0.000000    0.000000    0.000000    0.000000
 -11.86195    0.000000    0.000000    0.000000    0.000000    0.000000    0.000000    0.000000    0.000000    0.000000    0.000000    0.000000
 -11.85595    0.000000    0.000000    0.000000    0.000000    0.000000    0.000000    0.000000    0.000000    0.000000    0.000000    0.000000
 -11.84995    0.000000    0.000000    0.000000    0.000000    0.000000    0.000000    0.000000    0.000000    0.000000    0.000000    0.000000
 -11.84395    0.000000    0.000000    0.000000    0.000000    0.000000    0.000000    0.000000    0.000000    0.000000    0.000000    0.000000
 -11.83795    0.000000    0.000000    0.000000    0.000000    0.000000    0.000000    0.000000    0.000000    0.000000    0.000000    0.000000
 -11.83194    0.000000    0.000000    0.000000    0.000000    0.000000    0.000000    0.000000    0.000000    0.000000    0.000000    0.000000
 -11.82594    0.000000    0.000000    0.000000    0.000000    0.000000    0.000000    0.000000    0.000000    0.000000    0.000000    0.000000
 -11.81994    0.000000    0.000000    0.000000    0.000000    0.000000    0.000000    0.000000    0.000000    0.000000    0.000000    0.000000
 -11.81394    0.000000    0.000000    0.000000    0.000000    0.000000    0.000000    0.000000    0.000000    0.000000    0.000000    0.000000
 -11.80794    0.000000    0.000000    0.000000    0.000000    0.000000    0.000000    0.000000    0.000000    0.000000    0.000000    0.000000
 -11.80193    0.000000    0.000000    0.000000    0.000000    0.000000    0.000000    0.000000    0.000000    0.000000    0.000000    0.000000
 -11.79593    0.000000    0.000000    0.000000    0.000000    0.000000    0.000000    0.000000    0.000000    0.000000    0.000000    0.000000
 -11.78993    0.000000    0.000000    0.000000    0.000000    0.000000    0.000000    0.000000    0.000000    0.000000    0.000000    0.000000
 -11.78393    0.000000    0.000000    0.000000    0.000000    0.000000    0.000000    0.000000    0.000000    0.000000    0.000000    0.000000
 -11.77793    0.000000    0.000000    0.000000    0.000000    0.000000    0.000000    0.000000    0.000000    0.000000    0.000000    0.000000
 -11.77192    0.000000    0.000000    0.000000    0.000000    0.000000    0.000000    0.000000    0.000000    0.000000    0.000000    0.000000
 -11.76592    0.000000    0.000000    0.000000    0.000000    0.000000    0.000000    0.000000    0.000000    0.000000    0.000000    0.000000
 -11.75992    0.000000    0.000000    0.000000    0.000000    0.000000    0.000000    0.000000    0.000000    0.000000    0.000000    0.000000
 -11.75392    0.000000    0.000000    0.000000    0.000000    0.000000    0.000000    0.000000    0.000000    0.000000    0.000000    0.000000
 -11.74792    0.000000    0.000000    0.000000    0.000000    0.000000    0.000000    0.000000    0.000000    0.000000    0.000000    0.000000
 -11.74191    0.000000    0.000000    0.000000    0.000000    0.000000    0.000000    0.000000    0.000000    0.000000    0.000000    0.000000
 -11.73591    0.000000    0.000000    0.000000    0.000000    0.000000    0.000000    0.000000    0.000000    0.000000    0.000000    0.000000
 -11.72991    0.000000    0.000000    0.000000    0.000000    0.000000    0.000000    0.000000    0.000000    0.000000    0.000000    0.000000
 -11.72391    0.000000    0.000000    0.000000    0.000000    0.000000    0.000000    0.000000    0.000000    0.000000    0.000000    0.000000
 -11.71791    0.000000    0.000000    0.000000    0.000000    0.000000    0.000000    0.000000    0.000000    0.000000    0.000000    0.000000
 -11.71190    0.000000    0.000000    0.000000    0.000000    0.000000    0.000000    0.000000    0.000000    0.000000    0.000000    0.000000
 -11.70590    0.000000    0.000000    0.000000    0.000000    0.000000    0.000000    0.000000    0.000000    0.000000    0.000000    0.000000
 -11.69990    0.000000    0.000000    0.000000    0.000000    0.000000    0.000000    0.000000    0.000000    0.000000    0.000000    0.000000
 -11.69390    0.000000    0.000000    0.000000    0.000000    0.000000    0.000000    0.000000    0.000000    0.000000    0.000000    0.000000
 -11.68790    0.000000    0.000000    0.000000    0.000000    0.000000    0.000000    0.000000    0.000000    0.000000    0.000000    0.000000
 -11.68189    0.000000    0.000000    0.000000    0.000000    0.000000    0.000000    0.000000    0.000000    0.000000    0.000000    0.000000
 -11.67589    0.000000    0.000000    0.000000    0.000000    0.000000    0.000000    0.000000    0.000000    0.000000    0.000000    0.000000
 -11.66989    0.000000    0.000000    0.000000    0.000000    0.000000    0.000000    0.000000    0.000000    0.000000    0.000000    0.000000
 -11.66389    0.000000    0.000000    0.000000    0.000000    0.000000    0.000000    0.000000    0.000000    0.000000    0.000000    0.000000
 -11.65789    0.000000    0.000000    0.000000    0.000000    0.000000    0.000000    0.000000    0.000000    0.000000    0.000000    0.000000
 -11.65188    0.000000    0.000000    0.000000    0.000000    0.000000    0.000000    0.000000    0.000000    0.000000    0.000000    0.000000
 -11.64588    0.000000    0.000000    0.000000    0.000000    0.000000    0.000000    0.000000    0.000000    0.000000    0.000000    0.000000
 -11.63988    0.000000    0.000000    0.000000    0.000000    0.000000    0.000000    0.000000    0.000000    0.000000    0.000000    0.000000
 -11.63388    0.000000    0.000000    0.000000    0.000000    0.000000    0.000000    0.000000    0.000000    0.000000    0.000000    0.000000
 -11.62788    0.000000    0.000000    0.000000    0.000000    0.000000    0.000000    0.000000    0.000000    0.000000    0.000000    0.000000
 -11.62187    0.000000    0.000000    0.000000    0.000000    0.000000    0.000000    0.000000    0.000000    0.000000    0.000000    0.000000
 -11.61587    0.000000    0.000000    0.000000    0.000000    0.000000    0.000000    0.000000    0.000000    0.000000    0.000000    0.000000
 -11.60987    0.000000    0.000000    0.000000    0.000000    0.000000    0.000000    0.000000    0.000000    0.000000    0.000000    0.000000
 -11.60387    0.000000    0.000000    0.000000    0.000000    0.000000    0.000000    0.000000    0.000000    0.000000    0.000000    0.000000
 -11.59787    0.000000    0.000000    0.000000    0.000000    0.000000    0.000000    0.000000    0.000000    0.000000    0.000000    0.000000
 -11.59186    0.000000    0.000000    0.000000    0.000000    0.000000    0.000000    0.000000    0.000000    0.000000    0.000000    0.000000
 -11.58586    0.000000    0.000000    0.000000    0.000000    0.000000    0.000000    0.000000    0.000000    0.000000    0.000000    0.000000
 -11.57986    0.000000    0.000000    0.000000    0.000000    0.000000    0.000000    0.000000    0.000000    0.000000    0.000000    0.000000
 -11.57386    0.000000    0.000000    0.000000    0.000000    0.000000    0.000000    0.000000    0.000000    0.000000    0.000000    0.000000
 -11.56786    0.000000    0.000000    0.000000    0.000000    0.000000    0.000000    0.000000    0.000000    0.000000    0.000000    0.000000
 -11.56185    0.000000    0.000000    0.000000    0.000000    0.000000    0.000000    0.000000    0.000000    0.000000    0.000000    0.000000
 -11.55585    0.000000    0.000000    0.000000    0.000000    0.000000    0.000000    0.000000    0.000000    0.000000    0.000000    0.000000
 -11.54985    0.000000    0.000000    0.000000    0.000000    0.000000    0.000000    0.000000    0.000000    0.000000    0.000000    0.000000
 -11.54385    0.000000    0.000000    0.000000    0.000000    0.000000    0.000000    0.000000    0.000000    0.000000    0.000000    0.000000
 -11.53785    0.000000    0.000000    0.000000    0.000000    0.000000    0.000000    0.000000    0.000000    0.000000    0.000000    0.000000
 -11.53184    0.000000    0.000000    0.000000    0.000000    0.000000    0.000000    0.000000    0.000000    0.000000    0.000000    0.000000
 -11.52584    0.000000    0.000000    0.000000    0.000000    0.000000    0.000000    0.000000    0.000000    0.000000    0.000000    0.000000
 -11.51984    0.000000    0.000000    0.000000    0.000000    0.000000    0.000000    0.000000    0.000000    0.000000    0.000000    0.000000
 -11.51384    0.000000    0.000000    0.000000    0.000000    0.000000    0.000000    0.000000    0.000000    0.000000    0.000000    0.000000
 -11.50784    0.000000    0.000000    0.000000    0.000000    0.000000    0.000000    0.000000    0.000000    0.000000    0.000000    0.000000
 -11.50183    0.000000    0.000000    0.000000    0.000000    0.000000    0.000000    0.000000    0.000000    0.000000    0.000000    0.000000
 -11.49583    0.000000    0.000000    0.000000    0.000000    0.000000    0.000000    0.000000    0.000000    0.000000    0.000000    0.000000
 -11.48983    0.000000    0.000000    0.000000    0.000000    0.000000    0.000000    0.000000    0.000000    0.000000    0.000000    0.000000
 -11.48383    0.000000    0.000000    0.000000    0.000000    0.000000    0.000000    0.000000    0.000000    0.000000    0.000000    0.000000
 -11.47783    0.000000    0.000000    0.000000    0.000000    0.000000    0.000000    0.000000    0.000000    0.000000    0.000000    0.000000
 -11.47182    0.000000    0.000000    0.000000    0.000000    0.000000    0.000000    0.000000    0.000000    0.000000    0.000000    0.000000
 -11.46582    0.000000    0.000000    0.000000    0.000000    0.000000    0.000000    0.000000    0.000000    0.000000    0.000000    0.000000
 -11.45982    0.000000    0.000000    0.000000    0.000000    0.000000    0.000000    0.000000    0.000000    0.000000    0.000000    0.000000
 -11.45382    0.000000    0.000000    0.000000    0.000000    0.000000    0.000000    0.000000    0.000000    0.000000    0.000000    0.000000
 -11.44782    0.000000    0.000000    0.000000    0.000000    0.000000    0.000000    0.000000    0.000000    0.000000    0.000000    0.000000
 -11.44181    0.000000    0.000000    0.000000    0.000000    0.000000    0.000000    0.000000    0.000000    0.000000    0.000000    0.000000
 -11.43581    0.000000    0.000000    0.000000    0.000000    0.000000    0.000000    0.000000    0.000000    0.000000    0.000000    0.000000
 -11.42981    0.000000    0.000000    0.000000    0.000000    0.000000    0.000000    0.000000    0.000000    0.000000    0.000000    0.000000
 -11.42381    0.000000    0.000000    0.000000    0.000000    0.000000    0.000000    0.000000    0.000000    0.000000    0.000000    0.000000
 -11.41781    0.000000    0.000000    0.000000    0.000000    0.000000    0.000000    0.000000    0.000000    0.000000    0.000000    0.000000
 -11.41180    0.000000    0.000000    0.000000    0.000000    0.000000    0.000000    0.000000    0.000000    0.000000    0.000000    0.000000
 -11.40580    0.000000    0.000000    0.000000    0.000000    0.000000    0.000000    0.000000    0.000000    0.000000    0.000000    0.000000
 -11.39980    0.000000    0.000000    0.000000    0.000000    0.000000    0.000000    0.000000    0.000000    0.000000    0.000000    0.000000
 -11.39380    0.000000    0.000000    0.000000    0.000000    0.000000    0.000000    0.000000    0.000000    0.000000    0.000000    0.000000
 -11.38780    0.000000    0.000000    0.000000    0.000000    0.000000    0.000000    0.000000    0.000000    0.000000    0.000000    0.000000
 -11.38179    0.000000    0.000000    0.000000    0.000000    0.000000    0.000000    0.000000    0.000000    0.000000    0.000000    0.000000
 -11.37579    0.000000    0.000000    0.000000    0.000000    0.000000    0.000000    0.000000    0.000000    0.000000    0.000000    0.000000
 -11.36979    0.000000    0.000000    0.000000    0.000000    0.000000    0.000000    0.000000    0.000000    0.000000    0.000000    0.000000
 -11.36379    0.000000    0.000000    0.000000    0.000000    0.000000    0.000000    0.000000    0.000000    0.000000    0.000000    0.000000
 -11.35779    0.000000    0.000000    0.000000    0.000000    0.000000    0.000000    0.000000    0.000000    0.000000    0.000000    0.000000
 -11.35178    0.000000    0.000000    0.000000    0.000000    0.000000    0.000000    0.000000    0.000000    0.000000    0.000000    0.000000
 -11.34578    0.000000    0.000000    0.000000    0.000000    0.000000    0.000000    0.000000    0.000000    0.000000    0.000000    0.000000
 -11.33978    0.000000    0.000000    0.000000    0.000000    0.000000    0.000000    0.000000    0.000000    0.000000    0.000000    0.000000
 -11.33378    0.000000    0.000000    0.000000    0.000000    0.000000    0.000000    0.000000    0.000000    0.000000    0.000000    0.000000
 -11.32778    0.000000    0.000000    0.000000    0.000000    0.000000    0.000000    0.000000    0.000000    0.000000    0.000000    0.000000
 -11.32177    0.000000    0.000000    0.000000    0.000000    0.000000    0.000000    0.000000    0.000000    0.000000    0.000000    0.000000
 -11.31577    0.000000    0.000000    0.000000    0.000000    0.000000    0.000000    0.000000    0.000000    0.000000    0.000000    0.000000
 -11.30977    0.000000    0.000000    0.000000    0.000000    0.000000    0.000000    0.000000    0.000000    0.000000    0.000000    0.000000
 -11.30377    0.000000    0.000000    0.000000    0.000000    0.000000    0.000000    0.000000    0.000000    0.000000    0.000000    0.000000
 -11.29777    0.000000    0.000000    0.000000    0.000000    0.000000    0.000000    0.000000    0.000000    0.000000    0.000000    0.000000
 -11.29176    0.000000    0.000000    0.000000    0.000000    0.000000    0.000000    0.000000    0.000000    0.000000    0.000000    0.000000
 -11.28576    0.000000    0.000000    0.000000    0.000000    0.000000    0.000000    0.000000    0.000000    0.000000    0.000000    0.000000
 -11.27976    0.000000    0.000000    0.000000    0.000000    0.000000    0.000000    0.000000    0.000000    0.000000    0.000000    0.000000
 -11.27376    0.000000    0.000000    0.000000    0.000000    0.000000    0.000000    0.000000    0.000000    0.000000    0.000000    0.000000
 -11.26776    0.000000    0.000000    0.000000    0.000000    0.000000    0.000000    0.000000    0.000000    0.000000    0.000000    0.000000
 -11.26175    0.000000    0.000000    0.000000    0.000000    0.000000    0.000000    0.000000    0.000000    0.000000    0.000000    0.000000
 -11.25575    0.000000    0.000000    0.000000    0.000000    0.000000    0.000000    0.000000    0.000000    0.000000    0.000000    0.000000
 -11.24975    0.000000    0.000000    0.000000    0.000000    0.000000    0.000000    0.000000    0.000000    0.000000    0.000000    0.000000
 -11.24375    0.000000    0.000000    0.000000    0.000000    0.000000    0.000000    0.000000    0.000000    0.000000    0.000000    0.000000
 -11.23775    0.000000    0.000000    0.000000    0.000000    0.000000    0.000000    0.000000    0.000000    0.000000    0.000000    0.000000
 -11.23174    0.000000    0.000000    0.000000    0.000000    0.000000    0.000000    0.000000    0.000000    0.000000    0.000000    0.000000
 -11.22574    0.000000    0.000000    0.000000    0.000000    0.000000    0.000000    0.000000    0.000000    0.000000    0.000000    0.000000
 -11.21974    0.000000    0.000000    0.000000    0.000000    0.000000    0.000000    0.000000    0.000000    0.000000    0.000000    0.000000
 -11.21374    0.000000    0.000000    0.000000    0.000000    0.000000    0.000000    0.000000    0.000000    0.000000    0.000000    0.000000
 -11.20774    0.000000    0.000000    0.000000    0.000000    0.000000    0.000000    0.000000    0.000000    0.000000    0.000000    0.000000
 -11.20173    0.000000    0.000000    0.000000    0.000000    0.000000    0.000000    0.000000    0.000000    0.000000    0.000000    0.000000
 -11.19573    0.000000    0.000000    0.000000    0.000000    0.000000    0.000000    0.000000    0.000000    0.000000    0.000000    0.000000
 -11.18973    0.000000    0.000000    0.000000    0.000000    0.000000    0.000000    0.000000    0.000000    0.000000    0.000000    0.000000
 -11.18373    0.000000    0.000000    0.000000    0.000000    0.000000    0.000000    0.000000    0.000000    0.000000    0.000000    0.000000
 -11.17773    0.000000    0.000000    0.000000    0.000000    0.000000    0.000000    0.000000    0.000000    0.000000    0.000000    0.000000
 -11.17172    0.000000    0.000000    0.000000    0.000000    0.000000    0.000000    0.000000    0.000000    0.000000    0.000000    0.000000
 -11.16572    0.000000    0.000000    0.000000    0.000000    0.000000    0.000000    0.000000    0.000000    0.000000    0.000000    0.000000
 -11.15972    0.000000    0.000000    0.000000    0.000000    0.000000    0.000000    0.000000    0.000000    0.000000    0.000000    0.000000
 -11.15372    0.000000    0.000000    0.000000    0.000000    0.000000    0.000000    0.000000    0.000000    0.000000    0.000000    0.000000
 -11.14772    0.000000    0.000000    0.000000    0.000000    0.000000    0.000000    0.000000    0.000000    0.000000    0.000000    0.000000
 -11.14171    0.000000    0.000000    0.000000    0.000000    0.000000    0.000000    0.000000    0.000000    0.000000    0.000000    0.000000
 -11.13571    0.000000    0.000000    0.000000    0.000000    0.000000    0.000000    0.000000    0.000000    0.000000    0.000000    0.000000
 -11.12971    0.000000    0.000000    0.000000    0.000000    0.000000    0.000000    0.000000    0.000000    0.000000    0.000000    0.000000
 -11.12371    0.000000    0.000000    0.000000    0.000000    0.000000    0.000000    0.000000    0.000000    0.000000    0.000000    0.000000
 -11.11771    0.000000    0.000000    0.000000    0.000000    0.000000    0.000000    0.000000    0.000000    0.000000    0.000000    0.000000
 -11.11170    0.000000    0.000000    0.000000    0.000000    0.000000    0.000000    0.000000    0.000000    0.000000    0.000000    0.000000
 -11.10570    0.000000    0.000000    0.000000    0.000000    0.000000    0.000000    0.000000    0.000000    0.000000    0.000000    0.000000
 -11.09970    0.000000    0.000000    0.000000    0.000000    0.000000    0.000000    0.000000    0.000000    0.000000    0.000000    0.000000
 -11.09370    0.000000    0.000000    0.000000    0.000000    0.000000    0.000000    0.000000    0.000000    0.000000    0.000000    0.000000
 -11.08770    0.000000    0.000000    0.000000    0.000000    0.000000    0.000000    0.000000    0.000000    0.000000    0.000000    0.000000
 -11.08169    0.000000    0.000000    0.000000    0.000000    0.000000    0.000000    0.000000    0.000000    0.000000    0.000000    0.000000
 -11.07569    0.000000    0.000000    0.000000    0.000000    0.000000    0.000000    0.000000    0.000000    0.000000    0.000000    0.000000
 -11.06969    0.000000    0.000000    0.000000    0.000000    0.000000    0.000000    0.000000    0.000000    0.000000    0.000000    0.000000
 -11.06369    0.000000    0.000000    0.000000    0.000000    0.000000    0.000000    0.000000    0.000000    0.000000    0.000000    0.000000
 -11.05769    0.000000    0.000000    0.000000    0.000000    0.000000    0.000000    0.000000    0.000000    0.000000    0.000000    0.000000
 -11.05168    0.000000    0.000000    0.000000    0.000000    0.000000    0.000000    0.000000    0.000000    0.000000    0.000000    0.000000
 -11.04568    0.000000    0.000000    0.000000    0.000000    0.000000    0.000000    0.000000    0.000000    0.000000    0.000000    0.000000
 -11.03968    0.000000    0.000000    0.000000    0.000000    0.000000    0.000000    0.000000    0.000000    0.000000    0.000000    0.000000
 -11.03368    0.000000    0.000000    0.000000    0.000000    0.000000    0.000000    0.000000    0.000000    0.000000    0.000000    0.000000
 -11.02768    0.000000    0.000000    0.000000    0.000000    0.000000    0.000000    0.000000    0.000000    0.000000    0.000000    0.000000
 -11.02167    0.000000    0.000000    0.000000    0.000000    0.000000    0.000000    0.000000    0.000000    0.000000    0.000000    0.000000
 -11.01567    0.000000    0.000000    0.000000    0.000000    0.000000    0.000000    0.000000    0.000000    0.000000    0.000000    0.000000
 -11.00967    0.000000    0.000000    0.000000    0.000000    0.000000    0.000000    0.000000    0.000000    0.000000    0.000000    0.000000
 -11.00367    0.000000    0.000000    0.000000    0.000000    0.000000    0.000000    0.000000    0.000000    0.000000    0.000000    0.000000
 -10.99767    0.000000    0.000000    0.000000    0.000000    0.000000    0.000000    0.000000    0.000000    0.000000    0.000000    0.000000
 -10.99166    0.000000    0.000000    0.000000    0.000000    0.000000    0.000000    0.000000    0.000000    0.000000    0.000000    0.000000
 -10.98566    0.000000    0.000000    0.000000    0.000000    0.000000    0.000000    0.000000    0.000000    0.000000    0.000000    0.000000
 -10.97966    0.000000    0.000000    0.000000    0.000000    0.000000    0.000000    0.000000    0.000000    0.000000    0.000000    0.000000
 -10.97366    0.000000    0.000000    0.000000    0.000000    0.000000    0.000000    0.000000    0.000000    0.000000    0.000000    0.000000
 -10.96766    0.000000    0.000000    0.000000    0.000000    0.000000    0.000000    0.000000    0.000000    0.000000    0.000000    0.000000
 -10.96165    0.000000    0.000000    0.000000    0.000000    0.000000    0.000000    0.000000    0.000000    0.000000    0.000000    0.000000
 -10.95565    0.000000    0.000000    0.000000    0.000000    0.000000    0.000000    0.000000    0.000000    0.000000    0.000000    0.000000
 -10.94965    0.000000    0.000000    0.000000    0.000000    0.000000    0.000000    0.000000    0.000000    0.000000    0.000000    0.000000
 -10.94365    0.000000    0.000000    0.000000    0.000000    0.000000    0.000000    0.000000    0.000000    0.000000    0.000000    0.000000
 -10.93765    0.000000    0.000000    0.000000    0.000000    0.000000    0.000000    0.000000    0.000000    0.000000    0.000000    0.000000
 -10.93164    0.000000    0.000000    0.000000    0.000000    0.000000    0.000000    0.000000    0.000000    0.000000    0.000000    0.000000
 -10.92564    0.000000    0.000000    0.000000    0.000000    0.000000    0.000000    0.000000    0.000000    0.000000    0.000000    0.000000
 -10.91964    0.000000    0.000000    0.000000    0.000000    0.000000    0.000000    0.000000    0.000000    0.000000    0.000000    0.000000
 -10.91364    0.000000    0.000000    0.000000    0.000000    0.000000    0.000000    0.000000    0.000000    0.000000    0.000000    0.000000
 -10.90764    0.000000    0.000000    0.000000    0.000000    0.000000    0.000000    0.000000    0.000000    0.000000    0.000000    0.000000
 -10.90163    0.000000    0.000000    0.000000    0.000000    0.000000    0.000000    0.000000    0.000000    0.000000    0.000000    0.000000
 -10.89563    0.000000    0.000000    0.000000    0.000000    0.000000    0.000000    0.000000    0.000000    0.000000    0.000000    0.000000
 -10.88963    0.000000    0.000000    0.000000    0.000000    0.000000    0.000000    0.000000    0.000000    0.000000    0.000000    0.000000
 -10.88363    0.000000    0.000000    0.000000    0.000000    0.000000    0.000000    0.000000    0.000000    0.000000    0.000000    0.000000
 -10.87763    0.000000    0.000000    0.000000    0.000000    0.000000    0.000000    0.000000    0.000000    0.000000    0.000000    0.000000
 -10.87162    0.000000    0.000000    0.000000    0.000000    0.000000    0.000000    0.000000    0.000000    0.000000    0.000000    0.000000
 -10.86562    0.000000    0.000000    0.000000    0.000000    0.000000    0.000000    0.000000    0.000000    0.000000    0.000000    0.000000
 -10.85962    0.000000    0.000000    0.000000    0.000000    0.000000    0.000000    0.000000    0.000000    0.000000    0.000000    0.000000
 -10.85362    0.000000    0.000000    0.000000    0.000000    0.000000    0.000000    0.000000    0.000000    0.000000    0.000000    0.000000
 -10.84762    0.000000    0.000000    0.000000    0.000000    0.000000    0.000000    0.000000    0.000000    0.000000    0.000000    0.000000
 -10.84161    0.000000    0.000000    0.000000    0.000000    0.000000    0.000000    0.000000    0.000000    0.000000    0.000000    0.000000
 -10.83561    0.000000    0.000000    0.000000    0.000000    0.000000    0.000000    0.000000    0.000000    0.000000    0.000000    0.000000
 -10.82961    0.000000    0.000000    0.000000    0.000000    0.000000    0.000000    0.000000    0.000000    0.000000    0.000000    0.000000
 -10.82361    0.000000    0.000000    0.000000    0.000000    0.000000    0.000000    0.000000    0.000000    0.000000    0.000000    0.000000
 -10.81761    0.000000    0.000000    0.000000    0.000000    0.000000    0.000000    0.000000    0.000000    0.000000    0.000000    0.000000
 -10.81160    0.000000    0.000000    0.000000    0.000000    0.000000    0.000000    0.000000    0.000000    0.000000    0.000000    0.000000
 -10.80560    0.000000    0.000000    0.000000    0.000000    0.000000    0.000000    0.000000    0.000000    0.000000    0.000000    0.000000
 -10.79960    0.000000    0.000000    0.000000    0.000000    0.000000    0.000000    0.000000    0.000000    0.000000    0.000000    0.000000
 -10.79360    0.000000    0.000000    0.000000    0.000000    0.000000    0.000000    0.000000    0.000000    0.000000    0.000000    0.000000
 -10.78760    0.000000    0.000000    0.000000    0.000000    0.000000    0.000000    0.000000    0.000000    0.000000    0.000000    0.000000
 -10.78159    0.000000    0.000000    0.000000    0.000000    0.000000    0.000000    0.000000    0.000000    0.000000    0.000000    0.000000
 -10.77559    0.000000    0.000000    0.000000    0.000000    0.000000    0.000000    0.000000    0.000000    0.000000    0.000000    0.000000
 -10.76959    0.000000    0.000000    0.000000    0.000000    0.000000    0.000000    0.000000    0.000000    0.000000    0.000000    0.000000
 -10.76359    0.000000    0.000000    0.000000    0.000000    0.000000    0.000000    0.000000    0.000000    0.000000    0.000000    0.000000
 -10.75759    0.000000    0.000000    0.000000    0.000000    0.000000    0.000000    0.000000    0.000000    0.000000    0.000000    0.000000
 -10.75158    0.000000    0.000000    0.000000    0.000000    0.000000    0.000000    0.000000    0.000000    0.000000    0.000000    0.000000
 -10.74558    0.000000    0.000000    0.000000    0.000000    0.000000    0.000000    0.000000    0.000000    0.000000    0.000000    0.000000
 -10.73958    0.000000    0.000000    0.000000    0.000000    0.000000    0.000000    0.000000    0.000000    0.000000    0.000000    0.000000
 -10.73358    0.000000    0.000000    0.000000    0.000000    0.000000    0.000000    0.000000    0.000000    0.000000    0.000000    0.000000
 -10.72758    0.000000    0.000000    0.000000    0.000000    0.000000    0.000000    0.000000    0.000000    0.000000    0.000000    0.000000
 -10.72157    0.000000    0.000000    0.000000    0.000000    0.000000    0.000000    0.000000    0.000000    0.000000    0.000000    0.000000
 -10.71557    0.000000    0.000000    0.000000    0.000000    0.000000    0.000000    0.000000    0.000000    0.000000    0.000000    0.000000
 -10.70957    0.000000    0.000000    0.000000    0.000000    0.000000    0.000000    0.000000    0.000000    0.000000    0.000000    0.000000
 -10.70357    0.000000    0.000000    0.000000    0.000000    0.000000    0.000000    0.000000    0.000000    0.000000    0.000000    0.000000
 -10.69757    0.000000    0.000000    0.000000    0.000000    0.000000    0.000000    0.000000    0.000000    0.000000    0.000000    0.000000
 -10.69156    0.000000    0.000000    0.000000    0.000000    0.000000    0.000000    0.000000    0.000000    0.000000    0.000000    0.000000
 -10.68556    0.000000    0.000000    0.000000    0.000000    0.000000    0.000000    0.000000    0.000000    0.000000    0.000000    0.000000
 -10.67956    0.000000    0.000000    0.000000    0.000000    0.000000    0.000000    0.000000    0.000000    0.000000    0.000000    0.000000
 -10.67356    0.000000    0.000000    0.000000    0.000000    0.000000    0.000000    0.000000    0.000000    0.000000    0.000000    0.000000
 -10.66756    0.000000    0.000000    0.000000    0.000000    0.000000    0.000000    0.000000    0.000000    0.000000    0.000000    0.000000
 -10.66155    0.000000    0.000000    0.000000    0.000000    0.000000    0.000000    0.000000    0.000000    0.000000    0.000000    0.000000
 -10.65555    0.000000    0.000000    0.000000    0.000000    0.000000    0.000000    0.000000    0.000000    0.000000    0.000000    0.000000
 -10.64955    0.000000    0.000000    0.000000    0.000000    0.000000    0.000000    0.000000    0.000000    0.000000    0.000000    0.000000
 -10.64355    0.000000    0.000000    0.000000    0.000000    0.000000    0.000000    0.000000    0.000000    0.000000    0.000000    0.000000
 -10.63755    0.000000    0.000000    0.000000    0.000000    0.000000    0.000000    0.000000    0.000000    0.000000    0.000000    0.000000
 -10.63154    0.000000    0.000000    0.000000    0.000000    0.000000    0.000000    0.000000    0.000000    0.000000    0.000000    0.000000
 -10.62554    0.000000    0.000000    0.000000    0.000000    0.000000    0.000000    0.000000    0.000000    0.000000    0.000000    0.000000
 -10.61954    0.000000    0.000000    0.000000    0.000000    0.000000    0.000000    0.000000    0.000000    0.000000    0.000000    0.000000
 -10.61354    0.000000    0.000000    0.000000    0.000000    0.000000    0.000000    0.000000    0.000000    0.000000    0.000000    0.000000
 -10.60754    0.000000    0.000000    0.000000    0.000000    0.000000    0.000000    0.000000    0.000000    0.000000    0.000000    0.000000
 -10.60153    0.000000    0.000000    0.000000    0.000000    0.000000    0.000000    0.000000    0.000000    0.000000    0.000000    0.000000
 -10.59553    0.000000    0.000000    0.000000    0.000000    0.000000    0.000000    0.000000    0.000000    0.000000    0.000000    0.000000
 -10.58953    0.000000    0.000000    0.000000    0.000000    0.000000    0.000000    0.000000    0.000000    0.000000    0.000000    0.000000
 -10.58353    0.000000    0.000000    0.000000    0.000000    0.000000    0.000000    0.000000    0.000000    0.000000    0.000000    0.000000
 -10.57753    0.000000    0.000000    0.000000    0.000000    0.000000    0.000000    0.000000    0.000000    0.000000    0.000000    0.000000
 -10.57152    0.000000    0.000000    0.000000    0.000000    0.000000    0.000000    0.000000    0.000000    0.000000    0.000000    0.000000
 -10.56552    0.000000    0.000000    0.000000    0.000000    0.000000    0.000000    0.000000    0.000000    0.000000    0.000000    0.000000
 -10.55952    0.000000    0.000000    0.000000    0.000000    0.000000    0.000000    0.000000    0.000000    0.000000    0.000000    0.000000
 -10.55352    0.000000    0.000000    0.000000    0.000000    0.000000    0.000000    0.000000    0.000000    0.000000    0.000000    0.000000
 -10.54752    0.000000    0.000000    0.000000    0.000000    0.000000    0.000000    0.000000    0.000000    0.000000    0.000000    0.000000
 -10.54151    0.000000    0.000000    0.000000    0.000000    0.000000    0.000000    0.000000    0.000000    0.000000    0.000000    0.000000
 -10.53551    0.000000    0.000000    0.000000    0.000000    0.000000    0.000000    0.000000    0.000000    0.000000    0.000000    0.000000
 -10.52951    0.000000    0.000000    0.000000    0.000000    0.000000    0.000000    0.000000    0.000000    0.000000    0.000000    0.000000
 -10.52351    0.000000    0.000000    0.000000    0.000000    0.000000    0.000000    0.000000    0.000000    0.000000    0.000000    0.000000
 -10.51751    0.000000    0.000000    0.000000    0.000000    0.000000    0.000000    0.000000    0.000000    0.000000    0.000000    0.000000
 -10.51150    0.000000    0.000000    0.000000    0.000000    0.000000    0.000000    0.000000    0.000000    0.000000    0.000000    0.000000
 -10.50550    0.000000    0.000000    0.000000    0.000000    0.000000    0.000000    0.000000    0.000000    0.000000    0.000000    0.000000
 -10.49950    0.000000    0.000000    0.000000    0.000000    0.000000    0.000000    0.000000    0.000000    0.000000    0.000000    0.000000
 -10.49350    0.000000    0.000000    0.000000    0.000000    0.000000    0.000000    0.000000    0.000000    0.000000    0.000000    0.000000
 -10.48750    0.000000    0.000000    0.000000    0.000000    0.000000    0.000000    0.000000    0.000000    0.000000    0.000000    0.000000
 -10.48149    0.000000    0.000000    0.000000    0.000000    0.000000    0.000000    0.000000    0.000000    0.000000    0.000000    0.000000
 -10.47549    0.000000    0.000000    0.000000    0.000000    0.000000    0.000000    0.000000    0.000000    0.000000    0.000000    0.000000
 -10.46949    0.000000    0.000000    0.000000    0.000000    0.000000    0.000000    0.000000    0.000000    0.000000    0.000000    0.000000
 -10.46349    0.000000    0.000000    0.000000    0.000000    0.000000    0.000000    0.000000    0.000000    0.000000    0.000000    0.000000
 -10.45749    0.000000    0.000000    0.000000    0.000000    0.000000    0.000000    0.000000    0.000000    0.000000    0.000000    0.000000
 -10.45148    0.000000    0.000000    0.000000    0.000000    0.000000    0.000000    0.000000    0.000000    0.000000    0.000000    0.000000
 -10.44548    0.000000    0.000000    0.000000    0.000000    0.000000    0.000000    0.000000    0.000000    0.000000    0.000000    0.000000
 -10.43948    0.000000    0.000000    0.000000    0.000000    0.000000    0.000000    0.000000    0.000000    0.000000    0.000000    0.000000
 -10.43348    0.000000    0.000000    0.000000    0.000000    0.000000    0.000000    0.000000    0.000000    0.000000    0.000000    0.000000
 -10.42748    0.000000    0.000000    0.000000    0.000000    0.000000    0.000000    0.000000    0.000000    0.000000    0.000000    0.000000
 -10.42147    0.000000    0.000000    0.000000    0.000000    0.000000    0.000000    0.000000    0.000000    0.000000    0.000000    0.000000
 -10.41547    0.000000    0.000000    0.000000    0.000000    0.000000    0.000000    0.000000    0.000000    0.000000    0.000000    0.000000
 -10.40947    0.000000    0.000000    0.000000    0.000000    0.000000    0.000000    0.000000    0.000000    0.000000    0.000000    0.000000
 -10.40347    0.000000    0.000000    0.000000    0.000000    0.000000    0.000000    0.000000    0.000000    0.000000    0.000000    0.000000
 -10.39747    0.000000    0.000000    0.000000    0.000000    0.000000    0.000000    0.000000    0.000000    0.000000    0.000000    0.000000
 -10.39146    0.000000    0.000000    0.000000    0.000000    0.000000    0.000000    0.000000    0.000000    0.000000    0.000000    0.000000
 -10.38546    0.000000    0.000000    0.000000    0.000000    0.000000    0.000000    0.000000    0.000000    0.000000    0.000000    0.000000
 -10.37946    0.000000    0.000000    0.000000    0.000000    0.000000    0.000000    0.000000    0.000000    0.000000    0.000000    0.000000
 -10.37346    0.000000    0.000000    0.000000    0.000000    0.000000    0.000000    0.000000    0.000000    0.000000    0.000000    0.000000
 -10.36746    0.000000    0.000000    0.000000    0.000000    0.000000    0.000000    0.000000    0.000000    0.000000    0.000000    0.000000
 -10.36145    0.000000    0.000000    0.000000    0.000000    0.000000    0.000000    0.000000    0.000000    0.000000    0.000000    0.000000
 -10.35545    0.000000    0.000000    0.000000    0.000000    0.000000    0.000000    0.000000    0.000000    0.000000    0.000000    0.000000
 -10.34945    0.000000    0.000000    0.000000    0.000000    0.000000    0.000000    0.000000    0.000000    0.000000    0.000000    0.000000
 -10.34345    0.000000    0.000000    0.000000    0.000000    0.000000    0.000000    0.000000    0.000000    0.000000    0.000000    0.000000
 -10.33745    0.000000    0.000000    0.000000    0.000000    0.000000    0.000000    0.000000    0.000000    0.000000    0.000000    0.000000
 -10.33144    0.000000    0.000000    0.000000    0.000000    0.000000    0.000000    0.000000    0.000000    0.000000    0.000000    0.000000
 -10.32544    0.000000    0.000000    0.000000    0.000000    0.000000    0.000000    0.000000    0.000000    0.000000    0.000000    0.000000
 -10.31944    0.000000    0.000000    0.000000    0.000000    0.000000    0.000000    0.000000    0.000000    0.000000    0.000000    0.000000
 -10.31344    0.000000    0.000000    0.000000    0.000000    0.000000    0.000000    0.000000    0.000000    0.000000    0.000000    0.000000
 -10.30744    0.000000    0.000000    0.000000    0.000000    0.000000    0.000000    0.000000    0.000000    0.000000    0.000000    0.000000
 -10.30143    0.000000    0.000000    0.000000    0.000000    0.000000    0.000000    0.000000    0.000000    0.000000    0.000000    0.000000
 -10.29543    0.000000    0.000000    0.000000    0.000000    0.000000    0.000000    0.000000    0.000000    0.000000    0.000000    0.000000
 -10.28943    0.000000    0.000000    0.000000    0.000000    0.000000    0.000000    0.000000    0.000000    0.000000    0.000000    0.000000
 -10.28343    0.000000    0.000000    0.000000    0.000000    0.000000    0.000000    0.000000    0.000000    0.000000    0.000000    0.000000
 -10.27743    0.000000    0.000000    0.000000    0.000000    0.000000    0.000000    0.000000    0.000000    0.000000    0.000000    0.000000
 -10.27142    0.000000    0.000000    0.000000    0.000000    0.000000    0.000000    0.000000    0.000000    0.000000    0.000000    0.000000
 -10.26542    0.000000    0.000000    0.000000    0.000000    0.000000    0.000000    0.000000    0.000000    0.000000    0.000000    0.000000
 -10.25942    0.000000    0.000000    0.000000    0.000000    0.000000    0.000000    0.000000    0.000000    0.000000    0.000000    0.000000
 -10.25342    0.000000    0.000000    0.000000    0.000000    0.000000    0.000000    0.000000    0.000000    0.000000    0.000000    0.000000
 -10.24742    0.000000    0.000000    0.000000    0.000000    0.000000    0.000000    0.000000    0.000000    0.000000    0.000000    0.000000
 -10.24141    0.000000    0.000000    0.000000    0.000000    0.000000    0.000000    0.000000    0.000000    0.000000    0.000000    0.000000
 -10.23541    0.000000    0.000000    0.000000    0.000000    0.000000    0.000000    0.000000    0.000000    0.000000    0.000000    0.000000
 -10.22941    0.000000    0.000000    0.000000    0.000000    0.000000    0.000000    0.000000    0.000000    0.000000    0.000000    0.000000
 -10.22341    0.000000    0.000000    0.000000    0.000000    0.000000    0.000000    0.000000    0.000000    0.000000    0.000000    0.000000
 -10.21741    0.000000    0.000000    0.000000    0.000000    0.000000    0.000000    0.000000    0.000000    0.000000    0.000000    0.000000
 -10.21140    0.000000    0.000000    0.000000    0.000000    0.000000    0.000000    0.000000    0.000000    0.000000    0.000000    0.000000
 -10.20540    0.000000    0.000000    0.000000    0.000000    0.000000    0.000000    0.000000    0.000000    0.000000    0.000000    0.000000
 -10.19940    0.000000    0.000000    0.000000    0.000000    0.000000    0.000000    0.000000    0.000000    0.000000    0.000000    0.000000
 -10.19340    0.000000    0.000000    0.000000    0.000000    0.000000    0.000000    0.000000    0.000000    0.000000    0.000000    0.000000
 -10.18740    0.000000    0.000000    0.000000    0.000000    0.000000    0.000000    0.000000    0.000000    0.000000    0.000000    0.000000
 -10.18139    0.000000    0.000000    0.000000    0.000000    0.000000    0.000000    0.000000    0.000000    0.000000    0.000000    0.000000
 -10.17539    0.000000    0.000000    0.000000    0.000000    0.000000    0.000000    0.000000    0.000000    0.000000    0.000000    0.000000
 -10.16939    0.000000    0.000000    0.000000    0.000000    0.000000    0.000000    0.000000    0.000000    0.000000    0.000000    0.000000
 -10.16339    0.000000    0.000000    0.000000    0.000000    0.000000    0.000000    0.000000    0.000000    0.000000    0.000000    0.000000
 -10.15739    0.000000    0.000000    0.000000    0.000000    0.000000    0.000000    0.000000    0.000000    0.000000    0.000000    0.000000
 -10.15138    0.000000    0.000000    0.000000    0.000000    0.000000    0.000000    0.000000    0.000000    0.000000    0.000000    0.000000
 -10.14538    0.000000    0.000000    0.000000    0.000000    0.000000    0.000000    0.000000    0.000000    0.000000    0.000000    0.000000
 -10.13938    0.000000    0.000000    0.000000    0.000000    0.000000    0.000000    0.000000    0.000000    0.000000    0.000000    0.000000
 -10.13338    0.000000    0.000000    0.000000    0.000000    0.000000    0.000000    0.000000    0.000000    0.000000    0.000000    0.000000
 -10.12738    0.000000    0.000000    0.000000    0.000000    0.000000    0.000000    0.000000    0.000000    0.000000    0.000000    0.000000
 -10.12137    0.000000    0.000000    0.000000    0.000000    0.000000    0.000000    0.000000    0.000000    0.000000    0.000000    0.000000
 -10.11537    0.000000    0.000000    0.000000    0.000000    0.000000    0.000000    0.000000    0.000000    0.000000    0.000000    0.000000
 -10.10937    0.000000    0.000000    0.000000    0.000000    0.000000    0.000000    0.000000    0.000000    0.000000    0.000000    0.000000
 -10.10337    0.000000    0.000000    0.000000    0.000000    0.000000    0.000000    0.000000    0.000000    0.000000    0.000000    0.000000
 -10.09737    0.000000    0.000000    0.000000    0.000000    0.000000    0.000000    0.000000    0.000000    0.000000    0.000000    0.000000
 -10.09136    0.000000    0.000000    0.000000    0.000000    0.000000    0.000000    0.000000    0.000000    0.000000    0.000000    0.000000
 -10.08536    0.000000    0.000000    0.000000    0.000000    0.000000    0.000000    0.000000    0.000000    0.000000    0.000000    0.000000
 -10.07936    0.000000    0.000000    0.000000    0.000000    0.000000    0.000000    0.000000    0.000000    0.000000    0.000000    0.000000
 -10.07336    0.000000    0.000000    0.000000    0.000000    0.000000    0.000000    0.000000    0.000000    0.000000    0.000000    0.000000
 -10.06736    0.000000    0.000000    0.000000    0.000000    0.000000    0.000000    0.000000    0.000000    0.000000    0.000000    0.000000
 -10.06135    0.000000    0.000000    0.000000    0.000000    0.000000    0.000000    0.000000    0.000000    0.000000    0.000000    0.000000
 -10.05535    0.000000    0.000000    0.000000    0.000000    0.000000    0.000000    0.000000    0.000000    0.000000    0.000000    0.000000
 -10.04935    0.000000    0.000000    0.000000    0.000000    0.000000    0.000000    0.000000    0.000000    0.000000    0.000000    0.000000
 -10.04335    0.000000    0.000000    0.000000    0.000000    0.000000    0.000000    0.000000    0.000000    0.000000    0.000000    0.000000
 -10.03735    0.000000    0.000000    0.000000    0.000000    0.000000    0.000000    0.000000    0.000000    0.000000    0.000000    0.000000
 -10.03134    0.000000    0.000000    0.000000    0.000000    0.000000    0.000000    0.000000    0.000000    0.000000    0.000000    0.000000
 -10.02534    0.000000    0.000000    0.000000    0.000000    0.000000    0.000000    0.000000    0.000000    0.000000    0.000000    0.000000
 -10.01934    0.000000    0.000000    0.000000    0.000000    0.000000    0.000000    0.000000    0.000000    0.000000    0.000000    0.000000
 -10.01334    0.000000    0.000000    0.000000    0.000000    0.000000    0.000000    0.000000    0.000000    0.000000    0.000000    0.000000
 -10.00734    0.000000    0.000000    0.000000    0.000000    0.000000    0.000000    0.000000    0.000000    0.000000    0.000000    0.000000
 -10.00133    0.000000    0.000000    0.000000    0.000000    0.000000    0.000000    0.000000    0.000000    0.000000    0.000000    0.000000
  -9.99533    0.000000    0.000000    0.000000    0.000000    0.000000    0.000000    0.000000    0.000000    0.000000    0.000000    0.000000
  -9.98933    0.000000    0.000000    0.000000    0.000000    0.000000    0.000000    0.000000    0.000000    0.000000    0.000000    0.000000
  -9.98333    0.000000    0.000000    0.000000    0.000000    0.000000    0.000000    0.000000    0.000000    0.000000    0.000000    0.000000
  -9.97733    0.000000    0.000000    0.000000    0.000000    0.000000    0.000000    0.000000    0.000000    0.000000    0.000000    0.000000
  -9.97132    0.000000    0.000000    0.000000    0.000000    0.000000    0.000000    0.000000    0.000000    0.000000    0.000000    0.000000
  -9.96532    0.000000    0.000000    0.000000    0.000000    0.000000    0.000000    0.000000    0.000000    0.000000    0.000000    0.000000
  -9.95932    0.000000    0.000000    0.000000    0.000000    0.000000    0.000000    0.000000    0.000000    0.000000    0.000000    0.000000
  -9.95332    0.000000    0.000000    0.000000    0.000000    0.000000    0.000000    0.000000    0.000000    0.000000    0.000000    0.000000
  -9.94732    0.000000    0.000000    0.000000    0.000000    0.000000    0.000000    0.000000    0.000000    0.000000    0.000000    0.000000
  -9.94131    0.000000    0.000000    0.000000    0.000000    0.000000    0.000000    0.000000    0.000000    0.000000    0.000000    0.000000
  -9.93531    0.000000    0.000000    0.000000    0.000000    0.000000    0.000000    0.000000    0.000000    0.000000    0.000000    0.000000
  -9.92931    0.000000    0.000000    0.000000    0.000000    0.000000    0.000000    0.000000    0.000000    0.000000    0.000000    0.000000
  -9.92331    0.000000    0.000000    0.000000    0.000000    0.000000    0.000000    0.000000    0.000000    0.000000    0.000000    0.000000
  -9.91731    0.000000    0.000000    0.000000    0.000000    0.000000    0.000000    0.000000    0.000000    0.000000    0.000000    0.000000
  -9.91130    0.000000    0.000000    0.000000    0.000000    0.000000    0.000000    0.000000    0.000000    0.000000    0.000000    0.000000
  -9.90530    0.000000    0.000000    0.000000    0.000000    0.000000    0.000000    0.000000    0.000000    0.000000    0.000000    0.000000
  -9.89930    0.000000    0.000000    0.000000    0.000000    0.000000    0.000000    0.000000    0.000000    0.000000    0.000000    0.000000
  -9.89330    0.000000    0.000000    0.000000    0.000000    0.000000    0.000000    0.000000    0.000000    0.000000    0.000000    0.000000
  -9.88730    0.000000    0.000000    0.000000    0.000000    0.000000    0.000000    0.000000    0.000000    0.000000    0.000000    0.000000
  -9.88129    0.000000    0.000000    0.000000    0.000000    0.000000    0.000000    0.000000    0.000000    0.000000    0.000000    0.000000
  -9.87529    0.000000    0.000000    0.000000    0.000000    0.000000    0.000000    0.000000    0.000000    0.000000    0.000000    0.000000
  -9.86929    0.000000    0.000000    0.000000    0.000000    0.000000    0.000000    0.000000    0.000000    0.000000    0.000000    0.000000
  -9.86329    0.000000    0.000000    0.000000    0.000000    0.000000    0.000000    0.000000    0.000000    0.000000    0.000000    0.000000
  -9.85729    0.000000    0.000000    0.000000    0.000000    0.000000    0.000000    0.000000    0.000000    0.000000    0.000000    0.000000
  -9.85128    0.000000    0.000000    0.000000    0.000000    0.000000    0.000000    0.000000    0.000000    0.000000    0.000000    0.000000
  -9.84528    0.000000    0.000000    0.000000    0.000000    0.000000    0.000000    0.000000    0.000000    0.000000    0.000000    0.000000
  -9.83928    0.000000    0.000000    0.000000    0.000000    0.000000    0.000000    0.000000    0.000000    0.000000    0.000000    0.000000
  -9.83328    0.000000    0.000000    0.000000    0.000000    0.000000    0.000000    0.000000    0.000000    0.000000    0.000000    0.000000
  -9.82728    0.000000    0.000000    0.000000    0.000000    0.000000    0.000000    0.000000    0.000000    0.000000    0.000000    0.000000
  -9.82127    0.000000    0.000000    0.000000    0.000000    0.000000    0.000000    0.000000    0.000000    0.000000    0.000000    0.000000
  -9.81527    0.000000    0.000000    0.000000    0.000000    0.000000    0.000000    0.000000    0.000000    0.000000    0.000000    0.000000
  -9.80927    0.000000    0.000000    0.000000    0.000000    0.000000    0.000000    0.000000    0.000000    0.000000    0.000000    0.000000
  -9.80327    0.000000    0.000000    0.000000    0.000000    0.000000    0.000000    0.000000    0.000000    0.000000    0.000000    0.000000
  -9.79727    0.000000    0.000000    0.000000    0.000000    0.000000    0.000000    0.000000    0.000000    0.000000    0.000000    0.000000
  -9.79126    0.000000    0.000000    0.000000    0.000000    0.000000    0.000000    0.000000    0.000000    0.000000    0.000000    0.000000
  -9.78526    0.000000    0.000000    0.000000    0.000000    0.000000    0.000000    0.000000    0.000000    0.000000    0.000000    0.000000
  -9.77926    0.000000    0.000000    0.000000    0.000000    0.000000    0.000000    0.000000    0.000000    0.000000    0.000000    0.000000
  -9.77326    0.000000    0.000000    0.000000    0.000000    0.000000    0.000000    0.000000    0.000000    0.000000    0.000000    0.000000
  -9.76726    0.000000    0.000000    0.000000    0.000000    0.000000    0.000000    0.000000    0.000000    0.000000    0.000000    0.000000
  -9.76125    0.000000    0.000000    0.000000    0.000000    0.000000    0.000000    0.000000    0.000000    0.000000    0.000000    0.000000
  -9.75525    0.000000    0.000000    0.000000    0.000000    0.000000    0.000000    0.000000    0.000000    0.000000    0.000000    0.000000
  -9.74925    0.000000    0.000000    0.000000    0.000000    0.000000    0.000000    0.000000    0.000000    0.000000    0.000000    0.000000
  -9.74325    0.000000    0.000000    0.000000    0.000000    0.000000    0.000000    0.000000    0.000000    0.000000    0.000000    0.000000
  -9.73725    0.000000    0.000000    0.000000    0.000000    0.000000    0.000000    0.000000    0.000000    0.000000    0.000000    0.000000
  -9.73124    0.000000    0.000000    0.000000    0.000000    0.000000    0.000000    0.000000    0.000000    0.000000    0.000000    0.000000
  -9.72524    0.000000    0.000000    0.000000    0.000000    0.000000    0.000000    0.000000    0.000000    0.000000    0.000000    0.000000
  -9.71924    0.000000    0.000000    0.000000    0.000000    0.000000    0.000000    0.000000    0.000000    0.000000    0.000000    0.000000
  -9.71324    0.000000    0.000000    0.000000    0.000000    0.000000    0.000000    0.000000    0.000000    0.000000    0.000000    0.000000
  -9.70724    0.000000    0.000000    0.000000    0.000000    0.000000    0.000000    0.000000    0.000000    0.000000    0.000000    0.000000
  -9.70123    0.000000    0.000000    0.000000    0.000000    0.000000    0.000000    0.000000    0.000000    0.000000    0.000000    0.000000
  -9.69523    0.000000    0.000000    0.000000    0.000000    0.000000    0.000000    0.000000    0.000000    0.000000    0.000000    0.000000
  -9.68923    0.000000    0.000000    0.000000    0.000000    0.000000    0.000000    0.000000    0.000000    0.000000    0.000000    0.000000
  -9.68323    0.000000    0.000000    0.000000    0.000000    0.000000    0.000000    0.000000    0.000000    0.000000    0.000000    0.000000
  -9.67723    0.000000    0.000000    0.000000    0.000000    0.000000    0.000000    0.000000    0.000000    0.000000    0.000000    0.000000
  -9.67122    0.000000    0.000000    0.000000    0.000000    0.000000    0.000000    0.000000    0.000000    0.000000    0.000000    0.000000
  -9.66522    0.000000    0.000000    0.000000    0.000000    0.000000    0.000000    0.000000    0.000000    0.000000    0.000000    0.000000
  -9.65922    0.000000    0.000000    0.000000    0.000000    0.000000    0.000000    0.000000    0.000000    0.000000    0.000000    0.000000
  -9.65322    0.000000    0.000000    0.000000    0.000000    0.000000    0.000000    0.000000    0.000000    0.000000    0.000000    0.000000
  -9.64722    0.000000    0.000000    0.000000    0.000000    0.000000    0.000000    0.000000    0.000000    0.000000    0.000000    0.000000
  -9.64121    0.000000    0.000000    0.000000    0.000000    0.000000    0.000000    0.000000    0.000000    0.000000    0.000000    0.000000
  -9.63521    0.000000    0.000000    0.000000    0.000000    0.000000    0.000000    0.000000    0.000000    0.000000    0.000000    0.000000
  -9.62921    0.000000    0.000000    0.000000    0.000000    0.000000    0.000000    0.000000    0.000000    0.000000    0.000000    0.000000
  -9.62321    0.000000    0.000000    0.000000    0.000000    0.000000    0.000000    0.000000    0.000000    0.000000    0.000000    0.000000
  -9.61721    0.000000    0.000000    0.000000    0.000000    0.000000    0.000000    0.000000    0.000000    0.000000    0.000000    0.000000
  -9.61120    0.000000    0.000000    0.000000    0.000000    0.000000    0.000000    0.000000    0.000000    0.000000    0.000000    0.000000
  -9.60520    0.000000    0.000000    0.000000    0.000000    0.000000    0.000000    0.000000    0.000000    0.000000    0.000000    0.000000
  -9.59920    0.000000    0.000000    0.000000    0.000000    0.000000    0.000000    0.000000    0.000000    0.000000    0.000000    0.000000
  -9.59320    0.000000    0.000000    0.000000    0.000000    0.000000    0.000000    0.000000    0.000000    0.000000    0.000000    0.000000
  -9.58720    0.000000    0.000000    0.000000    0.000000    0.000000    0.000000    0.000000    0.000000    0.000000    0.000000    0.000000
  -9.58119    0.000000    0.000000    0.000000    0.000000    0.000000    0.000000    0.000000    0.000000    0.000000    0.000000    0.000000
  -9.57519    0.000000    0.000000    0.000000    0.000000    0.000000    0.000000    0.000000    0.000000    0.000000    0.000000    0.000000
  -9.56919    0.000000    0.000000    0.000000    0.000000    0.000000    0.000000    0.000000    0.000000    0.000000    0.000000    0.000000
  -9.56319    0.000000    0.000000    0.000000    0.000000    0.000000    0.000000    0.000000    0.000000    0.000000    0.000000    0.000000
  -9.55719    0.000000    0.000000    0.000000    0.000000    0.000000    0.000000    0.000000    0.000000    0.000000    0.000000    0.000000
  -9.55118    0.000000    0.000000    0.000000    0.000000    0.000000    0.000000    0.000000    0.000000    0.000000    0.000000    0.000000
  -9.54518    0.000000    0.000000    0.000000    0.000000    0.000000    0.000000    0.000000    0.000000    0.000000    0.000000    0.000000
  -9.53918    0.000000    0.000000    0.000000    0.000000    0.000000    0.000000    0.000000    0.000000    0.000000    0.000000    0.000000
  -9.53318    0.000000    0.000000    0.000000    0.000000    0.000000    0.000000    0.000000    0.000000    0.000000    0.000000    0.000000
  -9.52718    0.000000    0.000000    0.000000    0.000000    0.000000    0.000000    0.000000    0.000000    0.000000    0.000000    0.000000
  -9.52117    0.000000    0.000000    0.000000    0.000000    0.000000    0.000000    0.000000    0.000000    0.000000    0.000000    0.000000
  -9.51517    0.000000    0.000000    0.000000    0.000000    0.000000    0.000000    0.000000    0.000000    0.000000    0.000000    0.000000
  -9.50917    0.000000    0.000000    0.000000    0.000000    0.000000    0.000000    0.000000    0.000000    0.000000    0.000000    0.000000
  -9.50317    0.000000    0.000000    0.000000    0.000000    0.000000    0.000000    0.000000    0.000000    0.000000    0.000000    0.000000
  -9.49717    0.000000    0.000000    0.000000    0.000000    0.000000    0.000000    0.000000    0.000000    0.000000    0.000000    0.000000
  -9.49116    0.000000    0.000000    0.000000    0.000000    0.000000    0.000000    0.000000    0.000000    0.000000    0.000000    0.000000
  -9.48516    0.000000    0.000000    0.000000    0.000000    0.000000    0.000000    0.000000    0.000000    0.000000    0.000000    0.000000
  -9.47916    0.000000    0.000000    0.000000    0.000000    0.000000    0.000000    0.000000    0.000000    0.000000    0.000000    0.000000
  -9.47316    0.000000    0.000000    0.000000    0.000000    0.000000    0.000000    0.000000    0.000000    0.000000    0.000000    0.000000
  -9.46716    0.000000    0.000000    0.000000    0.000000    0.000000    0.000000    0.000000    0.000000    0.000000    0.000000    0.000000
  -9.46115    0.000000    0.000000    0.000000    0.000000    0.000000    0.000000    0.000000    0.000000    0.000000    0.000000    0.000000
  -9.45515    0.000000    0.000000    0.000000    0.000000    0.000000    0.000000    0.000000    0.000000    0.000000    0.000000    0.000000
  -9.44915    0.000000    0.000000    0.000000    0.000000    0.000000    0.000000    0.000000    0.000000    0.000000    0.000000    0.000000
  -9.44315    0.000000    0.000000    0.000000    0.000000    0.000000    0.000000    0.000000    0.000000    0.000000    0.000000    0.000000
  -9.43715    0.000000    0.000000    0.000000    0.000000    0.000000    0.000000    0.000000    0.000000    0.000000    0.000000    0.000000
  -9.43114    0.000000    0.000000    0.000000    0.000000    0.000000    0.000000    0.000000    0.000000    0.000000    0.000000    0.000000
  -9.42514    0.000000    0.000000    0.000000    0.000000    0.000000    0.000000    0.000000    0.000000    0.000000    0.000000    0.000000
  -9.41914    0.000000    0.000000    0.000000    0.000000    0.000000    0.000000    0.000000    0.000000    0.000000    0.000000    0.000000
  -9.41314    0.000000    0.000000    0.000000    0.000000    0.000000    0.000000    0.000000    0.000000    0.000000    0.000000    0.000000
  -9.40714    0.000000    0.000000    0.000000    0.000000    0.000000    0.000000    0.000000    0.000000    0.000000    0.000000    0.000000
  -9.40113    0.000000    0.000000    0.000000    0.000000    0.000000    0.000000    0.000000    0.000000    0.000000    0.000000    0.000000
  -9.39513    0.000000    0.000000    0.000000    0.000000    0.000000    0.000000    0.000000    0.000000    0.000000    0.000000    0.000000
  -9.38913    0.000000    0.000000    0.000000    0.000000    0.000000    0.000000    0.000000    0.000000    0.000000    0.000000    0.000000
  -9.38313    0.000000    0.000000    0.000000    0.000000    0.000000    0.000000    0.000000    0.000000    0.000000    0.000000    0.000000
  -9.37713    0.000000    0.000000    0.000000    0.000000    0.000000    0.000000    0.000000    0.000000    0.000000    0.000000    0.000000
  -9.37112    0.000001    0.000000    0.000000    0.000000    0.000000    0.000000    0.000000    0.000000    0.000000    0.000000    0.000000
  -9.36512    0.000002    0.000000    0.000000    0.000000    0.000000    0.000000    0.000000    0.000000    0.000000    0.000000    0.000000
  -9.35912    0.000004    0.000000    0.000000    0.000000    0.000000    0.000000    0.000000    0.000000    0.000000    0.000000    0.000000
  -9.35312    0.000008    0.000000    0.000000    0.000000    0.000000    0.000000    0.000000    0.000000    0.000000    0.000000    0.000000
  -9.34712    0.000015    0.000000    0.000000    0.000000    0.000000    0.000000    0.000000    0.000000    0.000000    0.000000    0.000000
  -9.34111    0.000029    0.000000    0.000000    0.000000    0.000000    0.000000    0.000000    0.000000    0.000000    0.000000    0.000000
  -9.33511    0.000054    0.000000    0.000000    0.000000    0.000000    0.000000    0.000000    0.000000    0.000000    0.000000    0.000000
  -9.32911    0.000100    0.000000    0.000000    0.000000    0.000000    0.000000    0.000000    0.000000    0.000000    0.000000    0.000000
  -9.32311    0.000181    0.000000    0.000000    0.000000    0.000000    0.000000    0.000000    0.000000    0.000000    0.000000    0.000000
  -9.31711    0.000321    0.000000    0.000000    0.000000    0.000000    0.000000    0.000000    0.000000    0.000000    0.000000    0.000000
  -9.31110    0.000559    0.000000    0.000000    0.000000    0.000001    0.000000    0.000000    0.000000    0.000000    0.000000    0.000000
  -9.30510    0.000955    0.000000    0.000000    0.000000    0.000001    0.000000    0.000000    0.000000    0.000000    0.000000    0.000000
  -9.29910    0.001598    0.000001    0.000000    0.000001    0.000002    0.000000    0.000000    0.000000    0.000000    0.000000    0.000000
  -9.29310    0.002620    0.000001    0.000000    0.000001    0.000004    0.000000    0.000000    0.000000    0.000000    0.000000    0.000000
  -9.28710    0.004212    0.000002    0.000000    0.000002    0.000006    0.000000    0.000000    0.000000    0.000000    0.000000    0.000000
  -9.28109    0.006638    0.000003    0.000000    0.000003    0.000010    0.000000    0.000000    0.000000    0.000000    0.000000    0.000000
  -9.27509    0.010254    0.000005    0.000000    0.000005    0.000015    0.000000    0.000000    0.000000    0.000000    0.000000    0.000000
  -9.26909    0.015525    0.000008    0.000000    0.000008    0.000023    0.000000    0.000000    0.000000    0.000000    0.000000    0.000000
  -9.26309    0.023043    0.000011    0.000001    0.000011    0.000034    0.000000    0.000000    0.000000    0.000000    0.000000    0.000000
  -9.25709    0.033524    0.000017    0.000001    0.000017    0.000050    0.000000    0.000000    0.000000    0.000000    0.000000    0.000000
  -9.25108    0.047807    0.000024    0.000001    0.000024    0.000071    0.000000    0.000000    0.000000    0.000000    0.000000    0.000000
  -9.24508    0.066828    0.000033    0.000002    0.000033    0.000099    0.000000    0.000000    0.000000    0.000000    0.000000    0.000000
  -9.23908    0.091570    0.000045    0.000002    0.000045    0.000135    0.000000    0.000000    0.000000    0.000000    0.000000    0.000000
  -9.23308    0.122989    0.000061    0.000003    0.000061    0.000182    0.000000    0.000000    0.000000    0.000000    0.000000    0.000000
  -9.22708    0.161922    0.000080    0.000004    0.000080    0.000239    0.000000    0.000000    0.000000    0.000000    0.000000    0.000000
  -9.22107    0.208963    0.000103    0.000005    0.000103    0.000309    0.000000    0.000000    0.000000    0.000000    0.000000    0.000000
  -9.21507    0.264338    0.000131    0.000007    0.000131    0.000390    0.000000    0.000000    0.000000    0.000000    0.000000    0.000000
  -9.20907    0.327773    0.000162    0.000008    0.000162    0.000484    0.000000    0.000000    0.000000    0.000000    0.000000    0.000000
  -9.20307    0.398392    0.000197    0.000010    0.000197    0.000588    0.000000    0.000000    0.000000    0.000000    0.000000    0.000000
  -9.19707    0.474650    0.000234    0.000012    0.000234    0.000701    0.000000    0.000000    0.000000    0.000000    0.000000    0.000000
  -9.19106    0.554320    0.000274    0.000014    0.000274    0.000819    0.000000    0.000000    0.000000    0.000000    0.000000    0.000000
  -9.18506    0.634559    0.000313    0.000016    0.000313    0.000937    0.000000    0.000000    0.000000    0.000000    0.000000    0.000000
  -9.17906    0.712046    0.000352    0.000018    0.000352    0.001052    0.000000    0.000000    0.000000    0.000000    0.000000    0.000000
  -9.17306    0.783193    0.000387    0.000019    0.000387    0.001157    0.000000    0.000000    0.000000    0.000000    0.000000    0.000000
  -9.16706    0.844411    0.000417    0.000021    0.000417    0.001247    0.000000    0.000000    0.000000    0.000000    0.000000    0.000000
  -9.16105    0.892409    0.000441    0.000022    0.000441    0.001318    0.000000    0.000000    0.000000    0.000000    0.000000    0.000000
  -9.15505    0.924482    0.000457    0.000023    0.000457    0.001366    0.000000    0.000000    0.000000    0.000000    0.000000    0.000000
  -9.14905    0.938766    0.000464    0.000023    0.000464    0.001387    0.000000    0.000000    0.000000    0.000000    0.000000    0.000000
  -9.14305    0.934417    0.000462    0.000023    0.000462    0.001380    0.000000    0.000000    0.000000    0.000000    0.000000    0.000000
  -9.13705    0.911693    0.000450    0.000023    0.000450    0.001347    0.000000    0.000000    0.000000    0.000000    0.000000    0.000000
  -9.13104    0.871930    0.000431    0.000022    0.000431    0.001288    0.000000    0.000000    0.000000    0.000000    0.000000    0.000000
  -9.12504    0.817407    0.000404    0.000020    0.000404    0.001207    0.000000    0.000000    0.000000    0.000000    0.000000    0.000000
  -9.11904    0.751139    0.000371    0.000019    0.000371    0.001109    0.000000    0.000000    0.000000    0.000000    0.000000    0.000000
  -9.11304    0.676592    0.000334    0.000017    0.000334    0.000999    0.000000    0.000000    0.000000    0.000000    0.000000    0.000000
  -9.10704    0.597389    0.000295    0.000015    0.000295    0.000882    0.000000    0.000000    0.000000    0.000000    0.000000    0.000000
  -9.10103    0.517027    0.000255    0.000013    0.000255    0.000764    0.000000    0.000000    0.000000    0.000000    0.000000    0.000000
  -9.09503    0.438624    0.000217    0.000011    0.000217    0.000648    0.000000    0.000000    0.000000    0.000000    0.000000    0.000000
  -9.08903    0.364752    0.000180    0.000009    0.000180    0.000539    0.000000    0.000000    0.000000    0.000000    0.000000    0.000000
  -9.08303    0.297322    0.000147    0.000007    0.000147    0.000439    0.000000    0.000000    0.000000    0.000000    0.000000    0.000000
  -9.07703    0.237565    0.000117    0.000006    0.000117    0.000351    0.000000    0.000000    0.000000    0.000000    0.000000    0.000000
  -9.07102    0.186064    0.000092    0.000005    0.000092    0.000275    0.000000    0.000000    0.000000    0.000000    0.000000    0.000000
  -9.06502    0.142848    0.000071    0.000004    0.000071    0.000211    0.000000    0.000000    0.000000    0.000000    0.000000    0.000000
  -9.05902    0.107504    0.000053    0.000003    0.000053    0.000159    0.000000    0.000000    0.000000    0.000000    0.000000    0.000000
  -9.05302    0.079312    0.000039    0.000002    0.000039    0.000117    0.000000    0.000000    0.000000    0.000000    0.000000    0.000000
  -9.04702    0.057372    0.000028    0.000001    0.000028    0.000085    0.000000    0.000000    0.000000    0.000000    0.000000    0.000000
  -9.04101    0.040709    0.000020    0.000001    0.000020    0.000060    0.000000    0.000000    0.000000    0.000000    0.000000    0.000000
  -9.03501    0.028370    0.000014    0.000001    0.000014    0.000042    0.000000    0.000000    0.000000    0.000000    0.000000    0.000000
  -9.02901    0.019485    0.000010    0.000001    0.000010    0.000029    0.000000    0.000000    0.000000    0.000000    0.000000    0.000000
  -9.02301    0.013310    0.000007    0.000001    0.000007    0.000020    0.000000    0.000000    0.000000    0.000000    0.000000    0.000000
  -9.01701    0.009256    0.000006    0.000001    0.000006    0.000014    0.000000    0.000000    0.000000    0.000000    0.000000    0.000000
  -9.01100    0.006902    0.000006    0.000001    0.000006    0.000011    0.000000    0.000000    0.000000    0.000000    0.000000    0.000000
  -9.00500    0.006010    0.000007    0.000001    0.000007    0.000010    0.000000    0.000000    0.000000    0.000000    0.000000    0.000000
  -8.99900    0.006539    0.000010    0.000002    0.000010    0.000011    0.000000    0.000000    0.000000    0.000000    0.000000    0.000000
  -8.99300    0.008666    0.000015    0.000004    0.000015    0.000015    0.000000    0.000000    0.000000    0.000000    0.000000    0.000000
  -8.98700    0.012821    0.000024    0.000006    0.000024    0.000022    0.000000    0.000000    0.000000    0.000000    0.000000    0.000000
  -8.98099    0.019731    0.000038    0.000010    0.000038    0.000034    0.000000    0.000000    0.000000    0.000000    0.000000    0.000000
  -8.97499    0.030479    0.000059    0.000015    0.000059    0.000053    0.000000    0.000000    0.000000    0.000000    0.000000    0.000000
  -8.96899    0.046565    0.000091    0.000023    0.000091    0.000082    0.000000    0.000000    0.000000    0.000000    0.000000    0.000000
  -8.96299    0.069962    0.000136    0.000035    0.000136    0.000123    0.000000    0.000000    0.000000    0.000000    0.000000    0.000000
  -8.95699    0.103159    0.000201    0.000052    0.000201    0.000181    0.000000    0.000000    0.000000    0.000000    0.000000    0.000000
  -8.95098    0.149165    0.000291    0.000075    0.000291    0.000262    0.000000    0.000000    0.000000    0.000000    0.000000    0.000000
  -8.94498    0.211456    0.000412    0.000106    0.000412    0.000371    0.000000    0.000000    0.000000    0.000000    0.000000    0.000000
  -8.93898    0.293848    0.000573    0.000147    0.000573    0.000515    0.000000    0.000000    0.000000    0.000000    0.000000    0.000000
  -8.93298    0.400275    0.000780    0.000200    0.000780    0.000702    0.000000    0.000000    0.000000    0.000000    0.000000    0.000000
  -8.92698    0.534469    0.001041    0.000267    0.001041    0.000937    0.000000    0.000000    0.000000    0.000000    0.000000    0.000000
  -8.92097    0.699540    0.001363    0.000350    0.001363    0.001227    0.000000    0.000000    0.000000    0.000000    0.000000    0.000000
  -8.91497    0.897486    0.001749    0.000449    0.001749    0.001574    0.000000    0.000000    0.000000    0.000000    0.000000    0.000000
  -8.90897    1.128671    0.002199    0.000564    0.002199    0.001979    0.000000    0.000000    0.000000    0.000000    0.000000    0.000000
  -8.90297    1.391335    0.002711    0.000695    0.002711    0.002440    0.000000    0.000000    0.000000    0.000000    0.000000    0.000000
  -8.89697    1.681204    0.003276    0.000840    0.003276    0.002948    0.000000    0.000000    0.000000    0.000000    0.000000    0.000000
  -8.89096    1.991287    0.003880    0.000995    0.003880    0.003492    0.000000    0.000000    0.000000    0.000000    0.000000    0.000000
  -8.88496    2.311914    0.004505    0.001156    0.004505    0.004054    0.000000    0.000000    0.000000    0.000000    0.000000    0.000000
  -8.87896    2.631081    0.005127    0.001315    0.005127    0.004614    0.000000    0.000000    0.000000    0.000000    0.000000    0.000000
  -8.87296    2.935089    0.005719    0.001467    0.005719    0.005147    0.000000    0.000000    0.000000    0.000000    0.000000    0.000000
  -8.86696    3.209467    0.006254    0.001604    0.006254    0.005628    0.000000    0.000000    0.000000    0.000000    0.000000    0.000000
  -8.86095    3.440084    0.006703    0.001719    0.006703    0.006033    0.000000    0.000000    0.000000    0.000000    0.000000    0.000000
  -8.85495    3.614346    0.007042    0.001807    0.007042    0.006338    0.000000    0.000000    0.000000    0.000000    0.000000    0.000000
  -8.84895    3.722331    0.007253    0.001860    0.007253    0.006528    0.000000    0.000000    0.000000    0.000000    0.000000    0.000000
  -8.84295    3.757723    0.007322    0.001878    0.007322    0.006590    0.000000    0.000000    0.000000    0.000000    0.000000    0.000000
  -8.83695    3.718426    0.007245    0.001859    0.007245    0.006521    0.000000    0.000000    0.000000    0.000000    0.000000    0.000000
  -8.83094    3.606767    0.007028    0.001803    0.007028    0.006325    0.000000    0.000000    0.000000    0.000000    0.000000    0.000000
  -8.82494    3.429269    0.006682    0.001714    0.006682    0.006014    0.000000    0.000000    0.000000    0.000000    0.000000    0.000000
  -8.81894    3.196020    0.006227    0.001597    0.006227    0.005605    0.000000    0.000000    0.000000    0.000000    0.000000    0.000000
  -8.81294    2.919726    0.005689    0.001459    0.005689    0.005120    0.000000    0.000000    0.000000    0.000000    0.000000    0.000000
  -8.80694    2.614564    0.005094    0.001307    0.005094    0.004585    0.000000    0.000000    0.000000    0.000000    0.000000    0.000000
  -8.80093    2.294991    0.004472    0.001147    0.004472    0.004025    0.000000    0.000000    0.000000    0.000000    0.000000    0.000000
  -8.79493    1.974637    0.003848    0.000987    0.003848    0.003463    0.000000    0.000000    0.000000    0.000000    0.000000    0.000000
  -8.78893    1.665398    0.003245    0.000832    0.003245    0.002921    0.000000    0.000000    0.000000    0.000000    0.000000    0.000000
  -8.78293    1.376808    0.002683    0.000688    0.002683    0.002414    0.000000    0.000000    0.000000    0.000000    0.000000    0.000000
  -8.77693    1.115716    0.002174    0.000558    0.002174    0.001957    0.000000    0.000000    0.000000    0.000000    0.000000    0.000000
  -8.77092    0.886255    0.001727    0.000443    0.001727    0.001554    0.000000    0.000000    0.000000    0.000000    0.000000    0.000000
  -8.76492    0.690064    0.001345    0.000345    0.001345    0.001210    0.000000    0.000000    0.000000    0.000000    0.000000    0.000000
  -8.75892    0.526680    0.001026    0.000263    0.001026    0.000924    0.000000    0.000000    0.000000    0.000000    0.000000    0.000000
  -8.75292    0.394037    0.000768    0.000197    0.000768    0.000691    0.000000    0.000000    0.000000    0.000000    0.000000    0.000000
  -8.74692    0.288983    0.000563    0.000144    0.000563    0.000507    0.000000    0.000000    0.000000    0.000000    0.000000    0.000000
  -8.74091    0.207772    0.000405    0.000104    0.000405    0.000364    0.000000    0.000000    0.000000    0.000000    0.000000    0.000000
  -8.73491    0.146479    0.000286    0.000073    0.000286    0.000257    0.000000    0.000000    0.000000    0.000000    0.000000    0.000000
  -8.72891    0.101321    0.000198    0.000051    0.000198    0.000178    0.000000    0.000000    0.000000    0.000000    0.000000    0.000000
  -8.72291    0.068874    0.000135    0.000035    0.000135    0.000121    0.000000    0.000000    0.000000    0.000000    0.000000    0.000000
  -8.71691    0.046208    0.000091    0.000024    0.000091    0.000082    0.000000    0.000000    0.000000    0.000000    0.000000    0.000000
  -8.71090    0.030946    0.000062    0.000016    0.000062    0.000056    0.000000    0.000000    0.000000    0.000000    0.000000    0.000000
  -8.70490    0.021274    0.000045    0.000012    0.000045    0.000040    0.000000    0.000000    0.000000    0.000000    0.000000    0.000000
  -8.69890    0.015920    0.000037    0.000011    0.000037    0.000033    0.000000    0.000000    0.000000    0.000000    0.000000    0.000000
  -8.69290    0.014129    0.000038    0.000012    0.000038    0.000034    0.000000    0.000000    0.000000    0.000000    0.000000    0.000000
  -8.68690    0.015638    0.000048    0.000015    0.000048    0.000042    0.000000    0.000000    0.000000    0.000000    0.000000    0.000000
  -8.68089    0.020670    0.000068    0.000022    0.000068    0.000059    0.000000    0.000000    0.000000    0.000000    0.000000    0.000000
  -8.67489    0.029937    0.000102    0.000033    0.000102    0.000089    0.000000    0.000000    0.000000    0.000000    0.000000    0.000000
  -8.66889    0.044665    0.000155    0.000051    0.000155    0.000134    0.000000    0.000000    0.000000    0.000000    0.000000    0.000000
  -8.66289    0.066622    0.000232    0.000076    0.000232    0.000201    0.000000    0.000000    0.000000    0.000000    0.000000    0.000000
  -8.65689    0.098139    0.000343    0.000112    0.000343    0.000297    0.000000    0.000000    0.000000    0.000000    0.000000    0.000000
  -8.65088    0.142100    0.000497    0.000162    0.000497    0.000430    0.000000    0.000000    0.000000    0.000000    0.000000    0.000000
  -8.64488    0.201890    0.000706    0.000231    0.000706    0.000611    0.000000    0.000000    0.000000    0.000000    0.000000    0.000000
  -8.63888    0.281270    0.000984    0.000322    0.000984    0.000851    0.000000    0.000000    0.000000    0.000000    0.000000    0.000000
  -8.63288    0.384165    0.001345    0.000439    0.001345    0.001162    0.000000    0.000000    0.000000    0.000000    0.000000    0.000000
  -8.62688    0.514349    0.001800    0.000588    0.001800    0.001556    0.000000    0.000000    0.000000    0.000000    0.000000    0.000000
  -8.62087    0.675043    0.002363    0.000772    0.002363    0.002042    0.000000    0.000000    0.000000    0.000000    0.000000    0.000000
  -8.61487    0.868424    0.003039    0.000993    0.003039    0.002627    0.000000    0.000000    0.000000    0.000000    0.000000    0.000000
  -8.60887    1.095111    0.003833    0.001252    0.003833    0.003312    0.000000    0.000000    0.000000    0.000000    0.000000    0.000000
  -8.60287    1.353660    0.004738    0.001547    0.004738    0.004094    0.000000    0.000000    0.000000    0.000000    0.000000    0.000000
  -8.59687    1.640157    0.005740    0.001875    0.005740    0.004961    0.000000    0.000000    0.000000    0.000000    0.000000    0.000000
  -8.59086    1.947987    0.006818    0.002227    0.006818    0.005892    0.000000    0.000000    0.000000    0.000000    0.000000    0.000000
  -8.58486    2.267833    0.007937    0.002592    0.007937    0.006859    0.000000    0.000000    0.000000    0.000000    0.000000    0.000000
  -8.57886    2.587980    0.009058    0.002958    0.009058    0.007828    0.000000    0.000000    0.000000    0.000000    0.000000    0.000000
  -8.57286    2.894910    0.010132    0.003309    0.010132    0.008756    0.000000    0.000000    0.000000    0.000000    0.000000    0.000000
  -8.56686    3.174197    0.011110    0.003629    0.011110    0.009601    0.000000    0.000000    0.000000    0.000000    0.000000    0.000000
  -8.56085    3.411594    0.011940    0.003900    0.011940    0.010319    0.000000    0.000000    0.000000    0.000000    0.000000    0.000000
  -8.55485    3.594225    0.012580    0.004109    0.012580    0.010871    0.000000    0.000000    0.000000    0.000000    0.000000    0.000000
  -8.54885    3.711741    0.012991    0.004243    0.012991    0.011227    0.000000    0.000000    0.000000    0.000000    0.000000    0.000000
  -8.54285    3.757290    0.013150    0.004295    0.013150    0.011365    0.000000    0.000000    0.000000    0.000000    0.000000    0.000000
  -8.53685    3.728175    0.013048    0.004262    0.013048    0.011276    0.000000    0.000000    0.000000    0.000000    0.000000    0.000000
  -8.53084    3.626122    0.012691    0.004145    0.012691    0.010968    0.000000    0.000000    0.000000    0.000000    0.000000    0.000000
  -8.52484    3.457110    0.012100    0.003952    0.012100    0.010457    0.000000    0.000000    0.000000    0.000000    0.000000    0.000000
  -8.51884    3.230788    0.011308    0.003693    0.011308    0.009772    0.000000    0.000000    0.000000    0.000000    0.000000    0.000000
  -8.51284    2.959567    0.010358    0.003383    0.010358    0.008952    0.000000    0.000000    0.000000    0.000000    0.000000    0.000000
  -8.50684    2.657496    0.009301    0.003038    0.009301    0.008038    0.000000    0.000000    0.000000    0.000000    0.000000    0.000000
  -8.50083    2.339061    0.008187    0.002674    0.008187    0.007075    0.000000    0.000000    0.000000    0.000000    0.000000    0.000000
  -8.49483    2.018064    0.007063    0.002307    0.007063    0.006104    0.000000    0.000000    0.000000    0.000000    0.000000    0.000000
  -8.48883    1.706683    0.005973    0.001951    0.005973    0.005162    0.000000    0.000000    0.000000    0.000000    0.000000    0.000000
  -8.48283    1.414802    0.004952    0.001617    0.004952    0.004279    0.000000    0.000000    0.000000    0.000000    0.000000    0.000000
  -8.47683    1.149642    0.004024    0.001314    0.004024    0.003477    0.000000    0.000000    0.000000    0.000000    0.000000    0.000000
  -8.47082    0.915702    0.003205    0.001047    0.003205    0.002770    0.000000    0.000000    0.000000    0.000000    0.000000    0.000000
  -8.46482    0.714942    0.002502    0.000817    0.002502    0.002162    0.000000    0.000000    0.000000    0.000000    0.000000    0.000000
  -8.45882    0.547156    0.001915    0.000625    0.001915    0.001655    0.000000    0.000000    0.000000    0.000000    0.000000    0.000000
  -8.45282    0.410466    0.001437    0.000469    0.001437    0.001242    0.000000    0.000000    0.000000    0.000000    0.000000    0.000000
  -8.44682    0.301833    0.001056    0.000345    0.001056    0.000913    0.000000    0.000000    0.000000    0.000000    0.000000    0.000000
  -8.44081    0.217561    0.000761    0.000249    0.000761    0.000658    0.000000    0.000000    0.000000    0.000000    0.000000    0.000000
  -8.43481    0.153716    0.000538    0.000176    0.000538    0.000465    0.000000    0.000000    0.000000    0.000000    0.000000    0.000000
  -8.42881    0.106459    0.000373    0.000122    0.000373    0.000322    0.000000    0.000000    0.000000    0.000000    0.000000    0.000000
  -8.42281    0.072272    0.000253    0.000083    0.000253    0.000219    0.000000    0.000000    0.000000    0.000000    0.000000    0.000000
  -8.41681    0.048093    0.000168    0.000055    0.000168    0.000145    0.000000    0.000000    0.000000    0.000000    0.000000    0.000000
  -8.41080    0.031371    0.000110    0.000036    0.000110    0.000095    0.000000    0.000000    0.000000    0.000000    0.000000    0.000000
  -8.40480    0.020058    0.000070    0.000023    0.000070    0.000061    0.000000    0.000000    0.000000    0.000000    0.000000    0.000000
  -8.39880    0.012571    0.000044    0.000014    0.000044    0.000038    0.000000    0.000000    0.000000    0.000000    0.000000    0.000000
  -8.39280    0.007723    0.000027    0.000009    0.000027    0.000023    0.000000    0.000000    0.000000    0.000000    0.000000    0.000000
  -8.38680    0.004651    0.000016    0.000005    0.000016    0.000014    0.000000    0.000000    0.000000    0.000000    0.000000    0.000000
  -8.38079    0.002747    0.000010    0.000003    0.000010    0.000008    0.000000    0.000000    0.000000    0.000000    0.000000    0.000000
  -8.37479    0.001591    0.000006    0.000002    0.000006    0.000005    0.000000    0.000000    0.000000    0.000000    0.000000    0.000000
  -8.36879    0.000907    0.000003    0.000001    0.000003    0.000003    0.000000    0.000000    0.000000    0.000000    0.000000    0.000000
  -8.36279    0.000513    0.000002    0.000001    0.000002    0.000002    0.000000    0.000000    0.000000    0.000000    0.000000    0.000000
  -8.35679    0.000296    0.000001    0.000000    0.000001    0.000001    0.000000    0.000000    0.000000    0.000000    0.000000    0.000000
  -8.35078    0.000190    0.000001    0.000000    0.000001    0.000001    0.000000    0.000000    0.000000    0.000000    0.000000    0.000000
  -8.34478    0.000158    0.000001    0.000000    0.000001    0.000001    0.000000    0.000000    0.000000    0.000000    0.000000    0.000000
  -8.33878    0.000189    0.000001    0.000000    0.000001    0.000001    0.000000    0.000000    0.000000    0.000000    0.000000    0.000000
  -8.33278    0.000287    0.000002    0.000001    0.000002    0.000001    0.000000    0.000000    0.000000    0.000000    0.000000    0.000000
  -8.32678    0.000478    0.000003    0.000001    0.000003    0.000002    0.000000    0.000000    0.000000    0.000000    0.000000    0.000000
  -8.32077    0.000809    0.000006    0.000001    0.000006    0.000003    0.000000    0.000000    0.000000    0.000000    0.000000    0.000000
  -8.31477    0.001357    0.000009    0.000002    0.000009    0.000005    0.000000    0.000000    0.000000    0.000000    0.000000    0.000000
  -8.30877    0.002237    0.000015    0.000004    0.000015    0.000008    0.000000    0.000000    0.000000    0.000000    0.000000    0.000000
  -8.30277    0.003619    0.000025    0.000007    0.000025    0.000012    0.000000    0.000000    0.000000    0.000000    0.000000    0.000000
  -8.29677    0.005740    0.000039    0.000010    0.000039    0.000020    0.000000    0.000000    0.000000    0.000000    0.000000    0.000000
  -8.29076    0.008924    0.000061    0.000016    0.000061    0.000031    0.000000    0.000000    0.000000    0.000000    0.000000    0.000000
  -8.28476    0.013600    0.000093    0.000025    0.000093    0.000047    0.000000    0.000000    0.000000    0.000000    0.000000    0.000000
  -8.27876    0.020316    0.000139    0.000037    0.000139    0.000070    0.000000    0.000000    0.000000    0.000000    0.000000    0.000000
  -8.27276    0.029749    0.000203    0.000054    0.000203    0.000102    0.000000    0.000000    0.000000    0.000000    0.000000    0.000000
  -8.26676    0.042700    0.000292    0.000077    0.000292    0.000147    0.000000    0.000000    0.000000    0.000000    0.000000    0.000000
  -8.26075    0.060077    0.000410    0.000109    0.000410    0.000207    0.000000    0.000000    0.000000    0.000000    0.000000    0.000000
  -8.25475    0.082854    0.000566    0.000150    0.000566    0.000285    0.000000    0.000000    0.000000    0.000000    0.000000    0.000000
  -8.24875    0.112007    0.000765    0.000203    0.000765    0.000385    0.000000    0.000000    0.000000    0.000000    0.000000    0.000000
  -8.24275    0.148422    0.001013    0.000269    0.001013    0.000511    0.000000    0.000000    0.000000    0.000000    0.000000    0.000000
  -8.23675    0.192788    0.001316    0.000350    0.001316    0.000663    0.000000    0.000000    0.000000    0.000000    0.000000    0.000000
  -8.23074    0.245463    0.001676    0.000445    0.001676    0.000845    0.000000    0.000000    0.000000    0.000000    0.000000    0.000000
  -8.22474    0.306351    0.002091    0.000556    0.002091    0.001054    0.000000    0.000000    0.000000    0.000000    0.000000    0.000000
  -8.21874    0.374782    0.002559    0.000680    0.002559    0.001290    0.000000    0.000000    0.000000    0.000000    0.000000    0.000000
  -8.21274    0.449434    0.003068    0.000815    0.003068    0.001546    0.000000    0.000000    0.000000    0.000000    0.000000    0.000000
  -8.20674    0.528306    0.003607    0.000958    0.003607    0.001818    0.000000    0.000000    0.000000    0.000000    0.000000    0.000000
  -8.20073    0.608754    0.004156    0.001104    0.004156    0.002095    0.000000    0.000000    0.000000    0.000000    0.000000    0.000000
  -8.19473    0.687609    0.004695    0.001248    0.004695    0.002367    0.000000    0.000000    0.000000    0.000000    0.000000    0.000000
  -8.18873    0.761375    0.005199    0.001382    0.005199    0.002621    0.000000    0.000000    0.000000    0.000000    0.000000    0.000000
  -8.18273    0.826486    0.005644    0.001500    0.005644    0.002847    0.000000    0.000000    0.000000    0.000000    0.000000    0.000000
  -8.17673    0.879607    0.006009    0.001597    0.006009    0.003032    0.000000    0.000000    0.000000    0.000000    0.000000    0.000000
  -8.17072    0.917954    0.006273    0.001668    0.006273    0.003168    0.000000    0.000000    0.000000    0.000000    0.000000    0.000000
  -8.16472    0.939584    0.006426    0.001709    0.006426    0.003250    0.000000    0.000000    0.000000    0.000000    0.000000    0.000000
  -8.15872    0.943640    0.006461    0.001719    0.006461    0.003276    0.000000    0.000000    0.000000    0.000000    0.000000    0.000000
  -8.15272    0.930510    0.006384    0.001699    0.006384    0.003250    0.000000    0.000000    0.000000    0.000000    0.000000    0.000000
  -8.14672    0.901897    0.006208    0.001654    0.006208    0.003181    0.000000    0.000000    0.000000    0.000000    0.000000    0.000000
  -8.14071    0.860784    0.005958    0.001590    0.005958    0.003084    0.000000    0.000000    0.000000    0.000000    0.000000    0.000000
  -8.13471    0.811319    0.005665    0.001517    0.005665    0.002982    0.000000    0.000000    0.000000    0.000000    0.000000    0.000000
  -8.12871    0.758623    0.005371    0.001444    0.005371    0.002900    0.000000    0.000000    0.000000    0.000000    0.000000    0.000000
  -8.12271    0.708558    0.005123    0.001387    0.005123    0.002869    0.000000    0.000000    0.000000    0.000000    0.000000    0.000000
  -8.11671    0.667455    0.004974    0.001359    0.004974    0.002927    0.000000    0.000000    0.000000    0.000000    0.000000    0.000000
  -8.11070    0.641843    0.004979    0.001377    0.004979    0.003111    0.000000    0.000000    0.000000    0.000000    0.000000    0.000000
  -8.10470    0.638160    0.005194    0.001455    0.005194    0.003463    0.000000    0.000000    0.000000    0.000000    0.000000    0.000000
  -8.09870    0.662450    0.005675    0.001611    0.005675    0.004023    0.000000    0.000000    0.000000    0.000000    0.000000    0.000000
  -8.09270    0.720046    0.006470    0.001859    0.006470    0.004829    0.000000    0.000000    0.000000    0.000000    0.000000    0.000000
  -8.08670    0.815211    0.007620    0.002209    0.007620    0.005913    0.000000    0.000000    0.000000    0.000000    0.000000    0.000000
  -8.08069    0.950760    0.009154    0.002671    0.009154    0.007299    0.000000    0.000000    0.000000    0.000000    0.000000    0.000000
  -8.07469    1.127656    0.011081    0.003248    0.011081    0.008996    0.000000    0.000000    0.000000    0.000000    0.000000    0.000000
  -8.06869    1.344625    0.013391    0.003936    0.013391    0.010996    0.000000    0.000000    0.000000    0.000000    0.000000    0.000000
  -8.06269    1.597837    0.016048    0.004725    0.016048    0.013272    0.000000    0.000000    0.000000    0.000000    0.000000    0.000000
  -8.05669    1.880723    0.018989    0.005597    0.018989    0.015772    0.000000    0.000000    0.000000    0.000000    0.000000    0.000000
  -8.05068    2.183984    0.022121    0.006525    0.022121    0.018421    0.000000    0.000000    0.000000    0.000000    0.000000    0.000000
  -8.04468    2.495858    0.025329    0.007473    0.025329    0.021126    0.000000    0.000000    0.000000    0.000000    0.000000    0.000000
  -8.03868    2.802677    0.028476    0.008403    0.028476    0.023773    0.000000    0.000000    0.000000    0.000000    0.000000    0.000000
  -8.03268    3.089695    0.031415    0.009270    0.031415    0.026241    0.000000    0.000000    0.000000    0.000000    0.000000    0.000000
  -8.02668    3.342160    0.033997    0.010031    0.033997    0.028407    0.000000    0.000000    0.000000    0.000000    0.000000    0.000000
  -8.02067    3.546509    0.036087    0.010644    0.036087    0.030158    0.000000    0.000000    0.000000    0.000000    0.000000    0.000000
  -8.01467    3.691595    0.037572    0.011077    0.037572    0.031402    0.000000    0.000000    0.000000    0.000000    0.000000    0.000000
  -8.00867    3.769782    0.038377    0.011304    0.038377    0.032075    0.000000    0.000000    0.000000    0.000000    0.000000    0.000000
  -8.00267    3.777779    0.038469    0.011317    0.038469    0.032150    0.000000    0.000000    0.000000    0.000000    0.000000    0.000000
  -7.99667    3.717116    0.037866    0.011116    0.037866    0.031641    0.000000    0.000000    0.000000    0.000000    0.000000    0.000000
  -7.99066    3.594178    0.036633    0.010719    0.036633    0.030604    0.000000    0.000000    0.000000    0.000000    0.000000    0.000000
  -7.98466    3.419808    0.034885    0.010157    0.034885    0.029133    0.000000    0.000000    0.000000    0.000000    0.000000    0.000000
  -7.97866    3.208504    0.032771    0.009468    0.032771    0.027352    0.000000    0.000000    0.000000    0.000000    0.000000    0.000000
  -7.97266    2.977298    0.030467    0.008701    0.030467    0.025406    0.000000    0.000000    0.000000    0.000000    0.000000    0.000000
  -7.96666    2.744452    0.028162    0.007905    0.028162    0.023454    0.000000    0.000000    0.000000    0.000000    0.000000    0.000000
  -7.96065    2.528064    0.026044    0.007130    0.026044    0.021651    0.000000    0.000000    0.000000    0.000000    0.000000    0.000000
  -7.95465    2.344736    0.024284    0.006422    0.024284    0.020138    0.000000    0.000000    0.000000    0.000000    0.000000    0.000000
  -7.94865    2.208389    0.023027    0.005818    0.023027    0.019037    0.000000    0.000000    0.000000    0.000000    0.000000    0.000000
  -7.94265    2.129289    0.022379    0.005348    0.022379    0.018434    0.000000    0.000000    0.000000    0.000000    0.000000    0.000000
  -7.93665    2.113364    0.022400    0.005029    0.022400    0.018380    0.000000    0.000000    0.000000    0.000000    0.000000    0.000000
  -7.93064    2.161809    0.023101    0.004865    0.023101    0.018886    0.000000    0.000000    0.000000    0.000000    0.000000    0.000000
  -7.92464    2.271010    0.024443    0.004851    0.024443    0.019918    0.000000    0.000000    0.000000    0.000000    0.000000    0.000000
  -7.91864    2.432784    0.026336    0.004971    0.026336    0.021405    0.000000    0.000000    0.000000    0.000000    0.000000    0.000000
  -7.91264    2.634932    0.028650    0.005200    0.028650    0.023240    0.000000    0.000000    0.000000    0.000000    0.000000    0.000000
  -7.90664    2.862081    0.031217    0.005505    0.031217    0.025288    0.000000    0.000000    0.000000    0.000000    0.000000    0.000000
  -7.90063    3.096783    0.033851    0.005849    0.033851    0.027396    0.000000    0.000000    0.000000    0.000000    0.000000    0.000000
  -7.89463    3.320805    0.036354    0.006197    0.036354    0.029405    0.000000    0.000000    0.000000    0.000000    0.000000    0.000000
  -7.88863    3.516533    0.038536    0.006511    0.038536    0.031161    0.000000    0.000000    0.000000    0.000000    0.000000    0.000000
  -7.88263    3.668376    0.040231    0.006761    0.040231    0.032528    0.000000    0.000000    0.000000    0.000000    0.000000    0.000000
  -7.87663    3.764043    0.041306    0.006922    0.041306    0.033402    0.000000    0.000000    0.000000    0.000000    0.000000    0.000000
  -7.87062    3.795591    0.041679    0.006979    0.041679    0.033717    0.000000    0.000000    0.000000    0.000000    0.000000    0.000000
  -7.86462    3.760118    0.041323    0.006928    0.041323    0.033455    0.000000    0.000000    0.000000    0.000000    0.000000    0.000000
  -7.85862    3.660055    0.040270    0.006776    0.040270    0.032645    0.000000    0.000000    0.000000    0.000000    0.000000    0.000000
  -7.85262    3.503022    0.038611    0.006542    0.038611    0.031369    0.000000    0.000000    0.000000    0.000000    0.000000    0.000000
  -7.84662    3.301294    0.036490    0.006255    0.036490    0.029752    0.000000    0.000000    0.000000    0.000000    0.000000    0.000000
  -7.84061    3.070930    0.034096    0.005955    0.034096    0.027958    0.000000    0.000000    0.000000    0.000000    0.000000    0.000000
  -7.83461    2.830674    0.031648    0.005689    0.031648    0.026179    0.000000    0.000000    0.000000    0.000000    0.000000    0.000000
  -7.82861    2.600745    0.029385    0.005508    0.029385    0.024627    0.000000    0.000000    0.000000    0.000000    0.000000    0.000000
  -7.82261    2.401596    0.027554    0.005469    0.027554    0.023522    0.000000    0.000000    0.000000    0.000000    0.000000    0.000000
  -7.81661    2.252738    0.026389    0.005626    0.026389    0.023076    0.000000    0.000000    0.000000    0.000000    0.000000    0.000000
  -7.81060    2.171650    0.026106    0.006034    0.026106    0.023489    0.000000    0.000000    0.000000    0.000000    0.000000    0.000000
  -7.80460    2.172806    0.026885    0.006737    0.026885    0.024929    0.000000    0.000000    0.000000    0.000000    0.000000    0.000000
  -7.79860    2.266803    0.028861    0.007772    0.028861    0.027525    0.000000    0.000000    0.000000    0.000000    0.000000    0.000000
  -7.79260    2.459592    0.032112    0.009162    0.032112    0.031351    0.000000    0.000000    0.000000    0.000000    0.000000    0.000000
  -7.78660    2.751823    0.036648    0.010909    0.036648    0.036420    0.000000    0.000000    0.000000    0.000000    0.000000    0.000000
  -7.78059    3.138341    0.042403    0.012997    0.042403    0.042668    0.000000    0.000000    0.000000    0.000000    0.000000    0.000000
  -7.77459    3.607911    0.049231    0.015383    0.049231    0.049953    0.000000    0.000000    0.000000    0.000000    0.000000    0.000000
  -7.76859    4.143263    0.056901    0.018000    0.056901    0.058047    0.000000    0.000000    0.000000    0.000000    0.000000    0.000000
  -7.76259    4.721554    0.065110    0.020756    0.065110    0.066646    0.000000    0.000000    0.000000    0.000000    0.000000    0.000000
  -7.75659    5.315319    0.073486    0.023538    0.073486    0.075377    0.000000    0.000000    0.000000    0.000000    0.000000    0.000000
  -7.75058    5.893951    0.081615    0.026218    0.081615    0.083823    0.000000    0.000000    0.000000    0.000000    0.000000    0.000000
  -7.74458    6.425628    0.089065    0.028660    0.089065    0.091545    0.000000    0.000000    0.000000    0.000000    0.000000    0.000000
  -7.73858    6.879595    0.095416    0.030734    0.095416    0.098117    0.000000    0.000000    0.000000    0.000000    0.000000    0.000000
  -7.73258    7.228564    0.100295    0.032322    0.100295    0.103160    0.000000    0.000000    0.000000    0.000000    0.000000    0.000000
  -7.72658    7.450998    0.103409    0.033330    0.103409    0.106374    0.000000    0.000000    0.000000    0.000000    0.000000    0.000000
  -7.72057    7.533007    0.104570    0.033698    0.104570    0.107567    0.000000    0.000000    0.000000    0.000000    0.000000    0.000000
  -7.71457    7.469611    0.103712    0.033403    0.103712    0.106670    0.000000    0.000000    0.000000    0.000000    0.000000    0.000000
  -7.70857    7.265222    0.100901    0.032464    0.100901    0.103749    0.000000    0.000000    0.000000    0.000000    0.000000    0.000000
  -7.70257    6.933265    0.096327    0.030938    0.096327    0.098997    0.000000    0.000000    0.000000    0.000000    0.000000    0.000000
  -7.69657    6.494993    0.090290    0.028914    0.090290    0.092717    0.000000    0.000000    0.000000    0.000000    0.000000    0.000000
  -7.69056    5.977647    0.083174    0.026510    0.083174    0.085295    0.000000    0.000000    0.000000    0.000000    0.000000    0.000000
  -7.68456    5.412181    0.075414    0.023854    0.075414    0.077172    0.000000    0.000000    0.000000    0.000000    0.000000    0.000000
  -7.67856    4.830827    0.067467    0.021083    0.067467    0.068805    0.000000    0.000000    0.000000    0.000000    0.000000    0.000000
  -7.67256    4.264738    0.059772    0.018324    0.059772    0.060634    0.000000    0.000000    0.000000    0.000000    0.000000    0.000000
  -7.66656    3.741942    0.052726    0.015691    0.052726    0.053057    0.000000    0.000000    0.000000    0.000000    0.000000    0.000000
  -7.66055    3.285742    0.046663    0.013279    0.046663    0.046402    0.000000    0.000000    0.000000    0.000000    0.000000    0.000000
  -7.65455    2.913624    0.041832    0.011154    0.041832    0.040915    0.000000    0.000000    0.000000    0.000000    0.000000    0.000000
  -7.64855    2.636689    0.038391    0.009361    0.038391    0.036752    0.000000    0.000000    0.000000    0.000000    0.000000    0.000000
  -7.64255    2.459530    0.036407    0.007915    0.036407    0.033978    0.000000    0.000000    0.000000    0.000000    0.000000    0.000000
  -7.63655    2.380494    0.035856    0.006814    0.035856    0.032570    0.000000    0.000000    0.000000    0.000000    0.000000    0.000000
  -7.63054    2.392227    0.036626    0.006035    0.036626    0.032426    0.000000    0.000000    0.000000    0.000000    0.000000    0.000000
  -7.62454    2.482450    0.038535    0.005539    0.038535    0.033379    0.000000    0.000000    0.000000    0.000000    0.000000    0.000000
  -7.61854    2.634889    0.041338    0.005282    0.041338    0.035205    0.000000    0.000000    0.000000    0.000000    0.000000    0.000000
  -7.61254    2.830366    0.044744    0.005209    0.044744    0.037644    0.000000    0.000000    0.000000    0.000000    0.000000    0.000000
  -7.60654    3.047987    0.048434    0.005267    0.048434    0.040410    0.000000    0.000000    0.000000    0.000000    0.000000    0.000000
  -7.60053    3.266425    0.052082    0.005402    0.052082    0.043215    0.000000    0.000000    0.000000    0.000000    0.000000    0.000000
  -7.59453    3.465246    0.055373    0.005565    0.055373    0.045784    0.000000    0.000000    0.000000    0.000000    0.000000    0.000000
  -7.58853    3.626184    0.058025    0.005714    0.058025    0.047870    0.000000    0.000000    0.000000    0.000000    0.000000    0.000000
  -7.58253    3.734304    0.059807    0.005814    0.059807    0.049270    0.000000    0.000000    0.000000    0.000000    0.000000    0.000000
  -7.57653    3.778925    0.060554    0.005839    0.060554    0.049842    0.000000    0.000000    0.000000    0.000000    0.000000    0.000000
  -7.57052    3.754213    0.060178    0.005773    0.060178    0.049506    0.000000    0.000000    0.000000    0.000000    0.000000    0.000000
  -7.56452    3.659380    0.058670    0.005611    0.058670    0.048250    0.000000    0.000000    0.000000    0.000000    0.000000    0.000000
  -7.55852    3.498455    0.056097    0.005354    0.056097    0.046124    0.000000    0.000000    0.000000    0.000000    0.000000    0.000000
  -7.55252    3.279649    0.052592    0.005014    0.052592    0.043237    0.000000    0.000000    0.000000    0.000000    0.000000    0.000000
  -7.54652    3.014397    0.048341    0.004605    0.048341    0.039739    0.000000    0.000000    0.000000    0.000000    0.000000    0.000000
  -7.54051    2.716177    0.043560    0.004148    0.043560    0.035807    0.000000    0.000000    0.000000    0.000000    0.000000    0.000000
  -7.53451    2.399259    0.038478    0.003663    0.038478    0.031629    0.000000    0.000000    0.000000    0.000000    0.000000    0.000000
  -7.52851    2.077512    0.033319    0.003171    0.033319    0.027387    0.000000    0.000000    0.000000    0.000000    0.000000    0.000000
  -7.52251    1.763392    0.028281    0.002691    0.028281    0.023246    0.000000    0.000000    0.000000    0.000000    0.000000    0.000000
  -7.51651    1.467192    0.023531    0.002239    0.023531    0.019341    0.000000    0.000000    0.000000    0.000000    0.000000    0.000000
  -7.51050    1.196617    0.019191    0.001826    0.019191    0.015774    0.000000    0.000000    0.000000    0.000000    0.000000    0.000000
  -7.50450    0.956646    0.015343    0.001460    0.015343    0.012611    0.000000    0.000000    0.000000    0.000000    0.000000    0.000000
  -7.49850    0.749677    0.012023    0.001144    0.012023    0.009883    0.000000    0.000000    0.000000    0.000000    0.000000    0.000000
  -7.49250    0.575867    0.009236    0.000879    0.009236    0.007591    0.000000    0.000000    0.000000    0.000000    0.000000    0.000000
  -7.48650    0.433607    0.006954    0.000662    0.006954    0.005716    0.000000    0.000000    0.000000    0.000000    0.000000    0.000000
  -7.48049    0.320033    0.005133    0.000488    0.005133    0.004219    0.000000    0.000000    0.000000    0.000000    0.000000    0.000000
  -7.47449    0.231536    0.003713    0.000353    0.003713    0.003052    0.000000    0.000000    0.000000    0.000000    0.000000    0.000000
  -7.46849    0.164198    0.002633    0.000251    0.002633    0.002165    0.000000    0.000000    0.000000    0.000000    0.000000    0.000000
  -7.46249    0.114141    0.001831    0.000174    0.001831    0.001505    0.000000    0.000000    0.000000    0.000000    0.000000    0.000000
  -7.45649    0.077775    0.001247    0.000119    0.001247    0.001025    0.000000    0.000000    0.000000    0.000000    0.000000    0.000000
  -7.45048    0.051947    0.000833    0.000079    0.000833    0.000685    0.000000    0.000000    0.000000    0.000000    0.000000    0.000000
  -7.44448    0.034010    0.000545    0.000052    0.000545    0.000448    0.000000    0.000000    0.000000    0.000000    0.000000    0.000000
  -7.43848    0.021826    0.000350    0.000033    0.000350    0.000288    0.000000    0.000000    0.000000    0.000000    0.000000    0.000000
  -7.43248    0.013730    0.000220    0.000021    0.000220    0.000181    0.000000    0.000000    0.000000    0.000000    0.000000    0.000000
  -7.42648    0.008466    0.000136    0.000013    0.000136    0.000112    0.000000    0.000000    0.000000    0.000000    0.000000    0.000000
  -7.42047    0.005117    0.000082    0.000008    0.000082    0.000067    0.000000    0.000000    0.000000    0.000000    0.000000    0.000000
  -7.41447    0.003032    0.000049    0.000005    0.000049    0.000040    0.000000    0.000000    0.000000    0.000000    0.000000    0.000000
  -7.40847    0.001761    0.000028    0.000003    0.000028    0.000023    0.000000    0.000000    0.000000    0.000000    0.000000    0.000000
  -7.40247    0.001002    0.000016    0.000002    0.000016    0.000013    0.000000    0.000000    0.000000    0.000000    0.000000    0.000000
  -7.39647    0.000559    0.000009    0.000001    0.000009    0.000007    0.000000    0.000000    0.000000    0.000000    0.000000    0.000000
  -7.39046    0.000306    0.000005    0.000000    0.000005    0.000004    0.000000    0.000000    0.000000    0.000000    0.000000    0.000000
  -7.38446    0.000164    0.000003    0.000000    0.000003    0.000002    0.000000    0.000000    0.000000    0.000000    0.000000    0.000000
  -7.37846    0.000087    0.000001    0.000000    0.000001    0.000001    0.000000    0.000000    0.000000    0.000000    0.000000    0.000000
  -7.37246    0.000045    0.000001    0.000000    0.000001    0.000001    0.000000    0.000000    0.000000    0.000000    0.000000    0.000000
  -7.36646    0.000024    0.000000    0.000000    0.000000    0.000000    0.000000    0.000000    0.000000    0.000000    0.000000    0.000000
  -7.36045    0.000015    0.000000    0.000000    0.000000    0.000000    0.000000    0.000000    0.000000    0.000000    0.000000    0.000000
  -7.35445    0.000014    0.000000    0.000000    0.000000    0.000000    0.000000    0.000000    0.000000    0.000000    0.000000    0.000000
  -7.34845    0.000019    0.000001    0.000000    0.000001    0.000001    0.000000    0.000000    0.000000    0.000000    0.000000    0.000000
  -7.34245    0.000035    0.000001    0.000000    0.000001    0.000001    0.000000    0.000000    0.000000    0.000000    0.000000    0.000000
  -7.33645    0.000067    0.000003    0.000000    0.000003    0.000002    0.000000    0.000000    0.000000    0.000000    0.000000    0.000000
  -7.33044    0.000127    0.000005    0.000001    0.000005    0.000005    0.000000    0.000000    0.000000    0.000000    0.000000    0.000000
  -7.32444    0.000238    0.000010    0.000001    0.000010    0.000008    0.000000    0.000000    0.000000    0.000000    0.000000    0.000000
  -7.31844    0.000439    0.000018    0.000002    0.000018    0.000016    0.000000    0.000000    0.000000    0.000000    0.000000    0.000000
  -7.31244    0.000793    0.000032    0.000003    0.000032    0.000028    0.000000    0.000000    0.000000    0.000000    0.000000    0.000000
  -7.30644    0.001405    0.000056    0.000006    0.000056    0.000050    0.000000    0.000000    0.000000    0.000000    0.000000    0.000000
  -7.30043    0.002438    0.000098    0.000010    0.000098    0.000087    0.000000    0.000000    0.000000    0.000000    0.000000    0.000000
  -7.29443    0.004149    0.000166    0.000017    0.000166    0.000148    0.000000    0.000000    0.000000    0.000000    0.000000    0.000000
  -7.28843    0.006920    0.000277    0.000029    0.000277    0.000247    0.000000    0.000000    0.000000    0.000000    0.000000    0.000000
  -7.28243    0.011313    0.000452    0.000047    0.000452    0.000403    0.000000    0.000000    0.000000    0.000000    0.000000    0.000000
  -7.27643    0.018131    0.000725    0.000075    0.000725    0.000646    0.000000    0.000000    0.000000    0.000000    0.000000    0.000000
  -7.27042    0.028481    0.001139    0.000118    0.001139    0.001016    0.000000    0.000000    0.000000    0.000000    0.000000    0.000000
  -7.26442    0.043856    0.001754    0.000182    0.001754    0.001564    0.000000    0.000000    0.000000    0.000000    0.000000    0.000000
  -7.25842    0.066195    0.002647    0.000275    0.002647    0.002360    0.000000    0.000000    0.000000    0.000000    0.000000    0.000000
  -7.25242    0.097936    0.003917    0.000407    0.003917    0.003492    0.000000    0.000000    0.000000    0.000000    0.000000    0.000000
  -7.24642    0.142032    0.005681    0.000590    0.005681    0.005064    0.000000    0.000000    0.000000    0.000000    0.000000    0.000000
  -7.24041    0.201909    0.008075    0.000839    0.008075    0.007199    0.000000    0.000000    0.000000    0.000000    0.000000    0.000000
  -7.23441    0.281351    0.011253    0.001170    0.011253    0.010032    0.000000    0.000000    0.000000    0.000000    0.000000    0.000000
  -7.22841    0.384296    0.015370    0.001598    0.015370    0.013703    0.000000    0.000000    0.000000    0.000000    0.000000    0.000000
  -7.22241    0.514527    0.020578    0.002139    0.020578    0.018346    0.000000    0.000000    0.000000    0.000000    0.000000    0.000000
  -7.21641    0.675267    0.027007    0.002807    0.027007    0.024078    0.000000    0.000000    0.000000    0.000000    0.000000    0.000000
  -7.21040    0.868694    0.034743    0.003611    0.034743    0.030975    0.000000    0.000000    0.000000    0.000000    0.000000    0.000000
  -7.20440    1.095427    0.043811    0.004554    0.043811    0.039060    0.000000    0.000000    0.000000    0.000000    0.000000    0.000000
  -7.19840    1.354020    0.054153    0.005629    0.054153    0.048280    0.000000    0.000000    0.000000    0.000000    0.000000    0.000000
  -7.19240    1.640560    0.065613    0.006820    0.065613    0.058498    0.000000    0.000000    0.000000    0.000000    0.000000    0.000000
  -7.18640    1.948430    0.077926    0.008100    0.077926    0.069475    0.000000    0.000000    0.000000    0.000000    0.000000    0.000000
  -7.18039    2.268322    0.090720    0.009431    0.090720    0.080882    0.000000    0.000000    0.000000    0.000000    0.000000    0.000000
  -7.17439    2.588530    0.103526    0.010762    0.103526    0.092300    0.000000    0.000000    0.000000    0.000000    0.000000    0.000000
  -7.16839    2.895563    0.115804    0.012039    0.115804    0.103249    0.000000    0.000000    0.000000    0.000000    0.000000    0.000000
  -7.16239    3.175038    0.126979    0.013203    0.126979    0.113216    0.000000    0.000000    0.000000    0.000000    0.000000    0.000000
  -7.15639    3.412786    0.136483    0.014194    0.136483    0.121697    0.000000    0.000000    0.000000    0.000000    0.000000    0.000000
  -7.15038    3.596061    0.143804    0.014960    0.143804    0.128237    0.000000    0.000000    0.000000    0.000000    0.000000    0.000000
  -7.14438    3.714719    0.148535    0.015461    0.148535    0.132478    0.000000    0.000000    0.000000    0.000000    0.000000    0.000000
  -7.13838    3.762228    0.150411    0.015670    0.150411    0.134187    0.000000    0.000000    0.000000    0.000000    0.000000    0.000000
  -7.13238    3.736381    0.149336    0.015583    0.149336    0.133290    0.000000    0.000000    0.000000    0.000000    0.000000    0.000000
  -7.12638    3.639629    0.145401    0.015212    0.145401    0.129878    0.000000    0.000000    0.000000    0.000000    0.000000    0.000000
  -7.12037    3.478999    0.138871    0.014594    0.138871    0.124209    0.000000    0.000000    0.000000    0.000000    0.000000    0.000000
  -7.11437    3.265620    0.130173    0.013782    0.130173    0.116688    0.000000    0.000000    0.000000    0.000000    0.000000    0.000000
  -7.10837    3.013931    0.119857    0.012846    0.119857    0.107842    0.000000    0.000000    0.000000    0.000000    0.000000    0.000000
  -7.10237    2.740685    0.108555    0.011872    0.108555    0.098282    0.000000    0.000000    0.000000    0.000000    0.000000    0.000000
  -7.09637    2.463863    0.096935    0.010952    0.096935    0.088668    0.000000    0.000000    0.000000    0.000000    0.000000    0.000000
  -7.09036    2.201642    0.085662    0.010182    0.085662    0.079667    0.000000    0.000000    0.000000    0.000000    0.000000    0.000000
  -7.08436    1.971478    0.075354    0.009662    0.075354    0.071925    0.000000    0.000000    0.000000    0.000000    0.000000    0.000000
  -7.07836    1.789377    0.066554    0.009485    0.066554    0.066035    0.000000    0.000000    0.000000    0.000000    0.000000    0.000000
  -7.07236    1.669344    0.059714    0.009740    0.059714    0.062516    0.000000    0.000000    0.000000    0.000000    0.000000    0.000000
  -7.06636    1.622976    0.055177    0.010504    0.055177    0.061798    0.000000    0.000000    0.000000    0.000000    0.000000    0.000000
  -7.06035    1.659149    0.053171    0.011838    0.053171    0.064206    0.000000    0.000000    0.000000    0.000000    0.000000    0.000000
  -7.05435    1.783721    0.053810    0.013787    0.053810    0.069945    0.000000    0.000000    0.000000    0.000000    0.000000    0.000000
  -7.04835    1.999210    0.057093    0.016367    0.057093    0.079084    0.000000    0.000000    0.000000    0.000000    0.000000    0.000000
  -7.04235    2.304438    0.062900    0.019565    0.062900    0.091546    0.000000    0.000000    0.000000    0.000000    0.000000    0.000000
  -7.03635    2.694154    0.070998    0.023335    0.070998    0.107088    0.000000    0.000000    0.000000    0.000000    0.000000    0.000000
  -7.03034    3.158719    0.081039    0.027591    0.081039    0.125294    0.000000    0.000000    0.000000    0.000000    0.000000    0.000000
  -7.02434    3.683956    0.092571    0.032208    0.092571    0.145571    0.000000    0.000000    0.000000    0.000000    0.000000    0.000000
  -7.01834    4.251258    0.105049    0.037023    0.105049    0.167162    0.000000    0.000000    0.000000    0.000000    0.000000    0.000000
  -7.01234    4.838085    0.117855    0.041845    0.117855    0.189169    0.000000    0.000000    0.000000    0.000000    0.000000    0.000000
  -7.00634    5.418890    0.130328    0.046460    0.130328    0.210593    0.000000    0.000000    0.000000    0.000000    0.000000    0.000000
  -7.00033    5.966493    0.141806    0.050645    0.141806    0.230398    0.000000    0.000000    0.000000    0.000000    0.000000    0.000000
  -6.99433    6.453828    0.151668    0.054189    0.151668    0.247578    0.000000    0.000000    0.000000    0.000000    0.000000    0.000000
  -6.98833    6.855938    0.159379    0.056903    0.159379    0.261234    0.000000    0.000000    0.000000    0.000000    0.000000    0.000000
  -6.98233    7.152022    0.164546    0.058643    0.164546    0.270654    0.000000    0.000000    0.000000    0.000000    0.000000    0.000000
  -6.97633    7.327321    0.166945    0.059317    0.166945    0.275373    0.000000    0.000000    0.000000    0.000000    0.000000    0.000000
  -6.97032    7.374613    0.166559    0.058897    0.166559    0.275226    0.000000    0.000000    0.000000    0.000000    0.000000    0.000000
  -6.96432    7.295142    0.163588    0.057424    0.163588    0.270374    0.000000    0.000000    0.000000    0.000000    0.000000    0.000000
  -6.95832    7.098853    0.158445    0.055000    0.158445    0.261297    0.000000    0.000000    0.000000    0.000000    0.000000    0.000000
  -6.95232    6.803887    0.151737    0.051787    0.151737    0.248769    0.000000    0.000000    0.000000    0.000000    0.000000    0.000000
  -6.94632    6.435374    0.144229    0.047989    0.144229    0.233805    0.000000    0.000000    0.000000    0.000000    0.000000    0.000000
  -6.94031    6.023634    0.136798    0.043837    0.136798    0.217584    0.000000    0.000000    0.000000    0.000000    0.000000    0.000000
  -6.93431    5.601959    0.130374    0.039571    0.130374    0.201367    0.000000    0.000000    0.000000    0.000000    0.000000    0.000000
  -6.92831    5.204155    0.125878    0.035425    0.125878    0.186405    0.000000    0.000000    0.000000    0.000000    0.000000    0.000000
  -6.92231    4.862071    0.124156    0.031609    0.124156    0.173851    0.000000    0.000000    0.000000    0.000000    0.000000    0.000000
  -6.91631    4.603271    0.125919    0.028295    0.125919    0.164680    0.000000    0.000000    0.000000    0.000000    0.000000    0.000000
  -6.91030    4.449027    0.131683    0.025611    0.131683    0.159621    0.000000    0.000000    0.000000    0.000000    0.000000    0.000000
  -6.90430    4.412765    0.141721    0.023635    0.141721    0.159104    0.000000    0.000000    0.000000    0.000000    0.000000    0.000000
  -6.89830    4.499036    0.156029    0.022390    0.156029    0.163229    0.000000    0.000000    0.000000    0.000000    0.000000    0.000000
  -6.89230    4.703108    0.174301    0.021850    0.174301    0.171758    0.000000    0.000000    0.000000    0.000000    0.000000    0.000000
  -6.88630    5.011212    0.195935    0.021942    0.195935    0.184123    0.000000    0.000000    0.000000    0.000000    0.000000    0.000000
  -6.88029    5.401447    0.220056    0.022555    0.220056    0.199463    0.000000    0.000000    0.000000    0.000000    0.000000    0.000000
  -6.87429    5.845327    0.245561    0.023551    0.245561    0.216681    0.000000    0.000000    0.000000    0.000000    0.000000    0.000000
  -6.86829    6.309890    0.271198    0.024770    0.271198    0.234523    0.000000    0.000000    0.000000    0.000000    0.000000    0.000000
  -6.86229    6.760239    0.295652    0.026049    0.295652    0.251670    0.000000    0.000000    0.000000    0.000000    0.000000    0.000000
  -6.85629    7.162311    0.317649    0.027232    0.317649    0.266839    0.000000    0.000000    0.000000    0.000000    0.000000    0.000000
  -6.85028    7.485648    0.336063    0.028179    0.336063    0.278891    0.000000    0.000000    0.000000    0.000000    0.000000    0.000000
  -6.84428    7.705906    0.350007    0.028780    0.350007    0.286917    0.000000    0.000000    0.000000    0.000000    0.000000    0.000000
  -6.83828    7.806836    0.358907    0.028961    0.358907    0.290320    0.000000    0.000000    0.000000    0.000000    0.000000    0.000000
  -6.83228    7.781544    0.362545    0.028692    0.362545    0.288860    0.000000    0.000000    0.000000    0.000000    0.000000    0.000000
  -6.82628    7.632892    0.361061    0.027983    0.361061    0.282672    0.000000    0.000000    0.000000    0.000000    0.000000    0.000000
  -6.82027    7.373029    0.354926    0.026892    0.354926    0.272250    0.000000    0.000000    0.000000    0.000000    0.000000    0.000000
  -6.81427    7.022121    0.344879    0.025511    0.344879    0.258398    0.000000    0.000000    0.000000    0.000000    0.000000    0.000000
  -6.80827    6.606465    0.331845    0.023966    0.331845    0.242169    0.000000    0.000000    0.000000    0.000000    0.000000    0.000000
  -6.80227    6.156222    0.316840    0.022405    0.316840    0.224769    0.000000    0.000000    0.000000    0.000000    0.000000    0.000000
  -6.79627    5.703031    0.300877    0.020987    0.300877    0.207473    0.000000    0.000000    0.000000    0.000000    0.000000    0.000000
  -6.79026    5.277728    0.284894    0.019877    0.284894    0.191535    0.000000    0.000000    0.000000    0.000000    0.000000    0.000000
  -6.78426    4.908364    0.269691    0.019229    0.269691    0.178103    0.000000    0.000000    0.000000    0.000000    0.000000    0.000000
  -6.77826    4.618608    0.255897    0.019181    0.255897    0.168160    0.000000    0.000000    0.000000    0.000000    0.000000    0.000000
  -6.77226    4.426576    0.243957    0.019843    0.243957    0.162464    0.000000    0.000000    0.000000    0.000000    0.000000    0.000000
  -6.76626    4.344050    0.234138    0.021292    0.234138    0.161516    0.000000    0.000000    0.000000    0.000000    0.000000    0.000000
  -6.76025    4.376030    0.226544    0.023559    0.226544    0.165529    0.000000    0.000000    0.000000    0.000000    0.000000    0.000000
  -6.75425    4.520552    0.221136    0.026631    0.221136    0.174418    0.000000    0.000000    0.000000    0.000000    0.000000    0.000000
  -6.74825    4.768761    0.217753    0.030438    0.217753    0.187794    0.000000    0.000000    0.000000    0.000000    0.000000    0.000000
  -6.74225    5.105221    0.216123    0.034858    0.216123    0.204975    0.000000    0.000000    0.000000    0.000000    0.000000    0.000000
  -6.73625    5.508535    0.215882    0.039719    0.215882    0.225012    0.000000    0.000000    0.000000    0.000000    0.000000    0.000000
  -6.73024    5.952307    0.216584    0.044800    0.216584    0.246729    0.000000    0.000000    0.000000    0.000000    0.000000    0.000000
  -6.72424    6.406513    0.217716    0.049850    0.217716    0.268787    0.000000    0.000000    0.000000    0.000000    0.000000    0.000000
  -6.71824    6.839269    0.218724    0.054594    0.218724    0.289762    0.000000    0.000000    0.000000    0.000000    0.000000    0.000000
  -6.71224    7.218932    0.219041    0.058763    0.219041    0.308242    0.000000    0.000000    0.000000    0.000000    0.000000    0.000000
  -6.70624    7.516395    0.218127    0.062104    0.218127    0.322930    0.000000    0.000000    0.000000    0.000000    0.000000    0.000000
  -6.70023    7.707363    0.215514    0.064409    0.215514    0.332746    0.000000    0.000000    0.000000    0.000000    0.000000    0.000000
  -6.69423    7.774367    0.210851    0.065528    0.210851    0.336917    0.000000    0.000000    0.000000    0.000000    0.000000    0.000000
  -6.68823    7.708283    0.203941    0.065384    0.203941    0.335043    0.000000    0.000000    0.000000    0.000000    0.000000    0.000000
  -6.68223    7.509145    0.194770    0.063978    0.194770    0.327133    0.000000    0.000000    0.000000    0.000000    0.000000    0.000000
  -6.67623    7.186162    0.183517    0.061391    0.183517    0.313602    0.000000    0.000000    0.000000    0.000000    0.000000    0.000000
  -6.67022    6.756921    0.170554    0.057776    0.170554    0.295235    0.000000    0.000000    0.000000    0.000000    0.000000    0.000000
  -6.66422    6.245879    0.156419    0.053342    0.156419    0.273120    0.000000    0.000000    0.000000    0.000000    0.000000    0.000000
  -6.65822    5.682358    0.141792    0.048336    0.141792    0.248555    0.000000    0.000000    0.000000    0.000000    0.000000    0.000000
  -6.65222    5.098248    0.127446    0.043025    0.127446    0.222950    0.000000    0.000000    0.000000    0.000000    0.000000    0.000000
  -6.64622    4.525718    0.114209    0.037674    0.114209    0.197721    0.000000    0.000000    0.000000    0.000000    0.000000    0.000000
  -6.64021    3.995122    0.102920    0.032529    0.102920    0.174200    0.000000    0.000000    0.000000    0.000000    0.000000    0.000000
  -6.63421    3.533295    0.094398    0.027805    0.094398    0.153561    0.000000    0.000000    0.000000    0.000000    0.000000    0.000000
  -6.62821    3.162295    0.089402    0.023676    0.089402    0.136766    0.000000    0.000000    0.000000    0.000000    0.000000    0.000000
  -6.62221    2.898614    0.088608    0.020271    0.088608    0.124534    0.000000    0.000000    0.000000    0.000000    0.000000    0.000000
  -6.61621    2.752806    0.092585    0.017675    0.092585    0.117327    0.000000    0.000000    0.000000    0.000000    0.000000    0.000000
  -6.61020    2.729436    0.101762    0.015929    0.101762    0.115355    0.000000    0.000000    0.000000    0.000000    0.000000    0.000000
  -6.60420    2.827264    0.116400    0.015040    0.116400    0.118584    0.000000    0.000000    0.000000    0.000000    0.000000    0.000000
  -6.59820    3.039596    0.136561    0.014980    0.136561    0.126762    0.000000    0.000000    0.000000    0.000000    0.000000    0.000000
  -6.59220    3.354761    0.162071    0.015696    0.162071    0.139443    0.000000    0.000000    0.000000    0.000000    0.000000    0.000000
  -6.58620    3.756719    0.192495    0.017110    0.192495    0.156014    0.000000    0.000000    0.000000    0.000000    0.000000    0.000000
  -6.58019    4.225821    0.227118    0.019129    0.227118    0.175735    0.000000    0.000000    0.000000    0.000000    0.000000    0.000000
  -6.57419    4.739746    0.264946    0.021643    0.264946    0.197777    0.000000    0.000000    0.000000    0.000000    0.000000    0.000000
  -6.56819    5.274639    0.304734    0.024531    0.304734    0.221264    0.000000    0.000000    0.000000    0.000000    0.000000    0.000000
  -6.56219    5.806416    0.345041    0.027669    0.345041    0.245327    0.000000    0.000000    0.000000    0.000000    0.000000    0.000000
  -6.55619    6.312171    0.384304    0.030928    0.384304    0.269148    0.000000    0.000000    0.000000    0.000000    0.000000    0.000000
  -6.55018    6.771569    0.420942    0.034184    0.420942    0.292007    0.000000    0.000000    0.000000    0.000000    0.000000    0.000000
  -6.54418    7.168084    0.453463    0.037325    0.453463    0.313318    0.000000    0.000000    0.000000    0.000000    0.000000    0.000000
  -6.53818    7.489938    0.480575    0.040248    0.480575    0.332648    0.000000    0.000000    0.000000    0.000000    0.000000    0.000000
  -6.53218    7.730609    0.501275    0.042871    0.501275    0.349724    0.000000    0.000000    0.000000    0.000000    0.000000    0.000000
  -6.52618    7.888851    0.514911    0.045128    0.514911    0.364414    0.000000    0.000000    0.000000    0.000000    0.000000    0.000000
  -6.52017    7.968224    0.521216    0.046975    0.521216    0.376704    0.000000    0.000000    0.000000    0.000000    0.000000    0.000000
  -6.51417    7.976200    0.520294    0.048381    0.520294    0.386652    0.000000    0.000000    0.000000    0.000000    0.000000    0.000000
  -6.50817    7.922988    0.512576    0.049333    0.512576    0.394350    0.000000    0.000000    0.000000    0.000000    0.000000    0.000000
  -6.50217    7.820250    0.498753    0.049823    0.498753    0.399883    0.000000    0.000000    0.000000    0.000000    0.000000    0.000000
  -6.49617    7.679888    0.479688    0.049855    0.479688    0.403304    0.000000    0.000000    0.000000    0.000000    0.000000    0.000000
  -6.49016    7.513045    0.456335    0.049436    0.456335    0.404622    0.000000    0.000000    0.000000    0.000000    0.000000    0.000000
  -6.48416    7.329435    0.429657    0.048578    0.429657    0.403812    0.000000    0.000000    0.000000    0.000000    0.000000    0.000000
  -6.47816    7.137025    0.400571    0.047297    0.400571    0.400834    0.000000    0.000000    0.000000    0.000000    0.000000    0.000000
  -6.47216    6.942041    0.369915    0.045619    0.369915    0.395666    0.000000    0.000000    0.000000    0.000000    0.000000    0.000000
  -6.46616    6.749219    0.338424    0.043575    0.338424    0.388341    0.000000    0.000000    0.000000    0.000000    0.000000    0.000000
  -6.46015    6.562194    0.306738    0.041210    0.306738    0.378972    0.000000    0.000000    0.000000    0.000000    0.000000    0.000000
  -6.45415    6.383922    0.275412    0.038581    0.275412    0.367775    0.000000    0.000000    0.000000    0.000000    0.000000    0.000000
  -6.44815    6.217028    0.244925    0.035755    0.244925    0.355074    0.000000    0.000000    0.000000    0.000000    0.000000    0.000000
  -6.44215    6.064044    0.215700    0.032809    0.215700    0.341286    0.000000    0.000000    0.000000    0.000000    0.000000    0.000000
  -6.43615    5.927499    0.188105    0.029827    0.188105    0.326905    0.000000    0.000000    0.000000    0.000000    0.000000    0.000000
  -6.43014    5.809881    0.162461    0.026892    0.162461    0.312463    0.000000    0.000000    0.000000    0.000000    0.000000    0.000000
  -6.42414    5.713504    0.139036    0.024084    0.139036    0.298497    0.000000    0.000000    0.000000    0.000000    0.000000    0.000000
  -6.41814    5.640331    0.118046    0.021478    0.118046    0.285509    0.000000    0.000000    0.000000    0.000000    0.000000    0.000000
  -6.41214    5.591791    0.099651    0.019137    0.099651    0.273943    0.000000    0.000000    0.000000    0.000000    0.000000    0.000000
  -6.40614    5.568669    0.083963    0.017113    0.083963    0.264158    0.000000    0.000000    0.000000    0.000000    0.000000    0.000000
  -6.40013    5.571075    0.071055    0.015445    0.071055    0.256421    0.000000    0.000000    0.000000    0.000000    0.000000    0.000000
  -6.39413    5.598550    0.060977    0.014167    0.060977    0.250916    0.000000    0.000000    0.000000    0.000000    0.000000    0.000000
  -6.38813    5.650325    0.053775    0.013304    0.053775    0.247754    0.000000    0.000000    0.000000    0.000000    0.000000    0.000000
  -6.38213    5.725731    0.049516    0.012880    0.049516    0.247002    0.000000    0.000000    0.000000    0.000000    0.000000    0.000000
  -6.37613    5.824736    0.048299    0.012921    0.048299    0.248723    0.000000    0.000000    0.000000    0.000000    0.000000    0.000000
  -6.37012    5.948578    0.050273    0.013456    0.050273    0.253006    0.000000    0.000000    0.000000    0.000000    0.000000    0.000000
  -6.36412    6.100404    0.055636    0.014523    0.055636    0.260014    0.000000    0.000000    0.000000    0.000000    0.000000    0.000000
  -6.35812    6.285828    0.064623    0.016165    0.064623    0.270009    0.000000    0.000000    0.000000    0.000000    0.000000    0.000000
  -6.35212    6.513292    0.077491    0.018431    0.077491    0.283376    0.000000    0.000000    0.000000    0.000000    0.000000    0.000000
  -6.34612    6.794148    0.094481    0.021371    0.094481    0.300630    0.000000    0.000000    0.000000    0.000000    0.000000    0.000000
  -6.34011    7.142377    0.115781    0.025033    0.115781    0.322398    0.000000    0.000000    0.000000    0.000000    0.000000    0.000000
  -6.33411    7.573942    0.141488    0.029454    0.141488    0.349395    0.000000    0.000000    0.000000    0.000000    0.000000    0.000000
  -6.32811    8.105786    0.171567    0.034660    0.171567    0.382368    0.000000    0.000000    0.000000    0.000000    0.000000    0.000000
  -6.32211    8.754576    0.205826    0.040656    0.205826    0.422049    0.000000    0.000000    0.000000    0.000000    0.000000    0.000000
  -6.31611    9.535301    0.243908    0.047432    0.243908    0.469082    0.000000    0.000000    0.000000    0.000000    0.000000    0.000000
  -6.31010   10.459869    0.285298    0.054956    0.285298    0.523969    0.000000    0.000000    0.000000    0.000000    0.000000    0.000000
  -6.30410   11.535823    0.329360    0.063186    0.329360    0.587019    0.000000    0.000000    0.000000    0.000000    0.000000    0.000000
  -6.29810   12.765280    0.375390    0.072073    0.375390    0.658301    0.000000    0.000000    0.000000    0.000000    0.000000    0.000000
  -6.29210   14.144138    0.422688    0.081572    0.422688    0.737620    0.000000    0.000000    0.000000    0.000000    0.000000    0.000000
  -6.28610   15.661584    0.470633    0.091648    0.470633    0.824498    0.000000    0.000000    0.000000    0.000000    0.000000    0.000000
  -6.28009   17.299884    0.518762    0.102287    0.518762    0.918170    0.000000    0.000000    0.000000    0.000000    0.000000    0.000000
  -6.27409   19.034442    0.566826    0.113494    0.566826    1.017574    0.000000    0.000000    0.000000    0.000000    0.000000    0.000000
  -6.26809   20.834118    0.614825    0.125289    0.614825    1.121359    0.000000    0.000000    0.000000    0.000000    0.000000    0.000000
  -6.26209   22.661828    0.663010    0.137702    0.663010    1.227885    0.000000    0.000000    0.000000    0.000000    0.000000    0.000000
  -6.25609   24.475446    0.711840    0.150752    0.711840    1.335233    0.000000    0.000000    0.000000    0.000000    0.000000    0.000000
  -6.25008   26.229059    0.761911    0.164427    0.761911    1.441228    0.000000    0.000000    0.000000    0.000000    0.000000    0.000000
  -6.24408   27.874584    0.813854    0.178660    0.813854    1.543473    0.000000    0.000000    0.000000    0.000000    0.000000    0.000000
  -6.23808   29.363732    0.868200    0.193312    0.868200    1.639404    0.000000    0.000000    0.000000    0.000000    0.000000    0.000000
  -6.23208   30.650238    0.925262    0.208152    0.925262    1.726368    0.000000    0.000000    0.000000    0.000000    0.000000    0.000000
  -6.22608   31.692212    0.985004    0.222852    0.985004    1.801728    0.000000    0.000000    0.000000    0.000000    0.000000    0.000000
  -6.22007   32.454410    1.046949    0.236992    1.046949    1.862984    0.000000    0.000000    0.000000    0.000000    0.000000    0.000000
  -6.21407   32.910215    1.110120    0.250078    1.110120    1.907902    0.000000    0.000000    0.000000    0.000000    0.000000    0.000000
  -6.20807   33.043110    1.173028    0.261571    1.173028    1.934650    0.000000    0.000000    0.000000    0.000000    0.000000    0.000000
  -6.20207   32.847493    1.233712    0.270923    1.233712    1.941912    0.000000    0.000000    0.000000    0.000000    0.000000    0.000000
  -6.19607   32.328756    1.289832    0.277625    1.289832    1.928991    0.000000    0.000000    0.000000    0.000000    0.000000    0.000000
  -6.19006   31.502638    1.338805    0.281247    1.338805    1.895859    0.000000    0.000000    0.000000    0.000000    0.000000    0.000000
  -6.18406   30.393974    1.377981    0.281480    1.377981    1.843187    0.000000    0.000000    0.000000    0.000000    0.000000    0.000000
  -6.17806   29.034993    1.404835    0.278164    1.404835    1.772311    0.000000    0.000000    0.000000    0.000000    0.000000    0.000000
  -6.17206   27.463403    1.417175    0.271301    1.417175    1.685175    0.000000    0.000000    0.000000    0.000000    0.000000    0.000000
  -6.16606   25.720447    1.413324    0.261064    1.413324    1.584226    0.000000    0.000000    0.000000    0.000000    0.000000    0.000000
  -6.16005   23.849115    1.392278    0.247781    1.392278    1.472290    0.000000    0.000000    0.000000    0.000000    0.000000    0.000000
  -6.15405   21.892619    1.353822    0.231911    1.353822    1.352435    0.000000    0.000000    0.000000    0.000000    0.000000    0.000000
  -6.14805   19.893181    1.298579    0.214010    1.298579    1.227824    0.000000    0.000000    0.000000    0.000000    0.000000    0.000000
  -6.14205   17.891123    1.227992    0.194695    1.227992    1.101585    0.000000    0.000000    0.000000    0.000000    0.000000    0.000000
  -6.13605   15.924196    1.144250    0.174602    1.144250    0.976689    0.000000    0.000000    0.000000    0.000000    0.000000    0.000000
  -6.13004   14.027090    1.050144    0.154347    1.050144    0.855850    0.000000    0.000000    0.000000    0.000000    0.000000    0.000000
  -6.12404   12.231046    0.948883    0.134500    0.948883    0.741449    0.000000    0.000000    0.000000    0.000000    0.000000    0.000000
  -6.11804   10.563539    0.843882    0.115553    0.843882    0.635489    0.000000    0.000000    0.000000    0.000000    0.000000    0.000000
  -6.11204    9.048010    0.738545    0.097912    0.738545    0.539566    0.000000    0.000000    0.000000    0.000000    0.000000    0.000000
  -6.10604    7.703667    0.636064    0.081884    0.636064    0.454871    0.000000    0.000000    0.000000    0.000000    0.000000    0.000000
  -6.10003    6.545389    0.539262    0.067682    0.539262    0.382208    0.000000    0.000000    0.000000    0.000000    0.000000    0.000000
  -6.09403    5.583771    0.450485    0.055431    0.450485    0.322028    0.000000    0.000000    0.000000    0.000000    0.000000    0.000000
  -6.08803    4.825341    0.371551    0.045185    0.371551    0.274484    0.000000    0.000000    0.000000    0.000000    0.000000    0.000000
  -6.08203    4.272958    0.303768    0.036942    0.303768    0.239487    0.000000    0.000000    0.000000    0.000000    0.000000    0.000000
  -6.07603    3.926388    0.248000    0.030665    0.248000    0.216773    0.000000    0.000000    0.000000    0.000000    0.000000    0.000000
  -6.07002    3.783003    0.204776    0.026302    0.204776    0.205970    0.000000    0.000000    0.000000    0.000000    0.000000    0.000000
  -6.06402    3.838548    0.174415    0.023805    0.174415    0.206666    0.000000    0.000000    0.000000    0.000000    0.000000    0.000000
  -6.05802    4.087894    0.157163    0.023147    0.157163    0.218469    0.000000    0.000000    0.000000    0.000000    0.000000    0.000000
  -6.05202    4.525677    0.153305    0.024334    0.153305    0.241052    0.000000    0.000000    0.000000    0.000000    0.000000    0.000000
  -6.04602    5.146725    0.163239    0.027409    0.163239    0.274189    0.000000    0.000000    0.000000    0.000000    0.000000    0.000000
  -6.04001    5.946171    0.187506    0.032454    0.187506    0.317760    0.000000    0.000000    0.000000    0.000000    0.000000    0.000000
  -6.03401    6.919186    0.226752    0.039579    0.226752    0.371736    0.000000    0.000000    0.000000    0.000000    0.000000    0.000000
  -6.02801    8.060271    0.281632    0.048911    0.281632    0.436121    0.000000    0.000000    0.000000    0.000000    0.000000    0.000000
  -6.02201    9.362131    0.352659    0.060562    0.352659    0.510874    0.000000    0.000000    0.000000    0.000000    0.000000    0.000000
  -6.01601   10.814204    0.440002    0.074606    0.440002    0.595791    0.000000    0.000000    0.000000    0.000000    0.000000    0.000000
  -6.01000   12.401006    0.543266    0.091041    0.543266    0.690375    0.000000    0.000000    0.000000    0.000000    0.000000    0.000000
  -6.00400   14.100536    0.661279    0.109758    0.661279    0.793693    0.000000    0.000000    0.000000    0.000000    0.000000    0.000000
  -5.99800   15.883031    0.791914    0.130504    0.791914    0.904258    0.000000    0.000000    0.000000    0.000000    0.000000    0.000000
  -5.99200   17.710411    0.931985    0.152867    0.931985    1.019941    0.000000    0.000000    0.000000    0.000000    0.000000    0.000000
  -5.98600   19.536687    1.077242    0.176267    1.077242    1.137954    0.000000    0.000000    0.000000    0.000000    0.000000    0.000000
  -5.97999   21.309565    1.222488    0.199959    1.222488    1.254913    0.000000    0.000000    0.000000    0.000000    0.000000    0.000000
  -5.97399   22.973264    1.361817    0.223069    1.361817    1.366985    0.000000    0.000000    0.000000    0.000000    0.000000    0.000000
  -5.96799   24.472434    1.488974    0.244637    1.488974    1.470134    0.000000    0.000000    0.000000    0.000000    0.000000    0.000000
  -5.96199   25.756826    1.597799    0.263681    1.597799    1.560428    0.000000    0.000000    0.000000    0.000000    0.000000    0.000000
  -5.95599   26.786166    1.682708    0.279273    1.682708    1.634387    0.000000    0.000000    0.000000    0.000000    0.000000    0.000000
  -5.94998   27.534604    1.739169    0.290613    1.739169    1.689326    0.000000    0.000000    0.000000    0.000000    0.000000    0.000000
  -5.94398   27.994041    1.764104    0.297103    1.764104    1.723647    0.000000    0.000000    0.000000    0.000000    0.000000    0.000000
  -5.93798   28.175735    1.756176    0.298398    1.756176    1.737028    0.000000    0.000000    0.000000    0.000000    0.000000    0.000000
  -5.93198   28.109792    1.715910    0.294443    1.715910    1.730488    0.000000    0.000000    0.000000    0.000000    0.000000    0.000000
  -5.92598   27.842395    1.645651    0.285482    1.645651    1.706303    0.000000    0.000000    0.000000    0.000000    0.000000    0.000000
  -5.91997   27.430982    1.549341    0.272029    1.549341    1.667771    0.000000    0.000000    0.000000    0.000000    0.000000    0.000000
  -5.91397   26.937895    1.432164    0.254832    1.432164    1.618863    0.000000    0.000000    0.000000    0.000000    0.000000    0.000000
  -5.90797   26.423280    1.300090    0.234799    1.300090    1.563803    0.000000    0.000000    0.000000    0.000000    0.000000    0.000000
  -5.90197   25.938169    1.159379    0.212923    1.159379    1.506614    0.000000    0.000000    0.000000    0.000000    0.000000    0.000000
  -5.89597   25.518697    1.016101    0.190202    1.016101    1.450722    0.000000    0.000000    0.000000    0.000000    0.000000    0.000000
  -5.88996   25.182251    0.875723    0.167566    0.875723    1.398632    0.000000    0.000000    0.000000    0.000000    0.000000    0.000000
  -5.88396   24.926094    0.742800    0.145814    0.742800    1.351753    0.000000    0.000000    0.000000    0.000000    0.000000    0.000000
  -5.87796   24.728662    0.620789    0.125577    0.620789    1.310362    0.000000    0.000000    0.000000    0.000000    0.000000    0.000000
  -5.87196   24.553320    0.511995    0.107300    0.511995    1.273717    0.000000    0.000000    0.000000    0.000000    0.000000    0.000000
  -5.86596   24.354041    0.417627    0.091235    0.417627    1.240302    0.000000    0.000000    0.000000    0.000000    0.000000    0.000000
  -5.85995   24.082202    0.337953    0.077471    0.337953    1.208145    0.000000    0.000000    0.000000    0.000000    0.000000    0.000000
  -5.85395   23.693544    0.272506    0.065955    0.272506    1.175181    0.000000    0.000000    0.000000    0.000000    0.000000    0.000000
  -5.84795   23.154374    0.220329    0.056537    0.220329    1.139592    0.000000    0.000000    0.000000    0.000000    0.000000    0.000000
  -5.84195   22.446236    0.180219    0.049011    0.180219    1.100102    0.000000    0.000000    0.000000    0.000000    0.000000    0.000000
  -5.83595   21.568516    0.150943    0.043152    0.150943    1.056165    0.000000    0.000000    0.000000    0.000000    0.000000    0.000000
  -5.82994   20.538786    0.131428    0.038753    0.131428    1.008056    0.000000    0.000000    0.000000    0.000000    0.000000    0.000000
  -5.82394   19.390998    0.120895    0.035649    0.120895    0.956854    0.000000    0.000000    0.000000    0.000000    0.000000    0.000000
  -5.81794   18.171927    0.118956    0.033739    0.118956    0.904328    0.000000    0.000000    0.000000    0.000000    0.000000    0.000000
  -5.81194   16.936460    0.125651    0.032996    0.125651    0.852756    0.000000    0.000000    0.000000    0.000000    0.000000    0.000000
  -5.80594   15.742412    0.141460    0.033473    0.141460    0.804706    0.000000    0.000000    0.000000    0.000000    0.000000    0.000000
  -5.79993   14.645570    0.167265    0.035308    0.167265    0.762811    0.000000    0.000000    0.000000    0.000000    0.000000    0.000000
  -5.79393   13.695526    0.204288    0.038713    0.204288    0.729568    0.000000    0.000000    0.000000    0.000000    0.000000    0.000000
  -5.78793   12.932719    0.254005    0.043979    0.254005    0.707181    0.000000    0.000000    0.000000    0.000000    0.000000    0.000000
  -5.78193   12.386874    0.318043    0.051458    0.318043    0.697459    0.000000    0.000000    0.000000    0.000000    0.000000    0.000000
  -5.77593   12.076826    0.398054    0.061558    0.398054    0.701778    0.000000    0.000000    0.000000    0.000000    0.000000    0.000000
  -5.76992   12.011485    0.495593    0.074727    0.495593    0.721086    0.000000    0.000000    0.000000    0.000000    0.000000    0.000000
  -5.76392   12.191609    0.611983    0.091429    0.611983    0.755955    0.000000    0.000000    0.000000    0.000000    0.000000    0.000000
  -5.75792   12.611882    0.748181    0.112118    0.748181    0.806635    0.000000    0.000000    0.000000    0.000000    0.000000    0.000000
  -5.75192   13.262859    0.904655    0.137202    0.904655    0.873106    0.000000    0.000000    0.000000    0.000000    0.000000    0.000000
  -5.74592   14.132339    1.081260    0.167001    1.081260    0.955098    0.000000    0.000000    0.000000    0.000000    0.000000    0.000000
  -5.73991   15.205898    1.277139    0.201690    1.277139    1.052067    0.000000    0.000000    0.000000    0.000000    0.000000    0.000000
  -5.73391   16.466450    1.490638    0.241256    1.490638    1.163123    0.000000    0.000000    0.000000    0.000000    0.000000    0.000000
  -5.72791   17.892961    1.719255    0.285434    1.719255    1.286916    0.000000    0.000000    0.000000    0.000000    0.000000    0.000000
  -5.72191   19.458599    1.959622    0.333679    1.959622    1.421501    0.000000    0.000000    0.000000    0.000000    0.000000    0.000000
  -5.71591   21.128774    2.207546    0.385129    2.207546    1.564213    0.000000    0.000000    0.000000    0.000000    0.000000    0.000000
  -5.70990   22.859633    2.458112    0.438617    2.458112    1.711585    0.000000    0.000000    0.000000    0.000000    0.000000    0.000000
  -5.70390   24.597551    2.705873    0.492695    2.705873    1.859354    0.000000    0.000000    0.000000    0.000000    0.000000    0.000000
  -5.69790   26.280045    2.945122    0.545709    2.945122    2.002563    0.000000    0.000000    0.000000    0.000000    0.000000    0.000000
  -5.69190   27.838360    3.170258    0.595896    3.170258    2.135805    0.000000    0.000000    0.000000    0.000000    0.000000    0.000000
  -5.68590   29.201692    3.376238    0.641518    3.376238    2.253571    0.000000    0.000000    0.000000    0.000000    0.000000    0.000000
  -5.67989   30.302714    3.559079    0.681010    3.559079    2.350698    0.000000    0.000000    0.000000    0.000000    0.000000    0.000000
  -5.67389   31.083822    3.716377    0.713129    3.716377    2.422862    0.000000    0.000000    0.000000    0.000000    0.000000    0.000000
  -5.66789   31.503321    3.847789    0.737093    3.847789    2.467057    0.000000    0.000000    0.000000    0.000000    0.000000    0.000000
  -5.66189   31.540688    3.955409    0.752682    3.955409    2.481993    0.000000    0.000000    0.000000    0.000000    0.000000    0.000000
  -5.65589   31.200117    4.043964    0.760293    4.043964    2.468351    0.000000    0.000000    0.000000    0.000000    0.000000    0.000000
  -5.64988   30.511723    4.120781    0.760933    4.120781    2.428846    0.000000    0.000000    0.000000    0.000000    0.000000    0.000000
  -5.64388   29.530095    4.195462    0.756151    4.195462    2.368079    0.000000    0.000000    0.000000    0.000000    0.000000    0.000000
  -5.63788   28.330195    4.279257    0.747902    4.279257    2.292176    0.000000    0.000000    0.000000    0.000000    0.000000    0.000000
  -5.63188   27.000987    4.384140    0.738364    4.384140    2.208240    0.000000    0.000000    0.000000    0.000000    0.000000    0.000000
  -5.62588   25.637476    4.521656    0.729724    4.521656    2.123687    0.000000    0.000000    0.000000    0.000000    0.000000    0.000000
  -5.61987   24.332028    4.701617    0.723946    4.701617    2.045536    0.000000    0.000000    0.000000    0.000000    0.000000    0.000000
  -5.61387   23.165977    4.930802    0.722566    4.930802    1.979724    0.000000    0.000000    0.000000    0.000000    0.000000    0.000000
  -5.60787   22.202461    5.211794    0.726517    5.211794    1.930546    0.000000    0.000000    0.000000    0.000000    0.000000    0.000000
  -5.60187   21.481283    5.542135    0.736023    5.542135    1.900275    0.000000    0.000000    0.000000    0.000000    0.000000    0.000000
  -5.59587   21.016363    5.913939    0.750565    5.913939    1.889016    0.000000    0.000000    0.000000    0.000000    0.000000    0.000000
  -5.58986   20.796017    6.314076    0.768940    6.314076    1.894796    0.000000    0.000000    0.000000    0.000000    0.000000    0.000000
  -5.58386   20.785965    6.724964    0.789390    6.724964    1.913896    0.000000    0.000000    0.000000    0.000000    0.000000    0.000000
  -5.57786   20.934668    7.125970    0.809807    7.125970    1.941380    0.000000    0.000000    0.000000    0.000000    0.000000    0.000000
  -5.57186   21.180319    7.495276    0.827979    7.495276    1.971742    0.000000    0.000000    0.000000    0.000000    0.000000    0.000000
  -5.56586   21.458630    7.812066    0.841862    7.812066    1.999613    0.000000    0.000000    0.000000    0.000000    0.000000    0.000000
  -5.55985   21.710486    8.058766    0.849835    8.058766    2.020429    0.000000    0.000000    0.000000    0.000000    0.000000    0.000000
  -5.55385   21.888570    8.223103    0.850914    8.223103    2.030988    0.000000    0.000000    0.000000    0.000000    0.000000    0.000000
  -5.54785   21.962216    8.299694    0.844907    8.299694    2.029830    0.000000    0.000000    0.000000    0.000000    0.000000    0.000000
  -5.54185   21.919966    8.290972    0.832478    8.290972    2.017392    0.000000    0.000000    0.000000    0.000000    0.000000    0.000000
  -5.53585   21.769624    8.207304    0.815124    8.207304    1.995940    0.000000    0.000000    0.000000    0.000000    0.000000    0.000000
  -5.52984   21.535912    8.066236    0.795058    8.066236    1.969276    0.000000    0.000000    0.000000    0.000000    0.000000    0.000000
  -5.52384   21.256126    7.890936    0.775019    7.890936    1.942269    0.000000    0.000000    0.000000    0.000000    0.000000    0.000000
  -5.51784   20.974445    7.707977    0.758016    7.707977    1.920276    0.000000    0.000000    0.000000    0.000000    0.000000    0.000000
  -5.51184   20.735677    7.544698    0.747045    7.544698    1.908515    0.000000    0.000000    0.000000    0.000000    0.000000    0.000000
  -5.50584   20.579269    7.426412    0.744804    7.426412    1.911469    0.000000    0.000000    0.000000    0.000000    0.000000    0.000000
  -5.49983   20.534332    7.373790    0.753418    7.373790    1.932395    0.000000    0.000000    0.000000    0.000000    0.000000    0.000000
  -5.49383   20.616246    7.400689    0.774236    7.400689    1.972980    0.000000    0.000000    0.000000    0.000000    0.000000    0.000000
  -5.48783   20.825190    7.512673    0.807682    7.512673    2.033182    0.000000    0.000000    0.000000    0.000000    0.000000    0.000000
  -5.48183   21.146639    7.706401    0.853203    7.706401    2.111261    0.000000    0.000000    0.000000    0.000000    0.000000    0.000000
  -5.47583   21.553631    7.969939    0.909302    7.969939    2.203987    0.000000    0.000000    0.000000    0.000000    0.000000    0.000000
  -5.46982   22.010375    8.283963    0.973662    8.283963    2.306988    0.000000    0.000000    0.000000    0.000000    0.000000    0.000000
  -5.46382   22.476613    8.623728    1.043336    8.623728    2.415183    0.000000    0.000000    0.000000    0.000000    0.000000    0.000000
  -5.45782   22.912146    8.961554    1.114998    8.961554    2.523266    0.000000    0.000000    0.000000    0.000000    0.000000    0.000000
  -5.45182   23.280895    9.269569    1.185208    9.269569    2.626146    0.000000    0.000000    0.000000    0.000000    0.000000    0.000000
  -5.44582   23.554064    9.522373    1.250681    9.522373    2.719337    0.000000    0.000000    0.000000    0.000000    0.000000    0.000000
  -5.43981   23.712089    9.699337    1.308518    9.699337    2.799237    0.000000    0.000000    0.000000    0.000000    0.000000    0.000000
  -5.43381   23.745302    9.786296    1.356387    9.786296    2.863282    0.000000    0.000000    0.000000    0.000000    0.000000    0.000000
  -5.42781   23.653399    9.776463    1.392631    9.776463    2.909995    0.000000    0.000000    0.000000    0.000000    0.000000    0.000000
  -5.42181   23.444011    9.670520    1.416310    9.670520    2.938919    0.000000    0.000000    0.000000    0.000000    0.000000    0.000000
  -5.41581   23.130716    9.475930    1.427173    9.475930    2.950491    0.000000    0.000000    0.000000    0.000000    0.000000    0.000000
  -5.40980   22.730933    9.205621    1.425581    9.205621    2.945870    0.000000    0.000000    0.000000    0.000000    0.000000    0.000000
  -5.40380   22.264015    8.876256    1.412388    8.876256    2.926761    0.000000    0.000000    0.000000    0.000000    0.000000    0.000000
  -5.39780   21.749840    8.506332    1.388818    8.506332    2.895256    0.000000    0.000000    0.000000    0.000000    0.000000    0.000000
  -5.39180   21.208001    8.114368    1.356340    8.114368    2.853714    0.000000    0.000000    0.000000    0.000000    0.000000    0.000000
  -5.38580   20.657588    7.717361    1.316555    7.717361    2.804666    0.000000    0.000000    0.000000    0.000000    0.000000    0.000000
  -5.37979   20.117420    7.329687    1.271112    7.329687    2.750758    0.000000    0.000000    0.000000    0.000000    0.000000    0.000000
  -5.37379   19.606526    6.962492    1.221646    6.962492    2.694697    0.000000    0.000000    0.000000    0.000000    0.000000    0.000000
  -5.36779   19.144626    6.623578    1.169742    6.623578    2.639205    0.000000    0.000000    0.000000    0.000000    0.000000    0.000000
  -5.36179   18.752409    6.317721    1.116905    6.317721    2.586960    0.000000    0.000000    0.000000    0.000000    0.000000    0.000000
  -5.35579   18.451468    6.047293    1.064555    6.047293    2.540520    0.000000    0.000000    0.000000    0.000000    0.000000    0.000000
  -5.34978   18.263845    5.813058    1.014021    5.813058    2.502240    0.000000    0.000000    0.000000    0.000000    0.000000    0.000000
  -5.34378   18.211242    5.615009    0.966539    5.615009    2.474183    0.000000    0.000000    0.000000    0.000000    0.000000    0.000000
  -5.33778   18.313998    5.453109    0.923254    5.453109    2.458050    0.000000    0.000000    0.000000    0.000000    0.000000    0.000000
  -5.33178   18.590015    5.327868    0.885229    5.327868    2.455132    0.000000    0.000000    0.000000    0.000000    0.000000    0.000000
  -5.32578   19.053784    5.240698    0.853454    5.240698    2.466305    0.000000    0.000000    0.000000    0.000000    0.000000    0.000000
  -5.31977   19.715648    5.194049    0.828865    5.194049    2.492068    0.000000    0.000000    0.000000    0.000000    0.000000    0.000000
  -5.31377   20.581357    5.191360    0.812367    5.191360    2.532622    0.000000    0.000000    0.000000    0.000000    0.000000    0.000000
  -5.30777   21.651940    5.236859    0.804864    5.236859    2.587979    0.000000    0.000000    0.000000    0.000000    0.000000    0.000000
  -5.30177   22.923795    5.335301    0.807290    5.335301    2.658088    0.000000    0.000000    0.000000    0.000000    0.000000    0.000000
  -5.29577   24.388896    5.491668    0.820635    5.491668    2.742959    0.000000    0.000000    0.000000    0.000000    0.000000    0.000000
  -5.28976   26.034958    5.710863    0.845962    5.710863    2.842753    0.000000    0.000000    0.000000    0.000000    0.000000    0.000000
  -5.28376   27.845448    5.997403    0.884398    5.997403    2.957829    0.000000    0.000000    0.000000    0.000000    0.000000    0.000000
  -5.27776   29.799342    6.355071    0.937096    6.355071    3.088716    0.000000    0.000000    0.000000    0.000000    0.000000    0.000000
  -5.27176   31.870627    6.786498    1.005154    6.786498    3.236009    0.000000    0.000000    0.000000    0.000000    0.000000    0.000000
  -5.26576   34.027615    7.292611    1.089486    7.292611    3.400176    0.000000    0.000000    0.000000    0.000000    0.000000    0.000000
  -5.25975   36.232231    7.871966    1.190656    7.871966    3.581299    0.000000    0.000000    0.000000    0.000000    0.000000    0.000000
  -5.25375   38.439478    8.519956    1.308660    8.519956    3.778745    0.000000    0.000000    0.000000    0.000000    0.000000    0.000000
  -5.24775   40.597338    9.227993    1.442707    9.227993    3.990836    0.000000    0.000000    0.000000    0.000000    0.000000    0.000000
  -5.24175   42.647308    9.982784    1.591003    9.982784    4.214535    0.000000    0.000000    0.000000    0.000000    0.000000    0.000000
  -5.23575   44.525759   10.765854    1.750582   10.765854    4.445207    0.000000    0.000000    0.000000    0.000000    0.000000    0.000000
  -5.22974   46.166156   11.553486    1.917223   11.553486    4.676525    0.000000    0.000000    0.000000    0.000000    0.000000    0.000000
  -5.22374   47.502103   12.317209    2.085486   12.317209    4.900540    0.000000    0.000000    0.000000    0.000000    0.000000    0.000000
  -5.21774   48.471001   13.024923    2.248883   13.024923    5.107954    0.000000    0.000000    0.000000    0.000000    0.000000    0.000000
  -5.21174   49.018051   13.642633    2.400196   13.642633    5.288602    0.000000    0.000000    0.000000    0.000000    0.000000    0.000000
  -5.20574   49.100224   14.136694    2.531927   14.136694    5.432112    0.000000    0.000000    0.000000    0.000000    0.000000    0.000000
  -5.19973   48.689784   14.476356    2.636837   14.476356    5.528687    0.000000    0.000000    0.000000    0.000000    0.000000    0.000000
  -5.19373   47.777021   14.636346    2.708527   14.636346    5.569943    0.000000    0.000000    0.000000    0.000000    0.000000    0.000000
  -5.18773   46.371850   14.599172    2.741992   14.599172    5.549689    0.000000    0.000000    0.000000    0.000000    0.000000    0.000000
  -5.18173   44.504109   14.356866    2.734086   14.356866    5.464580    0.000000    0.000000    0.000000    0.000000    0.000000    0.000000
  -5.17573   42.222460   13.911947    2.683834   13.911947    5.314539    0.000000    0.000000    0.000000    0.000000    0.000000    0.000000
  -5.16972   39.591980   13.277455    2.592549   13.277455    5.102903    0.000000    0.000000    0.000000    0.000000    0.000000    0.000000
  -5.16372   36.690631   12.476058    2.463752   12.476058    4.836255    0.000000    0.000000    0.000000    0.000000    0.000000    0.000000
  -5.15772   33.604909   11.538322    2.302881   11.538322    4.523977    0.000000    0.000000    0.000000    0.000000    0.000000    0.000000
  -5.15172   30.425057   10.500356    2.116848   10.500356    4.177546    0.000000    0.000000    0.000000    0.000000    0.000000    0.000000
  -5.14572   27.240233    9.401095    1.913476    9.401095    3.809676    0.000000    0.000000    0.000000    0.000000    0.000000    0.000000
  -5.13971   24.134033    8.279525    1.700903    8.279525    3.433394    0.000000    0.000000    0.000000    0.000000    0.000000    0.000000
  -5.13371   21.180703    7.172133    1.486994    7.172133    3.061147    0.000000    0.000000    0.000000    0.000000    0.000000    0.000000
  -5.12771   18.442293    6.110801    1.278842    6.110801    2.704037    0.000000    0.000000    0.000000    0.000000    0.000000    0.000000
  -5.12171   15.966879    5.121323    1.082385    5.121323    2.371241    0.000000    0.000000    0.000000    0.000000    0.000000    0.000000
  -5.11571   13.787877    4.222587    0.902170    4.222587    2.069665    0.000000    0.000000    0.000000    0.000000    0.000000    0.000000
  -5.10970   11.924339    3.426431    0.741266    3.426431    1.803829    0.000000    0.000000    0.000000    0.000000    0.000000    0.000000
  -5.10370   10.382039    2.738058    0.601306    2.738058    1.575957    0.000000    0.000000    0.000000    0.000000    0.000000    0.000000
  -5.09770    9.155085    2.156898    0.482643    2.156898    1.386233    0.000000    0.000000    0.000000    0.000000    0.000000    0.000000
  -5.09170    8.227797    1.677743    0.384570    1.677743    1.233153    0.000000    0.000000    0.000000    0.000000    0.000000    0.000000
  -5.08570    7.576601    1.292001    0.305582    1.292001    1.113927    0.000000    0.000000    0.000000    0.000000    0.000000    0.000000
  -5.07969    7.171780    0.988925    0.243638    0.988925    1.024861    0.000000    0.000000    0.000000    0.000000    0.000000    0.000000
  -5.07369    6.978976    0.756719    0.196401    0.756719    0.961701    0.000000    0.000000    0.000000    0.000000    0.000000    0.000000
  -5.06769    6.960481    0.583448    0.161439    0.583448    0.919907    0.000000    0.000000    0.000000    0.000000    0.000000    0.000000
  -5.06169    7.076372    0.457725    0.136385    0.457725    0.894865    0.000000    0.000000    0.000000    0.000000    0.000000    0.000000
  -5.05569    7.285638    0.369178    0.119037    0.369178    0.882041    0.000000    0.000000    0.000000    0.000000    0.000000    0.000000
  -5.04968    7.547407    0.308719    0.107435    0.308719    0.877106    0.000000    0.000000    0.000000    0.000000    0.000000    0.000000
  -5.04368    7.822365    0.268662    0.099891    0.268662    0.876052    0.000000    0.000000    0.000000    0.000000    0.000000    0.000000
  -5.03768    8.074370    0.242724    0.095001    0.242724    0.875304    0.000000    0.000000    0.000000    0.000000    0.000000    0.000000
  -5.03168    8.272183    0.225948    0.091642    0.225948    0.871848    0.000000    0.000000    0.000000    0.000000    0.000000    0.000000
  -5.02568    8.391166    0.214601    0.088962    0.214601    0.863357    0.000000    0.000000    0.000000    0.000000    0.000000    0.000000
  -5.01967    8.414734    0.206044    0.086363    0.206044    0.848315    0.000000    0.000000    0.000000    0.000000    0.000000    0.000000
  -5.01367    8.335365    0.198617    0.083482    0.198617    0.826112    0.000000    0.000000    0.000000    0.000000    0.000000    0.000000
  -5.00767    8.155001    0.191530    0.080182    0.191530    0.797101    0.000000    0.000000    0.000000    0.000000    0.000000    0.000000
  -5.00167    7.884730    0.184787    0.076533    0.184787    0.762596    0.000000    0.000000    0.000000    0.000000    0.000000    0.000000
  -4.99567    7.543789    0.179125    0.072799    0.179125    0.724820    0.000000    0.000000    0.000000    0.000000    0.000000    0.000000
  -4.98966    7.157966    0.175989    0.069432    0.175989    0.686791    0.000000    0.000000    0.000000    0.000000    0.000000    0.000000
  -4.98366    6.757606    0.177524    0.067065    0.177524    0.652180    0.000000    0.000000    0.000000    0.000000    0.000000    0.000000
  -4.97766    6.375456    0.186591    0.066512    0.186591    0.625132    0.000000    0.000000    0.000000    0.000000    0.000000    0.000000
  -4.97166    6.044564    0.206801    0.068767    0.206801    0.610090    0.000000    0.000000    0.000000    0.000000    0.000000    0.000000
  -4.96566    5.796462    0.242534    0.075003    0.242534    0.611622    0.000000    0.000000    0.000000    0.000000    0.000000    0.000000
  -4.95965    5.659734    0.298942    0.086577    0.298942    0.634270    0.000000    0.000000    0.000000    0.000000    0.000000    0.000000
  -4.95365    5.659051    0.381895    0.105013    0.381895    0.682406    0.000000    0.000000    0.000000    0.000000    0.000000    0.000000
  -4.94765    5.814635    0.497853    0.131975    0.497853    0.760106    0.000000    0.000000    0.000000    0.000000    0.000000    0.000000
  -4.94165    6.142080    0.653628    0.169220    0.653628    0.871028    0.000000    0.000000    0.000000    0.000000    0.000000    0.000000
  -4.93565    6.652398    0.856037    0.218521    0.856037    1.018273    0.000000    0.000000    0.000000    0.000000    0.000000    0.000000
  -4.92964    7.352201    1.111425    0.281564    1.111425    1.204235    0.000000    0.000000    0.000000    0.000000    0.000000    0.000000
  -4.92364    8.243874    1.425103    0.359822    1.425103    1.430443    0.000000    0.000000    0.000000    0.000000    0.000000    0.000000
  -4.91764    9.325725    1.800734    0.454414    1.800734    1.697389    0.000000    0.000000    0.000000    0.000000    0.000000    0.000000
  -4.91164   10.592052    2.239736    0.565971    2.239736    2.004385    0.000000    0.000000    0.000000    0.000000    0.000000    0.000000
  -4.90564   12.033187    2.740790    0.694511    2.740790    2.349456    0.000000    0.000000    0.000000    0.000000    0.000000    0.000000
  -4.89963   13.635570    3.299538    0.839369    3.299538    2.729317    0.000000    0.000000    0.000000    0.000000    0.000000    0.000000
  -4.89363   15.381930    3.908533    0.999174    3.908533    3.139447    0.000000    0.000000    0.000000    0.000000    0.000000    0.000000
  -4.88763   17.251639    4.557502    1.171904    4.557502    3.574292    0.000000    0.000000    0.000000    0.000000    0.000000    0.000000
  -4.88163   19.221284    5.233905    1.355010    5.233905    4.027577    0.000000    0.000000    0.000000    0.000000    0.000000    0.000000
  -4.87563   21.265446    5.923753    1.545600    5.923753    4.492721    0.000000    0.000000    0.000000    0.000000    0.000000    0.000000
  -4.86962   23.357614    6.612576    1.740670    6.612576    4.963294    0.000000    0.000000    0.000000    0.000000    0.000000    0.000000
  -4.86362   25.471125    7.286423    1.937328    7.286423    5.433470    0.000000    0.000000    0.000000    0.000000    0.000000    0.000000
  -4.85762   27.579982    7.932735    2.133007    7.932735    5.898378    0.000000    0.000000    0.000000    0.000000    0.000000    0.000000
  -4.85162   29.659404    8.540985    2.325599    8.540985    6.354314    0.000000    0.000000    0.000000    0.000000    0.000000    0.000000
  -4.84562   31.685999    9.102980    2.513505    9.102980    6.798737    0.000000    0.000000    0.000000    0.000000    0.000000    0.000000
  -4.83961   33.637534    9.612819    2.695591    9.612819    7.230048    0.000000    0.000000    0.000000    0.000000    0.000000    0.000000
  -4.83361   35.492359   10.066552    2.871044   10.066552    7.647175    0.000000    0.000000    0.000000    0.000000    0.000000    0.000000
  -4.82761   37.228667   10.461658    3.039172   10.461658    8.049028    0.000000    0.000000    0.000000    0.000000    0.000000    0.000000
  -4.82161   38.823828   10.796493    3.199190   10.796493    8.433923    0.000000    0.000000    0.000000    0.000000    0.000000    0.000000
  -4.81561   40.254092   11.069889    3.350036   11.069889    8.799106    0.000000    0.000000    0.000000    0.000000    0.000000    0.000000
  -4.80960   41.494929   11.281018    3.490274   11.281018    9.140475    0.000000    0.000000    0.000000    0.000000    0.000000    0.000000
  -4.80360   42.522162   11.429630    3.618118   11.429630    9.452604    0.000000    0.000000    0.000000    0.000000    0.000000    0.000000
  -4.79760   43.313922   11.516632    3.731600   11.516632    9.729090    0.000000    0.000000    0.000000    0.000000    0.000000    0.000000
  -4.79160   43.853273   11.544934    3.828858   11.544934    9.963221    0.000000    0.000000    0.000000    0.000000    0.000000    0.000000
  -4.78560   44.131138   11.520395    3.908516   11.520395   10.148856    0.000000    0.000000    0.000000    0.000000    0.000000    0.000000
  -4.77959   44.149094   11.452637    3.970090   11.452637   10.281396    0.000000    0.000000    0.000000    0.000000    0.000000    0.000000
  -4.77359   43.921476   11.355542    4.014344   11.355542   10.358677    0.000000    0.000000    0.000000    0.000000    0.000000    0.000000
  -4.76759   43.476331   11.247204    4.043526   11.247204   10.381614    0.000000    0.000000    0.000000    0.000000    0.000000    0.000000
  -4.76159   42.854850   11.149258    4.061412   11.149258   10.354490    0.000000    0.000000    0.000000    0.000000    0.000000    0.000000
  -4.75559   42.109181   11.085530    4.073141   11.085530   10.284787    0.000000    0.000000    0.000000    0.000000    0.000000    0.000000
  -4.74958   41.298735   11.080119    4.084812   11.080119   10.182597    0.000000    0.000000    0.000000    0.000000    0.000000    0.000000
  -4.74358   40.485380   11.155072    4.102905   11.155072   10.059664    0.000000    0.000000    0.000000    0.000000    0.000000    0.000000
  -4.73758   39.728110   11.327918    4.133568   11.327918    9.928219    0.000000    0.000000    0.000000    0.000000    0.000000    0.000000
  -4.73158   39.077895   11.609363    4.181884   11.609363    9.799767    0.000000    0.000000    0.000000    0.000000    0.000000    0.000000
  -4.72558   38.573409   12.001447    4.251190   12.001447    9.684019    0.000000    0.000000    0.000000    0.000000    0.000000    0.000000
  -4.71957   38.238210   12.496424    4.342574   12.496424    9.588123    0.000000    0.000000    0.000000    0.000000    0.000000    0.000000
  -4.71357   38.079766   13.076571    4.454604   13.076571    9.516284    0.000000    0.000000    0.000000    0.000000    0.000000    0.000000
  -4.70757   38.090406   13.715003    4.583349   13.715003    9.469822    0.000000    0.000000    0.000000    0.000000    0.000000    0.000000
  -4.70157   38.250031   14.377473    4.722684   14.377473    9.447618    0.000000    0.000000    0.000000    0.000000    0.000000    0.000000
  -4.69557   38.530135   15.025003    4.864860   15.025003    9.446855    0.000000    0.000000    0.000000    0.000000    0.000000    0.000000
  -4.68956   38.898506   15.617103    5.001268   15.617103    9.463900    0.000000    0.000000    0.000000    0.000000    0.000000    0.000000
  -4.68356   39.323893   16.115236    5.123292   16.115236    9.495188    0.000000    0.000000    0.000000    0.000000    0.000000    0.000000
  -4.67756   39.779943   16.486167    5.223162   16.486167    9.537929    0.000000    0.000000    0.000000    0.000000    0.000000    0.000000
  -4.67156   40.247844   16.704840    5.294696   16.704840    9.590557    0.000000    0.000000    0.000000    0.000000    0.000000    0.000000
  -4.66556   40.717324   16.756468    5.333848   16.756468    9.652829    0.000000    0.000000    0.000000    0.000000    0.000000    0.000000
  -4.65955   41.185937   16.637634    5.339006   16.637634    9.725593    0.000000    0.000000    0.000000    0.000000    0.000000    0.000000
  -4.65355   41.656826   16.356310    5.311028   16.356310    9.810270    0.000000    0.000000    0.000000    0.000000    0.000000    0.000000
  -4.64755   42.135417   15.930834    5.253023   15.930834    9.908153    0.000000    0.000000    0.000000    0.000000    0.000000    0.000000
  -4.64155   42.625672   15.388001    5.169930   15.388001   10.019667    0.000000    0.000000    0.000000    0.000000    0.000000    0.000000
  -4.63555   43.126566   14.760532    5.067975   14.760532   10.143708    0.000000    0.000000    0.000000    0.000000    0.000000    0.000000
  -4.62954   43.629445   14.084215    4.954074   14.084215   10.277208    0.000000    0.000000    0.000000    0.000000    0.000000    0.000000
  -4.62354   44.116737   13.395049    4.835262   13.395049   10.414988    0.000000    0.000000    0.000000    0.000000    0.000000    0.000000
  -4.61754   44.562263   12.726658    4.718218   12.726658   10.549957    0.000000    0.000000    0.000000    0.000000    0.000000    0.000000
  -4.61154   44.933130   12.108202    4.608912   12.108202   10.673615    0.000000    0.000000    0.000000    0.000000    0.000000    0.000000
  -4.60554   45.192915   11.562904    4.512391   11.562904   10.776822    0.000000    0.000000    0.000000    0.000000    0.000000    0.000000
  -4.59953   45.305651   11.107242    4.432692   11.107242   10.850704    0.000000    0.000000    0.000000    0.000000    0.000000    0.000000
  -4.59353   45.240003   10.750748    4.372845   10.750748   10.887585    0.000000    0.000000    0.000000    0.000000    0.000000    0.000000
  -4.58753   44.973031   10.496336    4.334937   10.496336   10.881814    0.000000    0.000000    0.000000    0.000000    0.000000    0.000000
  -4.58153   44.492985   10.341007    4.320176   10.341007   10.830378    0.000000    0.000000    0.000000    0.000000    0.000000    0.000000
  -4.57553   43.800806   10.276813    4.328938   10.276813   10.733237    0.000000    0.000000    0.000000    0.000000    0.000000    0.000000
  -4.56952   42.910143   10.291928    4.360772   10.291928   10.593317    0.000000    0.000000    0.000000    0.000000    0.000000    0.000000
  -4.56352   41.845996   10.371739    4.414358   10.371739   10.416201    0.000000    0.000000    0.000000    0.000000    0.000000    0.000000
  -4.55752   40.642196   10.499882    4.487433   10.499882   10.209535    0.000000    0.000000    0.000000    0.000000    0.000000    0.000000
  -4.55152   39.338145   10.659163    4.576720   10.659163    9.982255    0.000000    0.000000    0.000000    0.000000    0.000000    0.000000
  -4.54552   37.975239   10.832355    4.677891   10.832355    9.743708    0.000000    0.000000    0.000000    0.000000    0.000000    0.000000
  -4.53951   36.593424   11.002869    4.785595   11.002869    9.502804    0.000000    0.000000    0.000000    0.000000    0.000000    0.000000
  -4.53351   35.228272   11.155306    4.893602   11.155306    9.267281    0.000000    0.000000    0.000000    0.000000    0.000000    0.000000
  -4.52751   33.908834   11.275908    4.995059   11.275908    9.043178    0.000000    0.000000    0.000000    0.000000    0.000000    0.000000
  -4.52151   32.656423   11.352924    5.082865   11.352924    8.834557    0.000000    0.000000    0.000000    0.000000    0.000000    0.000000
  -4.51551   31.484326   11.376906    5.150142   11.376906    8.643495    0.000000    0.000000    0.000000    0.000000    0.000000    0.000000
  -4.50950   30.398333   11.340938    5.190748   11.340938    8.470314    0.000000    0.000000    0.000000    0.000000    0.000000    0.000000
  -4.50350   29.397889   11.240786    5.199780   11.240786    8.313976    0.000000    0.000000    0.000000    0.000000    0.000000    0.000000
  -4.49750   28.477616   11.074946    5.173995   11.074946    8.172567    0.000000    0.000000    0.000000    0.000000    0.000000    0.000000
  -4.49150   27.628940   10.844588    5.112083   10.844588    8.043771    0.000000    0.000000    0.000000    0.000000    0.000000    0.000000
  -4.48550   26.841632   10.553357    5.014757   10.553357    7.925241    0.000000    0.000000    0.000000    0.000000    0.000000    0.000000
  -4.47949   26.105093   10.207030    4.884638   10.207030    7.814827    0.000000    0.000000    0.000000    0.000000    0.000000    0.000000
  -4.47349   25.409334    9.813056    4.725938    9.813056    7.710634    0.000000    0.000000    0.000000    0.000000    0.000000    0.000000
  -4.46749   24.745658    9.379994    4.544010    9.379994    7.610939    0.000000    0.000000    0.000000    0.000000    0.000000    0.000000
  -4.46149   24.107126    8.916926    4.344801    8.916926    7.514033    0.000000    0.000000    0.000000    0.000000    0.000000    0.000000
  -4.45549   23.488908    8.432885    4.134312    8.432885    7.418059    0.000000    0.000000    0.000000    0.000000    0.000000    0.000000
  -4.44948   22.888592    7.936393    3.918131    7.936393    7.320927    0.000000    0.000000    0.000000    0.000000    0.000000    0.000000
  -4.44348   22.306489    7.435134    3.701091    7.435134    7.220370    0.000000    0.000000    0.000000    0.000000    0.000000    0.000000
  -4.43748   21.745922    6.935806    3.487097    6.935806    7.114154    0.000000    0.000000    0.000000    0.000000    0.000000    0.000000
  -4.43148   21.213402    6.444129    3.279108    6.444129    7.000425    0.000000    0.000000    0.000000    0.000000    0.000000    0.000000
  -4.42548   20.718589    5.964982    3.079258    5.964982    6.878146    0.000000    0.000000    0.000000    0.000000    0.000000    0.000000
  -4.41947   20.273928    5.502611    2.889051    5.502611    6.747527    0.000000    0.000000    0.000000    0.000000    0.000000    0.000000
  -4.41347   19.893904    5.060838    2.709592    5.060838    6.610362    0.000000    0.000000    0.000000    0.000000    0.000000    0.000000
  -4.40747   19.593934    4.643212    2.541778    4.643212    6.470218    0.000000    0.000000    0.000000    0.000000    0.000000    0.000000
  -4.40147   19.388999    4.253066    2.386431    4.253066    6.332391    0.000000    0.000000    0.000000    0.000000    0.000000    0.000000
  -4.39547   19.292196    3.893470    2.244343    3.893470    6.203650    0.000000    0.000000    0.000000    0.000000    0.000000    0.000000
  -4.38946   19.313420    3.567088    2.116248    3.567088    6.091771    0.000000    0.000000    0.000000    0.000000    0.000000    0.000000
  -4.38346   19.458377    3.275994    2.002737    3.275994    6.004924    0.000000    0.000000    0.000000    0.000000    0.000000    0.000000
  -4.37746   19.728085    3.021485    1.904153    3.021485    5.950969    0.000000    0.000000    0.000000    0.000000    0.000000    0.000000
  -4.37146   20.118904    2.803947    1.820508    2.803947    5.936740    0.000000    0.000000    0.000000    0.000000    0.000000    0.000000
  -4.36546   20.623060    2.622824    1.751433    2.622824    5.967396    0.000000    0.000000    0.000000    0.000000    0.000000    0.000000
  -4.35945   21.229539    2.476700    1.696195    2.476700    6.045867    0.000000    0.000000    0.000000    0.000000    0.000000    0.000000
  -4.35345   21.925174    2.363504    1.653764    2.363504    6.172482    0.000000    0.000000    0.000000    0.000000    0.000000    0.000000
  -4.34745   22.695758    2.280819    1.622939    2.280819    6.344785    0.000000    0.000000    0.000000    0.000000    0.000000    0.000000
  -4.34145   23.527059    2.226269    1.602502    2.226269    6.557599    0.000000    0.000000    0.000000    0.000000    0.000000    0.000000
  -4.33545   24.405671    2.197940    1.591382    2.197940    6.803343    0.000000    0.000000    0.000000    0.000000    0.000000    0.000000
  -4.32944   25.319714    2.194796    1.588816    2.194796    7.072620    0.000000    0.000000    0.000000    0.000000    0.000000    0.000000
  -4.32344   26.259459    2.217051    1.594489    2.217051    7.355060    0.000000    0.000000    0.000000    0.000000    0.000000    0.000000
  -4.31744   27.217913    2.266455    1.608631    2.266455    7.640365    0.000000    0.000000    0.000000    0.000000    0.000000    0.000000
  -4.31144   28.191432    2.346453    1.632080    2.346453    7.919477    0.000000    0.000000    0.000000    0.000000    0.000000    0.000000
  -4.30544   29.180315    2.462180    1.666287    2.462180    8.185731    0.000000    0.000000    0.000000    0.000000    0.000000    0.000000
  -4.29943   30.189277    2.620259    1.713257    2.620259    8.435857    0.000000    0.000000    0.000000    0.000000    0.000000    0.000000
  -4.29343   31.227632    2.828365    1.775421    2.828365    8.670667    0.000000    0.000000    0.000000    0.000000    0.000000    0.000000
  -4.28743   32.309010    3.094554    1.855437    3.094554    8.895282    0.000000    0.000000    0.000000    0.000000    0.000000    0.000000
  -4.28143   33.450417    3.426357    1.955901    3.426357    9.118827    0.000000    0.000000    0.000000    0.000000    0.000000    0.000000
  -4.27543   34.670572    3.829694    2.079009    3.829694    9.353553    0.000000    0.000000    0.000000    0.000000    0.000000    0.000000
  -4.26942   35.987542    4.307681    2.226165    4.307681    9.613451    0.000000    0.000000    0.000000    0.000000    0.000000    0.000000
  -4.26342   37.415854    4.859457    2.397588    4.859457    9.912508    0.000000    0.000000    0.000000    0.000000    0.000000    0.000000
  -4.25742   38.963381    5.479174    2.591966    5.479174   10.262789    0.000000    0.000000    0.000000    0.000000    0.000000    0.000000
  -4.25142   40.628426    6.155313    2.806198    6.155313   10.672615    0.000000    0.000000    0.000000    0.000000    0.000000    0.000000
  -4.24542   42.397457    6.870475    3.035291    6.870475   11.145068    0.000000    0.000000    0.000000    0.000000    0.000000    0.000000
  -4.23941   44.243926    7.601765    3.272446    7.601765   11.677046    0.000000    0.000000    0.000000    0.000000    0.000000    0.000000
  -4.23341   46.128527    8.321826    3.509358    8.321826   12.259036    0.000000    0.000000    0.000000    0.000000    0.000000    0.000000
  -4.22741   48.001055    9.000494    3.736719    9.000494   12.875649    0.000000    0.000000    0.000000    0.000000    0.000000    0.000000
  -4.22141   49.803841    9.606980    3.944905    9.606980   13.506903    0.000000    0.000000    0.000000    0.000000    0.000000    0.000000
  -4.21541   51.476470   10.112370    4.124773   10.112370   14.130100    0.000000    0.000000    0.000000    0.000000    0.000000    0.000000
  -4.20940   52.961294   10.492206    4.268493   10.492206   14.722097    0.000000    0.000000    0.000000    0.000000    0.000000    0.000000
  -4.20340   54.209055   10.728851    4.370319   10.728851   15.261672    0.000000    0.000000    0.000000    0.000000    0.000000    0.000000
  -4.19740   55.183899   10.813351    4.427201   10.813351   15.731711    0.000000    0.000000    0.000000    0.000000    0.000000    0.000000
  -4.19140   55.867051   10.746580    4.439159   10.746580   16.120926    0.000000    0.000000    0.000000    0.000000    0.000000    0.000000
  -4.18540   56.258629   10.539481    4.409368   10.539481   16.424895    0.000000    0.000000    0.000000    0.000000    0.000000    0.000000
  -4.17939   56.377302   10.212391    4.343930   10.212391   16.646301    0.000000    0.000000    0.000000    0.000000    0.000000    0.000000
  -4.17339   56.257823    9.793483    4.251359    9.793483   16.794351    0.000000    0.000000    0.000000    0.000000    0.000000    0.000000
  -4.16739   55.946814    9.316516    4.141837    9.316516   16.883468    0.000000    0.000000    0.000000    0.000000    0.000000    0.000000
  -4.16139   55.497404    8.818138    4.026317    8.818138   16.931444    0.000000    0.000000    0.000000    0.000000    0.000000    0.000000
  -4.15539   54.963520    8.335033    3.915605    8.335033   16.957312    0.000000    0.000000    0.000000    0.000000    0.000000    0.000000
  -4.14938   54.394644    7.901209    3.819490    7.901209   16.979208    0.000000    0.000000    0.000000    0.000000    0.000000    0.000000
  -4.14338   53.831716    7.545694    3.746049    7.545694   17.012500    0.000000    0.000000    0.000000    0.000000    0.000000    0.000000
  -4.13738   53.304663    7.290811    3.701172    7.290811   17.068396    0.000000    0.000000    0.000000    0.000000    0.000000    0.000000
  -4.13138   52.831695    7.151149    3.688344    7.151149   17.153157    0.000000    0.000000    0.000000    0.000000    0.000000    0.000000
  -4.12538   52.420232    7.133229    3.708684    7.133229   17.267962    0.000000    0.000000    0.000000    0.000000    0.000000    0.000000
  -4.11937   52.069039    7.235798    3.761191    7.235798   17.409365    0.000000    0.000000    0.000000    0.000000    0.000000    0.000000
  -4.11337   51.770990    7.450605    3.843137    7.450605   17.570212    0.000000    0.000000    0.000000    0.000000    0.000000    0.000000
  -4.10737   51.515833    7.763519    3.950523    7.763519   17.740819    0.000000    0.000000    0.000000    0.000000    0.000000    0.000000
  -4.10137   51.292416    8.155792    4.078518    8.155792   17.910220    0.000000    0.000000    0.000000    0.000000    0.000000    0.000000
  -4.09537   51.089996    8.605356    4.221822    8.605356   18.067294    0.000000    0.000000    0.000000    0.000000    0.000000    0.000000
  -4.08936   50.898519    9.088048    4.374899    9.088048   18.201615    0.000000    0.000000    0.000000    0.000000    0.000000    0.000000
  -4.08336   50.708002    9.578718    4.532094    9.578718   18.303971    0.000000    0.000000    0.000000    0.000000    0.000000    0.000000
  -4.07736   50.507360   10.052247    4.687632   10.052247   18.366557    0.000000    0.000000    0.000000    0.000000    0.000000    0.000000
  -4.07136   50.283170   10.484492    4.835581   10.484492   18.382901    0.000000    0.000000    0.000000    0.000000    0.000000    0.000000
  -4.06536   50.018880   10.853246    4.969808   10.853246   18.347666    0.000000    0.000000    0.000000    0.000000    0.000000    0.000000
  -4.05935   49.694899   11.139232    5.084031   11.139232   18.256468    0.000000    0.000000    0.000000    0.000000    0.000000    0.000000
  -4.05335   49.289804   11.327151    5.171977   11.327151   18.105834    0.000000    0.000000    0.000000    0.000000    0.000000    0.000000
  -4.04735   48.782684   11.406740    5.227704   11.406740   17.893397    0.000000    0.000000    0.000000    0.000000    0.000000    0.000000
  -4.04135   48.156360   11.373745    5.246030   11.373745   17.618346    0.000000    0.000000    0.000000    0.000000    0.000000    0.000000
  -4.03535   47.401012   11.230668    5.223060   11.230668   17.282065    0.000000    0.000000    0.000000    0.000000    0.000000    0.000000
  -4.02934   46.517604   10.987142    5.156701   10.987142   16.888878    0.000000    0.000000    0.000000    0.000000    0.000000    0.000000
  -4.02334   45.520455   10.659791    5.047098   10.659791   16.446710    0.000000    0.000000    0.000000    0.000000    0.000000    0.000000
  -4.01734   44.438415   10.271465    4.896892   10.271465   15.967528    0.000000    0.000000    0.000000    0.000000    0.000000    0.000000
  -4.01134   43.314284    9.849855    4.711256    9.849855   15.467427    0.000000    0.000000    0.000000    0.000000    0.000000    0.000000
  -4.00534   42.202379    9.425523    4.497671    9.425523   14.966264    0.000000    0.000000    0.000000    0.000000    0.000000    0.000000
  -3.99933   41.164439    9.029524    4.265466    9.029524   14.486847    0.000000    0.000000    0.000000    0.000000    0.000000    0.000000
  -3.99333   40.264325    8.690837    4.025170    8.690837   14.053743    0.000000    0.000000    0.000000    0.000000    0.000000    0.000000
  -3.98733   39.562133    8.433878    3.787762    8.433878   13.691804    0.000000    0.000000    0.000000    0.000000    0.000000    0.000000
  -3.98133   39.108449    8.276374    3.563906    8.276374   13.424584    0.000000    0.000000    0.000000    0.000000    0.000000    0.000000
  -3.97533   38.939419    8.227836    3.363254    8.227836   13.272796    0.000000    0.000000    0.000000    0.000000    0.000000    0.000000
  -3.96932   39.073220    8.288818    3.193896    8.288818   13.252945    0.000000    0.000000    0.000000    0.000000    0.000000    0.000000
  -3.96332   39.508273    8.451017    3.061979    8.451017   13.376254    0.000000    0.000000    0.000000    0.000000    0.000000    0.000000
  -3.95732   40.223348    8.698224    2.971508    8.698224   13.647917    0.000000    0.000000    0.000000    0.000000    0.000000    0.000000
  -3.95132   41.179452    9.007980    2.924311    9.007980   14.066714    0.000000    0.000000    0.000000    0.000000    0.000000    0.000000
  -3.94532   42.323203    9.353737    2.920121    9.353737   14.624958    0.000000    0.000000    0.000000    0.000000    0.000000    0.000000
  -3.93931   43.591247    9.707299    2.956735    9.707299   15.308756    0.000000    0.000000    0.000000    0.000000    0.000000    0.000000
  -3.93331   44.915212   10.041238    3.030223   10.041238   16.098532    0.000000    0.000000    0.000000    0.000000    0.000000    0.000000
  -3.92731   46.226669   10.331073    3.135147   10.331073   16.969808    0.000000    0.000000    0.000000    0.000000    0.000000    0.000000
  -3.92131   47.461665   10.556997    3.264800   10.556997   17.894211    0.000000    0.000000    0.000000    0.000000    0.000000    0.000000
  -3.91531   48.564467   10.705029    3.411477   10.705029   18.840702    0.000000    0.000000    0.000000    0.000000    0.000000    0.000000
  -3.90930   49.490299   10.767539    3.566781   10.767539   19.777018    0.000000    0.000000    0.000000    0.000000    0.000000    0.000000
  -3.90330   50.206996   10.743189    3.722001   10.743189   20.671287    0.000000    0.000000    0.000000    0.000000    0.000000    0.000000
  -3.89730   50.695620   10.636367    3.868561   10.636367   21.493759    0.000000    0.000000    0.000000    0.000000    0.000000    0.000000
  -3.89130   50.950172   10.456258    3.998520   10.456258   22.218560    0.000000    0.000000    0.000000    0.000000    0.000000    0.000000
  -3.88530   50.976618   10.215719    4.105109   10.215719   22.825339    0.000000    0.000000    0.000000    0.000000    0.000000    0.000000
  -3.87929   50.791440    9.930101    4.183244    9.930101   23.300674    0.000000    0.000000    0.000000    0.000000    0.000000    0.000000
  -3.87329   50.419944    9.616158    4.229954    9.616158   23.639089    0.000000    0.000000    0.000000    0.000000    0.000000    0.000000
  -3.86729   49.894478    9.291128    4.244676    9.291128   23.843554    0.000000    0.000000    0.000000    0.000000    0.000000    0.000000
  -3.86129   49.252703    8.972045    4.229362    8.972045   23.925397    0.000000    0.000000    0.000000    0.000000    0.000000    0.000000
  -3.85529   48.535945    8.675267    4.188363    8.675267   23.903588    0.000000    0.000000    0.000000    0.000000    0.000000    0.000000
  -3.84928   47.787638    8.416190    4.128099    8.416190   23.803427    0.000000    0.000000    0.000000    0.000000    0.000000    0.000000
  -3.84328   47.051811    8.209087    4.056535    8.209087   23.654739    0.000000    0.000000    0.000000    0.000000    0.000000    0.000000
  -3.83728   46.371569    8.066971    3.982516    8.066971   23.489692    0.000000    0.000000    0.000000    0.000000    0.000000    0.000000
  -3.83128   45.787528    8.001441    3.915026    8.001441   23.340421    0.000000    0.000000    0.000000    0.000000    0.000000    0.000000
  -3.82528   45.336197    8.022436    3.862452    8.022436   23.236655    0.000000    0.000000    0.000000    0.000000    0.000000    0.000000
  -3.81927   45.048364    8.137874    3.831940    8.137874   23.203531    0.000000    0.000000    0.000000    0.000000    0.000000    0.000000
  -3.81327   44.947609    8.353206    3.828889    8.353206   23.259792    0.000000    0.000000    0.000000    0.000000    0.000000    0.000000
  -3.80727   45.049090    8.670917    3.856650    8.670917   23.416540    0.000000    0.000000    0.000000    0.000000    0.000000    0.000000
  -3.80127   45.358783    9.090058    3.916441    9.090058   23.676672    0.000000    0.000000    0.000000    0.000000    0.000000    0.000000
  -3.79527   45.873347    9.605890    4.007482    9.605890   24.035071    0.000000    0.000000    0.000000    0.000000    0.000000    0.000000
  -3.78926   46.580682   10.209730    4.127309   10.209730   24.479575    0.000000    0.000000    0.000000    0.000000    0.000000    0.000000
  -3.78326   47.461214   10.889063    4.272234   10.889063   24.992626    0.000000    0.000000    0.000000    0.000000    0.000000    0.000000
  -3.77726   48.489752   11.627955    4.437859   11.627955   25.553440    0.000000    0.000000    0.000000    0.000000    0.000000    0.000000
  -3.77126   49.637718   12.407768    4.619601   12.407768   26.140439    0.000000    0.000000    0.000000    0.000000    0.000000    0.000000
  -3.76526   50.875423   13.208123    4.813141   13.208123   26.733639    0.000000    0.000000    0.000000    0.000000    0.000000    0.000000
  -3.75925   52.174086   14.008046    5.014755   14.008046   27.316656    0.000000    0.000000    0.000000    0.000000    0.000000    0.000000
  -3.75325   53.507284   14.787183    5.221488   14.787183   27.878059    0.000000    0.000000    0.000000    0.000000    0.000000    0.000000
  -3.74725   54.851679   15.526991    5.431181   15.526991   28.411852    0.000000    0.000000    0.000000    0.000000    0.000000    0.000000
  -3.74125   56.186981   16.211785    5.642355   16.211785   28.917044    0.000000    0.000000    0.000000    0.000000    0.000000    0.000000
  -3.73525   57.495290   16.829560    5.854009   16.829560   29.396381    0.000000    0.000000    0.000000    0.000000    0.000000    0.000000
  -3.72924   58.760082   17.372529    6.065378   17.372529   29.854503    0.000000    0.000000    0.000000    0.000000    0.000000    0.000000
  -3.72324   59.965198   17.837344    6.275716   17.837344   30.295855    0.000000    0.000000    0.000000    0.000000    0.000000    0.000000
  -3.71724   61.094187   18.224984    6.484157   18.224984   30.722764    0.000000    0.000000    0.000000    0.000000    0.000000    0.000000
  -3.71124   62.130266   18.540358    6.689672   18.540358   31.134053    0.000000    0.000000    0.000000    0.000000    0.000000    0.000000
  -3.70524   63.057023   18.791633    6.891159   18.791633   31.524451    0.000000    0.000000    0.000000    0.000000    0.000000    0.000000
  -3.69923   63.859785   18.989380    7.087614   18.989380   31.884921    0.000000    0.000000    0.000000    0.000000    0.000000    0.000000
  -3.69323   64.527399   19.145571    7.278382   19.145571   32.203844    0.000000    0.000000    0.000000    0.000000    0.000000    0.000000
  -3.68723   65.054057   19.272527    7.463401   19.272527   32.468830    0.000000    0.000000    0.000000    0.000000    0.000000    0.000000
  -3.68123   65.440700   19.381866    7.643406   19.381866   32.668818    0.000000    0.000000    0.000000    0.000000    0.000000    0.000000
  -3.67523   65.695638   19.483533    7.820031   19.483533   32.796057    0.000000    0.000000    0.000000    0.000000    0.000000    0.000000
  -3.66922   65.834094   19.584956    7.995764   19.584956   32.847605    0.000000    0.000000    0.000000    0.000000    0.000000    0.000000
  -3.66322   65.876618   19.690380    8.173758   19.690380   32.826070    0.000000    0.000000    0.000000    0.000000    0.000000    0.000000
  -3.65722   65.846506   19.800426    8.357485   19.800426   32.739455    0.000000    0.000000    0.000000    0.000000    0.000000    0.000000
  -3.65122   65.766571   19.911881    8.550285   19.911881   32.600150    0.000000    0.000000    0.000000    0.000000    0.000000    0.000000
  -3.64522   65.655731   20.017746    8.754835   20.017746   32.423229    0.000000    0.000000    0.000000    0.000000    0.000000    0.000000
  -3.63921   65.525950   20.107546    8.972614   20.107546   32.224352    0.000000    0.000000    0.000000    0.000000    0.000000    0.000000
  -3.63321   65.379983   20.167889    9.203409   20.167889   32.017588    0.000000    0.000000    0.000000    0.000000    0.000000    0.000000
  -3.62721   65.210293   20.183255    9.444931   20.183255   31.813487    0.000000    0.000000    0.000000    0.000000    0.000000    0.000000
  -3.62121   64.999269   20.136993    9.692572   20.136993   31.617646    0.000000    0.000000    0.000000    0.000000    0.000000    0.000000
  -3.61521   64.720730   20.012462    9.939349   20.012462   31.429928    0.000000    0.000000    0.000000    0.000000    0.000000    0.000000
  -3.60920   64.342483   19.794269   10.176055   19.794269   31.244385    0.000000    0.000000    0.000000    0.000000    0.000000    0.000000
  -3.60320   63.829614   19.469510   10.391624   19.469510   31.049842    0.000000    0.000000    0.000000    0.000000    0.000000    0.000000
  -3.59720   63.148116   19.028939   10.573712   19.028939   30.831030    0.000000    0.000000    0.000000    0.000000    0.000000    0.000000
  -3.59120   62.268507   18.467965   10.709469   18.467965   30.570117    0.000000    0.000000    0.000000    0.000000    0.000000    0.000000
  -3.58520   61.169109   17.787397   10.786475   17.787397   30.248487    0.000000    0.000000    0.000000    0.000000    0.000000    0.000000
  -3.57919   59.838812   16.993867   10.793774   16.993867   29.848611    0.000000    0.000000    0.000000    0.000000    0.000000    0.000000
  -3.57319   58.279162   16.099886   10.722941   16.099886   29.355893    0.000000    0.000000    0.000000    0.000000    0.000000    0.000000
  -3.56719   56.505732   15.123526   10.569080   15.123526   28.760373    0.000000    0.000000    0.000000    0.000000    0.000000    0.000000
  -3.56119   54.548741   14.087748   10.331659   14.087748   28.058187    0.000000    0.000000    0.000000    0.000000    0.000000    0.000000
  -3.55519   52.452885   13.019414   10.015075   13.019414   27.252700    0.000000    0.000000    0.000000    0.000000    0.000000    0.000000
  -3.54918   50.276367   11.948083    9.628871   11.948083   26.355204    0.000000    0.000000    0.000000    0.000000    0.000000    0.000000
  -3.54318   48.089078   10.904645    9.187550   10.904645   25.385118    0.000000    0.000000    0.000000    0.000000    0.000000    0.000000
  -3.53718   45.969927    9.919911    8.709968    9.919911   24.369603    0.000000    0.000000    0.000000    0.000000    0.000000    0.000000
  -3.53118   44.003338    9.023224    8.218329    9.023224   23.342575    0.000000    0.000000    0.000000    0.000000    0.000000    0.000000
  -3.52518   42.275033    8.241164    7.736867    8.241164   22.343102    0.000000    0.000000    0.000000    0.000000    0.000000    0.000000
  -3.51917   40.867269    7.596393    7.290305    7.596393   21.413261    0.000000    0.000000    0.000000    0.000000    0.000000    0.000000
  -3.51317   39.853799    7.106676    6.902216    7.106676   20.595553    0.000000    0.000000    0.000000    0.000000    0.000000    0.000000
  -3.50717   39.294894    6.784075    6.593435    6.784075   19.930039    0.000000    0.000000    0.000000    0.000000    0.000000    0.000000
  -3.50117   39.232787    6.634356    6.380627    6.634356   19.451418    0.000000    0.000000    0.000000    0.000000    0.000000    0.000000
  -3.49517   39.687920    6.656588    6.275124    6.656588   19.186270    0.000000    0.000000    0.000000    0.000000    0.000000    0.000000
  -3.48916   40.656330    6.842979    6.282132    6.842979   19.150733    0.000000    0.000000    0.000000    0.000000    0.000000    0.000000
  -3.48316   42.108475    7.178956    6.400340    7.178956   19.348827    0.000000    0.000000    0.000000    0.000000    0.000000    0.000000
  -3.47716   43.989689    7.643549    6.621974    7.643549   19.771668    0.000000    0.000000    0.000000    0.000000    0.000000    0.000000
  -3.47116   46.222380    8.210100    6.933290    8.210100   20.397674    0.000000    0.000000    0.000000    0.000000    0.000000    0.000000
  -3.46516   48.709940    8.847328    7.315475    8.847328   21.193850    0.000000    0.000000    0.000000    0.000000    0.000000    0.000000
  -3.45915   51.342215    9.520759    7.745900    9.520759   22.118078    0.000000    0.000000    0.000000    0.000000    0.000000    0.000000
  -3.45315   54.002215   10.194459    8.199630   10.194459   23.122245    0.000000    0.000000    0.000000    0.000000    0.000000    0.000000
  -3.44715   56.573624   10.833002    8.651084   10.833002   24.155939    0.000000    0.000000    0.000000    0.000000    0.000000    0.000000
  -3.44115   58.948506   11.403535    9.075725   11.403535   25.170335    0.000000    0.000000    0.000000    0.000000    0.000000    0.000000
  -3.43515   61.034565   11.877772    9.451613   11.877772   26.121881    0.000000    0.000000    0.000000    0.000000    0.000000    0.000000
  -3.42914   62.761253   12.233733    9.760730   12.233733   26.975362    0.000000    0.000000    0.000000    0.000000    0.000000    0.000000
  -3.42314   64.084116   12.457066    9.989928   12.457066   27.706039    0.000000    0.000000    0.000000    0.000000    0.000000    0.000000
  -3.41714   64.986910   12.541807   10.131451   12.541807   28.300628    0.000000    0.000000    0.000000    0.000000    0.000000    0.000000
  -3.41114   65.481237   12.490509   10.183001   12.490509   28.757074    0.000000    0.000000    0.000000    0.000000    0.000000    0.000000
  -3.40514   65.603758   12.313715   10.147363   12.313715   29.083226    0.000000    0.000000    0.000000    0.000000    0.000000    0.000000
  -3.39913   65.411283   12.028849   10.031673   12.028849   29.294650    0.000000    0.000000    0.000000    0.000000    0.000000    0.000000
  -3.39313   64.974318   11.658626    9.846431   11.658626   29.411919    0.000000    0.000000    0.000000    0.000000    0.000000    0.000000
  -3.38713   64.369785   11.229151    9.604384   11.229151   29.457781    0.000000    0.000000    0.000000    0.000000    0.000000    0.000000
  -3.38113   63.673712   10.767873    9.319416   10.767873   29.454530    0.000000    0.000000    0.000000    0.000000    0.000000    0.000000
  -3.37513   62.954599   10.301568    9.005540   10.301568   29.421852    0.000000    0.000000    0.000000    0.000000    0.000000    0.000000
  -3.36912   62.268074    9.854495    8.676065    9.854495   29.375304    0.000000    0.000000    0.000000    0.000000    0.000000    0.000000
  -3.36312   61.653165    9.446859    8.342984    9.446859   29.325432    0.000000    0.000000    0.000000    0.000000    0.000000    0.000000
  -3.35712   61.130369    9.093635    8.016565    9.093635   29.277457    0.000000    0.000000    0.000000    0.000000    0.000000    0.000000
  -3.35112   60.701418    8.803836    7.705126    8.803836   29.231403    0.000000    0.000000    0.000000    0.000000    0.000000    0.000000
  -3.34512   60.350556    8.580224    7.414940    8.580224   29.182501    0.000000    0.000000    0.000000    0.000000    0.000000    0.000000
  -3.33911   60.047001    8.419475    7.150231    8.419475   29.121757    0.000000    0.000000    0.000000    0.000000    0.000000    0.000000
  -3.33311   59.748293    8.312775    6.913222    8.312775   29.036626    0.000000    0.000000    0.000000    0.000000    0.000000    0.000000
  -3.32711   59.404198    8.246796    6.704213    8.246796   28.911785    0.000000    0.000000    0.000000    0.000000    0.000000    0.000000
  -3.32111   58.960932    8.204997    6.521701    8.204997   28.730031    0.000000    0.000000    0.000000    0.000000    0.000000    0.000000
  -3.31511   58.365465    8.169139    6.362549    8.169139   28.473365    0.000000    0.000000    0.000000    0.000000    0.000000    0.000000
  -3.30910   57.569695    8.120913    6.222217    8.120913   28.124272    0.000000    0.000000    0.000000    0.000000    0.000000    0.000000
  -3.30310   56.534308    8.043533    6.095093    8.043533   27.667162    0.000000    0.000000    0.000000    0.000000    0.000000    0.000000
  -3.29710   55.232086    7.923171    5.974899    7.923171   27.089893    0.000000    0.000000    0.000000    0.000000    0.000000    0.000000
  -3.29110   53.650464    7.750082    5.855190    7.750082   26.385222    0.000000    0.000000    0.000000    0.000000    0.000000    0.000000
  -3.28510   51.793130    7.519343    5.729890    7.519343   25.552026    0.000000    0.000000    0.000000    0.000000    0.000000    0.000000
  -3.27909   49.680518    7.231128    5.593852    7.231128   24.596121    0.000000    0.000000    0.000000    0.000000    0.000000    0.000000
  -3.27309   47.349128    6.890528    5.443363    6.890528   23.530573    0.000000    0.000000    0.000000    0.000000    0.000000    0.000000
  -3.26709   44.849737    6.506940    5.276565    6.506940   22.375447    0.000000    0.000000    0.000000    0.000000    0.000000    0.000000
  -3.26109   42.244647    6.093138    5.093739    6.093138   21.157009    0.000000    0.000000    0.000000    0.000000    0.000000    0.000000
  -3.25509   39.604261    5.664134    4.897432    5.664134   19.906487    0.000000    0.000000    0.000000    0.000000    0.000000    0.000000
  -3.24908   37.003334    5.235984    4.692394    5.235984   18.658536    0.000000    0.000000    0.000000    0.000000    0.000000    0.000000
  -3.24308   34.517254    4.824645    4.485350    4.824645   17.449564    0.000000    0.000000    0.000000    0.000000    0.000000    0.000000
  -3.23708   32.218700    4.445018    4.284616    4.445018   16.316083    0.000000    0.000000    0.000000    0.000000    0.000000    0.000000
  -3.23108   30.174900    4.110220    4.099587    4.110220   15.293213    0.000000    0.000000    0.000000    0.000000    0.000000    0.000000
  -3.22508   28.445609    3.831133    3.940143    3.831133   14.413401    0.000000    0.000000    0.000000    0.000000    0.000000    0.000000
  -3.21907   27.081765    3.616187    3.816016    3.616187   13.705382    0.000000    0.000000    0.000000    0.000000    0.000000    0.000000
  -3.21307   26.124668    3.471343    3.736140    3.471343   13.193349    0.000000    0.000000    0.000000    0.000000    0.000000    0.000000
  -3.20707   25.605416    3.400185    3.708045    3.400185   12.896247    0.000000    0.000000    0.000000    0.000000    0.000000    0.000000
  -3.20107   25.544339    3.404067    3.737291    3.404067   12.827131    0.000000    0.000000    0.000000    0.000000    0.000000    0.000000
  -3.19507   25.950164    3.482212    3.826994    3.482212   12.992507    0.000000    0.000000    0.000000    0.000000    0.000000    0.000000
  -3.18906   26.818814    3.631761    3.977440    3.631761   13.391616    0.000000    0.000000    0.000000    0.000000    0.000000    0.000000
  -3.18306   28.131846    3.847738    4.185819    3.847738   14.015694    0.000000    0.000000    0.000000    0.000000    0.000000    0.000000
  -3.17706   29.854740    4.122959    4.446097    4.122959   14.847277    0.000000    0.000000    0.000000    0.000000    0.000000    0.000000
  -3.17106   31.935406    4.447952    4.749054    4.447952   15.859705    0.000000    0.000000    0.000000    0.000000    0.000000    0.000000
  -3.16506   34.303374    4.810943    5.082516    4.810943   17.016990    0.000000    0.000000    0.000000    0.000000    0.000000    0.000000
  -3.15905   36.870153    5.197988    5.431803    5.197988   18.274275    0.000000    0.000000    0.000000    0.000000    0.000000    0.000000
  -3.15305   39.531187    5.593304    5.780405    5.593304   19.579024    0.000000    0.000000    0.000000    0.000000    0.000000    0.000000
  -3.14705   42.169633    5.979841    6.110869    5.979841   20.873071    0.000000    0.000000    0.000000    0.000000    0.000000    0.000000
  -3.14105   44.661968    6.340072    6.405870    6.340072   22.095511    0.000000    0.000000    0.000000    0.000000    0.000000    0.000000
  -3.13505   46.885118    6.656971    6.649385    6.656971   23.186299    0.000000    0.000000    0.000000    0.000000    0.000000    0.000000
  -3.12904   48.724551    6.915090    6.827870    6.915090   24.090291    0.000000    0.000000    0.000000    0.000000    0.000000    0.000000
  -3.12304   50.082536    7.101627    6.931326    7.101627   24.761335    0.000000    0.000000    0.000000    0.000000    0.000000    0.000000
  -3.11704   50.885663    7.207364    6.954122    7.207364   25.165959    0.000000    0.000000    0.000000    0.000000    0.000000    0.000000
  -3.11104   51.090752    7.227370    6.895470    7.227370   25.286197    0.000000    0.000000    0.000000    0.000000    0.000000    0.000000
  -3.10504   50.688373    7.161367    6.759477    7.161367   25.121159    0.000000    0.000000    0.000000    0.000000    0.000000    0.000000
  -3.09903   49.703529    7.013716    6.554742    7.013716   24.687088    0.000000    0.000000    0.000000    0.000000    0.000000    0.000000
  -3.09303   48.193336    6.793015    6.293532    6.793015   24.015833    0.000000    0.000000    0.000000    0.000000    0.000000    0.000000
  -3.08703   46.241941    6.511341    5.990625    6.511341   23.151856    0.000000    0.000000    0.000000    0.000000    0.000000    0.000000
  -3.08103   43.953213    6.183229    5.661950    6.183229   22.148116    0.000000    0.000000    0.000000    0.000000    0.000000    0.000000
  -3.07503   41.442055    5.824494    5.323177    5.824494   21.061289    0.000000    0.000000    0.000000    0.000000    0.000000    0.000000
  -3.06902   38.825271    5.451028    4.988428    5.451028   19.946873    0.000000    0.000000    0.000000    0.000000    0.000000    0.000000
  -3.06302   36.212970    5.077691    4.669237    5.077691   18.854737    0.000000    0.000000    0.000000    0.000000    0.000000    0.000000
  -3.05702   33.701374    4.717405    4.373868    4.717405   17.825597    0.000000    0.000000    0.000000    0.000000    0.000000    0.000000
  -3.05102   31.367647    4.380530    4.107048    4.380530   16.888734    0.000000    0.000000    0.000000    0.000000    0.000000    0.000000
  -3.04502   29.267121    4.074540    3.870086    4.074540   16.061136    0.000000    0.000000    0.000000    0.000000    0.000000    0.000000
  -3.03901   27.432955    3.804010    3.661351    3.804010   15.348023    0.000000    0.000000    0.000000    0.000000    0.000000    0.000000
  -3.03301   25.877974    3.570862    3.476997    3.570862   14.744559    0.000000    0.000000    0.000000    0.000000    0.000000    0.000000
  -3.02701   24.598219    3.374798    3.311826    3.374798   14.238429    0.000000    0.000000    0.000000    0.000000    0.000000    0.000000
  -3.02101   23.577540    3.213845    3.160182    3.213845   13.812871    0.000000    0.000000    0.000000    0.000000    0.000000    0.000000
  -3.01501   22.792552    3.084914    3.016750    3.084914   13.449753    0.000000    0.000000    0.000000    0.000000    0.000000    0.000000
  -3.00900   22.217234    2.984310    2.877203    2.984310   13.132311    0.000000    0.000000    0.000000    0.000000    0.000000    0.000000
  -3.00300   21.826641    2.908130    2.738630    2.908130   12.847243    0.000000    0.000000    0.000000    0.000000    0.000000    0.000000
  -2.99700   21.599292    2.852525    2.599735    2.852525   12.585976    0.000000    0.000000    0.000000    0.000000    0.000000    0.000000
  -2.99100   21.518103    2.813830    2.460816    2.813830   12.345035    0.000000    0.000000    0.000000    0.000000    0.000000    0.000000
  -2.98499   21.569873    2.788568    2.323561    2.788568   12.125565    0.000000    0.000000    0.000000    0.000000    0.000000    0.000000
  -2.97899   21.743644    2.773394    2.190713    2.773394   11.932157    0.000000    0.000000    0.000000    0.000000    0.000000    0.000000
  -2.97299   22.028325    2.764993    2.065647    2.764993   11.771212    0.000000    0.000000    0.000000    0.000000    0.000000    0.000000
  -2.96699   22.410169    2.760016    1.951935    2.760016   11.649112    0.000000    0.000000    0.000000    0.000000    0.000000    0.000000
  -2.96099   22.870643    2.755055    1.852938    2.755055   11.570492    0.000000    0.000000    0.000000    0.000000    0.000000    0.000000
  -2.95498   23.385198    2.746708    1.771472    2.746708   11.536851    0.000000    0.000000    0.000000    0.000000    0.000000    0.000000
  -2.94898   23.923311    2.731724    1.709568    2.731724   11.545729    0.000000    0.000000    0.000000    0.000000    0.000000    0.000000
  -2.94298   24.449932    2.707213    1.668356    2.707213   11.590548    0.000000    0.000000    0.000000    0.000000    0.000000    0.000000
  -2.93698   24.928271    2.670910    1.648064    2.670910   11.661157    0.000000    0.000000    0.000000    0.000000    0.000000    0.000000
  -2.93098   25.323580    2.621441    1.648121    2.621441   11.744992    0.000000    0.000000    0.000000    0.000000    0.000000    0.000000
  -2.92497   25.607443    2.558563    1.667345    2.558563   11.828699    0.000000    0.000000    0.000000    0.000000    0.000000    0.000000
  -2.91897   25.761920    2.483344    1.704176    2.483344   11.899983    0.000000    0.000000    0.000000    0.000000    0.000000    0.000000
  -2.91297   25.782881    2.398242    1.756927    2.398242   11.949404    0.000000    0.000000    0.000000    0.000000    0.000000    0.000000
  -2.90697   25.681971    2.307091    1.823994    2.307091   11.971855    0.000000    0.000000    0.000000    0.000000    0.000000    0.000000
  -2.90097   25.486758    2.214961    1.904012    2.214961   11.967490    0.000000    0.000000    0.000000    0.000000    0.000000    0.000000
  -2.89496   25.238935    2.127912    1.995914    2.127912   11.941946    0.000000    0.000000    0.000000    0.000000    0.000000    0.000000
  -2.88896   24.990646    2.052651    2.098897    2.052651   11.905790    0.000000    0.000000    0.000000    0.000000    0.000000    0.000000
  -2.88296   24.799344    1.996115    2.212278    1.996115   11.873254    0.000000    0.000000    0.000000    0.000000    0.000000    0.000000
  -2.87696   24.721748    1.965000    2.335291    1.965000   11.860405    0.000000    0.000000    0.000000    0.000000    0.000000    0.000000
  -2.87096   24.807656    1.965273    2.466828    1.965273   11.882984    0.000000    0.000000    0.000000    0.000000    0.000000    0.000000
  -2.86495   25.094373    2.001691    2.605203    2.001691   11.954213    0.000000    0.000000    0.000000    0.000000    0.000000    0.000000
  -2.85895   25.602456    2.077367    2.747954    2.077367   12.082856    0.000000    0.000000    0.000000    0.000000    0.000000    0.000000
  -2.85295   26.333328    2.193401    2.891750    2.193401   12.271795    0.000000    0.000000    0.000000    0.000000    0.000000    0.000000
  -2.84695   27.269053    2.348632    3.032429    2.348632   12.517342    0.000000    0.000000    0.000000    0.000000    0.000000    0.000000
  -2.84095   28.374308    2.539518    3.165173    2.539518   12.809358    0.000000    0.000000    0.000000    0.000000    0.000000    0.000000
  -2.83494   29.600306    2.760178    3.284827    2.760178   13.132202    0.000000    0.000000    0.000000    0.000000    0.000000    0.000000
  -2.82894   30.890185    3.002620    3.386323    3.002620   13.466385    0.000000    0.000000    0.000000    0.000000    0.000000    0.000000
  -2.82294   32.185188    3.257150    3.465182    3.257150   13.790726    0.000000    0.000000    0.000000    0.000000    0.000000    0.000000
  -2.81694   33.430886    3.512959    3.518010    3.512959   14.084747    0.000000    0.000000    0.000000    0.000000    0.000000    0.000000
  -2.81094   34.582687    3.758852    3.542955    3.758852   14.331003    0.000000    0.000000    0.000000    0.000000    0.000000    0.000000
  -2.80493   35.609977    3.984080    3.540043    3.984080   14.517062    0.000000    0.000000    0.000000    0.000000    0.000000    0.000000
  -2.79893   36.498423    4.179197    3.511359    4.179197   14.636875    0.000000    0.000000    0.000000    0.000000    0.000000    0.000000
  -2.79293   37.250203    4.336859    3.461029    4.336859   14.691382    0.000000    0.000000    0.000000    0.000000    0.000000    0.000000
  -2.78693   37.882217    4.452502    3.395002    4.452502   14.688273    0.000000    0.000000    0.000000    0.000000    0.000000    0.000000
  -2.78093   38.422566    4.524787    3.320647    4.524787   14.640939    0.000000    0.000000    0.000000    0.000000    0.000000    0.000000
  -2.77492   38.905833    4.555794    3.246195    4.555794   14.566771    0.000000    0.000000    0.000000    0.000000    0.000000    0.000000
  -2.76892   39.367848    4.550907    3.180083    4.550907   14.485020    0.000000    0.000000    0.000000    0.000000    0.000000    0.000000
  -2.76292   39.840665    4.518414    3.130272    4.518414   14.414515    0.000000    0.000000    0.000000    0.000000    0.000000    0.000000
  -2.75692   40.348470    4.468867    3.103601    4.468867   14.371534    0.000000    0.000000    0.000000    0.000000    0.000000    0.000000
  -2.75092   40.904956    4.414275    3.105253    4.414275   14.368111    0.000000    0.000000    0.000000    0.000000    0.000000    0.000000
  -2.74491   41.512525    4.367229    3.138389    4.367229   14.410992    0.000000    0.000000    0.000000    0.000000    0.000000    0.000000
  -2.73891   42.163383    4.340046    3.203989    4.340046   14.501348    0.000000    0.000000    0.000000    0.000000    0.000000    0.000000
  -2.73291   42.842320    4.344032    3.300920    4.344032   14.635285    0.000000    0.000000    0.000000    0.000000    0.000000    0.000000
  -2.72691   43.530710    4.388901    3.426211    4.388901   14.805012    0.000000    0.000000    0.000000    0.000000    0.000000    0.000000
  -2.72091   44.211069    4.482382    3.575528    4.482382   15.000511    0.000000    0.000000    0.000000    0.000000    0.000000    0.000000
  -2.71490   44.871430    4.629995    3.743757    4.629995   15.211406    0.000000    0.000000    0.000000    0.000000    0.000000    0.000000
  -2.70890   45.508802    4.834954    3.925652    4.834954   15.428785    0.000000    0.000000    0.000000    0.000000    0.000000    0.000000
  -2.70290   46.131075    5.098143    4.116441    5.098143   15.646655    0.000000    0.000000    0.000000    0.000000    0.000000    0.000000
  -2.69690   46.757007    5.418109    4.312328    5.418109   15.862846    0.000000    0.000000    0.000000    0.000000    0.000000    0.000000
  -2.69090   47.414145    5.791036    4.510803    5.791036   16.079200    0.000000    0.000000    0.000000    0.000000    0.000000    0.000000
  -2.68489   48.134890    6.210695    4.710734    6.210695   16.301035    0.000000    0.000000    0.000000    0.000000    0.000000    0.000000
  -2.67889   48.951164    6.668390    4.912219    6.668390   16.535938    0.000000    0.000000    0.000000    0.000000    0.000000    0.000000
  -2.67289   49.888388    7.152945    5.116227    7.152945   16.792100    0.000000    0.000000    0.000000    0.000000    0.000000    0.000000
  -2.66689   50.959612    7.650808    5.324082    7.650808   17.076410    0.000000    0.000000    0.000000    0.000000    0.000000    0.000000
  -2.66089   52.160659    8.146321    5.536893    8.146321   17.392645    0.000000    0.000000    0.000000    0.000000    0.000000    0.000000
  -2.65488   53.467078    8.622223    5.755009    8.622223   17.740020    0.000000    0.000000    0.000000    0.000000    0.000000    0.000000
  -2.64888   54.833460    9.060387    5.977629    9.060387   18.112383    0.000000    0.000000    0.000000    0.000000    0.000000    0.000000
  -2.64288   56.195437    9.442789    6.202634    9.442789   18.498219    0.000000    0.000000    0.000000    0.000000    0.000000    0.000000
  -2.63688   57.474285    9.752633    6.426695    9.752633   18.881530    0.000000    0.000000    0.000000    0.000000    0.000000    0.000000
  -2.63088   58.583750    9.975553    6.645656    9.975553   19.243527    0.000000    0.000000    0.000000    0.000000    0.000000    0.000000
  -2.62487   59.438369   10.100764    6.855166   10.100764   19.564943    0.000000    0.000000    0.000000    0.000000    0.000000    0.000000
  -2.61887   59.962340   10.122044    7.051435   10.122044   19.828667    0.000000    0.000000    0.000000    0.000000    0.000000    0.000000
  -2.61287   60.097886   10.038417    7.232025   10.038417   20.022335    0.000000    0.000000    0.000000    0.000000    0.000000    0.000000
  -2.60687   59.812076    9.854467    7.396517    9.854467   20.140495    0.000000    0.000000    0.000000    0.000000    0.000000    0.000000
  -2.60087   59.101270    9.580205    7.546944    9.580205   20.186017    0.000000    0.000000    0.000000    0.000000    0.000000    0.000000
  -2.59486   57.992605    9.230510    7.687888    9.230510   20.170496    0.000000    0.000000    0.000000    0.000000    0.000000    0.000000
  -2.58886   56.542355    8.824171    7.826214    8.824171   20.113574    0.000000    0.000000    0.000000    0.000000    0.000000    0.000000
  -2.58286   54.831392    8.382635    7.970442    8.382635   20.041221    0.000000    0.000000    0.000000    0.000000    0.000000    0.000000
  -2.57686   52.958323    7.928568    8.129848    7.928568   19.983216    0.000000    0.000000    0.000000    0.000000    0.000000    0.000000
  -2.57086   51.031172    7.484396    8.313409    7.484396   19.970146    0.000000    0.000000    0.000000    0.000000    0.000000    0.000000
  -2.56485   49.158615    7.070942    8.528738    7.070942   20.030320    0.000000    0.000000    0.000000    0.000000    0.000000    0.000000
  -2.55885   47.441759    6.706300    8.781153    6.706300   20.187025    0.000000    0.000000    0.000000    0.000000    0.000000    0.000000
  -2.55285   45.967332    6.405022    9.073015    6.405022   20.456432    0.000000    0.000000    0.000000    0.000000    0.000000    0.000000
  -2.54685   44.802871    6.177668    9.403413    6.177668   20.846407    0.000000    0.000000    0.000000    0.000000    0.000000    0.000000
  -2.54085   43.994207    6.030720    9.768226    6.030720   21.356310    0.000000    0.000000    0.000000    0.000000    0.000000    0.000000
  -2.53484   43.565222    5.966815   10.160558    5.966815   21.977745    0.000000    0.000000    0.000000    0.000000    0.000000    0.000000
  -2.52884   43.519577    5.985225   10.571468    5.985225   22.696097    0.000000    0.000000    0.000000    0.000000    0.000000    0.000000
  -2.52284   43.843940    6.082497   10.990906    6.082497   23.492616    0.000000    0.000000    0.000000    0.000000    0.000000    0.000000
  -2.51684   44.512126    6.253174   11.408741    6.253174   24.346771    0.000000    0.000000    0.000000    0.000000    0.000000    0.000000
  -2.51084   45.489595    6.490492   11.815768    6.490492   25.238603    0.000000    0.000000    0.000000    0.000000    0.000000    0.000000
  -2.50483   46.737780    6.787018   12.204597    6.787018   26.150833    0.000000    0.000000    0.000000    0.000000    0.000000    0.000000
  -2.49883   48.217876    7.135164   12.570324    7.135164   27.070539    0.000000    0.000000    0.000000    0.000000    0.000000    0.000000
  -2.49283   49.893781    7.527555   12.910947    7.527555   27.990282    0.000000    0.000000    0.000000    0.000000    0.000000    0.000000
  -2.48683   51.734064    7.957242   13.227469    7.957242   28.908576    0.000000    0.000000    0.000000    0.000000    0.000000    0.000000
  -2.48083   53.712856    8.417759   13.523686    8.417759   29.829695    0.000000    0.000000    0.000000    0.000000    0.000000    0.000000
  -2.47482   55.809686    8.903020   13.805673    8.903020   30.762803    0.000000    0.000000    0.000000    0.000000    0.000000    0.000000
  -2.46882   58.008341    9.407086   14.081004    9.407086   31.720479    0.000000    0.000000    0.000000    0.000000    0.000000    0.000000
  -2.46282   60.294913    9.923815   14.357772    9.923815   32.716747    0.000000    0.000000    0.000000    0.000000    0.000000    0.000000
  -2.45682   62.655266   10.446458   14.643505   10.446458   33.764767    0.000000    0.000000    0.000000    0.000000    0.000000    0.000000
  -2.45082   65.072278   10.967237   14.944098   10.967237   34.874450    0.000000    0.000000    0.000000    0.000000    0.000000    0.000000
  -2.44481   67.523242   11.477003   15.262880   11.477003   36.050250    0.000000    0.000000    0.000000    0.000000    0.000000    0.000000
  -2.43881   69.977870   11.965040   15.599938   11.965040   37.289438    0.000000    0.000000    0.000000    0.000000    0.000000    0.000000
  -2.43281   72.397291   12.419090   15.951808   12.419090   38.581126    0.000000    0.000000    0.000000    0.000000    0.000000    0.000000
  -2.42681   74.734322   12.825650   16.311570   12.825650   39.906223    0.000000    0.000000    0.000000    0.000000    0.000000    0.000000
  -2.42081   76.935128   13.170559   16.669360   13.170559   41.238384    0.000000    0.000000    0.000000    0.000000    0.000000    0.000000
  -2.41480   78.942137   13.439832   17.013227   13.439832   42.545878    0.000000    0.000000    0.000000    0.000000    0.000000    0.000000
  -2.40880   80.697896   13.620676   17.330222   13.620676   43.794150    0.000000    0.000000    0.000000    0.000000    0.000000    0.000000
  -2.40280   82.149346   13.702564   17.607554   13.702564   44.948723    0.000000    0.000000    0.000000    0.000000    0.000000    0.000000
  -2.39680   83.251936   13.678228   17.833676   13.678228   45.978073    0.000000    0.000000    0.000000    0.000000    0.000000    0.000000
  -2.39080   83.973019   13.544449   17.999123   13.544449   46.856075    0.000000    0.000000    0.000000    0.000000    0.000000    0.000000
  -2.38479   84.294107   13.302529   18.097048   13.302529   47.563766    0.000000    0.000000    0.000000    0.000000    0.000000    0.000000
  -2.37879   84.211800   12.958379   18.123408   12.958379   48.090255    0.000000    0.000000    0.000000    0.000000    0.000000    0.000000
  -2.37279   83.737415   12.522224   18.076842   12.522224   48.432810    0.000000    0.000000    0.000000    0.000000    0.000000    0.000000
  -2.36679   82.895618   12.007960   17.958356   12.007960   48.596295    0.000000    0.000000    0.000000    0.000000    0.000000    0.000000
  -2.36079   81.722453   11.432248   17.770934   11.432248   48.592209    0.000000    0.000000    0.000000    0.000000    0.000000    0.000000
  -2.35478   80.263241   10.813465   17.519209   10.813465   48.437640    0.000000    0.000000    0.000000    0.000000    0.000000    0.000000
  -2.34878   78.570719   10.170623   17.209289   10.170623   48.154382    0.000000    0.000000    0.000000    0.000000    0.000000    0.000000
  -2.34278   76.703671    9.522353   16.848803    9.522353   47.768396    0.000000    0.000000    0.000000    0.000000    0.000000    0.000000
  -2.33678   74.726054    8.886045   16.447128    8.886045   47.309629    0.000000    0.000000    0.000000    0.000000    0.000000    0.000000
  -2.33078   72.706488    8.277174   16.015734    8.277174   46.812102    0.000000    0.000000    0.000000    0.000000    0.000000    0.000000
  -2.32477   70.717811    7.708828   15.568534    7.708828   46.314083    0.000000    0.000000    0.000000    0.000000    0.000000    0.000000
  -2.31877   68.836389    7.191445   15.122088    7.191445   45.858076    0.000000    0.000000    0.000000    0.000000    0.000000    0.000000
  -2.31277   67.140893    6.732705   14.695574    6.732705   45.490426    0.000000    0.000000    0.000000    0.000000    0.000000    0.000000
  -2.30677   65.710393    6.337574   14.310416    6.337574   45.260338    0.000000    0.000000    0.000000    0.000000    0.000000    0.000000
  -2.30077   64.621761    6.008452   13.989553    6.008452   45.218266    0.000000    0.000000    0.000000    0.000000    0.000000    0.000000
  -2.29476   63.946518    5.745413   13.756377    5.745413   45.413687    0.000000    0.000000    0.000000    0.000000    0.000000    0.000000
  -2.28876   63.747375    5.546502   13.633402    5.546502   45.892388    0.000000    0.000000    0.000000    0.000000    0.000000    0.000000
  -2.28276   64.074761    5.408083   13.640793    5.408083   46.693477    0.000000    0.000000    0.000000    0.000000    0.000000    0.000000
  -2.27676   64.963620    5.325211   13.794871    5.325211   47.846348    0.000000    0.000000    0.000000    0.000000    0.000000    0.000000
  -2.27076   66.430719    5.292021   14.106737    5.292021   49.367853    0.000000    0.000000    0.000000    0.000000    0.000000    0.000000
  -2.26475   68.472627    5.302096   14.581140    5.302096   51.259930    0.000000    0.000000    0.000000    0.000000    0.000000    0.000000
  -2.25875   71.064467    5.348811   15.215688    5.348811   53.507891    0.000000    0.000000    0.000000    0.000000    0.000000    0.000000
  -2.25275   74.159515    5.425616   16.000499    5.425616   56.079570    0.000000    0.000000    0.000000    0.000000    0.000000    0.000000
  -2.24675   77.689702    5.526264   16.918326    5.526264   58.925482    0.000000    0.000000    0.000000    0.000000    0.000000    0.000000
  -2.24075   81.567066    5.644948   17.945183    5.644948   61.980068    0.000000    0.000000    0.000000    0.000000    0.000000    0.000000
  -2.23474   85.686236    5.776371   19.051446    5.776371   65.164081    0.000000    0.000000    0.000000    0.000000    0.000000    0.000000
  -2.22874   89.927973    5.915742   20.203362    5.915742   68.388045    0.000000    0.000000    0.000000    0.000000    0.000000    0.000000
  -2.22274   94.163772    6.058730   21.364880    6.058730   71.556638    0.000000    0.000000    0.000000    0.000000    0.000000    0.000000
  -2.21674   98.261397    6.201378   22.499643    6.201378   74.573741    0.000000    0.000000    0.000000    0.000000    0.000000    0.000000
  -2.21074  102.091131    6.340022   23.573006    6.340022   77.347795    0.000000    0.000000    0.000000    0.000000    0.000000    0.000000
  -2.20473  105.532337    6.471229   24.553892    6.471229   79.797047    0.000000    0.000000    0.000000    0.000000    0.000000    0.000000
  -2.19873  108.479860    6.591768   25.416347    6.591768   81.854213    0.000000    0.000000    0.000000    0.000000    0.000000    0.000000
  -2.19273  110.849692    6.698632   26.140647    6.698632   83.470148    0.000000    0.000000    0.000000    0.000000    0.000000    0.000000
  -2.18673  112.583361    6.789094   26.713900    6.789094   84.616143    0.000000    0.000000    0.000000    0.000000    0.000000    0.000000
  -2.18073  113.650558    6.860810   27.130097    6.860810   85.284651    0.000000    0.000000    0.000000    0.000000    0.000000    0.000000
  -2.17472  114.049724    6.911920   27.389669    6.911920   85.488361    0.000000    0.000000    0.000000    0.000000    0.000000    0.000000
  -2.16872  113.806498    6.941149   27.498624    6.941149   85.257757    0.000000    0.000000    0.000000    0.000000    0.000000    0.000000
  -2.16272  112.970211    6.947877   27.467408    6.947877   84.637428    0.000000    0.000000    0.000000    0.000000    0.000000    0.000000
  -2.15672  111.608823    6.932162   27.309636    6.932162   83.681568    0.000000    0.000000    0.000000    0.000000    0.000000    0.000000
  -2.15072  109.802889    6.894720   27.040861    6.894720   82.449173    0.000000    0.000000    0.000000    0.000000    0.000000    0.000000
  -2.14471  107.639259    6.836845   26.677501    6.836845   80.999454    0.000000    0.000000    0.000000    0.000000    0.000000    0.000000
  -2.13871  105.205201    6.760313   26.236050    6.760313   79.387968    0.000000    0.000000    0.000000    0.000000    0.000000    0.000000
  -2.13271  102.583563    6.667258   25.732611    6.667258   77.663833    0.000000    0.000000    0.000000    0.000000    0.000000    0.000000
  -2.12671   99.849418    6.560059   25.182772    6.560059   75.868272    0.000000    0.000000    0.000000    0.000000    0.000000    0.000000
  -2.12071   97.068361    6.441246   24.601762    6.441246   74.034511    0.000000    0.000000    0.000000    0.000000    0.000000    0.000000
  -2.11470   94.296419    6.313446   24.004817    6.313446   72.188888    0.000000    0.000000    0.000000    0.000000    0.000000    0.000000
  -2.10870   91.581255    6.179359   23.407613    6.179359   70.352859    0.000000    0.000000    0.000000    0.000000    0.000000    0.000000
  -2.10270   88.964167    6.041761   22.826665    6.041761   68.545455    0.000000    0.000000    0.000000    0.000000    0.000000    0.000000
  -2.09670   86.482296    5.903534   22.279525    5.903534   66.785700    0.000000    0.000000    0.000000    0.000000    0.000000    0.000000
  -2.09070   84.170442    5.767670   21.784713    5.767670   65.094489    0.000000    0.000000    0.000000    0.000000    0.000000    0.000000
  -2.08469   82.061999    5.637265   21.361286    5.637265   63.495556    0.000000    0.000000    0.000000    0.000000    0.000000    0.000000
  -2.07869   80.188698    5.515460   21.028048    5.515460   62.015273    0.000000    0.000000    0.000000    0.000000    0.000000    0.000000
  -2.07269   78.579097    5.405321   20.802421    5.405321   60.681241    0.000000    0.000000    0.000000    0.000000    0.000000    0.000000
  -2.06669   77.255994    5.309663   20.699069    5.309663   59.519835    0.000000    0.000000    0.000000    0.000000    0.000000    0.000000
  -2.06069   76.233188    5.230832   20.728413    5.230832   58.553020    0.000000    0.000000    0.000000    0.000000    0.000000    0.000000
  -2.05468   75.512148    5.170453   20.895171    5.170453   57.794933    0.000000    0.000000    0.000000    0.000000    0.000000    0.000000
  -2.04868   75.079225    5.129189   21.197132    5.129189   57.248752    0.000000    0.000000    0.000000    0.000000    0.000000    0.000000
  -2.04268   74.904011    5.106549   21.624290    5.106549   56.904373    0.000000    0.000000    0.000000    0.000000    0.000000    0.000000
  -2.03668   74.939294    5.100771   22.158524    5.100771   56.737320    0.000000    0.000000    0.000000    0.000000    0.000000    0.000000
  -2.03068   75.122855    5.108823   22.773888    5.108823   56.709169    0.000000    0.000000    0.000000    0.000000    0.000000    0.000000
  -2.02467   75.381094    5.126534   23.437601    5.126534   56.769544    0.000000    0.000000    0.000000    0.000000    0.000000    0.000000
  -2.01867   75.634200    5.148856   24.111690    5.148856   56.859581    0.000000    0.000000    0.000000    0.000000    0.000000    0.000000
  -2.01267   75.802364    5.170243   24.755220    5.170243   56.916516    0.000000    0.000000    0.000000    0.000000    0.000000    0.000000
  -2.00667   75.812376    5.185119   25.326962    5.185119   56.878944    0.000000    0.000000    0.000000    0.000000    0.000000    0.000000
  -2.00067   75.603859    5.188372   25.788284    5.188372   56.692191    0.000000    0.000000    0.000000    0.000000    0.000000    0.000000
  -1.99466   75.134457    5.175848   26.106020    5.175848   56.313207    0.000000    0.000000    0.000000    0.000000    0.000000    0.000000
  -1.98866   74.383375    5.144756   26.255047    5.144756   55.714467    0.000000    0.000000    0.000000    0.000000    0.000000    0.000000
  -1.98266   73.352876    5.093961   26.220310    5.093961   54.886433    0.000000    0.000000    0.000000    0.000000    0.000000    0.000000
  -1.97666   72.067583    5.024116   25.998067    5.024116   53.838322    0.000000    0.000000    0.000000    0.000000    0.000000    0.000000
  -1.97066   70.571644    4.937599   25.596202    4.937599   52.597085    0.000000    0.000000    0.000000    0.000000    0.000000    0.000000
  -1.96465   68.924079    4.838283   25.033527    4.838283   51.204689    0.000000    0.000000    0.000000    0.000000    0.000000    0.000000
  -1.95865   67.192804    4.731116   24.338111    4.731116   49.713995    0.000000    0.000000    0.000000    0.000000    0.000000    0.000000
  -1.95265   65.447930    4.621588   23.544776    4.621588   48.183632    0.000000    0.000000    0.000000    0.000000    0.000000    0.000000
  -1.94665   63.755031    4.515119   22.691976    4.515119   46.672406    0.000000    0.000000    0.000000    0.000000    0.000000    0.000000
  -1.94065   62.169034    4.416431   21.818397    4.416431   45.233795    0.000000    0.000000    0.000000    0.000000    0.000000    0.000000
  -1.93464   60.729314    4.328997   20.959590    4.328997   43.911105    0.000000    0.000000    0.000000    0.000000    0.000000    0.000000
  -1.92864   59.456464    4.254615   20.145014    4.254615   42.733744    0.000000    0.000000    0.000000    0.000000    0.000000    0.000000
  -1.92264   58.351019    4.193168   19.395788    4.193168   41.715018    0.000000    0.000000    0.000000    0.000000    0.000000    0.000000
  -1.91664   57.394235    4.142614   18.723378    4.142614   40.851615    0.000000    0.000000    0.000000    0.000000    0.000000    0.000000
  -1.91064   56.550815    4.099209   18.129365    4.099209   40.124839    0.000000    0.000000    0.000000    0.000000    0.000000    0.000000
  -1.90463   55.773296    4.057942   17.606268    4.057942   39.503413    0.000000    0.000000    0.000000    0.000000    0.000000    0.000000
  -1.89863   55.007616    4.013150   17.139333    4.013150   38.947528    0.000000    0.000000    0.000000    0.000000    0.000000    0.000000
  -1.89263   54.199309    3.959227   16.709028    3.959227   38.413682    0.000000    0.000000    0.000000    0.000000    0.000000    0.000000
  -1.88663   53.299662    3.891364   16.293956    3.891364   37.859765    0.000000    0.000000    0.000000    0.000000    0.000000    0.000000
  -1.88063   52.271225    3.806217   15.873831    3.806217   37.249840    0.000000    0.000000    0.000000    0.000000    0.000000    0.000000
  -1.87462   51.092112    3.702444   15.432164    3.702444   36.558129    0.000000    0.000000    0.000000    0.000000    0.000000    0.000000
  -1.86862   49.758683    3.581029   14.958376    3.581029   35.771791    0.000000    0.000000    0.000000    0.000000    0.000000    0.000000
  -1.86262   48.286354    3.445365   14.449113    3.445365   34.892262    0.000000    0.000000    0.000000    0.000000    0.000000    0.000000
  -1.85662   46.708513    3.301091   13.908650    3.301091   33.935070    0.000000    0.000000    0.000000    0.000000    0.000000    0.000000
  -1.85062   45.073680    3.155674   13.348389    3.155674   32.928206    0.000000    0.000000    0.000000    0.000000    0.000000    0.000000
  -1.84461   43.441196    3.017802   12.785538    3.017802   31.909261    0.000000    0.000000    0.000000    0.000000    0.000000    0.000000
  -1.83861   41.875887    2.896622   12.241163    2.896622   30.921632    0.000000    0.000000    0.000000    0.000000    0.000000    0.000000
  -1.83261   40.442159    2.800905   11.737839    2.800905   30.010181    0.000000    0.000000    0.000000    0.000000    0.000000    0.000000
  -1.82661   39.198039    2.738209   11.297168    2.738209   29.216726    0.000000    0.000000    0.000000    0.000000    0.000000    0.000000
  -1.82061   38.189661    2.714119   10.937422    2.714119   28.575744    0.000000    0.000000    0.000000    0.000000    0.000000    0.000000
  -1.81460   37.446665    2.731633   10.671547    2.731633   28.110680    0.000000    0.000000    0.000000    0.000000    0.000000    0.000000
  -1.80860   36.978921    2.790770   10.505724    2.790770   27.831174    0.000000    0.000000    0.000000    0.000000    0.000000    0.000000
  -1.80260   36.774944    2.888431   10.438623    2.888431   27.731507    0.000000    0.000000    0.000000    0.000000    0.000000    0.000000
  -1.79660   36.802237    3.018565   10.461433    3.018565   27.790489    0.000000    0.000000    0.000000    0.000000    0.000000    0.000000
  -1.79060   37.009683    3.172614   10.558650    3.172614   27.972887    0.000000    0.000000    0.000000    0.000000    0.000000    0.000000
  -1.78459   37.331911    3.340241   10.709575    3.340241   28.232387    0.000000    0.000000    0.000000    0.000000    0.000000    0.000000
  -1.77859   37.695353    3.510245   10.890346    3.510245   28.515888    0.000000    0.000000    0.000000    0.000000    0.000000    0.000000
  -1.77259   38.025473    3.671610   11.076313    3.671610   28.768767    0.000000    0.000000    0.000000    0.000000    0.000000    0.000000
  -1.76659   38.254457    3.814545   11.244482    3.814545   28.940581    0.000000    0.000000    0.000000    0.000000    0.000000    0.000000
  -1.76059   38.328520    3.931423   11.375767    3.931423   28.990581    0.000000    0.000000    0.000000    0.000000    0.000000    0.000000
  -1.75458   38.213969    4.017492   11.456790    4.017492   28.892380    0.000000    0.000000    0.000000    0.000000    0.000000    0.000000
  -1.74858   37.901254    4.071285   11.481023    4.071285   28.637184    0.000000    0.000000    0.000000    0.000000    0.000000    0.000000
  -1.74258   37.406481    4.094669   11.449162    4.094669   28.235173    0.000000    0.000000    0.000000    0.000000    0.000000    0.000000
  -1.73658   36.770166    4.092532   11.368720    4.092532   27.714843    0.000000    0.000000    0.000000    0.000000    0.000000    0.000000
  -1.73058   36.053359    4.072153   11.252911    4.072153   27.120405    0.000000    0.000000    0.000000    0.000000    0.000000    0.000000
  -1.72457   35.331631    4.042335   11.119012    4.042335   26.507562    0.000000    0.000000    0.000000    0.000000    0.000000    0.000000
  -1.71857   34.687651    4.012392   10.986421    4.012392   25.938212    0.000000    0.000000    0.000000    0.000000    0.000000    0.000000
  -1.71257   34.203210    3.991139   10.874653    3.991139   25.474690    0.000000    0.000000    0.000000    0.000000    0.000000    0.000000
  -1.70657   33.951597    3.985966   10.801498    3.985966   25.174201    0.000000    0.000000    0.000000    0.000000    0.000000    0.000000
  -1.70057   33.991060    4.002110   10.781503    4.002110   25.083966    0.000000    0.000000    0.000000    0.000000    0.000000    0.000000
  -1.69456   34.359932    4.042183   10.824880    4.042183   25.237494    0.000000    0.000000    0.000000    0.000000    0.000000    0.000000
  -1.68856   35.073690    4.105994   10.936871    4.105994   25.652156    0.000000    0.000000    0.000000    0.000000    0.000000    0.000000
  -1.68256   36.124024    4.190652   11.117538    4.190652   26.328131    0.000000    0.000000    0.000000    0.000000    0.000000    0.000000
  -1.67656   37.479743    4.290941   11.361903    4.290941   27.248580    0.000000    0.000000    0.000000    0.000000    0.000000    0.000000
  -1.67056   39.089210    4.399896   11.660382    4.399896   28.380890    0.000000    0.000000    0.000000    0.000000    0.000000    0.000000
  -1.66455   40.883944    4.509518   11.999407    4.509518   29.678744    0.000000    0.000000    0.000000    0.000000    0.000000    0.000000
  -1.65855   42.782982    4.611560   12.362204    4.611560   31.084824    0.000000    0.000000    0.000000    0.000000    0.000000    0.000000
  -1.65255   44.697661    4.698286   12.729677    4.698286   32.533951    0.000000    0.000000    0.000000    0.000000    0.000000    0.000000
  -1.64655   46.536536    4.763146   13.081387    4.763146   33.956541    0.000000    0.000000    0.000000    0.000000    0.000000    0.000000
  -1.64055   48.210193    4.801295   13.396609    4.801295   35.282253    0.000000    0.000000    0.000000    0.000000    0.000000    0.000000
  -1.63454   49.635793    4.809913   13.655436    4.809913   36.443707    0.000000    0.000000    0.000000    0.000000    0.000000    0.000000
  -1.62854   50.741198    4.788307   13.839916    4.788307   37.380159    0.000000    0.000000    0.000000    0.000000    0.000000    0.000000
  -1.62254   51.468523    4.737793   13.935141    4.737793   38.040929    0.000000    0.000000    0.000000    0.000000    0.000000    0.000000
  -1.61654   51.776972    4.661379   13.930218    4.661379   38.388381    0.000000    0.000000    0.000000    0.000000    0.000000    0.000000
  -1.61054   51.644781    4.563303   13.819024    4.563303   38.400188    0.000000    0.000000    0.000000    0.000000    0.000000    0.000000
  -1.60453   51.070085    4.448481   13.600660    4.448481   38.070654    0.000000    0.000000    0.000000    0.000000    0.000000    0.000000
  -1.59853   50.070587    4.321928   13.279521    4.321928   37.410862    0.000000    0.000000    0.000000    0.000000    0.000000    0.000000
  -1.59253   48.681940    4.188232   12.864944    4.188232   36.447562    0.000000    0.000000    0.000000    0.000000    0.000000    0.000000
  -1.58653   46.954870    4.051110   12.370438    4.051110   35.220789    0.000000    0.000000    0.000000    0.000000    0.000000    0.000000
  -1.58053   44.951220    3.913122   11.812551    3.913122   33.780401    0.000000    0.000000    0.000000    0.000000    0.000000    0.000000
  -1.57452   42.739230    3.775536   11.209495    3.775536   32.181844    0.000000    0.000000    0.000000    0.000000    0.000000    0.000000
  -1.56852   40.388468    3.638370   10.579655    3.638370   30.481587    0.000000    0.000000    0.000000    0.000000    0.000000    0.000000
  -1.56252   37.964958    3.500572    9.940172    3.500572   28.732730    0.000000    0.000000    0.000000    0.000000    0.000000    0.000000
  -1.55652   35.526980    3.360337    9.305746    3.360337   26.981267    0.000000    0.000000    0.000000    0.000000    0.000000    0.000000
  -1.55052   33.122010    3.215483    8.687796    3.215483   25.263421    0.000000    0.000000    0.000000    0.000000    0.000000    0.000000
  -1.54451   30.785071    3.063867    8.094058    3.063867   23.604294    0.000000    0.000000    0.000000    0.000000    0.000000    0.000000
  -1.53851   28.538575    2.903768    7.528632    2.903768   22.017892    0.000000    0.000000    0.000000    0.000000    0.000000    0.000000
  -1.53251   26.393555    2.734202    6.992435    2.734202   20.508402    0.000000    0.000000    0.000000    0.000000    0.000000    0.000000
  -1.52651   24.351952    2.555135    6.483960    2.555135   19.072414    0.000000    0.000000    0.000000    0.000000    0.000000    0.000000
  -1.52051   22.409545    2.367564    6.000196    2.367564   17.701671    0.000000    0.000000    0.000000    0.000000    0.000000    0.000000
  -1.51450   20.559028    2.173479    5.537563    2.173479   16.385922    0.000000    0.000000    0.000000    0.000000    0.000000    0.000000
  -1.50850   18.792795    1.975701    5.092746    1.975701   15.115448    0.000000    0.000000    0.000000    0.000000    0.000000    0.000000
  -1.50250   17.105097    1.777640    4.663304    1.777640   13.882984    0.000000    0.000000    0.000000    0.000000    0.000000    0.000000
  -1.49650   15.493386    1.582996    4.248027    1.582996   12.684850    0.000000    0.000000    0.000000    0.000000    0.000000    0.000000
  -1.49050   13.958809    1.395457    3.847025    1.395457   11.521293    0.000000    0.000000    0.000000    0.000000    0.000000    0.000000
  -1.48449   12.505970    1.218428    3.461589    1.218428   10.396128    0.000000    0.000000    0.000000    0.000000    0.000000    0.000000
  -1.47849   11.142157    1.054806    3.093897    1.054806    9.315889    0.000000    0.000000    0.000000    0.000000    0.000000    0.000000
  -1.47249    9.876278    0.906846    2.746634    0.906846    8.288719    0.000000    0.000000    0.000000    0.000000    0.000000    0.000000
  -1.46649    8.717722    0.776097    2.422608    0.776097    7.323207    0.000000    0.000000    0.000000    0.000000    0.000000    0.000000
  -1.46049    7.675330    0.663412    2.124409    0.663412    6.427373    0.000000    0.000000    0.000000    0.000000    0.000000    0.000000
  -1.45448    6.756556    0.569012    1.854149    0.569012    5.607877    0.000000    0.000000    0.000000    0.000000    0.000000    0.000000
  -1.44848    5.966859    0.492581    1.613300    0.492581    4.869524    0.000000    0.000000    0.000000    0.000000    0.000000    0.000000
  -1.44248    5.309280    0.433368    1.402608    0.433368    4.215014    0.000000    0.000000    0.000000    0.000000    0.000000    0.000000
  -1.43648    4.784157    0.390283    1.222082    0.390283    3.644917    0.000000    0.000000    0.000000    0.000000    0.000000    0.000000
  -1.43048    4.388919    0.361964    1.071015    0.361964    3.157769    0.000000    0.000000    0.000000    0.000000    0.000000    0.000000
  -1.42447    4.117929    0.346826    0.948039    0.346826    2.750266    0.000000    0.000000    0.000000    0.000000    0.000000    0.000000
  -1.41847    3.962395    0.343087    0.851191    0.343087    2.417486    0.000000    0.000000    0.000000    0.000000    0.000000    0.000000
  -1.41247    3.910376    0.348784    0.777990    0.348784    2.153147    0.000000    0.000000    0.000000    0.000000    0.000000    0.000000
  -1.40647    3.946976    0.361794    0.725537    0.361794    1.949892    0.000000    0.000000    0.000000    0.000000    0.000000    0.000000
  -1.40047    4.054769    0.379869    0.690631    0.379869    1.799623    0.000000    0.000000    0.000000    0.000000    0.000000    0.000000
  -1.39446    4.214534    0.400703    0.669926    0.400703    1.693893    0.000000    0.000000    0.000000    0.000000    0.000000    0.000000
  -1.38846    4.406269    0.422018    0.660105    0.422018    1.624355    0.000000    0.000000    0.000000    0.000000    0.000000    0.000000
  -1.38246    4.610463    0.441680    0.658086    0.441680    1.583254    0.000000    0.000000    0.000000    0.000000    0.000000    0.000000
  -1.37646    4.809486    0.457825    0.661220    0.457825    1.563914    0.000000    0.000000    0.000000    0.000000    0.000000    0.000000
  -1.37046    4.988955    0.468985    0.667475    0.468985    1.561162    0.000000    0.000000    0.000000    0.000000    0.000000    0.000000
  -1.36445    5.138873    0.474189    0.675566    0.474189    1.571636    0.000000    0.000000    0.000000    0.000000    0.000000    0.000000
  -1.35845    5.254378    0.473024    0.685012    0.473024    1.593900    0.000000    0.000000    0.000000    0.000000    0.000000    0.000000
  -1.35245    5.335941    0.465651    0.696097    0.465651    1.628336    0.000000    0.000000    0.000000    0.000000    0.000000    0.000000
  -1.34645    5.388943    0.452758    0.709738    0.452758    1.676788    0.000000    0.000000    0.000000    0.000000    0.000000    0.000000
  -1.34045    5.422632    0.435465    0.727261    0.435465    1.741993    0.000000    0.000000    0.000000    0.000000    0.000000    0.000000
  -1.33444    5.448560    0.415177    0.750102    0.415177    1.826826    0.000000    0.000000    0.000000    0.000000    0.000000    0.000000
  -1.32844    5.478683    0.393422    0.779482    0.393422    1.933482    0.000000    0.000000    0.000000    0.000000    0.000000    0.000000
  -1.32244    5.523368    0.371671    0.816088    0.371671    2.062669    0.000000    0.000000    0.000000    0.000000    0.000000    0.000000
  -1.31644    5.589570    0.351183    0.859810    0.351183    2.212947    0.000000    0.000000    0.000000    0.000000    0.000000    0.000000
  -1.31044    5.679458    0.332880    0.909568    0.332880    2.380315    0.000000    0.000000    0.000000    0.000000    0.000000    0.000000
  -1.30443    5.789668    0.317274    0.963271    0.317274    2.558114    0.000000    0.000000    0.000000    0.000000    0.000000    0.000000
  -1.29843    5.911333    0.304445    1.017909    0.304445    2.737301    0.000000    0.000000    0.000000    0.000000    0.000000    0.000000
  -1.29243    6.030879    0.294073    1.069776    0.294073    2.907064    0.000000    0.000000    0.000000    0.000000    0.000000    0.000000
  -1.28643    6.131506    0.285527    1.114810    0.285527    3.055729    0.000000    0.000000    0.000000    0.000000    0.000000    0.000000
  -1.28043    6.195146    0.277967    1.148985    0.277967    3.171848    0.000000    0.000000    0.000000    0.000000    0.000000    0.000000
  -1.27442    6.204642    0.270483    1.168736    0.270483    3.245336    0.000000    0.000000    0.000000    0.000000    0.000000    0.000000
  -1.26842    6.145849    0.262216    1.171330    0.262216    3.268506    0.000000    0.000000    0.000000    0.000000    0.000000    0.000000
  -1.26242    6.009385    0.252469    1.155164    0.252469    3.236876    0.000000    0.000000    0.000000    0.000000    0.000000    0.000000
  -1.25642    5.791811    0.240792    1.119927    0.240792    3.149644    0.000000    0.000000    0.000000    0.000000    0.000000    0.000000
  -1.25042    5.496120    0.227025    1.066633    0.227025    3.009781    0.000000    0.000000    0.000000    0.000000    0.000000    0.000000
  -1.24441    5.131513    0.211310    0.997505    0.211310    2.823737    0.000000    0.000000    0.000000    0.000000    0.000000    0.000000
  -1.23841    4.712534    0.194068    0.915752    0.194068    2.600825    0.000000    0.000000    0.000000    0.000000    0.000000    0.000000
  -1.23241    4.257751    0.175951    0.825253    0.175951    2.352373    0.000000    0.000000    0.000000    0.000000    0.000000    0.000000
  -1.22641    3.788166    0.157785    0.730210    0.157785    2.090758    0.000000    0.000000    0.000000    0.000000    0.000000    0.000000
  -1.22041    3.325602    0.140501    0.634806    0.140501    1.828461    0.000000    0.000000    0.000000    0.000000    0.000000    0.000000
  -1.21440    2.891245    0.125077    0.542915    0.125077    1.577236    0.000000    0.000000    0.000000    0.000000    0.000000    0.000000
  -1.20840    2.504487    0.112483    0.457876    0.112483    1.347468    0.000000    0.000000    0.000000    0.000000    0.000000    0.000000
  -1.20240    2.182135    0.103645    0.382366    0.103645    1.147780    0.000000    0.000000    0.000000    0.000000    0.000000    0.000000
  -1.19640    1.937987    0.099414    0.318359    0.099414    0.984853    0.000000    0.000000    0.000000    0.000000    0.000000    0.000000
  -1.19040    1.782697    0.100543    0.267158    0.100543    0.863454    0.000000    0.000000    0.000000    0.000000    0.000000    0.000000
  -1.18439    1.723848    0.107670    0.229495    0.107670    0.786597    0.000000    0.000000    0.000000    0.000000    0.000000    0.000000
  -1.17839    1.766112    0.121293    0.205649    0.121293    0.755791    0.000000    0.000000    0.000000    0.000000    0.000000    0.000000
  -1.17239    1.911414    0.141744    0.195596    0.141744    0.771292    0.000000    0.000000    0.000000    0.000000    0.000000    0.000000
  -1.16639    2.159048    0.169159    0.199128    0.169159    0.832349    0.000000    0.000000    0.000000    0.000000    0.000000    0.000000
  -1.16039    2.505729    0.203441    0.215974    0.203441    0.937395    0.000000    0.000000    0.000000    0.000000    0.000000    0.000000
  -1.15438    2.945643    0.244234    0.245872    0.244234    1.084201    0.000000    0.000000    0.000000    0.000000    0.000000    0.000000
  -1.14838    3.470539    0.290906    0.288628    0.290906    1.270005    0.000000    0.000000    0.000000    0.000000    0.000000    0.000000
  -1.14238    4.069967    0.342555    0.344137    0.342555    1.491636    0.000000    0.000000    0.000000    0.000000    0.000000    0.000000
  -1.13638    4.731721    0.398039    0.412387    0.398039    1.745666    0.000000    0.000000    0.000000    0.000000    0.000000    0.000000
  -1.13038    5.442519    0.456042    0.493446    0.456042    2.028605    0.000000    0.000000    0.000000    0.000000    0.000000    0.000000
  -1.12437    6.188898    0.515166    0.587439    0.515166    2.337127    0.000000    0.000000    0.000000    0.000000    0.000000    0.000000
  -1.11837    6.958242    0.574038    0.694506    0.574038    2.668313    0.000000    0.000000    0.000000    0.000000    0.000000    0.000000
  -1.11237    7.739815    0.631428    0.814768    0.631428    3.019874    0.000000    0.000000    0.000000    0.000000    0.000000    0.000000
  -1.10637    8.525616    0.686362    0.948271    0.686362    3.390300    0.000000    0.000000    0.000000    0.000000    0.000000    0.000000
  -1.10037    9.310910    0.738193    1.094927    0.738193    3.778888    0.000000    0.000000    0.000000    0.000000    0.000000    0.000000
  -1.09436   10.094276    0.786646    1.254443    0.786646    4.185608    0.000000    0.000000    0.000000    0.000000    0.000000    0.000000
  -1.08836   10.877102    0.831799    1.426242    0.831799    4.610786    0.000000    0.000000    0.000000    0.000000    0.000000    0.000000
  -1.08236   11.662538    0.874016    1.609376    0.874016    5.054625    0.000000    0.000000    0.000000    0.000000    0.000000    0.000000
  -1.07636   12.453988    0.913826    1.802432    0.913826    5.516593    0.000000    0.000000    0.000000    0.000000    0.000000    0.000000
  -1.07036   13.253355    0.951780    2.003452    0.951780    5.994766    0.000000    0.000000    0.000000    0.000000    0.000000    0.000000
  -1.06435   14.059260    0.988283    2.209861    0.988283    6.485210    0.000000    0.000000    0.000000    0.000000    0.000000    0.000000
  -1.05835   14.865529    1.023448    2.418424    1.023448    6.981507    0.000000    0.000000    0.000000    0.000000    0.000000    0.000000
  -1.05235   15.660203    1.056991    2.625254    1.056991    7.474522    0.000000    0.000000    0.000000    0.000000    0.000000    0.000000
  -1.04635   16.425262    1.088167    2.825857    1.088167    7.952486    0.000000    0.000000    0.000000    0.000000    0.000000    0.000000
  -1.04035   17.137190    1.115793    3.015259    1.115793    8.401408    0.000000    0.000000    0.000000    0.000000    0.000000    0.000000
  -1.03434   17.768342    1.138330    3.188178    1.138330    8.805828    0.000000    0.000000    0.000000    0.000000    0.000000    0.000000
  -1.02834   18.289010    1.154022    3.339271    1.154022    9.149821    0.000000    0.000000    0.000000    0.000000    0.000000    0.000000
  -1.02234   18.669930    1.161091    3.463409    1.161091    9.418169    0.000000    0.000000    0.000000    0.000000    0.000000    0.000000
  -1.01634   18.884949    1.157935    3.555988    1.157935    9.597559    0.000000    0.000000    0.000000    0.000000    0.000000    0.000000
  -1.01034   18.913508    1.143326    3.613222    1.143326    9.677668    0.000000    0.000000    0.000000    0.000000    0.000000    0.000000
  -1.00433   18.742651    1.116567    3.632402    1.116567    9.652022    0.000000    0.000000    0.000000    0.000000    0.000000    0.000000
  -0.99833   18.368324    1.077601    3.612098    1.077601    9.518516    0.000000    0.000000    0.000000    0.000000    0.000000    0.000000
  -0.99233   17.795834    1.027039    3.552265    1.027039    9.279571    0.000000    0.000000    0.000000    0.000000    0.000000    0.000000
  -0.98633   17.039459    0.966133    3.454266    0.966133    8.941908    0.000000    0.000000    0.000000    0.000000    0.000000    0.000000
  -0.98033   16.121305    0.896677    3.320797    0.896677    8.516008    0.000000    0.000000    0.000000    0.000000    0.000000    0.000000
  -0.97432   15.069583    0.820861    3.155727    0.820861    8.015322    0.000000    0.000000    0.000000    0.000000    0.000000    0.000000
  -0.96832   13.916560    0.741104    2.963880    0.741104    7.455353    0.000000    0.000000    0.000000    0.000000    0.000000    0.000000
  -0.96232   12.696418    0.659873    2.750775    0.659873    6.852701    0.000000    0.000000    0.000000    0.000000    0.000000    0.000000
  -0.95632   11.443234    0.579526    2.522343    0.579526    6.224160    0.000000    0.000000    0.000000    0.000000    0.000000    0.000000
  -0.95032   10.189273    0.502182    2.284652    0.502182    5.585944    0.000000    0.000000    0.000000    0.000000    0.000000    0.000000
  -0.94431    8.963672    0.429629    2.043653    0.429629    4.953060    0.000000    0.000000    0.000000    0.000000    0.000000    0.000000
  -0.93831    7.791570    0.363291    1.804946    0.363291    4.338863    0.000000    0.000000    0.000000    0.000000    0.000000    0.000000
  -0.93231    6.693653    0.304221    1.573600    0.304221    3.754766    0.000000    0.000000    0.000000    0.000000    0.000000    0.000000
  -0.92631    5.686068    0.253142    1.353995    0.253142    3.210086    0.000000    0.000000    0.000000    0.000000    0.000000    0.000000
  -0.92031    4.780614    0.210510    1.149727    0.210510    2.712012    0.000000    0.000000    0.000000    0.000000    0.000000    0.000000
  -0.91430    3.985129    0.176583    0.963545    0.176583    2.265665    0.000000    0.000000    0.000000    0.000000    0.000000    0.000000
  -0.90830    3.303991    0.151500    0.797334    0.151500    1.874220    0.000000    0.000000    0.000000    0.000000    0.000000    0.000000
  -0.90230    2.738655    0.135341    0.652145    0.135341    1.539083    0.000000    0.000000    0.000000    0.000000    0.000000    0.000000
  -0.89630    2.288163    0.128166    0.528255    0.128166    1.260099    0.000000    0.000000    0.000000    0.000000    0.000000    0.000000
  -0.89030    1.949581    0.130028    0.425260    0.130028    1.035776    0.000000    0.000000    0.000000    0.000000    0.000000    0.000000
  -0.88429    1.718319    0.140956    0.342183    0.140956    0.863511    0.000000    0.000000    0.000000    0.000000    0.000000    0.000000
  -0.87829    1.588322    0.160905    0.277598    0.160905    0.739789    0.000000    0.000000    0.000000    0.000000    0.000000    0.000000
  -0.87229    1.552121    0.189685    0.229748    0.189685    0.660360    0.000000    0.000000    0.000000    0.000000    0.000000    0.000000
  -0.86629    1.600779    0.226871    0.196650    0.226871    0.620380    0.000000    0.000000    0.000000    0.000000    0.000000    0.000000
  -0.86029    1.723769    0.271712    0.176197    0.271712    0.614509    0.000000    0.000000    0.000000    0.000000    0.000000    0.000000
  -0.85428    1.908841    0.323058    0.166224    0.323058    0.636997    0.000000    0.000000    0.000000    0.000000    0.000000    0.000000
  -0.84828    2.141988    0.379310    0.164572    0.379310    0.681748    0.000000    0.000000    0.000000    0.000000    0.000000    0.000000
  -0.84228    2.407542    0.438420    0.169132    0.438420    0.742413    0.000000    0.000000    0.000000    0.000000    0.000000    0.000000
  -0.83628    2.688505    0.497941    0.177888    0.497941    0.812515    0.000000    0.000000    0.000000    0.000000    0.000000    0.000000
  -0.83028    2.967117    0.555142    0.188950    0.555142    0.885611    0.000000    0.000000    0.000000    0.000000    0.000000    0.000000
  -0.82427    3.225664    0.607168    0.200597    0.607168    0.955521    0.000000    0.000000    0.000000    0.000000    0.000000    0.000000
  -0.81827    3.447461    0.651241    0.211316    0.651241    1.016590    0.000000    0.000000    0.000000    0.000000    0.000000    0.000000
  -0.81227    3.617924    0.684887    0.219846    0.684887    1.063966    0.000000    0.000000    0.000000    0.000000    0.000000    0.000000
  -0.80627    3.725590    0.706140    0.225217    0.706140    1.093865    0.000000    0.000000    0.000000    0.000000    0.000000    0.000000
  -0.80027    3.762963    0.713726    0.226776    0.713726    1.103791    0.000000    0.000000    0.000000    0.000000    0.000000    0.000000
  -0.79426    3.727071    0.707176    0.224207    0.707176    1.092665    0.000000    0.000000    0.000000    0.000000    0.000000    0.000000
  -0.78826    3.619633    0.686873    0.217520    0.686873    1.060856    0.000000    0.000000    0.000000    0.000000    0.000000    0.000000
  -0.78226    3.446832    0.654012    0.207026    0.654012    1.010091    0.000000    0.000000    0.000000    0.000000    0.000000    0.000000
  -0.77626    3.218701    0.610485    0.193291    0.610485    0.943271    0.000000    0.000000    0.000000    0.000000    0.000000    0.000000
  -0.77026    2.948218    0.558709    0.177080    0.558709    0.864189    0.000000    0.000000    0.000000    0.000000    0.000000    0.000000
  -0.76425    2.650226    0.501416    0.159279    0.501416    0.777219    0.000000    0.000000    0.000000    0.000000    0.000000    0.000000
  -0.75825    2.340327    0.441429    0.140838    0.441429    0.686987    0.000000    0.000000    0.000000    0.000000    0.000000    0.000000
  -0.75225    2.033870    0.381461    0.122700    0.381461    0.598083    0.000000    0.000000    0.000000    0.000000    0.000000    0.000000
  -0.74625    1.745172    0.323945    0.105763    0.323945    0.514836    0.000000    0.000000    0.000000    0.000000    0.000000    0.000000
  -0.74025    1.486999    0.270925    0.090845    0.270925    0.441170    0.000000    0.000000    0.000000    0.000000    0.000000    0.000000
  -0.73424    1.270361    0.223995    0.078677    0.223995    0.380553    0.000000    0.000000    0.000000    0.000000    0.000000    0.000000
  -0.72824    1.104554    0.184299    0.069904    0.184299    0.336010    0.000000    0.000000    0.000000    0.000000    0.000000    0.000000
  -0.72224    0.997382    0.152569    0.065103    0.152569    0.310196    0.000000    0.000000    0.000000    0.000000    0.000000    0.000000
  -0.71624    0.955449    0.129193    0.064793    0.129193    0.305469    0.000000    0.000000    0.000000    0.000000    0.000000    0.000000
  -0.71024    0.984401    0.114292    0.069449    0.114292    0.323948    0.000000    0.000000    0.000000    0.000000    0.000000    0.000000
  -0.70423    1.089015    0.107793    0.079498    0.107793    0.367515    0.000000    0.000000    0.000000    0.000000    0.000000    0.000000
  -0.69823    1.273051    0.109473    0.095299    0.109473    0.437728    0.000000    0.000000    0.000000    0.000000    0.000000    0.000000
  -0.69223    1.538842    0.118996    0.117103    0.118996    0.535653    0.000000    0.000000    0.000000    0.000000    0.000000    0.000000
  -0.68623    1.886637    0.135900    0.144999    0.135900    0.661614    0.000000    0.000000    0.000000    0.000000    0.000000    0.000000
  -0.68023    2.313784    0.159578    0.178843    0.159578    0.814883    0.000000    0.000000    0.000000    0.000000    0.000000    0.000000
  -0.67422    2.813865    0.189233    0.218188    0.189233    0.993374    0.000000    0.000000    0.000000    0.000000    0.000000    0.000000
  -0.66822    3.375970    0.223840    0.262231    0.223840    1.193378    0.000000    0.000000    0.000000    0.000000    0.000000    0.000000
  -0.66222    3.984259    0.262117    0.309775    0.262117    1.409409    0.000000    0.000000    0.000000    0.000000    0.000000    0.000000
  -0.65622    4.617990    0.302516    0.359232    0.302516    1.634217    0.000000    0.000000    0.000000    0.000000    0.000000    0.000000
  -0.65022    5.252117    0.343260    0.408674    0.343260    1.859005    0.000000    0.000000    0.000000    0.000000    0.000000    0.000000
  -0.64421    5.858489    0.382408    0.455924    0.382408    2.073855    0.000000    0.000000    0.000000    0.000000    0.000000    0.000000
  -0.63821    6.407614    0.417962    0.498699    0.417962    2.268356    0.000000    0.000000    0.000000    0.000000    0.000000    0.000000
  -0.63221    6.870819    0.448000    0.534772    0.448000    2.432376    0.000000    0.000000    0.000000    0.000000    0.000000    0.000000
  -0.62621    7.222602    0.470822    0.562164    0.470822    2.556889    0.000000    0.000000    0.000000    0.000000    0.000000    0.000000
  -0.62021    7.442881    0.485091    0.579315    0.485091    2.634778    0.000000    0.000000    0.000000    0.000000    0.000000    0.000000
  -0.61420    7.518872    0.489950    0.585230    0.489950    2.661495    0.000000    0.000000    0.000000    0.000000    0.000000    0.000000
  -0.60820    7.446332    0.485099    0.579582    0.485099    2.635502    0.000000    0.000000    0.000000    0.000000    0.000000    0.000000
  -0.60220    7.230012    0.470824    0.562739    0.470824    2.558424    0.000000    0.000000    0.000000    0.000000    0.000000    0.000000
  -0.59620    6.883255    0.447962    0.535740    0.447962    2.434904    0.000000    0.000000    0.000000    0.000000    0.000000    0.000000
  -0.59020    6.426791    0.417825    0.500200    0.417825    2.272171    0.000000    0.000000    0.000000    0.000000    0.000000    0.000000
  -0.58419    5.886894    0.382074    0.458166    0.382074    2.079383    0.000000    0.000000    0.000000    0.000000    0.000000    0.000000
  -0.57819    5.293151    0.342573    0.411942    0.342573    1.866835    0.000000    0.000000    0.000000    0.000000    0.000000    0.000000
  -0.57219    4.676106    0.301233    0.363915    0.301233    1.645118    0.000000    0.000000    0.000000    0.000000    0.000000    0.000000
  -0.56619    4.065065    0.259870    0.316375    0.259870    1.424354    0.000000    0.000000    0.000000    0.000000    0.000000    0.000000
  -0.56019    3.486273    0.220090    0.271386    0.220090    1.213552    0.000000    0.000000    0.000000    0.000000    0.000000    0.000000
  -0.55418    2.961616    0.183202    0.230682    0.183202    1.020170    0.000000    0.000000    0.000000    0.000000    0.000000    0.000000
  -0.54818    2.507903    0.150186    0.195616    0.150186    0.849883    0.000000    0.000000    0.000000    0.000000    0.000000    0.000000
  -0.54218    2.136706    0.121687    0.167153    0.121687    0.706559    0.000000    0.000000    0.000000    0.000000    0.000000    0.000000
  -0.53618    1.854672    0.098048    0.145898    0.098048    0.592409    0.000000    0.000000    0.000000    0.000000    0.000000    0.000000
  -0.53018    1.664177    0.079366    0.132148    0.079366    0.508256    0.000000    0.000000    0.000000    0.000000    0.000000    0.000000
  -0.52417    1.564172    0.065562    0.125961    0.065562    0.453871    0.000000    0.000000    0.000000    0.000000    0.000000    0.000000
  -0.51817    1.551110    0.056453    0.127221    0.056453    0.428328    0.000000    0.000000    0.000000    0.000000    0.000000    0.000000
  -0.51217    1.619826    0.051823    0.135703    0.051823    0.430321    0.000000    0.000000    0.000000    0.000000    0.000000    0.000000
  -0.50617    1.764302    0.051480    0.151113    0.051480    0.458422    0.000000    0.000000    0.000000    0.000000    0.000000    0.000000
  -0.50017    1.978274    0.055302    0.173121    0.055302    0.511249    0.000000    0.000000    0.000000    0.000000    0.000000    0.000000
  -0.49416    2.255649    0.063261    0.201359    0.063261    0.587537    0.000000    0.000000    0.000000    0.000000    0.000000    0.000000
  -0.48816    2.590732    0.075442    0.235409    0.075442    0.686118    0.000000    0.000000    0.000000    0.000000    0.000000    0.000000
  -0.48216    2.978258    0.092034    0.274777    0.092034    0.805814    0.000000    0.000000    0.000000    0.000000    0.000000    0.000000
  -0.47616    3.413255    0.113323    0.318842    0.113323    0.945266    0.000000    0.000000    0.000000    0.000000    0.000000    0.000000
  -0.47016    3.890747    0.139667    0.366818    0.139667    1.102722    0.000000    0.000000    0.000000    0.000000    0.000000    0.000000
  -0.46415    4.405350    0.171466    0.417712    0.171466    1.275819    0.000000    0.000000    0.000000    0.000000    0.000000    0.000000
  -0.45815    4.950807    0.209127    0.470300    0.209127    1.461388    0.000000    0.000000    0.000000    0.000000    0.000000    0.000000
  -0.45215    5.519547    0.253028    0.523129    0.253028    1.655337    0.000000    0.000000    0.000000    0.000000    0.000000    0.000000
  -0.44615    6.102346    0.303484    0.574551    0.303484    1.852624    0.000000    0.000000    0.000000    0.000000    0.000000    0.000000
  -0.44015    6.688181    0.360698    0.622788    0.360698    2.047370    0.000000    0.000000    0.000000    0.000000    0.000000    0.000000
  -0.43414    7.264343    0.424730    0.666044    0.424730    2.233096    0.000000    0.000000    0.000000    0.000000    0.000000    0.000000
  -0.42814    7.816841    0.495452    0.702625    0.495452    2.403098    0.000000    0.000000    0.000000    0.000000    0.000000    0.000000
  -0.42214    8.331091    0.572507    0.731087    0.572507    2.550918    0.000000    0.000000    0.000000    0.000000    0.000000    0.000000
  -0.41614    8.792821    0.655268    0.750373    0.655268    2.670852    0.000000    0.000000    0.000000    0.000000    0.000000    0.000000
  -0.41014    9.189080    0.742803    0.759924    0.742803    2.758450    0.000000    0.000000    0.000000    0.000000    0.000000    0.000000
  -0.40413    9.509219    0.833841    0.759744    0.833841    2.810920    0.000000    0.000000    0.000000    0.000000    0.000000    0.000000
  -0.39813    9.745672    0.926759    0.750415    0.926759    2.827386    0.000000    0.000000    0.000000    0.000000    0.000000    0.000000
  -0.39213    9.894444    1.019582    0.733040    1.019582    2.808951    0.000000    0.000000    0.000000    0.000000    0.000000    0.000000
  -0.38613    9.955189    1.110013    0.709133    1.110013    2.758550    0.000000    0.000000    0.000000    0.000000    0.000000    0.000000
  -0.38013    9.930896    1.195491    0.680458    1.195491    2.680607    0.000000    0.000000    0.000000    0.000000    0.000000    0.000000
  -0.37412    9.827213    1.273285    0.648843    1.273285    2.580543    0.000000    0.000000    0.000000    0.000000    0.000000    0.000000
  -0.36812    9.651547    1.340619    0.615993    1.340619    2.464194    0.000000    0.000000    0.000000    0.000000    0.000000    0.000000
  -0.36212    9.412076    1.394821    0.583331    1.394821    2.337241    0.000000    0.000000    0.000000    0.000000    0.000000    0.000000
  -0.35612    9.116853    1.433493    0.551875    1.433493    2.204694    0.000000    0.000000    0.000000    0.000000    0.000000    0.000000
  -0.35012    8.773137    1.454677    0.522187    1.454677    2.070535    0.000000    0.000000    0.000000    0.000000    0.000000    0.000000
  -0.34411    8.387045    1.457014    0.494376    1.457014    1.937529    0.000000    0.000000    0.000000    0.000000    0.000000    0.000000
  -0.33811    7.963555    1.439866    0.468167    1.439866    1.807221    0.000000    0.000000    0.000000    0.000000    0.000000    0.000000
  -0.33211    7.506819    1.403399    0.443010    1.403399    1.680111    0.000000    0.000000    0.000000    0.000000    0.000000    0.000000
  -0.32611    7.020690    1.348604    0.418220    1.348604    1.555937    0.000000    0.000000    0.000000    0.000000    0.000000    0.000000
  -0.32011    6.509323    1.277265    0.393115    1.277265    1.434037    0.000000    0.000000    0.000000    0.000000    0.000000    0.000000
  -0.31410    5.977729    1.191856    0.367144    1.191856    1.313694    0.000000    0.000000    0.000000    0.000000    0.000000    0.000000
  -0.30810    5.432137    1.095399    0.339972    1.095399    1.194438    0.000000    0.000000    0.000000    0.000000    0.000000    0.000000
  -0.30210    4.880116    0.991264    0.311535    0.991264    1.076247    0.000000    0.000000    0.000000    0.000000    0.000000    0.000000
  -0.29610    4.330406    0.882967    0.282045    0.882967    0.959634    0.000000    0.000000    0.000000    0.000000    0.000000    0.000000
  -0.29010    3.792513    0.773949    0.251953    0.773949    0.845623    0.000000    0.000000    0.000000    0.000000    0.000000    0.000000
  -0.28409    3.276121    0.667381    0.221890    0.667381    0.735639    0.000000    0.000000    0.000000    0.000000    0.000000    0.000000
  -0.27809    2.790443    0.566001    0.192589    0.566001    0.631330    0.000000    0.000000    0.000000    0.000000    0.000000    0.000000
  -0.27209    2.343593    0.471999    0.164803    0.471999    0.534376    0.000000    0.000000    0.000000    0.000000    0.000000    0.000000
  -0.26609    1.942081    0.386951    0.139235    0.386951    0.446306    0.000000    0.000000    0.000000    0.000000    0.000000    0.000000
  -0.26009    1.590487    0.311812    0.116480    0.311812    0.368352    0.000000    0.000000    0.000000    0.000000    0.000000    0.000000
  -0.25408    1.291330    0.246950    0.096989    0.246950    0.301354    0.000000    0.000000    0.000000    0.000000    0.000000    0.000000
  -0.24808    1.045139    0.192225    0.081055    0.192225    0.245724    0.000000    0.000000    0.000000    0.000000    0.000000    0.000000
  -0.24208    0.850654    0.147089    0.068813    0.147089    0.201450    0.000000    0.000000    0.000000    0.000000    0.000000    0.000000
  -0.23608    0.705137    0.110694    0.060252    0.110694    0.168144    0.000000    0.000000    0.000000    0.000000    0.000000    0.000000
  -0.23008    0.604708    0.082013    0.055235    0.082013    0.145109    0.000000    0.000000    0.000000    0.000000    0.000000    0.000000
  -0.22407    0.544671    0.059931    0.053517    0.059931    0.131404    0.000000    0.000000    0.000000    0.000000    0.000000    0.000000
  -0.21807    0.519788    0.043338    0.054763    0.043338    0.125918    0.000000    0.000000    0.000000    0.000000    0.000000    0.000000
  -0.21207    0.524501    0.031187    0.058568    0.031187    0.127425    0.000000    0.000000    0.000000    0.000000    0.000000    0.000000
  -0.20607    0.553095    0.022538    0.064467    0.022538    0.134634    0.000000    0.000000    0.000000    0.000000    0.000000    0.000000
  -0.20007    0.599842    0.016584    0.071949    0.016584    0.146231    0.000000    0.000000    0.000000    0.000000    0.000000    0.000000
  -0.19406    0.659132    0.012657    0.080476    0.012657    0.160925    0.000000    0.000000    0.000000    0.000000    0.000000    0.000000
  -0.18806    0.725649    0.010229    0.089506    0.010229    0.177499    0.000000    0.000000    0.000000    0.000000    0.000000    0.000000
  -0.18206    0.794589    0.008902    0.098519    0.008902    0.194878    0.000000    0.000000    0.000000    0.000000    0.000000    0.000000
  -0.17606    0.861946    0.008396    0.107065    0.008396    0.212207    0.000000    0.000000    0.000000    0.000000    0.000000    0.000000
  -0.17006    0.924850    0.008544    0.114801    0.008544    0.228950    0.000000    0.000000    0.000000    0.000000    0.000000    0.000000
  -0.16405    0.981945    0.009276    0.121543    0.009276    0.244994    0.000000    0.000000    0.000000    0.000000    0.000000    0.000000
  -0.15805    1.033759    0.010617    0.127319    0.010617    0.260752    0.000000    0.000000    0.000000    0.000000    0.000000    0.000000
  -0.15205    1.083040    0.012686    0.132408    0.012686    0.277253    0.000000    0.000000    0.000000    0.000000    0.000000    0.000000
  -0.14605    1.135006    0.015689    0.137377    0.015689    0.296216    0.000000    0.000000    0.000000    0.000000    0.000000    0.000000
  -0.14005    1.197455    0.019923    0.143099    0.019923    0.320074    0.000000    0.000000    0.000000    0.000000    0.000000    0.000000
  -0.13404    1.280717    0.025768    0.150750    0.025768    0.351953    0.000000    0.000000    0.000000    0.000000    0.000000    0.000000
  -0.12804    1.397400    0.033688    0.161790    0.033688    0.395594    0.000000    0.000000    0.000000    0.000000    0.000000    0.000000
  -0.12204    1.561920    0.044210    0.177911    0.044210    0.455200    0.000000    0.000000    0.000000    0.000000    0.000000    0.000000
  -0.11604    1.789807    0.057910    0.200964    0.057910    0.535218    0.000000    0.000000    0.000000    0.000000    0.000000    0.000000
  -0.11004    2.096795    0.075385    0.232854    0.075385    0.640052    0.000000    0.000000    0.000000    0.000000    0.000000    0.000000
  -0.10403    2.497729    0.097215    0.275415    0.097215    0.773712    0.000000    0.000000    0.000000    0.000000    0.000000    0.000000
  -0.09803    3.005329    0.123926    0.330260    0.123926    0.939432    0.000000    0.000000    0.000000    0.000000    0.000000    0.000000
  -0.09203    3.628897    0.155940    0.398617    0.155940    1.139261    0.000000    0.000000    0.000000    0.000000    0.000000    0.000000
  -0.08603    4.373060    0.193538    0.481159    0.193538    1.373678    0.000000    0.000000    0.000000    0.000000    0.000000    0.000000
  -0.08003    5.236661    0.236822    0.577845    0.236822    1.641260    0.000000    0.000000    0.000000    0.000000    0.000000    0.000000
  -0.07402    6.211940    0.285690    0.687787    0.285690    1.938458    0.000000    0.000000    0.000000    0.000000    0.000000    0.000000
  -0.06802    7.284127    0.339827    0.809161    0.339827    2.259496    0.000000    0.000000    0.000000    0.000000    0.000000    0.000000
  -0.06202    8.431545    0.398726    0.939182    0.398726    2.596462    0.000000    0.000000    0.000000    0.000000    0.000000    0.000000
  -0.05602    9.626296    0.461709    1.074159    0.461709    2.939573    0.000000    0.000000    0.000000    0.000000    0.000000    0.000000
  -0.05002   10.835523    0.527983    1.209635    0.527983    3.277638    0.000000    0.000000    0.000000    0.000000    0.000000    0.000000
  -0.04401   12.023186    0.596692    1.340614    0.596692    3.598677    0.000000    0.000000    0.000000    0.000000    0.000000    0.000000
  -0.03801   13.152209    0.666972    1.461863    0.666972    3.890667    0.000000    0.000000    0.000000    0.000000    0.000000    0.000000
  -0.03201   14.186797    0.737993    1.568263    0.737993    4.142327    0.000000    0.000000    0.000000    0.000000    0.000000    0.000000
  -0.02601   15.094686    0.808979    1.655173    0.808979    4.343893    0.000000    0.000000    0.000000    0.000000    0.000000    0.000000
  -0.02001   15.849088    0.879194    1.718783    0.879194    4.487776    0.000000    0.000000    0.000000    0.000000    0.000000    0.000000
  -0.01400   16.430115    0.947905    1.756395    0.947905    4.569057    0.000000    0.000000    0.000000    0.000000    0.000000    0.000000
  -0.00800   16.825557    1.014314    1.766626    1.014314    4.585752    0.000000    0.000000    0.000000    0.000000    0.000000    0.000000
  -0.00200   17.030951    1.077477    1.749481    1.077477    4.538840    0.000000    0.000000    0.000000    0.000000    0.000000    0.000000
   0.00400   17.048993    1.136237    1.706316    1.136237    4.432042    0.000000    0.000000    0.000000    0.000000    0.000000    0.000000
   0.01000   16.888431    1.189174    1.639682    1.189174    4.271407    0.000000    0.000000    0.000000    0.000000    0.000000    0.000000
   0.01601   16.562640    1.234607    1.553072    1.234607    4.064748    0.000000    0.000000    0.000000    0.000000    0.000000    0.000000
   0.02201   16.088103    1.270652    1.450618    1.270652    3.821003    0.000000    0.000000    0.000000    0.000000    0.000000    0.000000
   0.02801   15.483016    1.295335    1.336757    1.295335    3.549598    0.000000    0.000000    0.000000    0.000000    0.000000    0.000000
   0.03401   14.766172    1.306767    1.215914    1.306767    3.259866    0.000000    0.000000    0.000000    0.000000    0.000000    0.000000
   0.04001   13.956224    1.303346    1.092234    1.303346    2.960577    0.000000    0.000000    0.000000    0.000000    0.000000    0.000000
   0.04602   13.071320    1.283965    0.969376    1.283965    2.659603    0.000000    0.000000    0.000000    0.000000    0.000000    0.000000
   0.05202   12.129066    1.248194    0.850385    1.248194    2.363712    0.000000    0.000000    0.000000    0.000000    0.000000    0.000000
   0.05802   11.146676    1.196407    0.737639    1.196407    2.078496    0.000000    0.000000    0.000000    0.000000    0.000000    0.000000
   0.06402   10.141195    1.129827    0.632858    1.129827    1.808392    0.000000    0.000000    0.000000    0.000000    0.000000    0.000000
   0.07002    9.129664    1.050492    0.537160    1.050492    1.556775    0.000000    0.000000    0.000000    0.000000    0.000000    0.000000
   0.07603    8.129142    0.961123    0.451152    0.961123    1.326093    0.000000    0.000000    0.000000    0.000000    0.000000    0.000000
   0.08203    7.156556    0.864931    0.375034    0.864931    1.118021    0.000000    0.000000    0.000000    0.000000    0.000000    0.000000
   0.08803    6.228400    0.765378    0.308698    0.765378    0.933621    0.000000    0.000000    0.000000    0.000000    0.000000    0.000000
   0.09403    5.360350    0.665926    0.251830    0.665926    0.773505    0.000000    0.000000    0.000000    0.000000    0.000000    0.000000
   0.10003    4.566880    0.569809    0.203992    0.569809    0.637994    0.000000    0.000000    0.000000    0.000000    0.000000    0.000000
   0.10604    3.860960    0.479842    0.164695    0.479842    0.527262    0.000000    0.000000    0.000000    0.000000    0.000000    0.000000
   0.11204    3.253919    0.398302    0.133458    0.398302    0.441497    0.000000    0.000000    0.000000    0.000000    0.000000    0.000000
   0.11804    2.755480    0.326875    0.109858    0.326875    0.381029    0.000000    0.000000    0.000000    0.000000    0.000000    0.000000
   0.12404    2.373956    0.266666    0.093563    0.266666    0.346446    0.000000    0.000000    0.000000    0.000000    0.000000    0.000000
   0.13004    2.116544    0.218266    0.084362    0.218266    0.338674    0.000000    0.000000    0.000000    0.000000    0.000000    0.000000
   0.13605    1.989627    0.181856    0.082180    0.181856    0.358996    0.000000    0.000000    0.000000    0.000000    0.000000    0.000000
   0.14205    1.998963    0.157317    0.087075    0.157317    0.409003    0.000000    0.000000    0.000000    0.000000    0.000000    0.000000
   0.14805    2.149690    0.144350    0.099229    0.144350    0.490461    0.000000    0.000000    0.000000    0.000000    0.000000    0.000000
   0.15405    2.446066    0.142566    0.118912    0.142566    0.605094    0.000000    0.000000    0.000000    0.000000    0.000000    0.000000
   0.16005    2.890919    0.151555    0.146444    0.151555    0.754291    0.000000    0.000000    0.000000    0.000000    0.000000    0.000000
   0.16606    3.484873    0.170921    0.182133    0.170921    0.938762    0.000000    0.000000    0.000000    0.000000    0.000000    0.000000
   0.17206    4.225415    0.200285    0.226210    0.200285    1.158180    0.000000    0.000000    0.000000    0.000000    0.000000    0.000000
   0.17806    5.105951    0.239259    0.278766    0.239259    1.410849    0.000000    0.000000    0.000000    0.000000    0.000000    0.000000
   0.18406    6.115013    0.287412    0.339686    0.287412    1.693457    0.000000    0.000000    0.000000    0.000000    0.000000    0.000000
   0.19006    7.235752    0.344209    0.408597    0.344209    2.000946    0.000000    0.000000    0.000000    0.000000    0.000000    0.000000
   0.19607    8.445855    0.408962    0.484832    0.408962    2.326542    0.000000    0.000000    0.000000    0.000000    0.000000    0.000000
   0.20207    9.717924    0.480781    0.567409    0.480781    2.661952    0.000000    0.000000    0.000000    0.000000    0.000000    0.000000
   0.20807   11.020325    0.558523    0.655027    0.558523    2.997725    0.000000    0.000000    0.000000    0.000000    0.000000    0.000000
   0.21407   12.318418    0.640772    0.746082    0.640772    3.323738    0.000000    0.000000    0.000000    0.000000    0.000000    0.000000
   0.22007   13.576031    0.725817    0.838690    0.725817    3.629755    0.000000    0.000000    0.000000    0.000000    0.000000    0.000000
   0.22608   14.757035    0.811659    0.930724    0.811659    3.906010    0.000000    0.000000    0.000000    0.000000    0.000000    0.000000
   0.23208   15.826840    0.896028    1.019860    0.896028    4.143732    0.000000    0.000000    0.000000    0.000000    0.000000    0.000000
   0.23808   16.753717    0.976435    1.103634    0.976435    4.335577    0.000000    0.000000    0.000000    0.000000    0.000000    0.000000
   0.24408   17.509872    1.050244    1.179505    1.050244    4.475928    0.000000    0.000000    0.000000    0.000000    0.000000    0.000000
   0.25008   18.072263    1.114775    1.244947    1.114775    4.561052    0.000000    0.000000    0.000000    0.000000    0.000000    0.000000
   0.25609   18.423227    1.167432    1.297542    1.167432    4.589129    0.000000    0.000000    0.000000    0.000000    0.000000    0.000000
   0.26209   18.550957    1.205862    1.335111    1.205862    4.560181    0.000000    0.000000    0.000000    0.000000    0.000000    0.000000
   0.26809   18.449918    1.228115    1.355844    1.228115    4.475934    0.000000    0.000000    0.000000    0.000000    0.000000    0.000000
   0.27409   18.121200    1.232805    1.358444    1.232805    4.339647    0.000000    0.000000    0.000000    0.000000    0.000000    0.000000
   0.28009   17.572793    1.219252    1.342259    1.219252    4.155936    0.000000    0.000000    0.000000    0.000000    0.000000    0.000000
   0.28610   16.819697    1.187579    1.307378    1.187579    3.930591    0.000000    0.000000    0.000000    0.000000    0.000000    0.000000
   0.29210   15.883757    1.138747    1.254694    1.138747    3.670390    0.000000    0.000000    0.000000    0.000000    0.000000    0.000000
   0.29810   14.793114    1.074530    1.185896    1.074530    3.382894    0.000000    0.000000    0.000000    0.000000    0.000000    0.000000
   0.30410   13.581187    0.997411    1.103396    0.997411    3.076205    0.000000    0.000000    0.000000    0.000000    0.000000    0.000000
   0.31010   12.285200    0.910420    1.010196    0.910420    2.758685    0.000000    0.000000    0.000000    0.000000    0.000000    0.000000
   0.31611   10.944295    0.816920    0.909686    0.816920    2.438629    0.000000    0.000000    0.000000    0.000000    0.000000    0.000000
   0.32211    9.597421    0.720374    0.805426    0.720374    2.123920    0.000000    0.000000    0.000000    0.000000    0.000000    0.000000
   0.32811    8.281172    0.624106    0.700902    0.624106    1.821680    0.000000    0.000000    0.000000    0.000000    0.000000    0.000000
   0.33411    7.027824    0.531097    0.599310    0.531097    1.537966    0.000000    0.000000    0.000000    0.000000    0.000000    0.000000
   0.34011    5.863768    0.443823    0.503367    0.443823    1.277530    0.000000    0.000000    0.000000    0.000000    0.000000    0.000000
   0.34612    4.808494    0.364151    0.415192    0.364151    1.043677    0.000000    0.000000    0.000000    0.000000    0.000000    0.000000
   0.35212    3.874200    0.293300    0.336239    0.293300    0.838238    0.000000    0.000000    0.000000    0.000000    0.000000    0.000000
   0.35812    3.066016    0.231867    0.267299    0.231867    0.661645    0.000000    0.000000    0.000000    0.000000    0.000000    0.000000
   0.36412    2.382749    0.179887    0.208555    0.179887    0.513103    0.000000    0.000000    0.000000    0.000000    0.000000    0.000000
   0.37012    1.818020    0.136945    0.159682    0.136945    0.390827    0.000000    0.000000    0.000000    0.000000    0.000000    0.000000
   0.37613    1.361609    0.102290    0.119962    0.102290    0.292321    0.000000    0.000000    0.000000    0.000000    0.000000    0.000000
   0.38213    1.000843    0.074959    0.088417    0.074959    0.214652    0.000000    0.000000    0.000000    0.000000    0.000000    0.000000
   0.38813    0.721899    0.053886    0.063928    0.053886    0.154713    0.000000    0.000000    0.000000    0.000000    0.000000    0.000000
   0.39413    0.510892    0.037999    0.045339    0.037999    0.109437    0.000000    0.000000    0.000000    0.000000    0.000000    0.000000
   0.40013    0.354711    0.026283    0.031538    0.026283    0.075960    0.000000    0.000000    0.000000    0.000000    0.000000    0.000000
   0.40614    0.241586    0.017831    0.021517    0.017831    0.051729    0.000000    0.000000    0.000000    0.000000    0.000000    0.000000
   0.41214    0.161394    0.011864    0.014396    0.011864    0.034560    0.000000    0.000000    0.000000    0.000000    0.000000    0.000000
   0.41814    0.105751    0.007742    0.009446    0.007742    0.022649    0.000000    0.000000    0.000000    0.000000    0.000000    0.000000
   0.42414    0.067958    0.004955    0.006078    0.004955    0.014559    0.000000    0.000000    0.000000    0.000000    0.000000    0.000000
   0.43014    0.042829    0.003110    0.003835    0.003110    0.009178    0.000000    0.000000    0.000000    0.000000    0.000000    0.000000
   0.43615    0.026469    0.001914    0.002372    0.001914    0.005675    0.000000    0.000000    0.000000    0.000000    0.000000    0.000000
   0.44215    0.016042    0.001155    0.001439    0.001155    0.003441    0.000000    0.000000    0.000000    0.000000    0.000000    0.000000
   0.44815    0.009533    0.000684    0.000856    0.000684    0.002046    0.000000    0.000000    0.000000    0.000000    0.000000    0.000000
   0.45415    0.005555    0.000397    0.000499    0.000397    0.001193    0.000000    0.000000    0.000000    0.000000    0.000000    0.000000
   0.46015    0.003174    0.000226    0.000285    0.000226    0.000682    0.000000    0.000000    0.000000    0.000000    0.000000    0.000000
   0.46616    0.001778    0.000126    0.000160    0.000126    0.000382    0.000000    0.000000    0.000000    0.000000    0.000000    0.000000
   0.47216    0.000978    0.000069    0.000088    0.000069    0.000210    0.000000    0.000000    0.000000    0.000000    0.000000    0.000000
   0.47816    0.000528    0.000037    0.000048    0.000037    0.000114    0.000000    0.000000    0.000000    0.000000    0.000000    0.000000
   0.48416    0.000282    0.000020    0.000025    0.000020    0.000060    0.000000    0.000000    0.000000    0.000000    0.000000    0.000000
   0.49016    0.000152    0.000011    0.000014    0.000011    0.000032    0.000000    0.000000    0.000000    0.000000    0.000000    0.000000
   0.49617    0.000089    0.000006    0.000008    0.000006    0.000018    0.000000    0.000000    0.000000    0.000000    0.000000    0.000000
   0.50217    0.000069    0.000004    0.000006    0.000004    0.000013    0.000000    0.000000    0.000000    0.000000    0.000000    0.000000
   0.50817    0.000081    0.000005    0.000007    0.000005    0.000015    0.000000    0.000000    0.000000    0.000000    0.000000    0.000000
   0.51417    0.000130    0.000008    0.000010    0.000008    0.000023    0.000000    0.000000    0.000000    0.000000    0.000000    0.000000
   0.52017    0.000233    0.000014    0.000019    0.000014    0.000040    0.000000    0.000000    0.000000    0.000000    0.000000    0.000000
   0.52618    0.000426    0.000026    0.000034    0.000026    0.000073    0.000000    0.000000    0.000000    0.000000    0.000000    0.000000
   0.53218    0.000769    0.000047    0.000062    0.000047    0.000131    0.000000    0.000000    0.000000    0.000000    0.000000    0.000000
   0.53818    0.001367    0.000083    0.000109    0.000083    0.000233    0.000000    0.000000    0.000000    0.000000    0.000000    0.000000
   0.54418    0.002382    0.000145    0.000191    0.000145    0.000406    0.000000    0.000000    0.000000    0.000000    0.000000    0.000000
   0.55018    0.004072    0.000248    0.000326    0.000248    0.000694    0.000000    0.000000    0.000000    0.000000    0.000000    0.000000
   0.55619    0.006827    0.000417    0.000546    0.000417    0.001164    0.000000    0.000000    0.000000    0.000000    0.000000    0.000000
   0.56219    0.011226    0.000688    0.000898    0.000688    0.001914    0.000000    0.000000    0.000000    0.000000    0.000000    0.000000
   0.56819    0.018107    0.001115    0.001448    0.001115    0.003088    0.000000    0.000000    0.000000    0.000000    0.000000    0.000000
   0.57419    0.028650    0.001772    0.002291    0.001772    0.004887    0.000000    0.000000    0.000000    0.000000    0.000000    0.000000
   0.58019    0.044477    0.002766    0.003555    0.002766    0.007589    0.000000    0.000000    0.000000    0.000000    0.000000    0.000000
   0.58620    0.067753    0.004240    0.005414    0.004240    0.011564    0.000000    0.000000    0.000000    0.000000    0.000000    0.000000
   0.59220    0.101296    0.006383    0.008092    0.006383    0.017293    0.000000    0.000000    0.000000    0.000000    0.000000    0.000000
   0.59820    0.148662    0.009444    0.011869    0.009444    0.025386    0.000000    0.000000    0.000000    0.000000    0.000000    0.000000
   0.60420    0.214217    0.013733    0.017090    0.013733    0.036589    0.000000    0.000000    0.000000    0.000000    0.000000    0.000000
   0.61020    0.303158    0.019638    0.024163    0.019638    0.051791    0.000000    0.000000    0.000000    0.000000    0.000000    0.000000
   0.61621    0.421470    0.027625    0.033554    0.027625    0.072016    0.000000    0.000000    0.000000    0.000000    0.000000    0.000000
   0.62221    0.575826    0.038243    0.045774    0.038243    0.098401    0.000000    0.000000    0.000000    0.000000    0.000000    0.000000
   0.62821    0.773393    0.052126    0.061365    0.052126    0.132168    0.000000    0.000000    0.000000    0.000000    0.000000    0.000000
   0.63421    1.021572    0.069987    0.080871    0.069987    0.174568    0.000000    0.000000    0.000000    0.000000    0.000000    0.000000
   0.64021    1.327662    0.092606    0.104808    0.092606    0.226824    0.000000    0.000000    0.000000    0.000000    0.000000    0.000000
   0.64622    1.698477    0.120816    0.133630    0.120816    0.290062    0.000000    0.000000    0.000000    0.000000    0.000000    0.000000
   0.65222    2.139941    0.155476    0.167686    0.155476    0.365232    0.000000    0.000000    0.000000    0.000000    0.000000    0.000000
   0.65822    2.656664    0.197437    0.207189    0.197437    0.453028    0.000000    0.000000    0.000000    0.000000    0.000000    0.000000
   0.66422    3.251551    0.247500    0.252181    0.247500    0.553821    0.000000    0.000000    0.000000    0.000000    0.000000    0.000000
   0.67022    3.925415    0.306349    0.302507    0.306349    0.667581    0.000000    0.000000    0.000000    0.000000    0.000000    0.000000
   0.67623    4.676629    0.374489    0.357792    0.374489    0.793826    0.000000    0.000000    0.000000    0.000000    0.000000    0.000000
   0.68223    5.500789    0.452153    0.417434    0.452153    0.931567    0.000000    0.000000    0.000000    0.000000    0.000000    0.000000
   0.68823    6.390399    0.539212    0.480602    0.539212    1.079268    0.000000    0.000000    0.000000    0.000000    0.000000    0.000000
   0.69423    7.334581    0.635077    0.546239    0.635077    1.234825    0.000000    0.000000    0.000000    0.000000    0.000000    0.000000
   0.70023    8.318836    0.738609    0.613082    0.738609    1.395558    0.000000    0.000000    0.000000    0.000000    0.000000    0.000000
   0.70624    9.324919    0.848056    0.679689    0.848056    1.558231    0.000000    0.000000    0.000000    0.000000    0.000000    0.000000
   0.71224   10.330907    0.961023    0.744478    0.961023    1.719111    0.000000    0.000000    0.000000    0.000000    0.000000    0.000000
   0.71824   11.311548    1.074498    0.805785    1.074498    1.874073    0.000000    0.000000    0.000000    0.000000    0.000000    0.000000
   0.72424   12.238990    1.184950    0.861931    1.184950    2.018762    0.000000    0.000000    0.000000    0.000000    0.000000    0.000000
   0.73024   13.083936    1.288487    0.911316    1.288487    2.148815    0.000000    0.000000    0.000000    0.000000    0.000000    0.000000
   0.73625   13.817225    1.381091    0.952514    1.381091    2.260127    0.000000    0.000000    0.000000    0.000000    0.000000    0.000000
   0.74225   14.411748    1.458897    0.984377    1.458897    2.349149    0.000000    0.000000    0.000000    0.000000    0.000000    0.000000
   0.74825   14.844536    1.518502    1.006133    1.518502    2.413187    0.000000    0.000000    0.000000    0.000000    0.000000    0.000000
   0.75425   15.098781    1.557253    1.017459    1.557253    2.450653    0.000000    0.000000    0.000000    0.000000    0.000000    0.000000
   0.76025   15.165508    1.573499    1.018528    1.573499    2.461242    0.000000    0.000000    0.000000    0.000000    0.000000    0.000000
   0.76626   15.044646    1.566751    1.009999    1.566751    2.445984    0.000000    0.000000    0.000000    0.000000    0.000000    0.000000
   0.77226   14.745276    1.537740    0.992965    1.537740    2.407167    0.000000    0.000000    0.000000    0.000000    0.000000    0.000000
   0.77826   14.284980    1.488348    0.968853    1.488348    2.348113    0.000000    0.000000    0.000000    0.000000    0.000000    0.000000
   0.78426   13.688310    1.421435    0.939271    1.421435    2.272839    0.000000    0.000000    0.000000    0.000000    0.000000    0.000000
   0.79026   12.984579    1.340564    0.905853    1.340564    2.185646    0.000000    0.000000    0.000000    0.000000    0.000000    0.000000
   0.79627   12.205230    1.249677    0.870090    1.249677    2.090686    0.000000    0.000000    0.000000    0.000000    0.000000    0.000000
   0.80227   11.381170    1.152756    0.833189    1.152756    1.991578    0.000000    0.000000    0.000000    0.000000    0.000000    0.000000
   0.80827   10.540409    1.053510    0.795981    1.053510    1.891117    0.000000    0.000000    0.000000    0.000000    0.000000    0.000000
   0.81427    9.706308    0.955132    0.758887    0.955132    1.791128    0.000000    0.000000    0.000000    0.000000    0.000000    0.000000
   0.82027    8.896629    0.860138    0.721938    0.860138    1.692481    0.000000    0.000000    0.000000    0.000000    0.000000    0.000000
   0.82628    8.123432    0.770318    0.684868    0.770318    1.595246    0.000000    0.000000    0.000000    0.000000    0.000000    0.000000
   0.83228    7.393747    0.686762    0.647234    0.686762    1.498964    0.000000    0.000000    0.000000    0.000000    0.000000    0.000000
   0.83828    6.710802    0.609970    0.608559    0.609970    1.402983    0.000000    0.000000    0.000000    0.000000    0.000000    0.000000
   0.84428    6.075548    0.540004    0.568479    0.540004    1.306791    0.000000    0.000000    0.000000    0.000000    0.000000    0.000000
   0.85028    5.488182    0.476655    0.526850    0.476655    1.210303    0.000000    0.000000    0.000000    0.000000    0.000000    0.000000
   0.85629    4.949412    0.419593    0.483820    0.419593    1.114048    0.000000    0.000000    0.000000    0.000000    0.000000    0.000000
   0.86229    4.461271    0.368492    0.439847    0.368492    1.019228    0.000000    0.000000    0.000000    0.000000    0.000000    0.000000
   0.86829    4.027393    0.323102    0.395669    0.323102    0.927660    0.000000    0.000000    0.000000    0.000000    0.000000    0.000000
   0.87429    3.652741    0.283277    0.352223    0.283277    0.841598    0.000000    0.000000    0.000000    0.000000    0.000000    0.000000
   0.88029    3.342891    0.248962    0.310547    0.248962    0.763479    0.000000    0.000000    0.000000    0.000000    0.000000    0.000000
   0.88630    3.103010    0.220143    0.271663    0.220143    0.695630    0.000000    0.000000    0.000000    0.000000    0.000000    0.000000
   0.89230    2.936707    0.196790    0.236465    0.196790    0.639972    0.000000    0.000000    0.000000    0.000000    0.000000    0.000000
   0.89830    2.844953    0.178788    0.205635    0.178788    0.597767    0.000000    0.000000    0.000000    0.000000    0.000000    0.000000
   0.90430    2.825229    0.165886    0.179576    0.165886    0.569440    0.000000    0.000000    0.000000    0.000000    0.000000    0.000000
   0.91030    2.871029    0.157658    0.158391    0.157658    0.554484    0.000000    0.000000    0.000000    0.000000    0.000000    0.000000
   0.91631    2.971798    0.153496    0.141887    0.153496    0.551467    0.000000    0.000000    0.000000    0.000000    0.000000    0.000000
   0.92231    3.113328    0.152624    0.129613    0.152624    0.558137    0.000000    0.000000    0.000000    0.000000    0.000000    0.000000
   0.92831    3.278589    0.154135    0.120913    0.154135    0.571602    0.000000    0.000000    0.000000    0.000000    0.000000    0.000000
   0.93431    3.448907    0.157047    0.115003    0.157047    0.588577    0.000000    0.000000    0.000000    0.000000    0.000000    0.000000
   0.94031    3.605373    0.160371    0.111042    0.160371    0.605661    0.000000    0.000000    0.000000    0.000000    0.000000    0.000000
   0.94632    3.730331    0.163182    0.108207    0.163182    0.619627    0.000000    0.000000    0.000000    0.000000    0.000000    0.000000
   0.95232    3.808786    0.164682    0.105758    0.164682    0.627678    0.000000    0.000000    0.000000    0.000000    0.000000    0.000000
   0.95832    3.829572    0.164257    0.103082    0.164257    0.627667    0.000000    0.000000    0.000000    0.000000    0.000000    0.000000
   0.96432    3.786151    0.161508    0.099728    0.161508    0.618237    0.000000    0.000000    0.000000    0.000000    0.000000    0.000000
   0.97032    3.676963    0.156269    0.095416    0.156269    0.598887    0.000000    0.000000    0.000000    0.000000    0.000000    0.000000
   0.97633    3.505291    0.148601    0.090039    0.148601    0.569948    0.000000    0.000000    0.000000    0.000000    0.000000    0.000000
   0.98233    3.278683    0.138761    0.083638    0.138761    0.532486    0.000000    0.000000    0.000000    0.000000    0.000000    0.000000
   0.98833    3.008004    0.127161    0.076376    0.127161    0.488146    0.000000    0.000000    0.000000    0.000000    0.000000    0.000000
   0.99433    2.706259    0.114319    0.068499    0.114319    0.438949    0.000000    0.000000    0.000000    0.000000    0.000000    0.000000
   1.00033    2.387320    0.100795    0.060299    0.100795    0.387083    0.000000    0.000000    0.000000    0.000000    0.000000    0.000000
   1.00634    2.064725    0.087145    0.052078    0.087145    0.334699    0.000000    0.000000    0.000000    0.000000    0.000000    0.000000
   1.01234    1.750645    0.073873    0.044116    0.073873    0.283742    0.000000    0.000000    0.000000    0.000000    0.000000    0.000000
   1.01834    1.455142    0.061396    0.036650    0.061396    0.235824    0.000000    0.000000    0.000000    0.000000    0.000000    0.000000
   1.02434    1.185726    0.050027    0.029859    0.050027    0.192153    0.000000    0.000000    0.000000    0.000000    0.000000    0.000000
   1.03034    0.947236    0.039969    0.023860    0.039969    0.153505    0.000000    0.000000    0.000000    0.000000    0.000000    0.000000
   1.03635    0.741988    0.031321    0.018712    0.031321    0.120254    0.000000    0.000000    0.000000    0.000000    0.000000    0.000000
   1.04235    0.570133    0.024090    0.014425    0.024090    0.092428    0.000000    0.000000    0.000000    0.000000    0.000000    0.000000
   1.04835    0.430159    0.018220    0.010970    0.018220    0.069786    0.000000    0.000000    0.000000    0.000000    0.000000    0.000000
   1.05435    0.319438    0.013609    0.008300    0.013609    0.051913    0.000000    0.000000    0.000000    0.000000    0.000000    0.000000
   1.06035    0.234793    0.010139    0.006369    0.010139    0.038314    0.000000    0.000000    0.000000    0.000000    0.000000    0.000000
   1.06636    0.173007    0.007701    0.005143    0.007701    0.028496    0.000000    0.000000    0.000000    0.000000    0.000000    0.000000
   1.07236    0.131285    0.006214    0.004628    0.006214    0.022051    0.000000    0.000000    0.000000    0.000000    0.000000    0.000000
   1.07836    0.107634    0.005651    0.004884    0.005651    0.018723    0.000000    0.000000    0.000000    0.000000    0.000000    0.000000
   1.08436    0.101188    0.006056    0.006049    0.006056    0.018467    0.000000    0.000000    0.000000    0.000000    0.000000    0.000000
   1.09036    0.112478    0.007567    0.008358    0.007567    0.021504    0.000000    0.000000    0.000000    0.000000    0.000000    0.000000
   1.09637    0.143658    0.010425    0.012166    0.010425    0.028364    0.000000    0.000000    0.000000    0.000000    0.000000    0.000000
   1.10237    0.198671    0.015000    0.017965    0.015000    0.039927    0.000000    0.000000    0.000000    0.000000    0.000000    0.000000
   1.10837    0.283365    0.021791    0.026402    0.021791    0.057448    0.000000    0.000000    0.000000    0.000000    0.000000    0.000000
   1.11437    0.405492    0.031437    0.038284    0.031437    0.082560    0.000000    0.000000    0.000000    0.000000    0.000000    0.000000
   1.12037    0.574576    0.044703    0.054570    0.044703    0.117254    0.000000    0.000000    0.000000    0.000000    0.000000    0.000000
   1.12638    0.801580    0.062458    0.076341    0.062458    0.163816    0.000000    0.000000    0.000000    0.000000    0.000000    0.000000
   1.13238    1.098323    0.085626    0.104753    0.085626    0.224707    0.000000    0.000000    0.000000    0.000000    0.000000    0.000000
   1.13838    1.476640    0.115124    0.140955    0.115124    0.302400    0.000000    0.000000    0.000000    0.000000    0.000000    0.000000
   1.14438    1.947264    0.151767    0.185985    0.151767    0.399152    0.000000    0.000000    0.000000    0.000000    0.000000    0.000000
   1.15038    2.518509    0.196162    0.240638    0.196162    0.516734    0.000000    0.000000    0.000000    0.000000    0.000000    0.000000
   1.15639    3.194845    0.248586    0.305333    0.248586    0.656143    0.000000    0.000000    0.000000    0.000000    0.000000    0.000000
   1.16239    3.975532    0.308874    0.379971    0.308874    0.817321    0.000000    0.000000    0.000000    0.000000    0.000000    0.000000
   1.16839    4.853526    0.376320    0.463827    0.376320    0.998930    0.000000    0.000000    0.000000    0.000000    0.000000    0.000000
   1.17439    5.814855    0.449617    0.555480    0.449617    1.198222    0.000000    0.000000    0.000000    0.000000    0.000000    0.000000
   1.18039    6.838670    0.526851    0.652808    0.526851    1.411048    0.000000    0.000000    0.000000    0.000000    0.000000    0.000000
   1.18640    7.898099    0.605561    0.753059    0.605561    1.632030    0.000000    0.000000    0.000000    0.000000    0.000000    0.000000
   1.19240    8.961908    0.682868    0.853007    0.682868    1.854899    0.000000    0.000000    0.000000    0.000000    0.000000    0.000000
   1.19840    9.996890    0.755669    0.949170    0.755669    2.072981    0.000000    0.000000    0.000000    0.000000    0.000000    0.000000
   1.20440   10.970705    0.820877    1.038092    0.820877    2.279778    0.000000    0.000000    0.000000    0.000000    0.000000    0.000000
   1.21040   11.854847    0.875684    1.116630    0.875684    2.469562    0.000000    0.000000    0.000000    0.000000    0.000000    0.000000
   1.21641   12.627283    0.917817    1.182234    0.917817    2.637919    0.000000    0.000000    0.000000    0.000000    0.000000    0.000000
   1.22241   13.274371    0.945742    1.233157    0.945742    2.782118    0.000000    0.000000    0.000000    0.000000    0.000000    0.000000
   1.22841   13.791709    0.958805    1.268584    0.958805    2.901282    0.000000    0.000000    0.000000    0.000000    0.000000    0.000000
   1.23441   14.183736    0.957266    1.288640    0.957266    2.996276    0.000000    0.000000    0.000000    0.000000    0.000000    0.000000
   1.24041   14.462095    0.942248    1.294295    0.942248    3.069360    0.000000    0.000000    0.000000    0.000000    0.000000    0.000000
   1.24642   14.642997    0.915575    1.287161    0.915575    3.123626    0.000000    0.000000    0.000000    0.000000    0.000000    0.000000
   1.25242   14.743988    0.879556    1.269232    0.879556    3.162322    0.000000    0.000000    0.000000    0.000000    0.000000    0.000000
   1.25842   14.780651    0.836718    1.242595    0.836718    3.188172    0.000000    0.000000    0.000000    0.000000    0.000000    0.000000
   1.26442   14.763798    0.789548    1.209168    0.789548    3.202806    0.000000    0.000000    0.000000    0.000000    0.000000    0.000000
   1.27042   14.697621    0.740261    1.170497    0.740261    3.206404    0.000000    0.000000    0.000000    0.000000    0.000000    0.000000
   1.27643   14.579109    0.690636    1.127642    0.690636    3.197613    0.000000    0.000000    0.000000    0.000000    0.000000    0.000000
   1.28243   14.398825    0.641927    1.081170    0.641927    3.173756    0.000000    0.000000    0.000000    0.000000    0.000000    0.000000
   1.28843   14.142897    0.594859    1.031228    0.594859    3.131298    0.000000    0.000000    0.000000    0.000000    0.000000    0.000000
   1.29443   13.795843    0.549693    0.977700    0.549693    3.066491    0.000000    0.000000    0.000000    0.000000    0.000000    0.000000
   1.30043   13.343777    0.506345    0.920388    0.506345    2.976079    0.000000    0.000000    0.000000    0.000000    0.000000    0.000000
   1.30644   12.777413    0.464526    0.859198    0.464526    2.857964    0.000000    0.000000    0.000000    0.000000    0.000000    0.000000
   1.31244   12.094419    0.423890    0.794288    0.423890    2.711707    0.000000    0.000000    0.000000    0.000000    0.000000    0.000000
   1.31844   11.300745    0.384153    0.726163    0.384153    2.538805    0.000000    0.000000    0.000000    0.000000    0.000000    0.000000
   1.32444   10.410772    0.345174    0.655696    0.345174    2.342700    0.000000    0.000000    0.000000    0.000000    0.000000    0.000000
   1.33044    9.446307    0.306996    0.584085    0.306996    2.128527    0.000000    0.000000    0.000000    0.000000    0.000000    0.000000
   1.33645    8.434646    0.269842    0.512751    0.269842    1.902666    0.000000    0.000000    0.000000    0.000000    0.000000    0.000000
   1.34245    7.406046    0.234077    0.443210    0.234077    1.672150    0.000000    0.000000    0.000000    0.000000    0.000000    0.000000
   1.34845    6.390983    0.200146    0.376931    0.200146    1.444046    0.000000    0.000000    0.000000    0.000000    0.000000    0.000000
   1.35445    5.417600    0.168510    0.315205    0.168510    1.224871    0.000000    0.000000    0.000000    0.000000    0.000000    0.000000
   1.36045    4.509637    0.139579    0.259051    0.139579    1.020120    0.000000    0.000000    0.000000    0.000000    0.000000    0.000000
   1.36646    3.685046    0.113665    0.209150    0.113665    0.833956    0.000000    0.000000    0.000000    0.000000    0.000000    0.000000
   1.37246    2.955361    0.090949    0.165832    0.090949    0.669070    0.000000    0.000000    0.000000    0.000000    0.000000    0.000000
   1.37846    2.325786    0.071473    0.129092    0.071473    0.526700    0.000000    0.000000    0.000000    0.000000    0.000000    0.000000
   1.38446    1.795854    0.055144    0.098643    0.055144    0.406786    0.000000    0.000000    0.000000    0.000000    0.000000    0.000000
   1.39046    1.360502    0.041760    0.073977    0.041760    0.308212    0.000000    0.000000    0.000000    0.000000    0.000000    0.000000
   1.39647    1.011337    0.031035    0.054446    0.031035    0.229095    0.000000    0.000000    0.000000    0.000000    0.000000    0.000000
   1.40247    0.737933    0.022634    0.039324    0.022634    0.167081    0.000000    0.000000    0.000000    0.000000    0.000000    0.000000
   1.40847    0.529011    0.016200    0.027878    0.016200    0.119611    0.000000    0.000000    0.000000    0.000000    0.000000    0.000000
   1.41447    0.373411    0.011386    0.019409    0.011386    0.084143    0.000000    0.000000    0.000000    0.000000    0.000000    0.000000
   1.42047    0.260812    0.007868    0.013289    0.007868    0.058309    0.000000    0.000000    0.000000    0.000000    0.000000    0.000000
   1.42648    0.182194    0.005363    0.008975    0.005363    0.040026    0.000000    0.000000    0.000000    0.000000    0.000000    0.000000
   1.43248    0.130082    0.003632    0.006022    0.003632    0.027545    0.000000    0.000000    0.000000    0.000000    0.000000    0.000000
   1.43848    0.098599    0.002481    0.004075    0.002481    0.019462    0.000000    0.000000    0.000000    0.000000    0.000000    0.000000
   1.44448    0.083390    0.001761    0.002865    0.001761    0.014702    0.000000    0.000000    0.000000    0.000000    0.000000    0.000000
   1.45048    0.081450    0.001364    0.002194    0.001364    0.012483    0.000000    0.000000    0.000000    0.000000    0.000000    0.000000
   1.45649    0.090914    0.001214    0.001925    0.001214    0.012265    0.000000    0.000000    0.000000    0.000000    0.000000    0.000000
   1.46249    0.110811    0.001263    0.001971    0.001263    0.013705    0.000000    0.000000    0.000000    0.000000    0.000000    0.000000
   1.46849    0.140830    0.001491    0.002279    0.001491    0.016608    0.000000    0.000000    0.000000    0.000000    0.000000    0.000000
   1.47449    0.181093    0.001895    0.002829    0.001895    0.020882    0.000000    0.000000    0.000000    0.000000    0.000000    0.000000
   1.48049    0.231960    0.002498    0.003625    0.002498    0.026506    0.000000    0.000000    0.000000    0.000000    0.000000    0.000000
   1.48650    0.293873    0.003339    0.004692    0.003339    0.033501    0.000000    0.000000    0.000000    0.000000    0.000000    0.000000
   1.49250    0.367256    0.004489    0.006076    0.004489    0.041915    0.000000    0.000000    0.000000    0.000000    0.000000    0.000000
   1.49850    0.452482    0.006047    0.007849    0.006047    0.051811    0.000000    0.000000    0.000000    0.000000    0.000000    0.000000
   1.50450    0.549919    0.008153    0.010113    0.008153    0.063278    0.000000    0.000000    0.000000    0.000000    0.000000    0.000000
   1.51050    0.660060    0.010998    0.013008    0.010998    0.076444    0.000000    0.000000    0.000000    0.000000    0.000000    0.000000
   1.51651    0.783726    0.014835    0.016721    0.014835    0.091498    0.000000    0.000000    0.000000    0.000000    0.000000    0.000000
   1.52251    0.922311    0.019981    0.021492    0.019981    0.108724    0.000000    0.000000    0.000000    0.000000    0.000000    0.000000
   1.52851    1.078041    0.026832    0.027620    0.026832    0.128525    0.000000    0.000000    0.000000    0.000000    0.000000    0.000000
   1.53451    1.254173    0.035848    0.035463    0.035848    0.151449    0.000000    0.000000    0.000000    0.000000    0.000000    0.000000
   1.54051    1.455074    0.047550    0.045428    0.047550    0.178186    0.000000    0.000000    0.000000    0.000000    0.000000    0.000000
   1.54652    1.686097    0.062487    0.057951    0.062487    0.209548    0.000000    0.000000    0.000000    0.000000    0.000000    0.000000
   1.55252    1.953221    0.081194    0.073463    0.081194    0.246408    0.000000    0.000000    0.000000    0.000000    0.000000    0.000000
   1.55852    2.262403    0.104140    0.092348    0.104140    0.289610    0.000000    0.000000    0.000000    0.000000    0.000000    0.000000
   1.56452    2.618678    0.131655    0.114882    0.131655    0.339839    0.000000    0.000000    0.000000    0.000000    0.000000    0.000000
   1.57052    3.025072    0.163856    0.141172    0.163856    0.397475    0.000000    0.000000    0.000000    0.000000    0.000000    0.000000
   1.57653    3.481450    0.200577    0.171096    0.200577    0.462435    0.000000    0.000000    0.000000    0.000000    0.000000    0.000000
   1.58253    3.983462    0.241298    0.204249    0.241298    0.534033    0.000000    0.000000    0.000000    0.000000    0.000000    0.000000
   1.58853    4.521775    0.285121    0.239911    0.285121    0.610883    0.000000    0.000000    0.000000    0.000000    0.000000    0.000000
   1.59453    5.081783    0.330757    0.277042    0.330757    0.690865    0.000000    0.000000    0.000000    0.000000    0.000000    0.000000
   1.60053    5.643909    0.376571    0.314315    0.376571    0.771179    0.000000    0.000000    0.000000    0.000000    0.000000    0.000000
   1.60654    6.184589    0.420668    0.350184    0.420668    0.848489    0.000000    0.000000    0.000000    0.000000    0.000000    0.000000
   1.61254    6.677902    0.461021    0.382988    0.461021    0.919151    0.000000    0.000000    0.000000    0.000000    0.000000    0.000000
   1.61854    7.097709    0.495629    0.411085    0.495629    0.979525    0.000000    0.000000    0.000000    0.000000    0.000000    0.000000
   1.62454    7.420092    0.522700    0.432995    0.522700    1.026308    0.000000    0.000000    0.000000    0.000000    0.000000    0.000000
   1.63054    7.625789    0.540819    0.447546    0.540819    1.056880    0.000000    0.000000    0.000000    0.000000    0.000000    0.000000
   1.63655    7.702337    0.549098    0.453996    0.549098    1.069603    0.000000    0.000000    0.000000    0.000000    0.000000    0.000000
   1.64255    7.645606    0.547283    0.452119    0.547283    1.064031    0.000000    0.000000    0.000000    0.000000    0.000000    0.000000
   1.64855    7.460542    0.535797    0.442244    0.535797    1.041014    0.000000    0.000000    0.000000    0.000000    0.000000    0.000000
   1.65455    7.160976    0.515717    0.425235    0.515717    1.002667    0.000000    0.000000    0.000000    0.000000    0.000000    0.000000
   1.66055    6.768533    0.488690    0.402427    0.488690    0.952209    0.000000    0.000000    0.000000    0.000000    0.000000    0.000000
   1.66656    6.310749    0.456791    0.375504    0.456791    0.893697    0.000000    0.000000    0.000000    0.000000    0.000000    0.000000
   1.67256    5.818633    0.422340    0.346355    0.422340    0.831664    0.000000    0.000000    0.000000    0.000000    0.000000    0.000000
   1.67856    5.323942    0.387702    0.316908    0.387702    0.770727    0.000000    0.000000    0.000000    0.000000    0.000000    0.000000
   1.68456    4.856472    0.355088    0.288970    0.355088    0.715182    0.000000    0.000000    0.000000    0.000000    0.000000    0.000000
   1.69056    4.441652    0.326376    0.264081    0.326376    0.668648    0.000000    0.000000    0.000000    0.000000    0.000000    0.000000
   1.69657    4.098634    0.302975    0.243404    0.302975    0.633771    0.000000    0.000000    0.000000    0.000000    0.000000    0.000000
   1.70257    3.839069    0.285732    0.227651    0.285732    0.612033    0.000000    0.000000    0.000000    0.000000    0.000000    0.000000
   1.70857    3.666602    0.274895    0.217055    0.274895    0.603662    0.000000    0.000000    0.000000    0.000000    0.000000    0.000000
   1.71457    3.577100    0.270129    0.211385    0.270129    0.607664    0.000000    0.000000    0.000000    0.000000    0.000000    0.000000
   1.72057    3.559541    0.270588    0.209999    0.270588    0.621953    0.000000    0.000000    0.000000    0.000000    0.000000    0.000000
   1.72658    3.597436    0.275013    0.211928    0.275013    0.643570    0.000000    0.000000    0.000000    0.000000    0.000000    0.000000
   1.73258    3.670638    0.281873    0.215984    0.281873    0.668981    0.000000    0.000000    0.000000    0.000000    0.000000    0.000000
   1.73858    3.757349    0.289513    0.220882    0.289513    0.694400    0.000000    0.000000    0.000000    0.000000    0.000000    0.000000
   1.74458    3.836147    0.296310    0.225354    0.296310    0.716140    0.000000    0.000000    0.000000    0.000000    0.000000    0.000000
   1.75058    3.887863    0.300810    0.228265    0.300810    0.730926    0.000000    0.000000    0.000000    0.000000    0.000000    0.000000
   1.75659    3.897129    0.301850    0.228702    0.301850    0.736170    0.000000    0.000000    0.000000    0.000000    0.000000    0.000000
   1.76259    3.853502    0.298641    0.226037    0.298641    0.730166    0.000000    0.000000    0.000000    0.000000    0.000000    0.000000
   1.76859    3.752065    0.290808    0.219965    0.290808    0.712192    0.000000    0.000000    0.000000    0.000000    0.000000    0.000000
   1.77459    3.593498    0.278403    0.210506    0.278403    0.682520    0.000000    0.000000    0.000000    0.000000    0.000000    0.000000
   1.78059    3.383649    0.261859    0.197975    0.261859    0.642331    0.000000    0.000000    0.000000    0.000000    0.000000    0.000000
   1.78660    3.132703    0.241931    0.182937    0.241931    0.593554    0.000000    0.000000    0.000000    0.000000    0.000000    0.000000
   1.79260    2.854055    0.219603    0.166133    0.219603    0.538650    0.000000    0.000000    0.000000    0.000000    0.000000    0.000000
   1.79860    2.563052    0.195988    0.148409    0.195988    0.480375    0.000000    0.000000    0.000000    0.000000    0.000000    0.000000
   1.80460    2.275733    0.172232    0.130638    0.172232    0.421537    0.000000    0.000000    0.000000    0.000000    0.000000    0.000000
   1.81060    2.007683    0.149423    0.113655    0.149423    0.364789    0.000000    0.000000    0.000000    0.000000    0.000000    0.000000
   1.81661    1.773094    0.128525    0.098204    0.128525    0.312456    0.000000    0.000000    0.000000    0.000000    0.000000    0.000000
   1.82261    1.584060    0.110323    0.084896    0.110323    0.266426    0.000000    0.000000    0.000000    0.000000    0.000000    0.000000
   1.82861    1.450093    0.095404    0.074193    0.095404    0.228082    0.000000    0.000000    0.000000    0.000000    0.000000    0.000000
   1.83461    1.377853    0.084143    0.066398    0.084143    0.198297    0.000000    0.000000    0.000000    0.000000    0.000000    0.000000
   1.84061    1.371006    0.076714    0.061658    0.076714    0.177454    0.000000    0.000000    0.000000    0.000000    0.000000    0.000000
   1.84662    1.430203    0.073108    0.059976    0.073108    0.165499    0.000000    0.000000    0.000000    0.000000    0.000000    0.000000
   1.85262    1.553115    0.073154    0.061231    0.073154    0.162011    0.000000    0.000000    0.000000    0.000000    0.000000    0.000000
   1.85862    1.734559    0.076555    0.065193    0.076555    0.166270    0.000000    0.000000    0.000000    0.000000    0.000000    0.000000
   1.86462    1.966718    0.082910    0.071550    0.082910    0.177349    0.000000    0.000000    0.000000    0.000000    0.000000    0.000000
   1.87062    2.239514    0.091757    0.079939    0.091757    0.194190    0.000000    0.000000    0.000000    0.000000    0.000000    0.000000
   1.87663    2.541171    0.102609    0.089973    0.102609    0.215706    0.000000    0.000000    0.000000    0.000000    0.000000    0.000000
   1.88263    2.859026    0.115005    0.101285    0.115005    0.240884    0.000000    0.000000    0.000000    0.000000    0.000000    0.000000
   1.88863    3.180555    0.128554    0.113579    0.128554    0.268900    0.000000    0.000000    0.000000    0.000000    0.000000    0.000000
   1.89463    3.494603    0.143000    0.126672    0.143000    0.299242    0.000000    0.000000    0.000000    0.000000    0.000000    0.000000
   1.90063    3.792688    0.158270    0.140554    0.158270    0.331830    0.000000    0.000000    0.000000    0.000000    0.000000    0.000000
   1.90664    4.070252    0.174526    0.155426    0.174526    0.367118    0.000000    0.000000    0.000000    0.000000    0.000000    0.000000
   1.91264    4.327676    0.192193    0.171733    0.192193    0.406166    0.000000    0.000000    0.000000    0.000000    0.000000    0.000000
   1.91864    4.570882    0.211967    0.190168    0.211967    0.450650    0.000000    0.000000    0.000000    0.000000    0.000000    0.000000
   1.92464    4.811364    0.234789    0.211648    0.234789    0.502810    0.000000    0.000000    0.000000    0.000000    0.000000    0.000000
   1.93064    5.065560    0.261779    0.237257    0.261779    0.565312    0.000000    0.000000    0.000000    0.000000    0.000000    0.000000
   1.93665    5.353538    0.294137    0.268145    0.294137    0.641028    0.000000    0.000000    0.000000    0.000000    0.000000    0.000000
   1.94265    5.697086    0.333012    0.305405    0.333012    0.732739    0.000000    0.000000    0.000000    0.000000    0.000000    0.000000
   1.94865    6.117359    0.379345    0.349924    0.379345    0.842795    0.000000    0.000000    0.000000    0.000000    0.000000    0.000000
   1.95465    6.632356    0.433715    0.402227    0.433715    0.972749    0.000000    0.000000    0.000000    0.000000    0.000000    0.000000
   1.96065    7.254495    0.496193    0.462339    0.496193    1.123023    0.000000    0.000000    0.000000    0.000000    0.000000    0.000000
   1.96666    7.988614    0.566241    0.529676    0.566241    1.292644    0.000000    0.000000    0.000000    0.000000    0.000000    0.000000
   1.97266    8.830659    0.642657    0.602995    0.642657    1.479092    0.000000    0.000000    0.000000    0.000000    0.000000    0.000000
   1.97866    9.767258    0.723599    0.680405    0.723599    1.678300    0.000000    0.000000    0.000000    0.000000    0.000000    0.000000
   1.98466   10.776268    0.806668    0.759458    0.806668    1.884810    0.000000    0.000000    0.000000    0.000000    0.000000    0.000000
   1.99066   11.828256    0.889076    0.837309    0.889076    2.092097    0.000000    0.000000    0.000000    0.000000    0.000000    0.000000
   1.99667   12.888758    0.967858    0.910929    0.967858    2.293014    0.000000    0.000000    0.000000    0.000000    0.000000    0.000000
   2.00267   13.921043    1.040113    0.977356    1.040113    2.480332    0.000000    0.000000    0.000000    0.000000    0.000000    0.000000
   2.00867   14.889055    1.103250    1.033945    1.103250    2.647296    0.000000    0.000000    0.000000    0.000000    0.000000    0.000000
   2.01467   15.760181    1.155199    1.078599    1.155199    2.788148    0.000000    0.000000    0.000000    0.000000    0.000000    0.000000
   2.02067   16.507520    1.194564    1.109926    1.194564    2.898535    0.000000    0.000000    0.000000    0.000000    0.000000    0.000000
   2.02668   17.111427    1.220700    1.127333    1.220700    2.975779    0.000000    0.000000    0.000000    0.000000    0.000000    0.000000
   2.03268   17.560190    1.233699    1.131022    1.233699    3.018957    0.000000    0.000000    0.000000    0.000000    0.000000    0.000000
   2.03868   17.849856    1.234300    1.121903    1.234300    3.028813    0.000000    0.000000    0.000000    0.000000    0.000000    0.000000
   2.04468   17.983299    1.223733    1.101432    1.223733    3.007510    0.000000    0.000000    0.000000    0.000000    0.000000    0.000000
   2.05068   17.968760    1.203523    1.071415    1.203523    2.958270    0.000000    0.000000    0.000000    0.000000    0.000000    0.000000
   2.05669   17.818089    1.175290    1.033788    1.175290    2.884968    0.000000    0.000000    0.000000    0.000000    0.000000    0.000000
   2.06269   17.544978    1.140565    0.990418    1.140565    2.791711    0.000000    0.000000    0.000000    0.000000    0.000000    0.000000
   2.06869   17.163404    1.100655    0.942951    1.100655    2.682493    0.000000    0.000000    0.000000    0.000000    0.000000    0.000000
   2.07469   16.686449    1.056570    0.892712    1.056570    2.560917    0.000000    0.000000    0.000000    0.000000    0.000000    0.000000
   2.08069   16.125598    1.009006    0.840677    1.009006    2.430045    0.000000    0.000000    0.000000    0.000000    0.000000    0.000000
   2.08670   15.490517    0.958394    0.787497    0.958394    2.292345    0.000000    0.000000    0.000000    0.000000    0.000000    0.000000
   2.09270   14.789261    0.904980    0.733573    0.904980    2.149744    0.000000    0.000000    0.000000    0.000000    0.000000    0.000000
   2.09870   14.028782    0.848934    0.679149    0.848934    2.003734    0.000000    0.000000    0.000000    0.000000    0.000000    0.000000
   2.10470   13.215636    0.790456    0.624416    0.790456    1.855525    0.000000    0.000000    0.000000    0.000000    0.000000    0.000000
   2.11070   12.356702    0.729862    0.569596    0.729862    1.706198    0.000000    0.000000    0.000000    0.000000    0.000000    0.000000
   2.11671   11.459819    0.667638    0.515003    0.667638    1.556831    0.000000    0.000000    0.000000    0.000000    0.000000    0.000000
   2.12271   10.534228    0.604459    0.461065    0.604459    1.408594    0.000000    0.000000    0.000000    0.000000    0.000000    0.000000
   2.12871    9.590744    0.541164    0.408324    0.541164    1.262783    0.000000    0.000000    0.000000    0.000000    0.000000    0.000000
   2.13471    8.641653    0.478713    0.357395    0.478713    1.120811    0.000000    0.000000    0.000000    0.000000    0.000000    0.000000
   2.14071    7.700341    0.418111    0.308919    0.418111    0.984162    0.000000    0.000000    0.000000    0.000000    0.000000    0.000000
   2.14672    6.780697    0.360333    0.263508    0.360333    0.854308    0.000000    0.000000    0.000000    0.000000    0.000000    0.000000
   2.15272    5.896391    0.306251    0.221684    0.306251    0.732614    0.000000    0.000000    0.000000    0.000000    0.000000    0.000000
   2.15872    5.060098    0.256571    0.183845    0.256571    0.620255    0.000000    0.000000    0.000000    0.000000    0.000000    0.000000
   2.16472    4.282762    0.211799    0.150232    0.211799    0.518132    0.000000    0.000000    0.000000    0.000000    0.000000    0.000000
   2.17072    3.573005    0.172218    0.120925    0.172218    0.426822    0.000000    0.000000    0.000000    0.000000    0.000000    0.000000
   2.17673    2.936723    0.137895    0.095850    0.137895    0.346554    0.000000    0.000000    0.000000    0.000000    0.000000    0.000000
   2.18273    2.376915    0.108699    0.074797    0.108699    0.277212    0.000000    0.000000    0.000000    0.000000    0.000000    0.000000
   2.18873    1.893751    0.084337    0.057454    0.084337    0.218369    0.000000    0.000000    0.000000    0.000000    0.000000    0.000000
   2.19473    1.484852    0.064396    0.043434    0.064396    0.169334    0.000000    0.000000    0.000000    0.000000    0.000000    0.000000
   2.20073    1.145740    0.048385    0.032312    0.048385    0.129223    0.000000    0.000000    0.000000    0.000000    0.000000    0.000000
   2.20674    0.870404    0.035776    0.023657    0.035776    0.097026    0.000000    0.000000    0.000000    0.000000    0.000000    0.000000
   2.21274    0.651900    0.026042    0.017050    0.026042    0.071674    0.000000    0.000000    0.000000    0.000000    0.000000    0.000000
   2.21874    0.482957    0.018685    0.012106    0.018685    0.052108    0.000000    0.000000    0.000000    0.000000    0.000000    0.000000
   2.22474    0.356507    0.013255    0.008487    0.013255    0.037323    0.000000    0.000000    0.000000    0.000000    0.000000    0.000000
   2.23074    0.266136    0.009367    0.005907    0.009367    0.026413    0.000000    0.000000    0.000000    0.000000    0.000000    0.000000
   2.23675    0.206414    0.006707    0.004132    0.006707    0.018588    0.000000    0.000000    0.000000    0.000000    0.000000    0.000000
   2.24275    0.173119    0.005033    0.002984    0.005033    0.013194    0.000000    0.000000    0.000000    0.000000    0.000000    0.000000
   2.24875    0.163336    0.004182    0.002335    0.004182    0.009710    0.000000    0.000000    0.000000    0.000000    0.000000    0.000000
   2.25475    0.175459    0.004061    0.002100    0.004061    0.007746    0.000000    0.000000    0.000000    0.000000    0.000000    0.000000
   2.26075    0.209094    0.004647    0.002241    0.004647    0.007035    0.000000    0.000000    0.000000    0.000000    0.000000    0.000000
   2.26676    0.264873    0.005984    0.002753    0.005984    0.007415    0.000000    0.000000    0.000000    0.000000    0.000000    0.000000
   2.27276    0.344197    0.008177    0.003667    0.008177    0.008814    0.000000    0.000000    0.000000    0.000000    0.000000    0.000000
   2.27876    0.448901    0.011383    0.005041    0.011383    0.011239    0.000000    0.000000    0.000000    0.000000    0.000000    0.000000
   2.28476    0.580869    0.015805    0.006958    0.015805    0.014749    0.000000    0.000000    0.000000    0.000000    0.000000    0.000000
   2.29076    0.741615    0.021676    0.009513    0.021676    0.019445    0.000000    0.000000    0.000000    0.000000    0.000000    0.000000
   2.29677    0.931852    0.029241    0.012811    0.029241    0.025446    0.000000    0.000000    0.000000    0.000000    0.000000    0.000000
   2.30277    1.151098    0.038730    0.016954    0.038730    0.032868    0.000000    0.000000    0.000000    0.000000    0.000000    0.000000
   2.30877    1.397357    0.050334    0.022028    0.050334    0.041809    0.000000    0.000000    0.000000    0.000000    0.000000    0.000000
   2.31477    1.666927    0.064172    0.028090    0.064172    0.052325    0.000000    0.000000    0.000000    0.000000    0.000000    0.000000
   2.32077    1.954385    0.080259    0.035159    0.080259    0.064423    0.000000    0.000000    0.000000    0.000000    0.000000    0.000000
   2.32678    2.252778    0.098487    0.043207    0.098487    0.078051    0.000000    0.000000    0.000000    0.000000    0.000000    0.000000
   2.33278    2.554049    0.118602    0.052152    0.118602    0.093101    0.000000    0.000000    0.000000    0.000000    0.000000    0.000000
   2.33878    2.849668    0.140212    0.061860    0.140212    0.109422    0.000000    0.000000    0.000000    0.000000    0.000000    0.000000
   2.34478    3.131450    0.162797    0.072159    0.162797    0.126850    0.000000    0.000000    0.000000    0.000000    0.000000    0.000000
   2.35078    3.392463    0.185747    0.082849    0.185747    0.145236    0.000000    0.000000    0.000000    0.000000    0.000000    0.000000
   2.35679    3.627935    0.208416    0.093734    0.208416    0.164496    0.000000    0.000000    0.000000    0.000000    0.000000    0.000000
   2.36279    3.836039    0.230182    0.104644    0.230182    0.184650    0.000000    0.000000    0.000000    0.000000    0.000000    0.000000
   2.36879    4.018423    0.250522    0.115464    0.250522    0.205856    0.000000    0.000000    0.000000    0.000000    0.000000    0.000000
   2.37479    4.180372    0.269065    0.126156    0.269065    0.228427    0.000000    0.000000    0.000000    0.000000    0.000000    0.000000
   2.38079    4.330526    0.285644    0.136768    0.285644    0.252829    0.000000    0.000000    0.000000    0.000000    0.000000    0.000000
   2.38680    4.480114    0.300312    0.147437    0.300312    0.279633    0.000000    0.000000    0.000000    0.000000    0.000000    0.000000
   2.39280    4.641726    0.313324    0.158364    0.313324    0.309448    0.000000    0.000000    0.000000    0.000000    0.000000    0.000000
   2.39880    4.827738    0.325098    0.169777    0.325098    0.342817    0.000000    0.000000    0.000000    0.000000    0.000000    0.000000
   2.40480    5.048530    0.336129    0.181888    0.336129    0.380095    0.000000    0.000000    0.000000    0.000000    0.000000    0.000000
   2.41080    5.310725    0.346901    0.194831    0.346901    0.421322    0.000000    0.000000    0.000000    0.000000    0.000000    0.000000
   2.41681    5.615680    0.357781    0.208611    0.357781    0.466108    0.000000    0.000000    0.000000    0.000000    0.000000    0.000000
   2.42281    5.958463    0.368928    0.223058    0.368928    0.513562    0.000000    0.000000    0.000000    0.000000    0.000000    0.000000
   2.42881    6.327519    0.380235    0.237810    0.380235    0.562265    0.000000    0.000000    0.000000    0.000000    0.000000    0.000000
   2.43481    6.705122    0.391302    0.252306    0.391302    0.610312    0.000000    0.000000    0.000000    0.000000    0.000000    0.000000
   2.44081    7.068653    0.401456    0.265828    0.401456    0.655429    0.000000    0.000000    0.000000    0.000000    0.000000    0.000000
   2.44682    7.392585    0.409819    0.277554    0.409819    0.695151    0.000000    0.000000    0.000000    0.000000    0.000000    0.000000
   2.45282    7.650985    0.415415    0.286641    0.415415    0.727040    0.000000    0.000000    0.000000    0.000000    0.000000    0.000000
   2.45882    7.820239    0.417292    0.292317    0.417292    0.748933    0.000000    0.000000    0.000000    0.000000    0.000000    0.000000
   2.46482    7.881670    0.414660    0.293973    0.414660    0.759180    0.000000    0.000000    0.000000    0.000000    0.000000    0.000000
   2.47082    7.823721    0.407003    0.291239    0.407003    0.756834    0.000000    0.000000    0.000000    0.000000    0.000000    0.000000
   2.47683    7.643451    0.394177    0.284044    0.394177    0.741789    0.000000    0.000000    0.000000    0.000000    0.000000    0.000000
   2.48283    7.347148    0.376450    0.272636    0.376450    0.714824    0.000000    0.000000    0.000000    0.000000    0.000000    0.000000
   2.48883    6.950030    0.354511    0.257574    0.354511    0.677567    0.000000    0.000000    0.000000    0.000000    0.000000    0.000000
   2.49483    6.475093    0.329418    0.239687    0.329418    0.632373    0.000000    0.000000    0.000000    0.000000    0.000000    0.000000
   2.50083    5.951292    0.302520    0.220007    0.302520    0.582143    0.000000    0.000000    0.000000    0.000000    0.000000    0.000000
   2.50684    5.411290    0.275349    0.199687    0.275349    0.530094    0.000000    0.000000    0.000000    0.000000    0.000000    0.000000
   2.51284    4.889058    0.249499    0.179908    0.249499    0.479520    0.000000    0.000000    0.000000    0.000000    0.000000    0.000000
   2.51884    4.417570    0.226509    0.161795    0.226509    0.433556    0.000000    0.000000    0.000000    0.000000    0.000000    0.000000
   2.52484    4.026797    0.207754    0.146340    0.207754    0.394982    0.000000    0.000000    0.000000    0.000000    0.000000    0.000000
   2.53084    3.742124    0.194369    0.134346    0.194369    0.366058    0.000000    0.000000    0.000000    0.000000    0.000000    0.000000
   2.53685    3.583237    0.187185    0.126386    0.187185    0.348429    0.000000    0.000000    0.000000    0.000000    0.000000    0.000000
   2.54285    3.563466    0.186704    0.122788    0.186704    0.343063    0.000000    0.000000    0.000000    0.000000    0.000000    0.000000
   2.54885    3.689528    0.193098    0.123640    0.193098    0.350252    0.000000    0.000000    0.000000    0.000000    0.000000    0.000000
   2.55485    3.961576    0.206226    0.128802    0.206226    0.369643    0.000000    0.000000    0.000000    0.000000    0.000000    0.000000
   2.56085    4.373494    0.225678    0.137944    0.225678    0.400315    0.000000    0.000000    0.000000    0.000000    0.000000    0.000000
   2.56686    4.913363    0.250825    0.150583    0.250825    0.440868    0.000000    0.000000    0.000000    0.000000    0.000000    0.000000
   2.57286    5.564074    0.280878    0.166132    0.280878    0.489533    0.000000    0.000000    0.000000    0.000000    0.000000    0.000000
   2.57886    6.304055    0.314955    0.183940    0.314955    0.544292    0.000000    0.000000    0.000000    0.000000    0.000000    0.000000
   2.58486    7.108116    0.352127    0.203345    0.352127    0.602992    0.000000    0.000000    0.000000    0.000000    0.000000    0.000000
   2.59086    7.948383    0.391469    0.223699    0.391469    0.663451    0.000000    0.000000    0.000000    0.000000    0.000000    0.000000
   2.59687    8.795334    0.432082    0.244402    0.432082    0.723549    0.000000    0.000000    0.000000    0.000000    0.000000    0.000000
   2.60287    9.618880    0.473103    0.264910    0.473103    0.781300    0.000000    0.000000    0.000000    0.000000    0.000000    0.000000
   2.60887   10.389470    0.513687    0.284736    0.513687    0.834892    0.000000    0.000000    0.000000    0.000000    0.000000    0.000000
   2.61487   11.079182    0.552989    0.303439    0.552989    0.882709    0.000000    0.000000    0.000000    0.000000    0.000000    0.000000
   2.62087   11.662749    0.590126    0.320604    0.590126    0.923341    0.000000    0.000000    0.000000    0.000000    0.000000    0.000000
   2.62688   12.118504    0.624153    0.335823    0.624153    0.955578    0.000000    0.000000    0.000000    0.000000    0.000000    0.000000
   2.63288   12.429205    0.654048    0.348680    0.654048    0.978405    0.000000    0.000000    0.000000    0.000000    0.000000    0.000000
   2.63888   12.582739    0.678727    0.358748    0.678727    0.991017    0.000000    0.000000    0.000000    0.000000    0.000000    0.000000
   2.64488   12.572661    0.697087    0.365594    0.697087    0.992838    0.000000    0.000000    0.000000    0.000000    0.000000    0.000000
   2.65088   12.398579    0.708079    0.368812    0.708079    0.983565    0.000000    0.000000    0.000000    0.000000    0.000000    0.000000
   2.65689   12.066313    0.710802    0.368058    0.710802    0.963225    0.000000    0.000000    0.000000    0.000000    0.000000    0.000000
   2.66289   11.587825    0.704611    0.363099    0.704611    0.932227    0.000000    0.000000    0.000000    0.000000    0.000000    0.000000
   2.66889   10.980862    0.689211    0.353862    0.689211    0.891413    0.000000    0.000000    0.000000    0.000000    0.000000    0.000000
   2.67489   10.268301    0.664741    0.340471    0.664741    0.842082    0.000000    0.000000    0.000000    0.000000    0.000000    0.000000
   2.68089    9.477183    0.631804    0.323273    0.631804    0.785973    0.000000    0.000000    0.000000    0.000000    0.000000    0.000000
   2.68690    8.637466    0.591465    0.302834    0.591465    0.725221    0.000000    0.000000    0.000000    0.000000    0.000000    0.000000
   2.69290    7.780559    0.545193    0.279921    0.545193    0.662254    0.000000    0.000000    0.000000    0.000000    0.000000    0.000000
   2.69890    6.937735    0.494758    0.255452    0.494758    0.599668    0.000000    0.000000    0.000000    0.000000    0.000000    0.000000
   2.70490    6.138512    0.442109    0.230433    0.442109    0.540071    0.000000    0.000000    0.000000    0.000000    0.000000    0.000000
   2.71090    5.409141    0.389221    0.205882    0.389221    0.485913    0.000000    0.000000    0.000000    0.000000    0.000000    0.000000
   2.71691    4.771308    0.337959    0.182756    0.337959    0.439328    0.000000    0.000000    0.000000    0.000000    0.000000    0.000000
   2.72291    4.241128    0.289954    0.161877    0.289954    0.401992    0.000000    0.000000    0.000000    0.000000    0.000000    0.000000
   2.72891    3.828518    0.246513    0.143879    0.246513    0.375009    0.000000    0.000000    0.000000    0.000000    0.000000    0.000000
   2.73491    3.536966    0.208564    0.129168    0.208564    0.358843    0.000000    0.000000    0.000000    0.000000    0.000000    0.000000
   2.74091    3.363712    0.176650    0.117908    0.176650    0.353299    0.000000    0.000000    0.000000    0.000000    0.000000    0.000000
   2.74692    3.300318    0.150947    0.110025    0.150947    0.357540    0.000000    0.000000    0.000000    0.000000    0.000000    0.000000
   2.75292    3.333581    0.131321    0.105231    0.131321    0.370165    0.000000    0.000000    0.000000    0.000000    0.000000    0.000000
   2.75892    3.446729    0.117394    0.103062    0.117394    0.389317    0.000000    0.000000    0.000000    0.000000    0.000000    0.000000
   2.76492    3.620801    0.108628    0.102933    0.108628    0.412838    0.000000    0.000000    0.000000    0.000000    0.000000    0.000000
   2.77092    3.836120    0.104400    0.104190    0.104400    0.438433    0.000000    0.000000    0.000000    0.000000    0.000000    0.000000
   2.77693    4.073737    0.104063    0.106170    0.104063    0.463854    0.000000    0.000000    0.000000    0.000000    0.000000    0.000000
   2.78293    4.316711    0.107004    0.108256    0.107004    0.487073    0.000000    0.000000    0.000000    0.000000    0.000000    0.000000
   2.78893    4.551123    0.112665    0.109921    0.112665    0.506435    0.000000    0.000000    0.000000    0.000000    0.000000    0.000000
   2.79493    4.766725    0.120559    0.110764    0.120559    0.520776    0.000000    0.000000    0.000000    0.000000    0.000000    0.000000
   2.80093    4.957163    0.130262    0.110528    0.130262    0.529490    0.000000    0.000000    0.000000    0.000000    0.000000    0.000000
   2.80694    5.119798    0.141387    0.109113    0.141387    0.532553    0.000000    0.000000    0.000000    0.000000    0.000000    0.000000
   2.81294    5.255156    0.153563    0.106561    0.153563    0.530486    0.000000    0.000000    0.000000    0.000000    0.000000    0.000000
   2.81894    5.366141    0.166401    0.103046    0.166401    0.524282    0.000000    0.000000    0.000000    0.000000    0.000000    0.000000
   2.82494    5.457140    0.179479    0.098841    0.179479    0.515301    0.000000    0.000000    0.000000    0.000000    0.000000    0.000000
   2.83094    5.533171    0.192328    0.094287    0.192328    0.505148    0.000000    0.000000    0.000000    0.000000    0.000000    0.000000
   2.83695    5.599208    0.204439    0.089762    0.204439    0.495545    0.000000    0.000000    0.000000    0.000000    0.000000    0.000000
   2.84295    5.659744    0.215285    0.085651    0.215285    0.488212    0.000000    0.000000    0.000000    0.000000    0.000000    0.000000
   2.84895    5.718621    0.224361    0.082311    0.224361    0.484767    0.000000    0.000000    0.000000    0.000000    0.000000    0.000000
   2.85495    5.779053    0.231217    0.080055    0.231217    0.486635    0.000000    0.000000    0.000000    0.000000    0.000000    0.000000
   2.86095    5.843760    0.235510    0.079131    0.235510    0.494969    0.000000    0.000000    0.000000    0.000000    0.000000    0.000000
   2.86696    5.915064    0.237037    0.079709    0.237037    0.510581    0.000000    0.000000    0.000000    0.000000    0.000000    0.000000
   2.87296    5.994858    0.235754    0.081868    0.235754    0.533873    0.000000    0.000000    0.000000    0.000000    0.000000    0.000000
   2.87896    6.084365    0.231784    0.085588    0.231784    0.564774    0.000000    0.000000    0.000000    0.000000    0.000000    0.000000
   2.88496    6.183694    0.225402    0.090747    0.225402    0.602679    0.000000    0.000000    0.000000    0.000000    0.000000    0.000000
   2.89096    6.291272    0.216993    0.097121    0.216993    0.646414    0.000000    0.000000    0.000000    0.000000    0.000000    0.000000
   2.89697    6.403283    0.207017    0.104384    0.207017    0.694226    0.000000    0.000000    0.000000    0.000000    0.000000    0.000000
   2.90297    6.513280    0.195951    0.112124    0.195951    0.743827    0.000000    0.000000    0.000000    0.000000    0.000000    0.000000
   2.90897    6.612123    0.184240    0.119863    0.184240    0.792493    0.000000    0.000000    0.000000    0.000000    0.000000    0.000000
   2.91497    6.688351    0.172264    0.127082    0.172264    0.837219    0.000000    0.000000    0.000000    0.000000    0.000000    0.000000
   2.92097    6.729014    0.160310    0.133261    0.160310    0.874934    0.000000    0.000000    0.000000    0.000000    0.000000    0.000000
   2.92698    6.720897    0.148564    0.137916    0.148564    0.902747    0.000000    0.000000    0.000000    0.000000    0.000000    0.000000
   2.93298    6.651993    0.137122    0.140641    0.137122    0.918206    0.000000    0.000000    0.000000    0.000000    0.000000    0.000000
   2.93898    6.512998    0.126011    0.141143    0.126011    0.919529    0.000000    0.000000    0.000000    0.000000    0.000000    0.000000
   2.94498    6.298621    0.115216    0.139268    0.115216    0.905781    0.000000    0.000000    0.000000    0.000000    0.000000    0.000000
   2.95098    6.008489    0.104709    0.135015    0.104709    0.876979    0.000000    0.000000    0.000000    0.000000    0.000000    0.000000
   2.95699    5.647512    0.094480    0.128536    0.094480    0.834096    0.000000    0.000000    0.000000    0.000000    0.000000    0.000000
   2.96299    5.225660    0.084550    0.120121    0.084550    0.778968    0.000000    0.000000    0.000000    0.000000    0.000000    0.000000
   2.96899    4.757200    0.074989    0.110168    0.074989    0.714132    0.000000    0.000000    0.000000    0.000000    0.000000    0.000000
   2.97499    4.259513    0.065918    0.099147    0.065918    0.642588    0.000000    0.000000    0.000000    0.000000    0.000000    0.000000
   2.98099    3.751694    0.057504    0.087560    0.057504    0.567549    0.000000    0.000000    0.000000    0.000000    0.000000    0.000000
   2.98700    3.253129    0.049956    0.075900    0.049956    0.492186    0.000000    0.000000    0.000000    0.000000    0.000000    0.000000
   2.99300    2.782247    0.043521    0.064616    0.043521    0.419410    0.000000    0.000000    0.000000    0.000000    0.000000    0.000000
   2.99900    2.355583    0.038472    0.054093    0.038472    0.351714    0.000000    0.000000    0.000000    0.000000    0.000000    0.000000
   3.00500    1.987221    0.035112    0.044628    0.035112    0.291070    0.000000    0.000000    0.000000    0.000000    0.000000    0.000000
   3.01100    1.688614    0.033769    0.036434    0.033769    0.238907    0.000000    0.000000    0.000000    0.000000    0.000000    0.000000
   3.01701    1.468712    0.034796    0.029639    0.034796    0.196131    0.000000    0.000000    0.000000    0.000000    0.000000    0.000000
   3.02301    1.334260    0.038566    0.024299    0.038566    0.163193    0.000000    0.000000    0.000000    0.000000    0.000000    0.000000
   3.02901    1.290147    0.045463    0.020413    0.045463    0.140175    0.000000    0.000000    0.000000    0.000000    0.000000    0.000000
   3.03501    1.339635    0.055861    0.017933    0.055861    0.126882    0.000000    0.000000    0.000000    0.000000    0.000000    0.000000
   3.04101    1.484393    0.070090    0.016783    0.070090    0.122909    0.000000    0.000000    0.000000    0.000000    0.000000    0.000000
   3.04702    1.724254    0.088399    0.016865    0.088399    0.127695    0.000000    0.000000    0.000000    0.000000    0.000000    0.000000
   3.05302    2.056712    0.110897    0.018063    0.110897    0.140539    0.000000    0.000000    0.000000    0.000000    0.000000    0.000000
   3.05902    2.476247    0.137504    0.020248    0.137504    0.160598    0.000000    0.000000    0.000000    0.000000    0.000000    0.000000
   3.06502    2.973584    0.167893    0.023272    0.167893    0.186864    0.000000    0.000000    0.000000    0.000000    0.000000    0.000000
   3.07102    3.535076    0.201454    0.026968    0.201454    0.218135    0.000000    0.000000    0.000000    0.000000    0.000000    0.000000
   3.07703    4.142389    0.237271    0.031146    0.237271    0.252998    0.000000    0.000000    0.000000    0.000000    0.000000    0.000000
   3.08303    4.772642    0.274138    0.035597    0.274138    0.289835    0.000000    0.000000    0.000000    0.000000    0.000000    0.000000
   3.08903    5.399110    0.310597    0.040092    0.310597    0.326853    0.000000    0.000000    0.000000    0.000000    0.000000    0.000000
   3.09503    5.992522    0.345022    0.044390    0.345022    0.362155    0.000000    0.000000    0.000000    0.000000    0.000000    0.000000
   3.10103    6.522887    0.375729    0.048255    0.375729    0.393838    0.000000    0.000000    0.000000    0.000000    0.000000    0.000000
   3.10704    6.961673    0.401103    0.051463    0.401103    0.420116    0.000000    0.000000    0.000000    0.000000    0.000000    0.000000
   3.11304    7.284115    0.419738    0.053826    0.419738    0.439451    0.000000    0.000000    0.000000    0.000000    0.000000    0.000000
   3.11904    7.471363    0.430559    0.055197    0.430559    0.450680    0.000000    0.000000    0.000000    0.000000    0.000000    0.000000
   3.12504    7.512191    0.432929    0.055493    0.432929    0.453105    0.000000    0.000000    0.000000    0.000000    0.000000    0.000000
   3.13104    7.404035    0.426706    0.054690    0.426706    0.446561    0.000000    0.000000    0.000000    0.000000    0.000000    0.000000
   3.13705    7.153204    0.412255    0.052836    0.412255    0.431422    0.000000    0.000000    0.000000    0.000000    0.000000    0.000000
   3.14305    6.774237    0.390417    0.050035    0.390417    0.408561    0.000000    0.000000    0.000000    0.000000    0.000000    0.000000
   3.14905    6.288490    0.362423    0.046447    0.362423    0.379262    0.000000    0.000000    0.000000    0.000000    0.000000    0.000000
   3.15505    5.722132    0.329783    0.042264    0.329783    0.345103    0.000000    0.000000    0.000000    0.000000    0.000000    0.000000
   3.16105    5.103809    0.294147    0.037697    0.294147    0.307811    0.000000    0.000000    0.000000    0.000000    0.000000    0.000000
   3.16706    4.462270    0.257174    0.032958    0.257174    0.269120    0.000000    0.000000    0.000000    0.000000    0.000000    0.000000
   3.17306    3.824211    0.220401    0.028246    0.220401    0.230638    0.000000    0.000000    0.000000    0.000000    0.000000    0.000000
   3.17906    3.212570    0.185150    0.023728    0.185150    0.193750    0.000000    0.000000    0.000000    0.000000    0.000000    0.000000
   3.18506    2.645379    0.152461    0.019539    0.152461    0.159543    0.000000    0.000000    0.000000    0.000000    0.000000    0.000000
   3.19106    2.135246    0.123061    0.015771    0.123061    0.128777    0.000000    0.000000    0.000000    0.000000    0.000000    0.000000
   3.19707    1.689401    0.097365    0.012478    0.097365    0.101888    0.000000    0.000000    0.000000    0.000000    0.000000    0.000000
   3.20307    1.310214    0.075512    0.009677    0.075512    0.079019    0.000000    0.000000    0.000000    0.000000    0.000000    0.000000
   3.20907    0.996043    0.057405    0.007357    0.057405    0.060072    0.000000    0.000000    0.000000    0.000000    0.000000    0.000000
   3.21507    0.742235    0.042777    0.005483    0.042777    0.044765    0.000000    0.000000    0.000000    0.000000    0.000000    0.000000
   3.22107    0.542175    0.031247    0.004006    0.031247    0.032700    0.000000    0.000000    0.000000    0.000000    0.000000    0.000000
   3.22708    0.388229    0.022374    0.002870    0.022374    0.023418    0.000000    0.000000    0.000000    0.000000    0.000000    0.000000
   3.23308    0.272544    0.015706    0.002019    0.015706    0.016444    0.000000    0.000000    0.000000    0.000000    0.000000    0.000000
   3.23908    0.187637    0.010810    0.001397    0.010810    0.011330    0.000000    0.000000    0.000000    0.000000    0.000000    0.000000
   3.24508    0.126796    0.007300    0.000957    0.007300    0.007672    0.000000    0.000000    0.000000    0.000000    0.000000    0.000000
   3.25108    0.084300    0.004845    0.000660    0.004845    0.005130    0.000000    0.000000    0.000000    0.000000    0.000000    0.000000
   3.25709    0.055501    0.003174    0.000478    0.003174    0.003431    0.000000    0.000000    0.000000    0.000000    0.000000    0.000000
   3.26309    0.036809    0.002078    0.000392    0.002078    0.002368    0.000000    0.000000    0.000000    0.000000    0.000000    0.000000
   3.26909    0.025627    0.001401    0.000397    0.001401    0.001803    0.000000    0.000000    0.000000    0.000000    0.000000    0.000000
   3.27509    0.020261    0.001038    0.000502    0.001038    0.001662    0.000000    0.000000    0.000000    0.000000    0.000000    0.000000
   3.28109    0.019848    0.000926    0.000735    0.000926    0.001932    0.000000    0.000000    0.000000    0.000000    0.000000    0.000000
   3.28710    0.024312    0.001042    0.001141    0.001042    0.002673    0.000000    0.000000    0.000000    0.000000    0.000000    0.000000
   3.29310    0.034360    0.001400    0.001795    0.001400    0.004014    0.000000    0.000000    0.000000    0.000000    0.000000    0.000000
   3.29910    0.051522    0.002050    0.002803    0.002050    0.006172    0.000000    0.000000    0.000000    0.000000    0.000000    0.000000
   3.30510    0.078228    0.003080    0.004313    0.003080    0.009464    0.000000    0.000000    0.000000    0.000000    0.000000    0.000000
   3.31110    0.117905    0.004616    0.006518    0.004616    0.014320    0.000000    0.000000    0.000000    0.000000    0.000000    0.000000
   3.31711    0.175071    0.006829    0.009669    0.006829    0.021303    0.000000    0.000000    0.000000    0.000000    0.000000    0.000000
   3.32311    0.255395    0.009932    0.014069    0.009932    0.031112    0.000000    0.000000    0.000000    0.000000    0.000000    0.000000
   3.32911    0.365682    0.014179    0.020081    0.014179    0.044590    0.000000    0.000000    0.000000    0.000000    0.000000    0.000000
   3.33511    0.513744    0.019861    0.028115    0.019861    0.062703    0.000000    0.000000    0.000000    0.000000    0.000000    0.000000
   3.34111    0.708103    0.027290    0.038611    0.027290    0.086510    0.000000    0.000000    0.000000    0.000000    0.000000    0.000000
   3.34712    0.957515    0.036783    0.052012    0.036783    0.117107    0.000000    0.000000    0.000000    0.000000    0.000000    0.000000
   3.35312    1.270281    0.048632    0.068730    0.048632    0.155543    0.000000    0.000000    0.000000    0.000000    0.000000    0.000000
   3.35912    1.653365    0.063072    0.089091    0.063072    0.202710    0.000000    0.000000    0.000000    0.000000    0.000000    0.000000
   3.36512    2.111370    0.080243    0.113289    0.080243    0.259226    0.000000    0.000000    0.000000    0.000000    0.000000    0.000000
   3.37112    2.645443    0.100146    0.141323    0.100146    0.325292    0.000000    0.000000    0.000000    0.000000    0.000000    0.000000
   3.37713    3.252249    0.122613    0.172952    0.122613    0.400565    0.000000    0.000000    0.000000    0.000000    0.000000    0.000000
   3.38313    3.923130    0.147270    0.207653    0.147270    0.484051    0.000000    0.000000    0.000000    0.000000    0.000000    0.000000
   3.38913    4.643627    0.173535    0.244601    0.173535    0.574043    0.000000    0.000000    0.000000    0.000000    0.000000    0.000000
   3.39513    5.393492    0.200614    0.282685    0.200614    0.668106    0.000000    0.000000    0.000000    0.000000    0.000000    0.000000
   3.40113    6.147275    0.227535    0.320540    0.227535    0.763146    0.000000    0.000000    0.000000    0.000000    0.000000    0.000000
   3.40714    6.875539    0.253196    0.356623    0.253196    0.855547    0.000000    0.000000    0.000000    0.000000    0.000000    0.000000
   3.41314    7.546641    0.276438    0.389310    0.276438    0.941383    0.000000    0.000000    0.000000    0.000000    0.000000    0.000000
   3.41914    8.128948    0.296130    0.417016    0.296130    1.016686    0.000000    0.000000    0.000000    0.000000    0.000000    0.000000
   3.42514    8.593283    0.311257    0.438322    0.311257    1.077746    0.000000    0.000000    0.000000    0.000000    0.000000    0.000000
   3.43114    8.915340    0.321010    0.452094    0.321010    1.121410    0.000000    0.000000    0.000000    0.000000    0.000000    0.000000
   3.43715    9.077787    0.324855    0.457584    0.324855    1.145356    0.000000    0.000000    0.000000    0.000000    0.000000    0.000000
   3.44315    9.071813    0.322584    0.454496    0.322584    1.148293    0.000000    0.000000    0.000000    0.000000    0.000000    0.000000
   3.44915    8.897912    0.314330    0.443013    0.314330    1.130075    0.000000    0.000000    0.000000    0.000000    0.000000    0.000000
   3.45515    8.565826    0.300557    0.423781    0.300557    1.091718    0.000000    0.000000    0.000000    0.000000    0.000000    0.000000
   3.46115    8.093640    0.282018    0.397845    0.282018    1.035302    0.000000    0.000000    0.000000    0.000000    0.000000    0.000000
   3.46716    7.506157    0.259681    0.366559    0.259681    0.963785    0.000000    0.000000    0.000000    0.000000    0.000000    0.000000
   3.47316    6.832742    0.234654    0.331466    0.234654    0.880749    0.000000    0.000000    0.000000    0.000000    0.000000    0.000000
   3.47916    6.104919    0.208087    0.294175    0.208087    0.790102    0.000000    0.000000    0.000000    0.000000    0.000000    0.000000
   3.48516    5.353958    0.181091    0.256244    0.181091    0.695783    0.000000    0.000000    0.000000    0.000000    0.000000    0.000000
   3.49116    4.608737    0.154664    0.219073    0.154664    0.601481    0.000000    0.000000    0.000000    0.000000    0.000000    0.000000
   3.49717    3.894051    0.129638    0.183830    0.129638    0.510416    0.000000    0.000000    0.000000    0.000000    0.000000    0.000000
   3.50317    3.229489    0.106641    0.151405    0.106641    0.425184    0.000000    0.000000    0.000000    0.000000    0.000000    0.000000
   3.50917    2.628919    0.086094    0.122395    0.086094    0.347676    0.000000    0.000000    0.000000    0.000000    0.000000    0.000000
   3.51517    2.100534    0.068215    0.097116    0.068215    0.279068    0.000000    0.000000    0.000000    0.000000    0.000000    0.000000
   3.52117    1.647358    0.053045    0.075635    0.053045    0.219875    0.000000    0.000000    0.000000    0.000000    0.000000    0.000000
   3.52718    1.268084    0.040484    0.057818    0.040484    0.170045    0.000000    0.000000    0.000000    0.000000    0.000000    0.000000
   3.53318    0.958086    0.030323    0.043382    0.030323    0.129081    0.000000    0.000000    0.000000    0.000000    0.000000    0.000000
   3.53918    0.710479    0.022291    0.031949    0.022291    0.096175    0.000000    0.000000    0.000000    0.000000    0.000000    0.000000
   3.54518    0.517109    0.016083    0.023094    0.016083    0.070332    0.000000    0.000000    0.000000    0.000000    0.000000    0.000000
   3.55118    0.369393    0.011388    0.016386    0.011388    0.050480    0.000000    0.000000    0.000000    0.000000    0.000000    0.000000
   3.55719    0.258978    0.007914    0.011411    0.007914    0.035559    0.000000    0.000000    0.000000    0.000000    0.000000    0.000000
   3.56319    0.178195    0.005398    0.007799    0.005398    0.024583    0.000000    0.000000    0.000000    0.000000    0.000000    0.000000
   3.56919    0.120330    0.003613    0.005232    0.003613    0.016678    0.000000    0.000000    0.000000    0.000000    0.000000    0.000000
   3.57519    0.079743    0.002373    0.003445    0.002373    0.011104    0.000000    0.000000    0.000000    0.000000    0.000000    0.000000
   3.58119    0.051861    0.001530    0.002226    0.001530    0.007255    0.000000    0.000000    0.000000    0.000000    0.000000    0.000000
   3.58720    0.033098    0.000968    0.001412    0.000968    0.004651    0.000000    0.000000    0.000000    0.000000    0.000000    0.000000
   3.59320    0.020728    0.000601    0.000879    0.000601    0.002926    0.000000    0.000000    0.000000    0.000000    0.000000    0.000000
   3.59920    0.012739    0.000366    0.000537    0.000366    0.001806    0.000000    0.000000    0.000000    0.000000    0.000000    0.000000
   3.60520    0.007682    0.000219    0.000322    0.000219    0.001094    0.000000    0.000000    0.000000    0.000000    0.000000    0.000000
   3.61120    0.004545    0.000129    0.000189    0.000129    0.000650    0.000000    0.000000    0.000000    0.000000    0.000000    0.000000
   3.61721    0.002639    0.000074    0.000109    0.000074    0.000379    0.000000    0.000000    0.000000    0.000000    0.000000    0.000000
   3.62321    0.001503    0.000042    0.000062    0.000042    0.000217    0.000000    0.000000    0.000000    0.000000    0.000000    0.000000
   3.62921    0.000840    0.000023    0.000034    0.000023    0.000122    0.000000    0.000000    0.000000    0.000000    0.000000    0.000000
   3.63521    0.000461    0.000013    0.000019    0.000013    0.000067    0.000000    0.000000    0.000000    0.000000    0.000000    0.000000
   3.64121    0.000248    0.000007    0.000010    0.000007    0.000036    0.000000    0.000000    0.000000    0.000000    0.000000    0.000000
   3.64722    0.000131    0.000004    0.000005    0.000004    0.000019    0.000000    0.000000    0.000000    0.000000    0.000000    0.000000
   3.65322    0.000068    0.000002    0.000003    0.000002    0.000010    0.000000    0.000000    0.000000    0.000000    0.000000    0.000000
   3.65922    0.000034    0.000001    0.000001    0.000001    0.000005    0.000000    0.000000    0.000000    0.000000    0.000000    0.000000
   3.66522    0.000017    0.000000    0.000001    0.000000    0.000003    0.000000    0.000000    0.000000    0.000000    0.000000    0.000000
   3.67122    0.000008    0.000000    0.000000    0.000000    0.000001    0.000000    0.000000    0.000000    0.000000    0.000000    0.000000
   3.67723    0.000004    0.000000    0.000000    0.000000    0.000001    0.000000    0.000000    0.000000    0.000000    0.000000    0.000000
   3.68323    0.000002    0.000000    0.000000    0.000000    0.000000    0.000000    0.000000    0.000000    0.000000    0.000000    0.000000
   3.68923    0.000001    0.000000    0.000000    0.000000    0.000000    0.000000    0.000000    0.000000    0.000000    0.000000    0.000000
   3.69523    0.000000    0.000000    0.000000    0.000000    0.000000    0.000000    0.000000    0.000000    0.000000    0.000000    0.000000
   3.70123    0.000000    0.000000    0.000000    0.000000    0.000000    0.000000    0.000000    0.000000    0.000000    0.000000    0.000000
   3.70724    0.000000    0.000000    0.000000    0.000000    0.000000    0.000000    0.000000    0.000000    0.000000    0.000000    0.000000
   3.71324    0.000000    0.000000    0.000000    0.000000    0.000000    0.000000    0.000000    0.000000    0.000000    0.000000    0.000000
   3.71924    0.000000    0.000000    0.000000    0.000000    0.000000    0.000000    0.000000    0.000000    0.000000    0.000000    0.000000
   3.72524    0.000000    0.000000    0.000000    0.000000    0.000000    0.000000    0.000000    0.000000    0.000000    0.000000    0.000000
   3.73124    0.000000    0.000000    0.000000    0.000000    0.000000    0.000000    0.000000    0.000000    0.000000    0.000000    0.000000
   3.73725    0.000000    0.000000    0.000000    0.000000    0.000000    0.000000    0.000000    0.000000    0.000000    0.000000    0.000000
   3.74325    0.000000    0.000000    0.000000    0.000000    0.000000    0.000000    0.000000    0.000000    0.000000    0.000000    0.000000
   3.74925    0.000000    0.000000    0.000000    0.000000    0.000000    0.000000    0.000000    0.000000    0.000000    0.000000    0.000000
   3.75525    0.000000    0.000000    0.000000    0.000000    0.000000    0.000000    0.000000    0.000000    0.000000    0.000000    0.000000
   3.76125    0.000000    0.000000    0.000000    0.000000    0.000000    0.000000    0.000000    0.000000    0.000000    0.000000    0.000000
   3.76726    0.000000    0.000000    0.000000    0.000000    0.000000    0.000000    0.000000    0.000000    0.000000    0.000000    0.000000
   3.77326    0.000000    0.000000    0.000000    0.000000    0.000000    0.000000    0.000000    0.000000    0.000000    0.000000    0.000000
   3.77926    0.000000    0.000000    0.000000    0.000000    0.000000    0.000000    0.000000    0.000000    0.000000    0.000000    0.000000
   3.78526    0.000000    0.000000    0.000000    0.000000    0.000000    0.000000    0.000000    0.000000    0.000000    0.000000    0.000000
   3.79126    0.000000    0.000000    0.000000    0.000000    0.000000    0.000000    0.000000    0.000000    0.000000    0.000000    0.000000
   3.79727    0.000000    0.000000    0.000000    0.000000    0.000000    0.000000    0.000000    0.000000    0.000000    0.000000    0.000000
   3.80327    0.000000    0.000000    0.000000    0.000000    0.000000    0.000000    0.000000    0.000000    0.000000    0.000000    0.000000
   3.80927    0.000000    0.000000    0.000000    0.000000    0.000000    0.000000    0.000000    0.000000    0.000000    0.000000    0.000000
   3.81527    0.000000    0.000000    0.000000    0.000000    0.000000    0.000000    0.000000    0.000000    0.000000    0.000000    0.000000
   3.82127    0.000000    0.000000    0.000000    0.000000    0.000000    0.000000    0.000000    0.000000    0.000000    0.000000    0.000000
   3.82728    0.000000    0.000000    0.000000    0.000000    0.000000    0.000000    0.000000    0.000000    0.000000    0.000000    0.000000
   3.83328    0.000000    0.000000    0.000000    0.000000    0.000000    0.000000    0.000000    0.000000    0.000000    0.000000    0.000000
   3.83928    0.000000    0.000000    0.000000    0.000000    0.000000    0.000000    0.000000    0.000000    0.000000    0.000000    0.000000
   3.84528    0.000000    0.000000    0.000000    0.000000    0.000000    0.000000    0.000000    0.000000    0.000000    0.000000    0.000000
   3.85128    0.000000    0.000000    0.000000    0.000000    0.000000    0.000000    0.000000    0.000000    0.000000    0.000000    0.000000
   3.85729    0.000000    0.000000    0.000000    0.000000    0.000000    0.000000    0.000000    0.000000    0.000000    0.000000    0.000000
   3.86329    0.000000    0.000000    0.000000    0.000000    0.000000    0.000000    0.000000    0.000000    0.000000    0.000000    0.000000
   3.86929    0.000000    0.000000    0.000000    0.000000    0.000000    0.000000    0.000000    0.000000    0.000000    0.000000    0.000000
   3.87529    0.000000    0.000000    0.000000    0.000000    0.000000    0.000000    0.000000    0.000000    0.000000    0.000000    0.000000
   3.88129    0.000000    0.000000    0.000000    0.000000    0.000000    0.000000    0.000000    0.000000    0.000000    0.000000    0.000000
   3.88730    0.000000    0.000000    0.000000    0.000000    0.000000    0.000000    0.000000    0.000000    0.000000    0.000000    0.000000
   3.89330    0.000000    0.000000    0.000000    0.000000    0.000000    0.000000    0.000000    0.000000    0.000000    0.000000    0.000000
   3.89930    0.000000    0.000000    0.000000    0.000000    0.000000    0.000000    0.000000    0.000000    0.000000    0.000000    0.000000
   3.90530    0.000000    0.000000    0.000000    0.000000    0.000000    0.000000    0.000000    0.000000    0.000000    0.000000    0.000000
   3.91130    0.000000    0.000000    0.000000    0.000000    0.000000    0.000000    0.000000    0.000000    0.000000    0.000000    0.000000
   3.91731    0.000000    0.000000    0.000000    0.000000    0.000000    0.000000    0.000000    0.000000    0.000000    0.000000    0.000000
   3.92331    0.000000    0.000000    0.000000    0.000000    0.000000    0.000000    0.000000    0.000000    0.000000    0.000000    0.000000
   3.92931    0.000000    0.000000    0.000000    0.000000    0.000000    0.000000    0.000000    0.000000    0.000000    0.000000    0.000000
   3.93531    0.000000    0.000000    0.000000    0.000000    0.000000    0.000000    0.000000    0.000000    0.000000    0.000000    0.000000
   3.94131    0.000000    0.000000    0.000000    0.000000    0.000000    0.000000    0.000000    0.000000    0.000000    0.000000    0.000000
   3.94732    0.000000    0.000000    0.000000    0.000000    0.000000    0.000000    0.000000    0.000000    0.000000    0.000000    0.000000
   3.95332    0.000000    0.000000    0.000000    0.000000    0.000000    0.000000    0.000000    0.000000    0.000000    0.000000    0.000000
   3.95932    0.000000    0.000000    0.000000    0.000000    0.000000    0.000000    0.000000    0.000000    0.000000    0.000000    0.000000
   3.96532    0.000000    0.000000    0.000000    0.000000    0.000000    0.000000    0.000000    0.000000    0.000000    0.000000    0.000000
   3.97132    0.000000    0.000000    0.000000    0.000000    0.000000    0.000000    0.000000    0.000000    0.000000    0.000000    0.000000
   3.97733    0.000000    0.000000    0.000000    0.000000    0.000000    0.000000    0.000000    0.000000    0.000000    0.000000    0.000000
   3.98333    0.000000    0.000000    0.000000    0.000000    0.000000    0.000000    0.000000    0.000000    0.000000    0.000000    0.000000
   3.98933    0.000000    0.000000    0.000000    0.000000    0.000000    0.000000    0.000000    0.000000    0.000000    0.000000    0.000000
   3.99533    0.000000    0.000000    0.000000    0.000000    0.000000    0.000000    0.000000    0.000000    0.000000    0.000000    0.000000
   4.00133    0.000000    0.000000    0.000000    0.000000    0.000000    0.000000    0.000000    0.000000    0.000000    0.000000    0.000000
   4.00734    0.000000    0.000000    0.000000    0.000000    0.000000    0.000000    0.000000    0.000000    0.000000    0.000000    0.000000
   4.01334    0.000000    0.000000    0.000000    0.000000    0.000000    0.000000    0.000000    0.000000    0.000000    0.000000    0.000000
   4.01934    0.000000    0.000000    0.000000    0.000000    0.000000    0.000000    0.000000    0.000000    0.000000    0.000000    0.000000
   4.02534    0.000000    0.000000    0.000000    0.000000    0.000000    0.000000    0.000000    0.000000    0.000000    0.000000    0.000000
   4.03134    0.000000    0.000000    0.000000    0.000000    0.000000    0.000000    0.000000    0.000000    0.000000    0.000000    0.000000
   4.03735    0.000000    0.000000    0.000000    0.000000    0.000000    0.000000    0.000000    0.000000    0.000000    0.000000    0.000000
   4.04335    0.000000    0.000000    0.000000    0.000000    0.000000    0.000000    0.000000    0.000000    0.000000    0.000000    0.000000
   4.04935    0.000000    0.000000    0.000000    0.000000    0.000000    0.000000    0.000000    0.000000    0.000000    0.000000    0.000000
   4.05535    0.000000    0.000000    0.000000    0.000000    0.000000    0.000000    0.000000    0.000000    0.000000    0.000000    0.000000
   4.06135    0.000000    0.000000    0.000000    0.000000    0.000000    0.000000    0.000000    0.000000    0.000000    0.000000    0.000000
   4.06736    0.000000    0.000000    0.000000    0.000000    0.000000    0.000000    0.000000    0.000000    0.000000    0.000000    0.000000
   4.07336    0.000000    0.000000    0.000000    0.000000    0.000000    0.000000    0.000000    0.000000    0.000000    0.000000    0.000000
   4.07936    0.000000    0.000000    0.000000    0.000000    0.000000    0.000000    0.000000    0.000000    0.000000    0.000000    0.000000
   4.08536    0.000000    0.000000    0.000000    0.000000    0.000000    0.000000    0.000000    0.000000    0.000000    0.000000    0.000000
   4.09136    0.000000    0.000000    0.000000    0.000000    0.000000    0.000000    0.000000    0.000000    0.000000    0.000000    0.000000
   4.09737    0.000000    0.000000    0.000000    0.000000    0.000000    0.000000    0.000000    0.000000    0.000000    0.000000    0.000000
   4.10337    0.000000    0.000000    0.000000    0.000000    0.000000    0.000000    0.000000    0.000000    0.000000    0.000000    0.000000
   4.10937    0.000000    0.000000    0.000000    0.000000    0.000000    0.000000    0.000000    0.000000    0.000000    0.000000    0.000000
   4.11537    0.000000    0.000000    0.000000    0.000000    0.000000    0.000000    0.000000    0.000000    0.000000    0.000000    0.000000
   4.12137    0.000000    0.000000    0.000000    0.000000    0.000000    0.000000    0.000000    0.000000    0.000000    0.000000    0.000000
   4.12738    0.000000    0.000000    0.000000    0.000000    0.000000    0.000000    0.000000    0.000000    0.000000    0.000000    0.000000
   4.13338    0.000000    0.000000    0.000000    0.000000    0.000000    0.000000    0.000000    0.000000    0.000000    0.000000    0.000000
   4.13938    0.000000    0.000000    0.000000    0.000000    0.000000    0.000000    0.000000    0.000000    0.000000    0.000000    0.000000
   4.14538    0.000000    0.000000    0.000000    0.000000    0.000000    0.000000    0.000000    0.000000    0.000000    0.000000    0.000000
   4.15138    0.000000    0.000000    0.000000    0.000000    0.000000    0.000000    0.000000    0.000000    0.000000    0.000000    0.000000
   4.15739    0.000000    0.000000    0.000000    0.000000    0.000000    0.000000    0.000000    0.000000    0.000000    0.000000    0.000000
   4.16339    0.000000    0.000000    0.000000    0.000000    0.000000    0.000000    0.000000    0.000000    0.000000    0.000000    0.000000
   4.16939    0.000000    0.000000    0.000000    0.000000    0.000000    0.000000    0.000000    0.000000    0.000000    0.000000    0.000000
   4.17539    0.000000    0.000000    0.000000    0.000000    0.000000    0.000000    0.000000    0.000000    0.000000    0.000000    0.000000
   4.18139    0.000000    0.000000    0.000000    0.000000    0.000000    0.000000    0.000000    0.000000    0.000000    0.000000    0.000000
   4.18740    0.000000    0.000000    0.000000    0.000000    0.000000    0.000000    0.000000    0.000000    0.000000    0.000000    0.000000
   4.19340    0.000000    0.000000    0.000000    0.000000    0.000000    0.000000    0.000000    0.000000    0.000000    0.000000    0.000000
   4.19940    0.000000    0.000000    0.000000    0.000000    0.000000    0.000000    0.000000    0.000000    0.000000    0.000000    0.000000
   4.20540    0.000000    0.000000    0.000000    0.000000    0.000000    0.000000    0.000000    0.000000    0.000000    0.000000    0.000000
   4.21140    0.000000    0.000000    0.000000    0.000000    0.000000    0.000000    0.000000    0.000000    0.000000    0.000000    0.000000
   4.21741    0.000000    0.000000    0.000000    0.000000    0.000000    0.000000    0.000000    0.000000    0.000000    0.000000    0.000000
   4.22341    0.000000    0.000000    0.000000    0.000000    0.000000    0.000000    0.000000    0.000000    0.000000    0.000000    0.000000
   4.22941    0.000000    0.000000    0.000000    0.000000    0.000000    0.000000    0.000000    0.000000    0.000000    0.000000    0.000000
   4.23541    0.000000    0.000000    0.000000    0.000000    0.000000    0.000000    0.000000    0.000000    0.000000    0.000000    0.000000
   4.24141    0.000000    0.000000    0.000000    0.000000    0.000000    0.000000    0.000000    0.000000    0.000000    0.000000    0.000000
   4.24742    0.000000    0.000000    0.000000    0.000000    0.000000    0.000000    0.000000    0.000000    0.000000    0.000000    0.000000
   4.25342    0.000000    0.000000    0.000000    0.000000    0.000000    0.000000    0.000000    0.000000    0.000000    0.000000    0.000000
   4.25942    0.000000    0.000000    0.000000    0.000000    0.000000    0.000000    0.000000    0.000000    0.000000    0.000000    0.000000
   4.26542    0.000000    0.000000    0.000000    0.000000    0.000000    0.000000    0.000000    0.000000    0.000000    0.000000    0.000000
   4.27142    0.000000    0.000000    0.000000    0.000000    0.000000    0.000000    0.000000    0.000000    0.000000    0.000000    0.000000
   4.27743    0.000000    0.000000    0.000000    0.000000    0.000000    0.000000    0.000000    0.000000    0.000000    0.000000    0.000000
   4.28343    0.000000    0.000000    0.000000    0.000000    0.000000    0.000000    0.000000    0.000000    0.000000    0.000000    0.000000
   4.28943    0.000000    0.000000    0.000000    0.000000    0.000000    0.000000    0.000000    0.000000    0.000000    0.000000    0.000000
   4.29543    0.000000    0.000000    0.000000    0.000000    0.000000    0.000000    0.000000    0.000000    0.000000    0.000000    0.000000
   4.30143    0.000000    0.000000    0.000000    0.000000    0.000000    0.000000    0.000000    0.000000    0.000000    0.000000    0.000000
   4.30744    0.000000    0.000000    0.000000    0.000000    0.000000    0.000000    0.000000    0.000000    0.000000    0.000000    0.000000
   4.31344    0.000000    0.000000    0.000000    0.000000    0.000000    0.000000    0.000000    0.000000    0.000000    0.000000    0.000000
   4.31944    0.000000    0.000000    0.000000    0.000000    0.000000    0.000000    0.000000    0.000000    0.000000    0.000000    0.000000
   4.32544    0.000000    0.000000    0.000000    0.000000    0.000000    0.000000    0.000000    0.000000    0.000000    0.000000    0.000000
   4.33144    0.000000    0.000000    0.000000    0.000000    0.000000    0.000000    0.000000    0.000000    0.000000    0.000000    0.000000
   4.33745    0.000000    0.000000    0.000000    0.000000    0.000000    0.000000    0.000000    0.000000    0.000000    0.000000    0.000000
   4.34345    0.000000    0.000000    0.000000    0.000000    0.000000    0.000000    0.000000    0.000000    0.000000    0.000000    0.000000
   4.34945    0.000000    0.000000    0.000000    0.000000    0.000000    0.000000    0.000000    0.000000    0.000000    0.000000    0.000000
   4.35545    0.000000    0.000000    0.000000    0.000000    0.000000    0.000000    0.000000    0.000000    0.000000    0.000000    0.000000
   4.36145    0.000000    0.000000    0.000000    0.000000    0.000000    0.000000    0.000000    0.000000    0.000000    0.000000    0.000000
   4.36746    0.000000    0.000000    0.000000    0.000000    0.000000    0.000000    0.000000    0.000000    0.000000    0.000000    0.000000
   4.37346    0.000000    0.000000    0.000000    0.000000    0.000000    0.000000    0.000000    0.000000    0.000000    0.000000    0.000000
   4.37946    0.000000    0.000000    0.000000    0.000000    0.000000    0.000000    0.000000    0.000000    0.000000    0.000000    0.000000
   4.38546    0.000000    0.000000    0.000000    0.000000    0.000000    0.000000    0.000000    0.000000    0.000000    0.000000    0.000000
   4.39146    0.000000    0.000000    0.000000    0.000000    0.000000    0.000000    0.000000    0.000000    0.000000    0.000000    0.000000
   4.39747    0.000000    0.000000    0.000000    0.000000    0.000000    0.000000    0.000000    0.000000    0.000000    0.000000    0.000000
   4.40347    0.000000    0.000000    0.000000    0.000000    0.000000    0.000000    0.000000    0.000000    0.000000    0.000000    0.000000
   4.40947    0.000000    0.000000    0.000000    0.000000    0.000000    0.000000    0.000000    0.000000    0.000000    0.000000    0.000000
   4.41547    0.000000    0.000000    0.000000    0.000000    0.000000    0.000000    0.000000    0.000000    0.000000    0.000000    0.000000
   4.42147    0.000000    0.000000    0.000000    0.000000    0.000000    0.000000    0.000000    0.000000    0.000000    0.000000    0.000000
   4.42748    0.000000    0.000000    0.000000    0.000000    0.000000    0.000000    0.000000    0.000000    0.000000    0.000000    0.000000
   4.43348    0.000000    0.000000    0.000000    0.000000    0.000000    0.000000    0.000000    0.000000    0.000000    0.000000    0.000000
   4.43948    0.000000    0.000000    0.000000    0.000000    0.000000    0.000000    0.000000    0.000000    0.000000    0.000000    0.000000
   4.44548    0.000000    0.000000    0.000000    0.000000    0.000000    0.000000    0.000000    0.000000    0.000000    0.000000    0.000000
   4.45148    0.000000    0.000000    0.000000    0.000000    0.000000    0.000000    0.000000    0.000000    0.000000    0.000000    0.000000
   4.45749    0.000000    0.000000    0.000000    0.000000    0.000000    0.000000    0.000000    0.000000    0.000000    0.000000    0.000000
   4.46349    0.000000    0.000000    0.000000    0.000000    0.000000    0.000000    0.000000    0.000000    0.000000    0.000000    0.000000
   4.46949    0.000000    0.000000    0.000000    0.000000    0.000000    0.000000    0.000000    0.000000    0.000000    0.000000    0.000000
   4.47549    0.000000    0.000000    0.000000    0.000000    0.000000    0.000000    0.000000    0.000000    0.000000    0.000000    0.000000
   4.48149    0.000000    0.000000    0.000000    0.000000    0.000000    0.000000    0.000000    0.000000    0.000000    0.000000    0.000000
   4.48750    0.000000    0.000000    0.000000    0.000000    0.000000    0.000000    0.000000    0.000000    0.000000    0.000000    0.000000
   4.49350    0.000000    0.000000    0.000000    0.000000    0.000000    0.000000    0.000000    0.000000    0.000000    0.000000    0.000000
   4.49950    0.000000    0.000000    0.000000    0.000000    0.000000    0.000000    0.000000    0.000000    0.000000    0.000000    0.000000
   4.50550    0.000000    0.000000    0.000000    0.000000    0.000000    0.000000    0.000000    0.000000    0.000000    0.000000    0.000000
   4.51150    0.000000    0.000000    0.000000    0.000000    0.000000    0.000000    0.000000    0.000000    0.000000    0.000000    0.000000
   4.51751    0.000000    0.000000    0.000000    0.000000    0.000000    0.000000    0.000000    0.000000    0.000000    0.000000    0.000000
   4.52351    0.000000    0.000000    0.000000    0.000000    0.000000    0.000000    0.000000    0.000000    0.000000    0.000000    0.000000
   4.52951    0.000000    0.000000    0.000000    0.000000    0.000000    0.000000    0.000000    0.000000    0.000000    0.000000    0.000000
   4.53551    0.000000    0.000000    0.000000    0.000000    0.000000    0.000000    0.000000    0.000000    0.000000    0.000000    0.000000
   4.54151    0.000000    0.000000    0.000000    0.000000    0.000000    0.000000    0.000000    0.000000    0.000000    0.000000    0.000000
   4.54752    0.000000    0.000000    0.000000    0.000000    0.000000    0.000000    0.000000    0.000000    0.000000    0.000000    0.000000
   4.55352    0.000000    0.000000    0.000000    0.000000    0.000000    0.000000    0.000000    0.000000    0.000000    0.000000    0.000000
   4.55952    0.000000    0.000000    0.000000    0.000000    0.000000    0.000000    0.000000    0.000000    0.000000    0.000000    0.000000
   4.56552    0.000000    0.000000    0.000000    0.000000    0.000000    0.000000    0.000000    0.000000    0.000000    0.000000    0.000000
   4.57152    0.000000    0.000000    0.000000    0.000000    0.000000    0.000000    0.000000    0.000000    0.000000    0.000000    0.000000
   4.57753    0.000000    0.000000    0.000000    0.000000    0.000000    0.000000    0.000000    0.000000    0.000000    0.000000    0.000000
   4.58353    0.000000    0.000000    0.000000    0.000000    0.000000    0.000000    0.000000    0.000000    0.000000    0.000000    0.000000
   4.58953    0.000000    0.000000    0.000000    0.000000    0.000000    0.000000    0.000000    0.000000    0.000000    0.000000    0.000000
   4.59553    0.000000    0.000000    0.000000    0.000000    0.000000    0.000000    0.000000    0.000000    0.000000    0.000000    0.000000
   4.60153    0.000000    0.000000    0.000000    0.000000    0.000000    0.000000    0.000000    0.000000    0.000000    0.000000    0.000000
   4.60754    0.000000    0.000000    0.000000    0.000000    0.000000    0.000000    0.000000    0.000000    0.000000    0.000000    0.000000
   4.61354    0.000000    0.000000    0.000000    0.000000    0.000000    0.000000    0.000000    0.000000    0.000000    0.000000    0.000000
   4.61954    0.000000    0.000000    0.000000    0.000000    0.000000    0.000000    0.000000    0.000000    0.000000    0.000000    0.000000
   4.62554    0.000000    0.000000    0.000000    0.000000    0.000000    0.000000    0.000000    0.000000    0.000000    0.000000    0.000000
   4.63154    0.000000    0.000000    0.000000    0.000000    0.000000    0.000000    0.000000    0.000000    0.000000    0.000000    0.000000
   4.63755    0.000000    0.000000    0.000000    0.000000    0.000000    0.000000    0.000000    0.000000    0.000000    0.000000    0.000000
   4.64355    0.000000    0.000000    0.000000    0.000000    0.000000    0.000000    0.000000    0.000000    0.000000    0.000000    0.000000
   4.64955    0.000000    0.000000    0.000000    0.000000    0.000000    0.000000    0.000000    0.000000    0.000000    0.000000    0.000000
   4.65555    0.000000    0.000000    0.000000    0.000000    0.000000    0.000000    0.000000    0.000000    0.000000    0.000000    0.000000
   4.66155    0.000000    0.000000    0.000000    0.000000    0.000000    0.000000    0.000000    0.000000    0.000000    0.000000    0.000000
   4.66756    0.000000    0.000000    0.000000    0.000000    0.000000    0.000000    0.000000    0.000000    0.000000    0.000000    0.000000
   4.67356    0.000000    0.000000    0.000000    0.000000    0.000000    0.000000    0.000000    0.000000    0.000000    0.000000    0.000000
   4.67956    0.000000    0.000000    0.000000    0.000000    0.000000    0.000000    0.000000    0.000000    0.000000    0.000000    0.000000
   4.68556    0.000000    0.000000    0.000000    0.000000    0.000000    0.000000    0.000000    0.000000    0.000000    0.000000    0.000000
   4.69156    0.000000    0.000000    0.000000    0.000000    0.000000    0.000000    0.000000    0.000000    0.000000    0.000000    0.000000
   4.69757    0.000000    0.000000    0.000000    0.000000    0.000000    0.000000    0.000000    0.000000    0.000000    0.000000    0.000000
   4.70357    0.000000    0.000000    0.000000    0.000000    0.000000    0.000000    0.000000    0.000000    0.000000    0.000000    0.000000
   4.70957    0.000000    0.000000    0.000000    0.000000    0.000000    0.000000    0.000000    0.000000    0.000000    0.000000    0.000000
   4.71557    0.000000    0.000000    0.000000    0.000000    0.000000    0.000000    0.000000    0.000000    0.000000    0.000000    0.000000
   4.72157    0.000000    0.000000    0.000000    0.000000    0.000000    0.000000    0.000000    0.000000    0.000000    0.000000    0.000000
   4.72758    0.000000    0.000000    0.000000    0.000000    0.000000    0.000000    0.000000    0.000000    0.000000    0.000000    0.000000
   4.73358    0.000000    0.000000    0.000000    0.000000    0.000000    0.000000    0.000000    0.000000    0.000000    0.000000    0.000000
   4.73958    0.000000    0.000000    0.000000    0.000000    0.000000    0.000000    0.000000    0.000000    0.000000    0.000000    0.000000
   4.74558    0.000000    0.000000    0.000000    0.000000    0.000000    0.000000    0.000000    0.000000    0.000000    0.000000    0.000000
   4.75158    0.000000    0.000000    0.000000    0.000000    0.000000    0.000000    0.000000    0.000000    0.000000    0.000000    0.000000
   4.75759    0.000000    0.000000    0.000000    0.000000    0.000000    0.000000    0.000000    0.000000    0.000000    0.000000    0.000000
   4.76359    0.000000    0.000000    0.000000    0.000000    0.000000    0.000000    0.000000    0.000000    0.000000    0.000000    0.000000
   4.76959    0.000000    0.000000    0.000000    0.000000    0.000000    0.000000    0.000000    0.000000    0.000000    0.000000    0.000000
   4.77559    0.000000    0.000000    0.000000    0.000000    0.000000    0.000000    0.000000    0.000000    0.000000    0.000000    0.000000
   4.78159    0.000000    0.000000    0.000000    0.000000    0.000000    0.000000    0.000000    0.000000    0.000000    0.000000    0.000000
   4.78760    0.000000    0.000000    0.000000    0.000000    0.000000    0.000000    0.000000    0.000000    0.000000    0.000000    0.000000
   4.79360    0.000000    0.000000    0.000000    0.000000    0.000000    0.000000    0.000000    0.000000    0.000000    0.000000    0.000000
   4.79960    0.000000    0.000000    0.000000    0.000000    0.000000    0.000000    0.000000    0.000000    0.000000    0.000000    0.000000
   4.80560    0.000000    0.000000    0.000000    0.000000    0.000000    0.000000    0.000000    0.000000    0.000000    0.000000    0.000000
   4.81160    0.000000    0.000000    0.000000    0.000000    0.000000    0.000000    0.000000    0.000000    0.000000    0.000000    0.000000
   4.81761    0.000000    0.000000    0.000000    0.000000    0.000000    0.000000    0.000000    0.000000    0.000000    0.000000    0.000000
   4.82361    0.000000    0.000000    0.000000    0.000000    0.000000    0.000000    0.000000    0.000000    0.000000    0.000000    0.000000
   4.82961    0.000000    0.000000    0.000000    0.000000    0.000000    0.000000    0.000000    0.000000    0.000000    0.000000    0.000000
   4.83561    0.000000    0.000000    0.000000    0.000000    0.000000    0.000000    0.000000    0.000000    0.000000    0.000000    0.000000
   4.84161    0.000000    0.000000    0.000000    0.000000    0.000000    0.000000    0.000000    0.000000    0.000000    0.000000    0.000000
   4.84762    0.000000    0.000000    0.000000    0.000000    0.000000    0.000000    0.000000    0.000000    0.000000    0.000000    0.000000
   4.85362    0.000000    0.000000    0.000000    0.000000    0.000000    0.000000    0.000000    0.000000    0.000000    0.000000    0.000000
   4.85962    0.000000    0.000000    0.000000    0.000000    0.000000    0.000000    0.000000    0.000000    0.000000    0.000000    0.000000
   4.86562    0.000000    0.000000    0.000000    0.000000    0.000000    0.000000    0.000000    0.000000    0.000000    0.000000    0.000000
   4.87162    0.000000    0.000000    0.000000    0.000000    0.000000    0.000000    0.000000    0.000000    0.000000    0.000000    0.000000
   4.87763    0.000000    0.000000    0.000000    0.000000    0.000000    0.000000    0.000000    0.000000    0.000000    0.000000    0.000000
   4.88363    0.000000    0.000000    0.000000    0.000000    0.000000    0.000000    0.000000    0.000000    0.000000    0.000000    0.000000
   4.88963    0.000000    0.000000    0.000000    0.000000    0.000000    0.000000    0.000000    0.000000    0.000000    0.000000    0.000000
   4.89563    0.000000    0.000000    0.000000    0.000000    0.000000    0.000000    0.000000    0.000000    0.000000    0.000000    0.000000
   4.90163    0.000000    0.000000    0.000000    0.000000    0.000000    0.000000    0.000000    0.000000    0.000000    0.000000    0.000000
   4.90764    0.000000    0.000000    0.000000    0.000000    0.000000    0.000000    0.000000    0.000000    0.000000    0.000000    0.000000
   4.91364    0.000000    0.000000    0.000000    0.000000    0.000000    0.000000    0.000000    0.000000    0.000000    0.000000    0.000000
   4.91964    0.000000    0.000000    0.000000    0.000000    0.000000    0.000000    0.000000    0.000000    0.000000    0.000000    0.000000
   4.92564    0.000000    0.000000    0.000000    0.000000    0.000000    0.000000    0.000000    0.000000    0.000000    0.000000    0.000000
   4.93164    0.000000    0.000000    0.000000    0.000000    0.000000    0.000000    0.000000    0.000000    0.000000    0.000000    0.000000
   4.93765    0.000000    0.000000    0.000000    0.000000    0.000000    0.000000    0.000000    0.000000    0.000000    0.000000    0.000000
   4.94365    0.000000    0.000000    0.000000    0.000000    0.000000    0.000000    0.000000    0.000000    0.000000    0.000000    0.000000
   4.94965    0.000000    0.000000    0.000000    0.000000    0.000000    0.000000    0.000000    0.000000    0.000000    0.000000    0.000000
   4.95565    0.000000    0.000000    0.000000    0.000000    0.000000    0.000000    0.000000    0.000000    0.000000    0.000000    0.000000
   4.96165    0.000000    0.000000    0.000000    0.000000    0.000000    0.000000    0.000000    0.000000    0.000000    0.000000    0.000000
   4.96766    0.000000    0.000000    0.000000    0.000000    0.000000    0.000000    0.000000    0.000000    0.000000    0.000000    0.000000
   4.97366    0.000000    0.000000    0.000000    0.000000    0.000000    0.000000    0.000000    0.000000    0.000000    0.000000    0.000000
   4.97966    0.000000    0.000000    0.000000    0.000000    0.000000    0.000000    0.000000    0.000000    0.000000    0.000000    0.000000
   4.98566    0.000000    0.000000    0.000000    0.000000    0.000000    0.000000    0.000000    0.000000    0.000000    0.000000    0.000000
   4.99166    0.000000    0.000000    0.000000    0.000000    0.000000    0.000000    0.000000    0.000000    0.000000    0.000000    0.000000
   4.99767    0.000000    0.000000    0.000000    0.000000    0.000000    0.000000    0.000000    0.000000    0.000000    0.000000    0.000000
   5.00367    0.000000    0.000000    0.000000    0.000000    0.000000    0.000000    0.000000    0.000000    0.000000    0.000000    0.000000
   5.00967    0.000000    0.000000    0.000000    0.000000    0.000000    0.000000    0.000000    0.000000    0.000000    0.000000    0.000000
   5.01567    0.000000    0.000000    0.000000    0.000000    0.000000    0.000000    0.000000    0.000000    0.000000    0.000000    0.000000
   5.02167    0.000000    0.000000    0.000000    0.000000    0.000000    0.000000    0.000000    0.000000    0.000000    0.000000    0.000000
   5.02768    0.000000    0.000000    0.000000    0.000000    0.000000    0.000000    0.000000    0.000000    0.000000    0.000000    0.000000
   5.03368    0.000000    0.000000    0.000000    0.000000    0.000000    0.000000    0.000000    0.000000    0.000000    0.000000    0.000000
   5.03968    0.000000    0.000000    0.000000    0.000000    0.000000    0.000000    0.000000    0.000000    0.000000    0.000000    0.000000
   5.04568    0.000000    0.000000    0.000000    0.000000    0.000000    0.000000    0.000000    0.000000    0.000000    0.000000    0.000000
   5.05168    0.000000    0.000000    0.000000    0.000000    0.000000    0.000000    0.000000    0.000000    0.000000    0.000000    0.000000
   5.05769    0.000000    0.000000    0.000000    0.000000    0.000000    0.000000    0.000000    0.000000    0.000000    0.000000    0.000000
   5.06369    0.000000    0.000000    0.000000    0.000000    0.000000    0.000000    0.000000    0.000000    0.000000    0.000000    0.000000
   5.06969    0.000000    0.000000    0.000000    0.000000    0.000000    0.000000    0.000000    0.000000    0.000000    0.000000    0.000000
   5.07569    0.000000    0.000000    0.000000    0.000000    0.000000    0.000000    0.000000    0.000000    0.000000    0.000000    0.000000
   5.08169    0.000000    0.000000    0.000000    0.000000    0.000000    0.000000    0.000000    0.000000    0.000000    0.000000    0.000000
   5.08770    0.000000    0.000000    0.000000    0.000000    0.000000    0.000000    0.000000    0.000000    0.000000    0.000000    0.000000
   5.09370    0.000000    0.000000    0.000000    0.000000    0.000000    0.000000    0.000000    0.000000    0.000000    0.000000    0.000000
   5.09970    0.000000    0.000000    0.000000    0.000000    0.000000    0.000000    0.000000    0.000000    0.000000    0.000000    0.000000
   5.10570    0.000000    0.000000    0.000000    0.000000    0.000000    0.000000    0.000000    0.000000    0.000000    0.000000    0.000000
   5.11170    0.000000    0.000000    0.000000    0.000000    0.000000    0.000000    0.000000    0.000000    0.000000    0.000000    0.000000
   5.11771    0.000000    0.000000    0.000000    0.000000    0.000000    0.000000    0.000000    0.000000    0.000000    0.000000    0.000000
   5.12371    0.000000    0.000000    0.000000    0.000000    0.000000    0.000000    0.000000    0.000000    0.000000    0.000000    0.000000
   5.12971    0.000000    0.000000    0.000000    0.000000    0.000000    0.000000    0.000000    0.000000    0.000000    0.000000    0.000000
   5.13571    0.000000    0.000000    0.000000    0.000000    0.000000    0.000000    0.000000    0.000000    0.000000    0.000000    0.000000
   5.14171    0.000000    0.000000    0.000000    0.000000    0.000000    0.000000    0.000000    0.000000    0.000000    0.000000    0.000000
   5.14772    0.000000    0.000000    0.000000    0.000000    0.000000    0.000000    0.000000    0.000000    0.000000    0.000000    0.000000
   5.15372    0.000000    0.000000    0.000000    0.000000    0.000000    0.000000    0.000000    0.000000    0.000000    0.000000    0.000000
   5.15972    0.000000    0.000000    0.000000    0.000000    0.000000    0.000000    0.000000    0.000000    0.000000    0.000000    0.000000
   5.16572    0.000000    0.000000    0.000000    0.000000    0.000000    0.000000    0.000000    0.000000    0.000000    0.000000    0.000000
   5.17172    0.000000    0.000000    0.000000    0.000000    0.000000    0.000000    0.000000    0.000000    0.000000    0.000000    0.000000
   5.17773    0.000000    0.000000    0.000000    0.000000    0.000000    0.000000    0.000000    0.000000    0.000000    0.000000    0.000000
   5.18373    0.000000    0.000000    0.000000    0.000000    0.000000    0.000000    0.000000    0.000000    0.000000    0.000000    0.000000
   5.18973    0.000000    0.000000    0.000000    0.000000    0.000000    0.000000    0.000000    0.000000    0.000000    0.000000    0.000000
   5.19573    0.000000    0.000000    0.000000    0.000000    0.000000    0.000000    0.000000    0.000000    0.000000    0.000000    0.000000
   5.20173    0.000000    0.000000    0.000000    0.000000    0.000000    0.000000    0.000000    0.000000    0.000000    0.000000    0.000000
   5.20774    0.000000    0.000000    0.000000    0.000000    0.000000    0.000000    0.000000    0.000000    0.000000    0.000000    0.000000
   5.21374    0.000000    0.000000    0.000000    0.000000    0.000000    0.000000    0.000000    0.000000    0.000000    0.000000    0.000000
   5.21974    0.000000    0.000000    0.000000    0.000000    0.000000    0.000000    0.000000    0.000000    0.000000    0.000000    0.000000
   5.22574    0.000000    0.000000    0.000000    0.000000    0.000000    0.000000    0.000000    0.000000    0.000000    0.000000    0.000000
   5.23174    0.000000    0.000000    0.000000    0.000000    0.000000    0.000000    0.000000    0.000000    0.000000    0.000000    0.000000
   5.23775    0.000000    0.000000    0.000000    0.000000    0.000000    0.000000    0.000000    0.000000    0.000000    0.000000    0.000000
   5.24375    0.000000    0.000000    0.000000    0.000000    0.000000    0.000000    0.000000    0.000000    0.000000    0.000000    0.000000
   5.24975    0.000000    0.000000    0.000000    0.000000    0.000000    0.000000    0.000000    0.000000    0.000000    0.000000    0.000000
   5.25575    0.000000    0.000000    0.000000    0.000000    0.000000    0.000000    0.000000    0.000000    0.000000    0.000000    0.000000
   5.26175    0.000000    0.000000    0.000000    0.000000    0.000000    0.000000    0.000000    0.000000    0.000000    0.000000    0.000000
   5.26776    0.000000    0.000000    0.000000    0.000000    0.000000    0.000000    0.000000    0.000000    0.000000    0.000000    0.000000
   5.27376    0.000000    0.000000    0.000000    0.000000    0.000000    0.000000    0.000000    0.000000    0.000000    0.000000    0.000000
   5.27976    0.000000    0.000000    0.000000    0.000000    0.000000    0.000000    0.000000    0.000000    0.000000    0.000000    0.000000
   5.28576    0.000000    0.000000    0.000000    0.000000    0.000000    0.000000    0.000000    0.000000    0.000000    0.000000    0.000000
   5.29176    0.000000    0.000000    0.000000    0.000000    0.000000    0.000000    0.000000    0.000000    0.000000    0.000000    0.000000
   5.29777    0.000000    0.000000    0.000000    0.000000    0.000000    0.000000    0.000000    0.000000    0.000000    0.000000    0.000000
   5.30377    0.000000    0.000000    0.000000    0.000000    0.000000    0.000000    0.000000    0.000000    0.000000    0.000000    0.000000
   5.30977    0.000000    0.000000    0.000000    0.000000    0.000000    0.000000    0.000000    0.000000    0.000000    0.000000    0.000000
   5.31577    0.000000    0.000000    0.000000    0.000000    0.000000    0.000000    0.000000    0.000000    0.000000    0.000000    0.000000
   5.32177    0.000000    0.000000    0.000000    0.000000    0.000000    0.000000    0.000000    0.000000    0.000000    0.000000    0.000000
   5.32778    0.000000    0.000000    0.000000    0.000000    0.000000    0.000000    0.000000    0.000000    0.000000    0.000000    0.000000
   5.33378    0.000000    0.000000    0.000000    0.000000    0.000000    0.000000    0.000000    0.000000    0.000000    0.000000    0.000000
   5.33978    0.000000    0.000000    0.000000    0.000000    0.000000    0.000000    0.000000    0.000000    0.000000    0.000000    0.000000
   5.34578    0.000000    0.000000    0.000000    0.000000    0.000000    0.000000    0.000000    0.000000    0.000000    0.000000    0.000000
   5.35178    0.000000    0.000000    0.000000    0.000000    0.000000    0.000000    0.000000    0.000000    0.000000    0.000000    0.000000
   5.35779    0.000000    0.000000    0.000000    0.000000    0.000000    0.000000    0.000000    0.000000    0.000000    0.000000    0.000000
   5.36379    0.000000    0.000000    0.000000    0.000000    0.000000    0.000000    0.000000    0.000000    0.000000    0.000000    0.000000
   5.36979    0.000000    0.000000    0.000000    0.000000    0.000000    0.000000    0.000000    0.000000    0.000000    0.000000    0.000000
   5.37579    0.000000    0.000000    0.000000    0.000000    0.000000    0.000000    0.000000    0.000000    0.000000    0.000000    0.000000
   5.38179    0.000000    0.000000    0.000000    0.000000    0.000000    0.000000    0.000000    0.000000    0.000000    0.000000    0.000000
   5.38780    0.000000    0.000000    0.000000    0.000000    0.000000    0.000000    0.000000    0.000000    0.000000    0.000000    0.000000
   5.39380    0.000000    0.000000    0.000000    0.000000    0.000000    0.000000    0.000000    0.000000    0.000000    0.000000    0.000000
   5.39980    0.000000    0.000000    0.000000    0.000000    0.000000    0.000000    0.000000    0.000000    0.000000    0.000000    0.000000
   5.40580    0.000000    0.000000    0.000000    0.000000    0.000000    0.000000    0.000000    0.000000    0.000000    0.000000    0.000000
   5.41180    0.000000    0.000000    0.000000    0.000000    0.000000    0.000000    0.000000    0.000000    0.000000    0.000000    0.000000
   5.41781    0.000000    0.000000    0.000000    0.000000    0.000000    0.000000    0.000000    0.000000    0.000000    0.000000    0.000000
   5.42381    0.000000    0.000000    0.000000    0.000000    0.000000    0.000000    0.000000    0.000000    0.000000    0.000000    0.000000
   5.42981    0.000000    0.000000    0.000000    0.000000    0.000000    0.000000    0.000000    0.000000    0.000000    0.000000    0.000000
   5.43581    0.000000    0.000000    0.000000    0.000000    0.000000    0.000000    0.000000    0.000000    0.000000    0.000000    0.000000
   5.44181    0.000000    0.000000    0.000000    0.000000    0.000000    0.000000    0.000000    0.000000    0.000000    0.000000    0.000000
   5.44782    0.000000    0.000000    0.000000    0.000000    0.000000    0.000000    0.000000    0.000000    0.000000    0.000000    0.000000
   5.45382    0.000000    0.000000    0.000000    0.000000    0.000000    0.000000    0.000000    0.000000    0.000000    0.000000    0.000000
   5.45982    0.000000    0.000000    0.000000    0.000000    0.000000    0.000000    0.000000    0.000000    0.000000    0.000000    0.000000
   5.46582    0.000000    0.000000    0.000000    0.000000    0.000000    0.000000    0.000000    0.000000    0.000000    0.000000    0.000000
   5.47182    0.000000    0.000000    0.000000    0.000000    0.000000    0.000000    0.000000    0.000000    0.000000    0.000000    0.000000
   5.47783    0.000000    0.000000    0.000000    0.000000    0.000000    0.000000    0.000000    0.000000    0.000000    0.000000    0.000000
   5.48383    0.000000    0.000000    0.000000    0.000000    0.000000    0.000000    0.000000    0.000000    0.000000    0.000000    0.000000
   5.48983    0.000000    0.000000    0.000000    0.000000    0.000000    0.000000    0.000000    0.000000    0.000000    0.000000    0.000000
   5.49583    0.000000    0.000000    0.000000    0.000000    0.000000    0.000000    0.000000    0.000000    0.000000    0.000000    0.000000
   5.50183    0.000000    0.000000    0.000000    0.000000    0.000000    0.000000    0.000000    0.000000    0.000000    0.000000    0.000000
   5.50784    0.000000    0.000000    0.000000    0.000000    0.000000    0.000000    0.000000    0.000000    0.000000    0.000000    0.000000
   5.51384    0.000000    0.000000    0.000000    0.000000    0.000000    0.000000    0.000000    0.000000    0.000000    0.000000    0.000000
   5.51984    0.000000    0.000000    0.000000    0.000000    0.000000    0.000000    0.000000    0.000000    0.000000    0.000000    0.000000
   5.52584    0.000000    0.000000    0.000000    0.000000    0.000000    0.000000    0.000000    0.000000    0.000000    0.000000    0.000000
   5.53184    0.000000    0.000000    0.000000    0.000000    0.000000    0.000000    0.000000    0.000000    0.000000    0.000000    0.000000
   5.53785    0.000000    0.000000    0.000000    0.000000    0.000000    0.000000    0.000000    0.000000    0.000000    0.000000    0.000000
   5.54385    0.000000    0.000000    0.000000    0.000000    0.000000    0.000000    0.000000    0.000000    0.000000    0.000000    0.000000
   5.54985    0.000000    0.000000    0.000000    0.000000    0.000000    0.000000    0.000000    0.000000    0.000000    0.000000    0.000000
   5.55585    0.000000    0.000000    0.000000    0.000000    0.000000    0.000000    0.000000    0.000000    0.000000    0.000000    0.000000
   5.56185    0.000000    0.000000    0.000000    0.000000    0.000000    0.000000    0.000000    0.000000    0.000000    0.000000    0.000000
   5.56786    0.000000    0.000000    0.000000    0.000000    0.000000    0.000000    0.000000    0.000000    0.000000    0.000000    0.000000
   5.57386    0.000000    0.000000    0.000000    0.000000    0.000000    0.000000    0.000000    0.000000    0.000000    0.000000    0.000000
   5.57986    0.000000    0.000000    0.000000    0.000000    0.000000    0.000000    0.000000    0.000000    0.000000    0.000000    0.000000
   5.58586    0.000000    0.000000    0.000000    0.000000    0.000000    0.000000    0.000000    0.000000    0.000000    0.000000    0.000000
   5.59186    0.000000    0.000000    0.000000    0.000000    0.000000    0.000000    0.000000    0.000000    0.000000    0.000000    0.000000
   5.59787    0.000000    0.000000    0.000000    0.000000    0.000000    0.000000    0.000000    0.000000    0.000000    0.000000    0.000000
   5.60387    0.000000    0.000000    0.000000    0.000000    0.000000    0.000000    0.000000    0.000000    0.000000    0.000000    0.000000
   5.60987    0.000000    0.000000    0.000000    0.000000    0.000000    0.000000    0.000000    0.000000    0.000000    0.000000    0.000000
   5.61587    0.000000    0.000000    0.000000    0.000000    0.000000    0.000000    0.000000    0.000000    0.000000    0.000000    0.000000
   5.62187    0.000000    0.000000    0.000000    0.000000    0.000000    0.000000    0.000000    0.000000    0.000000    0.000000    0.000000
   5.62788    0.000000    0.000000    0.000000    0.000000    0.000000    0.000000    0.000000    0.000000    0.000000    0.000000    0.000000
   5.63388    0.000000    0.000000    0.000000    0.000000    0.000000    0.000000    0.000000    0.000000    0.000000    0.000000    0.000000
   5.63988    0.000000    0.000000    0.000000    0.000000    0.000000    0.000000    0.000000    0.000000    0.000000    0.000000    0.000000
   5.64588    0.000000    0.000000    0.000000    0.000000    0.000000    0.000000    0.000000    0.000000    0.000000    0.000000    0.000000
   5.65188    0.000000    0.000000    0.000000    0.000000    0.000000    0.000000    0.000000    0.000000    0.000000    0.000000    0.000000
   5.65789    0.000000    0.000000    0.000000    0.000000    0.000000    0.000000    0.000000    0.000000    0.000000    0.000000    0.000000
   5.66389    0.000000    0.000000    0.000000    0.000000    0.000000    0.000000    0.000000    0.000000    0.000000    0.000000    0.000000
   5.66989    0.000000    0.000000    0.000000    0.000000    0.000000    0.000000    0.000000    0.000000    0.000000    0.000000    0.000000
   5.67589    0.000000    0.000000    0.000000    0.000000    0.000000    0.000000    0.000000    0.000000    0.000000    0.000000    0.000000
   5.68189    0.000000    0.000000    0.000000    0.000000    0.000000    0.000000    0.000000    0.000000    0.000000    0.000000    0.000000
   5.68790    0.000000    0.000000    0.000000    0.000000    0.000000    0.000000    0.000000    0.000000    0.000000    0.000000    0.000000
   5.69390    0.000000    0.000000    0.000000    0.000000    0.000000    0.000000    0.000000    0.000000    0.000000    0.000000    0.000000
   5.69990    0.000000    0.000000    0.000000    0.000000    0.000000    0.000000    0.000000    0.000000    0.000000    0.000000    0.000000
   5.70590    0.000000    0.000000    0.000000    0.000000    0.000000    0.000000    0.000000    0.000000    0.000000    0.000000    0.000000
   5.71190    0.000000    0.000000    0.000000    0.000000    0.000000    0.000000    0.000000    0.000000    0.000000    0.000000    0.000000
   5.71791    0.000000    0.000000    0.000000    0.000000    0.000000    0.000000    0.000000    0.000000    0.000000    0.000000    0.000000
   5.72391    0.000000    0.000000    0.000000    0.000000    0.000000    0.000000    0.000000    0.000000    0.000000    0.000000    0.000000
   5.72991    0.000000    0.000000    0.000000    0.000000    0.000000    0.000000    0.000000    0.000000    0.000000    0.000000    0.000000
   5.73591    0.000000    0.000000    0.000000    0.000000    0.000000    0.000000    0.000000    0.000000    0.000000    0.000000    0.000000
   5.74191    0.000000    0.000000    0.000000    0.000000    0.000000    0.000000    0.000000    0.000000    0.000000    0.000000    0.000000
   5.74792    0.000000    0.000000    0.000000    0.000000    0.000000    0.000000    0.000000    0.000000    0.000000    0.000000    0.000000
   5.75392    0.000000    0.000000    0.000000    0.000000    0.000000    0.000000    0.000000    0.000000    0.000000    0.000000    0.000000
   5.75992    0.000000    0.000000    0.000000    0.000000    0.000000    0.000000    0.000000    0.000000    0.000000    0.000000    0.000000
   5.76592    0.000000    0.000000    0.000000    0.000000    0.000000    0.000000    0.000000    0.000000    0.000000    0.000000    0.000000
   5.77192    0.000000    0.000000    0.000000    0.000000    0.000000    0.000000    0.000000    0.000000    0.000000    0.000000    0.000000
   5.77793    0.000000    0.000000    0.000000    0.000000    0.000000    0.000000    0.000000    0.000000    0.000000    0.000000    0.000000
   5.78393    0.000000    0.000000    0.000000    0.000000    0.000000    0.000000    0.000000    0.000000    0.000000    0.000000    0.000000
   5.78993    0.000000    0.000000    0.000000    0.000000    0.000000    0.000000    0.000000    0.000000    0.000000    0.000000    0.000000
   5.79593    0.000000    0.000000    0.000000    0.000000    0.000000    0.000000    0.000000    0.000000    0.000000    0.000000    0.000000
   5.80193    0.000000    0.000000    0.000000    0.000000    0.000000    0.000000    0.000000    0.000000    0.000000    0.000000    0.000000
   5.80794    0.000000    0.000000    0.000000    0.000000    0.000000    0.000000    0.000000    0.000000    0.000000    0.000000    0.000000
   5.81394    0.000000    0.000000    0.000000    0.000000    0.000000    0.000000    0.000000    0.000000    0.000000    0.000000    0.000000
   5.81994    0.000000    0.000000    0.000000    0.000000    0.000000    0.000000    0.000000    0.000000    0.000000    0.000000    0.000000
   5.82594    0.000000    0.000000    0.000000    0.000000    0.000000    0.000000    0.000000    0.000000    0.000000    0.000000    0.000000
   5.83194    0.000000    0.000000    0.000000    0.000000    0.000000    0.000000    0.000000    0.000000    0.000000    0.000000    0.000000
   5.83795    0.000000    0.000000    0.000000    0.000000    0.000000    0.000000    0.000000    0.000000    0.000000    0.000000    0.000000
   5.84395    0.000000    0.000000    0.000000    0.000000    0.000000    0.000000    0.000000    0.000000    0.000000    0.000000    0.000000
   5.84995    0.000000    0.000000    0.000000    0.000000    0.000000    0.000000    0.000000    0.000000    0.000000    0.000000    0.000000
   5.85595    0.000000    0.000000    0.000000    0.000000    0.000000    0.000000    0.000000    0.000000    0.000000    0.000000    0.000000
   5.86195    0.000000    0.000000    0.000000    0.000000    0.000000    0.000000    0.000000    0.000000    0.000000    0.000000    0.000000
   5.86796    0.000000    0.000000    0.000000    0.000000    0.000000    0.000000    0.000000    0.000000    0.000000    0.000000    0.000000
   5.87396    0.000000    0.000000    0.000000    0.000000    0.000000    0.000000    0.000000    0.000000    0.000000    0.000000    0.000000
   5.87996    0.000000    0.000000    0.000000    0.000000    0.000000    0.000000    0.000000    0.000000    0.000000    0.000000    0.000000
   5.88596    0.000000    0.000000    0.000000    0.000000    0.000000    0.000000    0.000000    0.000000    0.000000    0.000000    0.000000
   5.89196    0.000000    0.000000    0.000000    0.000000    0.000000    0.000000    0.000000    0.000000    0.000000    0.000000    0.000000
   5.89797    0.000000    0.000000    0.000000    0.000000    0.000000    0.000000    0.000000    0.000000    0.000000    0.000000    0.000000
   5.90397    0.000000    0.000000    0.000000    0.000000    0.000000    0.000000    0.000000    0.000000    0.000000    0.000000    0.000000
   5.90997    0.000000    0.000000    0.000000    0.000000    0.000000    0.000000    0.000000    0.000000    0.000000    0.000000    0.000000
   5.91597    0.000000    0.000000    0.000000    0.000000    0.000000    0.000000    0.000000    0.000000    0.000000    0.000000    0.000000
   5.92197    0.000000    0.000000    0.000000    0.000000    0.000000    0.000000    0.000000    0.000000    0.000000    0.000000    0.000000
   5.92798    0.000000    0.000000    0.000000    0.000000    0.000000    0.000000    0.000000    0.000000    0.000000    0.000000    0.000000
   5.93398    0.000000    0.000000    0.000000    0.000000    0.000000    0.000000    0.000000    0.000000    0.000000    0.000000    0.000000
   5.93998    0.000000    0.000000    0.000000    0.000000    0.000000    0.000000    0.000000    0.000000    0.000000    0.000000    0.000000
   5.94598    0.000000    0.000000    0.000000    0.000000    0.000000    0.000000    0.000000    0.000000    0.000000    0.000000    0.000000
   5.95198    0.000000    0.000000    0.000000    0.000000    0.000000    0.000000    0.000000    0.000000    0.000000    0.000000    0.000000
   5.95799    0.000000    0.000000    0.000000    0.000000    0.000000    0.000000    0.000000    0.000000    0.000000    0.000000    0.000000
   5.96399    0.000000    0.000000    0.000000    0.000000    0.000000    0.000000    0.000000    0.000000    0.000000    0.000000    0.000000
   5.96999    0.000000    0.000000    0.000000    0.000000    0.000000    0.000000    0.000000    0.000000    0.000000    0.000000    0.000000
   5.97599    0.000000    0.000000    0.000000    0.000000    0.000000    0.000000    0.000000    0.000000    0.000000    0.000000    0.000000
   5.98199    0.000000    0.000000    0.000000    0.000000    0.000000    0.000000    0.000000    0.000000    0.000000    0.000000    0.000000
   5.98800    0.000000    0.000000    0.000000    0.000000    0.000000    0.000000    0.000000    0.000000    0.000000    0.000000    0.000000
   5.99400    0.000000    0.000000    0.000000    0.000000    0.000000    0.000000    0.000000    0.000000    0.000000    0.000000    0.000000
   6.00000    0.000000    0.000000    0.000000    0.000000    0.000000    0.000000    0.000000    0.000000    0.000000    0.000000    0.000000
