 -12.00000    0.000000    0.000000    0.000000    0.000000    0.000000    0.000000    0.000000    0.000000    0.000000    0.000000    0.000000
 -11.99400    0.000000    0.000000    0.000000    0.000000    0.000000    0.000000    0.000000    0.000000    0.000000    0.000000    0.000000
 -11.98800    0.000000    0.000000    0.000000    0.000000    0.000000    0.000000    0.000000    0.000000    0.000000    0.000000    0.000000
 -11.98199    0.000000    0.000000    0.000000    0.000000    0.000000    0.000000    0.000000    0.000000    0.000000    0.000000    0.000000
 -11.97599    0.000000    0.000000    0.000000    0.000000    0.000000    0.000000    0.000000    0.000000    0.000000    0.000000    0.000000
 -11.96999    0.000000    0.000000    0.000000    0.000000    0.000000    0.000000    0.000000    0.000000    0.000000    0.000000    0.000000
 -11.96399    0.000000    0.000000    0.000000    0.000000    0.000000    0.000000    0.000000    0.000000    0.000000    0.000000    0.000000
 -11.95799    0.000000    0.000000    0.000000    0.000000    0.000000    0.000000    0.000000    0.000000    0.000000    0.000000    0.000000
 -11.95198    0.000000    0.000000    0.000000    0.000000    0.000000    0.000000    0.000000    0.000000    0.000000    0.000000    0.000000
 -11.94598    0.000000    0.000000    0.000000    0.000000    0.000000    0.000000    0.000000    0.000000    0.000000    0.000000    0.000000
 -11.93998    0.000000    0.000000    0.000000    0.000000    0.000000    0.000000    0.000000    0.000000    0.000000    0.000000    0.000000
 -11.93398    0.000000    0.000000    0.000000    0.000000    0.000000    0.000000    0.000000    0.000000    0.000000    0.000000    0.000000
 -11.92798    0.000000    0.000000    0.000000    0.000000    0.000000    0.000000    0.000000    0.000000    0.000000    0.000000    0.000000
 -11.92197    0.000000    0.000000    0.000000    0.000000    0.000000    0.000000    0.000000    0.000000    0.000000    0.000000    0.000000
 -11.91597    0.000000    0.000000    0.000000    0.000000    0.000000    0.000000    0.000000    0.000000    0.000000    0.000000    0.000000
 -11.90997    0.000000    0.000000    0.000000    0.000000    0.000000    0.000000    0.000000    0.000000    0.000000    0.000000    0.000000
 -11.90397    0.000000    0.000000    0.000000    0.000000    0.000000    0.000000    0.000000    0.000000    0.000000    0.000000    0.000000
 -11.89797    0.000000    0.000000    0.000000    0.000000    0.000000    0.000000    0.000000    0.000000    0.000000    0.000000    0.000000
 -11.89196    0.000000    0.000000    0.000000    0.000000    0.000000    0.000000    0.000000    0.000000    0.000000    0.000000    0.000000
 -11.88596    0.000000    0.000000    0.000000    0.000000    0.000000    0.000000    0.000000    0.000000    0.000000    0.000000    0.000000
 -11.87996    0.000000    0.000000    0.000000    0.000000    0.000000    0.000000    0.000000    0.000000    0.000000    0.000000    0.000000
 -11.87396    0.000000    0.000000    0.000000    0.000000    0.000000    0.000000    0.000000    0.000000    0.000000    0.000000    0.000000
 -11.86796    0.000000    0.000000    0.000000    0.000000    0.000000    0.000000    0.000000    0.000000    0.000000    0.000000    0.000000
 -11.86195    0.000000    0.000000    0.000000    0.000000    0.000000    0.000000    0.000000    0.000000    0.000000    0.000000    0.000000
 -11.85595    0.000000    0.000000    0.000000    0.000000    0.000000    0.000000    0.000000    0.000000    0.000000    0.000000    0.000000
 -11.84995    0.000000    0.000000    0.000000    0.000000    0.000000    0.000000    0.000000    0.000000    0.000000    0.000000    0.000000
 -11.84395    0.000000    0.000000    0.000000    0.000000    0.000000    0.000000    0.000000    0.000000    0.000000    0.000000    0.000000
 -11.83795    0.000000    0.000000    0.000000    0.000000    0.000000    0.000000    0.000000    0.000000    0.000000    0.000000    0.000000
 -11.83194    0.000000    0.000000    0.000000    0.000000    0.000000    0.000000    0.000000    0.000000    0.000000    0.000000    0.000000
 -11.82594    0.000000    0.000000    0.000000    0.000000    0.000000    0.000000    0.000000    0.000000    0.000000    0.000000    0.000000
 -11.81994    0.000000    0.000000    0.000000    0.000000    0.000000    0.000000    0.000000    0.000000    0.000000    0.000000    0.000000
 -11.81394    0.000000    0.000000    0.000000    0.000000    0.000000    0.000000    0.000000    0.000000    0.000000    0.000000    0.000000
 -11.80794    0.000000    0.000000    0.000000    0.000000    0.000000    0.000000    0.000000    0.000000    0.000000    0.000000    0.000000
 -11.80193    0.000000    0.000000    0.000000    0.000000    0.000000    0.000000    0.000000    0.000000    0.000000    0.000000    0.000000
 -11.79593    0.000000    0.000000    0.000000    0.000000    0.000000    0.000000    0.000000    0.000000    0.000000    0.000000    0.000000
 -11.78993    0.000000    0.000000    0.000000    0.000000    0.000000    0.000000    0.000000    0.000000    0.000000    0.000000    0.000000
 -11.78393    0.000000    0.000000    0.000000    0.000000    0.000000    0.000000    0.000000    0.000000    0.000000    0.000000    0.000000
 -11.77793    0.000000    0.000000    0.000000    0.000000    0.000000    0.000000    0.000000    0.000000    0.000000    0.000000    0.000000
 -11.77192    0.000000    0.000000    0.000000    0.000000    0.000000    0.000000    0.000000    0.000000    0.000000    0.000000    0.000000
 -11.76592    0.000000    0.000000    0.000000    0.000000    0.000000    0.000000    0.000000    0.000000    0.000000    0.000000    0.000000
 -11.75992    0.000000    0.000000    0.000000    0.000000    0.000000    0.000000    0.000000    0.000000    0.000000    0.000000    0.000000
 -11.75392    0.000000    0.000000    0.000000    0.000000    0.000000    0.000000    0.000000    0.000000    0.000000    0.000000    0.000000
 -11.74792    0.000000    0.000000    0.000000    0.000000    0.000000    0.000000    0.000000    0.000000    0.000000    0.000000    0.000000
 -11.74191    0.000000    0.000000    0.000000    0.000000    0.000000    0.000000    0.000000    0.000000    0.000000    0.000000    0.000000
 -11.73591    0.000000    0.000000    0.000000    0.000000    0.000000    0.000000    0.000000    0.000000    0.000000    0.000000    0.000000
 -11.72991    0.000000    0.000000    0.000000    0.000000    0.000000    0.000000    0.000000    0.000000    0.000000    0.000000    0.000000
 -11.72391    0.000000    0.000000    0.000000    0.000000    0.000000    0.000000    0.000000    0.000000    0.000000    0.000000    0.000000
 -11.71791    0.000000    0.000000    0.000000    0.000000    0.000000    0.000000    0.000000    0.000000    0.000000    0.000000    0.000000
 -11.71190    0.000000    0.000000    0.000000    0.000000    0.000000    0.000000    0.000000    0.000000    0.000000    0.000000    0.000000
 -11.70590    0.000000    0.000000    0.000000    0.000000    0.000000    0.000000    0.000000    0.000000    0.000000    0.000000    0.000000
 -11.69990    0.000000    0.000000    0.000000    0.000000    0.000000    0.000000    0.000000    0.000000    0.000000    0.000000    0.000000
 -11.69390    0.000000    0.000000    0.000000    0.000000    0.000000    0.000000    0.000000    0.000000    0.000000    0.000000    0.000000
 -11.68790    0.000000    0.000000    0.000000    0.000000    0.000000    0.000000    0.000000    0.000000    0.000000    0.000000    0.000000
 -11.68189    0.000000    0.000000    0.000000    0.000000    0.000000    0.000000    0.000000    0.000000    0.000000    0.000000    0.000000
 -11.67589    0.000000    0.000000    0.000000    0.000000    0.000000    0.000000    0.000000    0.000000    0.000000    0.000000    0.000000
 -11.66989    0.000000    0.000000    0.000000    0.000000    0.000000    0.000000    0.000000    0.000000    0.000000    0.000000    0.000000
 -11.66389    0.000000    0.000000    0.000000    0.000000    0.000000    0.000000    0.000000    0.000000    0.000000    0.000000    0.000000
 -11.65789    0.000000    0.000000    0.000000    0.000000    0.000000    0.000000    0.000000    0.000000    0.000000    0.000000    0.000000
 -11.65188    0.000000    0.000000    0.000000    0.000000    0.000000    0.000000    0.000000    0.000000    0.000000    0.000000    0.000000
 -11.64588    0.000000    0.000000    0.000000    0.000000    0.000000    0.000000    0.000000    0.000000    0.000000    0.000000    0.000000
 -11.63988    0.000000    0.000000    0.000000    0.000000    0.000000    0.000000    0.000000    0.000000    0.000000    0.000000    0.000000
 -11.63388    0.000000    0.000000    0.000000    0.000000    0.000000    0.000000    0.000000    0.000000    0.000000    0.000000    0.000000
 -11.62788    0.000000    0.000000    0.000000    0.000000    0.000000    0.000000    0.000000    0.000000    0.000000    0.000000    0.000000
 -11.62187    0.000000    0.000000    0.000000    0.000000    0.000000    0.000000    0.000000    0.000000    0.000000    0.000000    0.000000
 -11.61587    0.000000    0.000000    0.000000    0.000000    0.000000    0.000000    0.000000    0.000000    0.000000    0.000000    0.000000
 -11.60987    0.000000    0.000000    0.000000    0.000000    0.000000    0.000000    0.000000    0.000000    0.000000    0.000000    0.000000
 -11.60387    0.000000    0.000000    0.000000    0.000000    0.000000    0.000000    0.000000    0.000000    0.000000    0.000000    0.000000
 -11.59787    0.000000    0.000000    0.000000    0.000000    0.000000    0.000000    0.000000    0.000000    0.000000    0.000000    0.000000
 -11.59186    0.000000    0.000000    0.000000    0.000000    0.000000    0.000000    0.000000    0.000000    0.000000    0.000000    0.000000
 -11.58586    0.000000    0.000000    0.000000    0.000000    0.000000    0.000000    0.000000    0.000000    0.000000    0.000000    0.000000
 -11.57986    0.000000    0.000000    0.000000    0.000000    0.000000    0.000000    0.000000    0.000000    0.000000    0.000000    0.000000
 -11.57386    0.000000    0.000000    0.000000    0.000000    0.000000    0.000000    0.000000    0.000000    0.000000    0.000000    0.000000
 -11.56786    0.000000    0.000000    0.000000    0.000000    0.000000    0.000000    0.000000    0.000000    0.000000    0.000000    0.000000
 -11.56185    0.000000    0.000000    0.000000    0.000000    0.000000    0.000000    0.000000    0.000000    0.000000    0.000000    0.000000
 -11.55585    0.000000    0.000000    0.000000    0.000000    0.000000    0.000000    0.000000    0.000000    0.000000    0.000000    0.000000
 -11.54985    0.000000    0.000000    0.000000    0.000000    0.000000    0.000000    0.000000    0.000000    0.000000    0.000000    0.000000
 -11.54385    0.000000    0.000000    0.000000    0.000000    0.000000    0.000000    0.000000    0.000000    0.000000    0.000000    0.000000
 -11.53785    0.000000    0.000000    0.000000    0.000000    0.000000    0.000000    0.000000    0.000000    0.000000    0.000000    0.000000
 -11.53184    0.000000    0.000000    0.000000    0.000000    0.000000    0.000000    0.000000    0.000000    0.000000    0.000000    0.000000
 -11.52584    0.000000    0.000000    0.000000    0.000000    0.000000    0.000000    0.000000    0.000000    0.000000    0.000000    0.000000
 -11.51984    0.000000    0.000000    0.000000    0.000000    0.000000    0.000000    0.000000    0.000000    0.000000    0.000000    0.000000
 -11.51384    0.000000    0.000000    0.000000    0.000000    0.000000    0.000000    0.000000    0.000000    0.000000    0.000000    0.000000
 -11.50784    0.000000    0.000000    0.000000    0.000000    0.000000    0.000000    0.000000    0.000000    0.000000    0.000000    0.000000
 -11.50183    0.000000    0.000000    0.000000    0.000000    0.000000    0.000000    0.000000    0.000000    0.000000    0.000000    0.000000
 -11.49583    0.000000    0.000000    0.000000    0.000000    0.000000    0.000000    0.000000    0.000000    0.000000    0.000000    0.000000
 -11.48983    0.000000    0.000000    0.000000    0.000000    0.000000    0.000000    0.000000    0.000000    0.000000    0.000000    0.000000
 -11.48383    0.000000    0.000000    0.000000    0.000000    0.000000    0.000000    0.000000    0.000000    0.000000    0.000000    0.000000
 -11.47783    0.000000    0.000000    0.000000    0.000000    0.000000    0.000000    0.000000    0.000000    0.000000    0.000000    0.000000
 -11.47182    0.000000    0.000000    0.000000    0.000000    0.000000    0.000000    0.000000    0.000000    0.000000    0.000000    0.000000
 -11.46582    0.000000    0.000000    0.000000    0.000000    0.000000    0.000000    0.000000    0.000000    0.000000    0.000000    0.000000
 -11.45982    0.000000    0.000000    0.000000    0.000000    0.000000    0.000000    0.000000    0.000000    0.000000    0.000000    0.000000
 -11.45382    0.000000    0.000000    0.000000    0.000000    0.000000    0.000000    0.000000    0.000000    0.000000    0.000000    0.000000
 -11.44782    0.000000    0.000000    0.000000    0.000000    0.000000    0.000000    0.000000    0.000000    0.000000    0.000000    0.000000
 -11.44181    0.000000    0.000000    0.000000    0.000000    0.000000    0.000000    0.000000    0.000000    0.000000    0.000000    0.000000
 -11.43581    0.000000    0.000000    0.000000    0.000000    0.000000    0.000000    0.000000    0.000000    0.000000    0.000000    0.000000
 -11.42981    0.000000    0.000000    0.000000    0.000000    0.000000    0.000000    0.000000    0.000000    0.000000    0.000000    0.000000
 -11.42381    0.000000    0.000000    0.000000    0.000000    0.000000    0.000000    0.000000    0.000000    0.000000    0.000000    0.000000
 -11.41781    0.000000    0.000000    0.000000    0.000000    0.000000    0.000000    0.000000    0.000000    0.000000    0.000000    0.000000
 -11.41180    0.000000    0.000000    0.000000    0.000000    0.000000    0.000000    0.000000    0.000000    0.000000    0.000000    0.000000
 -11.40580    0.000000    0.000000    0.000000    0.000000    0.000000    0.000000    0.000000    0.000000    0.000000    0.000000    0.000000
 -11.39980    0.000000    0.000000    0.000000    0.000000    0.000000    0.000000    0.000000    0.000000    0.000000    0.000000    0.000000
 -11.39380    0.000000    0.000000    0.000000    0.000000    0.000000    0.000000    0.000000    0.000000    0.000000    0.000000    0.000000
 -11.38780    0.000000    0.000000    0.000000    0.000000    0.000000    0.000000    0.000000    0.000000    0.000000    0.000000    0.000000
 -11.38179    0.000000    0.000000    0.000000    0.000000    0.000000    0.000000    0.000000    0.000000    0.000000    0.000000    0.000000
 -11.37579    0.000000    0.000000    0.000000    0.000000    0.000000    0.000000    0.000000    0.000000    0.000000    0.000000    0.000000
 -11.36979    0.000000    0.000000    0.000000    0.000000    0.000000    0.000000    0.000000    0.000000    0.000000    0.000000    0.000000
 -11.36379    0.000000    0.000000    0.000000    0.000000    0.000000    0.000000    0.000000    0.000000    0.000000    0.000000    0.000000
 -11.35779    0.000000    0.000000    0.000000    0.000000    0.000000    0.000000    0.000000    0.000000    0.000000    0.000000    0.000000
 -11.35178    0.000000    0.000000    0.000000    0.000000    0.000000    0.000000    0.000000    0.000000    0.000000    0.000000    0.000000
 -11.34578    0.000000    0.000000    0.000000    0.000000    0.000000    0.000000    0.000000    0.000000    0.000000    0.000000    0.000000
 -11.33978    0.000000    0.000000    0.000000    0.000000    0.000000    0.000000    0.000000    0.000000    0.000000    0.000000    0.000000
 -11.33378    0.000000    0.000000    0.000000    0.000000    0.000000    0.000000    0.000000    0.000000    0.000000    0.000000    0.000000
 -11.32778    0.000000    0.000000    0.000000    0.000000    0.000000    0.000000    0.000000    0.000000    0.000000    0.000000    0.000000
 -11.32177    0.000000    0.000000    0.000000    0.000000    0.000000    0.000000    0.000000    0.000000    0.000000    0.000000    0.000000
 -11.31577    0.000000    0.000000    0.000000    0.000000    0.000000    0.000000    0.000000    0.000000    0.000000    0.000000    0.000000
 -11.30977    0.000000    0.000000    0.000000    0.000000    0.000000    0.000000    0.000000    0.000000    0.000000    0.000000    0.000000
 -11.30377    0.000000    0.000000    0.000000    0.000000    0.000000    0.000000    0.000000    0.000000    0.000000    0.000000    0.000000
 -11.29777    0.000000    0.000000    0.000000    0.000000    0.000000    0.000000    0.000000    0.000000    0.000000    0.000000    0.000000
 -11.29176    0.000000    0.000000    0.000000    0.000000    0.000000    0.000000    0.000000    0.000000    0.000000    0.000000    0.000000
 -11.28576    0.000000    0.000000    0.000000    0.000000    0.000000    0.000000    0.000000    0.000000    0.000000    0.000000    0.000000
 -11.27976    0.000000    0.000000    0.000000    0.000000    0.000000    0.000000    0.000000    0.000000    0.000000    0.000000    0.000000
 -11.27376    0.000000    0.000000    0.000000    0.000000    0.000000    0.000000    0.000000    0.000000    0.000000    0.000000    0.000000
 -11.26776    0.000000    0.000000    0.000000    0.000000    0.000000    0.000000    0.000000    0.000000    0.000000    0.000000    0.000000
 -11.26175    0.000000    0.000000    0.000000    0.000000    0.000000    0.000000    0.000000    0.000000    0.000000    0.000000    0.000000
 -11.25575    0.000000    0.000000    0.000000    0.000000    0.000000    0.000000    0.000000    0.000000    0.000000    0.000000    0.000000
 -11.24975    0.000000    0.000000    0.000000    0.000000    0.000000    0.000000    0.000000    0.000000    0.000000    0.000000    0.000000
 -11.24375    0.000000    0.000000    0.000000    0.000000    0.000000    0.000000    0.000000    0.000000    0.000000    0.000000    0.000000
 -11.23775    0.000000    0.000000    0.000000    0.000000    0.000000    0.000000    0.000000    0.000000    0.000000    0.000000    0.000000
 -11.23174    0.000000    0.000000    0.000000    0.000000    0.000000    0.000000    0.000000    0.000000    0.000000    0.000000    0.000000
 -11.22574    0.000000    0.000000    0.000000    0.000000    0.000000    0.000000    0.000000    0.000000    0.000000    0.000000    0.000000
 -11.21974    0.000000    0.000000    0.000000    0.000000    0.000000    0.000000    0.000000    0.000000    0.000000    0.000000    0.000000
 -11.21374    0.000000    0.000000    0.000000    0.000000    0.000000    0.000000    0.000000    0.000000    0.000000    0.000000    0.000000
 -11.20774    0.000000    0.000000    0.000000    0.000000    0.000000    0.000000    0.000000    0.000000    0.000000    0.000000    0.000000
 -11.20173    0.000000    0.000000    0.000000    0.000000    0.000000    0.000000    0.000000    0.000000    0.000000    0.000000    0.000000
 -11.19573    0.000000    0.000000    0.000000    0.000000    0.000000    0.000000    0.000000    0.000000    0.000000    0.000000    0.000000
 -11.18973    0.000000    0.000000    0.000000    0.000000    0.000000    0.000000    0.000000    0.000000    0.000000    0.000000    0.000000
 -11.18373    0.000000    0.000000    0.000000    0.000000    0.000000    0.000000    0.000000    0.000000    0.000000    0.000000    0.000000
 -11.17773    0.000000    0.000000    0.000000    0.000000    0.000000    0.000000    0.000000    0.000000    0.000000    0.000000    0.000000
 -11.17172    0.000000    0.000000    0.000000    0.000000    0.000000    0.000000    0.000000    0.000000    0.000000    0.000000    0.000000
 -11.16572    0.000000    0.000000    0.000000    0.000000    0.000000    0.000000    0.000000    0.000000    0.000000    0.000000    0.000000
 -11.15972    0.000000    0.000000    0.000000    0.000000    0.000000    0.000000    0.000000    0.000000    0.000000    0.000000    0.000000
 -11.15372    0.000000    0.000000    0.000000    0.000000    0.000000    0.000000    0.000000    0.000000    0.000000    0.000000    0.000000
 -11.14772    0.000000    0.000000    0.000000    0.000000    0.000000    0.000000    0.000000    0.000000    0.000000    0.000000    0.000000
 -11.14171    0.000000    0.000000    0.000000    0.000000    0.000000    0.000000    0.000000    0.000000    0.000000    0.000000    0.000000
 -11.13571    0.000000    0.000000    0.000000    0.000000    0.000000    0.000000    0.000000    0.000000    0.000000    0.000000    0.000000
 -11.12971    0.000000    0.000000    0.000000    0.000000    0.000000    0.000000    0.000000    0.000000    0.000000    0.000000    0.000000
 -11.12371    0.000000    0.000000    0.000000    0.000000    0.000000    0.000000    0.000000    0.000000    0.000000    0.000000    0.000000
 -11.11771    0.000000    0.000000    0.000000    0.000000    0.000000    0.000000    0.000000    0.000000    0.000000    0.000000    0.000000
 -11.11170    0.000000    0.000000    0.000000    0.000000    0.000000    0.000000    0.000000    0.000000    0.000000    0.000000    0.000000
 -11.10570    0.000000    0.000000    0.000000    0.000000    0.000000    0.000000    0.000000    0.000000    0.000000    0.000000    0.000000
 -11.09970    0.000000    0.000000    0.000000    0.000000    0.000000    0.000000    0.000000    0.000000    0.000000    0.000000    0.000000
 -11.09370    0.000000    0.000000    0.000000    0.000000    0.000000    0.000000    0.000000    0.000000    0.000000    0.000000    0.000000
 -11.08770    0.000000    0.000000    0.000000    0.000000    0.000000    0.000000    0.000000    0.000000    0.000000    0.000000    0.000000
 -11.08169    0.000000    0.000000    0.000000    0.000000    0.000000    0.000000    0.000000    0.000000    0.000000    0.000000    0.000000
 -11.07569    0.000000    0.000000    0.000000    0.000000    0.000000    0.000000    0.000000    0.000000    0.000000    0.000000    0.000000
 -11.06969    0.000000    0.000000    0.000000    0.000000    0.000000    0.000000    0.000000    0.000000    0.000000    0.000000    0.000000
 -11.06369    0.000000    0.000000    0.000000    0.000000    0.000000    0.000000    0.000000    0.000000    0.000000    0.000000    0.000000
 -11.05769    0.000000    0.000000    0.000000    0.000000    0.000000    0.000000    0.000000    0.000000    0.000000    0.000000    0.000000
 -11.05168    0.000000    0.000000    0.000000    0.000000    0.000000    0.000000    0.000000    0.000000    0.000000    0.000000    0.000000
 -11.04568    0.000000    0.000000    0.000000    0.000000    0.000000    0.000000    0.000000    0.000000    0.000000    0.000000    0.000000
 -11.03968    0.000000    0.000000    0.000000    0.000000    0.000000    0.000000    0.000000    0.000000    0.000000    0.000000    0.000000
 -11.03368    0.000000    0.000000    0.000000    0.000000    0.000000    0.000000    0.000000    0.000000    0.000000    0.000000    0.000000
 -11.02768    0.000000    0.000000    0.000000    0.000000    0.000000    0.000000    0.000000    0.000000    0.000000    0.000000    0.000000
 -11.02167    0.000000    0.000000    0.000000    0.000000    0.000000    0.000000    0.000000    0.000000    0.000000    0.000000    0.000000
 -11.01567    0.000000    0.000000    0.000000    0.000000    0.000000    0.000000    0.000000    0.000000    0.000000    0.000000    0.000000
 -11.00967    0.000000    0.000000    0.000000    0.000000    0.000000    0.000000    0.000000    0.000000    0.000000    0.000000    0.000000
 -11.00367    0.000000    0.000000    0.000000    0.000000    0.000000    0.000000    0.000000    0.000000    0.000000    0.000000    0.000000
 -10.99767    0.000000    0.000000    0.000000    0.000000    0.000000    0.000000    0.000000    0.000000    0.000000    0.000000    0.000000
 -10.99166    0.000000    0.000000    0.000000    0.000000    0.000000    0.000000    0.000000    0.000000    0.000000    0.000000    0.000000
 -10.98566    0.000000    0.000000    0.000000    0.000000    0.000000    0.000000    0.000000    0.000000    0.000000    0.000000    0.000000
 -10.97966    0.000000    0.000000    0.000000    0.000000    0.000000    0.000000    0.000000    0.000000    0.000000    0.000000    0.000000
 -10.97366    0.000000    0.000000    0.000000    0.000000    0.000000    0.000000    0.000000    0.000000    0.000000    0.000000    0.000000
 -10.96766    0.000000    0.000000    0.000000    0.000000    0.000000    0.000000    0.000000    0.000000    0.000000    0.000000    0.000000
 -10.96165    0.000000    0.000000    0.000000    0.000000    0.000000    0.000000    0.000000    0.000000    0.000000    0.000000    0.000000
 -10.95565    0.000000    0.000000    0.000000    0.000000    0.000000    0.000000    0.000000    0.000000    0.000000    0.000000    0.000000
 -10.94965    0.000000    0.000000    0.000000    0.000000    0.000000    0.000000    0.000000    0.000000    0.000000    0.000000    0.000000
 -10.94365    0.000000    0.000000    0.000000    0.000000    0.000000    0.000000    0.000000    0.000000    0.000000    0.000000    0.000000
 -10.93765    0.000000    0.000000    0.000000    0.000000    0.000000    0.000000    0.000000    0.000000    0.000000    0.000000    0.000000
 -10.93164    0.000000    0.000000    0.000000    0.000000    0.000000    0.000000    0.000000    0.000000    0.000000    0.000000    0.000000
 -10.92564    0.000000    0.000000    0.000000    0.000000    0.000000    0.000000    0.000000    0.000000    0.000000    0.000000    0.000000
 -10.91964    0.000000    0.000000    0.000000    0.000000    0.000000    0.000000    0.000000    0.000000    0.000000    0.000000    0.000000
 -10.91364    0.000000    0.000000    0.000000    0.000000    0.000000    0.000000    0.000000    0.000000    0.000000    0.000000    0.000000
 -10.90764    0.000000    0.000000    0.000000    0.000000    0.000000    0.000000    0.000000    0.000000    0.000000    0.000000    0.000000
 -10.90163    0.000000    0.000000    0.000000    0.000000    0.000000    0.000000    0.000000    0.000000    0.000000    0.000000    0.000000
 -10.89563    0.000000    0.000000    0.000000    0.000000    0.000000    0.000000    0.000000    0.000000    0.000000    0.000000    0.000000
 -10.88963    0.000000    0.000000    0.000000    0.000000    0.000000    0.000000    0.000000    0.000000    0.000000    0.000000    0.000000
 -10.88363    0.000000    0.000000    0.000000    0.000000    0.000000    0.000000    0.000000    0.000000    0.000000    0.000000    0.000000
 -10.87763    0.000000    0.000000    0.000000    0.000000    0.000000    0.000000    0.000000    0.000000    0.000000    0.000000    0.000000
 -10.87162    0.000000    0.000000    0.000000    0.000000    0.000000    0.000000    0.000000    0.000000    0.000000    0.000000    0.000000
 -10.86562    0.000000    0.000000    0.000000    0.000000    0.000000    0.000000    0.000000    0.000000    0.000000    0.000000    0.000000
 -10.85962    0.000000    0.000000    0.000000    0.000000    0.000000    0.000000    0.000000    0.000000    0.000000    0.000000    0.000000
 -10.85362    0.000000    0.000000    0.000000    0.000000    0.000000    0.000000    0.000000    0.000000    0.000000    0.000000    0.000000
 -10.84762    0.000000    0.000000    0.000000    0.000000    0.000000    0.000000    0.000000    0.000000    0.000000    0.000000    0.000000
 -10.84161    0.000000    0.000000    0.000000    0.000000    0.000000    0.000000    0.000000    0.000000    0.000000    0.000000    0.000000
 -10.83561    0.000000    0.000000    0.000000    0.000000    0.000000    0.000000    0.000000    0.000000    0.000000    0.000000    0.000000
 -10.82961    0.000000    0.000000    0.000000    0.000000    0.000000    0.000000    0.000000    0.000000    0.000000    0.000000    0.000000
 -10.82361    0.000000    0.000000    0.000000    0.000000    0.000000    0.000000    0.000000    0.000000    0.000000    0.000000    0.000000
 -10.81761    0.000000    0.000000    0.000000    0.000000    0.000000    0.000000    0.000000    0.000000    0.000000    0.000000    0.000000
 -10.81160    0.000000    0.000000    0.000000    0.000000    0.000000    0.000000    0.000000    0.000000    0.000000    0.000000    0.000000
 -10.80560    0.000000    0.000000    0.000000    0.000000    0.000000    0.000000    0.000000    0.000000    0.000000    0.000000    0.000000
 -10.79960    0.000000    0.000000    0.000000    0.000000    0.000000    0.000000    0.000000    0.000000    0.000000    0.000000    0.000000
 -10.79360    0.000000    0.000000    0.000000    0.000000    0.000000    0.000000    0.000000    0.000000    0.000000    0.000000    0.000000
 -10.78760    0.000000    0.000000    0.000000    0.000000    0.000000    0.000000    0.000000    0.000000    0.000000    0.000000    0.000000
 -10.78159    0.000000    0.000000    0.000000    0.000000    0.000000    0.000000    0.000000    0.000000    0.000000    0.000000    0.000000
 -10.77559    0.000000    0.000000    0.000000    0.000000    0.000000    0.000000    0.000000    0.000000    0.000000    0.000000    0.000000
 -10.76959    0.000000    0.000000    0.000000    0.000000    0.000000    0.000000    0.000000    0.000000    0.000000    0.000000    0.000000
 -10.76359    0.000000    0.000000    0.000000    0.000000    0.000000    0.000000    0.000000    0.000000    0.000000    0.000000    0.000000
 -10.75759    0.000000    0.000000    0.000000    0.000000    0.000000    0.000000    0.000000    0.000000    0.000000    0.000000    0.000000
 -10.75158    0.000000    0.000000    0.000000    0.000000    0.000000    0.000000    0.000000    0.000000    0.000000    0.000000    0.000000
 -10.74558    0.000000    0.000000    0.000000    0.000000    0.000000    0.000000    0.000000    0.000000    0.000000    0.000000    0.000000
 -10.73958    0.000000    0.000000    0.000000    0.000000    0.000000    0.000000    0.000000    0.000000    0.000000    0.000000    0.000000
 -10.73358    0.000000    0.000000    0.000000    0.000000    0.000000    0.000000    0.000000    0.000000    0.000000    0.000000    0.000000
 -10.72758    0.000000    0.000000    0.000000    0.000000    0.000000    0.000000    0.000000    0.000000    0.000000    0.000000    0.000000
 -10.72157    0.000000    0.000000    0.000000    0.000000    0.000000    0.000000    0.000000    0.000000    0.000000    0.000000    0.000000
 -10.71557    0.000000    0.000000    0.000000    0.000000    0.000000    0.000000    0.000000    0.000000    0.000000    0.000000    0.000000
 -10.70957    0.000000    0.000000    0.000000    0.000000    0.000000    0.000000    0.000000    0.000000    0.000000    0.000000    0.000000
 -10.70357    0.000000    0.000000    0.000000    0.000000    0.000000    0.000000    0.000000    0.000000    0.000000    0.000000    0.000000
 -10.69757    0.000000    0.000000    0.000000    0.000000    0.000000    0.000000    0.000000    0.000000    0.000000    0.000000    0.000000
 -10.69156    0.000000    0.000000    0.000000    0.000000    0.000000    0.000000    0.000000    0.000000    0.000000    0.000000    0.000000
 -10.68556    0.000000    0.000000    0.000000    0.000000    0.000000    0.000000    0.000000    0.000000    0.000000    0.000000    0.000000
 -10.67956    0.000000    0.000000    0.000000    0.000000    0.000000    0.000000    0.000000    0.000000    0.000000    0.000000    0.000000
 -10.67356    0.000000    0.000000    0.000000    0.000000    0.000000    0.000000    0.000000    0.000000    0.000000    0.000000    0.000000
 -10.66756    0.000000    0.000000    0.000000    0.000000    0.000000    0.000000    0.000000    0.000000    0.000000    0.000000    0.000000
 -10.66155    0.000000    0.000000    0.000000    0.000000    0.000000    0.000000    0.000000    0.000000    0.000000    0.000000    0.000000
 -10.65555    0.000000    0.000000    0.000000    0.000000    0.000000    0.000000    0.000000    0.000000    0.000000    0.000000    0.000000
 -10.64955    0.000000    0.000000    0.000000    0.000000    0.000000    0.000000    0.000000    0.000000    0.000000    0.000000    0.000000
 -10.64355    0.000000    0.000000    0.000000    0.000000    0.000000    0.000000    0.000000    0.000000    0.000000    0.000000    0.000000
 -10.63755    0.000000    0.000000    0.000000    0.000000    0.000000    0.000000    0.000000    0.000000    0.000000    0.000000    0.000000
 -10.63154    0.000000    0.000000    0.000000    0.000000    0.000000    0.000000    0.000000    0.000000    0.000000    0.000000    0.000000
 -10.62554    0.000000    0.000000    0.000000    0.000000    0.000000    0.000000    0.000000    0.000000    0.000000    0.000000    0.000000
 -10.61954    0.000000    0.000000    0.000000    0.000000    0.000000    0.000000    0.000000    0.000000    0.000000    0.000000    0.000000
 -10.61354    0.000000    0.000000    0.000000    0.000000    0.000000    0.000000    0.000000    0.000000    0.000000    0.000000    0.000000
 -10.60754    0.000000    0.000000    0.000000    0.000000    0.000000    0.000000    0.000000    0.000000    0.000000    0.000000    0.000000
 -10.60153    0.000000    0.000000    0.000000    0.000000    0.000000    0.000000    0.000000    0.000000    0.000000    0.000000    0.000000
 -10.59553    0.000000    0.000000    0.000000    0.000000    0.000000    0.000000    0.000000    0.000000    0.000000    0.000000    0.000000
 -10.58953    0.000000    0.000000    0.000000    0.000000    0.000000    0.000000    0.000000    0.000000    0.000000    0.000000    0.000000
 -10.58353    0.000000    0.000000    0.000000    0.000000    0.000000    0.000000    0.000000    0.000000    0.000000    0.000000    0.000000
 -10.57753    0.000000    0.000000    0.000000    0.000000    0.000000    0.000000    0.000000    0.000000    0.000000    0.000000    0.000000
 -10.57152    0.000000    0.000000    0.000000    0.000000    0.000000    0.000000    0.000000    0.000000    0.000000    0.000000    0.000000
 -10.56552    0.000000    0.000000    0.000000    0.000000    0.000000    0.000000    0.000000    0.000000    0.000000    0.000000    0.000000
 -10.55952    0.000000    0.000000    0.000000    0.000000    0.000000    0.000000    0.000000    0.000000    0.000000    0.000000    0.000000
 -10.55352    0.000000    0.000000    0.000000    0.000000    0.000000    0.000000    0.000000    0.000000    0.000000    0.000000    0.000000
 -10.54752    0.000000    0.000000    0.000000    0.000000    0.000000    0.000000    0.000000    0.000000    0.000000    0.000000    0.000000
 -10.54151    0.000000    0.000000    0.000000    0.000000    0.000000    0.000000    0.000000    0.000000    0.000000    0.000000    0.000000
 -10.53551    0.000000    0.000000    0.000000    0.000000    0.000000    0.000000    0.000000    0.000000    0.000000    0.000000    0.000000
 -10.52951    0.000000    0.000000    0.000000    0.000000    0.000000    0.000000    0.000000    0.000000    0.000000    0.000000    0.000000
 -10.52351    0.000000    0.000000    0.000000    0.000000    0.000000    0.000000    0.000000    0.000000    0.000000    0.000000    0.000000
 -10.51751    0.000000    0.000000    0.000000    0.000000    0.000000    0.000000    0.000000    0.000000    0.000000    0.000000    0.000000
 -10.51150    0.000000    0.000000    0.000000    0.000000    0.000000    0.000000    0.000000    0.000000    0.000000    0.000000    0.000000
 -10.50550    0.000000    0.000000    0.000000    0.000000    0.000000    0.000000    0.000000    0.000000    0.000000    0.000000    0.000000
 -10.49950    0.000000    0.000000    0.000000    0.000000    0.000000    0.000000    0.000000    0.000000    0.000000    0.000000    0.000000
 -10.49350    0.000000    0.000000    0.000000    0.000000    0.000000    0.000000    0.000000    0.000000    0.000000    0.000000    0.000000
 -10.48750    0.000000    0.000000    0.000000    0.000000    0.000000    0.000000    0.000000    0.000000    0.000000    0.000000    0.000000
 -10.48149    0.000000    0.000000    0.000000    0.000000    0.000000    0.000000    0.000000    0.000000    0.000000    0.000000    0.000000
 -10.47549    0.000000    0.000000    0.000000    0.000000    0.000000    0.000000    0.000000    0.000000    0.000000    0.000000    0.000000
 -10.46949    0.000000    0.000000    0.000000    0.000000    0.000000    0.000000    0.000000    0.000000    0.000000    0.000000    0.000000
 -10.46349    0.000000    0.000000    0.000000    0.000000    0.000000    0.000000    0.000000    0.000000    0.000000    0.000000    0.000000
 -10.45749    0.000000    0.000000    0.000000    0.000000    0.000000    0.000000    0.000000    0.000000    0.000000    0.000000    0.000000
 -10.45148    0.000000    0.000000    0.000000    0.000000    0.000000    0.000000    0.000000    0.000000    0.000000    0.000000    0.000000
 -10.44548    0.000000    0.000000    0.000000    0.000000    0.000000    0.000000    0.000000    0.000000    0.000000    0.000000    0.000000
 -10.43948    0.000000    0.000000    0.000000    0.000000    0.000000    0.000000    0.000000    0.000000    0.000000    0.000000    0.000000
 -10.43348    0.000000    0.000000    0.000000    0.000000    0.000000    0.000000    0.000000    0.000000    0.000000    0.000000    0.000000
 -10.42748    0.000000    0.000000    0.000000    0.000000    0.000000    0.000000    0.000000    0.000000    0.000000    0.000000    0.000000
 -10.42147    0.000000    0.000000    0.000000    0.000000    0.000000    0.000000    0.000000    0.000000    0.000000    0.000000    0.000000
 -10.41547    0.000000    0.000000    0.000000    0.000000    0.000000    0.000000    0.000000    0.000000    0.000000    0.000000    0.000000
 -10.40947    0.000000    0.000000    0.000000    0.000000    0.000000    0.000000    0.000000    0.000000    0.000000    0.000000    0.000000
 -10.40347    0.000000    0.000000    0.000000    0.000000    0.000000    0.000000    0.000000    0.000000    0.000000    0.000000    0.000000
 -10.39747    0.000000    0.000000    0.000000    0.000000    0.000000    0.000000    0.000000    0.000000    0.000000    0.000000    0.000000
 -10.39146    0.000000    0.000000    0.000000    0.000000    0.000000    0.000000    0.000000    0.000000    0.000000    0.000000    0.000000
 -10.38546    0.000000    0.000000    0.000000    0.000000    0.000000    0.000000    0.000000    0.000000    0.000000    0.000000    0.000000
 -10.37946    0.000000    0.000000    0.000000    0.000000    0.000000    0.000000    0.000000    0.000000    0.000000    0.000000    0.000000
 -10.37346    0.000000    0.000000    0.000000    0.000000    0.000000    0.000000    0.000000    0.000000    0.000000    0.000000    0.000000
 -10.36746    0.000000    0.000000    0.000000    0.000000    0.000000    0.000000    0.000000    0.000000    0.000000    0.000000    0.000000
 -10.36145    0.000000    0.000000    0.000000    0.000000    0.000000    0.000000    0.000000    0.000000    0.000000    0.000000    0.000000
 -10.35545    0.000000    0.000000    0.000000    0.000000    0.000000    0.000000    0.000000    0.000000    0.000000    0.000000    0.000000
 -10.34945    0.000000    0.000000    0.000000    0.000000    0.000000    0.000000    0.000000    0.000000    0.000000    0.000000    0.000000
 -10.34345    0.000000    0.000000    0.000000    0.000000    0.000000    0.000000    0.000000    0.000000    0.000000    0.000000    0.000000
 -10.33745    0.000000    0.000000    0.000000    0.000000    0.000000    0.000000    0.000000    0.000000    0.000000    0.000000    0.000000
 -10.33144    0.000000    0.000000    0.000000    0.000000    0.000000    0.000000    0.000000    0.000000    0.000000    0.000000    0.000000
 -10.32544    0.000000    0.000000    0.000000    0.000000    0.000000    0.000000    0.000000    0.000000    0.000000    0.000000    0.000000
 -10.31944    0.000000    0.000000    0.000000    0.000000    0.000000    0.000000    0.000000    0.000000    0.000000    0.000000    0.000000
 -10.31344    0.000000    0.000000    0.000000    0.000000    0.000000    0.000000    0.000000    0.000000    0.000000    0.000000    0.000000
 -10.30744    0.000000    0.000000    0.000000    0.000000    0.000000    0.000000    0.000000    0.000000    0.000000    0.000000    0.000000
 -10.30143    0.000000    0.000000    0.000000    0.000000    0.000000    0.000000    0.000000    0.000000    0.000000    0.000000    0.000000
 -10.29543    0.000000    0.000000    0.000000    0.000000    0.000000    0.000000    0.000000    0.000000    0.000000    0.000000    0.000000
 -10.28943    0.000000    0.000000    0.000000    0.000000    0.000000    0.000000    0.000000    0.000000    0.000000    0.000000    0.000000
 -10.28343    0.000000    0.000000    0.000000    0.000000    0.000000    0.000000    0.000000    0.000000    0.000000    0.000000    0.000000
 -10.27743    0.000000    0.000000    0.000000    0.000000    0.000000    0.000000    0.000000    0.000000    0.000000    0.000000    0.000000
 -10.27142    0.000000    0.000000    0.000000    0.000000    0.000000    0.000000    0.000000    0.000000    0.000000    0.000000    0.000000
 -10.26542    0.000000    0.000000    0.000000    0.000000    0.000000    0.000000    0.000000    0.000000    0.000000    0.000000    0.000000
 -10.25942    0.000000    0.000000    0.000000    0.000000    0.000000    0.000000    0.000000    0.000000    0.000000    0.000000    0.000000
 -10.25342    0.000000    0.000000    0.000000    0.000000    0.000000    0.000000    0.000000    0.000000    0.000000    0.000000    0.000000
 -10.24742    0.000000    0.000000    0.000000    0.000000    0.000000    0.000000    0.000000    0.000000    0.000000    0.000000    0.000000
 -10.24141    0.000000    0.000000    0.000000    0.000000    0.000000    0.000000    0.000000    0.000000    0.000000    0.000000    0.000000
 -10.23541    0.000000    0.000000    0.000000    0.000000    0.000000    0.000000    0.000000    0.000000    0.000000    0.000000    0.000000
 -10.22941    0.000000    0.000000    0.000000    0.000000    0.000000    0.000000    0.000000    0.000000    0.000000    0.000000    0.000000
 -10.22341    0.000000    0.000000    0.000000    0.000000    0.000000    0.000000    0.000000    0.000000    0.000000    0.000000    0.000000
 -10.21741    0.000000    0.000000    0.000000    0.000000    0.000000    0.000000    0.000000    0.000000    0.000000    0.000000    0.000000
 -10.21140    0.000000    0.000000    0.000000    0.000000    0.000000    0.000000    0.000000    0.000000    0.000000    0.000000    0.000000
 -10.20540    0.000000    0.000000    0.000000    0.000000    0.000000    0.000000    0.000000    0.000000    0.000000    0.000000    0.000000
 -10.19940    0.000000    0.000000    0.000000    0.000000    0.000000    0.000000    0.000000    0.000000    0.000000    0.000000    0.000000
 -10.19340    0.000000    0.000000    0.000000    0.000000    0.000000    0.000000    0.000000    0.000000    0.000000    0.000000    0.000000
 -10.18740    0.000000    0.000000    0.000000    0.000000    0.000000    0.000000    0.000000    0.000000    0.000000    0.000000    0.000000
 -10.18139    0.000000    0.000000    0.000000    0.000000    0.000000    0.000000    0.000000    0.000000    0.000000    0.000000    0.000000
 -10.17539    0.000000    0.000000    0.000000    0.000000    0.000000    0.000000    0.000000    0.000000    0.000000    0.000000    0.000000
 -10.16939    0.000000    0.000000    0.000000    0.000000    0.000000    0.000000    0.000000    0.000000    0.000000    0.000000    0.000000
 -10.16339    0.000000    0.000000    0.000000    0.000000    0.000000    0.000000    0.000000    0.000000    0.000000    0.000000    0.000000
 -10.15739    0.000000    0.000000    0.000000    0.000000    0.000000    0.000000    0.000000    0.000000    0.000000    0.000000    0.000000
 -10.15138    0.000000    0.000000    0.000000    0.000000    0.000000    0.000000    0.000000    0.000000    0.000000    0.000000    0.000000
 -10.14538    0.000000    0.000000    0.000000    0.000000    0.000000    0.000000    0.000000    0.000000    0.000000    0.000000    0.000000
 -10.13938    0.000000    0.000000    0.000000    0.000000    0.000000    0.000000    0.000000    0.000000    0.000000    0.000000    0.000000
 -10.13338    0.000000    0.000000    0.000000    0.000000    0.000000    0.000000    0.000000    0.000000    0.000000    0.000000    0.000000
 -10.12738    0.000000    0.000000    0.000000    0.000000    0.000000    0.000000    0.000000    0.000000    0.000000    0.000000    0.000000
 -10.12137    0.000000    0.000000    0.000000    0.000000    0.000000    0.000000    0.000000    0.000000    0.000000    0.000000    0.000000
 -10.11537    0.000000    0.000000    0.000000    0.000000    0.000000    0.000000    0.000000    0.000000    0.000000    0.000000    0.000000
 -10.10937    0.000000    0.000000    0.000000    0.000000    0.000000    0.000000    0.000000    0.000000    0.000000    0.000000    0.000000
 -10.10337    0.000000    0.000000    0.000000    0.000000    0.000000    0.000000    0.000000    0.000000    0.000000    0.000000    0.000000
 -10.09737    0.000000    0.000000    0.000000    0.000000    0.000000    0.000000    0.000000    0.000000    0.000000    0.000000    0.000000
 -10.09136    0.000000    0.000000    0.000000    0.000000    0.000000    0.000000    0.000000    0.000000    0.000000    0.000000    0.000000
 -10.08536    0.000000    0.000000    0.000000    0.000000    0.000000    0.000000    0.000000    0.000000    0.000000    0.000000    0.000000
 -10.07936    0.000000    0.000000    0.000000    0.000000    0.000000    0.000000    0.000000    0.000000    0.000000    0.000000    0.000000
 -10.07336    0.000000    0.000000    0.000000    0.000000    0.000000    0.000000    0.000000    0.000000    0.000000    0.000000    0.000000
 -10.06736    0.000000    0.000000    0.000000    0.000000    0.000000    0.000000    0.000000    0.000000    0.000000    0.000000    0.000000
 -10.06135    0.000000    0.000000    0.000000    0.000000    0.000000    0.000000    0.000000    0.000000    0.000000    0.000000    0.000000
 -10.05535    0.000000    0.000000    0.000000    0.000000    0.000000    0.000000    0.000000    0.000000    0.000000    0.000000    0.000000
 -10.04935    0.000000    0.000000    0.000000    0.000000    0.000000    0.000000    0.000000    0.000000    0.000000    0.000000    0.000000
 -10.04335    0.000000    0.000000    0.000000    0.000000    0.000000    0.000000    0.000000    0.000000    0.000000    0.000000    0.000000
 -10.03735    0.000000    0.000000    0.000000    0.000000    0.000000    0.000000    0.000000    0.000000    0.000000    0.000000    0.000000
 -10.03134    0.000000    0.000000    0.000000    0.000000    0.000000    0.000000    0.000000    0.000000    0.000000    0.000000    0.000000
 -10.02534    0.000000    0.000000    0.000000    0.000000    0.000000    0.000000    0.000000    0.000000    0.000000    0.000000    0.000000
 -10.01934    0.000000    0.000000    0.000000    0.000000    0.000000    0.000000    0.000000    0.000000    0.000000    0.000000    0.000000
 -10.01334    0.000000    0.000000    0.000000    0.000000    0.000000    0.000000    0.000000    0.000000    0.000000    0.000000    0.000000
 -10.00734    0.000000    0.000000    0.000000    0.000000    0.000000    0.000000    0.000000    0.000000    0.000000    0.000000    0.000000
 -10.00133    0.000000    0.000000    0.000000    0.000000    0.000000    0.000000    0.000000    0.000000    0.000000    0.000000    0.000000
  -9.99533    0.000000    0.000000    0.000000    0.000000    0.000000    0.000000    0.000000    0.000000    0.000000    0.000000    0.000000
  -9.98933    0.000000    0.000000    0.000000    0.000000    0.000000    0.000000    0.000000    0.000000    0.000000    0.000000    0.000000
  -9.98333    0.000000    0.000000    0.000000    0.000000    0.000000    0.000000    0.000000    0.000000    0.000000    0.000000    0.000000
  -9.97733    0.000000    0.000000    0.000000    0.000000    0.000000    0.000000    0.000000    0.000000    0.000000    0.000000    0.000000
  -9.97132    0.000000    0.000000    0.000000    0.000000    0.000000    0.000000    0.000000    0.000000    0.000000    0.000000    0.000000
  -9.96532    0.000000    0.000000    0.000000    0.000000    0.000000    0.000000    0.000000    0.000000    0.000000    0.000000    0.000000
  -9.95932    0.000000    0.000000    0.000000    0.000000    0.000000    0.000000    0.000000    0.000000    0.000000    0.000000    0.000000
  -9.95332    0.000000    0.000000    0.000000    0.000000    0.000000    0.000000    0.000000    0.000000    0.000000    0.000000    0.000000
  -9.94732    0.000000    0.000000    0.000000    0.000000    0.000000    0.000000    0.000000    0.000000    0.000000    0.000000    0.000000
  -9.94131    0.000000    0.000000    0.000000    0.000000    0.000000    0.000000    0.000000    0.000000    0.000000    0.000000    0.000000
  -9.93531    0.000000    0.000000    0.000000    0.000000    0.000000    0.000000    0.000000    0.000000    0.000000    0.000000    0.000000
  -9.92931    0.000000    0.000000    0.000000    0.000000    0.000000    0.000000    0.000000    0.000000    0.000000    0.000000    0.000000
  -9.92331    0.000000    0.000000    0.000000    0.000000    0.000000    0.000000    0.000000    0.000000    0.000000    0.000000    0.000000
  -9.91731    0.000000    0.000000    0.000000    0.000000    0.000000    0.000000    0.000000    0.000000    0.000000    0.000000    0.000000
  -9.91130    0.000000    0.000000    0.000000    0.000000    0.000000    0.000000    0.000000    0.000000    0.000000    0.000000    0.000000
  -9.90530    0.000000    0.000000    0.000000    0.000000    0.000000    0.000000    0.000000    0.000000    0.000000    0.000000    0.000000
  -9.89930    0.000000    0.000000    0.000000    0.000000    0.000000    0.000000    0.000000    0.000000    0.000000    0.000000    0.000000
  -9.89330    0.000000    0.000000    0.000000    0.000000    0.000000    0.000000    0.000000    0.000000    0.000000    0.000000    0.000000
  -9.88730    0.000000    0.000000    0.000000    0.000000    0.000000    0.000000    0.000000    0.000000    0.000000    0.000000    0.000000
  -9.88129    0.000000    0.000000    0.000000    0.000000    0.000000    0.000000    0.000000    0.000000    0.000000    0.000000    0.000000
  -9.87529    0.000000    0.000000    0.000000    0.000000    0.000000    0.000000    0.000000    0.000000    0.000000    0.000000    0.000000
  -9.86929    0.000000    0.000000    0.000000    0.000000    0.000000    0.000000    0.000000    0.000000    0.000000    0.000000    0.000000
  -9.86329    0.000000    0.000000    0.000000    0.000000    0.000000    0.000000    0.000000    0.000000    0.000000    0.000000    0.000000
  -9.85729    0.000000    0.000000    0.000000    0.000000    0.000000    0.000000    0.000000    0.000000    0.000000    0.000000    0.000000
  -9.85128    0.000000    0.000000    0.000000    0.000000    0.000000    0.000000    0.000000    0.000000    0.000000    0.000000    0.000000
  -9.84528    0.000000    0.000000    0.000000    0.000000    0.000000    0.000000    0.000000    0.000000    0.000000    0.000000    0.000000
  -9.83928    0.000000    0.000000    0.000000    0.000000    0.000000    0.000000    0.000000    0.000000    0.000000    0.000000    0.000000
  -9.83328    0.000000    0.000000    0.000000    0.000000    0.000000    0.000000    0.000000    0.000000    0.000000    0.000000    0.000000
  -9.82728    0.000000    0.000000    0.000000    0.000000    0.000000    0.000000    0.000000    0.000000    0.000000    0.000000    0.000000
  -9.82127    0.000000    0.000000    0.000000    0.000000    0.000000    0.000000    0.000000    0.000000    0.000000    0.000000    0.000000
  -9.81527    0.000000    0.000000    0.000000    0.000000    0.000000    0.000000    0.000000    0.000000    0.000000    0.000000    0.000000
  -9.80927    0.000000    0.000000    0.000000    0.000000    0.000000    0.000000    0.000000    0.000000    0.000000    0.000000    0.000000
  -9.80327    0.000000    0.000000    0.000000    0.000000    0.000000    0.000000    0.000000    0.000000    0.000000    0.000000    0.000000
  -9.79727    0.000000    0.000000    0.000000    0.000000    0.000000    0.000000    0.000000    0.000000    0.000000    0.000000    0.000000
  -9.79126    0.000000    0.000000    0.000000    0.000000    0.000000    0.000000    0.000000    0.000000    0.000000    0.000000    0.000000
  -9.78526    0.000000    0.000000    0.000000    0.000000    0.000000    0.000000    0.000000    0.000000    0.000000    0.000000    0.000000
  -9.77926    0.000000    0.000000    0.000000    0.000000    0.000000    0.000000    0.000000    0.000000    0.000000    0.000000    0.000000
  -9.77326    0.000000    0.000000    0.000000    0.000000    0.000000    0.000000    0.000000    0.000000    0.000000    0.000000    0.000000
  -9.76726    0.000000    0.000000    0.000000    0.000000    0.000000    0.000000    0.000000    0.000000    0.000000    0.000000    0.000000
  -9.76125    0.000000    0.000000    0.000000    0.000000    0.000000    0.000000    0.000000    0.000000    0.000000    0.000000    0.000000
  -9.75525    0.000000    0.000000    0.000000    0.000000    0.000000    0.000000    0.000000    0.000000    0.000000    0.000000    0.000000
  -9.74925    0.000000    0.000000    0.000000    0.000000    0.000000    0.000000    0.000000    0.000000    0.000000    0.000000    0.000000
  -9.74325    0.000000    0.000000    0.000000    0.000000    0.000000    0.000000    0.000000    0.000000    0.000000    0.000000    0.000000
  -9.73725    0.000000    0.000000    0.000000    0.000000    0.000000    0.000000    0.000000    0.000000    0.000000    0.000000    0.000000
  -9.73124    0.000000    0.000000    0.000000    0.000000    0.000000    0.000000    0.000000    0.000000    0.000000    0.000000    0.000000
  -9.72524    0.000000    0.000000    0.000000    0.000000    0.000000    0.000000    0.000000    0.000000    0.000000    0.000000    0.000000
  -9.71924    0.000000    0.000000    0.000000    0.000000    0.000000    0.000000    0.000000    0.000000    0.000000    0.000000    0.000000
  -9.71324    0.000000    0.000000    0.000000    0.000000    0.000000    0.000000    0.000000    0.000000    0.000000    0.000000    0.000000
  -9.70724    0.000000    0.000000    0.000000    0.000000    0.000000    0.000000    0.000000    0.000000    0.000000    0.000000    0.000000
  -9.70123    0.000000    0.000000    0.000000    0.000000    0.000000    0.000000    0.000000    0.000000    0.000000    0.000000    0.000000
  -9.69523    0.000000    0.000000    0.000000    0.000000    0.000000    0.000000    0.000000    0.000000    0.000000    0.000000    0.000000
  -9.68923    0.000000    0.000000    0.000000    0.000000    0.000000    0.000000    0.000000    0.000000    0.000000    0.000000    0.000000
  -9.68323    0.000000    0.000000    0.000000    0.000000    0.000000    0.000000    0.000000    0.000000    0.000000    0.000000    0.000000
  -9.67723    0.000000    0.000000    0.000000    0.000000    0.000000    0.000000    0.000000    0.000000    0.000000    0.000000    0.000000
  -9.67122    0.000000    0.000000    0.000000    0.000000    0.000000    0.000000    0.000000    0.000000    0.000000    0.000000    0.000000
  -9.66522    0.000000    0.000000    0.000000    0.000000    0.000000    0.000000    0.000000    0.000000    0.000000    0.000000    0.000000
  -9.65922    0.000000    0.000000    0.000000    0.000000    0.000000    0.000000    0.000000    0.000000    0.000000    0.000000    0.000000
  -9.65322    0.000000    0.000000    0.000000    0.000000    0.000000    0.000000    0.000000    0.000000    0.000000    0.000000    0.000000
  -9.64722    0.000000    0.000000    0.000000    0.000000    0.000000    0.000000    0.000000    0.000000    0.000000    0.000000    0.000000
  -9.64121    0.000000    0.000000    0.000000    0.000000    0.000000    0.000000    0.000000    0.000000    0.000000    0.000000    0.000000
  -9.63521    0.000000    0.000000    0.000000    0.000000    0.000000    0.000000    0.000000    0.000000    0.000000    0.000000    0.000000
  -9.62921    0.000000    0.000000    0.000000    0.000000    0.000000    0.000000    0.000000    0.000000    0.000000    0.000000    0.000000
  -9.62321    0.000000    0.000000    0.000000    0.000000    0.000000    0.000000    0.000000    0.000000    0.000000    0.000000    0.000000
  -9.61721    0.000000    0.000000    0.000000    0.000000    0.000000    0.000000    0.000000    0.000000    0.000000    0.000000    0.000000
  -9.61120    0.000000    0.000000    0.000000    0.000000    0.000000    0.000000    0.000000    0.000000    0.000000    0.000000    0.000000
  -9.60520    0.000000    0.000000    0.000000    0.000000    0.000000    0.000000    0.000000    0.000000    0.000000    0.000000    0.000000
  -9.59920    0.000000    0.000000    0.000000    0.000000    0.000000    0.000000    0.000000    0.000000    0.000000    0.000000    0.000000
  -9.59320    0.000000    0.000000    0.000000    0.000000    0.000000    0.000000    0.000000    0.000000    0.000000    0.000000    0.000000
  -9.58720    0.000000    0.000000    0.000000    0.000000    0.000000    0.000000    0.000000    0.000000    0.000000    0.000000    0.000000
  -9.58119    0.000000    0.000000    0.000000    0.000000    0.000000    0.000000    0.000000    0.000000    0.000000    0.000000    0.000000
  -9.57519    0.000000    0.000000    0.000000    0.000000    0.000000    0.000000    0.000000    0.000000    0.000000    0.000000    0.000000
  -9.56919    0.000000    0.000000    0.000000    0.000000    0.000000    0.000000    0.000000    0.000000    0.000000    0.000000    0.000000
  -9.56319    0.000000    0.000000    0.000000    0.000000    0.000000    0.000000    0.000000    0.000000    0.000000    0.000000    0.000000
  -9.55719    0.000000    0.000000    0.000000    0.000000    0.000000    0.000000    0.000000    0.000000    0.000000    0.000000    0.000000
  -9.55118    0.000000    0.000000    0.000000    0.000000    0.000000    0.000000    0.000000    0.000000    0.000000    0.000000    0.000000
  -9.54518    0.000000    0.000000    0.000000    0.000000    0.000000    0.000000    0.000000    0.000000    0.000000    0.000000    0.000000
  -9.53918    0.000000    0.000000    0.000000    0.000000    0.000000    0.000000    0.000000    0.000000    0.000000    0.000000    0.000000
  -9.53318    0.000000    0.000000    0.000000    0.000000    0.000000    0.000000    0.000000    0.000000    0.000000    0.000000    0.000000
  -9.52718    0.000000    0.000000    0.000000    0.000000    0.000000    0.000000    0.000000    0.000000    0.000000    0.000000    0.000000
  -9.52117    0.000000    0.000000    0.000000    0.000000    0.000000    0.000000    0.000000    0.000000    0.000000    0.000000    0.000000
  -9.51517    0.000000    0.000000    0.000000    0.000000    0.000000    0.000000    0.000000    0.000000    0.000000    0.000000    0.000000
  -9.50917    0.000000    0.000000    0.000000    0.000000    0.000000    0.000000    0.000000    0.000000    0.000000    0.000000    0.000000
  -9.50317    0.000000    0.000000    0.000000    0.000000    0.000000    0.000000    0.000000    0.000000    0.000000    0.000000    0.000000
  -9.49717    0.000000    0.000000    0.000000    0.000000    0.000000    0.000000    0.000000    0.000000    0.000000    0.000000    0.000000
  -9.49116    0.000000    0.000000    0.000000    0.000000    0.000000    0.000000    0.000000    0.000000    0.000000    0.000000    0.000000
  -9.48516    0.000000    0.000000    0.000000    0.000000    0.000000    0.000000    0.000000    0.000000    0.000000    0.000000    0.000000
  -9.47916    0.000000    0.000000    0.000000    0.000000    0.000000    0.000000    0.000000    0.000000    0.000000    0.000000    0.000000
  -9.47316    0.000000    0.000000    0.000000    0.000000    0.000000    0.000000    0.000000    0.000000    0.000000    0.000000    0.000000
  -9.46716    0.000000    0.000000    0.000000    0.000000    0.000000    0.000000    0.000000    0.000000    0.000000    0.000000    0.000000
  -9.46115    0.000000    0.000000    0.000000    0.000000    0.000000    0.000000    0.000000    0.000000    0.000000    0.000000    0.000000
  -9.45515    0.000000    0.000000    0.000000    0.000000    0.000000    0.000000    0.000000    0.000000    0.000000    0.000000    0.000000
  -9.44915    0.000000    0.000000    0.000000    0.000000    0.000000    0.000000    0.000000    0.000000    0.000000    0.000000    0.000000
  -9.44315    0.000000    0.000000    0.000000    0.000000    0.000000    0.000000    0.000000    0.000000    0.000000    0.000000    0.000000
  -9.43715    0.000000    0.000000    0.000000    0.000000    0.000000    0.000000    0.000000    0.000000    0.000000    0.000000    0.000000
  -9.43114    0.000000    0.000000    0.000000    0.000000    0.000000    0.000000    0.000000    0.000000    0.000000    0.000000    0.000000
  -9.42514    0.000000    0.000000    0.000000    0.000000    0.000000    0.000000    0.000000    0.000000    0.000000    0.000000    0.000000
  -9.41914    0.000000    0.000000    0.000000    0.000000    0.000000    0.000000    0.000000    0.000000    0.000000    0.000000    0.000000
  -9.41314    0.000000    0.000000    0.000000    0.000000    0.000000    0.000000    0.000000    0.000000    0.000000    0.000000    0.000000
  -9.40714    0.000000    0.000000    0.000000    0.000000    0.000000    0.000000    0.000000    0.000000    0.000000    0.000000    0.000000
  -9.40113    0.000000    0.000000    0.000000    0.000000    0.000000    0.000000    0.000000    0.000000    0.000000    0.000000    0.000000
  -9.39513    0.000001    0.000000    0.000000    0.000000    0.000000    0.000000    0.000000    0.000000    0.000000    0.000000    0.000000
  -9.38913    0.000001    0.000000    0.000000    0.000000    0.000000    0.000000    0.000000    0.000000    0.000000    0.000000    0.000000
  -9.38313    0.000002    0.000000    0.000000    0.000000    0.000000    0.000000    0.000000    0.000000    0.000000    0.000000    0.000000
  -9.37713    0.000005    0.000000    0.000000    0.000000    0.000000    0.000000    0.000000    0.000000    0.000000    0.000000    0.000000
  -9.37112    0.000009    0.000000    0.000000    0.000000    0.000000    0.000000    0.000000    0.000000    0.000000    0.000000    0.000000
  -9.36512    0.000018    0.000000    0.000000    0.000000    0.000000    0.000000    0.000000    0.000000    0.000000    0.000000    0.000000
  -9.35912    0.000035    0.000000    0.000000    0.000000    0.000000    0.000000    0.000000    0.000000    0.000000    0.000000    0.000000
  -9.35312    0.000066    0.000000    0.000000    0.000000    0.000000    0.000000    0.000000    0.000000    0.000000    0.000000    0.000000
  -9.34712    0.000121    0.000000    0.000000    0.000000    0.000000    0.000000    0.000000    0.000000    0.000000    0.000000    0.000000
  -9.34111    0.000219    0.000000    0.000000    0.000000    0.000000    0.000000    0.000000    0.000000    0.000000    0.000000    0.000000
  -9.33511    0.000386    0.000000    0.000000    0.000000    0.000000    0.000000    0.000000    0.000000    0.000000    0.000000    0.000000
  -9.32911    0.000668    0.000000    0.000000    0.000000    0.000001    0.000000    0.000000    0.000000    0.000000    0.000000    0.000000
  -9.32311    0.001133    0.000000    0.000000    0.000000    0.000001    0.000000    0.000000    0.000000    0.000000    0.000000    0.000000
  -9.31711    0.001883    0.000000    0.000000    0.000000    0.000002    0.000000    0.000000    0.000000    0.000000    0.000000    0.000000
  -9.31110    0.003068    0.000001    0.000001    0.000000    0.000003    0.000000    0.000000    0.000000    0.000000    0.000000    0.000000
  -9.30510    0.004899    0.000001    0.000001    0.000000    0.000004    0.000000    0.000000    0.000000    0.000000    0.000000    0.000000
  -9.29910    0.007671    0.000002    0.000002    0.000000    0.000006    0.000000    0.000000    0.000000    0.000000    0.000000    0.000000
  -9.29310    0.011771    0.000003    0.000003    0.000000    0.000010    0.000000    0.000000    0.000000    0.000000    0.000000    0.000000
  -9.28710    0.017708    0.000004    0.000004    0.000000    0.000015    0.000000    0.000000    0.000000    0.000000    0.000000    0.000000
  -9.28109    0.026110    0.000006    0.000006    0.000000    0.000022    0.000000    0.000000    0.000000    0.000000    0.000000    0.000000
  -9.27509    0.037739    0.000008    0.000008    0.000000    0.000032    0.000000    0.000000    0.000000    0.000000    0.000000    0.000000
  -9.26909    0.053467    0.000012    0.000012    0.000000    0.000045    0.000000    0.000000    0.000000    0.000000    0.000000    0.000000
  -9.26309    0.074252    0.000016    0.000016    0.000000    0.000062    0.000000    0.000000    0.000000    0.000000    0.000000    0.000000
  -9.25709    0.101079    0.000022    0.000022    0.000000    0.000085    0.000000    0.000000    0.000000    0.000000    0.000000    0.000000
  -9.25108    0.134876    0.000030    0.000030    0.000000    0.000113    0.000000    0.000000    0.000000    0.000000    0.000000    0.000000
  -9.24508    0.176414    0.000039    0.000039    0.000000    0.000148    0.000000    0.000000    0.000000    0.000000    0.000000    0.000000
  -9.23908    0.226181    0.000050    0.000050    0.000000    0.000190    0.000000    0.000000    0.000000    0.000000    0.000000    0.000000
  -9.23308    0.284253    0.000063    0.000063    0.000000    0.000239    0.000000    0.000000    0.000000    0.000000    0.000000    0.000000
  -9.22708    0.350169    0.000077    0.000077    0.000000    0.000294    0.000000    0.000000    0.000000    0.000000    0.000000    0.000000
  -9.22107    0.422838    0.000093    0.000093    0.000000    0.000355    0.000000    0.000000    0.000000    0.000000    0.000000    0.000000
  -9.21507    0.500490    0.000111    0.000111    0.000000    0.000420    0.000000    0.000000    0.000000    0.000000    0.000000    0.000000
  -9.20907    0.580687    0.000128    0.000128    0.000000    0.000488    0.000000    0.000000    0.000000    0.000000    0.000000    0.000000
  -9.20307    0.660408    0.000146    0.000146    0.000000    0.000555    0.000000    0.000000    0.000000    0.000000    0.000000    0.000000
  -9.19707    0.736220    0.000163    0.000163    0.000000    0.000618    0.000000    0.000000    0.000000    0.000000    0.000000    0.000000
  -9.19106    0.804503    0.000178    0.000178    0.000000    0.000676    0.000000    0.000000    0.000000    0.000000    0.000000    0.000000
  -9.18506    0.861731    0.000190    0.000190    0.000000    0.000724    0.000000    0.000000    0.000000    0.000000    0.000000    0.000000
  -9.17906    0.904775    0.000200    0.000200    0.000000    0.000760    0.000000    0.000000    0.000000    0.000000    0.000000    0.000000
  -9.17306    0.931181    0.000206    0.000206    0.000000    0.000782    0.000000    0.000000    0.000000    0.000000    0.000000    0.000000
  -9.16706    0.939404    0.000208    0.000208    0.000000    0.000789    0.000000    0.000000    0.000000    0.000000    0.000000    0.000000
  -9.16105    0.928955    0.000205    0.000205    0.000000    0.000780    0.000000    0.000000    0.000000    0.000000    0.000000    0.000000
  -9.15505    0.900455    0.000199    0.000199    0.000000    0.000756    0.000000    0.000000    0.000000    0.000000    0.000000    0.000000
  -9.14905    0.855566    0.000189    0.000189    0.000000    0.000718    0.000000    0.000000    0.000000    0.000000    0.000000    0.000000
  -9.14305    0.796837    0.000176    0.000176    0.000000    0.000669    0.000000    0.000000    0.000000    0.000000    0.000000    0.000000
  -9.13705    0.727462    0.000161    0.000161    0.000000    0.000611    0.000000    0.000000    0.000000    0.000000    0.000000    0.000000
  -9.13104    0.650992    0.000144    0.000144    0.000000    0.000547    0.000000    0.000000    0.000000    0.000000    0.000000    0.000000
  -9.12504    0.571039    0.000126    0.000126    0.000000    0.000479    0.000000    0.000000    0.000000    0.000000    0.000000    0.000000
  -9.11904    0.490998    0.000109    0.000109    0.000000    0.000412    0.000000    0.000000    0.000000    0.000000    0.000000    0.000000
  -9.11304    0.413827    0.000091    0.000091    0.000000    0.000347    0.000000    0.000000    0.000000    0.000000    0.000000    0.000000
  -9.10704    0.341887    0.000076    0.000076    0.000000    0.000287    0.000000    0.000000    0.000000    0.000000    0.000000    0.000000
  -9.10103    0.276867    0.000061    0.000061    0.000000    0.000232    0.000000    0.000000    0.000000    0.000000    0.000000    0.000000
  -9.09503    0.219778    0.000049    0.000049    0.000000    0.000185    0.000000    0.000000    0.000000    0.000000    0.000000    0.000000
  -9.08903    0.171010    0.000038    0.000038    0.000000    0.000144    0.000000    0.000000    0.000000    0.000000    0.000000    0.000000
  -9.08303    0.130433    0.000029    0.000029    0.000000    0.000110    0.000000    0.000000    0.000000    0.000000    0.000000    0.000000
  -9.07703    0.097517    0.000022    0.000022    0.000000    0.000082    0.000000    0.000000    0.000000    0.000000    0.000000    0.000000
  -9.07102    0.071469    0.000016    0.000016    0.000000    0.000060    0.000000    0.000000    0.000000    0.000000    0.000000    0.000000
  -9.06502    0.051348    0.000011    0.000011    0.000000    0.000043    0.000000    0.000000    0.000000    0.000000    0.000000    0.000000
  -9.05902    0.036172    0.000008    0.000008    0.000000    0.000030    0.000000    0.000000    0.000000    0.000000    0.000000    0.000000
  -9.05302    0.024999    0.000006    0.000006    0.000000    0.000021    0.000000    0.000000    0.000000    0.000000    0.000000    0.000000
  -9.04702    0.016976    0.000004    0.000004    0.000000    0.000014    0.000000    0.000000    0.000000    0.000000    0.000000    0.000000
  -9.04101    0.011377    0.000003    0.000003    0.000000    0.000010    0.000000    0.000000    0.000000    0.000000    0.000000    0.000000
  -9.03501    0.007617    0.000002    0.000002    0.000000    0.000007    0.000000    0.000000    0.000000    0.000000    0.000000    0.000000
  -9.02901    0.005257    0.000002    0.000002    0.000000    0.000005    0.000000    0.000000    0.000000    0.000000    0.000000    0.000000
  -9.02301    0.004003    0.000002    0.000002    0.000000    0.000004    0.000000    0.000000    0.000000    0.000000    0.000000    0.000000
  -9.01701    0.003711    0.000002    0.000002    0.000000    0.000004    0.000000    0.000000    0.000000    0.000000    0.000000    0.000000
  -9.01100    0.004389    0.000003    0.000003    0.000000    0.000005    0.000000    0.000000    0.000000    0.000000    0.000000    0.000000
  -9.00500    0.006219    0.000005    0.000005    0.000000    0.000007    0.000000    0.000000    0.000000    0.000000    0.000000    0.000000
  -8.99900    0.009582    0.000008    0.000008    0.000000    0.000011    0.000000    0.000000    0.000000    0.000000    0.000000    0.000000
  -8.99300    0.015107    0.000012    0.000012    0.000000    0.000018    0.000000    0.000000    0.000000    0.000000    0.000000    0.000000
  -8.98700    0.023721    0.000020    0.000020    0.000000    0.000028    0.000000    0.000000    0.000000    0.000000    0.000000    0.000000
  -8.98099    0.036721    0.000030    0.000030    0.000000    0.000044    0.000000    0.000000    0.000000    0.000000    0.000000    0.000000
  -8.97499    0.055832    0.000046    0.000046    0.000000    0.000067    0.000000    0.000000    0.000000    0.000000    0.000000    0.000000
  -8.96899    0.083270    0.000069    0.000069    0.000000    0.000100    0.000000    0.000000    0.000000    0.000000    0.000000    0.000000
  -8.96299    0.121766    0.000101    0.000101    0.000000    0.000146    0.000000    0.000000    0.000000    0.000000    0.000000    0.000000
  -8.95699    0.174553    0.000145    0.000145    0.000000    0.000209    0.000000    0.000000    0.000000    0.000000    0.000000    0.000000
  -8.95098    0.245281    0.000203    0.000203    0.000000    0.000294    0.000000    0.000000    0.000000    0.000000    0.000000    0.000000
  -8.94498    0.337855    0.000280    0.000280    0.000000    0.000405    0.000000    0.000000    0.000000    0.000000    0.000000    0.000000
  -8.93898    0.456166    0.000378    0.000378    0.000000    0.000547    0.000000    0.000000    0.000000    0.000000    0.000000    0.000000
  -8.93298    0.603727    0.000501    0.000501    0.000000    0.000724    0.000000    0.000000    0.000000    0.000000    0.000000    0.000000
  -8.92698    0.783219    0.000650    0.000650    0.000000    0.000939    0.000000    0.000000    0.000000    0.000000    0.000000    0.000000
  -8.92097    0.995979    0.000826    0.000826    0.000000    0.001194    0.000000    0.000000    0.000000    0.000000    0.000000    0.000000
  -8.91497    1.241486    0.001030    0.001030    0.000000    0.001488    0.000000    0.000000    0.000000    0.000000    0.000000    0.000000
  -8.90897    1.516904    0.001258    0.001258    0.000000    0.001819    0.000000    0.000000    0.000000    0.000000    0.000000    0.000000
  -8.90297    1.816765    0.001507    0.001507    0.000000    0.002178    0.000000    0.000000    0.000000    0.000000    0.000000    0.000000
  -8.89697    2.132869    0.001769    0.001769    0.000000    0.002557    0.000000    0.000000    0.000000    0.000000    0.000000    0.000000
  -8.89096    2.454449    0.002036    0.002036    0.000000    0.002942    0.000000    0.000000    0.000000    0.000000    0.000000    0.000000
  -8.88496    2.768652    0.002297    0.002297    0.000000    0.003319    0.000000    0.000000    0.000000    0.000000    0.000000    0.000000
  -8.87896    3.061310    0.002539    0.002539    0.000000    0.003670    0.000000    0.000000    0.000000    0.000000    0.000000    0.000000
  -8.87296    3.317957    0.002752    0.002752    0.000000    0.003978    0.000000    0.000000    0.000000    0.000000    0.000000    0.000000
  -8.86696    3.524997    0.002924    0.002924    0.000000    0.004226    0.000000    0.000000    0.000000    0.000000    0.000000    0.000000
  -8.86095    3.670890    0.003045    0.003045    0.000000    0.004401    0.000000    0.000000    0.000000    0.000000    0.000000    0.000000
  -8.85495    3.747214    0.003108    0.003108    0.000000    0.004492    0.000000    0.000000    0.000000    0.000000    0.000000    0.000000
  -8.84895    3.749473    0.003110    0.003110    0.000000    0.004495    0.000000    0.000000    0.000000    0.000000    0.000000    0.000000
  -8.84295    3.677532    0.003050    0.003050    0.000000    0.004409    0.000000    0.000000    0.000000    0.000000    0.000000    0.000000
  -8.83695    3.535634    0.002933    0.002933    0.000000    0.004239    0.000000    0.000000    0.000000    0.000000    0.000000    0.000000
  -8.83094    3.331982    0.002764    0.002764    0.000000    0.003995    0.000000    0.000000    0.000000    0.000000    0.000000    0.000000
  -8.82494    3.077957    0.002553    0.002553    0.000000    0.003690    0.000000    0.000000    0.000000    0.000000    0.000000    0.000000
  -8.81894    2.787065    0.002312    0.002312    0.000000    0.003341    0.000000    0.000000    0.000000    0.000000    0.000000    0.000000
  -8.81294    2.473752    0.002052    0.002052    0.000000    0.002966    0.000000    0.000000    0.000000    0.000000    0.000000    0.000000
  -8.80694    2.152235    0.001785    0.001785    0.000000    0.002580    0.000000    0.000000    0.000000    0.000000    0.000000    0.000000
  -8.80093    1.835472    0.001522    0.001522    0.000000    0.002200    0.000000    0.000000    0.000000    0.000000    0.000000    0.000000
  -8.79493    1.534371    0.001273    0.001273    0.000000    0.001839    0.000000    0.000000    0.000000    0.000000    0.000000    0.000000
  -8.78893    1.257297    0.001043    0.001043    0.000000    0.001507    0.000000    0.000000    0.000000    0.000000    0.000000    0.000000
  -8.78293    1.009879    0.000838    0.000838    0.000000    0.001211    0.000000    0.000000    0.000000    0.000000    0.000000    0.000000
  -8.77693    0.795108    0.000660    0.000660    0.000000    0.000953    0.000000    0.000000    0.000000    0.000000    0.000000    0.000000
  -8.77092    0.613631    0.000509    0.000509    0.000000    0.000736    0.000000    0.000000    0.000000    0.000000    0.000000    0.000000
  -8.76492    0.464209    0.000385    0.000385    0.000000    0.000557    0.000000    0.000000    0.000000    0.000000    0.000000    0.000000
  -8.75892    0.344227    0.000286    0.000286    0.000000    0.000413    0.000000    0.000000    0.000000    0.000000    0.000000    0.000000
  -8.75292    0.250210    0.000208    0.000208    0.000000    0.000300    0.000000    0.000000    0.000000    0.000000    0.000000    0.000000
  -8.74692    0.178278    0.000148    0.000148    0.000000    0.000214    0.000000    0.000000    0.000000    0.000000    0.000000    0.000000
  -8.74091    0.124521    0.000103    0.000103    0.000000    0.000149    0.000000    0.000000    0.000000    0.000000    0.000000    0.000000
  -8.73491    0.085270    0.000071    0.000071    0.000000    0.000102    0.000000    0.000000    0.000000    0.000000    0.000000    0.000000
  -8.72891    0.057267    0.000048    0.000048    0.000000    0.000069    0.000000    0.000000    0.000000    0.000000    0.000000    0.000000
  -8.72291    0.037759    0.000031    0.000031    0.000000    0.000045    0.000000    0.000000    0.000000    0.000000    0.000000    0.000000
  -8.71691    0.024515    0.000020    0.000020    0.000000    0.000030    0.000000    0.000000    0.000000    0.000000    0.000000    0.000000
  -8.71090    0.015805    0.000013    0.000013    0.000000    0.000019    0.000000    0.000000    0.000000    0.000000    0.000000    0.000000
  -8.70490    0.010353    0.000009    0.000009    0.000000    0.000013    0.000000    0.000000    0.000000    0.000000    0.000000    0.000000
  -8.69890    0.007278    0.000007    0.000007    0.000000    0.000010    0.000000    0.000000    0.000000    0.000000    0.000000    0.000000
  -8.69290    0.006048    0.000006    0.000006    0.000000    0.000009    0.000000    0.000000    0.000000    0.000000    0.000000    0.000000
  -8.68690    0.006441    0.000008    0.000008    0.000000    0.000011    0.000000    0.000000    0.000000    0.000000    0.000000    0.000000
  -8.68089    0.008528    0.000011    0.000011    0.000000    0.000016    0.000000    0.000000    0.000000    0.000000    0.000000    0.000000
  -8.67489    0.012681    0.000017    0.000017    0.000000    0.000024    0.000000    0.000000    0.000000    0.000000    0.000000    0.000000
  -8.66889    0.019597    0.000026    0.000026    0.000000    0.000037    0.000000    0.000000    0.000000    0.000000    0.000000    0.000000
  -8.66289    0.030342    0.000040    0.000040    0.000000    0.000058    0.000000    0.000000    0.000000    0.000000    0.000000    0.000000
  -8.65689    0.046409    0.000062    0.000062    0.000000    0.000089    0.000000    0.000000    0.000000    0.000000    0.000000    0.000000
  -8.65088    0.069768    0.000093    0.000093    0.000000    0.000134    0.000000    0.000000    0.000000    0.000000    0.000000    0.000000
  -8.64488    0.102905    0.000137    0.000137    0.000000    0.000197    0.000000    0.000000    0.000000    0.000000    0.000000    0.000000
  -8.63888    0.148829    0.000198    0.000198    0.000000    0.000285    0.000000    0.000000    0.000000    0.000000    0.000000    0.000000
  -8.63288    0.211012    0.000281    0.000281    0.000000    0.000404    0.000000    0.000000    0.000000    0.000000    0.000000    0.000000
  -8.62688    0.293271    0.000391    0.000391    0.000000    0.000562    0.000000    0.000000    0.000000    0.000000    0.000000    0.000000
  -8.62087    0.399540    0.000533    0.000533    0.000000    0.000766    0.000000    0.000000    0.000000    0.000000    0.000000    0.000000
  -8.61487    0.533555    0.000712    0.000712    0.000000    0.001023    0.000000    0.000000    0.000000    0.000000    0.000000    0.000000
  -8.60887    0.698430    0.000931    0.000931    0.000000    0.001339    0.000000    0.000000    0.000000    0.000000    0.000000    0.000000
  -8.60287    0.896173    0.001195    0.001195    0.000000    0.001718    0.000000    0.000000    0.000000    0.000000    0.000000    0.000000
  -8.59687    1.127161    0.001503    0.001503    0.000000    0.002161    0.000000    0.000000    0.000000    0.000000    0.000000    0.000000
  -8.59086    1.389650    0.001853    0.001853    0.000000    0.002664    0.000000    0.000000    0.000000    0.000000    0.000000    0.000000
  -8.58486    1.679385    0.002240    0.002240    0.000000    0.003219    0.000000    0.000000    0.000000    0.000000    0.000000    0.000000
  -8.57886    1.989397    0.002653    0.002653    0.000000    0.003813    0.000000    0.000000    0.000000    0.000000    0.000000    0.000000
  -8.57286    2.310041    0.003081    0.003081    0.000000    0.004428    0.000000    0.000000    0.000000    0.000000    0.000000    0.000000
  -8.56686    2.629341    0.003506    0.003506    0.000000    0.005040    0.000000    0.000000    0.000000    0.000000    0.000000    0.000000
  -8.56085    2.933631    0.003912    0.003912    0.000000    0.005623    0.000000    0.000000    0.000000    0.000000    0.000000    0.000000
  -8.55485    3.208480    0.004279    0.004279    0.000000    0.006150    0.000000    0.000000    0.000000    0.000000    0.000000    0.000000
  -8.54885    3.439813    0.004587    0.004587    0.000000    0.006593    0.000000    0.000000    0.000000    0.000000    0.000000    0.000000
  -8.54285    3.615115    0.004820    0.004820    0.000000    0.006928    0.000000    0.000000    0.000000    0.000000    0.000000    0.000000
  -8.53685    3.724580    0.004966    0.004966    0.000000    0.007137    0.000000    0.000000    0.000000    0.000000    0.000000    0.000000
  -8.53084    3.762062    0.005015    0.005015    0.000000    0.007208    0.000000    0.000000    0.000000    0.000000    0.000000    0.000000
  -8.52484    3.725704    0.004966    0.004966    0.000000    0.007136    0.000000    0.000000    0.000000    0.000000    0.000000    0.000000
  -8.51884    3.618172    0.004820    0.004820    0.000000    0.006927    0.000000    0.000000    0.000000    0.000000    0.000000    0.000000
  -8.51284    3.446435    0.004589    0.004589    0.000000    0.006593    0.000000    0.000000    0.000000    0.000000    0.000000    0.000000
  -8.50684    3.221162    0.004285    0.004285    0.000000    0.006154    0.000000    0.000000    0.000000    0.000000    0.000000    0.000000
  -8.50083    2.955768    0.003926    0.003926    0.000000    0.005636    0.000000    0.000000    0.000000    0.000000    0.000000    0.000000
  -8.49483    2.665271    0.003532    0.003532    0.000000    0.005066    0.000000    0.000000    0.000000    0.000000    0.000000    0.000000
  -8.48883    2.365071    0.003123    0.003123    0.000000    0.004474    0.000000    0.000000    0.000000    0.000000    0.000000    0.000000
  -8.48283    2.069788    0.002718    0.002718    0.000000    0.003886    0.000000    0.000000    0.000000    0.000000    0.000000    0.000000
  -8.47683    1.792285    0.002333    0.002333    0.000000    0.003326    0.000000    0.000000    0.000000    0.000000    0.000000    0.000000
  -8.47082    1.542937    0.001982    0.001982    0.000000    0.002813    0.000000    0.000000    0.000000    0.000000    0.000000    0.000000
  -8.46482    1.329185    0.001675    0.001675    0.000000    0.002362    0.000000    0.000000    0.000000    0.000000    0.000000    0.000000
  -8.45882    1.155378    0.001418    0.001418    0.000000    0.001980    0.000000    0.000000    0.000000    0.000000    0.000000    0.000000
  -8.45282    1.022864    0.001212    0.001212    0.000000    0.001670    0.000000    0.000000    0.000000    0.000000    0.000000    0.000000
  -8.44682    0.930277    0.001056    0.001056    0.000000    0.001430    0.000000    0.000000    0.000000    0.000000    0.000000    0.000000
  -8.44081    0.873969    0.000946    0.000946    0.000000    0.001255    0.000000    0.000000    0.000000    0.000000    0.000000    0.000000
  -8.43481    0.848526    0.000875    0.000875    0.000000    0.001136    0.000000    0.000000    0.000000    0.000000    0.000000    0.000000
  -8.42881    0.847322    0.000837    0.000837    0.000000    0.001063    0.000000    0.000000    0.000000    0.000000    0.000000    0.000000
  -8.42281    0.863077    0.000822    0.000822    0.000000    0.001026    0.000000    0.000000    0.000000    0.000000    0.000000    0.000000
  -8.41681    0.888385    0.000824    0.000824    0.000000    0.001012    0.000000    0.000000    0.000000    0.000000    0.000000    0.000000
  -8.41080    0.916203    0.000833    0.000833    0.000000    0.001013    0.000000    0.000000    0.000000    0.000000    0.000000    0.000000
  -8.40480    0.940269    0.000843    0.000843    0.000000    0.001017    0.000000    0.000000    0.000000    0.000000    0.000000    0.000000
  -8.39880    0.955438    0.000849    0.000849    0.000000    0.001019    0.000000    0.000000    0.000000    0.000000    0.000000    0.000000
  -8.39280    0.957917    0.000847    0.000847    0.000000    0.001012    0.000000    0.000000    0.000000    0.000000    0.000000    0.000000
  -8.38680    0.945398    0.000832    0.000832    0.000000    0.000993    0.000000    0.000000    0.000000    0.000000    0.000000    0.000000
  -8.38079    0.917062    0.000806    0.000806    0.000000    0.000960    0.000000    0.000000    0.000000    0.000000    0.000000    0.000000
  -8.37479    0.873478    0.000766    0.000766    0.000000    0.000912    0.000000    0.000000    0.000000    0.000000    0.000000    0.000000
  -8.36879    0.816395    0.000715    0.000715    0.000000    0.000851    0.000000    0.000000    0.000000    0.000000    0.000000    0.000000
  -8.36279    0.748464    0.000655    0.000655    0.000000    0.000779    0.000000    0.000000    0.000000    0.000000    0.000000    0.000000
  -8.35679    0.672905    0.000589    0.000589    0.000000    0.000700    0.000000    0.000000    0.000000    0.000000    0.000000    0.000000
  -8.35078    0.593170    0.000519    0.000519    0.000000    0.000617    0.000000    0.000000    0.000000    0.000000    0.000000    0.000000
  -8.34478    0.512629    0.000449    0.000449    0.000000    0.000533    0.000000    0.000000    0.000000    0.000000    0.000000    0.000000
  -8.33878    0.434308    0.000380    0.000380    0.000000    0.000452    0.000000    0.000000    0.000000    0.000000    0.000000    0.000000
  -8.33278    0.360701    0.000316    0.000316    0.000000    0.000375    0.000000    0.000000    0.000000    0.000000    0.000000    0.000000
  -8.32678    0.293657    0.000257    0.000257    0.000000    0.000305    0.000000    0.000000    0.000000    0.000000    0.000000    0.000000
  -8.32077    0.234352    0.000205    0.000205    0.000000    0.000244    0.000000    0.000000    0.000000    0.000000    0.000000    0.000000
  -8.31477    0.183329    0.000160    0.000160    0.000000    0.000191    0.000000    0.000000    0.000000    0.000000    0.000000    0.000000
  -8.30877    0.140581    0.000123    0.000123    0.000000    0.000146    0.000000    0.000000    0.000000    0.000000    0.000000    0.000000
  -8.30277    0.105673    0.000092    0.000092    0.000000    0.000110    0.000000    0.000000    0.000000    0.000000    0.000000    0.000000
  -8.29677    0.077867    0.000068    0.000068    0.000000    0.000081    0.000000    0.000000    0.000000    0.000000    0.000000    0.000000
  -8.29076    0.056255    0.000049    0.000049    0.000000    0.000059    0.000000    0.000000    0.000000    0.000000    0.000000    0.000000
  -8.28476    0.039860    0.000035    0.000035    0.000000    0.000042    0.000000    0.000000    0.000000    0.000000    0.000000    0.000000
  -8.27876    0.027728    0.000024    0.000024    0.000000    0.000029    0.000000    0.000000    0.000000    0.000000    0.000000    0.000000
  -8.27276    0.018990    0.000017    0.000017    0.000000    0.000020    0.000000    0.000000    0.000000    0.000000    0.000000    0.000000
  -8.26676    0.012900    0.000012    0.000012    0.000000    0.000015    0.000000    0.000000    0.000000    0.000000    0.000000    0.000000
  -8.26075    0.008863    0.000008    0.000008    0.000000    0.000012    0.000000    0.000000    0.000000    0.000000    0.000000    0.000000
  -8.25475    0.006449    0.000007    0.000007    0.000000    0.000011    0.000000    0.000000    0.000000    0.000000    0.000000    0.000000
  -8.24875    0.005394    0.000007    0.000007    0.000000    0.000013    0.000000    0.000000    0.000000    0.000000    0.000000    0.000000
  -8.24275    0.005621    0.000009    0.000009    0.000000    0.000018    0.000000    0.000000    0.000000    0.000000    0.000000    0.000000
  -8.23675    0.007249    0.000012    0.000012    0.000000    0.000028    0.000000    0.000000    0.000000    0.000000    0.000000    0.000000
  -8.23074    0.010629    0.000019    0.000019    0.000000    0.000045    0.000000    0.000000    0.000000    0.000000    0.000000    0.000000
  -8.22474    0.016382    0.000030    0.000030    0.000000    0.000071    0.000000    0.000000    0.000000    0.000000    0.000000    0.000000
  -8.21874    0.025451    0.000047    0.000047    0.000000    0.000112    0.000000    0.000000    0.000000    0.000000    0.000000    0.000000
  -8.21274    0.039170    0.000073    0.000073    0.000000    0.000173    0.000000    0.000000    0.000000    0.000000    0.000000    0.000000
  -8.20674    0.059319    0.000111    0.000111    0.000000    0.000263    0.000000    0.000000    0.000000    0.000000    0.000000    0.000000
  -8.20073    0.088179    0.000165    0.000165    0.000000    0.000391    0.000000    0.000000    0.000000    0.000000    0.000000    0.000000
  -8.19473    0.128553    0.000241    0.000241    0.000000    0.000570    0.000000    0.000000    0.000000    0.000000    0.000000    0.000000
  -8.18873    0.183742    0.000345    0.000345    0.000000    0.000815    0.000000    0.000000    0.000000    0.000000    0.000000    0.000000
  -8.18273    0.257452    0.000483    0.000483    0.000000    0.001141    0.000000    0.000000    0.000000    0.000000    0.000000    0.000000
  -8.17673    0.353615    0.000663    0.000663    0.000000    0.001568    0.000000    0.000000    0.000000    0.000000    0.000000    0.000000
  -8.17072    0.476112    0.000893    0.000893    0.000000    0.002111    0.000000    0.000000    0.000000    0.000000    0.000000    0.000000
  -8.16472    0.628402    0.001179    0.001179    0.000000    0.002786    0.000000    0.000000    0.000000    0.000000    0.000000    0.000000
  -8.15872    0.813063    0.001526    0.001526    0.000000    0.003605    0.000000    0.000000    0.000000    0.000000    0.000000    0.000000
  -8.15272    1.031291    0.001936    0.001936    0.000000    0.004572    0.000000    0.000000    0.000000    0.000000    0.000000    0.000000
  -8.14672    1.282411    0.002408    0.002408    0.000000    0.005686    0.000000    0.000000    0.000000    0.000000    0.000000    0.000000
  -8.14071    1.563462    0.002938    0.002938    0.000000    0.006932    0.000000    0.000000    0.000000    0.000000    0.000000    0.000000
  -8.13471    1.868950    0.003515    0.003515    0.000000    0.008288    0.000000    0.000000    0.000000    0.000000    0.000000    0.000000
  -8.12871    2.190824    0.004126    0.004126    0.000000    0.009716    0.000000    0.000000    0.000000    0.000000    0.000000    0.000000
  -8.12271    2.518757    0.004752    0.004752    0.000000    0.011173    0.000000    0.000000    0.000000    0.000000    0.000000    0.000000
  -8.11671    2.840729    0.005373    0.005373    0.000000    0.012604    0.000000    0.000000    0.000000    0.000000    0.000000    0.000000
  -8.11070    3.143919    0.005967    0.005967    0.000000    0.013955    0.000000    0.000000    0.000000    0.000000    0.000000    0.000000
  -8.10470    3.415814    0.006514    0.006514    0.000000    0.015169    0.000000    0.000000    0.000000    0.000000    0.000000    0.000000
  -8.09870    3.645446    0.006998    0.006998    0.000000    0.016200    0.000000    0.000000    0.000000    0.000000    0.000000    0.000000
  -8.09270    3.824580    0.007407    0.007407    0.000000    0.017012    0.000000    0.000000    0.000000    0.000000    0.000000    0.000000
  -8.08670    3.948719    0.007741    0.007741    0.000000    0.017587    0.000000    0.000000    0.000000    0.000000    0.000000    0.000000
  -8.08069    4.017752    0.008003    0.008003    0.000000    0.017925    0.000000    0.000000    0.000000    0.000000    0.000000    0.000000
  -8.07469    4.036129    0.008211    0.008211    0.000000    0.018049    0.000000    0.000000    0.000000    0.000000    0.000000    0.000000
  -8.06869    4.012519    0.008386    0.008386    0.000000    0.017998    0.000000    0.000000    0.000000    0.000000    0.000000    0.000000
  -8.06269    3.958930    0.008558    0.008558    0.000000    0.017826    0.000000    0.000000    0.000000    0.000000    0.000000    0.000000
  -8.05669    3.889406    0.008755    0.008755    0.000000    0.017598    0.000000    0.000000    0.000000    0.000000    0.000000    0.000000
  -8.05068    3.818426    0.009006    0.009006    0.000000    0.017377    0.000000    0.000000    0.000000    0.000000    0.000000    0.000000
  -8.04468    3.759208    0.009335    0.009335    0.000000    0.017221    0.000000    0.000000    0.000000    0.000000    0.000000    0.000000
  -8.03868    3.722136    0.009754    0.009754    0.000000    0.017176    0.000000    0.000000    0.000000    0.000000    0.000000    0.000000
  -8.03268    3.713508    0.010263    0.010263    0.000000    0.017266    0.000000    0.000000    0.000000    0.000000    0.000000    0.000000
  -8.02668    3.734771    0.010851    0.010851    0.000000    0.017493    0.000000    0.000000    0.000000    0.000000    0.000000    0.000000
  -8.02067    3.782347    0.011491    0.011491    0.000000    0.017838    0.000000    0.000000    0.000000    0.000000    0.000000    0.000000
  -8.01467    3.848064    0.012143    0.012143    0.000000    0.018258    0.000000    0.000000    0.000000    0.000000    0.000000    0.000000
  -8.00867    3.920151    0.012763    0.012763    0.000000    0.018696    0.000000    0.000000    0.000000    0.000000    0.000000    0.000000
  -8.00267    3.984645    0.013297    0.013297    0.000000    0.019082    0.000000    0.000000    0.000000    0.000000    0.000000    0.000000
  -7.99667    4.027049    0.013698    0.013698    0.000000    0.019349    0.000000    0.000000    0.000000    0.000000    0.000000    0.000000
  -7.99066    4.034006    0.013922    0.013922    0.000000    0.019431    0.000000    0.000000    0.000000    0.000000    0.000000    0.000000
  -7.98466    3.994799    0.013937    0.013937    0.000000    0.019279    0.000000    0.000000    0.000000    0.000000    0.000000    0.000000
  -7.97866    3.902488    0.013724    0.013724    0.000000    0.018860    0.000000    0.000000    0.000000    0.000000    0.000000    0.000000
  -7.97266    3.754566    0.013281    0.013281    0.000000    0.018164    0.000000    0.000000    0.000000    0.000000    0.000000    0.000000
  -7.96666    3.553079    0.012622    0.012622    0.000000    0.017202    0.000000    0.000000    0.000000    0.000000    0.000000    0.000000
  -7.96065    3.304238    0.011774    0.011774    0.000000    0.016006    0.000000    0.000000    0.000000    0.000000    0.000000    0.000000
  -7.95465    3.017604    0.010776    0.010776    0.000000    0.014624    0.000000    0.000000    0.000000    0.000000    0.000000    0.000000
  -7.94865    2.704995    0.009675    0.009675    0.000000    0.013113    0.000000    0.000000    0.000000    0.000000    0.000000    0.000000
  -7.94265    2.379265    0.008519    0.008519    0.000000    0.011537    0.000000    0.000000    0.000000    0.000000    0.000000    0.000000
  -7.93665    2.053115    0.007357    0.007357    0.000000    0.009958    0.000000    0.000000    0.000000    0.000000    0.000000    0.000000
  -7.93064    1.738094    0.006231    0.006231    0.000000    0.008434    0.000000    0.000000    0.000000    0.000000    0.000000    0.000000
  -7.92464    1.443853    0.005177    0.005177    0.000000    0.007011    0.000000    0.000000    0.000000    0.000000    0.000000    0.000000
  -7.91864    1.177735    0.004221    0.004221    0.000000    0.005726    0.000000    0.000000    0.000000    0.000000    0.000000    0.000000
  -7.91264    0.944678    0.003382    0.003382    0.000000    0.004604    0.000000    0.000000    0.000000    0.000000    0.000000    0.000000
  -7.90664    0.747400    0.002669    0.002669    0.000000    0.003660    0.000000    0.000000    0.000000    0.000000    0.000000    0.000000
  -7.90063    0.586797    0.002085    0.002085    0.000000    0.002902    0.000000    0.000000    0.000000    0.000000    0.000000    0.000000
  -7.89463    0.462475    0.001627    0.001627    0.000000    0.002329    0.000000    0.000000    0.000000    0.000000    0.000000    0.000000
  -7.88863    0.373317    0.001290    0.001290    0.000000    0.001940    0.000000    0.000000    0.000000    0.000000    0.000000    0.000000
  -7.88263    0.318029    0.001067    0.001067    0.000000    0.001734    0.000000    0.000000    0.000000    0.000000    0.000000    0.000000
  -7.87663    0.295579    0.000952    0.000952    0.000000    0.001712    0.000000    0.000000    0.000000    0.000000    0.000000    0.000000
  -7.87062    0.305503    0.000941    0.000941    0.000000    0.001878    0.000000    0.000000    0.000000    0.000000    0.000000    0.000000
  -7.86462    0.348033    0.001033    0.001033    0.000000    0.002241    0.000000    0.000000    0.000000    0.000000    0.000000    0.000000
  -7.85862    0.424046    0.001226    0.001226    0.000000    0.002813    0.000000    0.000000    0.000000    0.000000    0.000000    0.000000
  -7.85262    0.534840    0.001522    0.001522    0.000000    0.003610    0.000000    0.000000    0.000000    0.000000    0.000000    0.000000
  -7.84662    0.681755    0.001924    0.001924    0.000000    0.004643    0.000000    0.000000    0.000000    0.000000    0.000000    0.000000
  -7.84061    0.865681    0.002434    0.002434    0.000000    0.005923    0.000000    0.000000    0.000000    0.000000    0.000000    0.000000
  -7.83461    1.086521    0.003050    0.003050    0.000000    0.007451    0.000000    0.000000    0.000000    0.000000    0.000000    0.000000
  -7.82861    1.342672    0.003768    0.003768    0.000000    0.009218    0.000000    0.000000    0.000000    0.000000    0.000000    0.000000
  -7.82261    1.630614    0.004578    0.004578    0.000000    0.011203    0.000000    0.000000    0.000000    0.000000    0.000000    0.000000
  -7.81661    1.944694    0.005466    0.005466    0.000000    0.013366    0.000000    0.000000    0.000000    0.000000    0.000000    0.000000
  -7.81060    2.277178    0.006411    0.006411    0.000000    0.015656    0.000000    0.000000    0.000000    0.000000    0.000000    0.000000
  -7.80460    2.618616    0.007390    0.007390    0.000000    0.018009    0.000000    0.000000    0.000000    0.000000    0.000000    0.000000
  -7.79860    2.958534    0.008378    0.008378    0.000000    0.020354    0.000000    0.000000    0.000000    0.000000    0.000000    0.000000
  -7.79260    3.286404    0.009348    0.009348    0.000000    0.022620    0.000000    0.000000    0.000000    0.000000    0.000000    0.000000
  -7.78660    3.592811    0.010282    0.010282    0.000000    0.024743    0.000000    0.000000    0.000000    0.000000    0.000000    0.000000
  -7.78059    3.870643    0.011165    0.011165    0.000000    0.026678    0.000000    0.000000    0.000000    0.000000    0.000000    0.000000
  -7.77459    4.116171    0.011996    0.011996    0.000000    0.028399    0.000000    0.000000    0.000000    0.000000    0.000000    0.000000
  -7.76859    4.329788    0.012785    0.012785    0.000000    0.029913    0.000000    0.000000    0.000000    0.000000    0.000000    0.000000
  -7.76259    4.516279    0.013554    0.013554    0.000000    0.031253    0.000000    0.000000    0.000000    0.000000    0.000000    0.000000
  -7.75659    4.684495    0.014337    0.014337    0.000000    0.032483    0.000000    0.000000    0.000000    0.000000    0.000000    0.000000
  -7.75058    4.846399    0.015176    0.015176    0.000000    0.033687    0.000000    0.000000    0.000000    0.000000    0.000000    0.000000
  -7.74458    5.015548    0.016112    0.016112    0.000000    0.034960    0.000000    0.000000    0.000000    0.000000    0.000000    0.000000
  -7.73858    5.205162    0.017185    0.017185    0.000000    0.036391    0.000000    0.000000    0.000000    0.000000    0.000000    0.000000
  -7.73258    5.426026    0.018420    0.018420    0.000000    0.038056    0.000000    0.000000    0.000000    0.000000    0.000000    0.000000
  -7.72658    5.684491    0.019826    0.019826    0.000000    0.039994    0.000000    0.000000    0.000000    0.000000    0.000000    0.000000
  -7.72057    5.980898    0.021388    0.021388    0.000000    0.042205    0.000000    0.000000    0.000000    0.000000    0.000000    0.000000
  -7.71457    6.308655    0.023064    0.023064    0.000000    0.044637    0.000000    0.000000    0.000000    0.000000    0.000000    0.000000
  -7.70857    6.654178    0.024788    0.024788    0.000000    0.047191    0.000000    0.000000    0.000000    0.000000    0.000000    0.000000
  -7.70257    6.997739    0.026474    0.026474    0.000000    0.049724    0.000000    0.000000    0.000000    0.000000    0.000000    0.000000
  -7.69657    7.315176    0.028019    0.028019    0.000000    0.052062    0.000000    0.000000    0.000000    0.000000    0.000000    0.000000
  -7.69056    7.580265    0.029316    0.029316    0.000000    0.054015    0.000000    0.000000    0.000000    0.000000    0.000000    0.000000
  -7.68456    7.767473    0.030264    0.030264    0.000000    0.055402    0.000000    0.000000    0.000000    0.000000    0.000000    0.000000
  -7.67856    7.854723    0.030777    0.030777    0.000000    0.056066    0.000000    0.000000    0.000000    0.000000    0.000000    0.000000
  -7.67256    7.825828    0.030794    0.030794    0.000000    0.055890    0.000000    0.000000    0.000000    0.000000    0.000000    0.000000
  -7.66656    7.672270    0.030285    0.030285    0.000000    0.054816    0.000000    0.000000    0.000000    0.000000    0.000000    0.000000
  -7.66055    7.394106    0.029255    0.029255    0.000000    0.052845    0.000000    0.000000    0.000000    0.000000    0.000000    0.000000
  -7.65455    6.999921    0.027743    0.027743    0.000000    0.050039    0.000000    0.000000    0.000000    0.000000    0.000000    0.000000
  -7.64855    6.505854    0.025817    0.025817    0.000000    0.046515    0.000000    0.000000    0.000000    0.000000    0.000000    0.000000
  -7.64255    5.933887    0.023569    0.023569    0.000000    0.042431    0.000000    0.000000    0.000000    0.000000    0.000000    0.000000
  -7.63655    5.309637    0.021104    0.021104    0.000000    0.037970    0.000000    0.000000    0.000000    0.000000    0.000000    0.000000
  -7.63054    4.659968    0.018531    0.018531    0.000000    0.033327    0.000000    0.000000    0.000000    0.000000    0.000000    0.000000
  -7.62454    4.010712    0.015955    0.015955    0.000000    0.028685    0.000000    0.000000    0.000000    0.000000    0.000000    0.000000
  -7.61854    3.384759    0.013468    0.013468    0.000000    0.024209    0.000000    0.000000    0.000000    0.000000    0.000000    0.000000
  -7.61254    2.800677    0.011146    0.011146    0.000000    0.020032    0.000000    0.000000    0.000000    0.000000    0.000000    0.000000
  -7.60654    2.271951    0.009043    0.009043    0.000000    0.016250    0.000000    0.000000    0.000000    0.000000    0.000000    0.000000
  -7.60053    1.806821    0.007193    0.007193    0.000000    0.012924    0.000000    0.000000    0.000000    0.000000    0.000000    0.000000
  -7.59453    1.408628    0.005608    0.005608    0.000000    0.010076    0.000000    0.000000    0.000000    0.000000    0.000000    0.000000
  -7.58853    1.076544    0.004286    0.004286    0.000000    0.007700    0.000000    0.000000    0.000000    0.000000    0.000000    0.000000
  -7.58253    0.806517    0.003211    0.003211    0.000000    0.005769    0.000000    0.000000    0.000000    0.000000    0.000000    0.000000
  -7.57653    0.592292    0.002358    0.002358    0.000000    0.004237    0.000000    0.000000    0.000000    0.000000    0.000000    0.000000
  -7.57052    0.426378    0.001698    0.001698    0.000000    0.003050    0.000000    0.000000    0.000000    0.000000    0.000000    0.000000
  -7.56452    0.300877    0.001198    0.001198    0.000000    0.002152    0.000000    0.000000    0.000000    0.000000    0.000000    0.000000
  -7.55852    0.208125    0.000829    0.000829    0.000000    0.001489    0.000000    0.000000    0.000000    0.000000    0.000000    0.000000
  -7.55252    0.141128    0.000562    0.000562    0.000000    0.001010    0.000000    0.000000    0.000000    0.000000    0.000000    0.000000
  -7.54652    0.093822    0.000374    0.000374    0.000000    0.000672    0.000000    0.000000    0.000000    0.000000    0.000000    0.000000
  -7.54051    0.061172    0.000244    0.000244    0.000000    0.000438    0.000000    0.000000    0.000000    0.000000    0.000000    0.000000
  -7.53451    0.039157    0.000156    0.000156    0.000000    0.000282    0.000000    0.000000    0.000000    0.000000    0.000000    0.000000
  -7.52851    0.024685    0.000099    0.000099    0.000000    0.000180    0.000000    0.000000    0.000000    0.000000    0.000000    0.000000
  -7.52251    0.015466    0.000063    0.000063    0.000000    0.000117    0.000000    0.000000    0.000000    0.000000    0.000000    0.000000
  -7.51651    0.009876    0.000041    0.000041    0.000000    0.000081    0.000000    0.000000    0.000000    0.000000    0.000000    0.000000
  -7.51050    0.006837    0.000031    0.000031    0.000000    0.000068    0.000000    0.000000    0.000000    0.000000    0.000000    0.000000
  -7.50450    0.005707    0.000029    0.000029    0.000000    0.000074    0.000000    0.000000    0.000000    0.000000    0.000000    0.000000
  -7.49850    0.006212    0.000036    0.000036    0.000000    0.000101    0.000000    0.000000    0.000000    0.000000    0.000000    0.000000
  -7.49250    0.008405    0.000052    0.000052    0.000000    0.000154    0.000000    0.000000    0.000000    0.000000    0.000000    0.000000
  -7.48650    0.012652    0.000080    0.000080    0.000000    0.000243    0.000000    0.000000    0.000000    0.000000    0.000000    0.000000
  -7.48049    0.019658    0.000125    0.000125    0.000000    0.000384    0.000000    0.000000    0.000000    0.000000    0.000000    0.000000
  -7.47449    0.030499    0.000195    0.000195    0.000000    0.000600    0.000000    0.000000    0.000000    0.000000    0.000000    0.000000
  -7.46849    0.046678    0.000299    0.000299    0.000000    0.000920    0.000000    0.000000    0.000000    0.000000    0.000000    0.000000
  -7.46249    0.070175    0.000450    0.000450    0.000000    0.001384    0.000000    0.000000    0.000000    0.000000    0.000000    0.000000
  -7.45649    0.103489    0.000663    0.000663    0.000000    0.002042    0.000000    0.000000    0.000000    0.000000    0.000000    0.000000
  -7.45048    0.149635    0.000959    0.000959    0.000000    0.002953    0.000000    0.000000    0.000000    0.000000    0.000000    0.000000
  -7.44448    0.212095    0.001359    0.001359    0.000000    0.004186    0.000000    0.000000    0.000000    0.000000    0.000000    0.000000
  -7.43848    0.294690    0.001888    0.001888    0.000000    0.005816    0.000000    0.000000    0.000000    0.000000    0.000000    0.000000
  -7.43248    0.401355    0.002572    0.002572    0.000000    0.007921    0.000000    0.000000    0.000000    0.000000    0.000000    0.000000
  -7.42648    0.535820    0.003433    0.003433    0.000000    0.010574    0.000000    0.000000    0.000000    0.000000    0.000000    0.000000
  -7.42047    0.701189    0.004493    0.004493    0.000000    0.013837    0.000000    0.000000    0.000000    0.000000    0.000000    0.000000
  -7.41447    0.899453    0.005763    0.005763    0.000000    0.017750    0.000000    0.000000    0.000000    0.000000    0.000000    0.000000
  -7.40847    1.130966    0.007246    0.007246    0.000000    0.022318    0.000000    0.000000    0.000000    0.000000    0.000000    0.000000
  -7.40247    1.393957    0.008931    0.008931    0.000000    0.027507    0.000000    0.000000    0.000000    0.000000    0.000000    0.000000
  -7.39647    1.684148    0.010789    0.010789    0.000000    0.033232    0.000000    0.000000    0.000000    0.000000    0.000000    0.000000
  -7.39046    1.994552    0.012777    0.012777    0.000000    0.039354    0.000000    0.000000    0.000000    0.000000    0.000000    0.000000
  -7.38446    2.315525    0.014832    0.014832    0.000000    0.045682    0.000000    0.000000    0.000000    0.000000    0.000000    0.000000
  -7.37846    2.635115    0.016877    0.016877    0.000000    0.051980    0.000000    0.000000    0.000000    0.000000    0.000000    0.000000
  -7.37246    2.939722    0.018824    0.018824    0.000000    0.057976    0.000000    0.000000    0.000000    0.000000    0.000000    0.000000
  -7.36646    3.215027    0.020580    0.020580    0.000000    0.063385    0.000000    0.000000    0.000000    0.000000    0.000000    0.000000
  -7.36045    3.447132    0.022055    0.022055    0.000000    0.067928    0.000000    0.000000    0.000000    0.000000    0.000000    0.000000
  -7.35445    3.623766    0.023169    0.023169    0.000000    0.071357    0.000000    0.000000    0.000000    0.000000    0.000000    0.000000
  -7.34845    3.735441    0.023859    0.023859    0.000000    0.073477    0.000000    0.000000    0.000000    0.000000    0.000000    0.000000
  -7.34245    3.776399    0.024083    0.024083    0.000000    0.074165    0.000000    0.000000    0.000000    0.000000    0.000000    0.000000
  -7.33645    3.745232    0.023830    0.023830    0.000000    0.073380    0.000000    0.000000    0.000000    0.000000    0.000000    0.000000
  -7.33044    3.645082    0.023115    0.023115    0.000000    0.071169    0.000000    0.000000    0.000000    0.000000    0.000000    0.000000
  -7.32444    3.483397    0.021980    0.021980    0.000000    0.067661    0.000000    0.000000    0.000000    0.000000    0.000000    0.000000
  -7.31844    3.271257    0.020490    0.020490    0.000000    0.063058    0.000000    0.000000    0.000000    0.000000    0.000000    0.000000
  -7.31244    3.022368    0.018727    0.018727    0.000000    0.057610    0.000000    0.000000    0.000000    0.000000    0.000000    0.000000
  -7.30644    2.751828    0.016783    0.016783    0.000000    0.051598    0.000000    0.000000    0.000000    0.000000    0.000000    0.000000
  -7.30043    2.474833    0.014749    0.014749    0.000000    0.045307    0.000000    0.000000    0.000000    0.000000    0.000000    0.000000
  -7.29443    2.205440    0.012714    0.012714    0.000000    0.039006    0.000000    0.000000    0.000000    0.000000    0.000000    0.000000
  -7.28843    1.955534    0.010754    0.010754    0.000000    0.032929    0.000000    0.000000    0.000000    0.000000    0.000000    0.000000
  -7.28243    1.734084    0.008930    0.008930    0.000000    0.027265    0.000000    0.000000    0.000000    0.000000    0.000000    0.000000
  -7.27643    1.546733    0.007284    0.007284    0.000000    0.022147    0.000000    0.000000    0.000000    0.000000    0.000000    0.000000
  -7.27042    1.395725    0.005843    0.005843    0.000000    0.017655    0.000000    0.000000    0.000000    0.000000    0.000000    0.000000
  -7.26442    1.280152    0.004615    0.004615    0.000000    0.013821    0.000000    0.000000    0.000000    0.000000    0.000000    0.000000
  -7.25842    1.196448    0.003597    0.003597    0.000000    0.010634    0.000000    0.000000    0.000000    0.000000    0.000000    0.000000
  -7.25242    1.139055    0.002775    0.002775    0.000000    0.008051    0.000000    0.000000    0.000000    0.000000    0.000000    0.000000
  -7.24642    1.101188    0.002126    0.002126    0.000000    0.006009    0.000000    0.000000    0.000000    0.000000    0.000000    0.000000
  -7.24041    1.075602    0.001626    0.001626    0.000000    0.004432    0.000000    0.000000    0.000000    0.000000    0.000000    0.000000
  -7.23441    1.055308    0.001248    0.001248    0.000000    0.003240    0.000000    0.000000    0.000000    0.000000    0.000000    0.000000
  -7.22841    1.034162    0.000967    0.000967    0.000000    0.002359    0.000000    0.000000    0.000000    0.000000    0.000000    0.000000
  -7.22241    1.007303    0.000761    0.000761    0.000000    0.001719    0.000000    0.000000    0.000000    0.000000    0.000000    0.000000
  -7.21641    0.971417    0.000610    0.000610    0.000000    0.001262    0.000000    0.000000    0.000000    0.000000    0.000000    0.000000
  -7.21040    0.924811    0.000498    0.000498    0.000000    0.000939    0.000000    0.000000    0.000000    0.000000    0.000000    0.000000
  -7.20440    0.867337    0.000415    0.000415    0.000000    0.000713    0.000000    0.000000    0.000000    0.000000    0.000000    0.000000
  -7.19840    0.800178    0.000351    0.000351    0.000000    0.000555    0.000000    0.000000    0.000000    0.000000    0.000000    0.000000
  -7.19240    0.725550    0.000300    0.000300    0.000000    0.000446    0.000000    0.000000    0.000000    0.000000    0.000000    0.000000
  -7.18640    0.646359    0.000261    0.000261    0.000000    0.000374    0.000000    0.000000    0.000000    0.000000    0.000000    0.000000
  -7.18039    0.565872    0.000232    0.000232    0.000000    0.000333    0.000000    0.000000    0.000000    0.000000    0.000000    0.000000
  -7.17439    0.487435    0.000215    0.000215    0.000000    0.000325    0.000000    0.000000    0.000000    0.000000    0.000000    0.000000
  -7.16839    0.414275    0.000212    0.000212    0.000000    0.000356    0.000000    0.000000    0.000000    0.000000    0.000000    0.000000
  -7.16239    0.349415    0.000231    0.000231    0.000000    0.000440    0.000000    0.000000    0.000000    0.000000    0.000000    0.000000
  -7.15639    0.295701    0.000279    0.000279    0.000000    0.000600    0.000000    0.000000    0.000000    0.000000    0.000000    0.000000
  -7.15038    0.255942    0.000371    0.000371    0.000000    0.000869    0.000000    0.000000    0.000000    0.000000    0.000000    0.000000
  -7.14438    0.233143    0.000525    0.000525    0.000000    0.001296    0.000000    0.000000    0.000000    0.000000    0.000000    0.000000
  -7.13838    0.230810    0.000765    0.000765    0.000000    0.001943    0.000000    0.000000    0.000000    0.000000    0.000000    0.000000
  -7.13238    0.253279    0.001125    0.001125    0.000000    0.002895    0.000000    0.000000    0.000000    0.000000    0.000000    0.000000
  -7.12638    0.306035    0.001647    0.001647    0.000000    0.004259    0.000000    0.000000    0.000000    0.000000    0.000000    0.000000
  -7.12037    0.395963    0.002382    0.002382    0.000000    0.006166    0.000000    0.000000    0.000000    0.000000    0.000000    0.000000
  -7.11437    0.531482    0.003393    0.003393    0.000000    0.008768    0.000000    0.000000    0.000000    0.000000    0.000000    0.000000
  -7.10837    0.722496    0.004750    0.004750    0.000000    0.012240    0.000000    0.000000    0.000000    0.000000    0.000000    0.000000
  -7.10237    0.980128    0.006529    0.006529    0.000000    0.016767    0.000000    0.000000    0.000000    0.000000    0.000000    0.000000
  -7.09637    1.316176    0.008811    0.008811    0.000000    0.022534    0.000000    0.000000    0.000000    0.000000    0.000000    0.000000
  -7.09036    1.742302    0.011669    0.011669    0.000000    0.029712    0.000000    0.000000    0.000000    0.000000    0.000000    0.000000
  -7.08436    2.268945    0.015169    0.015169    0.000000    0.038437    0.000000    0.000000    0.000000    0.000000    0.000000    0.000000
  -7.07836    2.904034    0.019353    0.019353    0.000000    0.048788    0.000000    0.000000    0.000000    0.000000    0.000000    0.000000
  -7.07236    3.651583    0.024235    0.024235    0.000000    0.060768    0.000000    0.000000    0.000000    0.000000    0.000000    0.000000
  -7.06636    4.510316    0.029793    0.029793    0.000000    0.074279    0.000000    0.000000    0.000000    0.000000    0.000000    0.000000
  -7.06035    5.472498    0.035957    0.035957    0.000000    0.089115    0.000000    0.000000    0.000000    0.000000    0.000000    0.000000
  -7.05435    6.523137    0.042610    0.042610    0.000000    0.104953    0.000000    0.000000    0.000000    0.000000    0.000000    0.000000
  -7.04835    7.639740    0.049586    0.049586    0.000000    0.121359    0.000000    0.000000    0.000000    0.000000    0.000000    0.000000
  -7.04235    8.792748    0.056676    0.056676    0.000000    0.137809    0.000000    0.000000    0.000000    0.000000    0.000000    0.000000
  -7.03635    9.946711    0.063637    0.063637    0.000000    0.153716    0.000000    0.000000    0.000000    0.000000    0.000000    0.000000
  -7.03034   11.062173    0.070207    0.070207    0.000000    0.168475    0.000000    0.000000    0.000000    0.000000    0.000000    0.000000
  -7.02434   12.098149    0.076125    0.076125    0.000000    0.181501    0.000000    0.000000    0.000000    0.000000    0.000000    0.000000
  -7.01834   13.014975    0.081147    0.081147    0.000000    0.192288    0.000000    0.000000    0.000000    0.000000    0.000000    0.000000
  -7.01234   13.777252    0.085068    0.085068    0.000000    0.200441    0.000000    0.000000    0.000000    0.000000    0.000000    0.000000
  -7.00634   14.356553    0.087740    0.087740    0.000000    0.205718    0.000000    0.000000    0.000000    0.000000    0.000000    0.000000
  -7.00033   14.733594    0.089081    0.089081    0.000000    0.208042    0.000000    0.000000    0.000000    0.000000    0.000000    0.000000
  -6.99433   14.899596    0.089082    0.089082    0.000000    0.207509    0.000000    0.000000    0.000000    0.000000    0.000000    0.000000
  -6.98833   14.856677    0.087805    0.087805    0.000000    0.204365    0.000000    0.000000    0.000000    0.000000    0.000000    0.000000
  -6.98233   14.617233    0.085376    0.085376    0.000000    0.198983    0.000000    0.000000    0.000000    0.000000    0.000000    0.000000
  -6.97633   14.202387    0.081971    0.081971    0.000000    0.191813    0.000000    0.000000    0.000000    0.000000    0.000000    0.000000
  -6.97032   13.639713    0.077798    0.077798    0.000000    0.183338    0.000000    0.000000    0.000000    0.000000    0.000000    0.000000
  -6.96432   12.960538    0.073076    0.073076    0.000000    0.174027    0.000000    0.000000    0.000000    0.000000    0.000000    0.000000
  -6.95832   12.197166    0.068021    0.068021    0.000000    0.164291    0.000000    0.000000    0.000000    0.000000    0.000000    0.000000
  -6.95232   11.380345    0.062824    0.062824    0.000000    0.154457    0.000000    0.000000    0.000000    0.000000    0.000000    0.000000
  -6.94632   10.537281    0.057644    0.057644    0.000000    0.144753    0.000000    0.000000    0.000000    0.000000    0.000000    0.000000
  -6.94031    9.690358    0.052600    0.052600    0.000000    0.135307    0.000000    0.000000    0.000000    0.000000    0.000000    0.000000
  -6.93431    8.856656    0.047774    0.047774    0.000000    0.126159    0.000000    0.000000    0.000000    0.000000    0.000000    0.000000
  -6.92831    8.048193    0.043210    0.043210    0.000000    0.117292    0.000000    0.000000    0.000000    0.000000    0.000000    0.000000
  -6.92231    7.272749    0.038926    0.038926    0.000000    0.108651    0.000000    0.000000    0.000000    0.000000    0.000000    0.000000
  -6.91631    6.535054    0.034923    0.034923    0.000000    0.100183    0.000000    0.000000    0.000000    0.000000    0.000000    0.000000
  -6.91030    5.838097    0.031193    0.031193    0.000000    0.091858    0.000000    0.000000    0.000000    0.000000    0.000000    0.000000
  -6.90430    5.184331    0.027726    0.027726    0.000000    0.083689    0.000000    0.000000    0.000000    0.000000    0.000000    0.000000
  -6.89830    4.576614    0.024523    0.024523    0.000000    0.075744    0.000000    0.000000    0.000000    0.000000    0.000000    0.000000
  -6.89230    4.018768    0.021592    0.021592    0.000000    0.068143    0.000000    0.000000    0.000000    0.000000    0.000000    0.000000
  -6.88630    3.515754    0.018952    0.018952    0.000000    0.061058    0.000000    0.000000    0.000000    0.000000    0.000000    0.000000
  -6.88029    3.073477    0.016631    0.016631    0.000000    0.054691    0.000000    0.000000    0.000000    0.000000    0.000000    0.000000
  -6.87429    2.698335    0.014664    0.014664    0.000000    0.049259    0.000000    0.000000    0.000000    0.000000    0.000000    0.000000
  -6.86829    2.396599    0.013087    0.013087    0.000000    0.044979    0.000000    0.000000    0.000000    0.000000    0.000000    0.000000
  -6.86229    2.173742    0.011932    0.011932    0.000000    0.042041    0.000000    0.000000    0.000000    0.000000    0.000000    0.000000
  -6.85629    2.033827    0.011227    0.011227    0.000000    0.040598    0.000000    0.000000    0.000000    0.000000    0.000000    0.000000
  -6.85028    1.979013    0.010986    0.010986    0.000000    0.040752    0.000000    0.000000    0.000000    0.000000    0.000000    0.000000
  -6.84428    2.009264    0.011215    0.011215    0.000000    0.042544    0.000000    0.000000    0.000000    0.000000    0.000000    0.000000
  -6.83828    2.122270    0.011905    0.011905    0.000000    0.045955    0.000000    0.000000    0.000000    0.000000    0.000000    0.000000
  -6.83228    2.313627    0.013038    0.013038    0.000000    0.050908    0.000000    0.000000    0.000000    0.000000    0.000000    0.000000
  -6.82628    2.577261    0.014587    0.014587    0.000000    0.057274    0.000000    0.000000    0.000000    0.000000    0.000000    0.000000
  -6.82027    2.906083    0.016518    0.016518    0.000000    0.064889    0.000000    0.000000    0.000000    0.000000    0.000000    0.000000
  -6.81427    3.292816    0.018799    0.018799    0.000000    0.073574    0.000000    0.000000    0.000000    0.000000    0.000000    0.000000
  -6.80827    3.730914    0.021403    0.021403    0.000000    0.083150    0.000000    0.000000    0.000000    0.000000    0.000000    0.000000
  -6.80227    4.215437    0.024312    0.024312    0.000000    0.093463    0.000000    0.000000    0.000000    0.000000    0.000000    0.000000
  -6.79627    4.743743    0.027521    0.027521    0.000000    0.104402    0.000000    0.000000    0.000000    0.000000    0.000000    0.000000
  -6.79026    5.315824    0.031040    0.031040    0.000000    0.115908    0.000000    0.000000    0.000000    0.000000    0.000000    0.000000
  -6.78426    5.934149    0.034889    0.034889    0.000000    0.127979    0.000000    0.000000    0.000000    0.000000    0.000000    0.000000
  -6.77826    6.602936    0.039096    0.039096    0.000000    0.140656    0.000000    0.000000    0.000000    0.000000    0.000000    0.000000
  -6.77226    7.326838    0.043686    0.043686    0.000000    0.154001    0.000000    0.000000    0.000000    0.000000    0.000000    0.000000
  -6.76626    8.109171    0.048669    0.048669    0.000000    0.168072    0.000000    0.000000    0.000000    0.000000    0.000000    0.000000
  -6.76025    8.949892    0.054028    0.054028    0.000000    0.182873    0.000000    0.000000    0.000000    0.000000    0.000000    0.000000
  -6.75425    9.843640    0.059706    0.059706    0.000000    0.198329    0.000000    0.000000    0.000000    0.000000    0.000000    0.000000
  -6.74825   10.778203    0.065599    0.065599    0.000000    0.214247    0.000000    0.000000    0.000000    0.000000    0.000000    0.000000
  -6.74225   11.733742    0.071550    0.071550    0.000000    0.230302    0.000000    0.000000    0.000000    0.000000    0.000000    0.000000
  -6.73625   12.683035    0.077353    0.077353    0.000000    0.246039    0.000000    0.000000    0.000000    0.000000    0.000000    0.000000
  -6.73024   13.592843    0.082765    0.082765    0.000000    0.260901    0.000000    0.000000    0.000000    0.000000    0.000000    0.000000
  -6.72424   14.426327    0.087522    0.087522    0.000000    0.274265    0.000000    0.000000    0.000000    0.000000    0.000000    0.000000
  -6.71824   15.146257    0.091363    0.091363    0.000000    0.285505    0.000000    0.000000    0.000000    0.000000    0.000000    0.000000
  -6.71224   15.718579    0.094056    0.094056    0.000000    0.294058    0.000000    0.000000    0.000000    0.000000    0.000000    0.000000
  -6.70624   16.115859    0.095419    0.095419    0.000000    0.299483    0.000000    0.000000    0.000000    0.000000    0.000000    0.000000
  -6.70023   16.320069    0.095345    0.095345    0.000000    0.301513    0.000000    0.000000    0.000000    0.000000    0.000000    0.000000
  -6.69423   16.324319    0.093810    0.093810    0.000000    0.300081    0.000000    0.000000    0.000000    0.000000    0.000000    0.000000
  -6.68823   16.133288    0.090878    0.090878    0.000000    0.295331    0.000000    0.000000    0.000000    0.000000    0.000000    0.000000
  -6.68223   15.762325    0.086697    0.086697    0.000000    0.287595    0.000000    0.000000    0.000000    0.000000    0.000000    0.000000
  -6.67623   15.235419    0.081482    0.081482    0.000000    0.277353    0.000000    0.000000    0.000000    0.000000    0.000000    0.000000
  -6.67022   14.582406    0.075499    0.075499    0.000000    0.265186    0.000000    0.000000    0.000000    0.000000    0.000000    0.000000
  -6.66422   13.835906    0.069036    0.069036    0.000000    0.251714    0.000000    0.000000    0.000000    0.000000    0.000000    0.000000
  -6.65822   13.028475    0.062387    0.062387    0.000000    0.237557    0.000000    0.000000    0.000000    0.000000    0.000000    0.000000
  -6.65222   12.190406    0.055829    0.055829    0.000000    0.223293    0.000000    0.000000    0.000000    0.000000    0.000000    0.000000
  -6.64622   11.348442    0.049609    0.049609    0.000000    0.209452    0.000000    0.000000    0.000000    0.000000    0.000000    0.000000
  -6.64021   10.525497    0.043940    0.043940    0.000000    0.196516    0.000000    0.000000    0.000000    0.000000    0.000000    0.000000
  -6.63421    9.741268    0.038998    0.038998    0.000000    0.184943    0.000000    0.000000    0.000000    0.000000    0.000000    0.000000
  -6.62821    9.013490    0.034928    0.034928    0.000000    0.175204    0.000000    0.000000    0.000000    0.000000    0.000000    0.000000
  -6.62221    8.359447    0.031853    0.031853    0.000000    0.167814    0.000000    0.000000    0.000000    0.000000    0.000000    0.000000
  -6.61621    7.797360    0.029882    0.029882    0.000000    0.163358    0.000000    0.000000    0.000000    0.000000    0.000000    0.000000
  -6.61020    7.347271    0.029118    0.029118    0.000000    0.162505    0.000000    0.000000    0.000000    0.000000    0.000000    0.000000
  -6.60420    7.031158    0.029658    0.029658    0.000000    0.165988    0.000000    0.000000    0.000000    0.000000    0.000000    0.000000
  -6.59820    6.872133    0.031594    0.031594    0.000000    0.174564    0.000000    0.000000    0.000000    0.000000    0.000000    0.000000
  -6.59220    6.892731    0.035003    0.035003    0.000000    0.188948    0.000000    0.000000    0.000000    0.000000    0.000000    0.000000
  -6.58620    7.112420    0.039932    0.039932    0.000000    0.209721    0.000000    0.000000    0.000000    0.000000    0.000000    0.000000
  -6.58019    7.544636    0.046382    0.046382    0.000000    0.237227    0.000000    0.000000    0.000000    0.000000    0.000000    0.000000
  -6.57419    8.193682    0.054287    0.054287    0.000000    0.271470    0.000000    0.000000    0.000000    0.000000    0.000000    0.000000
  -6.56819    9.051960    0.063503    0.063503    0.000000    0.312023    0.000000    0.000000    0.000000    0.000000    0.000000    0.000000
  -6.56219   10.097942    0.073789    0.073789    0.000000    0.357967    0.000000    0.000000    0.000000    0.000000    0.000000    0.000000
  -6.55619   11.295311    0.084810    0.084810    0.000000    0.407877    0.000000    0.000000    0.000000    0.000000    0.000000    0.000000
  -6.55018   12.593550    0.096145    0.096145    0.000000    0.459854    0.000000    0.000000    0.000000    0.000000    0.000000    0.000000
  -6.54418   13.930144    0.107304    0.107304    0.000000    0.511618    0.000000    0.000000    0.000000    0.000000    0.000000    0.000000
  -6.53818   15.234345    0.117761    0.117761    0.000000    0.560658    0.000000    0.000000    0.000000    0.000000    0.000000    0.000000
  -6.53218   16.432255    0.126996    0.126996    0.000000    0.604419    0.000000    0.000000    0.000000    0.000000    0.000000    0.000000
  -6.52618   17.452772    0.134538    0.134538    0.000000    0.640526    0.000000    0.000000    0.000000    0.000000    0.000000    0.000000
  -6.52017   18.233801    0.140011    0.140011    0.000000    0.666998    0.000000    0.000000    0.000000    0.000000    0.000000    0.000000
  -6.51417   18.728031    0.143176    0.143176    0.000000    0.682450    0.000000    0.000000    0.000000    0.000000    0.000000    0.000000
  -6.50817   18.907585    0.143956    0.143956    0.000000    0.686241    0.000000    0.000000    0.000000    0.000000    0.000000    0.000000
  -6.50217   18.766977    0.142456    0.142456    0.000000    0.678558    0.000000    0.000000    0.000000    0.000000    0.000000    0.000000
  -6.49617   18.323966    0.138956    0.138956    0.000000    0.660415    0.000000    0.000000    0.000000    0.000000    0.000000    0.000000
  -6.49016   17.618182    0.133890    0.133890    0.000000    0.633578    0.000000    0.000000    0.000000    0.000000    0.000000    0.000000
  -6.48416   16.707647    0.127811    0.127811    0.000000    0.600412    0.000000    0.000000    0.000000    0.000000    0.000000    0.000000
  -6.47816   15.663571    0.121340    0.121340    0.000000    0.563663    0.000000    0.000000    0.000000    0.000000    0.000000    0.000000
  -6.47216   14.564010    0.115107    0.115107    0.000000    0.526220    0.000000    0.000000    0.000000    0.000000    0.000000    0.000000
  -6.46616   13.487058    0.109699    0.109699    0.000000    0.490854    0.000000    0.000000    0.000000    0.000000    0.000000    0.000000
  -6.46015   12.504298    0.105599    0.105599    0.000000    0.459982    0.000000    0.000000    0.000000    0.000000    0.000000    0.000000
  -6.45415   11.675140    0.103149    0.103149    0.000000    0.435471    0.000000    0.000000    0.000000    0.000000    0.000000    0.000000
  -6.44815   11.042558    0.102516    0.102516    0.000000    0.418501    0.000000    0.000000    0.000000    0.000000    0.000000    0.000000
  -6.44215   10.630579    0.103683    0.103683    0.000000    0.409497    0.000000    0.000000    0.000000    0.000000    0.000000    0.000000
  -6.43615   10.443654    0.106455    0.106455    0.000000    0.408139    0.000000    0.000000    0.000000    0.000000    0.000000    0.000000
  -6.43014   10.467899    0.110480    0.110480    0.000000    0.413436    0.000000    0.000000    0.000000    0.000000    0.000000    0.000000
  -6.42414   10.673985    0.115294    0.115294    0.000000    0.423866    0.000000    0.000000    0.000000    0.000000    0.000000    0.000000
  -6.41814   11.021377    0.120365    0.120365    0.000000    0.437569    0.000000    0.000000    0.000000    0.000000    0.000000    0.000000
  -6.41214   11.463442    0.125157    0.125157    0.000000    0.452550    0.000000    0.000000    0.000000    0.000000    0.000000    0.000000
  -6.40614   11.952944    0.129181    0.129181    0.000000    0.466907    0.000000    0.000000    0.000000    0.000000    0.000000    0.000000
  -6.40013   12.447374    0.132053    0.132053    0.000000    0.479029    0.000000    0.000000    0.000000    0.000000    0.000000    0.000000
  -6.39413   12.913551    0.133530    0.133530    0.000000    0.487761    0.000000    0.000000    0.000000    0.000000    0.000000    0.000000
  -6.38813   13.331031    0.133538    0.133538    0.000000    0.492519    0.000000    0.000000    0.000000    0.000000    0.000000    0.000000
  -6.38213   13.693922    0.132176    0.132176    0.000000    0.493333    0.000000    0.000000    0.000000    0.000000    0.000000    0.000000
  -6.37613   14.010871    0.129704    0.129704    0.000000    0.490817    0.000000    0.000000    0.000000    0.000000    0.000000    0.000000
  -6.37012   14.303197    0.126510    0.126510    0.000000    0.486080    0.000000    0.000000    0.000000    0.000000    0.000000    0.000000
  -6.36412   14.601323    0.123065    0.123065    0.000000    0.480569    0.000000    0.000000    0.000000    0.000000    0.000000    0.000000
  -6.35812   14.939921    0.119868    0.119868    0.000000    0.475876    0.000000    0.000000    0.000000    0.000000    0.000000    0.000000
  -6.35212   15.352348    0.117389    0.117389    0.000000    0.473532    0.000000    0.000000    0.000000    0.000000    0.000000    0.000000
  -6.34612   15.865069    0.116013    0.116013    0.000000    0.474803    0.000000    0.000000    0.000000    0.000000    0.000000    0.000000
  -6.34011   16.492837    0.115999    0.115999    0.000000    0.480523    0.000000    0.000000    0.000000    0.000000    0.000000    0.000000
  -6.33411   17.235313    0.117452    0.117452    0.000000    0.490982    0.000000    0.000000    0.000000    0.000000    0.000000    0.000000
  -6.32811   18.075666    0.120314    0.120314    0.000000    0.505879    0.000000    0.000000    0.000000    0.000000    0.000000    0.000000
  -6.32211   18.981445    0.124376    0.124376    0.000000    0.524363    0.000000    0.000000    0.000000    0.000000    0.000000    0.000000
  -6.31611   19.907686    0.129309    0.129309    0.000000    0.545130    0.000000    0.000000    0.000000    0.000000    0.000000    0.000000
  -6.31010   20.801938    0.134704    0.134704    0.000000    0.566600    0.000000    0.000000    0.000000    0.000000    0.000000    0.000000
  -6.30410   21.610545    0.140130    0.140130    0.000000    0.587120    0.000000    0.000000    0.000000    0.000000    0.000000    0.000000
  -6.29810   22.285358    0.145188    0.145188    0.000000    0.605189    0.000000    0.000000    0.000000    0.000000    0.000000    0.000000
  -6.29210   22.789946    0.149565    0.149565    0.000000    0.619667    0.000000    0.000000    0.000000    0.000000    0.000000    0.000000
  -6.28610   23.104411    0.153073    0.153073    0.000000    0.629939    0.000000    0.000000    0.000000    0.000000    0.000000    0.000000
  -6.28009   23.228129    0.155677    0.155677    0.000000    0.636019    0.000000    0.000000    0.000000    0.000000    0.000000    0.000000
  -6.27409   23.179994    0.157500    0.157500    0.000000    0.638569    0.000000    0.000000    0.000000    0.000000    0.000000    0.000000
  -6.26809   22.996143    0.158812    0.158812    0.000000    0.638838    0.000000    0.000000    0.000000    0.000000    0.000000    0.000000
  -6.26209   22.725464    0.160000    0.160000    0.000000    0.638524    0.000000    0.000000    0.000000    0.000000    0.000000    0.000000
  -6.25609   22.423520    0.161517    0.161517    0.000000    0.639572    0.000000    0.000000    0.000000    0.000000    0.000000    0.000000
  -6.25008   22.145716    0.163833    0.163833    0.000000    0.643937    0.000000    0.000000    0.000000    0.000000    0.000000    0.000000
  -6.24408   21.940629    0.167372    0.167372    0.000000    0.653338    0.000000    0.000000    0.000000    0.000000    0.000000    0.000000
  -6.23808   21.844362    0.172461    0.172461    0.000000    0.669032    0.000000    0.000000    0.000000    0.000000    0.000000    0.000000
  -6.23208   21.876601    0.179283    0.179283    0.000000    0.691637    0.000000    0.000000    0.000000    0.000000    0.000000    0.000000
  -6.22608   22.038808    0.187848    0.187848    0.000000    0.721023    0.000000    0.000000    0.000000    0.000000    0.000000    0.000000
  -6.22007   22.314707    0.197977    0.197977    0.000000    0.756289    0.000000    0.000000    0.000000    0.000000    0.000000    0.000000
  -6.21407   22.672876    0.209316    0.209316    0.000000    0.795826    0.000000    0.000000    0.000000    0.000000    0.000000    0.000000
  -6.20807   23.071067    0.221359    0.221359    0.000000    0.837460    0.000000    0.000000    0.000000    0.000000    0.000000    0.000000
  -6.20207   23.461644    0.233494    0.233494    0.000000    0.878662    0.000000    0.000000    0.000000    0.000000    0.000000    0.000000
  -6.19607   23.797454    0.245058    0.245058    0.000000    0.916797    0.000000    0.000000    0.000000    0.000000    0.000000    0.000000
  -6.19006   24.037419    0.255401    0.255401    0.000000    0.949391    0.000000    0.000000    0.000000    0.000000    0.000000    0.000000
  -6.18406   24.151210    0.263946    0.263946    0.000000    0.974379    0.000000    0.000000    0.000000    0.000000    0.000000    0.000000
  -6.17806   24.122502    0.270245    0.270245    0.000000    0.990306    0.000000    0.000000    0.000000    0.000000    0.000000    0.000000
  -6.17206   23.950511    0.274020    0.274020    0.000000    0.996459    0.000000    0.000000    0.000000    0.000000    0.000000    0.000000
  -6.16606   23.649708    0.275180    0.275180    0.000000    0.992922    0.000000    0.000000    0.000000    0.000000    0.000000    0.000000
  -6.16005   23.247867    0.273829    0.273829    0.000000    0.980538    0.000000    0.000000    0.000000    0.000000    0.000000    0.000000
  -6.15405   22.782773    0.270240    0.270240    0.000000    0.960795    0.000000    0.000000    0.000000    0.000000    0.000000    0.000000
  -6.14805   22.298087    0.264826    0.264826    0.000000    0.935651    0.000000    0.000000    0.000000    0.000000    0.000000    0.000000
  -6.14205   21.838936    0.258094    0.258094    0.000000    0.907330    0.000000    0.000000    0.000000    0.000000    0.000000    0.000000
  -6.13605   21.447809    0.250593    0.250593    0.000000    0.878101    0.000000    0.000000    0.000000    0.000000    0.000000    0.000000
  -6.13004   21.161231    0.242869    0.242869    0.000000    0.850089    0.000000    0.000000    0.000000    0.000000    0.000000    0.000000
  -6.12404   21.007587    0.235425    0.235425    0.000000    0.825122    0.000000    0.000000    0.000000    0.000000    0.000000    0.000000
  -6.11804   21.006203    0.228698    0.228698    0.000000    0.804644    0.000000    0.000000    0.000000    0.000000    0.000000    0.000000
  -6.11204   21.167670    0.223046    0.223046    0.000000    0.789685    0.000000    0.000000    0.000000    0.000000    0.000000    0.000000
  -6.10604   21.495144    0.218745    0.218745    0.000000    0.780881    0.000000    0.000000    0.000000    0.000000    0.000000    0.000000
  -6.10003   21.986267    0.216000    0.216000    0.000000    0.778553    0.000000    0.000000    0.000000    0.000000    0.000000    0.000000
  -6.09403   22.635289    0.214962    0.214962    0.000000    0.782787    0.000000    0.000000    0.000000    0.000000    0.000000    0.000000
  -6.08803   23.434968    0.215737    0.215737    0.000000    0.793533    0.000000    0.000000    0.000000    0.000000    0.000000    0.000000
  -6.08203   24.377925    0.218400    0.218400    0.000000    0.810683    0.000000    0.000000    0.000000    0.000000    0.000000    0.000000
  -6.07603   25.457248    0.223003    0.223003    0.000000    0.834113    0.000000    0.000000    0.000000    0.000000    0.000000    0.000000
  -6.07002   26.666299    0.229564    0.229564    0.000000    0.863701    0.000000    0.000000    0.000000    0.000000    0.000000    0.000000
  -6.06402   27.997802    0.238064    0.238064    0.000000    0.899299    0.000000    0.000000    0.000000    0.000000    0.000000    0.000000
  -6.05802   29.442411    0.248428    0.248428    0.000000    0.940678    0.000000    0.000000    0.000000    0.000000    0.000000    0.000000
  -6.05202   30.987037    0.260511    0.260511    0.000000    0.987460    0.000000    0.000000    0.000000    0.000000    0.000000    0.000000
  -6.04602   32.613226    0.274079    0.274079    0.000000    1.039036    0.000000    0.000000    0.000000    0.000000    0.000000    0.000000
  -6.04001   34.295858    0.288801    0.288801    0.000000    1.094504    0.000000    0.000000    0.000000    0.000000    0.000000    0.000000
  -6.03401   36.002401    0.304240    0.304240    0.000000    1.152622    0.000000    0.000000    0.000000    0.000000    0.000000    0.000000
  -6.02801   37.692877    0.319864    0.319864    0.000000    1.211799    0.000000    0.000000    0.000000    0.000000    0.000000    0.000000
  -6.02201   39.320616    0.335061    0.335061    0.000000    1.270119    0.000000    0.000000    0.000000    0.000000    0.000000    0.000000
  -6.01601   40.833800    0.349161    0.349161    0.000000    1.325409    0.000000    0.000000    0.000000    0.000000    0.000000    0.000000
  -6.01000   42.177742    0.361471    0.361471    0.000000    1.375345    0.000000    0.000000    0.000000    0.000000    0.000000    0.000000
  -6.00400   43.297737    0.371318    0.371318    0.000000    1.417577    0.000000    0.000000    0.000000    0.000000    0.000000    0.000000
  -5.99800   44.142326    0.378088    0.378088    0.000000    1.449879    0.000000    0.000000    0.000000    0.000000    0.000000    0.000000
  -5.99200   44.666718    0.381269    0.381269    0.000000    1.470310    0.000000    0.000000    0.000000    0.000000    0.000000    0.000000
  -5.98600   44.836098    0.380489    0.380489    0.000000    1.477355    0.000000    0.000000    0.000000    0.000000    0.000000    0.000000
  -5.97999   44.628538    0.375545    0.375545    0.000000    1.470056    0.000000    0.000000    0.000000    0.000000    0.000000    0.000000
  -5.97399   44.037233    0.366422    0.366422    0.000000    1.448107    0.000000    0.000000    0.000000    0.000000    0.000000    0.000000
  -5.96799   43.071812    0.353298    0.353298    0.000000    1.411909    0.000000    0.000000    0.000000    0.000000    0.000000    0.000000
  -5.96199   41.758532    0.336538    0.336538    0.000000    1.362574    0.000000    0.000000    0.000000    0.000000    0.000000    0.000000
  -5.95599   40.139302    0.316673    0.316673    0.000000    1.301886    0.000000    0.000000    0.000000    0.000000    0.000000    0.000000
  -5.94998   38.269519    0.294370    0.294370    0.000000    1.232204    0.000000    0.000000    0.000000    0.000000    0.000000    0.000000
  -5.94398   36.214906    0.270391    0.270391    0.000000    1.156330    0.000000    0.000000    0.000000    0.000000    0.000000    0.000000
  -5.93798   34.047577    0.245545    0.245545    0.000000    1.077338    0.000000    0.000000    0.000000    0.000000    0.000000    0.000000
  -5.93198   31.841693    0.220647    0.220647    0.000000    0.998385    0.000000    0.000000    0.000000    0.000000    0.000000    0.000000
  -5.92598   29.669090    0.196469    0.196469    0.000000    0.922516    0.000000    0.000000    0.000000    0.000000    0.000000    0.000000
  -5.91997   27.595282    0.173706    0.173706    0.000000    0.852481    0.000000    0.000000    0.000000    0.000000    0.000000    0.000000
  -5.91397   25.676188    0.152949    0.152949    0.000000    0.790576    0.000000    0.000000    0.000000    0.000000    0.000000    0.000000
  -5.90797   23.955835    0.134666    0.134666    0.000000    0.738523    0.000000    0.000000    0.000000    0.000000    0.000000    0.000000
  -5.90197   22.465189    0.119199    0.119199    0.000000    0.697403    0.000000    0.000000    0.000000    0.000000    0.000000    0.000000
  -5.89597   21.222128    0.106768    0.106768    0.000000    0.667639    0.000000    0.000000    0.000000    0.000000    0.000000    0.000000
  -5.88996   20.232414    0.097483    0.097483    0.000000    0.649025    0.000000    0.000000    0.000000    0.000000    0.000000    0.000000
  -5.88396   19.491471    0.091362    0.091362    0.000000    0.640812    0.000000    0.000000    0.000000    0.000000    0.000000    0.000000
  -5.87796   18.986637    0.088345    0.088345    0.000000    0.641822    0.000000    0.000000    0.000000    0.000000    0.000000    0.000000
  -5.87196   18.699592    0.088314    0.088314    0.000000    0.650584    0.000000    0.000000    0.000000    0.000000    0.000000    0.000000
  -5.86596   18.608649    0.091103    0.091103    0.000000    0.665477    0.000000    0.000000    0.000000    0.000000    0.000000    0.000000
  -5.85995   18.690683    0.096507    0.096507    0.000000    0.684871    0.000000    0.000000    0.000000    0.000000    0.000000    0.000000
  -5.85395   18.922562    0.104281    0.104281    0.000000    0.707250    0.000000    0.000000    0.000000    0.000000    0.000000    0.000000
  -5.84795   19.282059    0.114144    0.114144    0.000000    0.731305    0.000000    0.000000    0.000000    0.000000    0.000000    0.000000
  -5.84195   19.748317    0.125779    0.125779    0.000000    0.756004    0.000000    0.000000    0.000000    0.000000    0.000000    0.000000
  -5.83595   20.302009    0.138836    0.138836    0.000000    0.780635    0.000000    0.000000    0.000000    0.000000    0.000000    0.000000
  -5.82994   20.925362    0.152934    0.152934    0.000000    0.804816    0.000000    0.000000    0.000000    0.000000    0.000000    0.000000
  -5.82394   21.602193    0.167678    0.167678    0.000000    0.828487    0.000000    0.000000    0.000000    0.000000    0.000000    0.000000
  -5.81794   22.318019    0.182674    0.182674    0.000000    0.851879    0.000000    0.000000    0.000000    0.000000    0.000000    0.000000
  -5.81194   23.060245    0.197541    0.197541    0.000000    0.875465    0.000000    0.000000    0.000000    0.000000    0.000000    0.000000
  -5.80594   23.818327    0.211934    0.211934    0.000000    0.899888    0.000000    0.000000    0.000000    0.000000    0.000000    0.000000
  -5.79993   24.583770    0.225553    0.225553    0.000000    0.925880    0.000000    0.000000    0.000000    0.000000    0.000000    0.000000
  -5.79393   25.349817    0.238152    0.238152    0.000000    0.954156    0.000000    0.000000    0.000000    0.000000    0.000000    0.000000
  -5.78793   26.110741    0.249534    0.249534    0.000000    0.985303    0.000000    0.000000    0.000000    0.000000    0.000000    0.000000
  -5.78193   26.860747    0.259546    0.259546    0.000000    1.019665    0.000000    0.000000    0.000000    0.000000    0.000000    0.000000
  -5.77593   27.592641    0.268066    0.268066    0.000000    1.057234    0.000000    0.000000    0.000000    0.000000    0.000000    0.000000
  -5.76992   28.296498    0.274985    0.274985    0.000000    1.097574    0.000000    0.000000    0.000000    0.000000    0.000000    0.000000
  -5.76392   28.958660    0.280197    0.280197    0.000000    1.139776    0.000000    0.000000    0.000000    0.000000    0.000000    0.000000
  -5.75792   29.561379    0.283598    0.283598    0.000000    1.182468    0.000000    0.000000    0.000000    0.000000    0.000000    0.000000
  -5.75192   30.083322    0.285089    0.285089    0.000000    1.223886    0.000000    0.000000    0.000000    0.000000    0.000000    0.000000
  -5.74592   30.501048    0.284591    0.284591    0.000000    1.262006    0.000000    0.000000    0.000000    0.000000    0.000000    0.000000
  -5.73991   30.791340    0.282071    0.282071    0.000000    1.294713    0.000000    0.000000    0.000000    0.000000    0.000000    0.000000
  -5.73391   30.934130    0.277568    0.277568    0.000000    1.320018    0.000000    0.000000    0.000000    0.000000    0.000000    0.000000
  -5.72791   30.915597    0.271221    0.271221    0.000000    1.336263    0.000000    0.000000    0.000000    0.000000    0.000000    0.000000
  -5.72191   30.730964    0.263283    0.263283    0.000000    1.342321    0.000000    0.000000    0.000000    0.000000    0.000000    0.000000
  -5.71591   30.386518    0.254135    0.254135    0.000000    1.337736    0.000000    0.000000    0.000000    0.000000    0.000000    0.000000
  -5.70990   29.900496    0.244268    0.244268    0.000000    1.322813    0.000000    0.000000    0.000000    0.000000    0.000000    0.000000
  -5.70390   29.302615    0.234265    0.234265    0.000000    1.298616    0.000000    0.000000    0.000000    0.000000    0.000000    0.000000
  -5.69790   28.632213    0.224760    0.224760    0.000000    1.266897    0.000000    0.000000    0.000000    0.000000    0.000000    0.000000
  -5.69190   27.935157    0.216388    0.216388    0.000000    1.229948    0.000000    0.000000    0.000000    0.000000    0.000000    0.000000
  -5.68590   27.259833    0.209734    0.209734    0.000000    1.190400    0.000000    0.000000    0.000000    0.000000    0.000000    0.000000
  -5.67989   26.652640    0.205284    0.205284    0.000000    1.150994    0.000000    0.000000    0.000000    0.000000    0.000000    0.000000
  -5.67389   26.153490    0.203381    0.203381    0.000000    1.114337    0.000000    0.000000    0.000000    0.000000    0.000000    0.000000
  -5.66789   25.791800    0.204204    0.204204    0.000000    1.082689    0.000000    0.000000    0.000000    0.000000    0.000000    0.000000
  -5.66189   25.583447    0.207752    0.207752    0.000000    1.057782    0.000000    0.000000    0.000000    0.000000    0.000000    0.000000
  -5.65589   25.529038    0.213856    0.213856    0.000000    1.040707    0.000000    0.000000    0.000000    0.000000    0.000000    0.000000
  -5.64988   25.613728    0.222201    0.222201    0.000000    1.031865    0.000000    0.000000    0.000000    0.000000    0.000000    0.000000
  -5.64388   25.808669    0.232374    0.232374    0.000000    1.030992    0.000000    0.000000    0.000000    0.000000    0.000000    0.000000
  -5.63788   26.073964    0.243905    0.243905    0.000000    1.037244    0.000000    0.000000    0.000000    0.000000    0.000000    0.000000
  -5.63188   26.362851    0.256331    0.256331    0.000000    1.049330    0.000000    0.000000    0.000000    0.000000    0.000000    0.000000
  -5.62588   26.626665    0.269241    0.269241    0.000000    1.065684    0.000000    0.000000    0.000000    0.000000    0.000000    0.000000
  -5.61987   26.820044    0.282328    0.282328    0.000000    1.084634    0.000000    0.000000    0.000000    0.000000    0.000000    0.000000
  -5.61387   26.905758    0.295417    0.295417    0.000000    1.104565    0.000000    0.000000    0.000000    0.000000    0.000000    0.000000
  -5.60787   26.858633    0.308485    0.308485    0.000000    1.124056    0.000000    0.000000    0.000000    0.000000    0.000000    0.000000
  -5.60187   26.668094    0.321652    0.321652    0.000000    1.141974    0.000000    0.000000    0.000000    0.000000    0.000000    0.000000
  -5.59587   26.339066    0.335160    0.335160    0.000000    1.157515    0.000000    0.000000    0.000000    0.000000    0.000000    0.000000
  -5.58986   25.891152    0.349335    0.349335    0.000000    1.170220    0.000000    0.000000    0.000000    0.000000    0.000000    0.000000
  -5.58386   25.356248    0.364524    0.364524    0.000000    1.179929    0.000000    0.000000    0.000000    0.000000    0.000000    0.000000
  -5.57786   24.774915    0.381039    0.381039    0.000000    1.186728    0.000000    0.000000    0.000000    0.000000    0.000000    0.000000
  -5.57186   24.192001    0.399085    0.399085    0.000000    1.190870    0.000000    0.000000    0.000000    0.000000    0.000000    0.000000
  -5.56586   23.652025    0.418701    0.418701    0.000000    1.192695    0.000000    0.000000    0.000000    0.000000    0.000000    0.000000
  -5.55985   23.194889    0.439713    0.439713    0.000000    1.192554    0.000000    0.000000    0.000000    0.000000    0.000000    0.000000
  -5.55385   22.852358    0.461709    0.461709    0.000000    1.190760    0.000000    0.000000    0.000000    0.000000    0.000000    0.000000
  -5.54785   22.645669    0.484040    0.484040    0.000000    1.187548    0.000000    0.000000    0.000000    0.000000    0.000000    0.000000
  -5.54185   22.584475    0.505851    0.505851    0.000000    1.183073    0.000000    0.000000    0.000000    0.000000    0.000000    0.000000
  -5.53585   22.667155    0.526150    0.526150    0.000000    1.177428    0.000000    0.000000    0.000000    0.000000    0.000000    0.000000
  -5.52984   22.882405    0.543897    0.543897    0.000000    1.170700    0.000000    0.000000    0.000000    0.000000    0.000000    0.000000
  -5.52384   23.211872    0.558118    0.558118    0.000000    1.163034    0.000000    0.000000    0.000000    0.000000    0.000000    0.000000
  -5.51784   23.633522    0.568030    0.568030    0.000000    1.154730    0.000000    0.000000    0.000000    0.000000    0.000000    0.000000
  -5.51184   24.125333    0.573162    0.573162    0.000000    1.146331    0.000000    0.000000    0.000000    0.000000    0.000000    0.000000
  -5.50584   24.668897    0.573455    0.573455    0.000000    1.138710    0.000000    0.000000    0.000000    0.000000    0.000000    0.000000
  -5.49983   25.252527    0.569334    0.569334    0.000000    1.133137    0.000000    0.000000    0.000000    0.000000    0.000000    0.000000
  -5.49383   25.873452    0.561734    0.561734    0.000000    1.131296    0.000000    0.000000    0.000000    0.000000    0.000000    0.000000
  -5.48783   26.538822    0.552074    0.552074    0.000000    1.135263    0.000000    0.000000    0.000000    0.000000    0.000000    0.000000
  -5.48183   27.265302    0.542184    0.542184    0.000000    1.147419    0.000000    0.000000    0.000000    0.000000    0.000000    0.000000
  -5.47583   28.077217    0.534174    0.534174    0.000000    1.170287    0.000000    0.000000    0.000000    0.000000    0.000000    0.000000
  -5.46982   29.003343    0.530270    0.530270    0.000000    1.206327    0.000000    0.000000    0.000000    0.000000    0.000000    0.000000
  -5.46382   30.072641    0.532615    0.532615    0.000000    1.257668    0.000000    0.000000    0.000000    0.000000    0.000000    0.000000
  -5.45782   31.309394    0.543066    0.543066    0.000000    1.325824    0.000000    0.000000    0.000000    0.000000    0.000000    0.000000
  -5.45182   32.728314    0.562993    0.562993    0.000000    1.411420    0.000000    0.000000    0.000000    0.000000    0.000000    0.000000
  -5.44582   34.330278    0.593109    0.593109    0.000000    1.513951    0.000000    0.000000    0.000000    0.000000    0.000000    0.000000
  -5.43981   36.099300    0.633344    0.633344    0.000000    1.631625    0.000000    0.000000    0.000000    0.000000    0.000000    0.000000
  -5.43381   38.001251    0.682786    0.682786    0.000000    1.761314    0.000000    0.000000    0.000000    0.000000    0.000000    0.000000
  -5.42781   39.984619    0.739684    0.739684    0.000000    1.898629    0.000000    0.000000    0.000000    0.000000    0.000000    0.000000
  -5.42181   41.983331    0.801540    0.801540    0.000000    2.038136    0.000000    0.000000    0.000000    0.000000    0.000000    0.000000
  -5.41581   43.921385    0.865266    0.865266    0.000000    2.173689    0.000000    0.000000    0.000000    0.000000    0.000000    0.000000
  -5.40980   45.718765    0.927407    0.927407    0.000000    2.298863    0.000000    0.000000    0.000000    0.000000    0.000000    0.000000
  -5.40380   47.297920    0.984406    0.984406    0.000000    2.407438    0.000000    0.000000    0.000000    0.000000    0.000000    0.000000
  -5.39780   48.590026    1.032885    1.032885    0.000000    2.493877    0.000000    0.000000    0.000000    0.000000    0.000000    0.000000
  -5.39180   49.540263    1.069917    1.069917    0.000000    2.553764    0.000000    0.000000    0.000000    0.000000    0.000000    0.000000
  -5.38580   50.111544    1.093257    1.093257    0.000000    2.584127    0.000000    0.000000    0.000000    0.000000    0.000000    0.000000
  -5.37979   50.286312    1.101511    1.101511    0.000000    2.583634    0.000000    0.000000    0.000000    0.000000    0.000000    0.000000
  -5.37379   50.066361    1.094222    1.094222    0.000000    2.552630    0.000000    0.000000    0.000000    0.000000    0.000000    0.000000
  -5.36779   49.470851    1.071867    1.071867    0.000000    2.493024    0.000000    0.000000    0.000000    0.000000    0.000000    0.000000
  -5.36179   48.532934    1.035771    1.035771    0.000000    2.408046    0.000000    0.000000    0.000000    0.000000    0.000000    0.000000
  -5.35579   47.295517    0.987944    0.987944    0.000000    2.301902    0.000000    0.000000    0.000000    0.000000    0.000000    0.000000
  -5.34978   45.806726    0.930877    0.930877    0.000000    2.179384    0.000000    0.000000    0.000000    0.000000    0.000000    0.000000
  -5.34378   44.115617    0.867301    0.867301    0.000000    2.045465    0.000000    0.000000    0.000000    0.000000    0.000000    0.000000
  -5.33778   42.268530    0.799958    0.799958    0.000000    1.904931    0.000000    0.000000    0.000000    0.000000    0.000000    0.000000
  -5.33178   40.306404    0.731392    0.731392    0.000000    1.762085    0.000000    0.000000    0.000000    0.000000    0.000000    0.000000
  -5.32578   38.263192    0.663794    0.663794    0.000000    1.620532    0.000000    0.000000    0.000000    0.000000    0.000000    0.000000
  -5.31977   36.165377    0.598890    0.598890    0.000000    1.483066    0.000000    0.000000    0.000000    0.000000    0.000000    0.000000
  -5.31377   34.032529    0.537908    0.537908    0.000000    1.351656    0.000000    0.000000    0.000000    0.000000    0.000000    0.000000
  -5.30777   31.878683    0.481583    0.481583    0.000000    1.227502    0.000000    0.000000    0.000000    0.000000    0.000000    0.000000
  -5.30177   29.714320    0.430220    0.430220    0.000000    1.111169    0.000000    0.000000    0.000000    0.000000    0.000000    0.000000
  -5.29577   27.548635    0.383786    0.383786    0.000000    1.002745    0.000000    0.000000    0.000000    0.000000    0.000000    0.000000
  -5.28976   25.391807    0.342016    0.342016    0.000000    0.902020    0.000000    0.000000    0.000000    0.000000    0.000000    0.000000
  -5.28376   23.256959    0.304526    0.304526    0.000000    0.808660    0.000000    0.000000    0.000000    0.000000    0.000000    0.000000
  -5.27776   21.161560    0.270907    0.270907    0.000000    0.722349    0.000000    0.000000    0.000000    0.000000    0.000000    0.000000
  -5.27176   19.128076    0.240807    0.240807    0.000000    0.642894    0.000000    0.000000    0.000000    0.000000    0.000000    0.000000
  -5.26576   17.183800    0.213982    0.213982    0.000000    0.570288    0.000000    0.000000    0.000000    0.000000    0.000000    0.000000
  -5.25975   15.359863    0.190320    0.190320    0.000000    0.504721    0.000000    0.000000    0.000000    0.000000    0.000000    0.000000
  -5.25375   13.689579    0.169850    0.169850    0.000000    0.446564    0.000000    0.000000    0.000000    0.000000    0.000000    0.000000
  -5.24775   12.206330    0.152720    0.152720    0.000000    0.396312    0.000000    0.000000    0.000000    0.000000    0.000000    0.000000
  -5.24175   10.941286    0.139174    0.139174    0.000000    0.354518    0.000000    0.000000    0.000000    0.000000    0.000000    0.000000
  -5.23575    9.921237    0.129517    0.129517    0.000000    0.321720    0.000000    0.000000    0.000000    0.000000    0.000000    0.000000
  -5.22974    9.166808    0.124080    0.124080    0.000000    0.298380    0.000000    0.000000    0.000000    0.000000    0.000000    0.000000
  -5.22374    8.691248    0.123197    0.123197    0.000000    0.284833    0.000000    0.000000    0.000000    0.000000    0.000000    0.000000
  -5.21774    8.499881    0.127177    0.127177    0.000000    0.281261    0.000000    0.000000    0.000000    0.000000    0.000000    0.000000
  -5.21174    8.590212    0.136289    0.136289    0.000000    0.287688    0.000000    0.000000    0.000000    0.000000    0.000000    0.000000
  -5.20574    8.952582    0.150748    0.150748    0.000000    0.303994    0.000000    0.000000    0.000000    0.000000    0.000000    0.000000
  -5.19973    9.571187    0.170703    0.170703    0.000000    0.329929    0.000000    0.000000    0.000000    0.000000    0.000000    0.000000
  -5.19373   10.425237    0.196223    0.196223    0.000000    0.365146    0.000000    0.000000    0.000000    0.000000    0.000000    0.000000
  -5.18773   11.490044    0.227274    0.227274    0.000000    0.409211    0.000000    0.000000    0.000000    0.000000    0.000000    0.000000
  -5.18173   12.737858    0.263695    0.263695    0.000000    0.461611    0.000000    0.000000    0.000000    0.000000    0.000000    0.000000
  -5.17573   14.138364    0.305167    0.305167    0.000000    0.521739    0.000000    0.000000    0.000000    0.000000    0.000000    0.000000
  -5.16972   15.658842    0.351180    0.351180    0.000000    0.588874    0.000000    0.000000    0.000000    0.000000    0.000000    0.000000
  -5.16372   17.264101    0.401009    0.401009    0.000000    0.662144    0.000000    0.000000    0.000000    0.000000    0.000000    0.000000
  -5.15772   18.916387    0.453700    0.453700    0.000000    0.740502    0.000000    0.000000    0.000000    0.000000    0.000000    0.000000
  -5.15172   20.575518    0.508076    0.508076    0.000000    0.822715    0.000000    0.000000    0.000000    0.000000    0.000000    0.000000
  -5.14572   22.199496    0.562776    0.562776    0.000000    0.907393    0.000000    0.000000    0.000000    0.000000    0.000000    0.000000
  -5.13971   23.745793    0.616322    0.616322    0.000000    0.993058    0.000000    0.000000    0.000000    0.000000    0.000000    0.000000
  -5.13371   25.173387    0.667216    0.667216    0.000000    1.078266    0.000000    0.000000    0.000000    0.000000    0.000000    0.000000
  -5.12771   26.445483    0.714073    0.714073    0.000000    1.161784    0.000000    0.000000    0.000000    0.000000    0.000000    0.000000
  -5.12171   27.532687    0.755753    0.755753    0.000000    1.242794    0.000000    0.000000    0.000000    0.000000    0.000000    0.000000
  -5.11571   28.416231    0.791504    0.791504    0.000000    1.321116    0.000000    0.000000    0.000000    0.000000    0.000000    0.000000
  -5.10970   29.090797    0.821079    0.821079    0.000000    1.397406    0.000000    0.000000    0.000000    0.000000    0.000000    0.000000
  -5.10370   29.566420    0.844822    0.844822    0.000000    1.473309    0.000000    0.000000    0.000000    0.000000    0.000000    0.000000
  -5.09770   29.869051    0.863686    0.863686    0.000000    1.551510    0.000000    0.000000    0.000000    0.000000    0.000000    0.000000
  -5.09170   30.039513    0.879204    0.879204    0.000000    1.635680    0.000000    0.000000    0.000000    0.000000    0.000000    0.000000
  -5.08570   30.130780    0.893381    0.893381    0.000000    1.730281    0.000000    0.000000    0.000000    0.000000    0.000000    0.000000
  -5.07969   30.203788    0.908534    0.908534    0.000000    1.840245    0.000000    0.000000    0.000000    0.000000    0.000000    0.000000
  -5.07369   30.322188    0.927088    0.927088    0.000000    1.970540    0.000000    0.000000    0.000000    0.000000    0.000000    0.000000
  -5.06769   30.546624    0.951340    0.951340    0.000000    2.125657    0.000000    0.000000    0.000000    0.000000    0.000000    0.000000
  -5.06169   30.929236    0.983236    0.983236    0.000000    2.309071    0.000000    0.000000    0.000000    0.000000    0.000000    0.000000
  -5.05569   31.508999    1.024169    1.024169    0.000000    2.522735    0.000000    0.000000    0.000000    0.000000    0.000000    0.000000
  -5.04968   32.308449    1.074821    1.074821    0.000000    2.766658    0.000000    0.000000    0.000000    0.000000    0.000000    0.000000
  -5.04368   33.332114    1.135076    1.135076    0.000000    3.038630    0.000000    0.000000    0.000000    0.000000    0.000000    0.000000
  -5.03768   34.566720    1.204000    1.204000    0.000000    3.334119    0.000000    0.000000    0.000000    0.000000    0.000000    0.000000
  -5.03168   35.983036    1.279894    1.279894    0.000000    3.646373    0.000000    0.000000    0.000000    0.000000    0.000000    0.000000
  -5.02568   37.539007    1.360417    1.360417    0.000000    3.966731    0.000000    0.000000    0.000000    0.000000    0.000000    0.000000
  -5.01967   39.183680    1.442751    1.442751    0.000000    4.285106    0.000000    0.000000    0.000000    0.000000    0.000000    0.000000
  -5.01367   40.861444    1.523817    1.523817    0.000000    4.590619    0.000000    0.000000    0.000000    0.000000    0.000000    0.000000
  -5.00767   42.516072    1.600489    1.600489    0.000000    4.872320    0.000000    0.000000    0.000000    0.000000    0.000000    0.000000
  -5.00167   44.094211    1.669819    1.669819    0.000000    5.119932    0.000000    0.000000    0.000000    0.000000    0.000000    0.000000
  -4.99567   45.548069    1.729231    1.729231    0.000000    5.324550    0.000000    0.000000    0.000000    0.000000    0.000000    0.000000
  -4.98966   46.837220    1.776678    1.776678    0.000000    5.479233    0.000000    0.000000    0.000000    0.000000    0.000000    0.000000
  -4.98366   47.929573    1.810755    1.810755    0.000000    5.579436    0.000000    0.000000    0.000000    0.000000    0.000000    0.000000
  -4.97766   48.801649    1.830745    1.830745    0.000000    5.623245    0.000000    0.000000    0.000000    0.000000    0.000000    0.000000
  -4.97166   49.438371    1.836613    1.836613    0.000000    5.611399    0.000000    0.000000    0.000000    0.000000    0.000000    0.000000
  -4.96566   49.832591    1.828940    1.828940    0.000000    5.547108    0.000000    0.000000    0.000000    0.000000    0.000000    0.000000
  -4.95965   49.984521    1.808813    1.808813    0.000000    5.435698    0.000000    0.000000    0.000000    0.000000    0.000000    0.000000
  -4.95365   49.901212    1.777682    1.777682    0.000000    5.284125    0.000000    0.000000    0.000000    0.000000    0.000000    0.000000
  -4.94765   49.596121    1.737201    1.737201    0.000000    5.100411    0.000000    0.000000    0.000000    0.000000    0.000000    0.000000
  -4.94165   49.088750    1.689075    1.689075    0.000000    4.893071    0.000000    0.000000    0.000000    0.000000    0.000000    0.000000
  -4.93565   48.404268    1.634925    1.634925    0.000000    4.670574    0.000000    0.000000    0.000000    0.000000    0.000000    0.000000
  -4.92964   47.573005    1.576194    1.576194    0.000000    4.440882    0.000000    0.000000    0.000000    0.000000    0.000000    0.000000
  -4.92364   46.629688    1.514083    1.514083    0.000000    4.211107    0.000000    0.000000    0.000000    0.000000    0.000000    0.000000
  -4.91764   45.612332    1.449549    1.449549    0.000000    3.987283    0.000000    0.000000    0.000000    0.000000    0.000000    0.000000
  -4.91164   44.560746    1.383321    1.383321    0.000000    3.774251    0.000000    0.000000    0.000000    0.000000    0.000000    0.000000
  -4.90564   43.514698    1.315963    1.315963    0.000000    3.575654    0.000000    0.000000    0.000000    0.000000    0.000000    0.000000
  -4.89963   42.511856    1.247933    1.247933    0.000000    3.394002    0.000000    0.000000    0.000000    0.000000    0.000000    0.000000
  -4.89363   41.585684    1.179657    1.179657    0.000000    3.230796    0.000000    0.000000    0.000000    0.000000    0.000000    0.000000
  -4.88763   40.763537    1.111572    1.111572    0.000000    3.086678    0.000000    0.000000    0.000000    0.000000    0.000000    0.000000
  -4.88163   40.065169    1.044160    1.044160    0.000000    2.961595    0.000000    0.000000    0.000000    0.000000    0.000000    0.000000
  -4.87563   39.501875    0.977943    0.977943    0.000000    2.854966    0.000000    0.000000    0.000000    0.000000    0.000000    0.000000
  -4.86962   39.076377    0.913466    0.913466    0.000000    2.765833    0.000000    0.000000    0.000000    0.000000    0.000000    0.000000
  -4.86362   38.783519    0.851256    0.851256    0.000000    2.693013    0.000000    0.000000    0.000000    0.000000    0.000000    0.000000
  -4.85762   38.611695    0.791773    0.791773    0.000000    2.635229    0.000000    0.000000    0.000000    0.000000    0.000000    0.000000
  -4.85162   38.544870    0.735373    0.735373    0.000000    2.591235    0.000000    0.000000    0.000000    0.000000    0.000000    0.000000
  -4.84562   38.564954    0.682277    0.682277    0.000000    2.559923    0.000000    0.000000    0.000000    0.000000    0.000000    0.000000
  -4.83961   38.654271    0.632568    0.632568    0.000000    2.540417    0.000000    0.000000    0.000000    0.000000    0.000000    0.000000
  -4.83361   38.797832    0.586202    0.586202    0.000000    2.532140    0.000000    0.000000    0.000000    0.000000    0.000000    0.000000
  -4.82761   38.985157    0.543041    0.543041    0.000000    2.534853    0.000000    0.000000    0.000000    0.000000    0.000000    0.000000
  -4.82161   39.211441    0.502897    0.502897    0.000000    2.548659    0.000000    0.000000    0.000000    0.000000    0.000000    0.000000
  -4.81561   39.477901    0.465576    0.465576    0.000000    2.573953    0.000000    0.000000    0.000000    0.000000    0.000000    0.000000
  -4.80960   39.791251    0.430924    0.430924    0.000000    2.611337    0.000000    0.000000    0.000000    0.000000    0.000000    0.000000
  -4.80360   40.162317    0.398851    0.398851    0.000000    2.661467    0.000000    0.000000    0.000000    0.000000    0.000000    0.000000
  -4.79760   40.603905    0.369343    0.369343    0.000000    2.724871    0.000000    0.000000    0.000000    0.000000    0.000000    0.000000
  -4.79160   41.128105    0.342454    0.342454    0.000000    2.801720    0.000000    0.000000    0.000000    0.000000    0.000000    0.000000
  -4.78560   41.743326    0.318285    0.318285    0.000000    2.891593    0.000000    0.000000    0.000000    0.000000    0.000000    0.000000
  -4.77959   42.451381    0.296948    0.296948    0.000000    2.993253    0.000000    0.000000    0.000000    0.000000    0.000000    0.000000
  -4.77359   43.245024    0.278528    0.278528    0.000000    3.104464    0.000000    0.000000    0.000000    0.000000    0.000000    0.000000
  -4.76759   44.106292    0.263049    0.263049    0.000000    3.221894    0.000000    0.000000    0.000000    0.000000    0.000000    0.000000
  -4.76159   45.005977    0.250444    0.250444    0.000000    3.341117    0.000000    0.000000    0.000000    0.000000    0.000000    0.000000
  -4.75559   45.904428    0.240539    0.240539    0.000000    3.456747    0.000000    0.000000    0.000000    0.000000    0.000000    0.000000
  -4.74958   46.753734    0.233054    0.233054    0.000000    3.562701    0.000000    0.000000    0.000000    0.000000    0.000000    0.000000
  -4.74358   47.501149    0.227613    0.227613    0.000000    3.652584    0.000000    0.000000    0.000000    0.000000    0.000000    0.000000
  -4.73758   48.093452    0.223776    0.223776    0.000000    3.720158    0.000000    0.000000    0.000000    0.000000    0.000000    0.000000
  -4.73158   48.481779    0.221068    0.221068    0.000000    3.759862    0.000000    0.000000    0.000000    0.000000    0.000000    0.000000
  -4.72558   48.626386    0.219027    0.219027    0.000000    3.767310    0.000000    0.000000    0.000000    0.000000    0.000000    0.000000
  -4.71957   48.500811    0.217250    0.217250    0.000000    3.739725    0.000000    0.000000    0.000000    0.000000    0.000000    0.000000
  -4.71357   48.094951    0.215435    0.215435    0.000000    3.676257    0.000000    0.000000    0.000000    0.000000    0.000000    0.000000
  -4.70757   47.416735    0.213416    0.213416    0.000000    3.578137    0.000000    0.000000    0.000000    0.000000    0.000000    0.000000
  -4.70157   46.492249    0.211194    0.211194    0.000000    3.448658    0.000000    0.000000    0.000000    0.000000    0.000000    0.000000
  -4.69557   45.364316    0.208950    0.208950    0.000000    3.292981    0.000000    0.000000    0.000000    0.000000    0.000000    0.000000
  -4.68956   44.089747    0.207037    0.207037    0.000000    3.117792    0.000000    0.000000    0.000000    0.000000    0.000000    0.000000
  -4.68356   42.735514    0.205973    0.205973    0.000000    2.930840    0.000000    0.000000    0.000000    0.000000    0.000000    0.000000
  -4.67756   41.374219    0.206394    0.206394    0.000000    2.740394    0.000000    0.000000    0.000000    0.000000    0.000000    0.000000
  -4.67156   40.079175    0.209009    0.209009    0.000000    2.554693    0.000000    0.000000    0.000000    0.000000    0.000000    0.000000
  -4.66556   38.919444    0.214534    0.214534    0.000000    2.381399    0.000000    0.000000    0.000000    0.000000    0.000000    0.000000
  -4.65955   37.955105    0.223618    0.223618    0.000000    2.227119    0.000000    0.000000    0.000000    0.000000    0.000000    0.000000
  -4.65355   37.233014    0.236768    0.236768    0.000000    2.097013    0.000000    0.000000    0.000000    0.000000    0.000000    0.000000
  -4.64755   36.783297    0.254276    0.254276    0.000000    1.994511    0.000000    0.000000    0.000000    0.000000    0.000000    0.000000
  -4.64155   36.616824    0.276157    0.276157    0.000000    1.921153    0.000000    0.000000    0.000000    0.000000    0.000000    0.000000
  -4.63555   36.723884    0.302106    0.302106    0.000000    1.876558    0.000000    0.000000    0.000000    0.000000    0.000000    0.000000
  -4.62954   37.074268    0.331483    0.331483    0.000000    1.858517    0.000000    0.000000    0.000000    0.000000    0.000000    0.000000
  -4.62354   37.618899    0.363325    0.363325    0.000000    1.863209    0.000000    0.000000    0.000000    0.000000    0.000000    0.000000
  -4.61754   38.293028    0.396393    0.396393    0.000000    1.885526    0.000000    0.000000    0.000000    0.000000    0.000000    0.000000
  -4.61154   39.020848    0.429255    0.429255    0.000000    1.919487    0.000000    0.000000    0.000000    0.000000    0.000000    0.000000
  -4.60554   39.721239    0.460382    0.460382    0.000000    1.958707    0.000000    0.000000    0.000000    0.000000    0.000000    0.000000
  -4.59953   40.314126    0.488279    0.488279    0.000000    1.996903    0.000000    0.000000    0.000000    0.000000    0.000000    0.000000
  -4.59353   40.726867    0.511602    0.511602    0.000000    2.028376    0.000000    0.000000    0.000000    0.000000    0.000000    0.000000
  -4.58753   40.899987    0.529280    0.529280    0.000000    2.048445    0.000000    0.000000    0.000000    0.000000    0.000000    0.000000
  -4.58153   40.791661    0.540608    0.540608    0.000000    2.053785    0.000000    0.000000    0.000000    0.000000    0.000000    0.000000
  -4.57553   40.380463    0.545305    0.545305    0.000000    2.042630    0.000000    0.000000    0.000000    0.000000    0.000000    0.000000
  -4.56952   39.666142    0.543538    0.543538    0.000000    2.014846    0.000000    0.000000    0.000000    0.000000    0.000000    0.000000
  -4.56352   38.668448    0.535905    0.535905    0.000000    1.971838    0.000000    0.000000    0.000000    0.000000    0.000000    0.000000
  -4.55752   37.424274    0.523370    0.523370    0.000000    1.916333    0.000000    0.000000    0.000000    0.000000    0.000000    0.000000
  -4.55152   35.983605    0.507182    0.507182    0.000000    1.852055    0.000000    0.000000    0.000000    0.000000    0.000000    0.000000
  -4.54552   34.404862    0.488770    0.488770    0.000000    1.783329    0.000000    0.000000    0.000000    0.000000    0.000000    0.000000
  -4.53951   32.750252    0.469630    0.469630    0.000000    1.714673    0.000000    0.000000    0.000000    0.000000    0.000000    0.000000
  -4.53351   31.081630    0.451223    0.451223    0.000000    1.650413    0.000000    0.000000    0.000000    0.000000    0.000000    0.000000
  -4.52751   29.457222    0.434883    0.434883    0.000000    1.594361    0.000000    0.000000    0.000000    0.000000    0.000000    0.000000
  -4.52151   27.929362    0.421754    0.421754    0.000000    1.549592    0.000000    0.000000    0.000000    0.000000    0.000000    0.000000
  -4.51551   26.543202    0.412739    0.412739    0.000000    1.518324    0.000000    0.000000    0.000000    0.000000    0.000000    0.000000
  -4.50950   25.336218    0.408488    0.408488    0.000000    1.501905    0.000000    0.000000    0.000000    0.000000    0.000000    0.000000
  -4.50350   24.338240    0.409393    0.409393    0.000000    1.500890    0.000000    0.000000    0.000000    0.000000    0.000000    0.000000
  -4.49750   23.571756    0.415610    0.415610    0.000000    1.515183    0.000000    0.000000    0.000000    0.000000    0.000000    0.000000
  -4.49150   23.052264    0.427088    0.427088    0.000000    1.544222    0.000000    0.000000    0.000000    0.000000    0.000000    0.000000
  -4.48550   22.788547    0.443604    0.443604    0.000000    1.587164    0.000000    0.000000    0.000000    0.000000    0.000000    0.000000
  -4.47949   22.782814    0.464802    0.464802    0.000000    1.643043    0.000000    0.000000    0.000000    0.000000    0.000000    0.000000
  -4.47349   23.030776    0.490233    0.490233    0.000000    1.710888    0.000000    0.000000    0.000000    0.000000    0.000000    0.000000
  -4.46749   23.521689    0.519380    0.519380    0.000000    1.789767    0.000000    0.000000    0.000000    0.000000    0.000000    0.000000
  -4.46149   24.238508    0.551685    0.551685    0.000000    1.878771    0.000000    0.000000    0.000000    0.000000    0.000000    0.000000
  -4.45549   25.158192    0.586555    0.586555    0.000000    1.976933    0.000000    0.000000    0.000000    0.000000    0.000000    0.000000
  -4.44948   26.252230    0.623368    0.623368    0.000000    2.083106    0.000000    0.000000    0.000000    0.000000    0.000000    0.000000
  -4.44348   27.487415    0.661463    0.661463    0.000000    2.195820    0.000000    0.000000    0.000000    0.000000    0.000000    0.000000
  -4.43748   28.826858    0.700124    0.700124    0.000000    2.313151    0.000000    0.000000    0.000000    0.000000    0.000000    0.000000
  -4.43148   30.231232    0.738574    0.738574    0.000000    2.432634    0.000000    0.000000    0.000000    0.000000    0.000000    0.000000
  -4.42548   31.660213    0.775963    0.775963    0.000000    2.551247    0.000000    0.000000    0.000000    0.000000    0.000000    0.000000
  -4.41947   33.074082    0.811377    0.811377    0.000000    2.665479    0.000000    0.000000    0.000000    0.000000    0.000000    0.000000
  -4.41347   34.435407    0.843859    0.843859    0.000000    2.771491    0.000000    0.000000    0.000000    0.000000    0.000000    0.000000
  -4.40747   35.710692    0.872447    0.872447    0.000000    2.865351    0.000000    0.000000    0.000000    0.000000    0.000000    0.000000
  -4.40147   36.871856    0.896222    0.896222    0.000000    2.943324    0.000000    0.000000    0.000000    0.000000    0.000000    0.000000
  -4.39547   37.897344    0.914372    0.914372    0.000000    3.002171    0.000000    0.000000    0.000000    0.000000    0.000000    0.000000
  -4.38946   38.772701    0.926245    0.926245    0.000000    3.039421    0.000000    0.000000    0.000000    0.000000    0.000000    0.000000
  -4.38346   39.490471    0.931397    0.931397    0.000000    3.053576    0.000000    0.000000    0.000000    0.000000    0.000000    0.000000
  -4.37746   40.049353    0.929629    0.929629    0.000000    3.044218    0.000000    0.000000    0.000000    0.000000    0.000000    0.000000
  -4.37146   40.452693    0.920995    0.920995    0.000000    3.012009    0.000000    0.000000    0.000000    0.000000    0.000000    0.000000
  -4.36546   40.706509    0.905795    0.905795    0.000000    2.958585    0.000000    0.000000    0.000000    0.000000    0.000000    0.000000
  -4.35945   40.817378    0.884545    0.884545    0.000000    2.886367    0.000000    0.000000    0.000000    0.000000    0.000000    0.000000
  -4.35345   40.790581    0.857940    0.857940    0.000000    2.798327    0.000000    0.000000    0.000000    0.000000    0.000000    0.000000
  -4.34745   40.628891    0.826812    0.826812    0.000000    2.697739    0.000000    0.000000    0.000000    0.000000    0.000000    0.000000
  -4.34145   40.332338    0.792083    0.792083    0.000000    2.587965    0.000000    0.000000    0.000000    0.000000    0.000000    0.000000
  -4.33545   39.899080    0.754737    0.754737    0.000000    2.472282    0.000000    0.000000    0.000000    0.000000    0.000000    0.000000
  -4.32944   39.327352    0.715792    0.715792    0.000000    2.353791    0.000000    0.000000    0.000000    0.000000    0.000000    0.000000
  -4.32344   38.618201    0.676291    0.676291    0.000000    2.235383    0.000000    0.000000    0.000000    0.000000    0.000000    0.000000
  -4.31744   37.778585    0.637291    0.637291    0.000000    2.119765    0.000000    0.000000    0.000000    0.000000    0.000000    0.000000
  -4.31144   36.824275    0.599867    0.599867    0.000000    2.009518    0.000000    0.000000    0.000000    0.000000    0.000000    0.000000
  -4.30544   35.782016    0.565111    0.565111    0.000000    1.907163    0.000000    0.000000    0.000000    0.000000    0.000000    0.000000
  -4.29943   34.690475    0.534125    0.534125    0.000000    1.815222    0.000000    0.000000    0.000000    0.000000    0.000000    0.000000
  -4.29343   33.599679    0.508013    0.508013    0.000000    1.736229    0.000000    0.000000    0.000000    0.000000    0.000000    0.000000
  -4.28743   32.568886    0.487859    0.487859    0.000000    1.672723    0.000000    0.000000    0.000000    0.000000    0.000000    0.000000
  -4.28143   31.663012    0.474699    0.474699    0.000000    1.627166    0.000000    0.000000    0.000000    0.000000    0.000000    0.000000
  -4.27543   30.947989    0.469476    0.469476    0.000000    1.601844    0.000000    0.000000    0.000000    0.000000    0.000000    0.000000
  -4.26942   30.485521    0.472985    0.472985    0.000000    1.598704    0.000000    0.000000    0.000000    0.000000    0.000000    0.000000
  -4.26342   30.327810    0.485811    0.485811    0.000000    1.619188    0.000000    0.000000    0.000000    0.000000    0.000000    0.000000
  -4.25742   30.512784    0.508249    0.508249    0.000000    1.664036    0.000000    0.000000    0.000000    0.000000    0.000000    0.000000
  -4.25142   31.060327    0.540230    0.540230    0.000000    1.733109    0.000000    0.000000    0.000000    0.000000    0.000000    0.000000
  -4.24542   31.969872    0.581252    0.581252    0.000000    1.825224    0.000000    0.000000    0.000000    0.000000    0.000000    0.000000
  -4.23941   33.219573    0.630321    0.630321    0.000000    1.938048    0.000000    0.000000    0.000000    0.000000    0.000000    0.000000
  -4.23341   34.767155    0.685933    0.685933    0.000000    2.068048    0.000000    0.000000    0.000000    0.000000    0.000000    0.000000
  -4.22741   36.552345    0.746090    0.746090    0.000000    2.210540    0.000000    0.000000    0.000000    0.000000    0.000000    0.000000
  -4.22141   38.500676    0.808361    0.808361    0.000000    2.359831    0.000000    0.000000    0.000000    0.000000    0.000000    0.000000
  -4.21541   40.528342    0.870007    0.870007    0.000000    2.509469    0.000000    0.000000    0.000000    0.000000    0.000000    0.000000
  -4.20940   42.547657    0.928142    0.928142    0.000000    2.652594    0.000000    0.000000    0.000000    0.000000    0.000000    0.000000
  -4.20340   44.472663    0.979935    0.979935    0.000000    2.782354    0.000000    0.000000    0.000000    0.000000    0.000000    0.000000
  -4.19740   46.224387    1.022829    1.022829    0.000000    2.892378    0.000000    0.000000    0.000000    0.000000    0.000000    0.000000
  -4.19140   47.735322    1.054746    1.054746    0.000000    2.977226    0.000000    0.000000    0.000000    0.000000    0.000000    0.000000
  -4.18540   48.952755    1.074264    1.074264    0.000000    3.032809    0.000000    0.000000    0.000000    0.000000    0.000000    0.000000
  -4.17939   49.840763    1.080739    1.080739    0.000000    3.056690    0.000000    0.000000    0.000000    0.000000    0.000000    0.000000
  -4.17339   50.380778    1.074355    1.074355    0.000000    3.048278    0.000000    0.000000    0.000000    0.000000    0.000000    0.000000
  -4.16739   50.570855    1.056092    1.056092    0.000000    3.008851    0.000000    0.000000    0.000000    0.000000    0.000000    0.000000
  -4.16139   50.423849    1.027633    1.027633    0.000000    2.941437    0.000000    0.000000    0.000000    0.000000    0.000000    0.000000
  -4.15539   49.964832    0.991196    0.991196    0.000000    2.850559    0.000000    0.000000    0.000000    0.000000    0.000000    0.000000
  -4.14938   49.228108    0.949336    0.949336    0.000000    2.741865    0.000000    0.000000    0.000000    0.000000    0.000000    0.000000
  -4.14338   48.254142    0.904722    0.904722    0.000000    2.621702    0.000000    0.000000    0.000000    0.000000    0.000000    0.000000
  -4.13738   47.086677    0.859933    0.859933    0.000000    2.496662    0.000000    0.000000    0.000000    0.000000    0.000000    0.000000
  -4.13138   45.770186    0.817271    0.817271    0.000000    2.373148    0.000000    0.000000    0.000000    0.000000    0.000000    0.000000
  -4.12538   44.347749    0.778622    0.778622    0.000000    2.256993    0.000000    0.000000    0.000000    0.000000    0.000000    0.000000
  -4.11937   42.859337    0.745376    0.745376    0.000000    2.153146    0.000000    0.000000    0.000000    0.000000    0.000000    0.000000
  -4.11337   41.340471    0.718387    0.718387    0.000000    2.065449    0.000000    0.000000    0.000000    0.000000    0.000000    0.000000
  -4.10737   39.821223    0.697992    0.697992    0.000000    1.996499    0.000000    0.000000    0.000000    0.000000    0.000000    0.000000
  -4.10137   38.325542    0.684062    0.684062    0.000000    1.947598    0.000000    0.000000    0.000000    0.000000    0.000000    0.000000
  -4.09537   36.870933    0.676090    0.676090    0.000000    1.918783    0.000000    0.000000    0.000000    0.000000    0.000000    0.000000
  -4.08936   35.468566    0.673286    0.673286    0.000000    1.908919    0.000000    0.000000    0.000000    0.000000    0.000000    0.000000
  -4.08336   34.123855    0.674685    0.674685    0.000000    1.915866    0.000000    0.000000    0.000000    0.000000    0.000000    0.000000
  -4.07736   32.837573    0.679249    0.679249    0.000000    1.936694    0.000000    0.000000    0.000000    0.000000    0.000000    0.000000
  -4.07136   31.607475    0.685958    0.685958    0.000000    1.967942    0.000000    0.000000    0.000000    0.000000    0.000000    0.000000
  -4.06536   30.430345    0.693887    0.693887    0.000000    2.005912    0.000000    0.000000    0.000000    0.000000    0.000000    0.000000
  -4.05935   29.304286    0.702269    0.702269    0.000000    2.046974    0.000000    0.000000    0.000000    0.000000    0.000000    0.000000
  -4.05335   28.231026    0.710529    0.710529    0.000000    2.087869    0.000000    0.000000    0.000000    0.000000    0.000000    0.000000
  -4.04735   27.217934    0.718310    0.718310    0.000000    2.125986    0.000000    0.000000    0.000000    0.000000    0.000000    0.000000
  -4.04135   26.279465    0.725477    0.725477    0.000000    2.159584    0.000000    0.000000    0.000000    0.000000    0.000000    0.000000
  -4.03535   25.437749    0.732101    0.732101    0.000000    2.187938    0.000000    0.000000    0.000000    0.000000    0.000000    0.000000
  -4.02934   24.722113    0.738433    0.738433    0.000000    2.211395    0.000000    0.000000    0.000000    0.000000    0.000000    0.000000
  -4.02334   24.167425    0.744864    0.744864    0.000000    2.231311    0.000000    0.000000    0.000000    0.000000    0.000000    0.000000
  -4.01734   23.811252    0.751864    0.751864    0.000000    2.249879    0.000000    0.000000    0.000000    0.000000    0.000000    0.000000
  -4.01134   23.689982    0.759920    0.759920    0.000000    2.269850    0.000000    0.000000    0.000000    0.000000    0.000000    0.000000
  -4.00534   23.834205    0.769460    0.769460    0.000000    2.294166    0.000000    0.000000    0.000000    0.000000    0.000000    0.000000
  -3.99933   24.263805    0.780778    0.780778    0.000000    2.325540    0.000000    0.000000    0.000000    0.000000    0.000000    0.000000
  -3.99333   24.983308    0.793967    0.793967    0.000000    2.366031    0.000000    0.000000    0.000000    0.000000    0.000000    0.000000
  -3.98733   25.978146    0.808858    0.808858    0.000000    2.416670    0.000000    0.000000    0.000000    0.000000    0.000000    0.000000
  -3.98133   27.212451    0.824996    0.824996    0.000000    2.477172    0.000000    0.000000    0.000000    0.000000    0.000000    0.000000
  -3.97533   28.628895    0.841642    0.841642    0.000000    2.545810    0.000000    0.000000    0.000000    0.000000    0.000000    0.000000
  -3.96932   30.150931    0.857813    0.857813    0.000000    2.619445    0.000000    0.000000    0.000000    0.000000    0.000000    0.000000
  -3.96332   31.687439    0.872366    0.872366    0.000000    2.693754    0.000000    0.000000    0.000000    0.000000    0.000000    0.000000
  -3.95732   33.139495    0.884104    0.884104    0.000000    2.763617    0.000000    0.000000    0.000000    0.000000    0.000000    0.000000
  -3.95132   34.408622    0.891911    0.891911    0.000000    2.823623    0.000000    0.000000    0.000000    0.000000    0.000000    0.000000
  -3.94532   35.405597    0.894881    0.894881    0.000000    2.868644    0.000000    0.000000    0.000000    0.000000    0.000000    0.000000
  -3.93931   36.058756    0.892435    0.892435    0.000000    2.894383    0.000000    0.000000    0.000000    0.000000    0.000000    0.000000
  -3.93331   36.320710    0.884401    0.884401    0.000000    2.897838    0.000000    0.000000    0.000000    0.000000    0.000000    0.000000
  -3.92731   36.172577    0.871042    0.871042    0.000000    2.877607    0.000000    0.000000    0.000000    0.000000    0.000000    0.000000
  -3.92131   35.625141    0.853037    0.853037    0.000000    2.834002    0.000000    0.000000    0.000000    0.000000    0.000000    0.000000
  -3.91531   34.716796    0.831400    0.831400    0.000000    2.768954    0.000000    0.000000    0.000000    0.000000    0.000000    0.000000
  -3.90930   33.508563    0.807366    0.807366    0.000000    2.685736    0.000000    0.000000    0.000000    0.000000    0.000000    0.000000
  -3.90330   32.076906    0.782241    0.782241    0.000000    2.588546    0.000000    0.000000    0.000000    0.000000    0.000000    0.000000
  -3.89730   30.505342    0.757257    0.757257    0.000000    2.482023    0.000000    0.000000    0.000000    0.000000    0.000000    0.000000
  -3.89130   28.876006    0.733444    0.733444    0.000000    2.370757    0.000000    0.000000    0.000000    0.000000    0.000000    0.000000
  -3.88530   27.262246    0.711528    0.711528    0.000000    2.258880    0.000000    0.000000    0.000000    0.000000    0.000000    0.000000
  -3.87929   25.723136    0.691895    0.691895    0.000000    2.149772    0.000000    0.000000    0.000000    0.000000    0.000000    0.000000
  -3.87329   24.300433    0.674597    0.674597    0.000000    2.045923    0.000000    0.000000    0.000000    0.000000    0.000000    0.000000
  -3.86729   23.018139    0.659419    0.659419    0.000000    1.948950    0.000000    0.000000    0.000000    0.000000    0.000000    0.000000
  -3.86129   21.884381    0.645978    0.645978    0.000000    1.859752    0.000000    0.000000    0.000000    0.000000    0.000000    0.000000
  -3.85529   20.895068    0.633860    0.633860    0.000000    1.778746    0.000000    0.000000    0.000000    0.000000    0.000000    0.000000
  -3.84928   20.038513    0.622744    0.622744    0.000000    1.706158    0.000000    0.000000    0.000000    0.000000    0.000000    0.000000
  -3.84328   19.300197    0.612527    0.612527    0.000000    1.642279    0.000000    0.000000    0.000000    0.000000    0.000000    0.000000
  -3.83728   18.666890    0.603395    0.603395    0.000000    1.587675    0.000000    0.000000    0.000000    0.000000    0.000000    0.000000
  -3.83128   18.129557    0.595861    0.595861    0.000000    1.543285    0.000000    0.000000    0.000000    0.000000    0.000000    0.000000
  -3.82528   17.684730    0.590734    0.590734    0.000000    1.510413    0.000000    0.000000    0.000000    0.000000    0.000000    0.000000
  -3.81927   17.334332    0.589042    0.589042    0.000000    1.490607    0.000000    0.000000    0.000000    0.000000    0.000000    0.000000
  -3.81327   17.084204    0.591915    0.591915    0.000000    1.485460    0.000000    0.000000    0.000000    0.000000    0.000000    0.000000
  -3.80727   16.941783    0.600440    0.600440    0.000000    1.496363    0.000000    0.000000    0.000000    0.000000    0.000000    0.000000
  -3.80127   16.913492    0.615515    0.615515    0.000000    1.524258    0.000000    0.000000    0.000000    0.000000    0.000000    0.000000
  -3.79527   17.002412    0.637721    0.637721    0.000000    1.569440    0.000000    0.000000    0.000000    0.000000    0.000000    0.000000
  -3.78926   17.206687    0.667242    0.667242    0.000000    1.631442    0.000000    0.000000    0.000000    0.000000    0.000000    0.000000
  -3.78326   17.518977    0.703833    0.703833    0.000000    1.709027    0.000000    0.000000    0.000000    0.000000    0.000000    0.000000
  -3.77726   17.927024    0.746852    0.746852    0.000000    1.800294    0.000000    0.000000    0.000000    0.000000    0.000000    0.000000
  -3.77126   18.415224    0.795347    0.795347    0.000000    1.902885    0.000000    0.000000    0.000000    0.000000    0.000000    0.000000
  -3.76526   18.966902    0.848189    0.848189    0.000000    2.014260    0.000000    0.000000    0.000000    0.000000    0.000000    0.000000
  -3.75925   19.566889    0.904224    0.904224    0.000000    2.132007    0.000000    0.000000    0.000000    0.000000    0.000000    0.000000
  -3.75325   20.203973    0.962432    0.962432    0.000000    2.254130    0.000000    0.000000    0.000000    0.000000    0.000000    0.000000
  -3.74725   20.872838    1.022055    1.022055    0.000000    2.379284    0.000000    0.000000    0.000000    0.000000    0.000000    0.000000
  -3.74125   21.575209    1.082687    1.082687    0.000000    2.506920    0.000000    0.000000    0.000000    0.000000    0.000000    0.000000
  -3.73525   22.320087    1.144304    1.144304    0.000000    2.637320    0.000000    0.000000    0.000000    0.000000    0.000000    0.000000
  -3.72924   23.123057    1.207235    1.207235    0.000000    2.771516    0.000000    0.000000    0.000000    0.000000    0.000000    0.000000
  -3.72324   24.004834    1.272078    1.272078    0.000000    2.911116    0.000000    0.000000    0.000000    0.000000    0.000000    0.000000
  -3.71724   24.989228    1.339563    1.339563    0.000000    3.058044    0.000000    0.000000    0.000000    0.000000    0.000000    0.000000
  -3.71124   26.100786    1.410397    1.410397    0.000000    3.214239    0.000000    0.000000    0.000000    0.000000    0.000000    0.000000
  -3.70524   27.362322    1.485093    1.485093    0.000000    3.381329    0.000000    0.000000    0.000000    0.000000    0.000000    0.000000
  -3.69923   28.792502    1.563812    1.563812    0.000000    3.560327    0.000000    0.000000    0.000000    0.000000    0.000000    0.000000
  -3.69323   30.403599    1.646233    1.646233    0.000000    3.751358    0.000000    0.000000    0.000000    0.000000    0.000000    0.000000
  -3.68723   32.199491    1.731470    1.731470    0.000000    3.953449    0.000000    0.000000    0.000000    0.000000    0.000000    0.000000
  -3.68123   34.173937    1.818034    1.818034    0.000000    4.164394    0.000000    0.000000    0.000000    0.000000    0.000000    0.000000
  -3.67523   36.309195    1.903864    1.903864    0.000000    4.380715    0.000000    0.000000    0.000000    0.000000    0.000000    0.000000
  -3.66922   38.575060    1.986408    1.986408    0.000000    4.597705    0.000000    0.000000    0.000000    0.000000    0.000000    0.000000
  -3.66322   40.928465    2.062761    2.062761    0.000000    4.809592    0.000000    0.000000    0.000000    0.000000    0.000000    0.000000
  -3.65722   43.313774    2.129852    2.129852    0.000000    5.009792    0.000000    0.000000    0.000000    0.000000    0.000000    0.000000
  -3.65122   45.663953    2.184648    2.184648    0.000000    5.191255    0.000000    0.000000    0.000000    0.000000    0.000000    0.000000
  -3.64522   47.902713    2.224383    2.224383    0.000000    5.346889    0.000000    0.000000    0.000000    0.000000    0.000000    0.000000
  -3.63921   49.947678    2.246778    2.246778    0.000000    5.470029    0.000000    0.000000    0.000000    0.000000    0.000000    0.000000
  -3.63321   51.714518    2.250228    2.250228    0.000000    5.554922    0.000000    0.000000    0.000000    0.000000    0.000000    0.000000
  -3.62721   53.121841    2.233955    2.233955    0.000000    5.597201    0.000000    0.000000    0.000000    0.000000    0.000000    0.000000
  -3.62121   54.096546    2.198108    2.198108    0.000000    5.594294    0.000000    0.000000    0.000000    0.000000    0.000000    0.000000
  -3.61521   54.579224    2.143798    2.143798    0.000000    5.545751    0.000000    0.000000    0.000000    0.000000    0.000000    0.000000
  -3.60920   54.529126    2.073078    2.073078    0.000000    5.453462    0.000000    0.000000    0.000000    0.000000    0.000000    0.000000
  -3.60320   53.928251    1.988860    1.988860    0.000000    5.321731    0.000000    0.000000    0.000000    0.000000    0.000000    0.000000
  -3.59720   52.784088    1.894791    1.894791    0.000000    5.157207    0.000000    0.000000    0.000000    0.000000    0.000000    0.000000
  -3.59120   51.130710    1.795073    1.795073    0.000000    4.968650    0.000000    0.000000    0.000000    0.000000    0.000000    0.000000
  -3.58520   49.028009    1.694270    1.694270    0.000000    4.766559    0.000000    0.000000    0.000000    0.000000    0.000000    0.000000
  -3.57919   46.559064    1.597072    1.597072    0.000000    4.562632    0.000000    0.000000    0.000000    0.000000    0.000000    0.000000
  -3.57319   43.825777    1.508058    1.508058    0.000000    4.369118    0.000000    0.000000    0.000000    0.000000    0.000000    0.000000
  -3.56719   40.943121    1.431450    1.431450    0.000000    4.198072    0.000000    0.000000    0.000000    0.000000    0.000000    0.000000
  -3.56119   38.032441    1.370872    1.370872    0.000000    4.060562    0.000000    0.000000    0.000000    0.000000    0.000000    0.000000
  -3.55519   35.214364    1.329136    1.329136    0.000000    3.965893    0.000000    0.000000    0.000000    0.000000    0.000000    0.000000
  -3.54918   32.601915    1.308054    1.308054    0.000000    3.920908    0.000000    0.000000    0.000000    0.000000    0.000000    0.000000
  -3.54318   30.294363    1.308314    1.308314    0.000000    3.929428    0.000000    0.000000    0.000000    0.000000    0.000000    0.000000
  -3.53718   28.372295    1.329412    1.329412    0.000000    3.991907    0.000000    0.000000    0.000000    0.000000    0.000000    0.000000
  -3.53118   26.894226    1.369666    1.369666    0.000000    4.105322    0.000000    0.000000    0.000000    0.000000    0.000000    0.000000
  -3.52518   25.894913    1.426302    1.426302    0.000000    4.263334    0.000000    0.000000    0.000000    0.000000    0.000000    0.000000
  -3.51917   25.385376    1.495623    1.495623    0.000000    4.456706    0.000000    0.000000    0.000000    0.000000    0.000000    0.000000
  -3.51317   25.354466    1.573232    1.573232    0.000000    4.673946    0.000000    0.000000    0.000000    0.000000    0.000000    0.000000
  -3.50717   25.771683    1.654305    1.654305    0.000000    4.902116    0.000000    0.000000    0.000000    0.000000    0.000000    0.000000
  -3.50117   26.590907    1.733888    1.733888    0.000000    5.127743    0.000000    0.000000    0.000000    0.000000    0.000000    0.000000
  -3.49517   27.754629    1.807184    1.807184    0.000000    5.337740    0.000000    0.000000    0.000000    0.000000    0.000000    0.000000
  -3.48916   29.198302    1.869828    1.869828    0.000000    5.520277    0.000000    0.000000    0.000000    0.000000    0.000000    0.000000
  -3.48316   30.854478    1.918119    1.918119    0.000000    5.665529    0.000000    0.000000    0.000000    0.000000    0.000000    0.000000
  -3.47716   32.656453    1.949192    1.949192    0.000000    5.766246    0.000000    0.000000    0.000000    0.000000    0.000000    0.000000
  -3.47116   34.541219    1.961146    1.961146    0.000000    5.818120    0.000000    0.000000    0.000000    0.000000    0.000000    0.000000
  -3.46516   36.451618    1.953087    1.953087    0.000000    5.819925    0.000000    0.000000    0.000000    0.000000    0.000000    0.000000
  -3.45915   38.337652    1.925130    1.925130    0.000000    5.773423    0.000000    0.000000    0.000000    0.000000    0.000000    0.000000
  -3.45315   40.156994    1.878323    1.878323    0.000000    5.683064    0.000000    0.000000    0.000000    0.000000    0.000000    0.000000
  -3.44715   41.874791    1.814536    1.814536    0.000000    5.555485    0.000000    0.000000    0.000000    0.000000    0.000000    0.000000
  -3.44115   43.462912    1.736290    1.736290    0.000000    5.398877    0.000000    0.000000    0.000000    0.000000    0.000000    0.000000
  -3.43515   44.898836    1.646570    1.646570    0.000000    5.222241    0.000000    0.000000    0.000000    0.000000    0.000000    0.000000
  -3.42914   46.164395    1.548610    1.548610    0.000000    5.034630    0.000000    0.000000    0.000000    0.000000    0.000000    0.000000
  -3.42314   47.244576    1.445687    1.445687    0.000000    4.844421    0.000000    0.000000    0.000000    0.000000    0.000000    0.000000
  -3.41714   48.126600    1.340928    1.340928    0.000000    4.658697    0.000000    0.000000    0.000000    0.000000    0.000000    0.000000
  -3.41114   48.799416    1.237147    1.237147    0.000000    4.482808    0.000000    0.000000    0.000000    0.000000    0.000000    0.000000
  -3.40514   49.253711    1.136738    1.136738    0.000000    4.320135    0.000000    0.000000    0.000000    0.000000    0.000000    0.000000
  -3.39913   49.482467    1.041611    1.041611    0.000000    4.172104    0.000000    0.000000    0.000000    0.000000    0.000000    0.000000
  -3.39313   49.481979    0.953187    0.953187    0.000000    4.038415    0.000000    0.000000    0.000000    0.000000    0.000000    0.000000
  -3.38713   49.253198    0.872438    0.872438    0.000000    3.917483    0.000000    0.000000    0.000000    0.000000    0.000000    0.000000
  -3.38113   48.803178    0.799969    0.799969    0.000000    3.806995    0.000000    0.000000    0.000000    0.000000    0.000000    0.000000
  -3.37513   48.146336    0.736109    0.736109    0.000000    3.704537    0.000000    0.000000    0.000000    0.000000    0.000000    0.000000
  -3.36912   47.305258    0.681009    0.681009    0.000000    3.608177    0.000000    0.000000    0.000000    0.000000    0.000000    0.000000
  -3.36312   46.310770    0.634725    0.634725    0.000000    3.516933    0.000000    0.000000    0.000000    0.000000    0.000000    0.000000
  -3.35712   45.201094    0.597270    0.597270    0.000000    3.431065    0.000000    0.000000    0.000000    0.000000    0.000000    0.000000
  -3.35112   44.020014    0.568628    0.568628    0.000000    3.352121    0.000000    0.000000    0.000000    0.000000    0.000000    0.000000
  -3.34512   42.814129    0.548738    0.548738    0.000000    3.282759    0.000000    0.000000    0.000000    0.000000    0.000000    0.000000
  -3.33911   41.629422    0.537438    0.537438    0.000000    3.226346    0.000000    0.000000    0.000000    0.000000    0.000000    0.000000
  -3.33311   40.507545    0.534404    0.534404    0.000000    3.186394    0.000000    0.000000    0.000000    0.000000    0.000000    0.000000
  -3.32711   39.482272    0.539079    0.539079    0.000000    3.165931    0.000000    0.000000    0.000000    0.000000    0.000000    0.000000
  -3.32111   38.576641    0.550616    0.550616    0.000000    3.166877    0.000000    0.000000    0.000000    0.000000    0.000000    0.000000
  -3.31511   37.801220    0.567865    0.567865    0.000000    3.189547    0.000000    0.000000    0.000000    0.000000    0.000000    0.000000
  -3.30910   37.153817    0.589385    0.589385    0.000000    3.232348    0.000000    0.000000    0.000000    0.000000    0.000000    0.000000
  -3.30310   36.620704    0.613520    0.613520    0.000000    3.291734    0.000000    0.000000    0.000000    0.000000    0.000000    0.000000
  -3.29710   36.179239    0.638506    0.638506    0.000000    3.362435    0.000000    0.000000    0.000000    0.000000    0.000000    0.000000
  -3.29110   35.801500    0.662619    0.662619    0.000000    3.437935    0.000000    0.000000    0.000000    0.000000    0.000000    0.000000
  -3.28510   35.458382    0.684341    0.684341    0.000000    3.511146    0.000000    0.000000    0.000000    0.000000    0.000000    0.000000
  -3.27909   35.123537    0.702515    0.702515    0.000000    3.575181    0.000000    0.000000    0.000000    0.000000    0.000000    0.000000
  -3.27309   34.776542    0.716482    0.716482    0.000000    3.624123    0.000000    0.000000    0.000000    0.000000    0.000000    0.000000
  -3.26709   34.404823    0.726167    0.726167    0.000000    3.653683    0.000000    0.000000    0.000000    0.000000    0.000000    0.000000
  -3.26109   34.004094    0.732111    0.732111    0.000000    3.661665    0.000000    0.000000    0.000000    0.000000    0.000000    0.000000
  -3.25509   33.577340    0.735431    0.735431    0.000000    3.648171    0.000000    0.000000    0.000000    0.000000    0.000000    0.000000
  -3.24908   33.132613    0.737721    0.737721    0.000000    3.615534    0.000000    0.000000    0.000000    0.000000    0.000000    0.000000
  -3.24308   32.680175    0.740900    0.740900    0.000000    3.568010    0.000000    0.000000    0.000000    0.000000    0.000000    0.000000
  -3.23708   32.229572    0.747022    0.747022    0.000000    3.511262    0.000000    0.000000    0.000000    0.000000    0.000000    0.000000
  -3.23108   31.787271    0.758073    0.758073    0.000000    3.451743    0.000000    0.000000    0.000000    0.000000    0.000000    0.000000
  -3.22508   31.355324    0.775778    0.775778    0.000000    3.396038    0.000000    0.000000    0.000000    0.000000    0.000000    0.000000
  -3.21907   30.931316    0.801427    0.801427    0.000000    3.350264    0.000000    0.000000    0.000000    0.000000    0.000000    0.000000
  -3.21307   30.509571    0.835751    0.835751    0.000000    3.319568    0.000000    0.000000    0.000000    0.000000    0.000000    0.000000
  -3.20707   30.083319    0.878834    0.878834    0.000000    3.307774    0.000000    0.000000    0.000000    0.000000    0.000000    0.000000
  -3.20107   29.647311    0.930085    0.930085    0.000000    3.317172    0.000000    0.000000    0.000000    0.000000    0.000000    0.000000
  -3.19507   29.200268    0.988245    0.988245    0.000000    3.348436    0.000000    0.000000    0.000000    0.000000    0.000000    0.000000
  -3.18906   28.746564    1.051444    1.051444    0.000000    3.400655    0.000000    0.000000    0.000000    0.000000    0.000000    0.000000
  -3.18306   28.296692    1.117287    1.117287    0.000000    3.471424    0.000000    0.000000    0.000000    0.000000    0.000000    0.000000
  -3.17706   27.866275    1.182969    1.182969    0.000000    3.556995    0.000000    0.000000    0.000000    0.000000    0.000000    0.000000
  -3.17106   27.473725    1.245418    1.245418    0.000000    3.652458    0.000000    0.000000    0.000000    0.000000    0.000000    0.000000
  -3.16506   27.136852    1.301452    1.301452    0.000000    3.751948    0.000000    0.000000    0.000000    0.000000    0.000000    0.000000
  -3.15905   26.869020    1.347961    1.347961    0.000000    3.848902    0.000000    0.000000    0.000000    0.000000    0.000000    0.000000
  -3.15305   26.675504    1.382095    1.382095    0.000000    3.936348    0.000000    0.000000    0.000000    0.000000    0.000000    0.000000
  -3.14705   26.550730    1.401450    1.401450    0.000000    4.007257    0.000000    0.000000    0.000000    0.000000    0.000000    0.000000
  -3.14105   26.476928    1.404244    1.404244    0.000000    4.054930    0.000000    0.000000    0.000000    0.000000    0.000000    0.000000
  -3.13505   26.424531    1.389460    1.389460    0.000000    4.073416    0.000000    0.000000    0.000000    0.000000    0.000000    0.000000
  -3.12904   26.354370    1.356942    1.356942    0.000000    4.057930    0.000000    0.000000    0.000000    0.000000    0.000000    0.000000
  -3.12304   26.221415    1.307431    1.307431    0.000000    4.005223    0.000000    0.000000    0.000000    0.000000    0.000000    0.000000
  -3.11704   25.979608    1.242529    1.242529    0.000000    3.913880    0.000000    0.000000    0.000000    0.000000    0.000000    0.000000
  -3.11104   25.587138    1.164600    1.164600    0.000000    3.784499    0.000000    0.000000    0.000000    0.000000    0.000000    0.000000
  -3.10504   25.011451    1.076605    1.076605    0.000000    3.619726    0.000000    0.000000    0.000000    0.000000    0.000000    0.000000
  -3.09903   24.233352    0.981899    0.981899    0.000000    3.424149    0.000000    0.000000    0.000000    0.000000    0.000000    0.000000
  -3.09303   23.249665    0.883999    0.883999    0.000000    3.204044    0.000000    0.000000    0.000000    0.000000    0.000000    0.000000
  -3.08703   22.074139    0.786364    0.786364    0.000000    2.966999    0.000000    0.000000    0.000000    0.000000    0.000000    0.000000
  -3.08103   20.736544    0.692192    0.692192    0.000000    2.721463    0.000000    0.000000    0.000000    0.000000    0.000000    0.000000
  -3.07503   19.280114    0.604265    0.604265    0.000000    2.476245    0.000000    0.000000    0.000000    0.000000    0.000000    0.000000
  -3.06902   17.757738    0.524840    0.524840    0.000000    2.240023    0.000000    0.000000    0.000000    0.000000    0.000000    0.000000
  -3.06302   16.227393    0.455603    0.455603    0.000000    2.020900    0.000000    0.000000    0.000000    0.000000    0.000000    0.000000
  -3.05702   14.747425    0.397675    0.397675    0.000000    1.826045    0.000000    0.000000    0.000000    0.000000    0.000000    0.000000
  -3.05102   13.372204    0.351656    0.351656    0.000000    1.661433    0.000000    0.000000    0.000000    0.000000    0.000000    0.000000
  -3.04502   12.148608    0.317712    0.317712    0.000000    1.531706    0.000000    0.000000    0.000000    0.000000    0.000000    0.000000
  -3.03901   11.113634    0.295663    0.295663    0.000000    1.440132    0.000000    0.000000    0.000000    0.000000    0.000000    0.000000
  -3.03301   10.293224    0.285085    0.285085    0.000000    1.388663    0.000000    0.000000    0.000000    0.000000    0.000000    0.000000
  -3.02701    9.702244    0.285397    0.285397    0.000000    1.378042    0.000000    0.000000    0.000000    0.000000    0.000000    0.000000
  -3.02101    9.345382    0.295929    0.295929    0.000000    1.407944    0.000000    0.000000    0.000000    0.000000    0.000000    0.000000
  -3.01501    9.218655    0.315961    0.315961    0.000000    1.477114    0.000000    0.000000    0.000000    0.000000    0.000000    0.000000
  -3.00900    9.311161    0.344738    0.344738    0.000000    1.583476    0.000000    0.000000    0.000000    0.000000    0.000000    0.000000
  -3.00300    9.606767    0.381459    0.381459    0.000000    1.724203    0.000000    0.000000    0.000000    0.000000    0.000000    0.000000
  -2.99700   10.085499    0.425239    0.425239    0.000000    1.895764    0.000000    0.000000    0.000000    0.000000    0.000000    0.000000
  -2.99100   10.724498    0.475077    0.475077    0.000000    2.093940    0.000000    0.000000    0.000000    0.000000    0.000000    0.000000
  -2.98499   11.498564    0.529811    0.529811    0.000000    2.313860    0.000000    0.000000    0.000000    0.000000    0.000000    0.000000
  -2.97899   12.380371    0.588096    0.588096    0.000000    2.550074    0.000000    0.000000    0.000000    0.000000    0.000000    0.000000
  -2.97299   13.340553    0.648406    0.648406    0.000000    2.796685    0.000000    0.000000    0.000000    0.000000    0.000000    0.000000
  -2.96699   14.347841    0.709061    0.709061    0.000000    3.047559    0.000000    0.000000    0.000000    0.000000    0.000000    0.000000
  -2.96099   15.369437    0.768298    0.768298    0.000000    3.296606    0.000000    0.000000    0.000000    0.000000    0.000000    0.000000
  -2.95498   16.371747    0.824360    0.824360    0.000000    3.538106    0.000000    0.000000    0.000000    0.000000    0.000000    0.000000
  -2.94898   17.321497    0.875610    0.875610    0.000000    3.767053    0.000000    0.000000    0.000000    0.000000    0.000000    0.000000
  -2.94298   18.187201    0.920656    0.920656    0.000000    3.979460    0.000000    0.000000    0.000000    0.000000    0.000000    0.000000
  -2.93698   18.940834    0.958462    0.958462    0.000000    4.172592    0.000000    0.000000    0.000000    0.000000    0.000000    0.000000
  -2.93098   19.559559    0.988438    0.988438    0.000000    4.345084    0.000000    0.000000    0.000000    0.000000    0.000000    0.000000
  -2.92497   20.027294    1.010506    1.010506    0.000000    4.496933    0.000000    0.000000    0.000000    0.000000    0.000000    0.000000
  -2.91897   20.335936    1.025112    1.025112    0.000000    4.629362    0.000000    0.000000    0.000000    0.000000    0.000000    0.000000
  -2.91297   20.486112    1.033204    1.033204    0.000000    4.744572    0.000000    0.000000    0.000000    0.000000    0.000000    0.000000
  -2.90697   20.487322    1.036173    1.036173    0.000000    4.845428    0.000000    0.000000    0.000000    0.000000    0.000000    0.000000
  -2.90097   20.357479    1.035749    1.035749    0.000000    4.935124    0.000000    0.000000    0.000000    0.000000    0.000000    0.000000
  -2.89496   20.121845    1.033888    1.033888    0.000000    5.016857    0.000000    0.000000    0.000000    0.000000    0.000000    0.000000
  -2.88896   19.811480    1.032632    1.032632    0.000000    5.093569    0.000000    0.000000    0.000000    0.000000    0.000000    0.000000
  -2.88296   19.461317    1.033974    1.033974    0.000000    5.167770    0.000000    0.000000    0.000000    0.000000    0.000000    0.000000
  -2.87696   19.108057    1.039723    1.039723    0.000000    5.241462    0.000000    0.000000    0.000000    0.000000    0.000000    0.000000
  -2.87096   18.788065    1.051389    1.051389    0.000000    5.316154    0.000000    0.000000    0.000000    0.000000    0.000000    0.000000
  -2.86495   18.535458    1.070084    1.070084    0.000000    5.392966    0.000000    0.000000    0.000000    0.000000    0.000000    0.000000
  -2.85895   18.380553    1.096449    1.096449    0.000000    5.472796    0.000000    0.000000    0.000000    0.000000    0.000000    0.000000
  -2.85295   18.348795    1.130614    1.130614    0.000000    5.556534    0.000000    0.000000    0.000000    0.000000    0.000000    0.000000
  -2.84695   18.460247    1.172195    1.172195    0.000000    5.645295    0.000000    0.000000    0.000000    0.000000    0.000000    0.000000
  -2.84095   18.729634    1.220330    1.220330    0.000000    5.740673    0.000000    0.000000    0.000000    0.000000    0.000000    0.000000
  -2.83494   19.166889    1.273751    1.273751    0.000000    5.844981    0.000000    0.000000    0.000000    0.000000    0.000000    0.000000
  -2.82894   19.778057    1.330903    1.330903    0.000000    5.961483    0.000000    0.000000    0.000000    0.000000    0.000000    0.000000
  -2.82294   20.566377    1.390090    1.390090    0.000000    6.094590    0.000000    0.000000    0.000000    0.000000    0.000000    0.000000
  -2.81694   21.533311    1.449647    1.449647    0.000000    6.249984    0.000000    0.000000    0.000000    0.000000    0.000000    0.000000
  -2.81094   22.679283    1.508112    1.508112    0.000000    6.434650    0.000000    0.000000    0.000000    0.000000    0.000000    0.000000
  -2.80493   24.003920    1.564389    1.564389    0.000000    6.656745    0.000000    0.000000    0.000000    0.000000    0.000000    0.000000
  -2.79893   25.505637    1.617863    1.617863    0.000000    6.925262    0.000000    0.000000    0.000000    0.000000    0.000000    0.000000
  -2.79293   27.180520    1.668458    1.668458    0.000000    7.249466    0.000000    0.000000    0.000000    0.000000    0.000000    0.000000
  -2.78693   29.020572    1.716615    1.716615    0.000000    7.638062    0.000000    0.000000    0.000000    0.000000    0.000000    0.000000
  -2.78093   31.011557    1.763189    1.763189    0.000000    8.098158    0.000000    0.000000    0.000000    0.000000    0.000000    0.000000
  -2.77492   33.130767    1.809260    1.809260    0.000000    8.634090    0.000000    0.000000    0.000000    0.000000    0.000000    0.000000
  -2.76892   35.345187    1.855895    1.855895    0.000000    9.246258    0.000000    0.000000    0.000000    0.000000    0.000000    0.000000
  -2.76292   37.610506    1.903887    1.903887    0.000000    9.930140    0.000000    0.000000    0.000000    0.000000    0.000000    0.000000
  -2.75692   39.871428    1.953503    1.953503    0.000000   10.675688    0.000000    0.000000    0.000000    0.000000    0.000000    0.000000
  -2.75092   42.063557    2.004310    2.004310    0.000000   11.467260    0.000000    0.000000    0.000000    0.000000    0.000000    0.000000
  -2.74491   44.116927    2.055080    2.055080    0.000000   12.284220    0.000000    0.000000    0.000000    0.000000    0.000000    0.000000
  -2.73891   45.960997    2.103837    2.103837    0.000000   13.102212    0.000000    0.000000    0.000000    0.000000    0.000000    0.000000
  -2.73291   47.530639    2.148013    2.148013    0.000000   13.895032    0.000000    0.000000    0.000000    0.000000    0.000000    0.000000
  -2.72691   48.772418    2.184733    2.184733    0.000000   14.636910    0.000000    0.000000    0.000000    0.000000    0.000000    0.000000
  -2.72091   49.650367    2.211162    2.211162    0.000000   15.304911    0.000000    0.000000    0.000000    0.000000    0.000000    0.000000
  -2.71490   50.150386    2.224890    2.224890    0.000000   15.881150    0.000000    0.000000    0.000000    0.000000    0.000000    0.000000
  -2.70890   50.282582    2.224291    2.224291    0.000000   16.354486    0.000000    0.000000    0.000000    0.000000    0.000000    0.000000
  -2.70290   50.081082    2.208806    2.208806    0.000000   16.721471    0.000000    0.000000    0.000000    0.000000    0.000000    0.000000
  -2.69690   49.601206    2.179104    2.179104    0.000000   16.986394    0.000000    0.000000    0.000000    0.000000    0.000000    0.000000
  -2.69090   48.914245    2.137112    2.137112    0.000000   17.160427    0.000000    0.000000    0.000000    0.000000    0.000000    0.000000
  -2.68489   48.100450    2.085901    2.085901    0.000000   17.260013    0.000000    0.000000    0.000000    0.000000    0.000000    0.000000
  -2.67889   47.241097    2.029443    2.029443    0.000000   17.304745    0.000000    0.000000    0.000000    0.000000    0.000000    0.000000
  -2.67289   46.410600    1.972284    1.972284    0.000000   17.315067    0.000000    0.000000    0.000000    0.000000    0.000000    0.000000
  -2.66689   45.669672    1.919164    1.919164    0.000000   17.310139    0.000000    0.000000    0.000000    0.000000    0.000000    0.000000
  -2.66089   45.060349    1.874627    1.874627    0.000000   17.306163    0.000000    0.000000    0.000000    0.000000    0.000000    0.000000
  -2.65488   44.603437    1.842678    1.842678    0.000000   17.315375    0.000000    0.000000    0.000000    0.000000    0.000000    0.000000
  -2.64888   44.298615    1.826494    1.826494    0.000000   17.345804    0.000000    0.000000    0.000000    0.000000    0.000000    0.000000
  -2.64288   44.127074    1.828240    1.828240    0.000000   17.401740    0.000000    0.000000    0.000000    0.000000    0.000000    0.000000
  -2.63688   44.056247    1.848968    1.848968    0.000000   17.484760    0.000000    0.000000    0.000000    0.000000    0.000000    0.000000
  -2.63088   44.045963    1.888626    1.888626    0.000000   17.595077    0.000000    0.000000    0.000000    0.000000    0.000000    0.000000
  -2.62487   44.055200    1.946144    1.946144    0.000000   17.732932    0.000000    0.000000    0.000000    0.000000    0.000000    0.000000
  -2.61887   44.048583    2.019608    2.019608    0.000000   17.899756    0.000000    0.000000    0.000000    0.000000    0.000000    0.000000
  -2.61287   44.001836    2.106467    2.106467    0.000000   18.098881    0.000000    0.000000    0.000000    0.000000    0.000000    0.000000
  -2.60687   43.905570    2.203796    2.203796    0.000000   18.335674    0.000000    0.000000    0.000000    0.000000    0.000000    0.000000
  -2.60087   43.766976    2.308539    2.308539    0.000000   18.617051    0.000000    0.000000    0.000000    0.000000    0.000000    0.000000
  -2.59486   43.609275    2.417758    2.417758    0.000000   18.950430    0.000000    0.000000    0.000000    0.000000    0.000000    0.000000
  -2.58886   43.469031    2.528823    2.528823    0.000000   19.342312    0.000000    0.000000    0.000000    0.000000    0.000000    0.000000
  -2.58286   43.391662    2.639546    2.639546    0.000000   19.796686    0.000000    0.000000    0.000000    0.000000    0.000000    0.000000
  -2.57686   43.425714    2.748239    2.748239    0.000000   20.313547    0.000000    0.000000    0.000000    0.000000    0.000000    0.000000
  -2.57086   43.616587    2.853694    2.853694    0.000000   20.887761    0.000000    0.000000    0.000000    0.000000    0.000000    0.000000
  -2.56485   44.000467    2.955098    2.955098    0.000000   21.508499    0.000000    0.000000    0.000000    0.000000    0.000000    0.000000
  -2.55885   44.599206    3.051905    3.051905    0.000000   22.159367    0.000000    0.000000    0.000000    0.000000    0.000000    0.000000
  -2.55285   45.416774    3.143701    3.143701    0.000000   22.819259    0.000000    0.000000    0.000000    0.000000    0.000000    0.000000
  -2.54685   46.437728    3.230109    3.230109    0.000000   23.463871    0.000000    0.000000    0.000000    0.000000    0.000000    0.000000
  -2.54085   47.627896    3.310761    3.310761    0.000000   24.067683    0.000000    0.000000    0.000000    0.000000    0.000000    0.000000
  -2.53484   48.937205    3.385373    3.385373    0.000000   24.606202    0.000000    0.000000    0.000000    0.000000    0.000000    0.000000
  -2.52884   50.304328    3.453933    3.453933    0.000000   25.058161    0.000000    0.000000    0.000000    0.000000    0.000000    0.000000
  -2.52284   51.662565    3.516973    3.516973    0.000000   25.407431    0.000000    0.000000    0.000000    0.000000    0.000000    0.000000
  -2.51684   52.946272    3.575900    3.575900    0.000000   25.644422    0.000000    0.000000    0.000000    0.000000    0.000000    0.000000
  -2.51084   54.097047    3.633313    3.633313    0.000000   25.766824    0.000000    0.000000    0.000000    0.000000    0.000000    0.000000
  -2.50483   55.068950    3.693250    3.693250    0.000000   25.779646    0.000000    0.000000    0.000000    0.000000    0.000000    0.000000
  -2.49883   55.832179    3.761280    3.761280    0.000000   25.694583    0.000000    0.000000    0.000000    0.000000    0.000000    0.000000
  -2.49283   56.374818    3.844403    3.844403    0.000000   25.528823    0.000000    0.000000    0.000000    0.000000    0.000000    0.000000
  -2.48683   56.702548    3.950712    3.950712    0.000000   25.303466    0.000000    0.000000    0.000000    0.000000    0.000000    0.000000
  -2.48083   56.836461    4.088847    4.088847    0.000000   25.041720    0.000000    0.000000    0.000000    0.000000    0.000000    0.000000
  -2.47482   56.809343    4.267241    4.267241    0.000000   24.767066    0.000000    0.000000    0.000000    0.000000    0.000000    0.000000
  -2.46882   56.660948    4.493262    4.493262    0.000000   24.501530    0.000000    0.000000    0.000000    0.000000    0.000000    0.000000
  -2.46282   56.432889    4.772321    4.772321    0.000000   24.264191    0.000000    0.000000    0.000000    0.000000    0.000000    0.000000
  -2.45682   56.163727    5.107044    5.107044    0.000000   24.069987    0.000000    0.000000    0.000000    0.000000    0.000000    0.000000
  -2.45082   55.884816    5.496632    5.496632    0.000000   23.928872    0.000000    0.000000    0.000000    0.000000    0.000000    0.000000
  -2.44481   55.617277    5.936463    5.936463    0.000000   23.845362    0.000000    0.000000    0.000000    0.000000    0.000000    0.000000
  -2.43881   55.370357    6.418043    6.418043    0.000000   23.818451    0.000000    0.000000    0.000000    0.000000    0.000000    0.000000
  -2.43281   55.141237    6.929313    6.929313    0.000000   23.841922    0.000000    0.000000    0.000000    0.000000    0.000000    0.000000
  -2.42681   54.916214    7.455322    7.455322    0.000000   23.905028    0.000000    0.000000    0.000000    0.000000    0.000000    0.000000
  -2.42081   54.673039    7.979239    7.979239    0.000000   23.993515    0.000000    0.000000    0.000000    0.000000    0.000000    0.000000
  -2.41480   54.384138    8.483606    8.483606    0.000000   24.090935    0.000000    0.000000    0.000000    0.000000    0.000000    0.000000
  -2.40880   54.020349    8.951730    8.951730    0.000000   24.180170    0.000000    0.000000    0.000000    0.000000    0.000000    0.000000
  -2.40280   53.554799    9.369071    9.369071    0.000000   24.245057    0.000000    0.000000    0.000000    0.000000    0.000000    0.000000
  -2.39680   52.966578    9.724475    9.724475    0.000000   24.271990    0.000000    0.000000    0.000000    0.000000    0.000000    0.000000
  -2.39080   52.243855   10.011111   10.011111    0.000000   24.251336    0.000000    0.000000    0.000000    0.000000    0.000000    0.000000
  -2.38479   51.386189   10.226995   10.226995    0.000000   24.178561    0.000000    0.000000    0.000000    0.000000    0.000000    0.000000
  -2.37879   50.405817   10.375044   10.375044    0.000000   24.054933    0.000000    0.000000    0.000000    0.000000    0.000000    0.000000
  -2.37279   49.327852   10.462644   10.462644    0.000000   23.887738    0.000000    0.000000    0.000000    0.000000    0.000000    0.000000
  -2.36679   48.189380   10.500825   10.500825    0.000000   23.690017    0.000000    0.000000    0.000000    0.000000    0.000000    0.000000
  -2.36079   47.037569   10.503135   10.503135    0.000000   23.479838    0.000000    0.000000    0.000000    0.000000    0.000000    0.000000
  -2.35478   45.927016   10.484404   10.484404    0.000000   23.279221    0.000000    0.000000    0.000000    0.000000    0.000000    0.000000
  -2.34878   44.916574   10.459568   10.459568    0.000000   23.112814    0.000000    0.000000    0.000000    0.000000    0.000000    0.000000
  -2.34278   44.065994   10.442718   10.442718    0.000000   23.006480    0.000000    0.000000    0.000000    0.000000    0.000000    0.000000
  -2.33678   43.432648   10.446500   10.446500    0.000000   22.985907    0.000000    0.000000    0.000000    0.000000    0.000000    0.000000
  -2.33078   43.068625   10.481907   10.481907    0.000000   23.075339    0.000000    0.000000    0.000000    0.000000    0.000000    0.000000
  -2.32477   43.018331   10.558462   10.558462    0.000000   23.296491    0.000000    0.000000    0.000000    0.000000    0.000000    0.000000
  -2.31877   43.316708   10.684676   10.684676    0.000000   23.667655    0.000000    0.000000    0.000000    0.000000    0.000000    0.000000
  -2.31277   43.988041   10.868666   10.868666    0.000000   24.202978    0.000000    0.000000    0.000000    0.000000    0.000000    0.000000
  -2.30677   45.045245   11.118716   11.118716    0.000000   24.911852    0.000000    0.000000    0.000000    0.000000    0.000000    0.000000
  -2.30077   46.489504   11.443644   11.443644    0.000000   25.798361    0.000000    0.000000    0.000000    0.000000    0.000000    0.000000
  -2.29476   48.310095   11.852793   11.852793    0.000000   26.860734    0.000000    0.000000    0.000000    0.000000    0.000000    0.000000
  -2.28876   50.484285   12.355570   12.355570    0.000000   28.090794    0.000000    0.000000    0.000000    0.000000    0.000000    0.000000
  -2.28276   52.977262   12.960509   12.960509    0.000000   29.473435    0.000000    0.000000    0.000000    0.000000    0.000000    0.000000
  -2.27676   55.742161   13.673930   13.673930    0.000000   30.986204    0.000000    0.000000    0.000000    0.000000    0.000000    0.000000
  -2.27076   58.720319   14.498334   14.498334    0.000000   32.599131    0.000000    0.000000    0.000000    0.000000    0.000000    0.000000
  -2.26475   61.841992   15.430763   15.430763    0.000000   34.274952    0.000000    0.000000    0.000000    0.000000    0.000000    0.000000
  -2.25875   65.027750   16.461380   16.461380    0.000000   35.969887    0.000000    0.000000    0.000000    0.000000    0.000000    0.000000
  -2.25275   68.190770   17.572541   17.572541    0.000000   37.635099    0.000000    0.000000    0.000000    0.000000    0.000000    0.000000
  -2.24675   71.240087   18.738596   18.738596    0.000000   39.218872    0.000000    0.000000    0.000000    0.000000    0.000000    0.000000
  -2.24075   74.084774   19.926571   19.926571    0.000000   40.669459    0.000000    0.000000    0.000000    0.000000    0.000000    0.000000
  -2.23474   76.638807   21.097794   21.097794    0.000000   41.938439    0.000000    0.000000    0.000000    0.000000    0.000000    0.000000
  -2.22874   78.826240   22.210369   22.210369    0.000000   42.984298    0.000000    0.000000    0.000000    0.000000    0.000000    0.000000
  -2.22274   80.586189   23.222294   23.222294    0.000000   43.775871    0.000000    0.000000    0.000000    0.000000    0.000000    0.000000
  -2.21674   81.877080   24.094886   24.094886    0.000000   44.295267    0.000000    0.000000    0.000000    0.000000    0.000000    0.000000
  -2.21074   82.679678   24.796126   24.796126    0.000000   44.539869    0.000000    0.000000    0.000000    0.000000    0.000000    0.000000
  -2.20473   82.998505   25.303498   25.303498    0.000000   44.523135    0.000000    0.000000    0.000000    0.000000    0.000000    0.000000
  -2.19873   82.861466   25.605971   25.605971    0.000000   44.274013    0.000000    0.000000    0.000000    0.000000    0.000000    0.000000
  -2.19273   82.317690   25.704867   25.704867    0.000000   43.834966    0.000000    0.000000    0.000000    0.000000    0.000000    0.000000
  -2.18673   81.433826   25.613498   25.613498    0.000000   43.258769    0.000000    0.000000    0.000000    0.000000    0.000000    0.000000
  -2.18073   80.289155   25.355649   25.355649    0.000000   42.604387    0.000000    0.000000    0.000000    0.000000    0.000000    0.000000
  -2.17472   78.970042   24.963111   24.963111    0.000000   41.932356    0.000000    0.000000    0.000000    0.000000    0.000000    0.000000
  -2.16872   77.564215   24.472598   24.472598    0.000000   41.300144    0.000000    0.000000    0.000000    0.000000    0.000000    0.000000
  -2.16272   76.155378   23.922454   23.922454    0.000000   40.757961    0.000000    0.000000    0.000000    0.000000    0.000000    0.000000
  -2.15672   74.818539   23.349526   23.349526    0.000000   40.345401    0.000000    0.000000    0.000000    0.000000    0.000000    0.000000
  -2.15072   73.616331   22.786563   22.786563    0.000000   40.089215    0.000000    0.000000    0.000000    0.000000    0.000000    0.000000
  -2.14471   72.596481   22.260344   22.260344    0.000000   40.002359    0.000000    0.000000    0.000000    0.000000    0.000000    0.000000
  -2.13871   71.790468   21.790668   21.790668    0.000000   40.084297    0.000000    0.000000    0.000000    0.000000    0.000000    0.000000
  -2.13271   71.213324   21.390178   21.390178    0.000000   40.322471    0.000000    0.000000    0.000000    0.000000    0.000000    0.000000
  -2.12671   70.864497   21.064909   21.064909    0.000000   40.694676    0.000000    0.000000    0.000000    0.000000    0.000000    0.000000
  -2.12071   70.729622   20.815395   20.815395    0.000000   41.172090    0.000000    0.000000    0.000000    0.000000    0.000000    0.000000
  -2.11470   70.783073   20.638131   20.638131    0.000000   41.722638    0.000000    0.000000    0.000000    0.000000    0.000000    0.000000
  -2.10870   70.991107   20.527208   20.527208    0.000000   42.314387    0.000000    0.000000    0.000000    0.000000    0.000000    0.000000
  -2.10270   71.315436   20.475972   20.475972    0.000000   42.918725    0.000000    0.000000    0.000000    0.000000    0.000000    0.000000
  -2.09670   71.716992   20.478566   20.478566    0.000000   43.513064    0.000000    0.000000    0.000000    0.000000    0.000000    0.000000
  -2.09070   72.159653   20.531276   20.531276    0.000000   44.082905    0.000000    0.000000    0.000000    0.000000    0.000000    0.000000
  -2.08469   72.613625   20.633569   20.633569    0.000000   44.623097    0.000000    0.000000    0.000000    0.000000    0.000000    0.000000
  -2.07869   73.058185   20.788739   20.788739    0.000000   45.138190    0.000000    0.000000    0.000000    0.000000    0.000000    0.000000
  -2.07269   73.483456   21.004051   21.004051    0.000000   45.641802    0.000000    0.000000    0.000000    0.000000    0.000000    0.000000
  -2.06669   73.890959   21.290281   21.290281    0.000000   46.154987    0.000000    0.000000    0.000000    0.000000    0.000000    0.000000
  -2.06069   74.292732   21.660579   21.660579    0.000000   46.703655    0.000000    0.000000    0.000000    0.000000    0.000000    0.000000
  -2.05468   74.708982   22.128644   22.128644    0.000000   47.315179    0.000000    0.000000    0.000000    0.000000    0.000000    0.000000
  -2.04868   75.164385   22.706314   22.706314    0.000000   48.014441    0.000000    0.000000    0.000000    0.000000    0.000000    0.000000
  -2.04268   75.683384   23.400768   23.400768    0.000000   48.819667    0.000000    0.000000    0.000000    0.000000    0.000000    0.000000
  -2.03668   76.285014   24.211690   24.211690    0.000000   49.738517    0.000000    0.000000    0.000000    0.000000    0.000000    0.000000
  -2.03068   76.977931   25.128821   25.128821    0.000000   50.764932    0.000000    0.000000    0.000000    0.000000    0.000000    0.000000
  -2.02467   77.756420   26.130352   26.130352    0.000000   51.877241    0.000000    0.000000    0.000000    0.000000    0.000000    0.000000
  -2.01867   78.598081   27.182577   27.182577    0.000000   53.037962    0.000000    0.000000    0.000000    0.000000    0.000000    0.000000
  -2.01267   79.463718   28.241066   28.241066    0.000000   54.195537    0.000000    0.000000    0.000000    0.000000    0.000000    0.000000
  -2.00667   80.299706   29.253438   29.253438    0.000000   55.288009    0.000000    0.000000    0.000000    0.000000    0.000000    0.000000
  -2.00067   81.042693   30.163527   30.163527    0.000000   56.248398    0.000000    0.000000    0.000000    0.000000    0.000000    0.000000
  -1.99466   81.626170   30.916531   30.916531    0.000000   57.011225    0.000000    0.000000    0.000000    0.000000    0.000000    0.000000
  -1.98866   81.988083   31.464499   31.464499    0.000000   57.519456    0.000000    0.000000    0.000000    0.000000    0.000000    0.000000
  -1.98266   82.078486   31.771453   31.771453    0.000000   57.731006    0.000000    0.000000    0.000000    0.000000    0.000000    0.000000
  -1.97666   81.866177   31.817447   31.817447    0.000000   57.623992    0.000000    0.000000    0.000000    0.000000    0.000000    0.000000
  -1.97066   81.343416   31.600997   31.600997    0.000000   57.200029    0.000000    0.000000    0.000000    0.000000    0.000000    0.000000
  -1.96465   80.528078   31.139584   31.139584    0.000000   56.485170    0.000000    0.000000    0.000000    0.000000    0.000000    0.000000
  -1.95865   79.463023   30.468159   30.468159    0.000000   55.528362    0.000000    0.000000    0.000000    0.000000    0.000000    0.000000
  -1.95265   78.212812   29.635914   29.635914    0.000000   54.397653    0.000000    0.000000    0.000000    0.000000    0.000000    0.000000
  -1.94665   76.858271   28.701759   28.701759    0.000000   53.174608    0.000000    0.000000    0.000000    0.000000    0.000000    0.000000
  -1.94065   75.489643   27.729094   27.729094    0.000000   51.947606    0.000000    0.000000    0.000000    0.000000    0.000000    0.000000
  -1.93464   74.199125   26.780500   26.780500    0.000000   50.804725    0.000000    0.000000    0.000000    0.000000    0.000000    0.000000
  -1.92864   73.073557   25.912878   25.912878    0.000000   49.826883    0.000000    0.000000    0.000000    0.000000    0.000000    0.000000
  -1.92264   72.187879   25.173450   25.173450    0.000000   49.081779    0.000000    0.000000    0.000000    0.000000    0.000000    0.000000
  -1.91664   71.599739   24.596860   24.596860    0.000000   48.619012    0.000000    0.000000    0.000000    0.000000    0.000000    0.000000
  -1.91064   71.345465   24.203449   24.203449    0.000000   48.466598    0.000000    0.000000    0.000000    0.000000    0.000000    0.000000
  -1.90463   71.437453   23.998654   23.998654    0.000000   48.628967    0.000000    0.000000    0.000000    0.000000    0.000000    0.000000
  -1.89863   71.862927   23.973426   23.973426    0.000000   49.086457    0.000000    0.000000    0.000000    0.000000    0.000000    0.000000
  -1.89263   72.584055   24.105502   24.105502    0.000000   49.796279    0.000000    0.000000    0.000000    0.000000    0.000000    0.000000
  -1.88663   73.539408   24.361416   24.361416    0.000000   50.694898    0.000000    0.000000    0.000000    0.000000    0.000000    0.000000
  -1.88063   74.646795   24.699118   24.699118    0.000000   51.701782    0.000000    0.000000    0.000000    0.000000    0.000000    0.000000
  -1.87462   75.807498   25.071110   25.071110    0.000000   52.724416    0.000000    0.000000    0.000000    0.000000    0.000000    0.000000
  -1.86862   76.911911   25.427977   25.427977    0.000000   53.664391    0.000000    0.000000    0.000000    0.000000    0.000000    0.000000
  -1.86262   77.846405   25.722156   25.722156    0.000000   54.424275    0.000000    0.000000    0.000000    0.000000    0.000000    0.000000
  -1.85662   78.501135   25.911754   25.911754    0.000000   54.914852    0.000000    0.000000    0.000000    0.000000    0.000000    0.000000
  -1.85062   78.778276   25.964122   25.964122    0.000000   55.062177    0.000000    0.000000    0.000000    0.000000    0.000000    0.000000
  -1.84461   78.600060   25.858931   25.858931    0.000000   54.813858    0.000000    0.000000    0.000000    0.000000    0.000000    0.000000
  -1.83861   77.915875   25.590409   25.590409    0.000000   54.143969    0.000000    0.000000    0.000000    0.000000    0.000000    0.000000
  -1.83261   76.707700   25.168529   25.168529    0.000000   53.056084    0.000000    0.000000    0.000000    0.000000    0.000000    0.000000
  -1.82661   74.993278   24.618960   24.618960    0.000000   51.584087    0.000000    0.000000    0.000000    0.000000    0.000000    0.000000
  -1.82061   72.826596   23.981759   23.981759    0.000000   49.790628    0.000000    0.000000    0.000000    0.000000    0.000000    0.000000
  -1.81460   70.295525   23.308883   23.308883    0.000000   47.763342    0.000000    0.000000    0.000000    0.000000    0.000000    0.000000
  -1.80860   67.516725   22.660730   22.660730    0.000000   45.609134    0.000000    0.000000    0.000000    0.000000    0.000000    0.000000
  -1.80260   64.628219   22.102020   22.102020    0.000000   43.447054    0.000000    0.000000    0.000000    0.000000    0.000000    0.000000
  -1.79660   61.780191   21.697343   21.697343    0.000000   41.400332    0.000000    0.000000    0.000000    0.000000    0.000000    0.000000
  -1.79060   59.124761   21.506734   21.506734    0.000000   39.588215    0.000000    0.000000    0.000000    0.000000    0.000000    0.000000
  -1.78459   56.805506   21.581556   21.581556    0.000000   38.118174    0.000000    0.000000    0.000000    0.000000    0.000000    0.000000
  -1.77859   54.947477   21.960935   21.960935    0.000000   37.078964    0.000000    0.000000    0.000000    0.000000    0.000000    0.000000
  -1.77259   53.648418   22.668899   22.668899    0.000000   36.534932    0.000000    0.000000    0.000000    0.000000    0.000000    0.000000
  -1.76659   52.971740   23.712311   23.712311    0.000000   36.521813    0.000000    0.000000    0.000000    0.000000    0.000000    0.000000
  -1.76059   52.941706   25.079652   25.079652    0.000000   37.044199    0.000000    0.000000    0.000000    0.000000    0.000000    0.000000
  -1.75458   53.541143   26.740691   26.740691    0.000000   38.074782    0.000000    0.000000    0.000000    0.000000    0.000000    0.000000
  -1.74858   54.711861   28.647097   28.647097    0.000000   39.555430    0.000000    0.000000    0.000000    0.000000    0.000000    0.000000
  -1.74258   56.357861   30.734054   30.734054    0.000000   41.400125    0.000000    0.000000    0.000000    0.000000    0.000000    0.000000
  -1.73658   58.351233   32.922935   32.922935    0.000000   43.499713    0.000000    0.000000    0.000000    0.000000    0.000000    0.000000
  -1.73058   60.540507   35.125060   35.125060    0.000000   45.728345    0.000000    0.000000    0.000000    0.000000    0.000000    0.000000
  -1.72457   62.761016   37.246476   37.246476    0.000000   47.951350    0.000000    0.000000    0.000000    0.000000    0.000000    0.000000
  -1.71857   64.846608   39.193557   39.193557    0.000000   50.034098    0.000000    0.000000    0.000000    0.000000    0.000000    0.000000
  -1.71257   66.641829   40.879073   40.879073    0.000000   51.851252    0.000000    0.000000    0.000000    0.000000    0.000000    0.000000
  -1.70657   68.013546   42.228241   42.228241    0.000000   53.295633    0.000000    0.000000    0.000000    0.000000    0.000000    0.000000
  -1.70057   68.860892   43.184128   43.184128    0.000000   54.285847    0.000000    0.000000    0.000000    0.000000    0.000000    0.000000
  -1.69456   69.122477   43.711798   43.711798    0.000000   54.771852    0.000000    0.000000    0.000000    0.000000    0.000000    0.000000
  -1.68856   68.780039   43.800651   43.800651    0.000000   54.737795    0.000000    0.000000    0.000000    0.000000    0.000000    0.000000
  -1.68256   67.858037   43.464582   43.464582    0.000000   54.201720    0.000000    0.000000    0.000000    0.000000    0.000000    0.000000
  -1.67656   66.419207   42.739880   42.739880    0.000000   53.212148    0.000000    0.000000    0.000000    0.000000    0.000000    0.000000
  -1.67056   64.556569   41.681082   41.681082    0.000000   51.841887    0.000000    0.000000    0.000000    0.000000    0.000000    0.000000
  -1.66455   62.382849   40.355285   40.355285    0.000000   50.179855    0.000000    0.000000    0.000000    0.000000    0.000000    0.000000
  -1.65855   60.018619   38.835653   38.835653    0.000000   48.321907    0.000000    0.000000    0.000000    0.000000    0.000000    0.000000
  -1.65255   57.580601   37.194935   37.194935    0.000000   46.361814    0.000000    0.000000    0.000000    0.000000    0.000000    0.000000
  -1.64655   55.171479   35.499785   35.499785    0.000000   44.383422    0.000000    0.000000    0.000000    0.000000    0.000000    0.000000
  -1.64055   52.872341   33.806521   33.806521    0.000000   42.454861    0.000000    0.000000    0.000000    0.000000    0.000000    0.000000
  -1.63454   50.738405   32.158677   32.158677    0.000000   40.625261    0.000000    0.000000    0.000000    0.000000    0.000000    0.000000
  -1.62854   48.798229   30.586445   30.586445    0.000000   38.924112    0.000000    0.000000    0.000000    0.000000    0.000000    0.000000
  -1.62254   47.056121   29.107797   29.107797    0.000000   37.363008    0.000000    0.000000    0.000000    0.000000    0.000000    0.000000
  -1.61654   45.497089   27.730876   27.730876    0.000000   35.939222    0.000000    0.000000    0.000000    0.000000    0.000000    0.000000
  -1.61054   44.093435   26.457135   26.457135    0.000000   34.640431    0.000000    0.000000    0.000000    0.000000    0.000000    0.000000
  -1.60453   42.812011   25.284664   25.284664    0.000000   33.449825    0.000000    0.000000    0.000000    0.000000    0.000000    0.000000
  -1.59853   41.621203   24.211244   24.211244    0.000000   32.350942    0.000000    0.000000    0.000000    0.000000    0.000000    0.000000
  -1.59253   40.496888   23.236774   23.236774    0.000000   31.331691    0.000000    0.000000    0.000000    0.000000    0.000000    0.000000
  -1.58653   39.426822   22.364864   22.364864    0.000000   30.387236    0.000000    0.000000    0.000000    0.000000    0.000000    0.000000
  -1.58053   38.413145   21.603564   21.603564    0.000000   29.521554    0.000000    0.000000    0.000000    0.000000    0.000000    0.000000
  -1.57452   37.472931   20.965249   20.965249    0.000000   28.747704    0.000000    0.000000    0.000000    0.000000    0.000000    0.000000
  -1.56852   36.636874   20.465816   20.465816    0.000000   28.086877    0.000000    0.000000    0.000000    0.000000    0.000000    0.000000
  -1.56252   35.946344   20.123316   20.123316    0.000000   27.566447    0.000000    0.000000    0.000000    0.000000    0.000000    0.000000
  -1.55652   35.449156   19.956202   19.956202    0.000000   27.217232    0.000000    0.000000    0.000000    0.000000    0.000000    0.000000
  -1.55052   35.194462   19.981324   19.981324    0.000000   27.070226    0.000000    0.000000    0.000000    0.000000    0.000000    0.000000
  -1.54451   35.227202   20.211824   20.211824    0.000000   27.153069    0.000000    0.000000    0.000000    0.000000    0.000000    0.000000
  -1.53851   35.582600   20.655058   20.655058    0.000000   27.486527    0.000000    0.000000    0.000000    0.000000    0.000000    0.000000
  -1.53251   36.281169   21.310693   21.310693    0.000000   28.081250    0.000000    0.000000    0.000000    0.000000    0.000000    0.000000
  -1.52651   37.324670   22.169140   22.169140    0.000000   28.935099    0.000000    0.000000    0.000000    0.000000    0.000000    0.000000
  -1.52051   38.693404   23.210463   23.210463    0.000000   30.031264    0.000000    0.000000    0.000000    0.000000    0.000000    0.000000
  -1.51450   40.345132   24.403923   24.403923    0.000000   31.337402    0.000000    0.000000    0.000000    0.000000    0.000000    0.000000
  -1.50850   42.215774   25.708273   25.708273    0.000000   32.805918    0.000000    0.000000    0.000000    0.000000    0.000000    0.000000
  -1.50250   44.221918   27.072870   27.072870    0.000000   34.375450    0.000000    0.000000    0.000000    0.000000    0.000000    0.000000
  -1.49650   46.264987   28.439602   28.439602    0.000000   35.973515    0.000000    0.000000    0.000000    0.000000    0.000000    0.000000
  -1.49050   48.236781   29.745550   29.745550    0.000000   37.520154    0.000000    0.000000    0.000000    0.000000    0.000000    0.000000
  -1.48449   50.025972   30.926232   30.926232    0.000000   38.932347    0.000000    0.000000    0.000000    0.000000    0.000000    0.000000
  -1.47849   51.525040   31.919189   31.919189    0.000000   40.128861    0.000000    0.000000    0.000000    0.000000    0.000000    0.000000
  -1.47249   52.637098   32.667646   32.667646    0.000000   41.035166    0.000000    0.000000    0.000000    0.000000    0.000000    0.000000
  -1.46649   53.282051   33.123945   33.123945    0.000000   41.588027    0.000000    0.000000    0.000000    0.000000    0.000000    0.000000
  -1.46049   53.401610   33.252466   33.252466    0.000000   41.739411    0.000000    0.000000    0.000000    0.000000    0.000000    0.000000
  -1.45448   52.962773   33.031791   33.031791    0.000000   41.459397    0.000000    0.000000    0.000000    0.000000    0.000000    0.000000
  -1.44848   51.959528   32.455927   32.455927    0.000000   40.737867    0.000000    0.000000    0.000000    0.000000    0.000000    0.000000
  -1.44248   50.412686   31.534506   31.534506    0.000000   39.584859    0.000000    0.000000    0.000000    0.000000    0.000000    0.000000
  -1.43648   48.367914   30.291942   30.291942    0.000000   38.029579    0.000000    0.000000    0.000000    0.000000    0.000000    0.000000
  -1.43048   45.892170   28.765647   28.765647    0.000000   36.118184    0.000000    0.000000    0.000000    0.000000    0.000000    0.000000
  -1.42447   43.068882   27.003467   27.003467    0.000000   33.910529    0.000000    0.000000    0.000000    0.000000    0.000000    0.000000
  -1.41847   39.992263   25.060557   25.060557    0.000000   31.476183    0.000000    0.000000    0.000000    0.000000    0.000000    0.000000
  -1.41247   36.761243   22.995967   22.995967    0.000000   28.890025    0.000000    0.000000    0.000000    0.000000    0.000000    0.000000
  -1.40647   33.473460   20.869204   20.869204    0.000000   26.227775    0.000000    0.000000    0.000000    0.000000    0.000000    0.000000
  -1.40047   30.219761   18.737030   18.737030    0.000000   23.561806    0.000000    0.000000    0.000000    0.000000    0.000000    0.000000
  -1.39446   27.079568   16.650707   16.650707    0.000000   20.957500    0.000000    0.000000    0.000000    0.000000    0.000000    0.000000
  -1.38846   24.117410   14.653878   14.653878    0.000000   18.470406    0.000000    0.000000    0.000000    0.000000    0.000000    0.000000
  -1.38246   21.380785   12.781152   12.781152    0.000000   16.144315    0.000000    0.000000    0.000000    0.000000    0.000000    0.000000
  -1.37646   18.899425   11.057447   11.057447    0.000000   14.010333    0.000000    0.000000    0.000000    0.000000    0.000000    0.000000
  -1.37046   16.685908    9.498057    9.498057    0.000000   12.086907    0.000000    0.000000    0.000000    0.000000    0.000000    0.000000
  -1.36445   14.737460    8.109336    8.109336    0.000000   10.380710    0.000000    0.000000    0.000000    0.000000    0.000000    0.000000
  -1.35845   13.038679    6.889873    6.889873    0.000000    8.888205    0.000000    0.000000    0.000000    0.000000    0.000000    0.000000
  -1.35245   11.564895    5.832010    5.832010    0.000000    7.597695    0.000000    0.000000    0.000000    0.000000    0.000000    0.000000
  -1.34645   10.285777    4.923510    4.923510    0.000000    6.491612    0.000000    0.000000    0.000000    0.000000    0.000000    0.000000
  -1.34045    9.168871    4.149237    4.149237    0.000000    5.548847    0.000000    0.000000    0.000000    0.000000    0.000000    0.000000
  -1.33444    8.182733    3.492704    3.492704    0.000000    4.746899    0.000000    0.000000    0.000000    0.000000    0.000000    0.000000
  -1.32844    7.299441    2.937384    2.937384    0.000000    4.063702    0.000000    0.000000    0.000000    0.000000    0.000000    0.000000
  -1.32244    6.496319    2.467727    2.467727    0.000000    3.479027    0.000000    0.000000    0.000000    0.000000    0.000000    0.000000
  -1.31644    5.756839    2.069852    2.069852    0.000000    2.975410    0.000000    0.000000    0.000000    0.000000    0.000000    0.000000
  -1.31044    5.070743    1.731927    1.731927    0.000000    2.538623    0.000000    0.000000    0.000000    0.000000    0.000000    0.000000
  -1.30443    4.433525    1.444288    1.444288    0.000000    2.157735    0.000000    0.000000    0.000000    0.000000    0.000000    0.000000
  -1.29843    3.845458    1.199336    1.199336    0.000000    1.824864    0.000000    0.000000    0.000000    0.000000    0.000000    0.000000
  -1.29243    3.310365    0.991297    0.991297    0.000000    1.534712    0.000000    0.000000    0.000000    0.000000    0.000000    0.000000
  -1.28643    2.834340    0.815907    0.815907    0.000000    1.284002    0.000000    0.000000    0.000000    0.000000    0.000000    0.000000
  -1.28043    2.424562    0.670076    0.670076    0.000000    1.070895    0.000000    0.000000    0.000000    0.000000    0.000000    0.000000
  -1.27442    2.088325    0.551574    0.551574    0.000000    0.894467    0.000000    0.000000    0.000000    0.000000    0.000000    0.000000
  -1.26842    1.832299    0.458771    0.458771    0.000000    0.754281    0.000000    0.000000    0.000000    0.000000    0.000000    0.000000
  -1.26242    1.662026    0.390432    0.390432    0.000000    0.650064    0.000000    0.000000    0.000000    0.000000    0.000000    0.000000
  -1.25642    1.581586    0.345566    0.345566    0.000000    0.581490    0.000000    0.000000    0.000000    0.000000    0.000000    0.000000
  -1.25042    1.593360    0.323315    0.323315    0.000000    0.548031    0.000000    0.000000    0.000000    0.000000    0.000000    0.000000
  -1.24441    1.697809    0.322863    0.322863    0.000000    0.548851    0.000000    0.000000    0.000000    0.000000    0.000000    0.000000
  -1.23841    1.893229    0.343349    0.343349    0.000000    0.582717    0.000000    0.000000    0.000000    0.000000    0.000000    0.000000
  -1.23241    2.175447    0.383771    0.383771    0.000000    0.647895    0.000000    0.000000    0.000000    0.000000    0.000000    0.000000
  -1.22641    2.537494    0.442876    0.442876    0.000000    0.742041    0.000000    0.000000    0.000000    0.000000    0.000000    0.000000
  -1.22041    2.969300    0.519040    0.519040    0.000000    0.862075    0.000000    0.000000    0.000000    0.000000    0.000000    0.000000
  -1.21440    3.457504    0.610150    0.610150    0.000000    1.004070    0.000000    0.000000    0.000000    0.000000    0.000000    0.000000
  -1.20840    3.985458    0.713505    0.713505    0.000000    1.163177    0.000000    0.000000    0.000000    0.000000    0.000000    0.000000
  -1.20240    4.533513    0.825764    0.825764    0.000000    1.333620    0.000000    0.000000    0.000000    0.000000    0.000000    0.000000
  -1.19640    5.079635    0.942947    0.942947    0.000000    1.508781    0.000000    0.000000    0.000000    0.000000    0.000000    0.000000
  -1.19040    5.600352    1.060515    1.060515    0.000000    1.681394    0.000000    0.000000    0.000000    0.000000    0.000000    0.000000
  -1.18439    6.072001    1.173538    1.173538    0.000000    1.843852    0.000000    0.000000    0.000000    0.000000    0.000000    0.000000
  -1.17839    6.472185    1.276934    1.276934    0.000000    1.988608    0.000000    0.000000    0.000000    0.000000    0.000000    0.000000
  -1.17239    6.781301    1.365776    1.365776    0.000000    2.108649    0.000000    0.000000    0.000000    0.000000    0.000000    0.000000
  -1.16639    6.984010    1.435635    1.435635    0.000000    2.197995    0.000000    0.000000    0.000000    0.000000    0.000000    0.000000
  -1.16039    7.070484    1.482925    1.482925    0.000000    2.252171    0.000000    0.000000    0.000000    0.000000    0.000000    0.000000
  -1.15438    7.037314    1.505221    1.505221    0.000000    2.268624    0.000000    0.000000    0.000000    0.000000    0.000000    0.000000
  -1.14838    6.887981    1.501501    1.501501    0.000000    2.247004    0.000000    0.000000    0.000000    0.000000    0.000000    0.000000
  -1.14238    6.632856    1.472294    1.472294    0.000000    2.189325    0.000000    0.000000    0.000000    0.000000    0.000000    0.000000
  -1.13638    6.288751    1.419713    1.419713    0.000000    2.099949    0.000000    0.000000    0.000000    0.000000    0.000000    0.000000
  -1.13038    5.878078    1.347373    1.347373    0.000000    1.985431    0.000000    0.000000    0.000000    0.000000    0.000000    0.000000
  -1.12437    5.427724    1.260202    1.260202    0.000000    1.854228    0.000000    0.000000    0.000000    0.000000    0.000000    0.000000
  -1.11837    4.967774    1.164155    1.164155    0.000000    1.716307    0.000000    0.000000    0.000000    0.000000    0.000000    0.000000
  -1.11237    4.530169    1.065892    1.065892    0.000000    1.582694    0.000000    0.000000    0.000000    0.000000    0.000000    0.000000
  -1.10637    4.147412    0.972409    0.972409    0.000000    1.464996    0.000000    0.000000    0.000000    0.000000    0.000000    0.000000
  -1.10037    3.851358    0.890686    0.890686    0.000000    1.374913    0.000000    0.000000    0.000000    0.000000    0.000000    0.000000
  -1.09436    3.672084    0.827346    0.827346    0.000000    1.323758    0.000000    0.000000    0.000000    0.000000    0.000000    0.000000
  -1.08836    3.636819    0.788353    0.788353    0.000000    1.321988    0.000000    0.000000    0.000000    0.000000    0.000000    0.000000
  -1.08236    3.768852    0.778741    0.778741    0.000000    1.378720    0.000000    0.000000    0.000000    0.000000    0.000000    0.000000
  -1.07636    4.086377    0.802370    0.802370    0.000000    1.501232    0.000000    0.000000    0.000000    0.000000    0.000000    0.000000
  -1.07036    4.601239    0.861711    0.861711    0.000000    1.694448    0.000000    0.000000    0.000000    0.000000    0.000000    0.000000
  -1.06435    5.317613    0.957654    0.957654    0.000000    1.960405    0.000000    0.000000    0.000000    0.000000    0.000000    0.000000
  -1.05835    6.230704    1.089342    1.089342    0.000000    2.297753    0.000000    0.000000    0.000000    0.000000    0.000000    0.000000
  -1.05235    7.325643    1.254066    1.254066    0.000000    2.701342    0.000000    0.000000    0.000000    0.000000    0.000000    0.000000
  -1.04635    8.576777    1.447217    1.447217    0.000000    3.161970    0.000000    0.000000    0.000000    0.000000    0.000000    0.000000
  -1.04035    9.947608    1.662358    1.662358    0.000000    3.666376    0.000000    0.000000    0.000000    0.000000    0.000000    0.000000
  -1.03434   11.391571    1.891421    1.891421    0.000000    4.197555    0.000000    0.000000    0.000000    0.000000    0.000000    0.000000
  -1.02834   12.853779    2.125045    2.125045    0.000000    4.735436    0.000000    0.000000    0.000000    0.000000    0.000000    0.000000
  -1.02234   14.273760    2.353073    2.353073    0.000000    5.257922    0.000000    0.000000    0.000000    0.000000    0.000000    0.000000
  -1.01634   15.589049    2.565167    2.565167    0.000000    5.742251    0.000000    0.000000    0.000000    0.000000    0.000000    0.000000
  -1.01034   16.739341    2.751492    2.751492    0.000000    6.166552    0.000000    0.000000    0.000000    0.000000    0.000000    0.000000
  -1.00433   17.670841    2.903429    2.903429    0.000000    6.511468    0.000000    0.000000    0.000000    0.000000    0.000000    0.000000
  -0.99833   18.340308    3.014204    3.014204    0.000000    6.761648    0.000000    0.000000    0.000000    0.000000    0.000000    0.000000
  -0.99233   18.718347    3.079396    3.079396    0.000000    6.906943    0.000000    0.000000    0.000000    0.000000    0.000000    0.000000
  -0.98633   18.791539    3.097224    3.097224    0.000000    6.943148    0.000000    0.000000    0.000000    0.000000    0.000000    0.000000
  -0.98033   18.563147    3.068604    3.068604    0.000000    6.872191    0.000000    0.000000    0.000000    0.000000    0.000000    0.000000
  -0.97432   18.052318    2.996948    2.996948    0.000000    6.701753    0.000000    0.000000    0.000000    0.000000    0.000000    0.000000
  -0.96832   17.291879    2.887741    2.887741    0.000000    6.444351    0.000000    0.000000    0.000000    0.000000    0.000000    0.000000
  -0.96232   16.325044    2.747939    2.747939    0.000000    6.116017    0.000000    0.000000    0.000000    0.000000    0.000000    0.000000
  -0.95632   15.201416    2.585281    2.585281    0.000000    5.734738    0.000000    0.000000    0.000000    0.000000    0.000000    0.000000
  -0.95032   13.972807    2.407592    2.407592    0.000000    5.318851    0.000000    0.000000    0.000000    0.000000    0.000000    0.000000
  -0.94431   12.689319    2.222155    2.222155    0.000000    4.885595    0.000000    0.000000    0.000000    0.000000    0.000000    0.000000
  -0.93831   11.396113    2.035235    2.035235    0.000000    4.449954    0.000000    0.000000    0.000000    0.000000    0.000000    0.000000
  -0.93231   10.131102    1.851778    1.851778    0.000000    4.023922    0.000000    0.000000    0.000000    0.000000    0.000000    0.000000
  -0.92631    8.923707    1.675306    1.675306    0.000000    3.616192    0.000000    0.000000    0.000000    0.000000    0.000000    0.000000
  -0.92031    7.794627    1.507997    1.507997    0.000000    3.232262    0.000000    0.000000    0.000000    0.000000    0.000000    0.000000
  -0.91430    6.756454    1.350890    1.350890    0.000000    2.874862    0.000000    0.000000    0.000000    0.000000    0.000000    0.000000
  -0.90830    5.814892    1.204187    1.204187    0.000000    2.544597    0.000000    0.000000    0.000000    0.000000    0.000000    0.000000
  -0.90230    4.970309    1.067565    1.067565    0.000000    2.240657    0.000000    0.000000    0.000000    0.000000    0.000000    0.000000
  -0.89630    4.219340    0.940476    0.940476    0.000000    1.961499    0.000000    0.000000    0.000000    0.000000    0.000000    0.000000
  -0.89030    3.556358    0.822373    0.822373    0.000000    1.705405    0.000000    0.000000    0.000000    0.000000    0.000000    0.000000
  -0.88429    2.974644    0.712855    0.712855    0.000000    1.470856    0.000000    0.000000    0.000000    0.000000    0.000000    0.000000
  -0.87829    2.467230    0.611731    0.611731    0.000000    1.256728    0.000000    0.000000    0.000000    0.000000    0.000000    0.000000
  -0.87229    2.027393    0.518998    0.518998    0.000000    1.062316    0.000000    0.000000    0.000000    0.000000    0.000000    0.000000
  -0.86629    1.648875    0.434778    0.434778    0.000000    0.887233    0.000000    0.000000    0.000000    0.000000    0.000000    0.000000
  -0.86029    1.325909    0.359224    0.359224    0.000000    0.731247    0.000000    0.000000    0.000000    0.000000    0.000000    0.000000
  -0.85428    1.053129    0.292425    0.292425    0.000000    0.594097    0.000000    0.000000    0.000000    0.000000    0.000000    0.000000
  -0.84828    0.825457    0.234333    0.234333    0.000000    0.475339    0.000000    0.000000    0.000000    0.000000    0.000000    0.000000
  -0.84228    0.638006    0.184716    0.184716    0.000000    0.374241    0.000000    0.000000    0.000000    0.000000    0.000000    0.000000
  -0.83628    0.486033    0.143147    0.143147    0.000000    0.289746    0.000000    0.000000    0.000000    0.000000    0.000000    0.000000
  -0.83028    0.364961    0.109017    0.109017    0.000000    0.220494    0.000000    0.000000    0.000000    0.000000    0.000000    0.000000
  -0.82427    0.270449    0.081586    0.081586    0.000000    0.164893    0.000000    0.000000    0.000000    0.000000    0.000000    0.000000
  -0.81827    0.198492    0.060032    0.060032    0.000000    0.121216    0.000000    0.000000    0.000000    0.000000    0.000000    0.000000
  -0.81227    0.145552    0.043512    0.043512    0.000000    0.087711    0.000000    0.000000    0.000000    0.000000    0.000000    0.000000
  -0.80627    0.108680    0.031222    0.031222    0.000000    0.062709    0.000000    0.000000    0.000000    0.000000    0.000000    0.000000
  -0.80027    0.085633    0.022447    0.022447    0.000000    0.044719    0.000000    0.000000    0.000000    0.000000    0.000000    0.000000
  -0.79426    0.074984    0.016604    0.016604    0.000000    0.032498    0.000000    0.000000    0.000000    0.000000    0.000000    0.000000
  -0.78826    0.076209    0.013272    0.013272    0.000000    0.025114    0.000000    0.000000    0.000000    0.000000    0.000000    0.000000
  -0.78226    0.089772    0.012224    0.012224    0.000000    0.021987    0.000000    0.000000    0.000000    0.000000    0.000000    0.000000
  -0.77626    0.117183    0.013448    0.013448    0.000000    0.022931    0.000000    0.000000    0.000000    0.000000    0.000000    0.000000
  -0.77026    0.161060    0.017171    0.017171    0.000000    0.028178    0.000000    0.000000    0.000000    0.000000    0.000000    0.000000
  -0.76425    0.225151    0.023878    0.023878    0.000000    0.038414    0.000000    0.000000    0.000000    0.000000    0.000000    0.000000
  -0.75825    0.314334    0.034334    0.034334    0.000000    0.054803    0.000000    0.000000    0.000000    0.000000    0.000000    0.000000
  -0.75225    0.434559    0.049592    0.049592    0.000000    0.079005    0.000000    0.000000    0.000000    0.000000    0.000000    0.000000
  -0.74625    0.592728    0.070998    0.070998    0.000000    0.113178    0.000000    0.000000    0.000000    0.000000    0.000000    0.000000
  -0.74025    0.796485    0.100169    0.100169    0.000000    0.159948    0.000000    0.000000    0.000000    0.000000    0.000000    0.000000
  -0.73424    1.053913    0.138944    0.138944    0.000000    0.222333    0.000000    0.000000    0.000000    0.000000    0.000000    0.000000
  -0.72824    1.373113    0.189300    0.189300    0.000000    0.303619    0.000000    0.000000    0.000000    0.000000    0.000000    0.000000
  -0.72224    1.761690    0.253223    0.253223    0.000000    0.407156    0.000000    0.000000    0.000000    0.000000    0.000000    0.000000
  -0.71624    2.226137    0.332539    0.332539    0.000000    0.536097    0.000000    0.000000    0.000000    0.000000    0.000000    0.000000
  -0.71024    2.771154    0.428699    0.428699    0.000000    0.693068    0.000000    0.000000    0.000000    0.000000    0.000000    0.000000
  -0.70423    3.398932    0.542554    0.542554    0.000000    0.879795    0.000000    0.000000    0.000000    0.000000    0.000000    0.000000
  -0.69823    4.108455    0.674110    0.674110    0.000000    1.096721    0.000000    0.000000    0.000000    0.000000    0.000000    0.000000
  -0.69223    4.894864    0.822316    0.822316    0.000000    1.342642    0.000000    0.000000    0.000000    0.000000    0.000000    0.000000
  -0.68623    5.748958    0.984905    0.984905    0.000000    1.614433    0.000000    0.000000    0.000000    0.000000    0.000000    0.000000
  -0.68023    6.656881    1.158321    1.158321    0.000000    1.906880    0.000000    0.000000    0.000000    0.000000    0.000000    0.000000
  -0.67422    7.600069    1.337750    1.337750    0.000000    2.212687    0.000000    0.000000    0.000000    0.000000    0.000000    0.000000
  -0.66822    8.555494    1.517293    1.517293    0.000000    2.522675    0.000000    0.000000    0.000000    0.000000    0.000000    0.000000
  -0.66222    9.496265    1.690247    1.690247    0.000000    2.826170    0.000000    0.000000    0.000000    0.000000    0.000000    0.000000
  -0.65622   10.392577    1.849510    1.849510    0.000000    3.111585    0.000000    0.000000    0.000000    0.000000    0.000000    0.000000
  -0.65022   11.213018    1.988062    1.988062    0.000000    3.367137    0.000000    0.000000    0.000000    0.000000    0.000000    0.000000
  -0.64421   11.926178    2.099480    2.099480    0.000000    3.581645    0.000000    0.000000    0.000000    0.000000    0.000000    0.000000
  -0.63821   12.502471    2.178429    2.178429    0.000000    3.745331    0.000000    0.000000    0.000000    0.000000    0.000000    0.000000
  -0.63221   12.916052    2.221089    2.221089    0.000000    3.850554    0.000000    0.000000    0.000000    0.000000    0.000000    0.000000
  -0.62621   13.146669    2.225455    2.225455    0.000000    3.892382    0.000000    0.000000    0.000000    0.000000    0.000000    0.000000
  -0.62021   13.181281    2.191492    2.191492    0.000000    3.868968    0.000000    0.000000    0.000000    0.000000    0.000000    0.000000
  -0.61420   13.015254    2.121114    2.121114    0.000000    3.781669    0.000000    0.000000    0.000000    0.000000    0.000000    0.000000
  -0.60820   12.653009    2.018005    2.018005    0.000000    3.634918    0.000000    0.000000    0.000000    0.000000    0.000000    0.000000
  -0.60220   12.107996    1.887304    1.887304    0.000000    3.435860    0.000000    0.000000    0.000000    0.000000    0.000000    0.000000
  -0.59620   11.401977    1.735187    1.735187    0.000000    3.193782    0.000000    0.000000    0.000000    0.000000    0.000000    0.000000
  -0.59020   10.563657    1.568389    1.568389    0.000000    2.919422    0.000000    0.000000    0.000000    0.000000    0.000000    0.000000
  -0.58419    9.626782    1.393729    1.393729    0.000000    2.624206    0.000000    0.000000    0.000000    0.000000    0.000000    0.000000
  -0.57819    8.627905    1.217676    1.217676    0.000000    2.319497    0.000000    0.000000    0.000000    0.000000    0.000000    0.000000
  -0.57219    7.604033    1.045985    1.045985    0.000000    2.015918    0.000000    0.000000    0.000000    0.000000    0.000000    0.000000
  -0.56619    6.590417    0.883440    0.883440    0.000000    1.722806    0.000000    0.000000    0.000000    0.000000    0.000000    0.000000
  -0.56019    5.618684    0.733706    0.733706    0.000000    1.447827    0.000000    0.000000    0.000000    0.000000    0.000000    0.000000
  -0.55418    4.715493    0.599290    0.599290    0.000000    1.196773    0.000000    0.000000    0.000000    0.000000    0.000000    0.000000
  -0.54818    3.901795    0.481596    0.481596    0.000000    0.973525    0.000000    0.000000    0.000000    0.000000    0.000000    0.000000
  -0.54218    3.192708    0.381051    0.381051    0.000000    0.780179    0.000000    0.000000    0.000000    0.000000    0.000000    0.000000
  -0.53618    2.597942    0.297287    0.297287    0.000000    0.617274    0.000000    0.000000    0.000000    0.000000    0.000000    0.000000
  -0.53018    2.122627    0.229342    0.229342    0.000000    0.484110    0.000000    0.000000    0.000000    0.000000    0.000000    0.000000
  -0.52417    1.768363    0.175859    0.175859    0.000000    0.379085    0.000000    0.000000    0.000000    0.000000    0.000000    0.000000
  -0.51817    1.534313    0.135270    0.135270    0.000000    0.300031    0.000000    0.000000    0.000000    0.000000    0.000000    0.000000
  -0.51217    1.418135    0.105951    0.105951    0.000000    0.244500    0.000000    0.000000    0.000000    0.000000    0.000000    0.000000
  -0.50617    1.416623    0.086329    0.086329    0.000000    0.209992    0.000000    0.000000    0.000000    0.000000    0.000000    0.000000
  -0.50017    1.525960    0.074952    0.074952    0.000000    0.194094    0.000000    0.000000    0.000000    0.000000    0.000000    0.000000
  -0.49416    1.741554    0.070523    0.070523    0.000000    0.194549    0.000000    0.000000    0.000000    0.000000    0.000000    0.000000
  -0.48816    2.057520    0.071896    0.071896    0.000000    0.209251    0.000000    0.000000    0.000000    0.000000    0.000000    0.000000
  -0.48216    2.465897    0.078051    0.078051    0.000000    0.236182    0.000000    0.000000    0.000000    0.000000    0.000000    0.000000
  -0.47616    2.955786    0.088053    0.088053    0.000000    0.273324    0.000000    0.000000    0.000000    0.000000    0.000000    0.000000
  -0.47016    3.512591    0.101012    0.101012    0.000000    0.318561    0.000000    0.000000    0.000000    0.000000    0.000000    0.000000
  -0.46415    4.117563    0.116043    0.116043    0.000000    0.369604    0.000000    0.000000    0.000000    0.000000    0.000000    0.000000
  -0.45815    4.747827    0.132246    0.132246    0.000000    0.423947    0.000000    0.000000    0.000000    0.000000    0.000000    0.000000
  -0.45215    5.376987    0.148700    0.148700    0.000000    0.478885    0.000000    0.000000    0.000000    0.000000    0.000000    0.000000
  -0.44615    5.976359    0.164473    0.164473    0.000000    0.531590    0.000000    0.000000    0.000000    0.000000    0.000000    0.000000
  -0.44015    6.516738    0.178665    0.178665    0.000000    0.579230    0.000000    0.000000    0.000000    0.000000    0.000000    0.000000
  -0.43414    6.970558    0.190442    0.190442    0.000000    0.619146    0.000000    0.000000    0.000000    0.000000    0.000000    0.000000
  -0.42814    7.314181    0.199099    0.199099    0.000000    0.649036    0.000000    0.000000    0.000000    0.000000    0.000000    0.000000
  -0.42214    7.530037    0.204106    0.204106    0.000000    0.667132    0.000000    0.000000    0.000000    0.000000    0.000000    0.000000
  -0.41614    7.608318    0.205150    0.205150    0.000000    0.672353    0.000000    0.000000    0.000000    0.000000    0.000000    0.000000
  -0.41014    7.547975    0.202160    0.202160    0.000000    0.664393    0.000000    0.000000    0.000000    0.000000    0.000000    0.000000
  -0.40413    7.356868    0.195310    0.195310    0.000000    0.643747    0.000000    0.000000    0.000000    0.000000    0.000000    0.000000
  -0.39813    7.051016    0.184999    0.184999    0.000000    0.611653    0.000000    0.000000    0.000000    0.000000    0.000000    0.000000
  -0.39213    6.653023    0.171811    0.171811    0.000000    0.569975    0.000000    0.000000    0.000000    0.000000    0.000000    0.000000
  -0.38613    6.189889    0.156465    0.156465    0.000000    0.521024    0.000000    0.000000    0.000000    0.000000    0.000000    0.000000
  -0.38013    5.690454    0.139741    0.139741    0.000000    0.467352    0.000000    0.000000    0.000000    0.000000    0.000000    0.000000
  -0.37412    5.182820    0.122428    0.122428    0.000000    0.411541    0.000000    0.000000    0.000000    0.000000    0.000000    0.000000
  -0.36812    4.692027    0.105257    0.105257    0.000000    0.356011    0.000000    0.000000    0.000000    0.000000    0.000000    0.000000
  -0.36212    4.238266    0.088860    0.088860    0.000000    0.302864    0.000000    0.000000    0.000000    0.000000    0.000000    0.000000
  -0.35612    3.835782    0.073742    0.073742    0.000000    0.253782    0.000000    0.000000    0.000000    0.000000    0.000000    0.000000
  -0.35012    3.492549    0.060263    0.060263    0.000000    0.209985    0.000000    0.000000    0.000000    0.000000    0.000000    0.000000
  -0.34411    3.210670    0.048648    0.048648    0.000000    0.172236    0.000000    0.000000    0.000000    0.000000    0.000000    0.000000
  -0.33811    2.987393    0.039001    0.039001    0.000000    0.140898    0.000000    0.000000    0.000000    0.000000    0.000000    0.000000
  -0.33211    2.816535    0.031329    0.031329    0.000000    0.116012    0.000000    0.000000    0.000000    0.000000    0.000000    0.000000
  -0.32611    2.690104    0.025571    0.025571    0.000000    0.097394    0.000000    0.000000    0.000000    0.000000    0.000000    0.000000
  -0.32011    2.599874    0.021629    0.021629    0.000000    0.084735    0.000000    0.000000    0.000000    0.000000    0.000000    0.000000
  -0.31410    2.538721    0.019386    0.019386    0.000000    0.077675    0.000000    0.000000    0.000000    0.000000    0.000000    0.000000
  -0.30810    2.501547    0.018728    0.018728    0.000000    0.075866    0.000000    0.000000    0.000000    0.000000    0.000000    0.000000
  -0.30210    2.485717    0.019553    0.019553    0.000000    0.079001    0.000000    0.000000    0.000000    0.000000    0.000000    0.000000
  -0.29610    2.490974    0.021767    0.021767    0.000000    0.086811    0.000000    0.000000    0.000000    0.000000    0.000000    0.000000
  -0.29010    2.518894    0.025284    0.025284    0.000000    0.099042    0.000000    0.000000    0.000000    0.000000    0.000000    0.000000
  -0.28409    2.571983    0.030008    0.030008    0.000000    0.115413    0.000000    0.000000    0.000000    0.000000    0.000000    0.000000
  -0.27809    2.652575    0.035824    0.035824    0.000000    0.135557    0.000000    0.000000    0.000000    0.000000    0.000000    0.000000
  -0.27209    2.761719    0.042580    0.042580    0.000000    0.158971    0.000000    0.000000    0.000000    0.000000    0.000000    0.000000
  -0.26609    2.898225    0.050083    0.050083    0.000000    0.184973    0.000000    0.000000    0.000000    0.000000    0.000000    0.000000
  -0.26009    3.058035    0.058085    0.058085    0.000000    0.212686    0.000000    0.000000    0.000000    0.000000    0.000000    0.000000
  -0.25408    3.234027    0.066297    0.066297    0.000000    0.241041    0.000000    0.000000    0.000000    0.000000    0.000000    0.000000
  -0.24808    3.416299    0.074394    0.074394    0.000000    0.268824    0.000000    0.000000    0.000000    0.000000    0.000000    0.000000
  -0.24208    3.592915    0.082039    0.082039    0.000000    0.294742    0.000000    0.000000    0.000000    0.000000    0.000000    0.000000
  -0.23608    3.751028    0.088913    0.088913    0.000000    0.317520    0.000000    0.000000    0.000000    0.000000    0.000000    0.000000
  -0.23008    3.878222    0.094741    0.094741    0.000000    0.336009    0.000000    0.000000    0.000000    0.000000    0.000000    0.000000
  -0.22407    3.963907    0.099325    0.099325    0.000000    0.349298    0.000000    0.000000    0.000000    0.000000    0.000000    0.000000
  -0.21807    4.000552    0.102570    0.102570    0.000000    0.356803    0.000000    0.000000    0.000000    0.000000    0.000000    0.000000
  -0.21207    3.984606    0.104501    0.104501    0.000000    0.358337    0.000000    0.000000    0.000000    0.000000    0.000000    0.000000
  -0.20607    3.916961    0.105267    0.105267    0.000000    0.354139    0.000000    0.000000    0.000000    0.000000    0.000000    0.000000
  -0.20007    3.802892    0.105134    0.105134    0.000000    0.344859    0.000000    0.000000    0.000000    0.000000    0.000000    0.000000
  -0.19406    3.651504    0.104469    0.104469    0.000000    0.331507    0.000000    0.000000    0.000000    0.000000    0.000000    0.000000
  -0.18806    3.474741    0.103704    0.103704    0.000000    0.315365    0.000000    0.000000    0.000000    0.000000    0.000000    0.000000
  -0.18206    3.286124    0.103308    0.103308    0.000000    0.297884    0.000000    0.000000    0.000000    0.000000    0.000000    0.000000
  -0.17606    3.099391    0.103749    0.103749    0.000000    0.280570    0.000000    0.000000    0.000000    0.000000    0.000000    0.000000
  -0.17006    2.927221    0.105471    0.105471    0.000000    0.264886    0.000000    0.000000    0.000000    0.000000    0.000000    0.000000
  -0.16405    2.780232    0.108874    0.108874    0.000000    0.252189    0.000000    0.000000    0.000000    0.000000    0.000000    0.000000
  -0.15805    2.666378    0.114313    0.114313    0.000000    0.243688    0.000000    0.000000    0.000000    0.000000    0.000000    0.000000
  -0.15205    2.590815    0.122119    0.122119    0.000000    0.240460    0.000000    0.000000    0.000000    0.000000    0.000000    0.000000
  -0.14605    2.556257    0.132622    0.132622    0.000000    0.243502    0.000000    0.000000    0.000000    0.000000    0.000000    0.000000
  -0.14005    2.563743    0.146198    0.146198    0.000000    0.253810    0.000000    0.000000    0.000000    0.000000    0.000000    0.000000
  -0.13404    2.613720    0.163312    0.163312    0.000000    0.272489    0.000000    0.000000    0.000000    0.000000    0.000000    0.000000
  -0.12804    2.707275    0.184552    0.184552    0.000000    0.300852    0.000000    0.000000    0.000000    0.000000    0.000000    0.000000
  -0.12204    2.847342    0.210661    0.210661    0.000000    0.340514    0.000000    0.000000    0.000000    0.000000    0.000000    0.000000
  -0.11604    3.039715    0.242534    0.242534    0.000000    0.393441    0.000000    0.000000    0.000000    0.000000    0.000000    0.000000
  -0.11004    3.293694    0.281189    0.281189    0.000000    0.461956    0.000000    0.000000    0.000000    0.000000    0.000000    0.000000
  -0.10403    3.622273    0.327711    0.327711    0.000000    0.548676    0.000000    0.000000    0.000000    0.000000    0.000000    0.000000
  -0.09803    4.041765    0.383158    0.383158    0.000000    0.656394    0.000000    0.000000    0.000000    0.000000    0.000000    0.000000
  -0.09203    4.570855    0.448450    0.448450    0.000000    0.787883    0.000000    0.000000    0.000000    0.000000    0.000000    0.000000
  -0.08603    5.229103    0.524238    0.524238    0.000000    0.945650    0.000000    0.000000    0.000000    0.000000    0.000000    0.000000
  -0.08003    6.034984    0.610769    0.610769    0.000000    1.131644    0.000000    0.000000    0.000000    0.000000    0.000000    0.000000
  -0.07402    7.003569    0.707771    0.707771    0.000000    1.346935    0.000000    0.000000    0.000000    0.000000    0.000000    0.000000
  -0.06802    8.144042    0.814349    0.814349    0.000000    1.591390    0.000000    0.000000    0.000000    0.000000    0.000000    0.000000
  -0.06202    9.457243    0.928931    0.928931    0.000000    1.863370    0.000000    0.000000    0.000000    0.000000    0.000000    0.000000
  -0.05602   10.933496    1.049244    1.049244    0.000000    2.159484    0.000000    0.000000    0.000000    0.000000    0.000000    0.000000
  -0.05002   12.550976    1.172353    1.172353    0.000000    2.474425    0.000000    0.000000    0.000000    0.000000    0.000000    0.000000
  -0.04401   14.274891    1.294740    1.294740    0.000000    2.800926    0.000000    0.000000    0.000000    0.000000    0.000000    0.000000
  -0.03801   16.057722    1.412448    1.412448    0.000000    3.129873    0.000000    0.000000    0.000000    0.000000    0.000000    0.000000
  -0.03201   17.840686    1.521258    1.521258    0.000000    3.450579    0.000000    0.000000    0.000000    0.000000    0.000000    0.000000
  -0.02601   19.556504    1.616914    1.616914    0.000000    3.751254    0.000000    0.000000    0.000000    0.000000    0.000000    0.000000
  -0.02001   21.133386    1.695373    1.695373    0.000000    4.019636    0.000000    0.000000    0.000000    0.000000    0.000000    0.000000
  -0.01400   22.500001    1.753066    1.753066    0.000000    4.243767    0.000000    0.000000    0.000000    0.000000    0.000000    0.000000
  -0.00800   23.591008    1.787151    1.787151    0.000000    4.412848    0.000000    0.000000    0.000000    0.000000    0.000000    0.000000
  -0.00200   24.352610    1.795739    1.795739    0.000000    4.518096    0.000000    0.000000    0.000000    0.000000    0.000000    0.000000
   0.00400   24.747495    1.778061    1.778061    0.000000    4.553510    0.000000    0.000000    0.000000    0.000000    0.000000    0.000000
   0.01000   24.758552    1.734572    1.734572    0.000000    4.516460    0.000000    0.000000    0.000000    0.000000    0.000000    0.000000
   0.01601   24.390830    1.666950    1.666950    0.000000    4.408005    0.000000    0.000000    0.000000    0.000000    0.000000    0.000000
   0.02201   23.671417    1.578012    1.578012    0.000000    4.232906    0.000000    0.000000    0.000000    0.000000    0.000000    0.000000
   0.02801   22.647176    1.471527    1.471527    0.000000    3.999301    0.000000    0.000000    0.000000    0.000000    0.000000    0.000000
   0.03401   21.380515    1.351952    1.351952    0.000000    3.718080    0.000000    0.000000    0.000000    0.000000    0.000000    0.000000
   0.04001   19.943698    1.224109    1.224109    0.000000    3.402021    0.000000    0.000000    0.000000    0.000000    0.000000    0.000000
   0.04602   18.412339    1.092852    1.092852    0.000000    3.064788    0.000000    0.000000    0.000000    0.000000    0.000000    0.000000
   0.05202   16.858859    0.962731    0.962731    0.000000    2.719897    0.000000    0.000000    0.000000    0.000000    0.000000    0.000000
   0.05802   15.346675    0.837713    0.837713    0.000000    2.379772    0.000000    0.000000    0.000000    0.000000    0.000000    0.000000
   0.06402   13.925745    0.720976    0.720976    0.000000    2.054980    0.000000    0.000000    0.000000    0.000000    0.000000    0.000000
   0.07002   12.629911    0.614785    0.614785    0.000000    1.753716    0.000000    0.000000    0.000000    0.000000    0.000000    0.000000
   0.07603   11.476205    0.520465    0.520465    0.000000    1.481562    0.000000    0.000000    0.000000    0.000000    0.000000    0.000000
   0.08203   10.466026    0.438468    0.438468    0.000000    1.241517    0.000000    0.000000    0.000000    0.000000    0.000000    0.000000
   0.08803    9.587852    0.368493    0.368493    0.000000    1.034253    0.000000    0.000000    0.000000    0.000000    0.000000    0.000000
   0.09403    8.820985    0.309664    0.309664    0.000000    0.858539    0.000000    0.000000    0.000000    0.000000    0.000000    0.000000
   0.10003    8.139754    0.260722    0.260722    0.000000    0.711753    0.000000    0.000000    0.000000    0.000000    0.000000    0.000000
   0.10604    7.517601    0.220216    0.220216    0.000000    0.590417    0.000000    0.000000    0.000000    0.000000    0.000000    0.000000
   0.11204    6.930559    0.186666    0.186666    0.000000    0.490684    0.000000    0.000000    0.000000    0.000000    0.000000    0.000000
   0.11804    6.359787    0.158692    0.158692    0.000000    0.408746    0.000000    0.000000    0.000000    0.000000    0.000000    0.000000
   0.12404    5.792993    0.135099    0.135099    0.000000    0.341123    0.000000    0.000000    0.000000    0.000000    0.000000    0.000000
   0.13004    5.224751    0.114919    0.114919    0.000000    0.284842    0.000000    0.000000    0.000000    0.000000    0.000000    0.000000
   0.13605    4.655870    0.097421    0.097421    0.000000    0.237507    0.000000    0.000000    0.000000    0.000000    0.000000    0.000000
   0.14205    4.092063    0.082087    0.082087    0.000000    0.197291    0.000000    0.000000    0.000000    0.000000    0.000000    0.000000
   0.14805    3.542229    0.068573    0.068573    0.000000    0.162861    0.000000    0.000000    0.000000    0.000000    0.000000    0.000000
   0.15405    3.016646    0.056664    0.056664    0.000000    0.133281    0.000000    0.000000    0.000000    0.000000    0.000000    0.000000
   0.16005    2.525335    0.046228    0.046228    0.000000    0.107904    0.000000    0.000000    0.000000    0.000000    0.000000    0.000000
   0.16606    2.076769    0.037179    0.037179    0.000000    0.086266    0.000000    0.000000    0.000000    0.000000    0.000000    0.000000
   0.17206    1.677038    0.029444    0.029444    0.000000    0.068012    0.000000    0.000000    0.000000    0.000000    0.000000    0.000000
   0.17806    1.329465    0.022950    0.022950    0.000000    0.052837    0.000000    0.000000    0.000000    0.000000    0.000000    0.000000
   0.18406    1.034652    0.017609    0.017609    0.000000    0.040450    0.000000    0.000000    0.000000    0.000000    0.000000    0.000000
   0.19006    0.790832    0.013322    0.013322    0.000000    0.030568    0.000000    0.000000    0.000000    0.000000    0.000000    0.000000
   0.19607    0.594434    0.009984    0.009984    0.000000    0.022913    0.000000    0.000000    0.000000    0.000000    0.000000    0.000000
   0.20207    0.440744    0.007491    0.007491    0.000000    0.017231    0.000000    0.000000    0.000000    0.000000    0.000000    0.000000
   0.20807    0.324570    0.005751    0.005751    0.000000    0.013306    0.000000    0.000000    0.000000    0.000000    0.000000    0.000000
   0.21407    0.240833    0.004694    0.004694    0.000000    0.010981    0.000000    0.000000    0.000000    0.000000    0.000000    0.000000
   0.22007    0.185056    0.004282    0.004282    0.000000    0.010179    0.000000    0.000000    0.000000    0.000000    0.000000    0.000000
   0.22608    0.153719    0.004514    0.004514    0.000000    0.010916    0.000000    0.000000    0.000000    0.000000    0.000000    0.000000
   0.23208    0.144481    0.005432    0.005432    0.000000    0.013312    0.000000    0.000000    0.000000    0.000000    0.000000    0.000000
   0.23808    0.156280    0.007124    0.007124    0.000000    0.017599    0.000000    0.000000    0.000000    0.000000    0.000000    0.000000
   0.24408    0.189309    0.009721    0.009721    0.000000    0.024113    0.000000    0.000000    0.000000    0.000000    0.000000    0.000000
   0.25008    0.244887    0.013393    0.013393    0.000000    0.033284    0.000000    0.000000    0.000000    0.000000    0.000000    0.000000
   0.25609    0.325221    0.018336    0.018336    0.000000    0.045611    0.000000    0.000000    0.000000    0.000000    0.000000    0.000000
   0.26209    0.433071    0.024761    0.024761    0.000000    0.061621    0.000000    0.000000    0.000000    0.000000    0.000000    0.000000
   0.26809    0.571317    0.032870    0.032870    0.000000    0.081821    0.000000    0.000000    0.000000    0.000000    0.000000    0.000000
   0.27409    0.742466    0.042830    0.042830    0.000000    0.106632    0.000000    0.000000    0.000000    0.000000    0.000000    0.000000
   0.28009    0.948108    0.054746    0.054746    0.000000    0.136319    0.000000    0.000000    0.000000    0.000000    0.000000    0.000000
   0.28610    1.188391    0.068628    0.068628    0.000000    0.170922    0.000000    0.000000    0.000000    0.000000    0.000000    0.000000
   0.29210    1.461572    0.084373    0.084373    0.000000    0.210191    0.000000    0.000000    0.000000    0.000000    0.000000    0.000000
   0.29810    1.763718    0.101741    0.101741    0.000000    0.253546    0.000000    0.000000    0.000000    0.000000    0.000000    0.000000
   0.30410    2.088644    0.120351    0.120351    0.000000    0.300068    0.000000    0.000000    0.000000    0.000000    0.000000    0.000000
   0.31010    2.428129    0.139697    0.139697    0.000000    0.348527    0.000000    0.000000    0.000000    0.000000    0.000000    0.000000
   0.31611    2.772456    0.159170    0.159170    0.000000    0.397459    0.000000    0.000000    0.000000    0.000000    0.000000    0.000000
   0.32211    3.111249    0.178112    0.178112    0.000000    0.445283    0.000000    0.000000    0.000000    0.000000    0.000000    0.000000
   0.32811    3.434558    0.195871    0.195871    0.000000    0.490455    0.000000    0.000000    0.000000    0.000000    0.000000    0.000000
   0.33411    3.734047    0.211870    0.211870    0.000000    0.531637    0.000000    0.000000    0.000000    0.000000    0.000000    0.000000
   0.34011    4.004152    0.225677    0.225677    0.000000    0.567867    0.000000    0.000000    0.000000    0.000000    0.000000    0.000000
   0.34612    4.243007    0.237061    0.237061    0.000000    0.598693    0.000000    0.000000    0.000000    0.000000    0.000000    0.000000
   0.35212    4.452968    0.246028    0.246028    0.000000    0.624264    0.000000    0.000000    0.000000    0.000000    0.000000    0.000000
   0.35812    4.640599    0.252826    0.252826    0.000000    0.645334    0.000000    0.000000    0.000000    0.000000    0.000000    0.000000
   0.36412    4.816033    0.257927    0.257927    0.000000    0.663194    0.000000    0.000000    0.000000    0.000000    0.000000    0.000000
   0.37012    4.991741    0.261967    0.261967    0.000000    0.679512    0.000000    0.000000    0.000000    0.000000    0.000000    0.000000
   0.37613    5.180795    0.265661    0.265661    0.000000    0.696113    0.000000    0.000000    0.000000    0.000000    0.000000    0.000000
   0.38213    5.394846    0.269709    0.269709    0.000000    0.714712    0.000000    0.000000    0.000000    0.000000    0.000000    0.000000
   0.38813    5.642078    0.274687    0.274687    0.000000    0.736638    0.000000    0.000000    0.000000    0.000000    0.000000    0.000000
   0.39413    5.925427    0.280956    0.280956    0.000000    0.762593    0.000000    0.000000    0.000000    0.000000    0.000000    0.000000
   0.40013    6.241374    0.288593    0.288593    0.000000    0.792485    0.000000    0.000000    0.000000    0.000000    0.000000    0.000000
   0.40614    6.579505    0.297360    0.297360    0.000000    0.825347    0.000000    0.000000    0.000000    0.000000    0.000000    0.000000
   0.41214    6.922991    0.306713    0.306713    0.000000    0.859387    0.000000    0.000000    0.000000    0.000000    0.000000    0.000000
   0.41814    7.249966    0.315855    0.315855    0.000000    0.892141    0.000000    0.000000    0.000000    0.000000    0.000000    0.000000
   0.42414    7.535685    0.323823    0.323823    0.000000    0.920735    0.000000    0.000000    0.000000    0.000000    0.000000    0.000000
   0.43014    7.755200    0.329601    0.329601    0.000000    0.942204    0.000000    0.000000    0.000000    0.000000    0.000000    0.000000
   0.43615    7.886218    0.332248    0.332248    0.000000    0.953850    0.000000    0.000000    0.000000    0.000000    0.000000    0.000000
   0.44215    7.911792    0.331015    0.331015    0.000000    0.953570    0.000000    0.000000    0.000000    0.000000    0.000000    0.000000
   0.44815    7.822476    0.325439    0.325439    0.000000    0.940129    0.000000    0.000000    0.000000    0.000000    0.000000    0.000000
   0.45415    7.617692    0.315413    0.315413    0.000000    0.913334    0.000000    0.000000    0.000000    0.000000    0.000000    0.000000
   0.46015    7.306143    0.301209    0.301209    0.000000    0.874090    0.000000    0.000000    0.000000    0.000000    0.000000    0.000000
   0.46616    6.905240    0.283461    0.283461    0.000000    0.824350    0.000000    0.000000    0.000000    0.000000    0.000000    0.000000
   0.47216    6.439653    0.263114    0.263114    0.000000    0.766943    0.000000    0.000000    0.000000    0.000000    0.000000    0.000000
   0.47816    5.939194    0.241342    0.241342    0.000000    0.705331    0.000000    0.000000    0.000000    0.000000    0.000000    0.000000
   0.48416    5.436292    0.219460    0.219460    0.000000    0.643318    0.000000    0.000000    0.000000    0.000000    0.000000    0.000000
   0.49016    4.963375    0.198813    0.198813    0.000000    0.584746    0.000000    0.000000    0.000000    0.000000    0.000000    0.000000
   0.49617    4.550412    0.180693    0.180693    0.000000    0.533206    0.000000    0.000000    0.000000    0.000000    0.000000    0.000000
   0.50217    4.222857    0.166258    0.166258    0.000000    0.491804    0.000000    0.000000    0.000000    0.000000    0.000000    0.000000
   0.50817    4.000121    0.156475    0.156475    0.000000    0.462986    0.000000    0.000000    0.000000    0.000000    0.000000    0.000000
   0.51417    3.894647    0.152078    0.152078    0.000000    0.448422    0.000000    0.000000    0.000000    0.000000    0.000000    0.000000
   0.52017    3.911581    0.153559    0.153559    0.000000    0.448971    0.000000    0.000000    0.000000    0.000000    0.000000    0.000000
   0.52618    4.048976    0.161155    0.161155    0.000000    0.464688    0.000000    0.000000    0.000000    0.000000    0.000000    0.000000
   0.53218    4.298441    0.174858    0.174858    0.000000    0.494888    0.000000    0.000000    0.000000    0.000000    0.000000    0.000000
   0.53818    4.646109    0.194426    0.194426    0.000000    0.538229    0.000000    0.000000    0.000000    0.000000    0.000000    0.000000
   0.54418    5.073818    0.219397    0.219397    0.000000    0.592823    0.000000    0.000000    0.000000    0.000000    0.000000    0.000000
   0.55018    5.560392    0.249104    0.249104    0.000000    0.656351    0.000000    0.000000    0.000000    0.000000    0.000000    0.000000
   0.55619    6.082924    0.282689    0.282689    0.000000    0.726185    0.000000    0.000000    0.000000    0.000000    0.000000    0.000000
   0.56219    6.617989    0.319123    0.319123    0.000000    0.799496    0.000000    0.000000    0.000000    0.000000    0.000000    0.000000
   0.56819    7.142715    0.357229    0.357229    0.000000    0.873371    0.000000    0.000000    0.000000    0.000000    0.000000    0.000000
   0.57419    7.635684    0.395709    0.395709    0.000000    0.944912    0.000000    0.000000    0.000000    0.000000    0.000000    0.000000
   0.58019    8.077633    0.433189    0.433189    0.000000    1.011334    0.000000    0.000000    0.000000    0.000000    0.000000    0.000000
   0.58620    8.451975    0.468266    0.468266    0.000000    1.070053    0.000000    0.000000    0.000000    0.000000    0.000000    0.000000
   0.59220    8.745152    0.499570    0.499570    0.000000    1.118775    0.000000    0.000000    0.000000    0.000000    0.000000    0.000000
   0.59820    8.946863    0.525825    0.525825    0.000000    1.155572    0.000000    0.000000    0.000000    0.000000    0.000000    0.000000
   0.60420    9.050213    0.545927    0.545927    0.000000    1.178957    0.000000    0.000000    0.000000    0.000000    0.000000    0.000000
   0.61020    9.051826    0.559005    0.559005    0.000000    1.187945    0.000000    0.000000    0.000000    0.000000    0.000000    0.000000
   0.61621    8.951941    0.564489    0.564489    0.000000    1.182108    0.000000    0.000000    0.000000    0.000000    0.000000    0.000000
   0.62221    8.754513    0.562153    0.562153    0.000000    1.161610    0.000000    0.000000    0.000000    0.000000    0.000000    0.000000
   0.62821    8.467281    0.552149    0.552149    0.000000    1.127222    0.000000    0.000000    0.000000    0.000000    0.000000    0.000000
   0.63421    8.101783    0.535013    0.535013    0.000000    1.080314    0.000000    0.000000    0.000000    0.000000    0.000000    0.000000
   0.64021    7.673256    0.511654    0.511654    0.000000    1.022810    0.000000    0.000000    0.000000    0.000000    0.000000    0.000000
   0.64622    7.200350    0.483309    0.483309    0.000000    0.957125    0.000000    0.000000    0.000000    0.000000    0.000000    0.000000
   0.65222    6.704636    0.451486    0.451486    0.000000    0.886056    0.000000    0.000000    0.000000    0.000000    0.000000    0.000000
   0.65822    6.209826    0.417877    0.417877    0.000000    0.812651    0.000000    0.000000    0.000000    0.000000    0.000000    0.000000
   0.66422    5.740745    0.384261    0.384261    0.000000    0.740055    0.000000    0.000000    0.000000    0.000000    0.000000    0.000000
   0.67022    5.322041    0.352399    0.352399    0.000000    0.671339    0.000000    0.000000    0.000000    0.000000    0.000000    0.000000
   0.67623    4.976711    0.323924    0.323924    0.000000    0.609321    0.000000    0.000000    0.000000    0.000000    0.000000    0.000000
   0.68223    4.724531    0.300230    0.300230    0.000000    0.556399    0.000000    0.000000    0.000000    0.000000    0.000000    0.000000
   0.68823    4.580492    0.282386    0.282386    0.000000    0.514396    0.000000    0.000000    0.000000    0.000000    0.000000    0.000000
   0.69423    4.553405    0.271054    0.271054    0.000000    0.484439    0.000000    0.000000    0.000000    0.000000    0.000000    0.000000
   0.70023    4.644805    0.266442    0.266442    0.000000    0.466878    0.000000    0.000000    0.000000    0.000000    0.000000    0.000000
   0.70624    4.848299    0.268279    0.268279    0.000000    0.461258    0.000000    0.000000    0.000000    0.000000    0.000000    0.000000
   0.71224    5.149490    0.275830    0.275830    0.000000    0.466338    0.000000    0.000000    0.000000    0.000000    0.000000    0.000000
   0.71824    5.526566    0.287946    0.287946    0.000000    0.480183    0.000000    0.000000    0.000000    0.000000    0.000000    0.000000
   0.72424    5.951567    0.303145    0.303145    0.000000    0.500299    0.000000    0.000000    0.000000    0.000000    0.000000    0.000000
   0.73024    6.392303    0.319722    0.319722    0.000000    0.523823    0.000000    0.000000    0.000000    0.000000    0.000000    0.000000
   0.73625    6.814794    0.335887    0.335887    0.000000    0.547752    0.000000    0.000000    0.000000    0.000000    0.000000    0.000000
   0.74225    7.186032    0.349910    0.349910    0.000000    0.569184    0.000000    0.000000    0.000000    0.000000    0.000000    0.000000
   0.74825    7.476814    0.360263    0.360263    0.000000    0.585559    0.000000    0.000000    0.000000    0.000000    0.000000    0.000000
   0.75425    7.664344    0.365750    0.365750    0.000000    0.594873    0.000000    0.000000    0.000000    0.000000    0.000000    0.000000
   0.76025    7.734339    0.365603    0.365603    0.000000    0.595852    0.000000    0.000000    0.000000    0.000000    0.000000    0.000000
   0.76626    7.682395    0.359549    0.359549    0.000000    0.588059    0.000000    0.000000    0.000000    0.000000    0.000000    0.000000
   0.77226    7.514466    0.347821    0.347821    0.000000    0.571928    0.000000    0.000000    0.000000    0.000000    0.000000    0.000000
   0.77826    7.246414    0.331135    0.331135    0.000000    0.548731    0.000000    0.000000    0.000000    0.000000    0.000000    0.000000
   0.78426    6.902701    0.310619    0.310619    0.000000    0.520478    0.000000    0.000000    0.000000    0.000000    0.000000    0.000000
   0.79026    6.514393    0.287718    0.287718    0.000000    0.489756    0.000000    0.000000    0.000000    0.000000    0.000000    0.000000
   0.79627    6.116699    0.264075    0.264075    0.000000    0.459542    0.000000    0.000000    0.000000    0.000000    0.000000    0.000000
   0.80227    5.746330    0.241403    0.241403    0.000000    0.432997    0.000000    0.000000    0.000000    0.000000    0.000000    0.000000
   0.80827    5.438904    0.221370    0.221370    0.000000    0.413252    0.000000    0.000000    0.000000    0.000000    0.000000    0.000000
   0.81427    5.226615    0.205488    0.205488    0.000000    0.403217    0.000000    0.000000    0.000000    0.000000    0.000000    0.000000
   0.82027    5.136299    0.195026    0.195026    0.000000    0.405404    0.000000    0.000000    0.000000    0.000000    0.000000    0.000000
   0.82628    5.187947    0.190943    0.190943    0.000000    0.421783    0.000000    0.000000    0.000000    0.000000    0.000000    0.000000
   0.83228    5.393671    0.193847    0.193847    0.000000    0.453656    0.000000    0.000000    0.000000    0.000000    0.000000    0.000000
   0.83828    5.757103    0.203962    0.203962    0.000000    0.501567    0.000000    0.000000    0.000000    0.000000    0.000000    0.000000
   0.84428    6.273153    0.221129    0.221129    0.000000    0.565232    0.000000    0.000000    0.000000    0.000000    0.000000    0.000000
   0.85028    6.928126    0.244808    0.244808    0.000000    0.643504    0.000000    0.000000    0.000000    0.000000    0.000000    0.000000
   0.85629    7.700163    0.274103    0.274103    0.000000    0.734378    0.000000    0.000000    0.000000    0.000000    0.000000    0.000000
   0.86229    8.560050    0.307801    0.307801    0.000000    0.835029    0.000000    0.000000    0.000000    0.000000    0.000000    0.000000
   0.86829    9.472399    0.344427    0.344427    0.000000    0.941912    0.000000    0.000000    0.000000    0.000000    0.000000    0.000000
   0.87429   10.397237    0.382313    0.382313    0.000000    1.050908    0.000000    0.000000    0.000000    0.000000    0.000000    0.000000
   0.88029   11.291978    0.419680    0.419680    0.000000    1.157520    0.000000    0.000000    0.000000    0.000000    0.000000    0.000000
   0.88630   12.113711    0.454738    0.454738    0.000000    1.257117    0.000000    0.000000    0.000000    0.000000    0.000000    0.000000
   0.89230   12.821678    0.485777    0.485777    0.000000    1.345203    0.000000    0.000000    0.000000    0.000000    0.000000    0.000000
   0.89830   13.379754    0.511275    0.511275    0.000000    1.417692    0.000000    0.000000    0.000000    0.000000    0.000000    0.000000
   0.90430   13.758719    0.529975    0.529975    0.000000    1.471168    0.000000    0.000000    0.000000    0.000000    0.000000    0.000000
   0.91030   13.938110    0.540967    0.540967    0.000000    1.503097    0.000000    0.000000    0.000000    0.000000    0.000000    0.000000
   0.91631   13.907452    0.543725    0.543725    0.000000    1.511987    0.000000    0.000000    0.000000    0.000000    0.000000    0.000000
   0.92231   13.666757    0.538133    0.538133    0.000000    1.497460    0.000000    0.000000    0.000000    0.000000    0.000000    0.000000
   0.92831   13.226236    0.524475    0.524475    0.000000    1.460253    0.000000    0.000000    0.000000    0.000000    0.000000    0.000000
   0.93431   12.605268    0.503395    0.503395    0.000000    1.402130    0.000000    0.000000    0.000000    0.000000    0.000000    0.000000
   0.94031   11.830740    0.475845    0.475845    0.000000    1.325726    0.000000    0.000000    0.000000    0.000000    0.000000    0.000000
   0.94632   10.934952    0.443006    0.443006    0.000000    1.234348    0.000000    0.000000    0.000000    0.000000    0.000000    0.000000
   0.95232    9.953286    0.406206    0.406206    0.000000    1.131732    0.000000    0.000000    0.000000    0.000000    0.000000    0.000000
   0.95832    8.921865    0.366833    0.366833    0.000000    1.021797    0.000000    0.000000    0.000000    0.000000    0.000000    0.000000
   0.96432    7.875401    0.326253    0.326253    0.000000    0.908414    0.000000    0.000000    0.000000    0.000000    0.000000    0.000000
   0.97032    6.845381    0.285740    0.285740    0.000000    0.795190    0.000000    0.000000    0.000000    0.000000    0.000000    0.000000
   0.97633    5.858699    0.246416    0.246416    0.000000    0.685306    0.000000    0.000000    0.000000    0.000000    0.000000    0.000000
   0.98233    4.936788    0.209213    0.209213    0.000000    0.581397    0.000000    0.000000    0.000000    0.000000    0.000000    0.000000
   0.98833    4.095237    0.174849    0.174849    0.000000    0.485482    0.000000    0.000000    0.000000    0.000000    0.000000    0.000000
   0.99433    3.343852    0.143817    0.143817    0.000000    0.398947    0.000000    0.000000    0.000000    0.000000    0.000000    0.000000
   1.00033    2.687091    0.116397    0.116397    0.000000    0.322567    0.000000    0.000000    0.000000    0.000000    0.000000    0.000000
   1.00634    2.124768    0.092677    0.092677    0.000000    0.256568    0.000000    0.000000    0.000000    0.000000    0.000000    0.000000
   1.01234    1.652933    0.072577    0.072577    0.000000    0.200714    0.000000    0.000000    0.000000    0.000000    0.000000    0.000000
   1.01834    1.264822    0.055889    0.055889    0.000000    0.154401    0.000000    0.000000    0.000000    0.000000    0.000000    0.000000
   1.02434    0.951802    0.042312    0.042312    0.000000    0.116771    0.000000    0.000000    0.000000    0.000000    0.000000    0.000000
   1.03034    0.704236    0.031485    0.031485    0.000000    0.086803    0.000000    0.000000    0.000000    0.000000    0.000000    0.000000
   1.03635    0.512219    0.023023    0.023023    0.000000    0.063411    0.000000    0.000000    0.000000    0.000000    0.000000    0.000000
   1.04235    0.366158    0.016540    0.016540    0.000000    0.045513    0.000000    0.000000    0.000000    0.000000    0.000000    0.000000
   1.04835    0.257201    0.011673    0.011673    0.000000    0.032089    0.000000    0.000000    0.000000    0.000000    0.000000    0.000000
   1.05435    0.177494    0.008090    0.008090    0.000000    0.022221    0.000000    0.000000    0.000000    0.000000    0.000000    0.000000
   1.06035    0.120315    0.005506    0.005506    0.000000    0.015110    0.000000    0.000000    0.000000    0.000000    0.000000    0.000000
   1.06636    0.080096    0.003679    0.003679    0.000000    0.010088    0.000000    0.000000    0.000000    0.000000    0.000000    0.000000
   1.07236    0.052359    0.002413    0.002413    0.000000    0.006612    0.000000    0.000000    0.000000    0.000000    0.000000    0.000000
   1.07836    0.033607    0.001554    0.001554    0.000000    0.004254    0.000000    0.000000    0.000000    0.000000    0.000000    0.000000
   1.08436    0.021183    0.000982    0.000982    0.000000    0.002687    0.000000    0.000000    0.000000    0.000000    0.000000    0.000000
   1.09036    0.013120    0.000610    0.000610    0.000000    0.001666    0.000000    0.000000    0.000000    0.000000    0.000000    0.000000
   1.09637    0.008005    0.000374    0.000374    0.000000    0.001016    0.000000    0.000000    0.000000    0.000000    0.000000    0.000000
   1.10237    0.004850    0.000228    0.000228    0.000000    0.000612    0.000000    0.000000    0.000000    0.000000    0.000000    0.000000
   1.10837    0.002992    0.000142    0.000142    0.000000    0.000370    0.000000    0.000000    0.000000    0.000000    0.000000    0.000000
   1.11437    0.002007    0.000098    0.000098    0.000000    0.000235    0.000000    0.000000    0.000000    0.000000    0.000000    0.000000
   1.12037    0.001658    0.000084    0.000084    0.000000    0.000173    0.000000    0.000000    0.000000    0.000000    0.000000    0.000000
   1.12638    0.001854    0.000098    0.000098    0.000000    0.000169    0.000000    0.000000    0.000000    0.000000    0.000000    0.000000
   1.13238    0.002638    0.000141    0.000141    0.000000    0.000220    0.000000    0.000000    0.000000    0.000000    0.000000    0.000000
   1.13838    0.004193    0.000225    0.000225    0.000000    0.000337    0.000000    0.000000    0.000000    0.000000    0.000000    0.000000
   1.14438    0.006862    0.000365    0.000365    0.000000    0.000548    0.000000    0.000000    0.000000    0.000000    0.000000    0.000000
   1.15038    0.011195    0.000590    0.000590    0.000000    0.000896    0.000000    0.000000    0.000000    0.000000    0.000000    0.000000
   1.15639    0.018009    0.000939    0.000939    0.000000    0.001448    0.000000    0.000000    0.000000    0.000000    0.000000    0.000000
   1.16239    0.028467    0.001469    0.001469    0.000000    0.002304    0.000000    0.000000    0.000000    0.000000    0.000000    0.000000
   1.16839    0.044168    0.002253    0.002253    0.000000    0.003598    0.000000    0.000000    0.000000    0.000000    0.000000    0.000000
   1.17439    0.067245    0.003390    0.003390    0.000000    0.005516    0.000000    0.000000    0.000000    0.000000    0.000000    0.000000
   1.18039    0.100455    0.005003    0.005003    0.000000    0.008299    0.000000    0.000000    0.000000    0.000000    0.000000    0.000000
   1.18640    0.147249    0.007243    0.007243    0.000000    0.012251    0.000000    0.000000    0.000000    0.000000    0.000000    0.000000
   1.19240    0.211792    0.010286    0.010286    0.000000    0.017747    0.000000    0.000000    0.000000    0.000000    0.000000    0.000000
   1.19840    0.298929    0.014328    0.014328    0.000000    0.025229    0.000000    0.000000    0.000000    0.000000    0.000000    0.000000
   1.20440    0.414050    0.019582    0.019582    0.000000    0.035200    0.000000    0.000000    0.000000    0.000000    0.000000    0.000000
   1.21040    0.562854    0.026258    0.026258    0.000000    0.048199    0.000000    0.000000    0.000000    0.000000    0.000000    0.000000
   1.21641    0.750986    0.034550    0.034550    0.000000    0.064780    0.000000    0.000000    0.000000    0.000000    0.000000    0.000000
   1.22241    0.983568    0.044613    0.044613    0.000000    0.085465    0.000000    0.000000    0.000000    0.000000    0.000000    0.000000
   1.22841    1.264632    0.056543    0.056543    0.000000    0.110692    0.000000    0.000000    0.000000    0.000000    0.000000    0.000000
   1.23441    1.596510    0.070354    0.070354    0.000000    0.140763    0.000000    0.000000    0.000000    0.000000    0.000000    0.000000
   1.24041    1.979243    0.085954    0.085954    0.000000    0.175780    0.000000    0.000000    0.000000    0.000000    0.000000    0.000000
   1.24642    2.410089    0.103144    0.103144    0.000000    0.215596    0.000000    0.000000    0.000000    0.000000    0.000000    0.000000
   1.25242    2.883208    0.121603    0.121603    0.000000    0.259775    0.000000    0.000000    0.000000    0.000000    0.000000    0.000000
   1.25842    3.389606    0.140910    0.140910    0.000000    0.307576    0.000000    0.000000    0.000000    0.000000    0.000000    0.000000
   1.26442    3.917384    0.160556    0.160556    0.000000    0.357966    0.000000    0.000000    0.000000    0.000000    0.000000    0.000000
   1.27042    4.452294    0.179979    0.179979    0.000000    0.409660    0.000000    0.000000    0.000000    0.000000    0.000000    0.000000
   1.27643    4.978589    0.198607    0.198607    0.000000    0.461188    0.000000    0.000000    0.000000    0.000000    0.000000    0.000000
   1.28243    5.480062    0.215897    0.215897    0.000000    0.510990    0.000000    0.000000    0.000000    0.000000    0.000000    0.000000
   1.28843    5.941175    0.231376    0.231376    0.000000    0.557521    0.000000    0.000000    0.000000    0.000000    0.000000    0.000000
   1.29443    6.348128    0.244672    0.244672    0.000000    0.599352    0.000000    0.000000    0.000000    0.000000    0.000000    0.000000
   1.30043    6.689745    0.255534    0.255534    0.000000    0.635265    0.000000    0.000000    0.000000    0.000000    0.000000    0.000000
   1.30644    6.958062    0.263833    0.263833    0.000000    0.664319    0.000000    0.000000    0.000000    0.000000    0.000000    0.000000
   1.31244    7.148559    0.269553    0.269553    0.000000    0.685884    0.000000    0.000000    0.000000    0.000000    0.000000    0.000000
   1.31844    7.260060    0.272768    0.272768    0.000000    0.699652    0.000000    0.000000    0.000000    0.000000    0.000000    0.000000
   1.32444    7.294327    0.273609    0.273609    0.000000    0.705602    0.000000    0.000000    0.000000    0.000000    0.000000    0.000000
   1.33044    7.255502    0.272238    0.272238    0.000000    0.703962    0.000000    0.000000    0.000000    0.000000    0.000000    0.000000
   1.33645    7.149486    0.268816    0.268816    0.000000    0.695152    0.000000    0.000000    0.000000    0.000000    0.000000    0.000000
   1.34245    6.983409    0.263495    0.263495    0.000000    0.679730    0.000000    0.000000    0.000000    0.000000    0.000000    0.000000
   1.34845    6.765261    0.256411    0.256411    0.000000    0.658357    0.000000    0.000000    0.000000    0.000000    0.000000    0.000000
   1.35445    6.503726    0.247695    0.247695    0.000000    0.631767    0.000000    0.000000    0.000000    0.000000    0.000000    0.000000
   1.36045    6.208189    0.237494    0.237494    0.000000    0.600767    0.000000    0.000000    0.000000    0.000000    0.000000    0.000000
   1.36646    5.888835    0.225989    0.225989    0.000000    0.566234    0.000000    0.000000    0.000000    0.000000    0.000000    0.000000
   1.37246    5.556730    0.213415    0.213415    0.000000    0.529121    0.000000    0.000000    0.000000    0.000000    0.000000    0.000000
   1.37846    5.223760    0.200076    0.200076    0.000000    0.490458    0.000000    0.000000    0.000000    0.000000    0.000000    0.000000
   1.38446    4.902346    0.186341    0.186341    0.000000    0.451334    0.000000    0.000000    0.000000    0.000000    0.000000    0.000000
   1.39046    4.604883    0.172626    0.172626    0.000000    0.412861    0.000000    0.000000    0.000000    0.000000    0.000000    0.000000
   1.39647    4.342924    0.159371    0.159371    0.000000    0.376116    0.000000    0.000000    0.000000    0.000000    0.000000    0.000000
   1.40247    4.126197    0.146998    0.146998    0.000000    0.342076    0.000000    0.000000    0.000000    0.000000    0.000000    0.000000
   1.40847    3.961586    0.135874    0.135874    0.000000    0.311546    0.000000    0.000000    0.000000    0.000000    0.000000    0.000000
   1.41447    3.852236    0.126269    0.126269    0.000000    0.285087    0.000000    0.000000    0.000000    0.000000    0.000000    0.000000
   1.42047    3.796941    0.118330    0.118330    0.000000    0.262976    0.000000    0.000000    0.000000    0.000000    0.000000    0.000000
   1.42648    3.789960    0.112064    0.112064    0.000000    0.245178    0.000000    0.000000    0.000000    0.000000    0.000000    0.000000
   1.43248    3.821315    0.107340    0.107340    0.000000    0.231363    0.000000    0.000000    0.000000    0.000000    0.000000    0.000000
   1.43848    3.877601    0.103907    0.103907    0.000000    0.220944    0.000000    0.000000    0.000000    0.000000    0.000000    0.000000
   1.44448    3.943230    0.101424    0.101424    0.000000    0.213151    0.000000    0.000000    0.000000    0.000000    0.000000    0.000000
   1.45048    4.001995    0.099504    0.099504    0.000000    0.207124    0.000000    0.000000    0.000000    0.000000    0.000000    0.000000
   1.45649    4.038762    0.097760    0.097760    0.000000    0.202015    0.000000    0.000000    0.000000    0.000000    0.000000    0.000000
   1.46249    4.041115    0.095856    0.095856    0.000000    0.197086    0.000000    0.000000    0.000000    0.000000    0.000000    0.000000
   1.46849    4.000753    0.093543    0.093543    0.000000    0.191800    0.000000    0.000000    0.000000    0.000000    0.000000    0.000000
   1.47449    3.914490    0.090693    0.090693    0.000000    0.185885    0.000000    0.000000    0.000000    0.000000    0.000000    0.000000
   1.48049    3.784757    0.087318    0.087318    0.000000    0.179380    0.000000    0.000000    0.000000    0.000000    0.000000    0.000000
   1.48650    3.619555    0.083569    0.083569    0.000000    0.172639    0.000000    0.000000    0.000000    0.000000    0.000000    0.000000
   1.49250    3.431898    0.079733    0.079733    0.000000    0.166315    0.000000    0.000000    0.000000    0.000000    0.000000    0.000000
   1.49850    3.238796    0.076205    0.076205    0.000000    0.161315    0.000000    0.000000    0.000000    0.000000    0.000000    0.000000
   1.50450    3.059899    0.073460    0.073460    0.000000    0.158727    0.000000    0.000000    0.000000    0.000000    0.000000    0.000000
   1.51050    2.915917    0.072008    0.072008    0.000000    0.159734    0.000000    0.000000    0.000000    0.000000    0.000000    0.000000
   1.51651    2.826949    0.072356    0.072356    0.000000    0.165513    0.000000    0.000000    0.000000    0.000000    0.000000    0.000000
   1.52251    2.810819    0.074958    0.074958    0.000000    0.177122    0.000000    0.000000    0.000000    0.000000    0.000000    0.000000
   1.52851    2.881537    0.080170    0.080170    0.000000    0.195396    0.000000    0.000000    0.000000    0.000000    0.000000    0.000000
   1.53451    3.047954    0.088213    0.088213    0.000000    0.220834    0.000000    0.000000    0.000000    0.000000    0.000000    0.000000
   1.54051    3.312715    0.099132    0.099132    0.000000    0.253507    0.000000    0.000000    0.000000    0.000000    0.000000    0.000000
   1.54652    3.671574    0.112774    0.112774    0.000000    0.292991    0.000000    0.000000    0.000000    0.000000    0.000000    0.000000
   1.55252    4.113169    0.128779    0.128779    0.000000    0.338324    0.000000    0.000000    0.000000    0.000000    0.000000    0.000000
   1.55852    4.619310    0.146576    0.146576    0.000000    0.388012    0.000000    0.000000    0.000000    0.000000    0.000000    0.000000
   1.56452    5.165862    0.165416    0.165416    0.000000    0.440085    0.000000    0.000000    0.000000    0.000000    0.000000    0.000000
   1.57052    5.724199    0.184407    0.184407    0.000000    0.492202    0.000000    0.000000    0.000000    0.000000    0.000000    0.000000
   1.57653    6.263200    0.202579    0.202579    0.000000    0.541807    0.000000    0.000000    0.000000    0.000000    0.000000    0.000000
   1.58253    6.751654    0.218958    0.218958    0.000000    0.586333    0.000000    0.000000    0.000000    0.000000    0.000000    0.000000
   1.58853    7.160880    0.232653    0.232653    0.000000    0.623414    0.000000    0.000000    0.000000    0.000000    0.000000    0.000000
   1.59453    7.467308    0.242933    0.242933    0.000000    0.651115    0.000000    0.000000    0.000000    0.000000    0.000000    0.000000
   1.60053    7.654745    0.249311    0.249311    0.000000    0.668124    0.000000    0.000000    0.000000    0.000000    0.000000    0.000000
   1.60654    7.716043    0.251589    0.251589    0.000000    0.673902    0.000000    0.000000    0.000000    0.000000    0.000000    0.000000
   1.61254    7.653971    0.249896    0.249896    0.000000    0.668762    0.000000    0.000000    0.000000    0.000000    0.000000    0.000000
   1.61854    7.481149    0.244685    0.244685    0.000000    0.653870    0.000000    0.000000    0.000000    0.000000    0.000000    0.000000
   1.62454    7.219046    0.236705    0.236705    0.000000    0.631158    0.000000    0.000000    0.000000    0.000000    0.000000    0.000000
   1.63054    6.896131    0.226939    0.226939    0.000000    0.603174    0.000000    0.000000    0.000000    0.000000    0.000000    0.000000
   1.63655    6.545400    0.216528    0.216528    0.000000    0.572863    0.000000    0.000000    0.000000    0.000000    0.000000    0.000000
   1.64255    6.201547    0.206681    0.206681    0.000000    0.543333    0.000000    0.000000    0.000000    0.000000    0.000000    0.000000
   1.64855    5.898084    0.198579    0.198579    0.000000    0.517596    0.000000    0.000000    0.000000    0.000000    0.000000    0.000000
   1.65455    5.664718    0.193288    0.193288    0.000000    0.498348    0.000000    0.000000    0.000000    0.000000    0.000000    0.000000
   1.66055    5.525188    0.191686    0.191686    0.000000    0.487772    0.000000    0.000000    0.000000    0.000000    0.000000    0.000000
   1.66656    5.495746    0.194406    0.194406    0.000000    0.487403    0.000000    0.000000    0.000000    0.000000    0.000000    0.000000
   1.67256    5.584336    0.201801    0.201801    0.000000    0.498049    0.000000    0.000000    0.000000    0.000000    0.000000    0.000000
   1.67856    5.790442    0.213926    0.213926    0.000000    0.519765    0.000000    0.000000    0.000000    0.000000    0.000000    0.000000
   1.68456    6.105529    0.230544    0.230544    0.000000    0.551882    0.000000    0.000000    0.000000    0.000000    0.000000    0.000000
   1.69056    6.513954    0.251137    0.251137    0.000000    0.593066    0.000000    0.000000    0.000000    0.000000    0.000000    0.000000
   1.69657    6.994204    0.274935    0.274935    0.000000    0.641421    0.000000    0.000000    0.000000    0.000000    0.000000    0.000000
   1.70257    7.520340    0.300955    0.300955    0.000000    0.694596    0.000000    0.000000    0.000000    0.000000    0.000000    0.000000
   1.70857    8.063571    0.328048    0.328048    0.000000    0.749922    0.000000    0.000000    0.000000    0.000000    0.000000    0.000000
   1.71457    8.593877    0.354951    0.354951    0.000000    0.804551    0.000000    0.000000    0.000000    0.000000    0.000000    0.000000
   1.72057    9.081652    0.380357    0.380357    0.000000    0.855613    0.000000    0.000000    0.000000    0.000000    0.000000    0.000000
   1.72658    9.499352    0.402982    0.402982    0.000000    0.900371    0.000000    0.000000    0.000000    0.000000    0.000000    0.000000
   1.73258    9.823096    0.421647    0.421647    0.000000    0.936388    0.000000    0.000000    0.000000    0.000000    0.000000    0.000000
   1.73858   10.034178    0.435360    0.435360    0.000000    0.961692    0.000000    0.000000    0.000000    0.000000    0.000000    0.000000
   1.74458   10.120385    0.443391    0.443391    0.000000    0.974917    0.000000    0.000000    0.000000    0.000000    0.000000    0.000000
   1.75058   10.077016    0.445338    0.445338    0.000000    0.975424    0.000000    0.000000    0.000000    0.000000    0.000000    0.000000
   1.75659    9.907466    0.441169    0.441169    0.000000    0.963376    0.000000    0.000000    0.000000    0.000000    0.000000    0.000000
   1.76259    9.623265    0.431242    0.431242    0.000000    0.939749    0.000000    0.000000    0.000000    0.000000    0.000000    0.000000
   1.76859    9.243481    0.416286    0.416286    0.000000    0.906282    0.000000    0.000000    0.000000    0.000000    0.000000    0.000000
   1.77459    8.793498    0.397350    0.397350    0.000000    0.865358    0.000000    0.000000    0.000000    0.000000    0.000000    0.000000
   1.78059    8.303215    0.375719    0.375719    0.000000    0.819815    0.000000    0.000000    0.000000    0.000000    0.000000    0.000000
   1.78660    7.804828    0.352815    0.352815    0.000000    0.772723    0.000000    0.000000    0.000000    0.000000    0.000000    0.000000
   1.79260    7.330405    0.330072    0.330072    0.000000    0.727133    0.000000    0.000000    0.000000    0.000000    0.000000    0.000000
   1.79860    6.909492    0.308826    0.308826    0.000000    0.685828    0.000000    0.000000    0.000000    0.000000    0.000000    0.000000
   1.80460    6.567022    0.290207    0.290207    0.000000    0.651116    0.000000    0.000000    0.000000    0.000000    0.000000    0.000000
   1.81060    6.321702    0.275068    0.275068    0.000000    0.624673    0.000000    0.000000    0.000000    0.000000    0.000000    0.000000
   1.81661    6.185056    0.263936    0.263936    0.000000    0.607457    0.000000    0.000000    0.000000    0.000000    0.000000    0.000000
   1.82261    6.161143    0.257002    0.257002    0.000000    0.599700    0.000000    0.000000    0.000000    0.000000    0.000000    0.000000
   1.82861    6.246937    0.254146    0.254146    0.000000    0.600969    0.000000    0.000000    0.000000    0.000000    0.000000    0.000000
   1.83461    6.433233    0.254990    0.254990    0.000000    0.610287    0.000000    0.000000    0.000000    0.000000    0.000000    0.000000
   1.84061    6.705929    0.258959    0.258959    0.000000    0.626284    0.000000    0.000000    0.000000    0.000000    0.000000    0.000000
   1.84662    7.047476    0.265362    0.265362    0.000000    0.647363    0.000000    0.000000    0.000000    0.000000    0.000000    0.000000
   1.85262    7.438328    0.273464    0.273464    0.000000    0.671848    0.000000    0.000000    0.000000    0.000000    0.000000    0.000000
   1.85862    7.858252    0.282546    0.282546    0.000000    0.698113    0.000000    0.000000    0.000000    0.000000    0.000000    0.000000
   1.86462    8.287399    0.291949    0.291949    0.000000    0.724664    0.000000    0.000000    0.000000    0.000000    0.000000    0.000000
   1.87062    8.707120    0.301105    0.301105    0.000000    0.750182    0.000000    0.000000    0.000000    0.000000    0.000000    0.000000
   1.87663    9.100531    0.309545    0.309545    0.000000    0.773533    0.000000    0.000000    0.000000    0.000000    0.000000    0.000000
   1.88263    9.452884    0.316898    0.316898    0.000000    0.793750    0.000000    0.000000    0.000000    0.000000    0.000000    0.000000
   1.88863    9.751802    0.322876    0.322876    0.000000    0.810010    0.000000    0.000000    0.000000    0.000000    0.000000    0.000000
   1.89463    9.987419    0.327264    0.327264    0.000000    0.821612    0.000000    0.000000    0.000000    0.000000    0.000000    0.000000
   1.90063   10.152474    0.329902    0.329902    0.000000    0.827965    0.000000    0.000000    0.000000    0.000000    0.000000    0.000000
   1.90664   10.242363    0.330676    0.330676    0.000000    0.828601    0.000000    0.000000    0.000000    0.000000    0.000000    0.000000
   1.91264   10.255130    0.329512    0.329512    0.000000    0.823195    0.000000    0.000000    0.000000    0.000000    0.000000    0.000000
   1.91864   10.191403    0.326374    0.326374    0.000000    0.811605    0.000000    0.000000    0.000000    0.000000    0.000000    0.000000
   1.92464   10.054246    0.321266    0.321266    0.000000    0.793906    0.000000    0.000000    0.000000    0.000000    0.000000    0.000000
   1.93064    9.848941    0.314233    0.314233    0.000000    0.770426    0.000000    0.000000    0.000000    0.000000    0.000000    0.000000
   1.93665    9.582700    0.305368    0.305368    0.000000    0.741754    0.000000    0.000000    0.000000    0.000000    0.000000    0.000000
   1.94265    9.264350    0.294813    0.294813    0.000000    0.708737    0.000000    0.000000    0.000000    0.000000    0.000000    0.000000
   1.94865    8.904002    0.282756    0.282756    0.000000    0.672452    0.000000    0.000000    0.000000    0.000000    0.000000    0.000000
   1.95465    8.512725    0.269435    0.269435    0.000000    0.634152    0.000000    0.000000    0.000000    0.000000    0.000000    0.000000
   1.96065    8.102219    0.255127    0.255127    0.000000    0.595199    0.000000    0.000000    0.000000    0.000000    0.000000    0.000000
   1.96666    7.684474    0.240147    0.240147    0.000000    0.556980    0.000000    0.000000    0.000000    0.000000    0.000000    0.000000
   1.97266    7.271373    0.224831    0.224831    0.000000    0.520826    0.000000    0.000000    0.000000    0.000000    0.000000    0.000000
   1.97866    6.874212    0.209527    0.209527    0.000000    0.487917    0.000000    0.000000    0.000000    0.000000    0.000000    0.000000
   1.98466    6.503126    0.194574    0.194574    0.000000    0.459206    0.000000    0.000000    0.000000    0.000000    0.000000    0.000000
   1.99066    6.166444    0.180284    0.180284    0.000000    0.435346    0.000000    0.000000    0.000000    0.000000    0.000000    0.000000
   1.99667    5.870010    0.166919    0.166919    0.000000    0.416639    0.000000    0.000000    0.000000    0.000000    0.000000    0.000000
   2.00267    5.616592    0.154673    0.154673    0.000000    0.403006    0.000000    0.000000    0.000000    0.000000    0.000000    0.000000
   2.00867    5.405459    0.143660    0.143660    0.000000    0.393987    0.000000    0.000000    0.000000    0.000000    0.000000    0.000000
   2.01467    5.232250    0.133898    0.133898    0.000000    0.388769    0.000000    0.000000    0.000000    0.000000    0.000000    0.000000
   2.02067    5.089212    0.125316    0.125316    0.000000    0.386249    0.000000    0.000000    0.000000    0.000000    0.000000    0.000000
   2.02668    4.965827    0.117760    0.117760    0.000000    0.385124    0.000000    0.000000    0.000000    0.000000    0.000000    0.000000
   2.03268    4.849796    0.111014    0.111014    0.000000    0.384003    0.000000    0.000000    0.000000    0.000000    0.000000    0.000000
   2.03868    4.728285    0.104826    0.104826    0.000000    0.381531    0.000000    0.000000    0.000000    0.000000    0.000000    0.000000
   2.04468    4.589271    0.098934    0.098934    0.000000    0.376514    0.000000    0.000000    0.000000    0.000000    0.000000    0.000000
   2.05068    4.422819    0.093100    0.093100    0.000000    0.368021    0.000000    0.000000    0.000000    0.000000    0.000000    0.000000
   2.05669    4.222130    0.087132    0.087132    0.000000    0.355466    0.000000    0.000000    0.000000    0.000000    0.000000    0.000000
   2.06269    3.984198    0.080903    0.080903    0.000000    0.338650    0.000000    0.000000    0.000000    0.000000    0.000000    0.000000
   2.06869    3.710027    0.074363    0.074363    0.000000    0.317761    0.000000    0.000000    0.000000    0.000000    0.000000    0.000000
   2.07469    3.404388    0.067534    0.067534    0.000000    0.293335    0.000000    0.000000    0.000000    0.000000    0.000000    0.000000
   2.08069    3.075172    0.060502    0.060502    0.000000    0.266187    0.000000    0.000000    0.000000    0.000000    0.000000    0.000000
   2.08670    2.732476    0.053403    0.053403    0.000000    0.237313    0.000000    0.000000    0.000000    0.000000    0.000000    0.000000
   2.09270    2.387550    0.046403    0.046403    0.000000    0.207795    0.000000    0.000000    0.000000    0.000000    0.000000    0.000000
   2.09870    2.051767    0.039675    0.039675    0.000000    0.178700    0.000000    0.000000    0.000000    0.000000    0.000000    0.000000
   2.10470    1.735765    0.033385    0.033385    0.000000    0.150999    0.000000    0.000000    0.000000    0.000000    0.000000    0.000000
   2.11070    1.448830    0.027679    0.027679    0.000000    0.125512    0.000000    0.000000    0.000000    0.000000    0.000000    0.000000
   2.11671    1.198599    0.022674    0.022674    0.000000    0.102875    0.000000    0.000000    0.000000    0.000000    0.000000    0.000000
   2.12271    0.991058    0.018457    0.018457    0.000000    0.083541    0.000000    0.000000    0.000000    0.000000    0.000000    0.000000
   2.12871    0.830806    0.015091    0.015091    0.000000    0.067797    0.000000    0.000000    0.000000    0.000000    0.000000    0.000000
   2.13471    0.721492    0.012622    0.012622    0.000000    0.055805    0.000000    0.000000    0.000000    0.000000    0.000000    0.000000
   2.14071    0.666350    0.011093    0.011093    0.000000    0.047645    0.000000    0.000000    0.000000    0.000000    0.000000    0.000000
   2.14672    0.668704    0.010552    0.010552    0.000000    0.043362    0.000000    0.000000    0.000000    0.000000    0.000000    0.000000
   2.15272    0.732390    0.011064    0.011064    0.000000    0.043012    0.000000    0.000000    0.000000    0.000000    0.000000    0.000000
   2.15872    0.861981    0.012723    0.012723    0.000000    0.046689    0.000000    0.000000    0.000000    0.000000    0.000000    0.000000
   2.16472    1.062797    0.015654    0.015654    0.000000    0.054542    0.000000    0.000000    0.000000    0.000000    0.000000    0.000000
   2.17072    1.340647    0.020011    0.020011    0.000000    0.066775    0.000000    0.000000    0.000000    0.000000    0.000000    0.000000
   2.17673    1.701328    0.025976    0.025976    0.000000    0.083626    0.000000    0.000000    0.000000    0.000000    0.000000    0.000000
   2.18273    2.149885    0.033742    0.033742    0.000000    0.105336    0.000000    0.000000    0.000000    0.000000    0.000000    0.000000
   2.18873    2.689695    0.043497    0.043497    0.000000    0.132095    0.000000    0.000000    0.000000    0.000000    0.000000    0.000000
   2.19473    3.321453    0.055399    0.055399    0.000000    0.163991    0.000000    0.000000    0.000000    0.000000    0.000000    0.000000
   2.20073    4.042141    0.069544    0.069544    0.000000    0.200943    0.000000    0.000000    0.000000    0.000000    0.000000    0.000000
   2.20674    4.844104    0.085940    0.085940    0.000000    0.242639    0.000000    0.000000    0.000000    0.000000    0.000000    0.000000
   2.21274    5.714340    0.104471    0.104471    0.000000    0.288488    0.000000    0.000000    0.000000    0.000000    0.000000    0.000000
   2.21874    6.634134    0.124875    0.124875    0.000000    0.337583    0.000000    0.000000    0.000000    0.000000    0.000000    0.000000
   2.22474    7.579127    0.146723    0.146723    0.000000    0.388687    0.000000    0.000000    0.000000    0.000000    0.000000    0.000000
   2.23074    8.519901    0.169421    0.169421    0.000000    0.440256    0.000000    0.000000    0.000000    0.000000    0.000000    0.000000
   2.23675    9.423115    0.192216    0.192216    0.000000    0.490486    0.000000    0.000000    0.000000    0.000000    0.000000    0.000000
   2.24275   10.253178    0.214234    0.214234    0.000000    0.537401    0.000000    0.000000    0.000000    0.000000    0.000000    0.000000
   2.24875   10.974348    0.234524    0.234524    0.000000    0.578966    0.000000    0.000000    0.000000    0.000000    0.000000    0.000000
   2.25475   11.553141    0.252124    0.252124    0.000000    0.613226    0.000000    0.000000    0.000000    0.000000    0.000000    0.000000
   2.26075   11.960806    0.266135    0.266135    0.000000    0.638454    0.000000    0.000000    0.000000    0.000000    0.000000    0.000000
   2.26676   12.175646    0.275796    0.275796    0.000000    0.653290    0.000000    0.000000    0.000000    0.000000    0.000000    0.000000
   2.27276   12.184916    0.280550    0.280550    0.000000    0.656864    0.000000    0.000000    0.000000    0.000000    0.000000    0.000000
   2.27876   11.986072    0.280101    0.280101    0.000000    0.648877    0.000000    0.000000    0.000000    0.000000    0.000000    0.000000
   2.28476   11.587191    0.274440    0.274440    0.000000    0.629643    0.000000    0.000000    0.000000    0.000000    0.000000    0.000000
   2.29076   11.006502    0.263852    0.263852    0.000000    0.600066    0.000000    0.000000    0.000000    0.000000    0.000000    0.000000
   2.29677   10.271031    0.248891    0.248891    0.000000    0.561576    0.000000    0.000000    0.000000    0.000000    0.000000    0.000000
   2.30277    9.414521    0.230332    0.230332    0.000000    0.516008    0.000000    0.000000    0.000000    0.000000    0.000000    0.000000
   2.30877    8.474828    0.209103    0.209103    0.000000    0.465460    0.000000    0.000000    0.000000    0.000000    0.000000    0.000000
   2.31477    7.491101    0.186206    0.186206    0.000000    0.412126    0.000000    0.000000    0.000000    0.000000    0.000000    0.000000
   2.32077    6.501043    0.162643    0.162643    0.000000    0.358137    0.000000    0.000000    0.000000    0.000000    0.000000    0.000000
   2.32678    5.538527    0.139338    0.139338    0.000000    0.305423    0.000000    0.000000    0.000000    0.000000    0.000000    0.000000
   2.33278    4.631795    0.117085    0.117085    0.000000    0.255602    0.000000    0.000000    0.000000    0.000000    0.000000    0.000000
   2.33878    3.802364    0.096512    0.096512    0.000000    0.209917    0.000000    0.000000    0.000000    0.000000    0.000000    0.000000
   2.34478    3.064665    0.078060    0.078060    0.000000    0.169207    0.000000    0.000000    0.000000    0.000000    0.000000    0.000000
   2.35078    2.426374    0.061991    0.061991    0.000000    0.133930    0.000000    0.000000    0.000000    0.000000    0.000000    0.000000
   2.35679    1.889284    0.048405    0.048405    0.000000    0.104204    0.000000    0.000000    0.000000    0.000000    0.000000    0.000000
   2.36279    1.450570    0.037273    0.037273    0.000000    0.079878    0.000000    0.000000    0.000000    0.000000    0.000000    0.000000
   2.36879    1.104242    0.028476    0.028476    0.000000    0.060616    0.000000    0.000000    0.000000    0.000000    0.000000    0.000000
   2.37479    0.842634    0.021840    0.021840    0.000000    0.045976    0.000000    0.000000    0.000000    0.000000    0.000000    0.000000
   2.38079    0.657760    0.017176    0.017176    0.000000    0.035484    0.000000    0.000000    0.000000    0.000000    0.000000    0.000000
   2.38680    0.542456    0.014310    0.014310    0.000000    0.028701    0.000000    0.000000    0.000000    0.000000    0.000000    0.000000
   2.39280    0.491218    0.013101    0.013101    0.000000    0.025261    0.000000    0.000000    0.000000    0.000000    0.000000    0.000000
   2.39880    0.500714    0.013457    0.013457    0.000000    0.024905    0.000000    0.000000    0.000000    0.000000    0.000000    0.000000
   2.40480    0.569947    0.015338    0.015338    0.000000    0.027481    0.000000    0.000000    0.000000    0.000000    0.000000    0.000000
   2.41080    0.700087    0.018747    0.018747    0.000000    0.032942    0.000000    0.000000    0.000000    0.000000    0.000000    0.000000
   2.41681    0.893985    0.023718    0.023718    0.000000    0.041317    0.000000    0.000000    0.000000    0.000000    0.000000    0.000000
   2.42281    1.155402    0.030294    0.030294    0.000000    0.052672    0.000000    0.000000    0.000000    0.000000    0.000000    0.000000
   2.42881    1.488013    0.038502    0.038502    0.000000    0.067068    0.000000    0.000000    0.000000    0.000000    0.000000    0.000000
   2.43481    1.894246    0.048324    0.048324    0.000000    0.084503    0.000000    0.000000    0.000000    0.000000    0.000000    0.000000
   2.44081    2.374076    0.059671    0.059671    0.000000    0.104867    0.000000    0.000000    0.000000    0.000000    0.000000    0.000000
   2.44682    2.923874    0.072362    0.072362    0.000000    0.127891    0.000000    0.000000    0.000000    0.000000    0.000000    0.000000
   2.45282    3.535485    0.086105    0.086105    0.000000    0.153119    0.000000    0.000000    0.000000    0.000000    0.000000    0.000000
   2.45882    4.195657    0.100501    0.100501    0.000000    0.179895    0.000000    0.000000    0.000000    0.000000    0.000000    0.000000
   2.46482    4.885984    0.115054    0.115054    0.000000    0.207376    0.000000    0.000000    0.000000    0.000000    0.000000    0.000000
   2.47082    5.583439    0.129196    0.129196    0.000000    0.234569    0.000000    0.000000    0.000000    0.000000    0.000000    0.000000
   2.47683    6.261546    0.142328    0.142328    0.000000    0.260402    0.000000    0.000000    0.000000    0.000000    0.000000    0.000000
   2.48283    6.892143    0.153877    0.153877    0.000000    0.283805    0.000000    0.000000    0.000000    0.000000    0.000000    0.000000
   2.48883    7.447607    0.163347    0.163347    0.000000    0.303820    0.000000    0.000000    0.000000    0.000000    0.000000    0.000000
   2.49483    7.903319    0.170382    0.170382    0.000000    0.319705    0.000000    0.000000    0.000000    0.000000    0.000000    0.000000
   2.50083    8.240125    0.174814    0.174814    0.000000    0.331035    0.000000    0.000000    0.000000    0.000000    0.000000    0.000000
   2.50684    8.446457    0.176702    0.176702    0.000000    0.337778    0.000000    0.000000    0.000000    0.000000    0.000000    0.000000
   2.51284    8.519875    0.176344    0.176344    0.000000    0.340337    0.000000    0.000000    0.000000    0.000000    0.000000    0.000000
   2.51884    8.467757    0.174272    0.174272    0.000000    0.339557    0.000000    0.000000    0.000000    0.000000    0.000000    0.000000
   2.52484    8.307040    0.171221    0.171221    0.000000    0.336679    0.000000    0.000000    0.000000    0.000000    0.000000    0.000000
   2.53084    8.062949    0.168074    0.168074    0.000000    0.333250    0.000000    0.000000    0.000000    0.000000    0.000000    0.000000
   2.53685    7.766833    0.165784    0.165784    0.000000    0.330995    0.000000    0.000000    0.000000    0.000000    0.000000    0.000000
   2.54285    7.453311    0.165292    0.165292    0.000000    0.331657    0.000000    0.000000    0.000000    0.000000    0.000000    0.000000
   2.54885    7.157000    0.167434    0.167434    0.000000    0.336826    0.000000    0.000000    0.000000    0.000000    0.000000    0.000000
   2.55485    6.909198    0.172852    0.172852    0.000000    0.347759    0.000000    0.000000    0.000000    0.000000    0.000000    0.000000
   2.56085    6.734862    0.181919    0.181919    0.000000    0.365238    0.000000    0.000000    0.000000    0.000000    0.000000    0.000000
   2.56686    6.650214    0.194688    0.194688    0.000000    0.389439    0.000000    0.000000    0.000000    0.000000    0.000000    0.000000
   2.57286    6.661246    0.210859    0.210859    0.000000    0.419881    0.000000    0.000000    0.000000    0.000000    0.000000    0.000000
   2.57886    6.763296    0.229792    0.229792    0.000000    0.455413    0.000000    0.000000    0.000000    0.000000    0.000000    0.000000
   2.58486    6.941744    0.250543    0.250543    0.000000    0.494285    0.000000    0.000000    0.000000    0.000000    0.000000    0.000000
   2.59086    7.173773    0.271941    0.271941    0.000000    0.534282    0.000000    0.000000    0.000000    0.000000    0.000000    0.000000
   2.59687    7.431004    0.292683    0.292683    0.000000    0.572907    0.000000    0.000000    0.000000    0.000000    0.000000    0.000000
   2.60287    7.682712    0.311459    0.311459    0.000000    0.607613    0.000000    0.000000    0.000000    0.000000    0.000000    0.000000
   2.60887    7.899274    0.327074    0.327074    0.000000    0.636044    0.000000    0.000000    0.000000    0.000000    0.000000    0.000000
   2.61487    8.055431    0.338568    0.338568    0.000000    0.656265    0.000000    0.000000    0.000000    0.000000    0.000000    0.000000
   2.62087    8.133005    0.345308    0.345308    0.000000    0.666955    0.000000    0.000000    0.000000    0.000000    0.000000    0.000000
   2.62688    8.122736    0.347057    0.347057    0.000000    0.667537    0.000000    0.000000    0.000000    0.000000    0.000000    0.000000
   2.63288    8.025036    0.343989    0.343989    0.000000    0.658221    0.000000    0.000000    0.000000    0.000000    0.000000    0.000000
   2.63888    7.849580    0.336665    0.336665    0.000000    0.639973    0.000000    0.000000    0.000000    0.000000    0.000000    0.000000
   2.64488    7.613809    0.325970    0.325970    0.000000    0.614393    0.000000    0.000000    0.000000    0.000000    0.000000    0.000000
   2.65088    7.340559    0.313003    0.313003    0.000000    0.583532    0.000000    0.000000    0.000000    0.000000    0.000000    0.000000
   2.65689    7.055146    0.298962    0.298962    0.000000    0.549666    0.000000    0.000000    0.000000    0.000000    0.000000    0.000000
   2.66289    6.782283    0.285011    0.285011    0.000000    0.515060    0.000000    0.000000    0.000000    0.000000    0.000000    0.000000
   2.66889    6.543250    0.272160    0.272160    0.000000    0.481744    0.000000    0.000000    0.000000    0.000000    0.000000    0.000000
   2.67489    6.353656    0.261175    0.261175    0.000000    0.451346    0.000000    0.000000    0.000000    0.000000    0.000000    0.000000
   2.68089    6.222079    0.252518    0.252518    0.000000    0.424974    0.000000    0.000000    0.000000    0.000000    0.000000    0.000000
   2.68690    6.149711    0.246333    0.246333    0.000000    0.403182    0.000000    0.000000    0.000000    0.000000    0.000000    0.000000
   2.69290    6.131025    0.242468    0.242468    0.000000    0.386002    0.000000    0.000000    0.000000    0.000000    0.000000    0.000000
   2.69890    6.155341    0.240538    0.240538    0.000000    0.373048    0.000000    0.000000    0.000000    0.000000    0.000000    0.000000
   2.70490    6.209025    0.240015    0.240015    0.000000    0.363653    0.000000    0.000000    0.000000    0.000000    0.000000    0.000000
   2.71090    6.278043    0.240324    0.240324    0.000000    0.357041    0.000000    0.000000    0.000000    0.000000    0.000000    0.000000
   2.71691    6.350475    0.240949    0.240949    0.000000    0.352484    0.000000    0.000000    0.000000    0.000000    0.000000    0.000000
   2.72291    6.418671    0.241516    0.241516    0.000000    0.349451    0.000000    0.000000    0.000000    0.000000    0.000000    0.000000
   2.72891    6.480736    0.241851    0.241851    0.000000    0.347699    0.000000    0.000000    0.000000    0.000000    0.000000    0.000000
   2.73491    6.541139    0.242016    0.242016    0.000000    0.347317    0.000000    0.000000    0.000000    0.000000    0.000000    0.000000
   2.74091    6.610340    0.242292    0.242292    0.000000    0.348713    0.000000    0.000000    0.000000    0.000000    0.000000    0.000000
   2.74692    6.703458    0.243137    0.243137    0.000000    0.352536    0.000000    0.000000    0.000000    0.000000    0.000000    0.000000
   2.75292    6.838120    0.245112    0.245112    0.000000    0.359563    0.000000    0.000000    0.000000    0.000000    0.000000    0.000000
   2.75892    7.031739    0.248791    0.248791    0.000000    0.370544    0.000000    0.000000    0.000000    0.000000    0.000000    0.000000
   2.76492    7.298567    0.254653    0.254653    0.000000    0.386047    0.000000    0.000000    0.000000    0.000000    0.000000    0.000000
   2.77092    7.646892    0.262991    0.262991    0.000000    0.406310    0.000000    0.000000    0.000000    0.000000    0.000000    0.000000
   2.77693    8.076772    0.273833    0.273833    0.000000    0.431123    0.000000    0.000000    0.000000    0.000000    0.000000    0.000000
   2.78293    8.578648    0.286901    0.286901    0.000000    0.459771    0.000000    0.000000    0.000000    0.000000    0.000000    0.000000
   2.78893    9.133081    0.301600    0.301600    0.000000    0.491027    0.000000    0.000000    0.000000    0.000000    0.000000    0.000000
   2.79493    9.711734    0.317050    0.317050    0.000000    0.523225    0.000000    0.000000    0.000000    0.000000    0.000000    0.000000
   2.80093   10.279560    0.332167    0.332167    0.000000    0.554383    0.000000    0.000000    0.000000    0.000000    0.000000    0.000000
   2.80694   10.798012    0.345758    0.345758    0.000000    0.582390    0.000000    0.000000    0.000000    0.000000    0.000000    0.000000
   2.81294   11.228903    0.356652    0.356652    0.000000    0.605217    0.000000    0.000000    0.000000    0.000000    0.000000    0.000000
   2.81894   11.538504    0.363828    0.363828    0.000000    0.621130    0.000000    0.000000    0.000000    0.000000    0.000000    0.000000
   2.82494   11.701356    0.366528    0.366528    0.000000    0.628893    0.000000    0.000000    0.000000    0.000000    0.000000    0.000000
   2.83094   11.703325    0.364355    0.364355    0.000000    0.627919    0.000000    0.000000    0.000000    0.000000    0.000000    0.000000
   2.83695   11.543516    0.357321    0.357321    0.000000    0.618352    0.000000    0.000000    0.000000    0.000000    0.000000    0.000000
   2.84295   11.234776    0.345861    0.345861    0.000000    0.601082    0.000000    0.000000    0.000000    0.000000    0.000000    0.000000
   2.84895   10.802728    0.330794    0.330794    0.000000    0.577673    0.000000    0.000000    0.000000    0.000000    0.000000    0.000000
   2.85495   10.283436    0.313242    0.313242    0.000000    0.550223    0.000000    0.000000    0.000000    0.000000    0.000000    0.000000
   2.86095    9.719985    0.294526    0.294526    0.000000    0.521169    0.000000    0.000000    0.000000    0.000000    0.000000    0.000000
   2.86696    9.158389    0.276034    0.276034    0.000000    0.493058    0.000000    0.000000    0.000000    0.000000    0.000000    0.000000
   2.87296    8.643291    0.259090    0.259090    0.000000    0.468312    0.000000    0.000000    0.000000    0.000000    0.000000    0.000000
   2.87896    8.213951    0.244832    0.244832    0.000000    0.449015    0.000000    0.000000    0.000000    0.000000    0.000000    0.000000
   2.88496    7.900941    0.234115    0.234115    0.000000    0.436732    0.000000    0.000000    0.000000    0.000000    0.000000    0.000000
   2.89096    7.723880    0.227446    0.227446    0.000000    0.432400    0.000000    0.000000    0.000000    0.000000    0.000000    0.000000
   2.89697    7.690399    0.224957    0.224957    0.000000    0.436271    0.000000    0.000000    0.000000    0.000000    0.000000    0.000000
   2.90297    7.796361    0.226421    0.226421    0.000000    0.447940    0.000000    0.000000    0.000000    0.000000    0.000000    0.000000
   2.90897    8.027248    0.231298    0.231298    0.000000    0.466422    0.000000    0.000000    0.000000    0.000000    0.000000    0.000000
   2.91497    8.360460    0.238814    0.238814    0.000000    0.490286    0.000000    0.000000    0.000000    0.000000    0.000000    0.000000
   2.92097    8.768196    0.248055    0.248055    0.000000    0.517823    0.000000    0.000000    0.000000    0.000000    0.000000    0.000000
   2.92698    9.220550    0.258069    0.258069    0.000000    0.547216    0.000000    0.000000    0.000000    0.000000    0.000000    0.000000
   2.93298    9.688417    0.267966    0.267966    0.000000    0.576708    0.000000    0.000000    0.000000    0.000000    0.000000    0.000000
   2.93898   10.145892    0.276994    0.276994    0.000000    0.604736    0.000000    0.000000    0.000000    0.000000    0.000000    0.000000
   2.94498   10.571902    0.284596    0.284596    0.000000    0.630029    0.000000    0.000000    0.000000    0.000000    0.000000    0.000000
   2.95098   10.950964    0.290437    0.290437    0.000000    0.651645    0.000000    0.000000    0.000000    0.000000    0.000000    0.000000
   2.95699   11.273070    0.294393    0.294393    0.000000    0.668975    0.000000    0.000000    0.000000    0.000000    0.000000    0.000000
   2.96299   11.532843    0.296526    0.296526    0.000000    0.681698    0.000000    0.000000    0.000000    0.000000    0.000000    0.000000
   2.96899   11.728217    0.297026    0.297026    0.000000    0.689708    0.000000    0.000000    0.000000    0.000000    0.000000    0.000000
   2.97499   11.858908    0.296148    0.296148    0.000000    0.693038    0.000000    0.000000    0.000000    0.000000    0.000000    0.000000
   2.98099   11.925009    0.294148    0.294148    0.000000    0.691784    0.000000    0.000000    0.000000    0.000000    0.000000    0.000000
   2.98700   11.925926    0.291229    0.291229    0.000000    0.686047    0.000000    0.000000    0.000000    0.000000    0.000000    0.000000
   2.99300   11.859839    0.287504    0.287504    0.000000    0.675905    0.000000    0.000000    0.000000    0.000000    0.000000    0.000000
   2.99900   11.723726    0.282975    0.282975    0.000000    0.661413    0.000000    0.000000    0.000000    0.000000    0.000000    0.000000
   3.00500   11.513894    0.277545    0.277545    0.000000    0.642618    0.000000    0.000000    0.000000    0.000000    0.000000    0.000000
   3.01100   11.226876    0.271040    0.271040    0.000000    0.619604    0.000000    0.000000    0.000000    0.000000    0.000000    0.000000
   3.01701   10.860490    0.263248    0.263248    0.000000    0.592533    0.000000    0.000000    0.000000    0.000000    0.000000    0.000000
   3.02301   10.414843    0.253968    0.253968    0.000000    0.561679    0.000000    0.000000    0.000000    0.000000    0.000000    0.000000
   3.02901    9.893106    0.243050    0.243050    0.000000    0.527454    0.000000    0.000000    0.000000    0.000000    0.000000    0.000000
   3.03501    9.301910    0.230434    0.230434    0.000000    0.490411    0.000000    0.000000    0.000000    0.000000    0.000000    0.000000
   3.04101    8.651333    0.216173    0.216173    0.000000    0.451231    0.000000    0.000000    0.000000    0.000000    0.000000    0.000000
   3.04702    7.954463    0.200440    0.200440    0.000000    0.410688    0.000000    0.000000    0.000000    0.000000    0.000000    0.000000
   3.05302    7.226631    0.183517    0.183517    0.000000    0.369606    0.000000    0.000000    0.000000    0.000000    0.000000    0.000000
   3.05902    6.484420    0.165777    0.165777    0.000000    0.328811    0.000000    0.000000    0.000000    0.000000    0.000000    0.000000
   3.06502    5.744594    0.147651    0.147651    0.000000    0.289084    0.000000    0.000000    0.000000    0.000000    0.000000    0.000000
   3.07102    5.023054    0.129589    0.129589    0.000000    0.251117    0.000000    0.000000    0.000000    0.000000    0.000000    0.000000
   3.07703    4.333954    0.112030    0.112030    0.000000    0.215486    0.000000    0.000000    0.000000    0.000000    0.000000    0.000000
   3.08303    3.689023    0.095362    0.095362    0.000000    0.182631    0.000000    0.000000    0.000000    0.000000    0.000000    0.000000
   3.08903    3.097152    0.079905    0.079905    0.000000    0.152850    0.000000    0.000000    0.000000    0.000000    0.000000    0.000000
   3.09503    2.564239    0.065894    0.065894    0.000000    0.126302    0.000000    0.000000    0.000000    0.000000    0.000000    0.000000
   3.10103    2.093264    0.053470    0.053470    0.000000    0.103020    0.000000    0.000000    0.000000    0.000000    0.000000    0.000000
   3.10704    1.684552    0.042690    0.042690    0.000000    0.082928    0.000000    0.000000    0.000000    0.000000    0.000000    0.000000
   3.11304    1.336180    0.033531    0.033531    0.000000    0.065864    0.000000    0.000000    0.000000    0.000000    0.000000    0.000000
   3.11904    1.044452    0.025909    0.025909    0.000000    0.051598    0.000000    0.000000    0.000000    0.000000    0.000000    0.000000
   3.12504    0.804407    0.019694    0.019694    0.000000    0.039861    0.000000    0.000000    0.000000    0.000000    0.000000    0.000000
   3.13104    0.610299    0.014726    0.014726    0.000000    0.030356    0.000000    0.000000    0.000000    0.000000    0.000000    0.000000
   3.13705    0.456041    0.010831    0.010831    0.000000    0.022783    0.000000    0.000000    0.000000    0.000000    0.000000    0.000000
   3.14305    0.335560    0.007836    0.007836    0.000000    0.016845    0.000000    0.000000    0.000000    0.000000    0.000000    0.000000
   3.14905    0.243080    0.005576    0.005576    0.000000    0.012266    0.000000    0.000000    0.000000    0.000000    0.000000    0.000000
   3.15505    0.173319    0.003903    0.003903    0.000000    0.008794    0.000000    0.000000    0.000000    0.000000    0.000000    0.000000
   3.16105    0.121609    0.002688    0.002688    0.000000    0.006205    0.000000    0.000000    0.000000    0.000000    0.000000    0.000000
   3.16706    0.083949    0.001820    0.001820    0.000000    0.004308    0.000000    0.000000    0.000000    0.000000    0.000000    0.000000
   3.17306    0.057003    0.001212    0.001212    0.000000    0.002942    0.000000    0.000000    0.000000    0.000000    0.000000    0.000000
   3.17906    0.038064    0.000794    0.000794    0.000000    0.001976    0.000000    0.000000    0.000000    0.000000    0.000000    0.000000
   3.18506    0.024991    0.000512    0.000512    0.000000    0.001304    0.000000    0.000000    0.000000    0.000000    0.000000    0.000000
   3.19106    0.016129    0.000324    0.000324    0.000000    0.000846    0.000000    0.000000    0.000000    0.000000    0.000000    0.000000
   3.19707    0.010230    0.000202    0.000202    0.000000    0.000539    0.000000    0.000000    0.000000    0.000000    0.000000    0.000000
   3.20307    0.006376    0.000124    0.000124    0.000000    0.000338    0.000000    0.000000    0.000000    0.000000    0.000000    0.000000
   3.20907    0.003904    0.000074    0.000074    0.000000    0.000208    0.000000    0.000000    0.000000    0.000000    0.000000    0.000000
   3.21507    0.002348    0.000044    0.000044    0.000000    0.000126    0.000000    0.000000    0.000000    0.000000    0.000000    0.000000
   3.22107    0.001387    0.000026    0.000026    0.000000    0.000074    0.000000    0.000000    0.000000    0.000000    0.000000    0.000000
   3.22708    0.000805    0.000015    0.000015    0.000000    0.000043    0.000000    0.000000    0.000000    0.000000    0.000000    0.000000
   3.23308    0.000458    0.000008    0.000008    0.000000    0.000025    0.000000    0.000000    0.000000    0.000000    0.000000    0.000000
   3.23908    0.000256    0.000005    0.000005    0.000000    0.000014    0.000000    0.000000    0.000000    0.000000    0.000000    0.000000
   3.24508    0.000141    0.000002    0.000002    0.000000    0.000008    0.000000    0.000000    0.000000    0.000000    0.000000    0.000000
   3.25108    0.000076    0.000001    0.000001    0.000000    0.000004    0.000000    0.000000    0.000000    0.000000    0.000000    0.000000
   3.25709    0.000040    0.000001    0.000001    0.000000    0.000002    0.000000    0.000000    0.000000    0.000000    0.000000    0.000000
   3.26309    0.000021    0.000000    0.000000    0.000000    0.000001    0.000000    0.000000    0.000000    0.000000    0.000000    0.000000
   3.26909    0.000011    0.000000    0.000000    0.000000    0.000001    0.000000    0.000000    0.000000    0.000000    0.000000    0.000000
   3.27509    0.000005    0.000000    0.000000    0.000000    0.000000    0.000000    0.000000    0.000000    0.000000    0.000000    0.000000
   3.28109    0.000003    0.000000    0.000000    0.000000    0.000000    0.000000    0.000000    0.000000    0.000000    0.000000    0.000000
   3.28710    0.000001    0.000000    0.000000    0.000000    0.000000    0.000000    0.000000    0.000000    0.000000    0.000000    0.000000
   3.29310    0.000001    0.000000    0.000000    0.000000    0.000000    0.000000    0.000000    0.000000    0.000000    0.000000    0.000000
   3.29910    0.000000    0.000000    0.000000    0.000000    0.000000    0.000000    0.000000    0.000000    0.000000    0.000000    0.000000
   3.30510    0.000000    0.000000    0.000000    0.000000    0.000000    0.000000    0.000000    0.000000    0.000000    0.000000    0.000000
   3.31110    0.000000    0.000000    0.000000    0.000000    0.000000    0.000000    0.000000    0.000000    0.000000    0.000000    0.000000
   3.31711    0.000000    0.000000    0.000000    0.000000    0.000000    0.000000    0.000000    0.000000    0.000000    0.000000    0.000000
   3.32311    0.000000    0.000000    0.000000    0.000000    0.000000    0.000000    0.000000    0.000000    0.000000    0.000000    0.000000
   3.32911    0.000000    0.000000    0.000000    0.000000    0.000000    0.000000    0.000000    0.000000    0.000000    0.000000    0.000000
   3.33511    0.000000    0.000000    0.000000    0.000000    0.000000    0.000000    0.000000    0.000000    0.000000    0.000000    0.000000
   3.34111    0.000000    0.000000    0.000000    0.000000    0.000000    0.000000    0.000000    0.000000    0.000000    0.000000    0.000000
   3.34712    0.000000    0.000000    0.000000    0.000000    0.000000    0.000000    0.000000    0.000000    0.000000    0.000000    0.000000
   3.35312    0.000000    0.000000    0.000000    0.000000    0.000000    0.000000    0.000000    0.000000    0.000000    0.000000    0.000000
   3.35912    0.000000    0.000000    0.000000    0.000000    0.000000    0.000000    0.000000    0.000000    0.000000    0.000000    0.000000
   3.36512    0.000000    0.000000    0.000000    0.000000    0.000000    0.000000    0.000000    0.000000    0.000000    0.000000    0.000000
   3.37112    0.000000    0.000000    0.000000    0.000000    0.000000    0.000000    0.000000    0.000000    0.000000    0.000000    0.000000
   3.37713    0.000000    0.000000    0.000000    0.000000    0.000000    0.000000    0.000000    0.000000    0.000000    0.000000    0.000000
   3.38313    0.000000    0.000000    0.000000    0.000000    0.000000    0.000000    0.000000    0.000000    0.000000    0.000000    0.000000
   3.38913    0.000000    0.000000    0.000000    0.000000    0.000000    0.000000    0.000000    0.000000    0.000000    0.000000    0.000000
   3.39513    0.000000    0.000000    0.000000    0.000000    0.000000    0.000000    0.000000    0.000000    0.000000    0.000000    0.000000
   3.40113    0.000000    0.000000    0.000000    0.000000    0.000000    0.000000    0.000000    0.000000    0.000000    0.000000    0.000000
   3.40714    0.000000    0.000000    0.000000    0.000000    0.000000    0.000000    0.000000    0.000000    0.000000    0.000000    0.000000
   3.41314    0.000000    0.000000    0.000000    0.000000    0.000000    0.000000    0.000000    0.000000    0.000000    0.000000    0.000000
   3.41914    0.000000    0.000000    0.000000    0.000000    0.000000    0.000000    0.000000    0.000000    0.000000    0.000000    0.000000
   3.42514    0.000000    0.000000    0.000000    0.000000    0.000000    0.000000    0.000000    0.000000    0.000000    0.000000    0.000000
   3.43114    0.000000    0.000000    0.000000    0.000000    0.000000    0.000000    0.000000    0.000000    0.000000    0.000000    0.000000
   3.43715    0.000000    0.000000    0.000000    0.000000    0.000000    0.000000    0.000000    0.000000    0.000000    0.000000    0.000000
   3.44315    0.000000    0.000000    0.000000    0.000000    0.000000    0.000000    0.000000    0.000000    0.000000    0.000000    0.000000
   3.44915    0.000000    0.000000    0.000000    0.000000    0.000000    0.000000    0.000000    0.000000    0.000000    0.000000    0.000000
   3.45515    0.000000    0.000000    0.000000    0.000000    0.000000    0.000000    0.000000    0.000000    0.000000    0.000000    0.000000
   3.46115    0.000000    0.000000    0.000000    0.000000    0.000000    0.000000    0.000000    0.000000    0.000000    0.000000    0.000000
   3.46716    0.000000    0.000000    0.000000    0.000000    0.000000    0.000000    0.000000    0.000000    0.000000    0.000000    0.000000
   3.47316    0.000000    0.000000    0.000000    0.000000    0.000000    0.000000    0.000000    0.000000    0.000000    0.000000    0.000000
   3.47916    0.000000    0.000000    0.000000    0.000000    0.000000    0.000000    0.000000    0.000000    0.000000    0.000000    0.000000
   3.48516    0.000000    0.000000    0.000000    0.000000    0.000000    0.000000    0.000000    0.000000    0.000000    0.000000    0.000000
   3.49116    0.000000    0.000000    0.000000    0.000000    0.000000    0.000000    0.000000    0.000000    0.000000    0.000000    0.000000
   3.49717    0.000000    0.000000    0.000000    0.000000    0.000000    0.000000    0.000000    0.000000    0.000000    0.000000    0.000000
   3.50317    0.000000    0.000000    0.000000    0.000000    0.000000    0.000000    0.000000    0.000000    0.000000    0.000000    0.000000
   3.50917    0.000000    0.000000    0.000000    0.000000    0.000000    0.000000    0.000000    0.000000    0.000000    0.000000    0.000000
   3.51517    0.000000    0.000000    0.000000    0.000000    0.000000    0.000000    0.000000    0.000000    0.000000    0.000000    0.000000
   3.52117    0.000000    0.000000    0.000000    0.000000    0.000000    0.000000    0.000000    0.000000    0.000000    0.000000    0.000000
   3.52718    0.000000    0.000000    0.000000    0.000000    0.000000    0.000000    0.000000    0.000000    0.000000    0.000000    0.000000
   3.53318    0.000000    0.000000    0.000000    0.000000    0.000000    0.000000    0.000000    0.000000    0.000000    0.000000    0.000000
   3.53918    0.000000    0.000000    0.000000    0.000000    0.000000    0.000000    0.000000    0.000000    0.000000    0.000000    0.000000
   3.54518    0.000000    0.000000    0.000000    0.000000    0.000000    0.000000    0.000000    0.000000    0.000000    0.000000    0.000000
   3.55118    0.000000    0.000000    0.000000    0.000000    0.000000    0.000000    0.000000    0.000000    0.000000    0.000000    0.000000
   3.55719    0.000000    0.000000    0.000000    0.000000    0.000000    0.000000    0.000000    0.000000    0.000000    0.000000    0.000000
   3.56319    0.000000    0.000000    0.000000    0.000000    0.000000    0.000000    0.000000    0.000000    0.000000    0.000000    0.000000
   3.56919    0.000000    0.000000    0.000000    0.000000    0.000000    0.000000    0.000000    0.000000    0.000000    0.000000    0.000000
   3.57519    0.000000    0.000000    0.000000    0.000000    0.000000    0.000000    0.000000    0.000000    0.000000    0.000000    0.000000
   3.58119    0.000000    0.000000    0.000000    0.000000    0.000000    0.000000    0.000000    0.000000    0.000000    0.000000    0.000000
   3.58720    0.000000    0.000000    0.000000    0.000000    0.000000    0.000000    0.000000    0.000000    0.000000    0.000000    0.000000
   3.59320    0.000000    0.000000    0.000000    0.000000    0.000000    0.000000    0.000000    0.000000    0.000000    0.000000    0.000000
   3.59920    0.000000    0.000000    0.000000    0.000000    0.000000    0.000000    0.000000    0.000000    0.000000    0.000000    0.000000
   3.60520    0.000000    0.000000    0.000000    0.000000    0.000000    0.000000    0.000000    0.000000    0.000000    0.000000    0.000000
   3.61120    0.000000    0.000000    0.000000    0.000000    0.000000    0.000000    0.000000    0.000000    0.000000    0.000000    0.000000
   3.61721    0.000000    0.000000    0.000000    0.000000    0.000000    0.000000    0.000000    0.000000    0.000000    0.000000    0.000000
   3.62321    0.000000    0.000000    0.000000    0.000000    0.000000    0.000000    0.000000    0.000000    0.000000    0.000000    0.000000
   3.62921    0.000000    0.000000    0.000000    0.000000    0.000000    0.000000    0.000000    0.000000    0.000000    0.000000    0.000000
   3.63521    0.000000    0.000000    0.000000    0.000000    0.000000    0.000000    0.000000    0.000000    0.000000    0.000000    0.000000
   3.64121    0.000000    0.000000    0.000000    0.000000    0.000000    0.000000    0.000000    0.000000    0.000000    0.000000    0.000000
   3.64722    0.000000    0.000000    0.000000    0.000000    0.000000    0.000000    0.000000    0.000000    0.000000    0.000000    0.000000
   3.65322    0.000000    0.000000    0.000000    0.000000    0.000000    0.000000    0.000000    0.000000    0.000000    0.000000    0.000000
   3.65922    0.000000    0.000000    0.000000    0.000000    0.000000    0.000000    0.000000    0.000000    0.000000    0.000000    0.000000
   3.66522    0.000000    0.000000    0.000000    0.000000    0.000000    0.000000    0.000000    0.000000    0.000000    0.000000    0.000000
   3.67122    0.000000    0.000000    0.000000    0.000000    0.000000    0.000000    0.000000    0.000000    0.000000    0.000000    0.000000
   3.67723    0.000000    0.000000    0.000000    0.000000    0.000000    0.000000    0.000000    0.000000    0.000000    0.000000    0.000000
   3.68323    0.000000    0.000000    0.000000    0.000000    0.000000    0.000000    0.000000    0.000000    0.000000    0.000000    0.000000
   3.68923    0.000000    0.000000    0.000000    0.000000    0.000000    0.000000    0.000000    0.000000    0.000000    0.000000    0.000000
   3.69523    0.000000    0.000000    0.000000    0.000000    0.000000    0.000000    0.000000    0.000000    0.000000    0.000000    0.000000
   3.70123    0.000000    0.000000    0.000000    0.000000    0.000000    0.000000    0.000000    0.000000    0.000000    0.000000    0.000000
   3.70724    0.000000    0.000000    0.000000    0.000000    0.000000    0.000000    0.000000    0.000000    0.000000    0.000000    0.000000
   3.71324    0.000000    0.000000    0.000000    0.000000    0.000000    0.000000    0.000000    0.000000    0.000000    0.000000    0.000000
   3.71924    0.000000    0.000000    0.000000    0.000000    0.000000    0.000000    0.000000    0.000000    0.000000    0.000000    0.000000
   3.72524    0.000000    0.000000    0.000000    0.000000    0.000000    0.000000    0.000000    0.000000    0.000000    0.000000    0.000000
   3.73124    0.000000    0.000000    0.000000    0.000000    0.000000    0.000000    0.000000    0.000000    0.000000    0.000000    0.000000
   3.73725    0.000000    0.000000    0.000000    0.000000    0.000000    0.000000    0.000000    0.000000    0.000000    0.000000    0.000000
   3.74325    0.000000    0.000000    0.000000    0.000000    0.000000    0.000000    0.000000    0.000000    0.000000    0.000000    0.000000
   3.74925    0.000000    0.000000    0.000000    0.000000    0.000000    0.000000    0.000000    0.000000    0.000000    0.000000    0.000000
   3.75525    0.000000    0.000000    0.000000    0.000000    0.000000    0.000000    0.000000    0.000000    0.000000    0.000000    0.000000
   3.76125    0.000000    0.000000    0.000000    0.000000    0.000000    0.000000    0.000000    0.000000    0.000000    0.000000    0.000000
   3.76726    0.000000    0.000000    0.000000    0.000000    0.000000    0.000000    0.000000    0.000000    0.000000    0.000000    0.000000
   3.77326    0.000000    0.000000    0.000000    0.000000    0.000000    0.000000    0.000000    0.000000    0.000000    0.000000    0.000000
   3.77926    0.000000    0.000000    0.000000    0.000000    0.000000    0.000000    0.000000    0.000000    0.000000    0.000000    0.000000
   3.78526    0.000000    0.000000    0.000000    0.000000    0.000000    0.000000    0.000000    0.000000    0.000000    0.000000    0.000000
   3.79126    0.000000    0.000000    0.000000    0.000000    0.000000    0.000000    0.000000    0.000000    0.000000    0.000000    0.000000
   3.79727    0.000000    0.000000    0.000000    0.000000    0.000000    0.000000    0.000000    0.000000    0.000000    0.000000    0.000000
   3.80327    0.000000    0.000000    0.000000    0.000000    0.000000    0.000000    0.000000    0.000000    0.000000    0.000000    0.000000
   3.80927    0.000000    0.000000    0.000000    0.000000    0.000000    0.000000    0.000000    0.000000    0.000000    0.000000    0.000000
   3.81527    0.000000    0.000000    0.000000    0.000000    0.000000    0.000000    0.000000    0.000000    0.000000    0.000000    0.000000
   3.82127    0.000000    0.000000    0.000000    0.000000    0.000000    0.000000    0.000000    0.000000    0.000000    0.000000    0.000000
   3.82728    0.000000    0.000000    0.000000    0.000000    0.000000    0.000000    0.000000    0.000000    0.000000    0.000000    0.000000
   3.83328    0.000000    0.000000    0.000000    0.000000    0.000000    0.000000    0.000000    0.000000    0.000000    0.000000    0.000000
   3.83928    0.000000    0.000000    0.000000    0.000000    0.000000    0.000000    0.000000    0.000000    0.000000    0.000000    0.000000
   3.84528    0.000000    0.000000    0.000000    0.000000    0.000000    0.000000    0.000000    0.000000    0.000000    0.000000    0.000000
   3.85128    0.000000    0.000000    0.000000    0.000000    0.000000    0.000000    0.000000    0.000000    0.000000    0.000000    0.000000
   3.85729    0.000000    0.000000    0.000000    0.000000    0.000000    0.000000    0.000000    0.000000    0.000000    0.000000    0.000000
   3.86329    0.000000    0.000000    0.000000    0.000000    0.000000    0.000000    0.000000    0.000000    0.000000    0.000000    0.000000
   3.86929    0.000000    0.000000    0.000000    0.000000    0.000000    0.000000    0.000000    0.000000    0.000000    0.000000    0.000000
   3.87529    0.000000    0.000000    0.000000    0.000000    0.000000    0.000000    0.000000    0.000000    0.000000    0.000000    0.000000
   3.88129    0.000000    0.000000    0.000000    0.000000    0.000000    0.000000    0.000000    0.000000    0.000000    0.000000    0.000000
   3.88730    0.000000    0.000000    0.000000    0.000000    0.000000    0.000000    0.000000    0.000000    0.000000    0.000000    0.000000
   3.89330    0.000000    0.000000    0.000000    0.000000    0.000000    0.000000    0.000000    0.000000    0.000000    0.000000    0.000000
   3.89930    0.000000    0.000000    0.000000    0.000000    0.000000    0.000000    0.000000    0.000000    0.000000    0.000000    0.000000
   3.90530    0.000000    0.000000    0.000000    0.000000    0.000000    0.000000    0.000000    0.000000    0.000000    0.000000    0.000000
   3.91130    0.000000    0.000000    0.000000    0.000000    0.000000    0.000000    0.000000    0.000000    0.000000    0.000000    0.000000
   3.91731    0.000000    0.000000    0.000000    0.000000    0.000000    0.000000    0.000000    0.000000    0.000000    0.000000    0.000000
   3.92331    0.000000    0.000000    0.000000    0.000000    0.000000    0.000000    0.000000    0.000000    0.000000    0.000000    0.000000
   3.92931    0.000000    0.000000    0.000000    0.000000    0.000000    0.000000    0.000000    0.000000    0.000000    0.000000    0.000000
   3.93531    0.000000    0.000000    0.000000    0.000000    0.000000    0.000000    0.000000    0.000000    0.000000    0.000000    0.000000
   3.94131    0.000000    0.000000    0.000000    0.000000    0.000000    0.000000    0.000000    0.000000    0.000000    0.000000    0.000000
   3.94732    0.000000    0.000000    0.000000    0.000000    0.000000    0.000000    0.000000    0.000000    0.000000    0.000000    0.000000
   3.95332    0.000000    0.000000    0.000000    0.000000    0.000000    0.000000    0.000000    0.000000    0.000000    0.000000    0.000000
   3.95932    0.000000    0.000000    0.000000    0.000000    0.000000    0.000000    0.000000    0.000000    0.000000    0.000000    0.000000
   3.96532    0.000000    0.000000    0.000000    0.000000    0.000000    0.000000    0.000000    0.000000    0.000000    0.000000    0.000000
   3.97132    0.000000    0.000000    0.000000    0.000000    0.000000    0.000000    0.000000    0.000000    0.000000    0.000000    0.000000
   3.97733    0.000000    0.000000    0.000000    0.000000    0.000000    0.000000    0.000000    0.000000    0.000000    0.000000    0.000000
   3.98333    0.000000    0.000000    0.000000    0.000000    0.000000    0.000000    0.000000    0.000000    0.000000    0.000000    0.000000
   3.98933    0.000000    0.000000    0.000000    0.000000    0.000000    0.000000    0.000000    0.000000    0.000000    0.000000    0.000000
   3.99533    0.000000    0.000000    0.000000    0.000000    0.000000    0.000000    0.000000    0.000000    0.000000    0.000000    0.000000
   4.00133    0.000000    0.000000    0.000000    0.000000    0.000000    0.000000    0.000000    0.000000    0.000000    0.000000    0.000000
   4.00734    0.000000    0.000000    0.000000    0.000000    0.000000    0.000000    0.000000    0.000000    0.000000    0.000000    0.000000
   4.01334    0.000000    0.000000    0.000000    0.000000    0.000000    0.000000    0.000000    0.000000    0.000000    0.000000    0.000000
   4.01934    0.000000    0.000000    0.000000    0.000000    0.000000    0.000000    0.000000    0.000000    0.000000    0.000000    0.000000
   4.02534    0.000000    0.000000    0.000000    0.000000    0.000000    0.000000    0.000000    0.000000    0.000000    0.000000    0.000000
   4.03134    0.000000    0.000000    0.000000    0.000000    0.000000    0.000000    0.000000    0.000000    0.000000    0.000000    0.000000
   4.03735    0.000000    0.000000    0.000000    0.000000    0.000000    0.000000    0.000000    0.000000    0.000000    0.000000    0.000000
   4.04335    0.000000    0.000000    0.000000    0.000000    0.000000    0.000000    0.000000    0.000000    0.000000    0.000000    0.000000
   4.04935    0.000000    0.000000    0.000000    0.000000    0.000000    0.000000    0.000000    0.000000    0.000000    0.000000    0.000000
   4.05535    0.000000    0.000000    0.000000    0.000000    0.000000    0.000000    0.000000    0.000000    0.000000    0.000000    0.000000
   4.06135    0.000000    0.000000    0.000000    0.000000    0.000000    0.000000    0.000000    0.000000    0.000000    0.000000    0.000000
   4.06736    0.000000    0.000000    0.000000    0.000000    0.000000    0.000000    0.000000    0.000000    0.000000    0.000000    0.000000
   4.07336    0.000000    0.000000    0.000000    0.000000    0.000000    0.000000    0.000000    0.000000    0.000000    0.000000    0.000000
   4.07936    0.000000    0.000000    0.000000    0.000000    0.000000    0.000000    0.000000    0.000000    0.000000    0.000000    0.000000
   4.08536    0.000000    0.000000    0.000000    0.000000    0.000000    0.000000    0.000000    0.000000    0.000000    0.000000    0.000000
   4.09136    0.000000    0.000000    0.000000    0.000000    0.000000    0.000000    0.000000    0.000000    0.000000    0.000000    0.000000
   4.09737    0.000000    0.000000    0.000000    0.000000    0.000000    0.000000    0.000000    0.000000    0.000000    0.000000    0.000000
   4.10337    0.000000    0.000000    0.000000    0.000000    0.000000    0.000000    0.000000    0.000000    0.000000    0.000000    0.000000
   4.10937    0.000000    0.000000    0.000000    0.000000    0.000000    0.000000    0.000000    0.000000    0.000000    0.000000    0.000000
   4.11537    0.000000    0.000000    0.000000    0.000000    0.000000    0.000000    0.000000    0.000000    0.000000    0.000000    0.000000
   4.12137    0.000000    0.000000    0.000000    0.000000    0.000000    0.000000    0.000000    0.000000    0.000000    0.000000    0.000000
   4.12738    0.000000    0.000000    0.000000    0.000000    0.000000    0.000000    0.000000    0.000000    0.000000    0.000000    0.000000
   4.13338    0.000000    0.000000    0.000000    0.000000    0.000000    0.000000    0.000000    0.000000    0.000000    0.000000    0.000000
   4.13938    0.000000    0.000000    0.000000    0.000000    0.000000    0.000000    0.000000    0.000000    0.000000    0.000000    0.000000
   4.14538    0.000000    0.000000    0.000000    0.000000    0.000000    0.000000    0.000000    0.000000    0.000000    0.000000    0.000000
   4.15138    0.000000    0.000000    0.000000    0.000000    0.000000    0.000000    0.000000    0.000000    0.000000    0.000000    0.000000
   4.15739    0.000000    0.000000    0.000000    0.000000    0.000000    0.000000    0.000000    0.000000    0.000000    0.000000    0.000000
   4.16339    0.000000    0.000000    0.000000    0.000000    0.000000    0.000000    0.000000    0.000000    0.000000    0.000000    0.000000
   4.16939    0.000000    0.000000    0.000000    0.000000    0.000000    0.000000    0.000000    0.000000    0.000000    0.000000    0.000000
   4.17539    0.000000    0.000000    0.000000    0.000000    0.000000    0.000000    0.000000    0.000000    0.000000    0.000000    0.000000
   4.18139    0.000000    0.000000    0.000000    0.000000    0.000000    0.000000    0.000000    0.000000    0.000000    0.000000    0.000000
   4.18740    0.000000    0.000000    0.000000    0.000000    0.000000    0.000000    0.000000    0.000000    0.000000    0.000000    0.000000
   4.19340    0.000000    0.000000    0.000000    0.000000    0.000000    0.000000    0.000000    0.000000    0.000000    0.000000    0.000000
   4.19940    0.000000    0.000000    0.000000    0.000000    0.000000    0.000000    0.000000    0.000000    0.000000    0.000000    0.000000
   4.20540    0.000000    0.000000    0.000000    0.000000    0.000000    0.000000    0.000000    0.000000    0.000000    0.000000    0.000000
   4.21140    0.000000    0.000000    0.000000    0.000000    0.000000    0.000000    0.000000    0.000000    0.000000    0.000000    0.000000
   4.21741    0.000000    0.000000    0.000000    0.000000    0.000000    0.000000    0.000000    0.000000    0.000000    0.000000    0.000000
   4.22341    0.000000    0.000000    0.000000    0.000000    0.000000    0.000000    0.000000    0.000000    0.000000    0.000000    0.000000
   4.22941    0.000000    0.000000    0.000000    0.000000    0.000000    0.000000    0.000000    0.000000    0.000000    0.000000    0.000000
   4.23541    0.000000    0.000000    0.000000    0.000000    0.000000    0.000000    0.000000    0.000000    0.000000    0.000000    0.000000
   4.24141    0.000000    0.000000    0.000000    0.000000    0.000000    0.000000    0.000000    0.000000    0.000000    0.000000    0.000000
   4.24742    0.000000    0.000000    0.000000    0.000000    0.000000    0.000000    0.000000    0.000000    0.000000    0.000000    0.000000
   4.25342    0.000000    0.000000    0.000000    0.000000    0.000000    0.000000    0.000000    0.000000    0.000000    0.000000    0.000000
   4.25942    0.000000    0.000000    0.000000    0.000000    0.000000    0.000000    0.000000    0.000000    0.000000    0.000000    0.000000
   4.26542    0.000000    0.000000    0.000000    0.000000    0.000000    0.000000    0.000000    0.000000    0.000000    0.000000    0.000000
   4.27142    0.000000    0.000000    0.000000    0.000000    0.000000    0.000000    0.000000    0.000000    0.000000    0.000000    0.000000
   4.27743    0.000000    0.000000    0.000000    0.000000    0.000000    0.000000    0.000000    0.000000    0.000000    0.000000    0.000000
   4.28343    0.000000    0.000000    0.000000    0.000000    0.000000    0.000000    0.000000    0.000000    0.000000    0.000000    0.000000
   4.28943    0.000000    0.000000    0.000000    0.000000    0.000000    0.000000    0.000000    0.000000    0.000000    0.000000    0.000000
   4.29543    0.000000    0.000000    0.000000    0.000000    0.000000    0.000000    0.000000    0.000000    0.000000    0.000000    0.000000
   4.30143    0.000000    0.000000    0.000000    0.000000    0.000000    0.000000    0.000000    0.000000    0.000000    0.000000    0.000000
   4.30744    0.000000    0.000000    0.000000    0.000000    0.000000    0.000000    0.000000    0.000000    0.000000    0.000000    0.000000
   4.31344    0.000000    0.000000    0.000000    0.000000    0.000000    0.000000    0.000000    0.000000    0.000000    0.000000    0.000000
   4.31944    0.000000    0.000000    0.000000    0.000000    0.000000    0.000000    0.000000    0.000000    0.000000    0.000000    0.000000
   4.32544    0.000000    0.000000    0.000000    0.000000    0.000000    0.000000    0.000000    0.000000    0.000000    0.000000    0.000000
   4.33144    0.000000    0.000000    0.000000    0.000000    0.000000    0.000000    0.000000    0.000000    0.000000    0.000000    0.000000
   4.33745    0.000000    0.000000    0.000000    0.000000    0.000000    0.000000    0.000000    0.000000    0.000000    0.000000    0.000000
   4.34345    0.000000    0.000000    0.000000    0.000000    0.000000    0.000000    0.000000    0.000000    0.000000    0.000000    0.000000
   4.34945    0.000000    0.000000    0.000000    0.000000    0.000000    0.000000    0.000000    0.000000    0.000000    0.000000    0.000000
   4.35545    0.000000    0.000000    0.000000    0.000000    0.000000    0.000000    0.000000    0.000000    0.000000    0.000000    0.000000
   4.36145    0.000000    0.000000    0.000000    0.000000    0.000000    0.000000    0.000000    0.000000    0.000000    0.000000    0.000000
   4.36746    0.000000    0.000000    0.000000    0.000000    0.000000    0.000000    0.000000    0.000000    0.000000    0.000000    0.000000
   4.37346    0.000000    0.000000    0.000000    0.000000    0.000000    0.000000    0.000000    0.000000    0.000000    0.000000    0.000000
   4.37946    0.000000    0.000000    0.000000    0.000000    0.000000    0.000000    0.000000    0.000000    0.000000    0.000000    0.000000
   4.38546    0.000000    0.000000    0.000000    0.000000    0.000000    0.000000    0.000000    0.000000    0.000000    0.000000    0.000000
   4.39146    0.000000    0.000000    0.000000    0.000000    0.000000    0.000000    0.000000    0.000000    0.000000    0.000000    0.000000
   4.39747    0.000000    0.000000    0.000000    0.000000    0.000000    0.000000    0.000000    0.000000    0.000000    0.000000    0.000000
   4.40347    0.000000    0.000000    0.000000    0.000000    0.000000    0.000000    0.000000    0.000000    0.000000    0.000000    0.000000
   4.40947    0.000000    0.000000    0.000000    0.000000    0.000000    0.000000    0.000000    0.000000    0.000000    0.000000    0.000000
   4.41547    0.000000    0.000000    0.000000    0.000000    0.000000    0.000000    0.000000    0.000000    0.000000    0.000000    0.000000
   4.42147    0.000000    0.000000    0.000000    0.000000    0.000000    0.000000    0.000000    0.000000    0.000000    0.000000    0.000000
   4.42748    0.000000    0.000000    0.000000    0.000000    0.000000    0.000000    0.000000    0.000000    0.000000    0.000000    0.000000
   4.43348    0.000000    0.000000    0.000000    0.000000    0.000000    0.000000    0.000000    0.000000    0.000000    0.000000    0.000000
   4.43948    0.000000    0.000000    0.000000    0.000000    0.000000    0.000000    0.000000    0.000000    0.000000    0.000000    0.000000
   4.44548    0.000000    0.000000    0.000000    0.000000    0.000000    0.000000    0.000000    0.000000    0.000000    0.000000    0.000000
   4.45148    0.000000    0.000000    0.000000    0.000000    0.000000    0.000000    0.000000    0.000000    0.000000    0.000000    0.000000
   4.45749    0.000000    0.000000    0.000000    0.000000    0.000000    0.000000    0.000000    0.000000    0.000000    0.000000    0.000000
   4.46349    0.000000    0.000000    0.000000    0.000000    0.000000    0.000000    0.000000    0.000000    0.000000    0.000000    0.000000
   4.46949    0.000000    0.000000    0.000000    0.000000    0.000000    0.000000    0.000000    0.000000    0.000000    0.000000    0.000000
   4.47549    0.000000    0.000000    0.000000    0.000000    0.000000    0.000000    0.000000    0.000000    0.000000    0.000000    0.000000
   4.48149    0.000000    0.000000    0.000000    0.000000    0.000000    0.000000    0.000000    0.000000    0.000000    0.000000    0.000000
   4.48750    0.000000    0.000000    0.000000    0.000000    0.000000    0.000000    0.000000    0.000000    0.000000    0.000000    0.000000
   4.49350    0.000000    0.000000    0.000000    0.000000    0.000000    0.000000    0.000000    0.000000    0.000000    0.000000    0.000000
   4.49950    0.000000    0.000000    0.000000    0.000000    0.000000    0.000000    0.000000    0.000000    0.000000    0.000000    0.000000
   4.50550    0.000000    0.000000    0.000000    0.000000    0.000000    0.000000    0.000000    0.000000    0.000000    0.000000    0.000000
   4.51150    0.000000    0.000000    0.000000    0.000000    0.000000    0.000000    0.000000    0.000000    0.000000    0.000000    0.000000
   4.51751    0.000000    0.000000    0.000000    0.000000    0.000000    0.000000    0.000000    0.000000    0.000000    0.000000    0.000000
   4.52351    0.000000    0.000000    0.000000    0.000000    0.000000    0.000000    0.000000    0.000000    0.000000    0.000000    0.000000
   4.52951    0.000000    0.000000    0.000000    0.000000    0.000000    0.000000    0.000000    0.000000    0.000000    0.000000    0.000000
   4.53551    0.000000    0.000000    0.000000    0.000000    0.000000    0.000000    0.000000    0.000000    0.000000    0.000000    0.000000
   4.54151    0.000000    0.000000    0.000000    0.000000    0.000000    0.000000    0.000000    0.000000    0.000000    0.000000    0.000000
   4.54752    0.000000    0.000000    0.000000    0.000000    0.000000    0.000000    0.000000    0.000000    0.000000    0.000000    0.000000
   4.55352    0.000000    0.000000    0.000000    0.000000    0.000000    0.000000    0.000000    0.000000    0.000000    0.000000    0.000000
   4.55952    0.000000    0.000000    0.000000    0.000000    0.000000    0.000000    0.000000    0.000000    0.000000    0.000000    0.000000
   4.56552    0.000000    0.000000    0.000000    0.000000    0.000000    0.000000    0.000000    0.000000    0.000000    0.000000    0.000000
   4.57152    0.000000    0.000000    0.000000    0.000000    0.000000    0.000000    0.000000    0.000000    0.000000    0.000000    0.000000
   4.57753    0.000000    0.000000    0.000000    0.000000    0.000000    0.000000    0.000000    0.000000    0.000000    0.000000    0.000000
   4.58353    0.000000    0.000000    0.000000    0.000000    0.000000    0.000000    0.000000    0.000000    0.000000    0.000000    0.000000
   4.58953    0.000000    0.000000    0.000000    0.000000    0.000000    0.000000    0.000000    0.000000    0.000000    0.000000    0.000000
   4.59553    0.000000    0.000000    0.000000    0.000000    0.000000    0.000000    0.000000    0.000000    0.000000    0.000000    0.000000
   4.60153    0.000000    0.000000    0.000000    0.000000    0.000000    0.000000    0.000000    0.000000    0.000000    0.000000    0.000000
   4.60754    0.000000    0.000000    0.000000    0.000000    0.000000    0.000000    0.000000    0.000000    0.000000    0.000000    0.000000
   4.61354    0.000000    0.000000    0.000000    0.000000    0.000000    0.000000    0.000000    0.000000    0.000000    0.000000    0.000000
   4.61954    0.000000    0.000000    0.000000    0.000000    0.000000    0.000000    0.000000    0.000000    0.000000    0.000000    0.000000
   4.62554    0.000000    0.000000    0.000000    0.000000    0.000000    0.000000    0.000000    0.000000    0.000000    0.000000    0.000000
   4.63154    0.000000    0.000000    0.000000    0.000000    0.000000    0.000000    0.000000    0.000000    0.000000    0.000000    0.000000
   4.63755    0.000000    0.000000    0.000000    0.000000    0.000000    0.000000    0.000000    0.000000    0.000000    0.000000    0.000000
   4.64355    0.000000    0.000000    0.000000    0.000000    0.000000    0.000000    0.000000    0.000000    0.000000    0.000000    0.000000
   4.64955    0.000000    0.000000    0.000000    0.000000    0.000000    0.000000    0.000000    0.000000    0.000000    0.000000    0.000000
   4.65555    0.000000    0.000000    0.000000    0.000000    0.000000    0.000000    0.000000    0.000000    0.000000    0.000000    0.000000
   4.66155    0.000000    0.000000    0.000000    0.000000    0.000000    0.000000    0.000000    0.000000    0.000000    0.000000    0.000000
   4.66756    0.000000    0.000000    0.000000    0.000000    0.000000    0.000000    0.000000    0.000000    0.000000    0.000000    0.000000
   4.67356    0.000000    0.000000    0.000000    0.000000    0.000000    0.000000    0.000000    0.000000    0.000000    0.000000    0.000000
   4.67956    0.000000    0.000000    0.000000    0.000000    0.000000    0.000000    0.000000    0.000000    0.000000    0.000000    0.000000
   4.68556    0.000000    0.000000    0.000000    0.000000    0.000000    0.000000    0.000000    0.000000    0.000000    0.000000    0.000000
   4.69156    0.000000    0.000000    0.000000    0.000000    0.000000    0.000000    0.000000    0.000000    0.000000    0.000000    0.000000
   4.69757    0.000000    0.000000    0.000000    0.000000    0.000000    0.000000    0.000000    0.000000    0.000000    0.000000    0.000000
   4.70357    0.000000    0.000000    0.000000    0.000000    0.000000    0.000000    0.000000    0.000000    0.000000    0.000000    0.000000
   4.70957    0.000000    0.000000    0.000000    0.000000    0.000000    0.000000    0.000000    0.000000    0.000000    0.000000    0.000000
   4.71557    0.000000    0.000000    0.000000    0.000000    0.000000    0.000000    0.000000    0.000000    0.000000    0.000000    0.000000
   4.72157    0.000000    0.000000    0.000000    0.000000    0.000000    0.000000    0.000000    0.000000    0.000000    0.000000    0.000000
   4.72758    0.000000    0.000000    0.000000    0.000000    0.000000    0.000000    0.000000    0.000000    0.000000    0.000000    0.000000
   4.73358    0.000000    0.000000    0.000000    0.000000    0.000000    0.000000    0.000000    0.000000    0.000000    0.000000    0.000000
   4.73958    0.000000    0.000000    0.000000    0.000000    0.000000    0.000000    0.000000    0.000000    0.000000    0.000000    0.000000
   4.74558    0.000000    0.000000    0.000000    0.000000    0.000000    0.000000    0.000000    0.000000    0.000000    0.000000    0.000000
   4.75158    0.000000    0.000000    0.000000    0.000000    0.000000    0.000000    0.000000    0.000000    0.000000    0.000000    0.000000
   4.75759    0.000000    0.000000    0.000000    0.000000    0.000000    0.000000    0.000000    0.000000    0.000000    0.000000    0.000000
   4.76359    0.000000    0.000000    0.000000    0.000000    0.000000    0.000000    0.000000    0.000000    0.000000    0.000000    0.000000
   4.76959    0.000000    0.000000    0.000000    0.000000    0.000000    0.000000    0.000000    0.000000    0.000000    0.000000    0.000000
   4.77559    0.000000    0.000000    0.000000    0.000000    0.000000    0.000000    0.000000    0.000000    0.000000    0.000000    0.000000
   4.78159    0.000000    0.000000    0.000000    0.000000    0.000000    0.000000    0.000000    0.000000    0.000000    0.000000    0.000000
   4.78760    0.000000    0.000000    0.000000    0.000000    0.000000    0.000000    0.000000    0.000000    0.000000    0.000000    0.000000
   4.79360    0.000000    0.000000    0.000000    0.000000    0.000000    0.000000    0.000000    0.000000    0.000000    0.000000    0.000000
   4.79960    0.000000    0.000000    0.000000    0.000000    0.000000    0.000000    0.000000    0.000000    0.000000    0.000000    0.000000
   4.80560    0.000000    0.000000    0.000000    0.000000    0.000000    0.000000    0.000000    0.000000    0.000000    0.000000    0.000000
   4.81160    0.000000    0.000000    0.000000    0.000000    0.000000    0.000000    0.000000    0.000000    0.000000    0.000000    0.000000
   4.81761    0.000000    0.000000    0.000000    0.000000    0.000000    0.000000    0.000000    0.000000    0.000000    0.000000    0.000000
   4.82361    0.000000    0.000000    0.000000    0.000000    0.000000    0.000000    0.000000    0.000000    0.000000    0.000000    0.000000
   4.82961    0.000000    0.000000    0.000000    0.000000    0.000000    0.000000    0.000000    0.000000    0.000000    0.000000    0.000000
   4.83561    0.000000    0.000000    0.000000    0.000000    0.000000    0.000000    0.000000    0.000000    0.000000    0.000000    0.000000
   4.84161    0.000000    0.000000    0.000000    0.000000    0.000000    0.000000    0.000000    0.000000    0.000000    0.000000    0.000000
   4.84762    0.000000    0.000000    0.000000    0.000000    0.000000    0.000000    0.000000    0.000000    0.000000    0.000000    0.000000
   4.85362    0.000000    0.000000    0.000000    0.000000    0.000000    0.000000    0.000000    0.000000    0.000000    0.000000    0.000000
   4.85962    0.000000    0.000000    0.000000    0.000000    0.000000    0.000000    0.000000    0.000000    0.000000    0.000000    0.000000
   4.86562    0.000000    0.000000    0.000000    0.000000    0.000000    0.000000    0.000000    0.000000    0.000000    0.000000    0.000000
   4.87162    0.000000    0.000000    0.000000    0.000000    0.000000    0.000000    0.000000    0.000000    0.000000    0.000000    0.000000
   4.87763    0.000000    0.000000    0.000000    0.000000    0.000000    0.000000    0.000000    0.000000    0.000000    0.000000    0.000000
   4.88363    0.000000    0.000000    0.000000    0.000000    0.000000    0.000000    0.000000    0.000000    0.000000    0.000000    0.000000
   4.88963    0.000000    0.000000    0.000000    0.000000    0.000000    0.000000    0.000000    0.000000    0.000000    0.000000    0.000000
   4.89563    0.000000    0.000000    0.000000    0.000000    0.000000    0.000000    0.000000    0.000000    0.000000    0.000000    0.000000
   4.90163    0.000000    0.000000    0.000000    0.000000    0.000000    0.000000    0.000000    0.000000    0.000000    0.000000    0.000000
   4.90764    0.000000    0.000000    0.000000    0.000000    0.000000    0.000000    0.000000    0.000000    0.000000    0.000000    0.000000
   4.91364    0.000000    0.000000    0.000000    0.000000    0.000000    0.000000    0.000000    0.000000    0.000000    0.000000    0.000000
   4.91964    0.000000    0.000000    0.000000    0.000000    0.000000    0.000000    0.000000    0.000000    0.000000    0.000000    0.000000
   4.92564    0.000000    0.000000    0.000000    0.000000    0.000000    0.000000    0.000000    0.000000    0.000000    0.000000    0.000000
   4.93164    0.000000    0.000000    0.000000    0.000000    0.000000    0.000000    0.000000    0.000000    0.000000    0.000000    0.000000
   4.93765    0.000000    0.000000    0.000000    0.000000    0.000000    0.000000    0.000000    0.000000    0.000000    0.000000    0.000000
   4.94365    0.000000    0.000000    0.000000    0.000000    0.000000    0.000000    0.000000    0.000000    0.000000    0.000000    0.000000
   4.94965    0.000000    0.000000    0.000000    0.000000    0.000000    0.000000    0.000000    0.000000    0.000000    0.000000    0.000000
   4.95565    0.000000    0.000000    0.000000    0.000000    0.000000    0.000000    0.000000    0.000000    0.000000    0.000000    0.000000
   4.96165    0.000000    0.000000    0.000000    0.000000    0.000000    0.000000    0.000000    0.000000    0.000000    0.000000    0.000000
   4.96766    0.000000    0.000000    0.000000    0.000000    0.000000    0.000000    0.000000    0.000000    0.000000    0.000000    0.000000
   4.97366    0.000000    0.000000    0.000000    0.000000    0.000000    0.000000    0.000000    0.000000    0.000000    0.000000    0.000000
   4.97966    0.000000    0.000000    0.000000    0.000000    0.000000    0.000000    0.000000    0.000000    0.000000    0.000000    0.000000
   4.98566    0.000000    0.000000    0.000000    0.000000    0.000000    0.000000    0.000000    0.000000    0.000000    0.000000    0.000000
   4.99166    0.000000    0.000000    0.000000    0.000000    0.000000    0.000000    0.000000    0.000000    0.000000    0.000000    0.000000
   4.99767    0.000000    0.000000    0.000000    0.000000    0.000000    0.000000    0.000000    0.000000    0.000000    0.000000    0.000000
   5.00367    0.000000    0.000000    0.000000    0.000000    0.000000    0.000000    0.000000    0.000000    0.000000    0.000000    0.000000
   5.00967    0.000000    0.000000    0.000000    0.000000    0.000000    0.000000    0.000000    0.000000    0.000000    0.000000    0.000000
   5.01567    0.000000    0.000000    0.000000    0.000000    0.000000    0.000000    0.000000    0.000000    0.000000    0.000000    0.000000
   5.02167    0.000000    0.000000    0.000000    0.000000    0.000000    0.000000    0.000000    0.000000    0.000000    0.000000    0.000000
   5.02768    0.000000    0.000000    0.000000    0.000000    0.000000    0.000000    0.000000    0.000000    0.000000    0.000000    0.000000
   5.03368    0.000000    0.000000    0.000000    0.000000    0.000000    0.000000    0.000000    0.000000    0.000000    0.000000    0.000000
   5.03968    0.000000    0.000000    0.000000    0.000000    0.000000    0.000000    0.000000    0.000000    0.000000    0.000000    0.000000
   5.04568    0.000000    0.000000    0.000000    0.000000    0.000000    0.000000    0.000000    0.000000    0.000000    0.000000    0.000000
   5.05168    0.000000    0.000000    0.000000    0.000000    0.000000    0.000000    0.000000    0.000000    0.000000    0.000000    0.000000
   5.05769    0.000000    0.000000    0.000000    0.000000    0.000000    0.000000    0.000000    0.000000    0.000000    0.000000    0.000000
   5.06369    0.000000    0.000000    0.000000    0.000000    0.000000    0.000000    0.000000    0.000000    0.000000    0.000000    0.000000
   5.06969    0.000000    0.000000    0.000000    0.000000    0.000000    0.000000    0.000000    0.000000    0.000000    0.000000    0.000000
   5.07569    0.000000    0.000000    0.000000    0.000000    0.000000    0.000000    0.000000    0.000000    0.000000    0.000000    0.000000
   5.08169    0.000000    0.000000    0.000000    0.000000    0.000000    0.000000    0.000000    0.000000    0.000000    0.000000    0.000000
   5.08770    0.000000    0.000000    0.000000    0.000000    0.000000    0.000000    0.000000    0.000000    0.000000    0.000000    0.000000
   5.09370    0.000000    0.000000    0.000000    0.000000    0.000000    0.000000    0.000000    0.000000    0.000000    0.000000    0.000000
   5.09970    0.000000    0.000000    0.000000    0.000000    0.000000    0.000000    0.000000    0.000000    0.000000    0.000000    0.000000
   5.10570    0.000000    0.000000    0.000000    0.000000    0.000000    0.000000    0.000000    0.000000    0.000000    0.000000    0.000000
   5.11170    0.000000    0.000000    0.000000    0.000000    0.000000    0.000000    0.000000    0.000000    0.000000    0.000000    0.000000
   5.11771    0.000000    0.000000    0.000000    0.000000    0.000000    0.000000    0.000000    0.000000    0.000000    0.000000    0.000000
   5.12371    0.000000    0.000000    0.000000    0.000000    0.000000    0.000000    0.000000    0.000000    0.000000    0.000000    0.000000
   5.12971    0.000000    0.000000    0.000000    0.000000    0.000000    0.000000    0.000000    0.000000    0.000000    0.000000    0.000000
   5.13571    0.000000    0.000000    0.000000    0.000000    0.000000    0.000000    0.000000    0.000000    0.000000    0.000000    0.000000
   5.14171    0.000000    0.000000    0.000000    0.000000    0.000000    0.000000    0.000000    0.000000    0.000000    0.000000    0.000000
   5.14772    0.000000    0.000000    0.000000    0.000000    0.000000    0.000000    0.000000    0.000000    0.000000    0.000000    0.000000
   5.15372    0.000000    0.000000    0.000000    0.000000    0.000000    0.000000    0.000000    0.000000    0.000000    0.000000    0.000000
   5.15972    0.000000    0.000000    0.000000    0.000000    0.000000    0.000000    0.000000    0.000000    0.000000    0.000000    0.000000
   5.16572    0.000000    0.000000    0.000000    0.000000    0.000000    0.000000    0.000000    0.000000    0.000000    0.000000    0.000000
   5.17172    0.000000    0.000000    0.000000    0.000000    0.000000    0.000000    0.000000    0.000000    0.000000    0.000000    0.000000
   5.17773    0.000000    0.000000    0.000000    0.000000    0.000000    0.000000    0.000000    0.000000    0.000000    0.000000    0.000000
   5.18373    0.000000    0.000000    0.000000    0.000000    0.000000    0.000000    0.000000    0.000000    0.000000    0.000000    0.000000
   5.18973    0.000000    0.000000    0.000000    0.000000    0.000000    0.000000    0.000000    0.000000    0.000000    0.000000    0.000000
   5.19573    0.000000    0.000000    0.000000    0.000000    0.000000    0.000000    0.000000    0.000000    0.000000    0.000000    0.000000
   5.20173    0.000000    0.000000    0.000000    0.000000    0.000000    0.000000    0.000000    0.000000    0.000000    0.000000    0.000000
   5.20774    0.000000    0.000000    0.000000    0.000000    0.000000    0.000000    0.000000    0.000000    0.000000    0.000000    0.000000
   5.21374    0.000000    0.000000    0.000000    0.000000    0.000000    0.000000    0.000000    0.000000    0.000000    0.000000    0.000000
   5.21974    0.000000    0.000000    0.000000    0.000000    0.000000    0.000000    0.000000    0.000000    0.000000    0.000000    0.000000
   5.22574    0.000000    0.000000    0.000000    0.000000    0.000000    0.000000    0.000000    0.000000    0.000000    0.000000    0.000000
   5.23174    0.000000    0.000000    0.000000    0.000000    0.000000    0.000000    0.000000    0.000000    0.000000    0.000000    0.000000
   5.23775    0.000000    0.000000    0.000000    0.000000    0.000000    0.000000    0.000000    0.000000    0.000000    0.000000    0.000000
   5.24375    0.000000    0.000000    0.000000    0.000000    0.000000    0.000000    0.000000    0.000000    0.000000    0.000000    0.000000
   5.24975    0.000000    0.000000    0.000000    0.000000    0.000000    0.000000    0.000000    0.000000    0.000000    0.000000    0.000000
   5.25575    0.000000    0.000000    0.000000    0.000000    0.000000    0.000000    0.000000    0.000000    0.000000    0.000000    0.000000
   5.26175    0.000000    0.000000    0.000000    0.000000    0.000000    0.000000    0.000000    0.000000    0.000000    0.000000    0.000000
   5.26776    0.000000    0.000000    0.000000    0.000000    0.000000    0.000000    0.000000    0.000000    0.000000    0.000000    0.000000
   5.27376    0.000000    0.000000    0.000000    0.000000    0.000000    0.000000    0.000000    0.000000    0.000000    0.000000    0.000000
   5.27976    0.000000    0.000000    0.000000    0.000000    0.000000    0.000000    0.000000    0.000000    0.000000    0.000000    0.000000
   5.28576    0.000000    0.000000    0.000000    0.000000    0.000000    0.000000    0.000000    0.000000    0.000000    0.000000    0.000000
   5.29176    0.000000    0.000000    0.000000    0.000000    0.000000    0.000000    0.000000    0.000000    0.000000    0.000000    0.000000
   5.29777    0.000000    0.000000    0.000000    0.000000    0.000000    0.000000    0.000000    0.000000    0.000000    0.000000    0.000000
   5.30377    0.000000    0.000000    0.000000    0.000000    0.000000    0.000000    0.000000    0.000000    0.000000    0.000000    0.000000
   5.30977    0.000000    0.000000    0.000000    0.000000    0.000000    0.000000    0.000000    0.000000    0.000000    0.000000    0.000000
   5.31577    0.000000    0.000000    0.000000    0.000000    0.000000    0.000000    0.000000    0.000000    0.000000    0.000000    0.000000
   5.32177    0.000000    0.000000    0.000000    0.000000    0.000000    0.000000    0.000000    0.000000    0.000000    0.000000    0.000000
   5.32778    0.000000    0.000000    0.000000    0.000000    0.000000    0.000000    0.000000    0.000000    0.000000    0.000000    0.000000
   5.33378    0.000000    0.000000    0.000000    0.000000    0.000000    0.000000    0.000000    0.000000    0.000000    0.000000    0.000000
   5.33978    0.000000    0.000000    0.000000    0.000000    0.000000    0.000000    0.000000    0.000000    0.000000    0.000000    0.000000
   5.34578    0.000000    0.000000    0.000000    0.000000    0.000000    0.000000    0.000000    0.000000    0.000000    0.000000    0.000000
   5.35178    0.000000    0.000000    0.000000    0.000000    0.000000    0.000000    0.000000    0.000000    0.000000    0.000000    0.000000
   5.35779    0.000000    0.000000    0.000000    0.000000    0.000000    0.000000    0.000000    0.000000    0.000000    0.000000    0.000000
   5.36379    0.000000    0.000000    0.000000    0.000000    0.000000    0.000000    0.000000    0.000000    0.000000    0.000000    0.000000
   5.36979    0.000000    0.000000    0.000000    0.000000    0.000000    0.000000    0.000000    0.000000    0.000000    0.000000    0.000000
   5.37579    0.000000    0.000000    0.000000    0.000000    0.000000    0.000000    0.000000    0.000000    0.000000    0.000000    0.000000
   5.38179    0.000000    0.000000    0.000000    0.000000    0.000000    0.000000    0.000000    0.000000    0.000000    0.000000    0.000000
   5.38780    0.000000    0.000000    0.000000    0.000000    0.000000    0.000000    0.000000    0.000000    0.000000    0.000000    0.000000
   5.39380    0.000000    0.000000    0.000000    0.000000    0.000000    0.000000    0.000000    0.000000    0.000000    0.000000    0.000000
   5.39980    0.000000    0.000000    0.000000    0.000000    0.000000    0.000000    0.000000    0.000000    0.000000    0.000000    0.000000
   5.40580    0.000000    0.000000    0.000000    0.000000    0.000000    0.000000    0.000000    0.000000    0.000000    0.000000    0.000000
   5.41180    0.000000    0.000000    0.000000    0.000000    0.000000    0.000000    0.000000    0.000000    0.000000    0.000000    0.000000
   5.41781    0.000000    0.000000    0.000000    0.000000    0.000000    0.000000    0.000000    0.000000    0.000000    0.000000    0.000000
   5.42381    0.000000    0.000000    0.000000    0.000000    0.000000    0.000000    0.000000    0.000000    0.000000    0.000000    0.000000
   5.42981    0.000000    0.000000    0.000000    0.000000    0.000000    0.000000    0.000000    0.000000    0.000000    0.000000    0.000000
   5.43581    0.000000    0.000000    0.000000    0.000000    0.000000    0.000000    0.000000    0.000000    0.000000    0.000000    0.000000
   5.44181    0.000000    0.000000    0.000000    0.000000    0.000000    0.000000    0.000000    0.000000    0.000000    0.000000    0.000000
   5.44782    0.000000    0.000000    0.000000    0.000000    0.000000    0.000000    0.000000    0.000000    0.000000    0.000000    0.000000
   5.45382    0.000000    0.000000    0.000000    0.000000    0.000000    0.000000    0.000000    0.000000    0.000000    0.000000    0.000000
   5.45982    0.000000    0.000000    0.000000    0.000000    0.000000    0.000000    0.000000    0.000000    0.000000    0.000000    0.000000
   5.46582    0.000000    0.000000    0.000000    0.000000    0.000000    0.000000    0.000000    0.000000    0.000000    0.000000    0.000000
   5.47182    0.000000    0.000000    0.000000    0.000000    0.000000    0.000000    0.000000    0.000000    0.000000    0.000000    0.000000
   5.47783    0.000000    0.000000    0.000000    0.000000    0.000000    0.000000    0.000000    0.000000    0.000000    0.000000    0.000000
   5.48383    0.000000    0.000000    0.000000    0.000000    0.000000    0.000000    0.000000    0.000000    0.000000    0.000000    0.000000
   5.48983    0.000000    0.000000    0.000000    0.000000    0.000000    0.000000    0.000000    0.000000    0.000000    0.000000    0.000000
   5.49583    0.000000    0.000000    0.000000    0.000000    0.000000    0.000000    0.000000    0.000000    0.000000    0.000000    0.000000
   5.50183    0.000000    0.000000    0.000000    0.000000    0.000000    0.000000    0.000000    0.000000    0.000000    0.000000    0.000000
   5.50784    0.000000    0.000000    0.000000    0.000000    0.000000    0.000000    0.000000    0.000000    0.000000    0.000000    0.000000
   5.51384    0.000000    0.000000    0.000000    0.000000    0.000000    0.000000    0.000000    0.000000    0.000000    0.000000    0.000000
   5.51984    0.000000    0.000000    0.000000    0.000000    0.000000    0.000000    0.000000    0.000000    0.000000    0.000000    0.000000
   5.52584    0.000000    0.000000    0.000000    0.000000    0.000000    0.000000    0.000000    0.000000    0.000000    0.000000    0.000000
   5.53184    0.000000    0.000000    0.000000    0.000000    0.000000    0.000000    0.000000    0.000000    0.000000    0.000000    0.000000
   5.53785    0.000000    0.000000    0.000000    0.000000    0.000000    0.000000    0.000000    0.000000    0.000000    0.000000    0.000000
   5.54385    0.000000    0.000000    0.000000    0.000000    0.000000    0.000000    0.000000    0.000000    0.000000    0.000000    0.000000
   5.54985    0.000000    0.000000    0.000000    0.000000    0.000000    0.000000    0.000000    0.000000    0.000000    0.000000    0.000000
   5.55585    0.000000    0.000000    0.000000    0.000000    0.000000    0.000000    0.000000    0.000000    0.000000    0.000000    0.000000
   5.56185    0.000000    0.000000    0.000000    0.000000    0.000000    0.000000    0.000000    0.000000    0.000000    0.000000    0.000000
   5.56786    0.000000    0.000000    0.000000    0.000000    0.000000    0.000000    0.000000    0.000000    0.000000    0.000000    0.000000
   5.57386    0.000000    0.000000    0.000000    0.000000    0.000000    0.000000    0.000000    0.000000    0.000000    0.000000    0.000000
   5.57986    0.000000    0.000000    0.000000    0.000000    0.000000    0.000000    0.000000    0.000000    0.000000    0.000000    0.000000
   5.58586    0.000000    0.000000    0.000000    0.000000    0.000000    0.000000    0.000000    0.000000    0.000000    0.000000    0.000000
   5.59186    0.000000    0.000000    0.000000    0.000000    0.000000    0.000000    0.000000    0.000000    0.000000    0.000000    0.000000
   5.59787    0.000000    0.000000    0.000000    0.000000    0.000000    0.000000    0.000000    0.000000    0.000000    0.000000    0.000000
   5.60387    0.000000    0.000000    0.000000    0.000000    0.000000    0.000000    0.000000    0.000000    0.000000    0.000000    0.000000
   5.60987    0.000000    0.000000    0.000000    0.000000    0.000000    0.000000    0.000000    0.000000    0.000000    0.000000    0.000000
   5.61587    0.000000    0.000000    0.000000    0.000000    0.000000    0.000000    0.000000    0.000000    0.000000    0.000000    0.000000
   5.62187    0.000000    0.000000    0.000000    0.000000    0.000000    0.000000    0.000000    0.000000    0.000000    0.000000    0.000000
   5.62788    0.000000    0.000000    0.000000    0.000000    0.000000    0.000000    0.000000    0.000000    0.000000    0.000000    0.000000
   5.63388    0.000000    0.000000    0.000000    0.000000    0.000000    0.000000    0.000000    0.000000    0.000000    0.000000    0.000000
   5.63988    0.000000    0.000000    0.000000    0.000000    0.000000    0.000000    0.000000    0.000000    0.000000    0.000000    0.000000
   5.64588    0.000000    0.000000    0.000000    0.000000    0.000000    0.000000    0.000000    0.000000    0.000000    0.000000    0.000000
   5.65188    0.000000    0.000000    0.000000    0.000000    0.000000    0.000000    0.000000    0.000000    0.000000    0.000000    0.000000
   5.65789    0.000000    0.000000    0.000000    0.000000    0.000000    0.000000    0.000000    0.000000    0.000000    0.000000    0.000000
   5.66389    0.000000    0.000000    0.000000    0.000000    0.000000    0.000000    0.000000    0.000000    0.000000    0.000000    0.000000
   5.66989    0.000000    0.000000    0.000000    0.000000    0.000000    0.000000    0.000000    0.000000    0.000000    0.000000    0.000000
   5.67589    0.000000    0.000000    0.000000    0.000000    0.000000    0.000000    0.000000    0.000000    0.000000    0.000000    0.000000
   5.68189    0.000000    0.000000    0.000000    0.000000    0.000000    0.000000    0.000000    0.000000    0.000000    0.000000    0.000000
   5.68790    0.000000    0.000000    0.000000    0.000000    0.000000    0.000000    0.000000    0.000000    0.000000    0.000000    0.000000
   5.69390    0.000000    0.000000    0.000000    0.000000    0.000000    0.000000    0.000000    0.000000    0.000000    0.000000    0.000000
   5.69990    0.000000    0.000000    0.000000    0.000000    0.000000    0.000000    0.000000    0.000000    0.000000    0.000000    0.000000
   5.70590    0.000000    0.000000    0.000000    0.000000    0.000000    0.000000    0.000000    0.000000    0.000000    0.000000    0.000000
   5.71190    0.000000    0.000000    0.000000    0.000000    0.000000    0.000000    0.000000    0.000000    0.000000    0.000000    0.000000
   5.71791    0.000000    0.000000    0.000000    0.000000    0.000000    0.000000    0.000000    0.000000    0.000000    0.000000    0.000000
   5.72391    0.000000    0.000000    0.000000    0.000000    0.000000    0.000000    0.000000    0.000000    0.000000    0.000000    0.000000
   5.72991    0.000000    0.000000    0.000000    0.000000    0.000000    0.000000    0.000000    0.000000    0.000000    0.000000    0.000000
   5.73591    0.000000    0.000000    0.000000    0.000000    0.000000    0.000000    0.000000    0.000000    0.000000    0.000000    0.000000
   5.74191    0.000000    0.000000    0.000000    0.000000    0.000000    0.000000    0.000000    0.000000    0.000000    0.000000    0.000000
   5.74792    0.000000    0.000000    0.000000    0.000000    0.000000    0.000000    0.000000    0.000000    0.000000    0.000000    0.000000
   5.75392    0.000000    0.000000    0.000000    0.000000    0.000000    0.000000    0.000000    0.000000    0.000000    0.000000    0.000000
   5.75992    0.000000    0.000000    0.000000    0.000000    0.000000    0.000000    0.000000    0.000000    0.000000    0.000000    0.000000
   5.76592    0.000000    0.000000    0.000000    0.000000    0.000000    0.000000    0.000000    0.000000    0.000000    0.000000    0.000000
   5.77192    0.000000    0.000000    0.000000    0.000000    0.000000    0.000000    0.000000    0.000000    0.000000    0.000000    0.000000
   5.77793    0.000000    0.000000    0.000000    0.000000    0.000000    0.000000    0.000000    0.000000    0.000000    0.000000    0.000000
   5.78393    0.000000    0.000000    0.000000    0.000000    0.000000    0.000000    0.000000    0.000000    0.000000    0.000000    0.000000
   5.78993    0.000000    0.000000    0.000000    0.000000    0.000000    0.000000    0.000000    0.000000    0.000000    0.000000    0.000000
   5.79593    0.000000    0.000000    0.000000    0.000000    0.000000    0.000000    0.000000    0.000000    0.000000    0.000000    0.000000
   5.80193    0.000000    0.000000    0.000000    0.000000    0.000000    0.000000    0.000000    0.000000    0.000000    0.000000    0.000000
   5.80794    0.000000    0.000000    0.000000    0.000000    0.000000    0.000000    0.000000    0.000000    0.000000    0.000000    0.000000
   5.81394    0.000000    0.000000    0.000000    0.000000    0.000000    0.000000    0.000000    0.000000    0.000000    0.000000    0.000000
   5.81994    0.000000    0.000000    0.000000    0.000000    0.000000    0.000000    0.000000    0.000000    0.000000    0.000000    0.000000
   5.82594    0.000000    0.000000    0.000000    0.000000    0.000000    0.000000    0.000000    0.000000    0.000000    0.000000    0.000000
   5.83194    0.000000    0.000000    0.000000    0.000000    0.000000    0.000000    0.000000    0.000000    0.000000    0.000000    0.000000
   5.83795    0.000000    0.000000    0.000000    0.000000    0.000000    0.000000    0.000000    0.000000    0.000000    0.000000    0.000000
   5.84395    0.000000    0.000000    0.000000    0.000000    0.000000    0.000000    0.000000    0.000000    0.000000    0.000000    0.000000
   5.84995    0.000000    0.000000    0.000000    0.000000    0.000000    0.000000    0.000000    0.000000    0.000000    0.000000    0.000000
   5.85595    0.000000    0.000000    0.000000    0.000000    0.000000    0.000000    0.000000    0.000000    0.000000    0.000000    0.000000
   5.86195    0.000000    0.000000    0.000000    0.000000    0.000000    0.000000    0.000000    0.000000    0.000000    0.000000    0.000000
   5.86796    0.000000    0.000000    0.000000    0.000000    0.000000    0.000000    0.000000    0.000000    0.000000    0.000000    0.000000
   5.87396    0.000000    0.000000    0.000000    0.000000    0.000000    0.000000    0.000000    0.000000    0.000000    0.000000    0.000000
   5.87996    0.000000    0.000000    0.000000    0.000000    0.000000    0.000000    0.000000    0.000000    0.000000    0.000000    0.000000
   5.88596    0.000000    0.000000    0.000000    0.000000    0.000000    0.000000    0.000000    0.000000    0.000000    0.000000    0.000000
   5.89196    0.000000    0.000000    0.000000    0.000000    0.000000    0.000000    0.000000    0.000000    0.000000    0.000000    0.000000
   5.89797    0.000000    0.000000    0.000000    0.000000    0.000000    0.000000    0.000000    0.000000    0.000000    0.000000    0.000000
   5.90397    0.000000    0.000000    0.000000    0.000000    0.000000    0.000000    0.000000    0.000000    0.000000    0.000000    0.000000
   5.90997    0.000000    0.000000    0.000000    0.000000    0.000000    0.000000    0.000000    0.000000    0.000000    0.000000    0.000000
   5.91597    0.000000    0.000000    0.000000    0.000000    0.000000    0.000000    0.000000    0.000000    0.000000    0.000000    0.000000
   5.92197    0.000000    0.000000    0.000000    0.000000    0.000000    0.000000    0.000000    0.000000    0.000000    0.000000    0.000000
   5.92798    0.000000    0.000000    0.000000    0.000000    0.000000    0.000000    0.000000    0.000000    0.000000    0.000000    0.000000
   5.93398    0.000000    0.000000    0.000000    0.000000    0.000000    0.000000    0.000000    0.000000    0.000000    0.000000    0.000000
   5.93998    0.000000    0.000000    0.000000    0.000000    0.000000    0.000000    0.000000    0.000000    0.000000    0.000000    0.000000
   5.94598    0.000000    0.000000    0.000000    0.000000    0.000000    0.000000    0.000000    0.000000    0.000000    0.000000    0.000000
   5.95198    0.000000    0.000000    0.000000    0.000000    0.000000    0.000000    0.000000    0.000000    0.000000    0.000000    0.000000
   5.95799    0.000000    0.000000    0.000000    0.000000    0.000000    0.000000    0.000000    0.000000    0.000000    0.000000    0.000000
   5.96399    0.000000    0.000000    0.000000    0.000000    0.000000    0.000000    0.000000    0.000000    0.000000    0.000000    0.000000
   5.96999    0.000000    0.000000    0.000000    0.000000    0.000000    0.000000    0.000000    0.000000    0.000000    0.000000    0.000000
   5.97599    0.000000    0.000000    0.000000    0.000000    0.000000    0.000000    0.000000    0.000000    0.000000    0.000000    0.000000
   5.98199    0.000000    0.000000    0.000000    0.000000    0.000000    0.000000    0.000000    0.000000    0.000000    0.000000    0.000000
   5.98800    0.000000    0.000000    0.000000    0.000000    0.000000    0.000000    0.000000    0.000000    0.000000    0.000000    0.000000
   5.99400    0.000000    0.000000    0.000000    0.000000    0.000000    0.000000    0.000000    0.000000    0.000000    0.000000    0.000000
   6.00000    0.000000    0.000000    0.000000    0.000000    0.000000    0.000000    0.000000    0.000000    0.000000    0.000000    0.000000
